Setting constant concentration for Diatoms @ 20
Setting constant concentration for HAB @ 20
No initial condition for this pressure gradient --> using default!
Using initial condition from initial_condition/initial_condition-pressure=2.00e-07.csv
         150692517 function calls (150666987 primitive calls) in 294.683 seconds

   Ordered by: cumulative time

   ncalls  tottime  percall  cumtime  percall filename:lineno(function)
    733/1    0.005    0.000  294.685  294.685 {built-in method builtins.exec}
        1    1.129    1.129  294.685  294.685 watercolumn-sw_2species.py:1(<module>)
   259199   37.784    0.000  279.634    0.001 watercolumn-sw_2species.py:285(wc_advance)
  1295995  125.434    0.000  125.824    0.000 watercolumn_lib.py:86(TDMA)
   259199   21.894    0.000   83.808    0.000 phytoplankton.py:122(calc_self_shading)
 20735922   13.263    0.000   60.073    0.000 fromnumeric.py:2177(sum)
 20735922   16.346    0.000   44.634    0.000 fromnumeric.py:71(_wrapreduction)
      106    0.002    0.000   26.940    0.254 __init__.py:1(<module>)
 20735923   25.755    0.000   25.755    0.000 {method 'reduce' of 'numpy.ufunc' objects}
    846/7    0.005    0.000   13.914    1.988 <frozen importlib._bootstrap>:1349(_find_and_load)
    842/7    0.003    0.000   13.914    1.988 <frozen importlib._bootstrap>:1304(_find_and_load_unlocked)
    810/7    0.003    0.000   13.646    1.949 <frozen importlib._bootstrap>:911(_load_unlocked)
    705/6    0.002    0.000   13.632    2.272 <frozen importlib._bootstrap_external>:989(exec_module)
  1954/15    0.002    0.000   13.398    0.893 <frozen importlib._bootstrap>:480(_call_with_frames_removed)
   534/63    0.001    0.000   10.208    0.162 {built-in method builtins.__import__}
   518398    8.446    0.000    9.335    0.000 watercolumn_lib.py:332(advance_algae)
 1125/434    0.002    0.000    9.260    0.021 <frozen importlib._bootstrap>:1390(_handle_fromlist)
      705    0.006    0.000    7.222    0.010 <frozen importlib._bootstrap_external>:1062(get_code)
      705    0.002    0.000    5.855    0.008 <frozen importlib._bootstrap_external>:1183(get_data)
     3316    5.240    0.002    5.240    0.002 {built-in method posix.stat}
     3289    0.002    0.000    5.225    0.002 <frozen importlib._bootstrap_external>:140(_path_stat)
        1    0.000    0.000    5.128    5.128 watercolumn_lib.py:1(<module>)
   259199    4.443    0.000    4.947    0.000 watercolumn_lib.py:374(advance_velocity)
      840    0.006    0.000    4.329    0.005 <frozen importlib._bootstrap>:1240(_find_spec)
      835    0.001    0.000    4.317    0.005 <frozen importlib._bootstrap_external>:1520(find_spec)
      835    0.002    0.000    4.316    0.005 <frozen importlib._bootstrap_external>:1491(_get_spec)
     1254    0.010    0.000    4.146    0.003 <frozen importlib._bootstrap_external>:1593(find_spec)
  2332791    1.428    0.000    3.669    0.000 watercolumn_lib.py:79(initialize_abcd)
      705    3.086    0.004    3.086    0.004 {built-in method _io.open_code}
       10    0.000    0.000    2.992    0.299 api.py:1(<module>)
   259200    2.927    0.000    2.927    0.000 watercolumn-sw_2species.py:175(calculate_sm)
 11404773    2.864    0.000    2.864    0.000 {built-in method numpy.zeros}
   518398    0.835    0.000    2.659    0.000 phytoplankton.py:87(get_loss_and_growth)
     1233    0.001    0.000    2.619    0.002 <frozen importlib._bootstrap_external>:150(_path_is_mode_type)
     1134    0.001    0.000    2.558    0.002 <frozen importlib._bootstrap_external>:159(_path_isfile)
 20736874    2.533    0.000    2.533    0.000 {method 'items' of 'dict' objects}
   260999    2.444    0.000    2.444    0.000 {built-in method builtins.sum}
      710    2.386    0.003    2.386    0.003 {method 'read' of '_io.BufferedReader' objects}
20826311/20826310    2.189    0.000    2.191    0.000 {built-in method builtins.isinstance}
        1    0.000    0.000    2.155    2.155 watercolumn_run_lib.py:1(<module>)
   259199    1.837    0.000    2.133    0.000 watercolumn-sw_2species.py:184(calculate_brunt_vaisala)
        1    0.000    0.000    1.991    1.991 pyplot.py:1(<module>)
   518398    1.824    0.000    1.824    0.000 phytoplankton.py:66(monod_growth_rate)
 20735922    1.765    0.000    1.765    0.000 fromnumeric.py:2172(_sum_dispatcher)
        3    0.000    0.000    1.523    0.508 generic.py:1(<module>)
   777598    1.462    0.000    1.462    0.000 _methods.py:90(_clip)
   259199    0.591    0.000    1.445    0.000 watercolumn_lib.py:66(diurnal_light)
  810/804    0.001    0.000    1.426    0.002 <frozen importlib._bootstrap>:806(module_from_spec)
    97/96    0.000    0.000    1.408    0.015 <frozen importlib._bootstrap_external>:1287(create_module)
    97/96    1.347    0.014    1.407    0.015 {built-in method _imp.create_dynamic}
   518399    0.305    0.000    1.291    0.000 {method 'clip' of 'numpy.ndarray' objects}
   259200    1.273    0.000    1.273    0.000 watercolumn-sw_2species.py:181(calculate_sh)
        1    0.000    0.000    1.237    1.237 assertions.py:1(<module>)
      705    0.001    0.000    1.235    0.002 <frozen importlib._bootstrap_external>:1202(path_stats)
   259200    0.262    0.000    1.213    0.000 fromnumeric.py:2100(clip)
        1    0.000    0.000    1.209    1.209 rcsetup.py:1(<module>)
        1    0.000    0.000    1.001    1.001 colors.py:1(<module>)
  3110390    0.981    0.000    0.981    0.000 {built-in method builtins.abs}
        1    0.000    0.000    0.964    0.964 colorbar.py:1(<module>)
   259200    0.174    0.000    0.951    0.000 fromnumeric.py:53(_wrapfunc)
        1    0.000    0.000    0.904    0.904 pyarrow.py:1(<module>)
   259199    0.378    0.000    0.854    0.000 {method 'clip' of 'numpy.generic' objects}
        1    0.000    0.000    0.809    0.809 contour.py:1(<module>)
        1    0.000    0.000    0.802    0.802 __config__.py:1(<module>)
        1    0.000    0.000    0.796    0.796 backend_bases.py:1(<module>)
        1    0.000    0.000    0.757    0.757 frame.py:1(<module>)
    97/62    0.000    0.000    0.705    0.011 <frozen importlib._bootstrap_external>:1295(exec_module)
    97/62    0.049    0.001    0.704    0.011 {built-in method _imp.exec_dynamic}
        1    0.000    0.000    0.667    0.667 figure.py:1(<module>)
        1    0.000    0.000    0.534    0.534 Image.py:1(<module>)
1952/1838    0.022    0.000    0.447    0.000 {built-in method builtins.__build_class__}
        1    0.000    0.000    0.436    0.436 coordinates.py:1(<module>)
        1    0.000    0.000    0.428    0.428 text.py:1(<module>)
        2    0.000    0.000    0.427    0.214 array.py:1(<module>)
        1    0.000    0.000    0.420    0.420 numerictypes.py:1(<module>)
        1    0.000    0.000    0.413    0.413 alignment.py:1(<module>)
        1    0.000    0.000    0.409    0.409 _type_aliases.py:1(<module>)
      740    0.409    0.001    0.409    0.001 {method '__exit__' of '_io._IOBase' objects}
        1    0.000    0.000    0.402    0.402 variable.py:1(<module>)
        1    0.000    0.000    0.367    0.367 py3k.py:1(<module>)
        1    0.000    0.000    0.352    0.352 _json.py:1(<module>)
        1    0.000    0.000    0.344    0.344 _axes.py:1(<module>)
        1    0.000    0.000    0.336    0.336 tutorial.py:1(<module>)
      105    0.307    0.003    0.307    0.003 {built-in method posix.listdir}
        1    0.000    0.000    0.302    0.302 font_manager.py:1(<module>)
        1    0.000    0.000    0.293    0.293 pathlib.py:1(<module>)
       97    0.000    0.000    0.293    0.003 <frozen importlib._bootstrap_external>:1644(_fill_cache)
        4    0.001    0.000    0.285    0.071 core.py:1(<module>)
        1    0.000    0.000    0.284    0.284 readers.py:1(<module>)
        1    0.000    0.000    0.245    0.245 decoder.py:1(<module>)
       30    0.061    0.002    0.241    0.008 __init__.py:847(_rc_params_in_file)
        1    0.000    0.000    0.237    0.237 shutil.py:1(<module>)
       11    0.000    0.000    0.234    0.021 common.py:1(<module>)
      105    0.003    0.000    0.226    0.002 artist.py:159(_update_set_signature_and_docstring)
        1    0.000    0.000    0.226    0.226 scanner.py:1(<module>)
      104    0.000    0.000    0.222    0.002 artist.py:126(__init_subclass__)
        3    0.000    0.000    0.220    0.073 indexing.py:1(<module>)
        1    0.000    0.000    0.219    0.219 parse.py:1(<module>)
        2    0.000    0.000    0.203    0.102 core.py:206(read_style_directory)
        2    0.000    0.000    0.203    0.101 _adapters.py:1(<module>)
        1    0.000    0.000    0.194    0.194 dataarray.py:1(<module>)
      577    0.000    0.000    0.185    0.000 {built-in method builtins.next}
        1    0.000    0.000    0.185    0.185 index_tricks.py:1(<module>)
      117    0.000    0.000    0.175    0.001 artist.py:1837(kwdoc)
        1    0.000    0.000    0.172    0.172 _fontconfig_pattern.py:1(<module>)
     1388    0.001    0.000    0.168    0.000 <frozen importlib._bootstrap_external>:1469(_path_importer_cache)
        1    0.000    0.000    0.168    0.168 duck_array_ops.py:1(<module>)
       97    0.000    0.000    0.167    0.002 <frozen importlib._bootstrap_external>:1456(_path_hooks)
       60    0.000    0.000    0.161    0.003 __init__.py:829(_open_file_or_url)
        1    0.000    0.000    0.157    0.157 message.py:1(<module>)
        2    0.000    0.000    0.154    0.077 _base.py:1(<module>)
      117    0.004    0.000    0.148    0.001 artist.py:1598(pprint_setters)
        1    0.000    0.000    0.145    0.145 _pickle.py:1(<module>)
        1    0.000    0.000    0.144    0.144 defmatrix.py:1(<module>)
       38    0.143    0.004    0.143    0.004 {built-in method _io.open}
        1    0.000    0.000    0.141    0.141 h5netcdf_.py:1(<module>)
        1    0.000    0.000    0.139    0.139 dask_array_ops.py:1(<module>)
       58    0.000    0.000    0.136    0.002 contextlib.py:132(__enter__)
        7    0.000    0.000    0.136    0.019 utils.py:1(<module>)
        1    0.000    0.000    0.127    0.127 describe.py:1(<module>)
        1    0.000    0.000    0.127    0.127 netCDF4_.py:1(<module>)
     4252    0.009    0.000    0.121    0.000 artist.py:1470(get_valid_values)
        1    0.000    0.000    0.117    0.117 collections.py:1(<module>)
        2    0.000    0.000    0.117    0.058 accessors.py:1(<module>)
       11    0.000    0.000    0.116    0.011 __init__.py:73(import_module)
       11    0.000    0.000    0.116    0.011 <frozen importlib._bootstrap>:1375(_gcd_import)
        3    0.000    0.000    0.115    0.038 datetimes.py:1(<module>)
        1    0.000    0.000    0.114    0.114 algorithms.py:1(<module>)
      705    0.033    0.000    0.114    0.000 <frozen importlib._bootstrap_external>:751(_compile_bytecode)
        1    0.000    0.000    0.114    0.114 masked.py:1(<module>)
        1    0.000    0.000    0.111    0.111 compute.py:1(<module>)
        1    0.000    0.000    0.111    0.111 linalg.py:1(<module>)
        2    0.000    0.000    0.111    0.055 format.py:1(<module>)
        2    0.000    0.000    0.108    0.054 category.py:1(<module>)
        1    0.000    0.000    0.107    0.107 series.py:1(<module>)
   518399    0.105    0.000    0.105    0.000 {built-in method math.sqrt}
       97    0.000    0.000    0.104    0.001 <frozen zipimport>:64(__init__)
        1    0.000    0.000    0.102    0.102 multiarray.py:1(<module>)
        1    0.000    0.000    0.096    0.096 overrides.py:1(<module>)
        7    0.000    0.000    0.090    0.013 base.py:1(<module>)
        1    0.000    0.000    0.089    0.089 ewm.py:1(<module>)
     7303    0.049    0.000    0.088    0.000 inspect.py:875(cleandoc)
        1    0.000    0.000    0.085    0.085 PngImagePlugin.py:1(<module>)
        2    0.000    0.000    0.084    0.042 pickle.py:1(<module>)
     7315    0.005    0.000    0.083    0.000 inspect.py:856(getdoc)
        1    0.000    0.000    0.081    0.081 scale.py:1(<module>)
        3    0.000    0.000    0.080    0.027 dtypes.py:1(<module>)
        1    0.000    0.000    0.080    0.080 secrets.py:1(<module>)
      705    0.080    0.000    0.080    0.000 {built-in method marshal.loads}
        1    0.000    0.000    0.079    0.079 nputils.py:1(<module>)
   340772    0.078    0.000    0.078    0.000 {built-in method builtins.getattr}
        1    0.000    0.000    0.077    0.077 calendar_ops.py:1(<module>)
        1    0.000    0.000    0.075    0.075 ticker.py:1(<module>)
        1    0.000    0.000    0.074    0.074 file_manager.py:1(<module>)
        4    0.000    0.000    0.070    0.017 utils.py:38(module_available)
        1    0.000    0.000    0.069    0.069 layout_engine.py:1(<module>)
        2    0.000    0.000    0.069    0.034 transforms.py:1(<module>)
        1    0.000    0.000    0.069    0.069 _base.py:1435(ExcelFile)
        1    0.000    0.000    0.068    0.068 cftime_offsets.py:1(<module>)
        1    0.000    0.000    0.068    0.068 _constants.py:1(<module>)
        2    0.000    0.000    0.067    0.033 testing.py:1(<module>)
        1    0.000    0.000    0.067    0.067 axes3d.py:1(<module>)
        1    0.000    0.000    0.066    0.066 __init__.py:240(_check_versions)
        1    0.000    0.000    0.065    0.065 subprocess.py:1(<module>)
        2    0.000    0.000    0.064    0.032 __init__.py:882(version)
       97    0.000    0.000    0.063    0.001 <frozen importlib._bootstrap_external>:1685(path_hook_for_FileFinder)
       99    0.000    0.000    0.063    0.001 <frozen importlib._bootstrap_external>:164(_path_isdir)
        1    0.000    0.000    0.062    0.062 locks.py:1(<module>)
        4    0.000    0.000    0.062    0.015 ops.py:1(<module>)
        1    0.000    0.000    0.061    0.061 dataset.py:1(<module>)
        1    0.000    0.000    0.060    0.060 array_ops.py:1(<module>)
        2    0.000    0.000    0.060    0.030 categorical.py:1(<module>)
      223    0.000    0.000    0.060    0.000 artist.py:1422(__init__)
      223    0.019    0.000    0.059    0.000 artist.py:1442(get_aliases)
        1    0.000    0.000    0.058    0.058 string_.py:1(<module>)
        1    0.000    0.000    0.058    0.058 _parser.py:1(<module>)
     8959    0.006    0.000    0.054    0.000 __init__.py:280(_compile)
        1    0.000    0.000    0.053    0.053 formatting.py:1(<module>)
        1    0.000    0.000    0.053    0.053 datatree.py:1(<module>)
        1    0.000    0.000    0.052    0.052 textpath.py:1(<module>)
        3    0.000    0.000    0.052    0.017 numeric.py:1(<module>)
        1    0.000    0.000    0.049    0.049 cftimeindex.py:1(<module>)
15217/15183    0.004    0.000    0.049    0.000 {built-in method builtins.hasattr}
        1    0.000    0.000    0.048    0.048 cast.py:1(<module>)
        1    0.000    0.000    0.047    0.047 ImagePalette.py:1(<module>)
        2    0.000    0.000    0.045    0.023 interval.py:1(<module>)
        1    0.000    0.000    0.045    0.045 eval.py:1(<module>)
        1    0.001    0.001    0.044    0.044 compute.py:306(_make_global_functions)
        2    0.000    0.000    0.044    0.022 __init__.py:12(__getattr__)
      246    0.001    0.000    0.044    0.000 _compiler.py:740(compile)
      261    0.001    0.000    0.043    0.000 compute.py:290(_wrap_function)
        2    0.000    0.000    0.043    0.022 times.py:1(<module>)
        2    0.000    0.000    0.043    0.022 datetimelike.py:1(<module>)
        4    0.000    0.000    0.043    0.011 accessor.py:1(<module>)
        1    0.000    0.000    0.042    0.042 patches.py:1(<module>)
        2    0.000    0.000    0.040    0.020 __init__.py:464(version)
        2    0.000    0.000    0.040    0.020 __init__.py:436(metadata)
   259200    0.039    0.000    0.039    0.000 fromnumeric.py:2096(_clip_dispatcher)
        1    0.000    0.000    0.039    0.039 numpy_.py:1(<module>)
      223    0.012    0.000    0.039    0.000 artist.py:1517(get_setters)
        2    0.000    0.000    0.038    0.019 shape_base.py:1(<module>)
        1    0.000    0.000    0.037    0.037 apply.py:1(<module>)
        1    0.000    0.000    0.037    0.037 backend_tools.py:1(<module>)
        2    0.000    0.000    0.036    0.018 ElementTree.py:1(<module>)
        1    0.001    0.001    0.035    0.035 helpers.py:1(<module>)
     1484    0.005    0.000    0.035    0.000 textwrap.py:419(dedent)
        1    0.000    0.000    0.035    0.035 charset.py:1(<module>)
     5768    0.003    0.000    0.034    0.000 __init__.py:174(search)
        1    0.000    0.000    0.034    0.034 hmac.py:1(<module>)
        9    0.000    0.000    0.033    0.004 _base.py:729(__init_subclass__)
      844    0.001    0.000    0.033    0.000 inspect.py:3308(signature)
        1    0.000    0.000    0.033    0.033 fromnumeric.py:1(<module>)
      844    0.001    0.000    0.032    0.000 inspect.py:3050(from_callable)
        2    0.000    0.000    0.032    0.016 sysconfig.py:190(_safe_realpath)
        2    0.000    0.000    0.032    0.016 <frozen posixpath>:431(realpath)
      5/2    0.000    0.000    0.032    0.016 <frozen posixpath>:440(_joinrealpath)
        2    0.000    0.000    0.032    0.016 __init__.py:31(message_from_string)
       24    0.031    0.001    0.031    0.001 {built-in method posix.lstat}
 1171/844    0.005    0.000    0.031    0.000 inspect.py:2470(_signature_from_callable)
        1    0.000    0.000    0.031    0.031 _internal.py:1(<module>)
        1    0.000    0.000    0.031    0.031 arithmetic.py:1(<module>)
        1    0.000    0.000    0.031    0.031 cm.py:1(<module>)
      261    0.002    0.000    0.030    0.000 compute.py:120(_decorate_compute_function)
        1    0.000    0.000    0.029    0.029 melt.py:1(<module>)
        1    0.000    0.000    0.029    0.029 axis.py:1(<module>)
        1    0.000    0.000    0.028    0.028 context.py:1(<module>)
      246    0.001    0.000    0.027    0.000 _parser.py:969(parse)
        1    0.000    0.000    0.027    0.027 _methods.py:1(<module>)
        1    0.000    0.000    0.026    0.026 legend.py:1(<module>)
  589/246    0.001    0.000    0.026    0.000 _parser.py:452(_parse_sub)
      320    0.000    0.000    0.026    0.000 __init__.py:226(compile)
        3    0.000    0.000    0.026    0.009 util.py:1(<module>)
        1    0.000    0.000    0.025    0.025 _policybase.py:1(<module>)
  661/252    0.010    0.000    0.025    0.000 _parser.py:512(_parse)
       58    0.000    0.000    0.025    0.000 contextlib.py:141(__exit__)
        1    0.000    0.000    0.025    0.025 engines.py:1(<module>)
      136    0.000    0.000    0.025    0.000 _docstring.py:38(__call__)
  126/115    0.000    0.000    0.024    0.000 _docstring.py:79(__call__)
        1    0.000    0.000    0.024    0.024 art3d.py:1(<module>)
        2    0.000    0.000    0.024    0.012 __init__.py:856(distribution)
        2    0.000    0.000    0.024    0.012 __init__.py:383(from_name)
       12    0.000    0.000    0.024    0.002 __init__.py:794(<genexpr>)
       12    0.000    0.000    0.024    0.002 __init__.py:692(search)
        2    0.000    0.000    0.023    0.012 polynomial.py:1(<module>)
        1    0.000    0.000    0.023    0.023 _globals.py:1(<module>)
       97    0.000    0.000    0.022    0.000 compute.py:113(_scrape_options_class_doc)
  739/656    0.001    0.000    0.022    0.000 typing.py:392(inner)
        1    0.000    0.000    0.022    0.022 sysconfig.py:1(<module>)
       97    0.000    0.000    0.022    0.000 docscrape.py:146(__init__)
        1    0.000    0.000    0.021    0.021 lines.py:1(<module>)
        1    0.000    0.000    0.021    0.021 _ufunc_config.py:1(<module>)
     1790    0.006    0.000    0.021    0.000 <frozen importlib._bootstrap>:304(acquire)
      830    0.007    0.000    0.020    0.000 inspect.py:2366(_signature_from_function)
        2    0.000    0.000    0.020    0.010 dates.py:1(<module>)
       12    0.000    0.000    0.020    0.002 _docstring.py:51(__missing__)
        1    0.000    0.000    0.020    0.020 config.py:1(<module>)
        1    0.000    0.000    0.019    0.019 tz.py:1(<module>)
        1    0.000    0.000    0.019    0.019 path.py:1(<module>)
        1    0.000    0.000    0.018    0.018 <frozen importlib._bootstrap>:1171(exec_module)
        1    0.000    0.000    0.018    0.018 <frozen ntpath>:1(<module>)
        1    0.000    0.000    0.018    0.018 dataarray_plot.py:1(<module>)
        2    0.000    0.000    0.018    0.009 sysconfig.py:735(get_config_var)
      4/3    0.000    0.000    0.018    0.006 sysconfig.py:705(get_config_vars)
        1    0.000    0.000    0.018    0.018 sysconfig.py:639(_init_config_vars)
        3    0.000    0.000    0.018    0.006 _optional.py:85(import_optional_dependency)
        8    0.000    0.000    0.018    0.002 __init__.py:701(lookup)
        8    0.001    0.000    0.018    0.002 __init__.py:707(__init__)
        1    0.000    0.000    0.018    0.018 groupby.py:1(<module>)
        1    0.000    0.000    0.018    0.018 npyio.py:1(<module>)
        1    0.000    0.000    0.017    0.017 array_manager.py:1(<module>)
        1    0.000    0.000    0.017    0.017 image.py:1(<module>)
   121186    0.017    0.000    0.017    0.000 {method 'startswith' of 'str' objects}
     7680    0.009    0.000    0.016    0.000 inspect.py:2712(__init__)
        1    0.000    0.000    0.016    0.016 _axes.py:46(Axes)
        1    0.000    0.000    0.016    0.016 geo.py:1(<module>)
        4    0.000    0.000    0.016    0.004 _common.py:1(<module>)
        1    0.000    0.000    0.016    0.016 docscrape.py:1(<module>)
       16    0.000    0.000    0.016    0.001 _functools.py:75(wrapper)
        1    0.000    0.000    0.016    0.016 grouper.py:1(<module>)
     3443    0.015    0.000    0.015    0.000 {method 'sub' of 're.Pattern' objects}
        1    0.000    0.000    0.015    0.015 rrule.py:1(<module>)
     9968    0.015    0.000    0.015    0.000 {method 'search' of 're.Pattern' objects}
      842    0.001    0.000    0.015    0.000 <frozen importlib._bootstrap>:416(__enter__)
        1    0.000    0.000    0.015    0.015 arrow_parser_wrapper.py:1(<module>)
        4    0.000    0.000    0.015    0.004 exceptions.py:1(<module>)
      948    0.002    0.000    0.015    0.000 <frozen importlib._bootstrap>:463(_lock_unlock_module)
      810    0.003    0.000    0.015    0.000 <frozen importlib._bootstrap>:733(_init_module_attrs)
        1    0.000    0.000    0.015    0.015 cbook.py:1(<module>)
      450    0.015    0.000    0.015    0.000 {built-in method builtins.dir}
        1    0.000    0.000    0.015    0.015 uuid.py:1(<module>)
        8    0.000    0.000    0.015    0.002 __init__.py:678(children)
      246    0.000    0.000    0.015    0.000 _compiler.py:573(_code)
        1    0.000    0.000    0.015    0.015 base64.py:1(<module>)
172837/171372    0.014    0.000    0.015    0.000 {built-in method builtins.len}
      973    0.001    0.000    0.014    0.000 __init__.py:711(__setitem__)
        1    0.000    0.000    0.014    0.014 offsetbox.py:1(<module>)
        1    0.000    0.000    0.014    0.014 random.py:1(<module>)
        1    0.000    0.000    0.014    0.014 _constrained_layout.py:1(<module>)
     1410    0.005    0.000    0.014    0.000 <frozen importlib._bootstrap_external>:482(cache_from_source)
        4    0.000    0.000    0.014    0.003 <frozen importlib.util>:71(find_spec)
        1    0.000    0.000    0.013    0.013 mathtext.py:1(<module>)
        1    0.000    0.000    0.013    0.013 string_arrow.py:1(<module>)
      270    0.001    0.000    0.013    0.000 _decorators.py:363(decorator)
        1    0.000    0.000    0.013    0.013 from_dataframe.py:1(<module>)
        1    0.000    0.000    0.013    0.013 datatree_ops.py:1(<module>)
        3    0.000    0.000    0.013    0.004 datatree_ops.py:173(_wrap_then_attach_to_cls)
        1    0.000    0.000    0.013    0.013 units.py:1(<module>)
6409/5902    0.006    0.000    0.012    0.000 {built-in method __new__ of type object at 0x55d73d285660}
        1    0.000    0.000    0.012    0.012 polar.py:1(<module>)
       97    0.001    0.000    0.012    0.000 docscrape.py:384(_parse)
      125    0.000    0.000    0.012    0.000 datatree_ops.py:220(insert_doc_addendum)
      437    0.000    0.000    0.012    0.000 artist.py:1536(number_of_parameters)
        1    0.000    0.000    0.012    0.012 watercolumn_lib.py:46(check_initial_condition)
      261    0.001    0.000    0.011    0.000 compute.py:267(_make_signature)
 1384/246    0.005    0.000    0.011    0.000 _compiler.py:37(_compile)
      143    0.000    0.000    0.011    0.000 _decorators.py:484(__call__)
     6705    0.007    0.000    0.011    0.000 <frozen importlib._bootstrap_external>:126(_path_join)
  230/207    0.000    0.000    0.011    0.000 typing.py:508(__getitem__)
       94    0.001    0.000    0.011    0.000 __init__.py:1391(_preprocess_data)
     1507    0.001    0.000    0.010    0.000 <frozen importlib._bootstrap>:632(cached)
      127    0.000    0.000    0.010    0.000 textwrap.py:386(fill)
     1947    0.001    0.000    0.010    0.000 __init__.py:179(sub)
    78451    0.010    0.000    0.010    0.000 {method 'lstrip' of 'str' objects}
     1484    0.010    0.000    0.010    0.000 {method 'findall' of 're.Pattern' objects}
        1    0.000    0.000    0.010    0.010 bz2.py:1(<module>)
      127    0.000    0.000    0.010    0.000 textwrap.py:361(fill)
      207    0.001    0.000    0.010    0.000 typing.py:687(Union)
        2    0.000    0.000    0.010    0.005 version.py:1(<module>)
      127    0.000    0.000    0.010    0.000 textwrap.py:347(wrap)
        1    0.000    0.000    0.010    0.010 readers.py:868(read_csv)
        1    0.000    0.000    0.010    0.010 readers.py:583(_read)
     1790    0.002    0.000    0.010    0.000 <frozen importlib._bootstrap>:162(__enter__)
      497    0.002    0.000    0.010    0.000 typing.py:1242(__init__)
22381/22372    0.008    0.000    0.010    0.000 {method 'join' of 'str' objects}
        1    0.000    0.000    0.010    0.010 expat.py:1(<module>)
        2    0.000    0.000    0.010    0.005 nanops.py:1(<module>)
      802    0.001    0.000    0.010    0.000 <frozen importlib._bootstrap_external>:611(_get_cached)
      954    0.000    0.000    0.010    0.000 artist.py:1542(is_alias)
        4    0.000    0.000    0.009    0.002 concat.py:1(<module>)
        1    0.000    0.000    0.009    0.009 hashlib.py:1(<module>)
       14    0.000    0.000    0.009    0.001 hashlib.py:126(__get_openssl_constructor)
        2    0.000    0.000    0.009    0.004 hashlib.py:82(__get_builtin_constructor)
        1    0.000    0.000    0.009    0.009 queue.py:1(<module>)
        1    0.000    0.000    0.009    0.009 expressions.py:1(<module>)
        1    0.000    0.000    0.009    0.009 scimath.py:1(<module>)
    55229    0.009    0.000    0.009    0.000 {built-in method builtins.min}
       49    0.001    0.000    0.009    0.000 enum.py:528(__new__)
     4252    0.004    0.000    0.008    0.000 artist.py:1555(aliased_name)
        1    0.000    0.000    0.008    0.008 socket.py:1(<module>)
        1    0.000    0.000    0.008    0.008 pydoc.py:1(<module>)
    57818    0.008    0.000    0.008    0.000 {method 'append' of 'list' objects}
     1449    0.006    0.000    0.008    0.000 inspect.py:2998(__init__)
        1    0.000    0.000    0.008    0.008 axis3d.py:1(<module>)
        2    0.000    0.000    0.008    0.004 __init__.py:811(read_text)
        2    0.000    0.000    0.008    0.004 pathlib.py:1022(read_text)
        1    0.000    0.000    0.008    0.008 datetime.py:1(<module>)
        1    0.000    0.000    0.008    0.008 facetgrid.py:1(<module>)
        3    0.000    0.000    0.008    0.003 _typing.py:1(<module>)
        1    0.000    0.000    0.008    0.008 heapq.py:1(<module>)
  3686/97    0.003    0.000    0.008    0.000 copy.py:118(deepcopy)
        1    0.000    0.000    0.008    0.008 take.py:1(<module>)
   194/97    0.001    0.000    0.007    0.000 copy.py:217(_deepcopy_dict)
     1790    0.003    0.000    0.007    0.000 <frozen importlib._bootstrap>:124(setdefault)
        1    0.000    0.000    0.007    0.007 quiver.py:1(<module>)
        1    0.000    0.000    0.007    0.007 asserters.py:1(<module>)
        1    0.000    0.000    0.007    0.007 expr.py:1(<module>)
        1    0.000    0.000    0.007    0.007 readers.py:1575(__init__)
        2    0.000    0.000    0.007    0.004 pytables.py:1(<module>)
        1    0.000    0.000    0.007    0.007 readers.py:1848(_make_engine)
       30    0.000    0.000    0.007    0.000 pathlib.py:1081(glob)
      317    0.000    0.000    0.007    0.000 function_base.py:497(add_newdoc)
        1    0.000    0.000    0.007    0.007 _add_newdocs.py:1(<module>)
       18    0.000    0.000    0.007    0.000 rcsetup.py:799(validate_cycler)
       75    0.004    0.000    0.007    0.000 {built-in method builtins.eval}
        1    0.000    0.000    0.007    0.007 datatree_ops.py:270(MappedDatasetMethodsMixin)
      127    0.004    0.000    0.007    0.000 textwrap.py:238(_wrap_chunks)
        1    0.000    0.000    0.006    0.006 _afm.py:1(<module>)
        1    0.000    0.000    0.006    0.006 lzma.py:1(<module>)
        1    0.000    0.000    0.006    0.006 ExifTags.py:1(<module>)
        1    0.000    0.000    0.006    0.006 common.py:664(get_handle)
     1198    0.003    0.000    0.006    0.000 functools.py:35(update_wrapper)
      968    0.002    0.000    0.006    0.000 typing.py:175(_type_check)
        1    0.000    0.000    0.006    0.006 font_manager.py:1564(_load_fontmanager)
        1    0.000    0.000    0.006    0.006 frame.py:509(DataFrame)
        1    0.000    0.000    0.006    0.006 common.py:8(pyparsing_common)
       57    0.002    0.000    0.006    0.000 __init__.py:355(namedtuple)
      243    0.001    0.000    0.006    0.000 <frozen abc>:105(__new__)
        1    0.000    0.000    0.006    0.006 tarfile.py:1(<module>)
        4    0.000    0.000    0.006    0.001 missing.py:1(<module>)
        1    0.000    0.000    0.006    0.006 struct.py:1(<module>)
        1    0.000    0.000    0.006    0.006 decimal.py:1(<module>)
        1    0.000    0.000    0.006    0.006 _mixins.py:1(<module>)
        1    0.000    0.000    0.006    0.006 _mathtext.py:1(<module>)
       97    0.001    0.000    0.006    0.000 docscrape.py:228(_parse_param_list)
       15    0.000    0.000    0.006    0.000 core.py:618(set_parse_action)
       19    0.000    0.000    0.006    0.000 core.py:269(_trim_arity)
      317    0.001    0.000    0.006    0.000 overrides.py:142(decorator)
      803    0.001    0.000    0.006    0.000 <frozen importlib._bootstrap_external>:1588(_get_spec)
     8199    0.003    0.000    0.006    0.000 enum.py:726(__call__)
        6    0.000    0.000    0.006    0.001 pathlib.py:870(is_dir)
        1    0.000    0.000    0.006    0.006 traceback.py:221(extract_stack)
        6    0.000    0.000    0.006    0.001 pathlib.py:835(stat)
        1    0.000    0.000    0.006    0.006 traceback.py:377(extract)
        1    0.000    0.000    0.006    0.006 traceback.py:399(_extract_from_extended_frame_gen)
       38    0.000    0.000    0.005    0.000 traceback.py:318(line)
       48    0.000    0.000    0.005    0.000 __init__.py:1347(_add_data_doc)
       12    0.000    0.000    0.005    0.000 __init__.py:695(mtime)
        1    0.000    0.000    0.005    0.005 sysconfig.py:532(_init_posix)
        2    0.000    0.000    0.005    0.003 linecache.py:26(getline)
        2    0.000    0.000    0.005    0.003 linecache.py:36(getlines)
        1    0.000    0.000    0.005    0.005 linecache.py:80(updatecache)
        2    0.000    0.000    0.005    0.003 _aggregations.py:1(<module>)
      504    0.003    0.000    0.005    0.000 enum.py:254(__set_name__)
        2    0.000    0.000    0.005    0.003 function_base.py:1(<module>)
        1    0.000    0.000    0.005    0.005 twodim_base.py:1(<module>)
        1    0.000    0.000    0.005    0.005 relativedelta.py:1(<module>)
        1    0.000    0.000    0.005    0.005 datatree_ops.py:298(DataTreeArithmeticMixin)
     1410    0.002    0.000    0.005    0.000 <frozen importlib._bootstrap_external>:132(_path_split)
        1    0.000    0.000    0.005    0.005 align.py:1(<module>)
        3    0.000    0.000    0.005    0.002 patches.py:2211(__init_subclass__)
        6    0.000    0.000    0.005    0.001 patches.py:2253(pprint_styles)
     9824    0.005    0.000    0.005    0.000 {method 'split' of 'str' objects}
        2    0.000    0.000    0.005    0.003 common.py:1165(_is_binary_mode)
     1790    0.003    0.000    0.005    0.000 <frozen importlib._bootstrap>:372(release)
        1    0.000    0.000    0.005    0.005 generic.py:244(NDFrame)
        1    0.000    0.000    0.005    0.005 common.py:1186(_get_binary_io_classes)
     1790    0.003    0.000    0.005    0.000 <frozen importlib._bootstrap>:426(_get_module_lock)
        1    0.000    0.000    0.005    0.005 parser.py:1(<module>)
     3386    0.002    0.000    0.005    0.000 typing.py:1188(__setattr__)
        1    0.000    0.000    0.005    0.005 artist.py:1(<module>)
        1    0.000    0.000    0.005    0.005 cm.py:32(_gen_cmap_registry)
      105    0.000    0.000    0.005    0.000 __init__.py:331(wrapper)
        1    0.000    0.000    0.005    0.005 managers.py:1(<module>)
        1    0.000    0.000    0.004    0.004 hashing.py:1(<module>)
        2    0.000    0.000    0.004    0.002 __init__.py:514(_get_config_or_cache_dir)
       12    0.000    0.000    0.004    0.000 core.py:1135(parse_string)
        1    0.000    0.000    0.004    0.004 table.py:1(<module>)
        1    0.000    0.000    0.004    0.004 __init__.py:588(matplotlib_fname)
        1    0.000    0.000    0.004    0.004 type_check.py:1(<module>)
        2    0.000    0.000    0.004    0.002 pathlib.py:164(select_from)
        2    0.000    0.000    0.004    0.002 iterators.py:1(<module>)
       12    0.000    0.000    0.004    0.000 duck_array_ops.py:396(_create_nan_agg_method)
        1    0.000    0.000    0.004    0.004 ElementTree.py:36(_get_py3_cls)
       21    0.001    0.000    0.004    0.000 typing.py:2780(__new__)
        1    0.000    0.000    0.004    0.004 _text.py:1(<module>)
      653    0.002    0.000    0.004    0.000 enum.py:390(__setitem__)
        1    0.000    0.000    0.004    0.004 conventions.py:1(<module>)
      803    0.002    0.000    0.004    0.000 <frozen importlib._bootstrap_external>:802(spec_from_file_location)
        2    0.000    0.000    0.004    0.002 construction.py:1(<module>)
        1    0.000    0.000    0.004    0.004 check.py:1(<module>)
        1    0.000    0.000    0.004    0.004 object_array.py:1(<module>)
    22150    0.004    0.000    0.004    0.000 {method 'get' of 'dict' objects}
        1    0.000    0.000    0.004    0.004 _secondary_axes.py:1(<module>)
        1    0.000    0.000    0.004    0.004 floating.py:1(<module>)
        1    0.000    0.000    0.004    0.004 ImageFile.py:1(<module>)
        1    0.000    0.000    0.004    0.004 _triinterpolate.py:1(<module>)
        1    0.000    0.000    0.004    0.004 message.py:135(Message)
        1    0.000    0.000    0.004    0.004 contextvars.py:1(<module>)
        1    0.000    0.000    0.004    0.004 _io.py:1(<module>)
       13    0.000    0.000    0.004    0.000 rcsetup.py:401(validate_font_properties)
        2    0.000    0.000    0.004    0.002 pathlib.py:1306(mkdir)
        1    0.000    0.000    0.004    0.004 _array_like.py:1(<module>)
       10    0.000    0.000    0.004    0.000 _fontconfig_pattern.py:80(parse_fontconfig_pattern)
      111    0.000    0.000    0.004    0.000 typing.py:514(__getitem__)
        6    0.000    0.000    0.004    0.001 dataclasses.py:1257(wrap)
        6    0.000    0.000    0.004    0.001 dataclasses.py:921(_process_class)
     9343    0.002    0.000    0.004    0.000 _parser.py:168(__getitem__)
       10    0.000    0.000    0.004    0.000 core.py:5642(__init__)
     7442    0.004    0.000    0.004    0.000 {method 'expandtabs' of 'str' objects}
      127    0.000    0.000    0.004    0.000 textwrap.py:341(_split_chunks)
      409    0.000    0.000    0.004    0.000 rcsetup.py:307(validate_color)
       21    0.000    0.000    0.003    0.000 typing.py:2761(_make_nmtuple)
     30/9    0.000    0.000    0.003    0.000 core.py:4524(leave_whitespace)
      842    0.000    0.000    0.003    0.000 <frozen importlib._bootstrap>:420(__exit__)
        1    0.000    0.000    0.003    0.003 font_manager.py:970(json_load)
        2    0.000    0.000    0.003    0.002 pathlib.py:1005(open)
      105    0.000    0.000    0.003    0.000 typing.py:746(Literal)
     1541    0.001    0.000    0.003    0.000 {built-in method builtins.max}
        1    0.000    0.000    0.003    0.003 bisect.py:1(<module>)
   306/12    0.001    0.000    0.003    0.000 core.py:811(_parseNoCache)
      246    0.001    0.000    0.003    0.000 _compiler.py:511(_compile_info)
    72/12    0.000    0.000    0.003    0.000 core.py:3994(parseImpl)
      497    0.000    0.000    0.003    0.000 typing.py:1147(__init__)
      111    0.000    0.000    0.003    0.000 rcsetup.py:88(f)
      819    0.000    0.000    0.003    0.000 typing.py:723(<genexpr>)
      461    0.000    0.000    0.003    0.000 core.py:522(copy)
        1    0.000    0.000    0.003    0.003 csv.py:1(<module>)
        6    0.003    0.001    0.003    0.001 {method 'readlines' of '_io._IOBase' objects}
        1    0.000    0.000    0.003    0.003 series.py:263(Series)
        1    0.000    0.000    0.003    0.003 platform.py:1(<module>)
    19360    0.003    0.000    0.003    0.000 {method 'pop' of 'list' objects}
 2198/288    0.001    0.000    0.003    0.000 <frozen abc>:121(__subclasscheck__)
        2    0.003    0.002    0.003    0.002 {built-in method posix.mkdir}
       97    0.000    0.000    0.003    0.000 docscrape.py:362(_parse_summary)
     6909    0.002    0.000    0.003    0.000 _parser.py:261(get)
       18    0.000    0.000    0.003    0.000 rcsetup.py:662(cycler)
      127    0.000    0.000    0.003    0.000 textwrap.py:157(_split)
     1162    0.000    0.000    0.003    0.000 typing.py:166(_type_convert)
      556    0.001    0.000    0.003    0.000 typing.py:262(_collect_parameters)
     9637    0.002    0.000    0.003    0.000 {built-in method builtins.setattr}
       10    0.000    0.000    0.003    0.000 util.py:251(_inner)
 2198/288    0.002    0.000    0.003    0.000 {built-in method _abc._abc_subclasscheck}
        4    0.000    0.000    0.003    0.001 <frozen genericpath>:27(isfile)
       32    0.000    0.000    0.003    0.000 colors.py:1036(from_list)
     3872    0.002    0.000    0.003    0.000 typing.py:1134(_is_dunder)
    17158    0.003    0.000    0.003    0.000 {method 'rstrip' of 'str' objects}
      463    0.001    0.000    0.003    0.000 copy.py:61(copy)
      303    0.000    0.000    0.003    0.000 docscrape.py:558(dedent_lines)
      278    0.001    0.000    0.003    0.000 overrides.py:83(verify_matching_signatures)
      705    0.001    0.000    0.003    0.000 <frozen importlib._bootstrap_external>:666(_classify_pyc)
      412    0.000    0.000    0.003    0.000 colors.py:221(is_color_like)
        1    0.000    0.000    0.003    0.003 core.py:238(reload_library)
     2674    0.001    0.000    0.003    0.000 cbook.py:405(_strip_comment)
      256    0.002    0.000    0.003    0.000 _compiler.py:243(_optimize_charset)
        1    0.000    0.000    0.003    0.003 core.py:198(update_user_library)
        1    0.000    0.000    0.003    0.003 _pocketfft.py:1(<module>)
        3    0.003    0.001    0.003    0.001 {method 'read' of '_io.TextIOWrapper' objects}
        1    0.000    0.000    0.003    0.003 _tricontour.py:1(<module>)
        7    0.000    0.000    0.003    0.000 core.py:2768(__init__)
     62/9    0.000    0.000    0.003    0.000 core.py:3751(leave_whitespace)
 1686/552    0.002    0.000    0.003    0.000 _parser.py:178(getwidth)
     1244    0.000    0.000    0.003    0.000 <frozen abc>:117(__instancecheck__)
      141    0.003    0.000    0.003    0.000 {method 'split' of 're.Pattern' objects}
      241    0.000    0.000    0.003    0.000 rcsetup.py:279(validate_color_for_prop_cycle)
        1    0.000    0.000    0.003    0.003 __init__.py:571(get_cachedir)
        6    0.000    0.000    0.003    0.000 dataclasses.py:1240(dataclass)
   133/64    0.000    0.000    0.003    0.000 core.py:3843(copy)
      910    0.000    0.000    0.003    0.000 __init__.py:164(match)
      213    0.003    0.000    0.003    0.000 {built-in method builtins.compile}
    32587    0.003    0.000    0.003    0.000 {built-in method builtins.callable}
      430    0.001    0.000    0.002    0.000 docscrape.py:74(read_to_condition)
      492    0.001    0.000    0.002    0.000 enum.py:1562(__and__)
        1    0.000    0.000    0.002    0.002 axes3d.py:42(Axes3D)
       19    0.000    0.000    0.002    0.000 _decorators.py:294(decorate)
        7    0.000    0.000    0.002    0.000 enum.py:919(_convert_)
     1244    0.000    0.000    0.002    0.000 {built-in method _abc._abc_instancecheck}
    45/12    0.000    0.000    0.002    0.000 typing.py:1267(__getitem__)
      438    0.000    0.000    0.002    0.000 colors.py:268(to_rgba)
        1    0.000    0.000    0.002    0.002 spines.py:1(<module>)
        1    0.000    0.000    0.002    0.002 _dtype_like.py:1(<module>)
     1790    0.002    0.000    0.002    0.000 <frozen importlib._bootstrap>:74(__new__)
       29    0.001    0.000    0.002    0.000 pathlib.py:200(_select_from)
       53    0.000    0.000    0.002    0.000 util.py:240(replaced_by_pep8)
      191    0.000    0.000    0.002    0.000 typing.py:885(__init__)
       25    0.000    0.000    0.002    0.000 dataclasses.py:449(_create_fn)
     2115    0.001    0.000    0.002    0.000 <frozen importlib._bootstrap_external>:84(_unpack_uint32)
      356    0.001    0.000    0.002    0.000 inspect.py:794(_finddoc)
       78    0.000    0.000    0.002    0.000 typing.py:1047(_generic_class_getitem)
        1    0.000    0.000    0.002    0.002 version.py:159(Version)
        1    0.000    0.000    0.002    0.002 accessor.py:157(StringMethods)
      194    0.000    0.000    0.002    0.000 docscrape.py:216(_read_sections)
        1    0.000    0.000    0.002    0.002 objects.py:1(<module>)
        2    0.000    0.000    0.002    0.001 types.py:1(<module>)
       24    0.001    0.000    0.002    0.000 util.py:186(_collapse_string_to_ranges)
        1    0.000    0.000    0.002    0.002 core.py:394(ParserElement)
      705    0.001    0.000    0.002    0.000 <frozen importlib._bootstrap_external>:699(_validate_timestamp_pyc)
        1    0.000    0.000    0.002    0.002 __init__.py:274(load)
        1    0.000    0.000    0.002    0.002 __init__.py:336(Version)
        1    0.000    0.000    0.002    0.002 sysconfig.py:224(is_python_build)
        1    0.000    0.000    0.002    0.002 readers.py:1907(read)
      321    0.001    0.000    0.002    0.000 docscrape.py:174(_is_at_section)
       65    0.000    0.000    0.002    0.000 deprecation.py:128(deprecate)
     2820    0.001    0.000    0.002    0.000 <frozen importlib._bootstrap_external>:134(<genexpr>)
     7163    0.002    0.000    0.002    0.000 <frozen importlib._bootstrap>:491(_verbose_message)
       22    0.000    0.000    0.002    0.000 core.py:4930(parseImpl)
      605    0.001    0.000    0.002    0.000 _inspect.py:96(getargspec)
        3    0.000    0.000    0.002    0.001 __init__.py:609(gen_candidates)
      104    0.000    0.000    0.002    0.000 docscrape.py:205(_read_to_next_section)
        1    0.000    0.000    0.002    0.002 __init__.py:552(get_configdir)
     5389    0.002    0.000    0.002    0.000 {method 'rpartition' of 'str' objects}
        3    0.000    0.000    0.002    0.001 <frozen genericpath>:16(exists)
        1    0.000    0.000    0.002    0.002 docscrape.py:118(NumpyDocString)
      836    0.001    0.000    0.002    0.000 inspect.py:175(get_annotations)
        1    0.000    0.000    0.002    0.002 rolling.py:1(<module>)
        1    0.000    0.000    0.002    0.002 _char_codes.py:1(<module>)
     8196    0.002    0.000    0.002    0.000 enum.py:1129(__new__)
      169    0.001    0.000    0.002    0.000 colors.py:310(_to_rgba_no_colorcycle)
      224    0.000    0.000    0.002    0.000 docscrape.py:84(read_to_next_empty_line)
        1    0.000    0.000    0.002    0.002 widgets.py:1(<module>)
     1007    0.001    0.000    0.002    0.000 inspect.py:747(unwrap)
     8740    0.002    0.000    0.002    0.000 _parser.py:240(__next)
        1    0.000    0.000    0.002    0.002 ExifTags.py:21(Base)
     1508    0.002    0.000    0.002    0.000 {method 'format' of 'str' objects}
    11016    0.002    0.000    0.002    0.000 {method 'strip' of 'str' objects}
      253    0.000    0.000    0.002    0.000 inspect.py:3066(replace)
        2    0.000    0.000    0.002    0.001 core.py:5932(srange)
     4441    0.002    0.000    0.002    0.000 {built-in method builtins.sorted}
    45/12    0.000    0.000    0.002    0.000 typing.py:1299(_determine_new_args)
     1790    0.001    0.000    0.002    0.000 <frozen importlib._bootstrap>:82(remove)
    45/12    0.000    0.000    0.002    0.000 typing.py:1328(_make_substitution)
        1    0.000    0.000    0.002    0.002 tokenize.py:445(open)
       67    0.001    0.000    0.001    0.000 colors.py:1089(reversed)
      207    0.000    0.000    0.001    0.000 typing.py:345(_remove_dups_flatten)
      489    0.000    0.000    0.001    0.000 inspect.py:2001(_signature_get_user_defined_method)
     8255    0.001    0.000    0.001    0.000 {method 'isidentifier' of 'str' objects}
       66    0.000    0.000    0.001    0.000 core.py:1417(__add__)
     3369    0.001    0.000    0.001    0.000 <frozen importlib._bootstrap>:1226(__exit__)
      837    0.001    0.000    0.001    0.000 <frozen importlib._bootstrap>:445(cb)
        1    0.000    0.000    0.001    0.001 dataframe_protocol.py:1(<module>)
    38/18    0.000    0.000    0.001    0.000 core.py:4512(parseImpl)
       70    0.000    0.000    0.001    0.000 deprecation.py:257(rename_parameter)
     1790    0.001    0.000    0.001    0.000 <frozen importlib._bootstrap>:79(__init__)
      306    0.000    0.000    0.001    0.000 _parser.py:98(closegroup)
     4786    0.001    0.000    0.001    0.000 {method 'endswith' of 'str' objects}
       14    0.000    0.000    0.001    0.000 core.py:115(doc_note)
2129/1959    0.001    0.000    0.001    0.000 {method 'update' of 'dict' objects}
      840    0.001    0.000    0.001    0.000 __init__.py:82(find_spec)
     3011    0.001    0.000    0.001    0.000 _parser.py:176(append)
        8    0.001    0.000    0.001    0.000 enum.py:1708(convert_class)
  271/171    0.000    0.000    0.001    0.000 core.py:1908(name)
     6375    0.001    0.000    0.001    0.000 {method 'group' of 're.Match' objects}
     1790    0.001    0.000    0.001    0.000 <frozen importlib._bootstrap>:173(__exit__)
       32    0.000    0.000    0.001    0.000 typing.py:1822(__new__)
       26    0.000    0.000    0.001    0.000 deprecation.py:416(make_keyword_only)
        1    0.000    0.000    0.001    0.001 frame.py:694(__init__)
      836    0.000    0.000    0.001    0.000 <frozen importlib._bootstrap>:1128(find_spec)
  215/117    0.000    0.000    0.001    0.000 core.py:1878(default_name)
     22/3    0.000    0.000    0.001    0.000 core.py:3944(streamline)
   256/18    0.000    0.000    0.001    0.000 ast.py:403(visit)
        2    0.000    0.000    0.001    0.001 parser.py:56(parsestr)
        1    0.001    0.001    0.001    0.001 unicode.py:1(<module>)
        1    0.000    0.000    0.001    0.001 rolling.py:1855(Rolling)
    26/14    0.000    0.000    0.001    0.000 core.py:4242(parseImpl)
        1    0.000    0.000    0.001    0.001 construction.py:423(dict_to_mgr)
        2    0.000    0.000    0.001    0.001 dataclasses.py:1443(make_dataclass)
      900    0.000    0.000    0.001    0.000 <frozen importlib._bootstrap_external>:185(_path_abspath)
        2    0.000    0.000    0.001    0.001 parser.py:41(parse)
      105    0.000    0.000    0.001    0.000 <frozen abc>:110(register)
     3369    0.001    0.000    0.001    0.000 <frozen importlib._bootstrap>:1222(__enter__)
        1    0.000    0.000    0.001    0.001 extras.py:1(<module>)
      206    0.000    0.000    0.001    0.000 docscrape.py:92(read_to_next_unindented_line)
   256/18    0.000    0.000    0.001    0.000 ast.py:409(generic_visit)
      164    0.000    0.000    0.001    0.000 inspect.py:2095(_signature_bound_method)
       67    0.000    0.000    0.001    0.000 core.py:3909(__init__)
      461    0.000    0.000    0.001    0.000 copy.py:247(_reconstruct)
       24    0.000    0.000    0.001    0.000 deprecation_helpers.py:79(_decorator)
        1    0.000    0.000    0.001    0.001 expanding.py:1(<module>)
       44    0.000    0.000    0.001    0.000 _base.py:66(__set_name__)
     30/4    0.000    0.000    0.001    0.000 core.py:3791(streamline)
        1    0.000    0.000    0.001    0.001 config_init.py:1(<module>)
     8172    0.001    0.000    0.001    0.000 {method '__contains__' of 'frozenset' objects}
     3358    0.001    0.000    0.001    0.000 inspect.py:3045(<genexpr>)
     78/4    0.000    0.000    0.001    0.000 core.py:962(_parseCache)
      356    0.000    0.000    0.001    0.000 inspect.py:784(_findclass)
       32    0.000    0.000    0.001    0.000 colors.py:409(to_rgba_array)
        1    0.000    0.000    0.001    0.001 expanding.py:51(Expanding)
        3    0.000    0.000    0.001    0.000 feedparser.py:171(feed)
        1    0.000    0.000    0.001    0.001 TiffTags.py:1(<module>)
        1    0.000    0.000    0.001    0.001 helpers.py:603(make_html_tags)
        1    0.000    0.000    0.001    0.001 helpers.py:545(_makeTags)
        1    0.000    0.000    0.001    0.001 ipaddress.py:1(<module>)
     3768    0.001    0.000    0.001    0.000 _parser.py:256(match)
        2    0.000    0.000    0.001    0.001 _strptime.py:173(__init__)
     2124    0.001    0.000    0.001    0.000 {method 'match' of 're.Pattern' objects}
      105    0.000    0.000    0.001    0.000 {built-in method _abc._abc_register}
       20    0.000    0.000    0.001    0.000 core.py:5040(parseImpl)
        1    0.000    0.000    0.001    0.001 dviread.py:1(<module>)
     1269    0.001    0.000    0.001    0.000 <frozen importlib._bootstrap>:645(parent)
       23    0.000    0.000    0.001    0.000 typing.py:740(Optional)
        1    0.000    0.000    0.001    0.001 __init__.py:299(loads)
        1    0.000    0.000    0.001    0.001 decoder.py:332(decode)
      717    0.000    0.000    0.001    0.000 _compiler.py:398(_simple)
        1    0.000    0.000    0.001    0.001 decoder.py:343(raw_decode)
      837    0.001    0.000    0.001    0.000 <frozen importlib._bootstrap>:232(__init__)
      705    0.001    0.000    0.001    0.000 {built-in method _imp._fix_co_filename}
        5    0.000    0.000    0.001    0.000 feedparser.py:176(_call_parse)
        1    0.000    0.000    0.001    0.001 getlimits.py:162(_register_known_types)
        1    0.000    0.000    0.001    0.001 defchararray.py:1(<module>)
        1    0.000    0.000    0.001    0.001 resample.py:1(<module>)
       72    0.000    0.000    0.001    0.000 config.py:811(inner)
       22    0.000    0.000    0.001    0.000 core.py:5173(parseImpl)
        5    0.000    0.000    0.001    0.000 feedparser.py:216(_parsegen)
     1500    0.001    0.000    0.001    0.000 enum.py:1544(_get_value)
       94    0.000    0.000    0.001    0.000 typing.py:1096(_generic_init_subclass)
     1552    0.001    0.000    0.001    0.000 copy.py:231(_keep_alive)
      705    0.001    0.000    0.001    0.000 <frozen importlib._bootstrap_external>:643(_check_name_wrapper)
      522    0.001    0.000    0.001    0.000 compute.py:106(_get_arg_names)
     3124    0.001    0.000    0.001    0.000 _parser.py:164(__len__)
      214    0.000    0.000    0.001    0.000 __init__.py:675(joinpath)
        6    0.000    0.000    0.001    0.000 dataclasses.py:568(_init_fn)
        1    0.000    0.000    0.001    0.001 dataarray.py:255(DataArray)
        2    0.000    0.000    0.001    0.000 _strptime.py:1(<module>)
     5996    0.001    0.000    0.001    0.000 {built-in method _imp.release_lock}
        9    0.000    0.000    0.001    0.000 typing.py:2854(__new__)
       58    0.000    0.000    0.001    0.000 core.py:3066(parseImpl)
        1    0.000    0.000    0.001    0.001 pathlib.py:1059(_scandir)
        1    0.001    0.001    0.001    0.001 {built-in method posix.scandir}
     5455    0.001    0.000    0.001    0.000 {method 'find' of 'str' objects}
     23/6    0.000    0.000    0.001    0.000 core.py:4550(streamline)
      586    0.001    0.000    0.001    0.000 _inspect.py:65(getargs)
      243    0.001    0.000    0.001    0.000 {built-in method _abc._abc_init}
       97    0.000    0.000    0.001    0.000 <frozen importlib._bootstrap_external>:1567(__init__)
       50    0.000    0.000    0.001    0.000 typing.py:1458(copy_with)
       72    0.000    0.000    0.001    0.000 config.py:491(register_option)
      267    0.000    0.000    0.001    0.000 pathlib.py:1157(__init__)
       86    0.000    0.000    0.001    0.000 core.py:3717(__init__)
     5996    0.001    0.000    0.001    0.000 {built-in method _imp.acquire_lock}
        1    0.000    0.000    0.001    0.001 datatree_ops.py:284(MappedDataWithCoords)
        1    0.000    0.000    0.001    0.001 readers.py:1990(__exit__)
      840    0.000    0.000    0.001    0.000 <frozen importlib._bootstrap>:982(find_spec)
        1    0.000    0.000    0.001    0.001 readers.py:1622(close)
      312    0.000    0.000    0.001    0.000 typing.py:317(_deduplicate)
      160    0.001    0.000    0.001    0.000 shape_base.py:612(column_stack)
        1    0.000    0.000    0.001    0.001 common.py:131(close)
      900    0.000    0.000    0.001    0.000 <frozen importlib._bootstrap_external>:180(_path_isabs)
        1    0.001    0.001    0.001    0.001 {method 'close' of '_io.TextIOWrapper' objects}
 3538/834    0.001    0.000    0.001    0.000 __init__.py:353(recursive_subclasses)
       41    0.000    0.000    0.001    0.000 enum.py:513(__prepare__)
        1    0.000    0.000    0.001    0.001 header.py:1(<module>)
       31    0.001    0.000    0.001    0.000 {built-in method numpy.arange}
      483    0.000    0.000    0.001    0.000 {built-in method fromkeys}
        1    0.000    0.000    0.001    0.001 calendar.py:1(<module>)
        6    0.000    0.000    0.001    0.000 getlimits.py:34(__init__)
      486    0.000    0.000    0.001    0.000 typing.py:1178(__getattr__)
      171    0.001    0.000    0.001    0.000 _parser.py:449(_uniq)
        1    0.000    0.000    0.001    0.001 __init__.py:469(StrFormatStyle)
       24    0.000    0.000    0.001    0.000 typing.py:1548(__getitem__)
      216    0.000    0.000    0.001    0.000 __init__.py:757(normalize)
       20    0.000    0.000    0.001    0.000 {built-in method _functools.reduce}
     2686    0.001    0.000    0.001    0.000 util.py:189(is_consecutive)
     8301    0.001    0.000    0.001    0.000 {built-in method builtins.id}
      357    0.000    0.000    0.001    0.000 inspect.py:2133(_signature_is_functionlike)
       44    0.000    0.000    0.001    0.000 _base.py:51(__init__)
       36    0.000    0.000    0.001    0.000 rcsetup.py:744(<genexpr>)
        1    0.000    0.000    0.001    0.001 interval.py:186(IntervalArray)
      721    0.001    0.000    0.001    0.000 enum.py:850(__setattr__)
     1969    0.001    0.000    0.001    0.000 _parser.py:293(tell)
     3626    0.001    0.000    0.001    0.000 {method '__exit__' of '_thread.RLock' objects}
       26    0.000    0.000    0.001    0.000 typing.py:1449(__getitem__)
        1    0.000    0.000    0.001    0.001 string.py:1(<module>)
        1    0.000    0.000    0.001    0.001 signal.py:1(<module>)
     1358    0.001    0.000    0.001    0.000 copy.py:191(_deepcopy_list)
       18    0.000    0.000    0.001    0.000 __init__.py:482(cycler)
      128    0.000    0.000    0.001    0.000 datatree_mapping.py:74(map_over_subtree)
        1    0.000    0.000    0.001    0.001 tokenize.py:352(detect_encoding)
        1    0.000    0.000    0.001    0.001 groupby.py:1225(GroupBy)
        1    0.000    0.000    0.001    0.001 _core.py:1(<module>)
     9088    0.001    0.000    0.001    0.000 inspect.py:2777(kind)
        1    0.001    0.001    0.001    0.001 c_parser_wrapper.py:60(__init__)
        1    0.000    0.000    0.001    0.001 _distributor_init.py:1(<module>)
      151    0.000    0.000    0.001    0.000 font_manager.py:928(_json_decode)
       64    0.000    0.000    0.001    0.000 inspect.py:3262(__str__)
        2    0.000    0.000    0.001    0.000 tokenize.py:376(read_or_stop)
        2    0.001    0.000    0.001    0.000 {method 'readline' of '_io.BufferedReader' objects}
      326    0.000    0.000    0.001    0.000 inspect.py:1816(getattr_static)
       12    0.000    0.000    0.001    0.000 __init__.py:223(define_aliases)
       18    0.000    0.000    0.001    0.000 __init__.py:546(_cycler)
       10    0.000    0.000    0.001    0.000 dataclasses.py:661(_cmp_fn)
     2540    0.001    0.000    0.001    0.000 docscrape.py:71(eof)
        1    0.000    0.000    0.001    0.001 TiffTags.py:429(_populate)
     9804    0.001    0.000    0.001    0.000 inspect.py:2765(name)
      708    0.001    0.000    0.001    0.000 <frozen importlib._bootstrap>:48(_new_module)
        1    0.000    0.000    0.001    0.001 _base.py:542(_AxesBase)
      3/2    0.000    0.000    0.001    0.000 series.py:389(__init__)
        1    0.000    0.000    0.001    0.001 <frozen genericpath>:39(isdir)
      244    0.001    0.000    0.001    0.000 core.py:461(__init__)
       18    0.000    0.000    0.001    0.000 __init__.py:226(_from_iter)
       12    0.000    0.000    0.001    0.000 typing.py:1562(copy_with)
       29    0.000    0.000    0.001    0.000 typing.py:1519(__getitem__)
     2179    0.000    0.000    0.001    0.000 inspect.py:371(isfunction)
       10    0.000    0.000    0.001    0.000 extras.py:233(__init__)
        8    0.000    0.000    0.001    0.000 core.py:2886(_generateDefaultName)
      267    0.000    0.000    0.001    0.000 pathlib.py:358(__init__)
        1    0.000    0.000    0.001    0.001 base.py:320(Index)
       10    0.000    0.000    0.001    0.000 extras.py:237(getdoc)
      261    0.001    0.000    0.001    0.000 compute.py:203(_get_options_class)
     10/3    0.000    0.000    0.001    0.000 unicode.py:14(__get__)
        2    0.000    0.000    0.001    0.000 merge.py:1(<module>)
        2    0.000    0.000    0.001    0.000 platform.py:1143(python_implementation)
      713    0.000    0.000    0.001    0.000 {built-in method builtins.delattr}
       11    0.000    0.000    0.001    0.000 core.py:2887(charsAsStr)
      189    0.000    0.000    0.001    0.000 typing.py:1609(__hash__)
        2    0.000    0.000    0.001    0.000 platform.py:1045(_sys_version)
        3    0.000    0.000    0.001    0.000 enum.py:863(_create_)
     10/5    0.000    0.000    0.001    0.000 functools.py:979(__get__)
        1    0.000    0.000    0.001    0.001 _text_helpers.py:1(<module>)
     2138    0.001    0.000    0.001    0.000 {built-in method from_bytes}
        1    0.000    0.000    0.001    0.001 string.py:69(__init_subclass__)
        5    0.000    0.000    0.001    0.000 core.py:3055(re_match)
        2    0.000    0.000    0.001    0.000 __init__.py:685(zip_children)
      243    0.000    0.000    0.001    0.000 inspect.py:2781(replace)
        2    0.000    0.000    0.001    0.000 __init__.py:255(__init__)
        5    0.000    0.000    0.001    0.000 core.py:3045(re)
        1    0.000    0.000    0.001    0.001 resample.py:121(Resampler)
        2    0.000    0.000    0.001    0.000 __init__.py:131(make)
        1    0.000    0.000    0.001    0.001 info.py:1(<module>)
        1    0.000    0.000    0.001    0.001 generic.py:154(SeriesGroupBy)
        1    0.001    0.001    0.001    0.001 c_parser_wrapper.py:222(read)
        2    0.000    0.000    0.001    0.000 __init__.py:73(__init__)
      545    0.000    0.000    0.001    0.000 docscrape.py:64(seek_next_non_empty_line)
     4798    0.001    0.000    0.001    0.000 artist.py:1563(<genexpr>)
      753    0.000    0.000    0.001    0.000 enum.py:79(_is_private)
       18    0.001    0.000    0.001    0.000 __init__.py:150(__init__)
        2    0.000    0.000    0.001    0.000 __init__.py:1292(__init__)
        1    0.000    0.000    0.001    0.001 stata.py:1(<module>)
      850    0.000    0.000    0.001    0.000 colors.py:216(_is_nth_color)
       66    0.000    0.000    0.001    0.000 core.py:4486(__init__)
      147    0.000    0.000    0.001    0.000 TiffTags.py:35(__new__)
       22    0.000    0.000    0.001    0.000 ast.py:34(parse)
        1    0.000    0.000    0.001    0.001 multi.py:1(<module>)
        1    0.000    0.000    0.001    0.001 figure.py:181(FigureBase)
        1    0.000    0.000    0.001    0.001 feedparser.py:1(<module>)
     2656    0.001    0.000    0.001    0.000 {method 'setdefault' of 'dict' objects}
        1    0.000    0.000    0.001    0.001 ElementPath.py:1(<module>)
     3125    0.001    0.000    0.001    0.000 {method 'add' of 'set' objects}
      132    0.000    0.000    0.001    0.000 ast.py:419(visit_Constant)
      549    0.000    0.000    0.001    0.000 docscrape.py:93(is_unindented)
      499    0.001    0.000    0.001    0.000 typing.py:2476(overload)
       24    0.000    0.000    0.001    0.000 typing.py:1533(__getitem_inner__)
       33    0.000    0.000    0.001    0.000 typing.py:1390(copy_with)
        1    0.000    0.000    0.001    0.001 _fontconfig_pattern.py:57(_make_fontconfig_parser)
       36    0.000    0.000    0.001    0.000 getlimits.py:111(_float_to_str)
      710    0.000    0.000    0.001    0.000 {method 'extend' of 'list' objects}
        2    0.000    0.000    0.001    0.000 period.py:1(<module>)
        1    0.000    0.000    0.001    0.001 _add_docstring.py:1(<module>)
3127/3125    0.001    0.000    0.001    0.000 {built-in method posix.fspath}
       30    0.000    0.000    0.001    0.000 function_base.py:24(linspace)
        1    0.000    0.000    0.001    0.001 dataset.py:513(Dataset)
     3112    0.001    0.000    0.001    0.000 {method 'get' of 'mappingproxy' objects}
     3598    0.001    0.000    0.001    0.000 {built-in method _thread.get_ident}
      325    0.000    0.000    0.001    0.000 _parser.py:372(_escape)
        1    0.000    0.000    0.001    0.001 __init__.py:152(EntryPoint)
        2    0.000    0.000    0.001    0.000 abc.py:1(<module>)
        1    0.000    0.000    0.001    0.001 _add_docstring.py:27(_parse_docstrings)
       32    0.000    0.000    0.001    0.000 typing.py:1966(__init_subclass__)
      840    0.001    0.000    0.001    0.000 {built-in method _imp.is_builtin}
     5582    0.001    0.000    0.001    0.000 {built-in method builtins.ord}
       64    0.000    0.000    0.001    0.000 functools.py:518(decorating_function)
     1113    0.001    0.000    0.001    0.000 functools.py:65(wraps)
        1    0.000    0.000    0.001    0.001 __init__.py:436(PercentStyle)
     1509    0.001    0.000    0.001    0.000 {method 'rfind' of 'str' objects}
        1    0.000    0.000    0.001    0.001 _enums.py:1(<module>)
      261    0.000    0.000    0.001    0.000 {built-in method builtins.any}
      306    0.000    0.000    0.001    0.000 _parser.py:86(opengroup)
     1538    0.001    0.000    0.001    0.000 {method 'pop' of 'dict' objects}
        1    0.000    0.000    0.001    0.001 patches.py:2658(ConnectionStyle)
       84    0.000    0.000    0.001    0.000 __init__.py:244(make_alias)
       46    0.000    0.000    0.001    0.000 contextlib.py:272(contextmanager)
        1    0.000    0.000    0.001    0.001 _scalars.py:1(<module>)
        1    0.000    0.000    0.001    0.001 unicode.py:80(alphanums)
        1    0.000    0.000    0.001    0.001 html.py:1(<module>)
        1    0.000    0.000    0.001    0.001 pivot.py:1(<module>)
        1    0.000    0.000    0.001    0.001 six.py:1(<module>)
        6    0.000    0.000    0.001    0.000 dataclasses.py:627(_repr_fn)
        1    0.000    0.000    0.001    0.001 datetimes.py:106(DatetimeIndex)
        9    0.000    0.000    0.001    0.000 frame.py:4062(__getitem__)
  333/267    0.000    0.000    0.000    0.000 typing.py:1573(__hash__)
     2953    0.000    0.000    0.000    0.000 {method 'lower' of 'str' objects}
      326    0.000    0.000    0.000    0.000 inspect.py:1795(_check_class)
     1820    0.000    0.000    0.000    0.000 {method 'remove' of 'list' objects}
        1    0.000    0.000    0.000    0.000 multi.py:227(MultiIndex)
      704    0.000    0.000    0.000    0.000 enum.py:785(__delattr__)
        1    0.000    0.000    0.000    0.000 tz.py:386(tzfile)
        6    0.000    0.000    0.000    0.000 _common.py:13(tzname_in_python2)
       24    0.000    0.000    0.000    0.000 dtypes.py:66(_add_dtype_helper)
       64    0.000    0.000    0.000    0.000 common.py:37(wrapper)
        1    0.000    0.000    0.000    0.000 unicode.py:70(alphas)
        1    0.000    0.000    0.000    0.000 managers.py:108(BaseBlockManager)
        1    0.000    0.000    0.000    0.000 xml.py:1(<module>)
     1790    0.000    0.000    0.000    0.000 {built-in method _weakref._remove_dead_weakref}
        2    0.000    0.000    0.000    0.000 _strptime.py:49(__init__)
        1    0.000    0.000    0.000    0.000 _core.py:639(PlotAccessor)
       32    0.000    0.000    0.000    0.000 typing.py:1841(__init__)
        1    0.000    0.000    0.000    0.000 markers.py:1(<module>)
       13    0.000    0.000    0.000    0.000 accessor.py:176(add_delegate_accessors)
      127    0.000    0.000    0.000    0.000 textwrap.py:143(_munge_whitespace)
      836    0.000    0.000    0.000    0.000 {built-in method _imp.find_frozen}
       29    0.000    0.000    0.000    0.000 __init__.py:2149(getLogger)
     1461    0.000    0.000    0.000    0.000 typing.py:935(__eq__)
     3629    0.000    0.000    0.000    0.000 {built-in method builtins.issubclass}
      474    0.000    0.000    0.000    0.000 __init__.py:741(__getitem__)
      758    0.000    0.000    0.000    0.000 {method 'replace' of 'str' objects}
        2    0.000    0.000    0.000    0.000 unicode.py:55(_chars_for_ranges)
       64    0.000    0.000    0.000    0.000 common.py:43(_unpack_zerodim_and_defer)
      612    0.000    0.000    0.000    0.000 enum.py:38(_is_descriptor)
       18    0.000    0.000    0.000    0.000 arrayprint.py:1595(_array_str_implementation)
       13    0.000    0.000    0.000    0.000 accessor.py:63(_add_delegate_accessors)
        1    0.000    0.000    0.000    0.000 dtypes.py:1164(IntervalDtype)
        1    0.000    0.000    0.000    0.000 series.py:607(_init_dict)
        1    0.000    0.000    0.000    0.000 ewm.py:133(ExponentialMovingWindow)
     10/4    0.000    0.000    0.000    0.000 core.py:4226(streamline)
       16    0.000    0.000    0.000    0.000 doc.py:93(window_agg_numba_parameters)
       10    0.000    0.000    0.000    0.000 deprecation.py:316(delete_parameter)
       85    0.000    0.000    0.000    0.000 enum.py:967(_get_mixins_)
        8    0.000    0.000    0.000    0.000 colors.py:1630(make_norm_from_scale)
     2400    0.000    0.000    0.000    0.000 typing.py:1599(<genexpr>)
     1180    0.000    0.000    0.000    0.000 docscrape.py:87(is_empty)
   134/34    0.000    0.000    0.000    0.000 core.py:1913(__str__)
      419    0.000    0.000    0.000    0.000 function_base.py:348(iterable)
       18    0.000    0.000    0.000    0.000 arrayprint.py:506(wrapper)
       16    0.000    0.000    0.000    0.000 core.py:1569(__or__)
        1    0.000    0.000    0.000    0.000 nanfunctions.py:1(<module>)
      286    0.000    0.000    0.000    0.000 {method 'translate' of 'str' objects}
      843    0.000    0.000    0.000    0.000 <frozen importlib._bootstrap>:599(__init__)
        3    0.000    0.000    0.000    0.000 timedeltas.py:1(<module>)
        6    0.000    0.000    0.000    0.000 _strptime.py:238(pattern)
        1    0.000    0.000    0.000    0.000 masked.py:107(BaseMaskedArray)
       49    0.000    0.000    0.000    0.000 core.py:131(get_object_signature)
       37    0.000    0.000    0.000    0.000 transforms.py:1324(__init_subclass__)
        1    0.000    0.000    0.000    0.000 _meta.py:1(<module>)
        1    0.000    0.000    0.000    0.000 ctypeslib.py:1(<module>)
     1138    0.000    0.000    0.000    0.000 inspect.py:295(isclass)
        1    0.000    0.000    0.000    0.000 encoder.py:1(<module>)
       65    0.000    0.000    0.000    0.000 _compiler.py:386(_mk_bitmap)
      105    0.000    0.000    0.000    0.000 typing.py:361(_flatten_literal_params)
      256    0.000    0.000    0.000    0.000 _compiler.py:216(_compile_charset)
     2274    0.000    0.000    0.000    0.000 typing.py:1246(<genexpr>)
        1    0.000    0.000    0.000    0.000 array.py:237(ArrowExtensionArray)
     1289    0.000    0.000    0.000    0.000 __init__.py:670(_set)
       34    0.000    0.000    0.000    0.000 core.py:2999(__init__)
        3    0.000    0.000    0.000    0.000 warnings.py:131(filterwarnings)
        1    0.000    0.000    0.000    0.000 range.py:1(<module>)
        1    0.000    0.000    0.000    0.000 parquet.py:1(<module>)
       29    0.000    0.000    0.000    0.000 typing.py:1721(_get_protocol_attrs)
        1    0.000    0.000    0.000    0.000 __init__.py:805(copy)
       26    0.000    0.000    0.000    0.000 core.py:6855(__init__)
       29    0.000    0.000    0.000    0.000 __init__.py:1377(getLogger)
        1    0.000    0.000    0.000    0.000 _add_newdocs_scalars.py:1(<module>)
  493/392    0.000    0.000    0.000    0.000 typing.py:1258(__hash__)
      461    0.000    0.000    0.000    0.000 {method '__reduce_ex__' of 'object' objects}
       29    0.000    0.000    0.000    0.000 core.py:5618(__init__)
        1    0.000    0.000    0.000    0.000 ipaddress.py:2265(_IPv6Constants)
       24    0.000    0.000    0.000    0.000 typing.py:1515(copy_with)
        8    0.000    0.000    0.000    0.000 nanops.py:68(__init__)
      798    0.000    0.000    0.000    0.000 __init__.py:966(<lambda>)
       18    0.000    0.000    0.000    0.000 arrayprint.py:1588(_guarded_repr_or_str)
     1200    0.000    0.000    0.000    0.000 typing.py:1252(__eq__)
       17    0.000    0.000    0.000    0.000 common.py:1596(pandas_dtype)
        2    0.000    0.000    0.000    0.000 feedparser.py:469(_parse_headers)
       92    0.000    0.000    0.000    0.000 core.py:2345(__init__)
      317    0.000    0.000    0.000    0.000 function_base.py:483(_add_docstring)
       26    0.000    0.000    0.000    0.000 core.py:6860(getdoc)
       28    0.000    0.000    0.000    0.000 ipaddress.py:2189(__init__)
        1    0.000    0.000    0.000    0.000 interval.py:159(IntervalIndex)
     1418    0.000    0.000    0.000    0.000 _parser.py:113(__init__)
      145    0.000    0.000    0.000    0.000 <frozen posixpath>:71(join)
      245    0.000    0.000    0.000    0.000 inspect.py:2799(__str__)
        1    0.000    0.000    0.000    0.000 markers.py:155(MarkerStyle)
       16    0.000    0.000    0.000    0.000 core.py:4218(__init__)
        4    0.000    0.000    0.000    0.000 core.py:1486(__mul__)
       23    0.000    0.000    0.000    0.000 nanops.py:70(<genexpr>)
        1    0.000    0.000    0.000    0.000 artist.py:1416(ArtistInspector)
       13    0.000    0.000    0.000    0.000 expr.py:188(_filter_nodes)
  180/179    0.000    0.000    0.000    0.000 {built-in method builtins.all}
        9    0.000    0.000    0.000    0.000 frame.py:4626(_get_item_cache)
       25    0.000    0.000    0.000    0.000 functools.py:651(cache)
        1    0.000    0.000    0.000    0.000 datetimelike.py:1940(TimelikeOps)
        3    0.000    0.000    0.000    0.000 {built-in method posix.readlink}
      306    0.000    0.000    0.000    0.000 results.py:148(__new__)
        1    0.000    0.000    0.000    0.000 entities.py:1(<module>)
     1104    0.000    0.000    0.000    0.000 _parser.py:83(groups)
      727    0.000    0.000    0.000    0.000 enum.py:48(_is_dunder)
      461    0.000    0.000    0.000    0.000 copyreg.py:98(__newobj__)
     2082    0.000    0.000    0.000    0.000 docscrape.py:50(__getitem__)
        1    0.000    0.000    0.000    0.000 _mathtext.py:1814(Parser)
      556    0.000    0.000    0.000    0.000 <string>:1(<lambda>)
      163    0.000    0.000    0.000    0.000 inspect.py:2121(_signature_is_builtin)
       52    0.000    0.000    0.000    0.000 core.py:894(__init__)
      554    0.000    0.000    0.000    0.000 {built-in method numpy.array}
  268/240    0.000    0.000    0.000    0.000 _compiler.py:436(_get_literal_prefix)
      791    0.000    0.000    0.000    0.000 __init__.py:690(_get)
        2    0.000    0.000    0.000    0.000 sysconfig.py:631(get_path)
        2    0.000    0.000    0.000    0.000 sysconfig.py:619(get_paths)
1271/1008    0.000    0.000    0.000    0.000 {built-in method builtins.hash}
       52    0.000    0.000    0.000    0.000 accessor.py:126(_forbid_nonstring_types)
      753    0.000    0.000    0.000    0.000 enum.py:59(_is_sunder)
      123    0.000    0.000    0.000    0.000 expr.py:192(<genexpr>)
        2    0.000    0.000    0.000    0.000 sysconfig.py:266(_expand_vars)
        1    0.000    0.000    0.000    0.000 ipaddress.py:1542(_IPv4Constants)
       42    0.000    0.000    0.000    0.000 core.py:2399(__init__)
       19    0.000    0.000    0.000    0.000 construction.py:517(sanitize_array)
       10    0.000    0.000    0.000    0.000 base.py:7593(ensure_index)
        1    0.000    0.000    0.000    0.000 blocks.py:1(<module>)
        1    0.000    0.000    0.000    0.000 sql.py:1(<module>)
       23    0.000    0.000    0.000    0.000 overrides.py:177(decorator)
      471    0.000    0.000    0.000    0.000 docscrape.py:97(peek)
      248    0.000    0.000    0.000    0.000 _parser.py:231(__init__)
      825    0.000    0.000    0.000    0.000 typing.py:1565(__eq__)
      138    0.000    0.000    0.000    0.000 {built-in method posix.getcwd}
       81    0.000    0.000    0.000    0.000 pathlib.py:437(__str__)
        1    0.000    0.000    0.000    0.000 arrayprint.py:1(<module>)
       85    0.000    0.000    0.000    0.000 enum.py:1008(_find_data_type_)
       19    0.000    0.000    0.000    0.000 ipaddress.py:1475(__init__)
     12/2    0.000    0.000    0.000    0.000 core.py:1546(makeOptionalList)
       28    0.000    0.000    0.000    0.000 pathlib.py:1065(_make_child_relpath)
      825    0.000    0.000    0.000    0.000 enum.py:202(__get__)
       22    0.000    0.000    0.000    0.000 core.py:4037(_generateDefaultName)
      170    0.000    0.000    0.000    0.000 cm.py:89(__getitem__)
        9    0.000    0.000    0.000    0.000 frame.py:3983(_ixs)
        1    0.000    0.000    0.000    0.000 range.py:66(RangeIndex)
        1    0.000    0.000    0.000    0.000 selectors.py:1(<module>)
       34    0.000    0.000    0.000    0.000 deprecation.py:187(finalize)
        1    0.000    0.000    0.000    0.000 ctypeslib.py:360(_get_scalar_type_map)
        1    0.000    0.000    0.000    0.000 errors.py:1(<module>)
        3    0.000    0.000    0.000    0.000 base.py:475(__new__)
       29    0.000    0.000    0.000    0.000 dataclasses.py:760(_get_field)
       13    0.000    0.000    0.000    0.000 version.py:186(__init__)
        1    0.000    0.000    0.000    0.000 construction.py:96(arrays_to_mgr)
     1790    0.000    0.000    0.000    0.000 <frozen importlib._bootstrap>:158(__init__)
        1    0.000    0.000    0.000    0.000 rolling.py:884(Window)
       17    0.000    0.000    0.000    0.000 __init__.py:339(__init__)
       12    0.000    0.000    0.000    0.000 extension.py:125(wrapper)
       68    0.000    0.000    0.000    0.000 functools.py:479(lru_cache)
       51    0.000    0.000    0.000    0.000 util.py:58(decorator)
       42    0.000    0.000    0.000    0.000 docstrings.py:7(make_flex_doc)
        1    0.000    0.000    0.000    0.000 base_parser.py:1(<module>)
        1    0.000    0.000    0.000    0.000 legend.py:342(Legend)
       14    0.000    0.000    0.000    0.000 core.py:5835(__init__)
       42    0.000    0.000    0.000    0.000 pathlib.py:380(with_segments)
        2    0.000    0.000    0.000    0.000 glob.py:1(<module>)
       47    0.000    0.000    0.000    0.000 pathlib.py:551(drive)
        1    0.000    0.000    0.000    0.000 dtypes.py:690(DatetimeTZDtype)
        1    0.000    0.000    0.000    0.000 generic.py:1329(DataFrameGroupBy)
      200    0.000    0.000    0.000    0.000 pyplot.py:164(_copy_docstring_and_deprecators)
       19    0.000    0.000    0.000    0.000 path.py:99(__init__)
      847    0.000    0.000    0.000    0.000 {built-in method _thread.allocate_lock}
      876    0.000    0.000    0.000    0.000 {method 'find' of 'bytearray' objects}
        1    0.000    0.000    0.000    0.000 arraylike.py:1(<module>)
      168    0.000    0.000    0.000    0.000 typing.py:1061(<genexpr>)
        1    0.000    0.000    0.000    0.000 _color_data.py:1(<module>)
       19    0.000    0.000    0.000    0.000 pathlib.py:407(_load_parts)
       60    0.000    0.000    0.000    0.000 typing.py:1454(<genexpr>)
      236    0.000    0.000    0.000    0.000 _collections.py:20(__missing__)
      357    0.000    0.000    0.000    0.000 feedparser.py:127(__next__)
      170    0.000    0.000    0.000    0.000 colors.py:953(copy)
        1    0.000    0.000    0.000    0.000 scale.py:737(_get_scale_docs)
        1    0.000    0.000    0.000    0.000 _mixins.py:92(NDArrayBackedExtensionArray)
       17    0.000    0.000    0.000    0.000 generic.py:36(create_pandas_abc_type)
       14    0.000    0.000    0.000    0.000 __init__.py:199(split)
      109    0.000    0.000    0.000    0.000 <frozen codecs>:319(decode)
        1    0.000    0.000    0.000    0.000 mlab.py:1(<module>)
        2    0.000    0.000    0.000    0.000 __init__.py:415(<genexpr>)
      163    0.000    0.000    0.000    0.000 inspect.py:2461(_descriptor_get)
       11    0.000    0.000    0.000    0.000 version.py:45(parse)
        3    0.000    0.000    0.000    0.000 expr.py:280(disallowed)
       66    0.000    0.000    0.000    0.000 typing.py:1557(<genexpr>)
        1    0.000    0.000    0.000    0.000 figure.py:2360(Figure)
        2    0.000    0.000    0.000    0.000 _exceptions.py:1(<module>)
        1    0.000    0.000    0.000    0.000 results.py:1(<module>)
        1    0.000    0.000    0.000    0.000 datetimelike.py:87(DatetimeIndexOpsMixin)
        2    0.000    0.000    0.000    0.000 <frozen importlib._bootstrap_external>:1544(find_distributions)
      653    0.000    0.000    0.000    0.000 enum.py:70(_is_internal_class)
      100    0.000    0.000    0.000    0.000 {method 'strftime' of 'datetime.date' objects}
        1    0.000    0.000    0.000    0.000 model.py:1(<module>)
       78    0.000    0.000    0.000    0.000 core.py:4038(<genexpr>)
      605    0.000    0.000    0.000    0.000 _inspect.py:13(ismethod)
        1    0.000    0.000    0.000    0.000 arraylike.py:31(OpsMixin)
        1    0.000    0.000    0.000    0.000 accessor_dt.py:1(<module>)
        1    0.000    0.000    0.000    0.000 traceback.py:1(<module>)
      151    0.000    0.000    0.000    0.000 _parser.py:893(_parse_flags)
        1    0.000    0.000    0.000    0.000 categorical.py:246(Categorical)
        1    0.000    0.000    0.000    0.000 pdcompat.py:1(<module>)
        2    0.000    0.000    0.000    0.000 __init__.py:777(find_distributions)
        1    0.000    0.000    0.000    0.000 numbers.py:1(<module>)
        1    0.000    0.000    0.000    0.000 _meta.py:8(PackageMetadata)
        1    0.000    0.000    0.000    0.000 axis3d.py:38(Axis)
        1    0.000    0.000    0.000    0.000 isoparser.py:1(<module>)
        1    0.000    0.000    0.000    0.000 indexes.py:1(<module>)
       41    0.000    0.000    0.000    0.000 pathlib.py:447(__fspath__)
      666    0.000    0.000    0.000    0.000 {built-in method builtins.iter}
        1    0.000    0.000    0.000    0.000 pkgutil.py:1(<module>)
        1    0.000    0.000    0.000    0.000 pathlib.py:81(_make_selector)
       10    0.000    0.000    0.000    0.000 path.py:191(_create_closed)
      863    0.000    0.000    0.000    0.000 watercolumn_run_lib.py:78(save_2d_data)
        1    0.000    0.000    0.000    0.000 _cm_listed.py:1(<module>)
       80    0.000    0.000    0.000    0.000 _parser.py:274(getuntil)
       30    0.000    0.000    0.000    0.000 _inspect.py:140(formatargspec)
        2    0.000    0.000    0.000    0.000 __init__.py:790(_search_paths)
      170    0.000    0.000    0.000    0.000 colors.py:771(__copy__)
      139    0.000    0.000    0.000    0.000 core.py:1973(__eq__)
        1    0.000    0.000    0.000    0.000 pathlib.py:193(__init__)
        7    0.000    0.000    0.000    0.000 core.py:1453(__radd__)
        1    0.000    0.000    0.000    0.000 dtypes.py:945(PeriodDtype)
      537    0.000    0.000    0.000    0.000 rcsetup.py:180(validator)
        1    0.000    0.000    0.000    0.000 _calamine.py:1(<module>)
      492    0.000    0.000    0.000    0.000 _compiler.py:570(isstring)
        3    0.000    0.000    0.000    0.000 _fontconfig_pattern.py:59(comma_separated)
      113    0.000    0.000    0.000    0.000 _parser.py:312(_class_escape)
       27    0.000    0.000    0.000    0.000 artist.py:45(allow_rasterization)
        1    0.000    0.000    0.000    0.000 actions.py:1(<module>)
      698    0.000    0.000    0.000    0.000 ast.py:257(iter_fields)
       80    0.000    0.000    0.000    0.000 calendar.py:102(__getitem__)
        2    0.000    0.000    0.000    0.000 __init__.py:750(__init__)
        1    0.000    0.000    0.000    0.000 treenode.py:1(<module>)
  306/282    0.000    0.000    0.000    0.000 results.py:171(__init__)
        1    0.000    0.000    0.000    0.000 gzip.py:1(<module>)
        1    0.000    0.000    0.000    0.000 pathlib.py:106(_compile_pattern)
       11    0.000    0.000    0.000    0.000 core.py:1705(__call__)
     2403    0.000    0.000    0.000    0.000 {built-in method builtins.chr}
      133    0.000    0.000    0.000    0.000 expr.py:181(<genexpr>)
        1    0.000    0.000    0.000    0.000 variables.py:1(<module>)
       97    0.000    0.000    0.000    0.000 docscrape.py:192(_strip)
        1    0.000    0.000    0.000    0.000 backend_bases.py:2802(NavigationToolbar2)
        1    0.000    0.000    0.000    0.000 ExifTags.py:305(GPS)
       66    0.000    0.000    0.000    0.000 dataclasses.py:701(_is_type)
        1    0.000    0.000    0.000    0.000 _xlrd.py:1(<module>)
       32    0.000    0.000    0.000    0.000 __init__.py:667(__init__)
        1    0.000    0.000    0.000    0.000 dataclasses.py:638(_frozen_get_del_attr)
       43    0.000    0.000    0.000    0.000 ipaddress.py:1886(__init__)
    379/1    0.000    0.000    0.000    0.000 __config__.py:19(_cleanup)
       23    0.000    0.000    0.000    0.000 core.py:5165(__init__)
       13    0.000    0.000    0.000    0.000 textwrap.py:470(indent)
      317    0.000    0.000    0.000    0.000 function_base.py:465(_needs_add_docstring)
       41    0.000    0.000    0.000    0.000 enum.py:1035(_find_new_)
        1    0.000    0.000    0.000    0.000 isoparser.py:42(isoparser)
      222    0.000    0.000    0.000    0.000 _compiler.py:467(_get_charset_prefix)
      246    0.000    0.000    0.000    0.000 {built-in method _sre.compile}
        1    0.000    0.000    0.000    0.000 datetimelike.py:196(DatetimeLikeArrayMixin)
        8    0.000    0.000    0.000    0.000 core.py:585(_setResultsName)
       24    0.000    0.000    0.000    0.000 _add_newdocs_scalars.py:71(add_newdoc_for_scalar_type)
        6    0.000    0.000    0.000    0.000 deprecation.py:242(__set_name__)
       26    0.000    0.000    0.000    0.000 core.py:921(__init__)
        1    0.000    0.000    0.000    0.000 dviread.py:238(Dvi)
        1    0.000    0.000    0.000    0.000 unicode.py:121(pyparsing_unicode)
      160    0.000    0.000    0.000    0.000 <frozen posixpath>:60(isabs)
       33    0.000    0.000    0.000    0.000 {method '__typing_subst__' of 'typing.TypeVar' objects}
       16    0.000    0.000    0.000    0.000 base.py:549(find)
      206    0.000    0.000    0.000    0.000 docscrape.py:56(read)
       24    0.000    0.000    0.000    0.000 pathlib.py:387(_parse_path)
     1370    0.000    0.000    0.000    0.000 {method 'isupper' of 'str' objects}
        1    0.000    0.000    0.000    0.000 datetimelike.py:430(DatetimeTimedeltaMixin)
      106    0.000    0.000    0.000    0.000 extension.py:32(_inherit_from_data)
        1    0.000    0.000    0.000    0.000 widgets.py:344(Slider)
        1    0.000    0.000    0.000    0.000 arraysetops.py:1(<module>)
        1    0.000    0.000    0.000    0.000 pydoc.py:485(Doc)
        1    0.000    0.000    0.000    0.000 common.py:304(_get_filepath_or_buffer)
        1    0.000    0.000    0.000    0.000 base_parser.py:101(ParserBase)
        1    0.000    0.000    0.000    0.000 period.py:80(PeriodIndex)
        1    0.000    0.000    0.000    0.000 proj3d.py:1(<module>)
        1    0.000    0.000    0.000    0.000 _collections.py:1(<module>)
        1    0.000    0.000    0.000    0.000 tempfile.py:1(<module>)
        1    0.000    0.000    0.000    0.000 parallelcompat.py:1(<module>)
        1    0.000    0.000    0.000    0.000 datatree_render.py:1(<module>)
       95    0.000    0.000    0.000    0.000 accessor.py:94(_create_delegator_property)
        1    0.000    0.000    0.000    0.000 ticker.py:2240(LogLocator)
       53    0.000    0.000    0.000    0.000 <frozen posixpath>:256(expanduser)
        1    0.000    0.000    0.000    0.000 _typed_ops.py:1(<module>)
        1    0.000    0.000    0.000    0.000 timedeltas.py:103(TimedeltaArray)
       44    0.000    0.000    0.000    0.000 typing.py:977(_typevar_subst)
        1    0.000    0.000    0.000    0.000 _nested_sequence.py:1(<module>)
      146    0.000    0.000    0.000    0.000 {built-in method builtins.locals}
       30    0.000    0.000    0.000    0.000 ipaddress.py:1282(__init__)
     1254    0.000    0.000    0.000    0.000 <frozen importlib._bootstrap_external>:71(_relax_case)
        1    0.000    0.000    0.000    0.000 sysconfig.py:448(get_makefile_filename)
        1    0.000    0.000    0.000    0.000 transforms.py:84(TransformNode)
       12    0.000    0.000    0.000    0.000 _strptime.py:219(__seqToRE)
        1    0.000    0.000    0.000    0.000 _openpyxl.py:1(<module>)
      169    0.000    0.000    0.000    0.000 core.py:2383(__new__)
        4    0.000    0.000    0.000    0.000 colors.py:1679(_make_norm_from_scale)
      605    0.000    0.000    0.000    0.000 _inspect.py:26(isfunction)
      267    0.000    0.000    0.000    0.000 pathlib.py:1164(__new__)
        1    0.000    0.000    0.000    0.000 construction.py:596(_homogenize)
        1    0.000    0.000    0.000    0.000 gridspec.py:1(<module>)
        1    0.000    0.000    0.000    0.000 legend_handler.py:1(<module>)
        1    0.000    0.000    0.000    0.000 parallel.py:1(<module>)
        1    0.000    0.000    0.000    0.000 core.py:3712(ParseExpression)
      206    0.000    0.000    0.000    0.000 docscrape.py:21(strip_blank_lines)
      842    0.000    0.000    0.000    0.000 <frozen importlib._bootstrap>:412(__init__)
     2134    0.000    0.000    0.000    0.000 copy.py:172(_deepcopy_atomic)
      203    0.000    0.000    0.000    0.000 <frozen abc>:7(abstractmethod)
        2    0.000    0.000    0.000    0.000 lazy.py:84(__new__)
      508    0.000    0.000    0.000    0.000 {built-in method numpy.asanyarray}
        3    0.000    0.000    0.000    0.000 pathlib.py:1197(home)
        2    0.000    0.000    0.000    0.000 _strptime.py:88(__calc_month)
        1    0.000    0.000    0.000    0.000 _encoded_words.py:1(<module>)
       13    0.000    0.000    0.000    0.000 core.py:8389(__init__)
        1    0.000    0.000    0.000    0.000 integer.py:1(<module>)
      357    0.000    0.000    0.000    0.000 feedparser.py:77(readline)
        1    0.000    0.000    0.000    0.000 patches.py:3086(ArrowStyle)
      728    0.000    0.000    0.000    0.000 _parser.py:172(__setitem__)
       20    0.000    0.000    0.000    0.000 colors.py:1189(reversed)
      776    0.000    0.000    0.000    0.000 <frozen importlib._bootstrap_external>:1573(<genexpr>)
       18    0.000    0.000    0.000    0.000 __init__.py:416(by_key)
        1    0.000    0.000    0.000    0.000 shlex.py:1(<module>)
        2    0.000    0.000    0.000    0.000 sysconfig.py:258(_extend_dict)
       40    0.000    0.000    0.000    0.000 colors.py:1149(__init__)
        1    0.000    0.000    0.000    0.000 printing.py:1(<module>)
        7    0.000    0.000    0.000    0.000 core.py:5840(__add__)
       98    0.000    0.000    0.000    0.000 _policybase.py:293(header_source_parse)
        1    0.000    0.000    0.000    0.000 widgets.py:2533(SpanSelector)
      586    0.000    0.000    0.000    0.000 _inspect.py:41(iscode)
      322    0.000    0.000    0.000    0.000 socket.py:79(<lambda>)
       44    0.000    0.000    0.000    0.000 core.py:3063(_generateDefaultName)
        1    0.000    0.000    0.000    0.000 widgets.py:1341(TextBox)
      194    0.000    0.000    0.000    0.000 docscrape.py:35(__init__)
       32    0.000    0.000    0.000    0.000 <frozen _collections_abc>:974(update)
       19    0.000    0.000    0.000    0.000 artist.py:24(_prevent_rasterization)
        1    0.000    0.000    0.000    0.000 _parser.py:58(_timelex)
      323    0.000    0.000    0.000    0.000 socket.py:84(<lambda>)
      324    0.000    0.000    0.000    0.000 socket.py:89(<lambda>)
      344    0.000    0.000    0.000    0.000 inspect.py:1813(_shadowed_dict)
      325    0.000    0.000    0.000    0.000 socket.py:94(<lambda>)
        1    0.000    0.000    0.000    0.000 stata.py:823(StataMissingValue)
       50    0.000    0.000    0.000    0.000 _internal.py:872(_ufunc_doc_signature_formatter)
      413    0.000    0.000    0.000    0.000 {built-in method builtins.repr}
        1    0.000    0.000    0.000    0.000 lazy.py:1(<module>)
       13    0.000    0.000    0.000    0.000 core.py:8394(getdoc)
        1    0.000    0.000    0.000    0.000 _iotools.py:1(<module>)
      183    0.000    0.000    0.000    0.000 textwrap.py:482(prefixed_lines)
        1    0.000    0.000    0.000    0.000 base.py:284(IndexOpsMixin)
        1    0.000    0.000    0.000    0.000 transforms.py:2106(IdentityTransform)
      863    0.000    0.000    0.000    0.000 watercolumn_run_lib.py:65(save_1d_data)
        1    0.000    0.000    0.000    0.000 legendre.py:1(<module>)
     1007    0.000    0.000    0.000    0.000 {built-in method sys.getrecursionlimit}
        1    0.000    0.000    0.000    0.000 widgets.py:615(RangeSlider)
        1    0.000    0.000    0.000    0.000 process.py:1(<module>)
      130    0.000    0.000    0.000    0.000 colors.py:967(__init__)
      706    0.000    0.000    0.000    0.000 <frozen importlib._bootstrap_external>:1153(__init__)
      246    0.000    0.000    0.000    0.000 _parser.py:953(fix_flags)
       65    0.000    0.000    0.000    0.000 results.py:449(__iadd__)
       24    0.000    0.000    0.000    0.000 dviread.py:220(decorate)
      793    0.000    0.000    0.000    0.000 {function RcParams.__getitem__ at 0x7f51fc57a020}
        1    0.000    0.000    0.000    0.000 collections.py:27(Collection)
        1    0.000    0.000    0.000    0.000 tz.py:1552(__call__)
       34    0.000    0.000    0.000    0.000 generic.py:13611(make_doc)
        1    0.000    0.000    0.000    0.000 core.py:456(DebugActions)
        3    0.000    0.000    0.000    0.000 numba_.py:1(<module>)
      261    0.000    0.000    0.000    0.000 compute.py:236(_make_generic_wrapper)
        1    0.000    0.000    0.000    0.000 axis.py:596(Axis)
      263    0.000    0.000    0.000    0.000 core.py:3730(<genexpr>)
        2    0.000    0.000    0.000    0.000 _adapters.py:46(__init__)
       44    0.000    0.000    0.000    0.000 results.py:554(copy)
      526    0.000    0.000    0.000    0.000 typing.py:2534(final)
        1    0.000    0.000    0.000    0.000 reduction.py:1(<module>)
      162    0.000    0.000    0.000    0.000 rcsetup.py:140(validate_bool)
        9    0.000    0.000    0.000    0.000 frame.py:4608(_box_col_values)
       20    0.000    0.000    0.000    0.000 ipaddress.py:1183(_ip_int_from_string)
       12    0.000    0.000    0.000    0.000 message.py:494(get)
        2    0.000    0.000    0.000    0.000 _adapters.py:63(_repair_headers)
        1    0.000    0.000    0.000    0.000 geo.py:294(HammerAxes)
        1    0.000    0.000    0.000    0.000 series.py:5136(reindex)
        1    0.000    0.000    0.000    0.000 python_parser.py:1(<module>)
      356    0.000    0.000    0.000    0.000 inspect.py:299(ismethod)
        1    0.000    0.000    0.000    0.000 _odfreader.py:1(<module>)
        1    0.000    0.000    0.000    0.000 pickle_compat.py:1(<module>)
      448    0.000    0.000    0.000    0.000 colors.py:348(<genexpr>)
        1    0.000    0.000    0.000    0.000 core.py:6550(__new__)
      114    0.000    0.000    0.000    0.000 <frozen _collections_abc>:804(get)
       58    0.000    0.000    0.000    0.000 contextlib.py:299(helper)
        3    0.000    0.000    0.000    0.000 pathlib.py:1398(expanduser)
      109    0.000    0.000    0.000    0.000 {built-in method _codecs.utf_8_decode}
        1    0.000    0.000    0.000    0.000 geo.py:341(MollweideAxes)
        1    0.000    0.000    0.000    0.000 geo.py:413(LambertAxes)
        1    0.000    0.000    0.000    0.000 geo.py:246(AitoffAxes)
        1    0.000    0.000    0.000    0.000 generic.py:5343(reindex)
        1    0.000    0.000    0.000    0.000 _datasource.py:1(<module>)
      222    0.000    0.000    0.000    0.000 transforms.py:1329(<genexpr>)
        1    0.000    0.000    0.000    0.000 contour.py:716(ContourSet)
        2    0.000    0.000    0.000    0.000 _strptime.py:80(__calc_weekday)
        1    0.000    0.000    0.000    0.000 daskmanager.py:1(<module>)
      123    0.000    0.000    0.000    0.000 __init__.py:255(escape)
        1    0.000    0.000    0.000    0.000 contour.py:72(ContourLabeler)
        1    0.000    0.000    0.000    0.000 _compression.py:1(<module>)
       44    0.000    0.000    0.000    0.000 core.py:3946(<genexpr>)
        1    0.000    0.000    0.000    0.000 einsumfunc.py:1(<module>)
        1    0.000    0.000    0.000    0.000 combine.py:1(<module>)
        1    0.000    0.000    0.000    0.000 pytables.py:4836(AppendableMultiFrameTable)
       36    0.000    0.000    0.000    0.000 numeric.py:136(ones)
       18    0.000    0.000    0.000    0.000 core.py:997(__init__)
        1    0.000    0.000    0.000    0.000 axis.py:43(Tick)
     1622    0.000    0.000    0.000    0.000 inspect.py:2769(default)
       38    0.000    0.000    0.000    0.000 {method 'sort' of 'list' objects}
       64    0.000    0.000    0.000    0.000 _decorators.py:443(__call__)
       81    0.000    0.000    0.000    0.000 typing.py:961(_is_unpacked_typevartuple)
      428    0.000    0.000    0.000    0.000 {method 'values' of 'mappingproxy' objects}
        1    0.000    0.000    0.000    0.000 bezier.py:1(<module>)
        6    0.000    0.000    0.000    0.000 numeric.py:2507(extend_all)
        1    0.000    0.000    0.000    0.000 dataframe_protocol.py:25(DlpackDeviceType)
     1876    0.000    0.000    0.000    0.000 __init__.py:847(<lambda>)
      471    0.000    0.000    0.000    0.000 typing.py:1603(__eq__)
        1    0.000    0.000    0.000    0.000 exceptions.py:27(ParseBaseException)
      160    0.000    0.000    0.000    0.000 shape_base.py:608(_column_stack_dispatcher)
        1    0.000    0.000    0.000    0.000 doc.py:1(<module>)
        1    0.000    0.000    0.000    0.000 ExifTags.py:360(LightSource)
       28    0.000    0.000    0.000    0.000 ipaddress.py:1617(_ip_int_from_string)
        1    0.000    0.000    0.000    0.000 stride_tricks.py:1(<module>)
        1    0.000    0.000    0.000    0.000 records.py:1(<module>)
        1    0.000    0.000    0.000    0.000 widgets.py:3738(LassoSelector)
        1    0.000    0.000    0.000    0.000 cloudpickle.py:1(<module>)
      316    0.000    0.000    0.000    0.000 rcsetup.py:878(_convert_validator_spec)
        1    0.000    0.000    0.000    0.000 sasreader.py:1(<module>)
        4    0.000    0.000    0.000    0.000 colors.py:1697(Norm)
       36    0.000    0.000    0.000    0.000 getlimits.py:91(_float_to_float)
       68    0.000    0.000    0.000    0.000 typing.py:1415(__mro_entries__)
        1    0.000    0.000    0.000    0.000 period.py:121(PeriodArray)
        1    0.000    0.000    0.000    0.000 zarr.py:1(<module>)
        1    0.000    0.000    0.000    0.000 computation.py:1(<module>)
        1    0.000    0.000    0.000    0.000 tz.py:1590(nocache)
      822    0.000    0.000    0.000    0.000 {method '__subclasses__' of 'type' objects}
      100    0.000    0.000    0.000    0.000 _strptime.py:234(<genexpr>)
      320    0.000    0.000    0.000    0.000 <frozen posixpath>:41(_get_sep)
        1    0.000    0.000    0.000    0.000 series.py:5773(isna)
        8    0.000    0.000    0.000    0.000 enum.py:1551(__or__)
        1    0.000    0.000    0.000    0.000 feather_format.py:1(<module>)
        1    0.000    0.000    0.000    0.000 generic.py:8693(isna)
      443    0.000    0.000    0.000    0.000 {built-in method sys.intern}
        1    0.000    0.000    0.000    0.000 _polybase.py:1(<module>)
        8    0.000    0.000    0.000    0.000 message.py:596(get_content_type)
        1    0.000    0.000    0.000    0.000 core.py:4481(ParseElementEnhance)
        1    0.000    0.000    0.000    0.000 _mathtext_data.py:1(<module>)
        1    0.000    0.000    0.000    0.000 hatch.py:1(<module>)
        6    0.000    0.000    0.000    0.000 functools.py:852(register)
       28    0.000    0.000    0.000    0.000 __init__.py:1428(_fixupParents)
        1    0.000    0.000    0.000    0.000 _adapters.py:19(Message)
     1130    0.000    0.000    0.000    0.000 inspect.py:3058(parameters)
       78    0.000    0.000    0.000    0.000 util.py:113(set_)
        1    0.000    0.000    0.000    0.000 texmanager.py:1(<module>)
        1    0.000    0.000    0.000    0.000 _endian.py:1(<module>)
        1    0.000    0.000    0.000    0.000 contextlib.py:78(inner)
       30    0.000    0.000    0.000    0.000 rcsetup.py:52(__init__)
        1    0.000    0.000    0.000    0.000 version.py:36(_Version)
        1    0.000    0.000    0.000    0.000 dataset_plot.py:1(<module>)
        1    0.000    0.000    0.000    0.000 laguerre.py:1(<module>)
        1    0.000    0.000    0.000    0.000 _legacy.py:1(<module>)
      318    0.000    0.000    0.000    0.000 __init__.py:781(__iter__)
      810    0.000    0.000    0.000    0.000 <frozen importlib._bootstrap>:653(has_location)
        1    0.000    0.000    0.000    0.000 _adapters.py:40(CompatibilityFiles)
        1    0.000    0.000    0.000    0.000 expr.py:324(f)
        1    0.000    0.000    0.000    0.000 lines.py:216(Line2D)
        3    0.000    0.000    0.000    0.000 feedparser.py:100(push)
        1    0.000    0.000    0.000    0.000 base.py:110(ExtensionArray)
        2    0.000    0.000    0.000    0.000 frequencies.py:1(<module>)
        1    0.000    0.000    0.000    0.000 ipc.py:1(<module>)
        1    0.000    0.000    0.000    0.000 _type_aliases.py:94(_add_aliases)
        1    0.000    0.000    0.000    0.000 missing.py:101(isna)
        1    0.000    0.000    0.000    0.000 patches.py:4054(FancyArrowPatch)
       31    0.000    0.000    0.000    0.000 <frozen os>:680(__getitem__)
       28    0.000    0.000    0.000    0.000 calendar.py:121(__getitem__)
        1    0.000    0.000    0.000    0.000 hermite_e.py:1(<module>)
        1    0.000    0.000    0.000    0.000 chebyshev.py:1(<module>)
        1    0.000    0.000    0.000    0.000 widgets.py:3814(PolygonSelector)
        1    0.000    0.000    0.000    0.000 backend_tools.py:29(Cursors)
        1    0.000    0.000    0.000    0.000 missing.py:184(_isna)
        1    0.000    0.000    0.000    0.000 managers.py:2121(create_block_manager_from_column_arrays)
        1    0.000    0.000    0.000    0.000 array.py:287(SparseArray)
        1    0.000    0.000    0.000    0.000 getlimits.py:1(<module>)
        1    0.000    0.000    0.000    0.000 unicode.py:99(identbodychars)
       12    0.000    0.000    0.000    0.000 datetimelike.py:164(_make_unpacked_invalid_op)
        1    0.000    0.000    0.000    0.000 patches.py:2293(BoxStyle)
        1    0.000    0.000    0.000    0.000 histograms.py:1(<module>)
       15    0.000    0.000    0.000    0.000 typing.py:2112(runtime_checkable)
       47    0.000    0.000    0.000    0.000 ipaddress.py:533(_split_addr_prefix)
       10    0.000    0.000    0.000    0.000 _text.py:79(__hash__)
        1    0.000    0.000    0.000    0.000 hermite.py:1(<module>)
        1    0.000    0.000    0.000    0.000 c_parser_wrapper.py:355(_concatenate_chunks)
      504    0.000    0.000    0.000    0.000 enum.py:251(__init__)
        1    0.000    0.000    0.000    0.000 _pyxlsb.py:1(<module>)
        1    0.000    0.000    0.000    0.000 __init__.py:495(_get_xdg_config_dir)
      705    0.000    0.000    0.000    0.000 <frozen importlib._bootstrap_external>:1178(get_filename)
        1    0.000    0.000    0.000    0.000 calendar.py:58(Month)
       71    0.000    0.000    0.000    0.000 typing.py:1542(<genexpr>)
        1    0.000    0.000    0.000    0.000 dataframe_protocol.py:38(DtypeKind)
       41    0.000    0.000    0.000    0.000 enum.py:957(_check_for_existing_members_)
      317    0.000    0.000    0.000    0.000 overrides.py:105(array_function_dispatch)
      821    0.000    0.000    0.000    0.000 typing.py:774(<genexpr>)
       30    0.000    0.000    0.000    0.000 dataclasses.py:864(_set_new_attribute)
        4    0.000    0.000    0.000    0.000 ast.py:56(literal_eval)
        1    0.000    0.000    0.000    0.000 mixins.py:1(<module>)
      163    0.000    0.000    0.000    0.000 inspect.py:303(ismethoddescriptor)
        1    0.000    0.000    0.000    0.000 _multiarray_umath.py:1(<module>)
        1    0.000    0.000    0.000    0.000 function.py:1(<module>)
        1    0.000    0.000    0.000    0.000 results.py:34(ParseResults)
        1    0.000    0.000    0.000    0.000 quoprimime.py:1(<module>)
        1    0.000    0.000    0.000    0.000 core.py:5051(__init__)
       12    0.000    0.000    0.000    0.000 __init__.py:728(search)
        8    0.000    0.000    0.000    0.000 cftime_offsets.py:661(_generate_anchored_offsets)
        1    0.000    0.000    0.000    0.000 __init__.py:60(Sectioned)
        2    0.000    0.000    0.000    0.000 __init__.py:331(_compile_template)
        1    0.000    0.000    0.000    0.000 gridspec.py:26(GridSpecBase)
        2    0.000    0.000    0.000    0.000 __init__.py:347(__new__)
      359    0.000    0.000    0.000    0.000 _compiler.py:31(_combine_flags)
       80    0.000    0.000    0.000    0.000 ipaddress.py:1209(_parse_octet)
        9    0.000    0.000    0.000    0.000 managers.py:1012(iget)
       16    0.000    0.000    0.000    0.000 sysconfig.py:249(_subst_vars)
      170    0.000    0.000    0.000    0.000 colors.py:677(__init__)
        1    0.000    0.000    0.000    0.000 extension_array.py:1(<module>)
      143    0.000    0.000    0.000    0.000 _decorators.py:477(__init__)
        1    0.000    0.000    0.000    0.000 compressors.py:1(<module>)
        1    0.000    0.000    0.000    0.000 cbook.py:539(_get_data_path)
      194    0.000    0.000    0.000    0.000 docscrape.py:403(<genexpr>)
       29    0.000    0.000    0.000    0.000 __init__.py:1497(__init__)
        1    0.000    0.000    0.000    0.000 groupby.py:764(BaseGroupBy)
        1    0.000    0.000    0.000    0.000 tz.py:458(__init__)
        1    0.000    0.000    0.000    0.000 streamplot.py:1(<module>)
        6    0.000    0.000    0.000    0.000 message.py:620(get_content_maintype)
        1    0.000    0.000    0.000    0.000 common.py:515(get_compression_method)
        2    0.000    0.000    0.000    0.000 lazy.py:139(__new__)
       28    0.000    0.000    0.000    0.000 pathlib.py:618(stem)
        6    0.000    0.000    0.000    0.000 abc.py:41(_register)
        1    0.000    0.000    0.000    0.000 extension.py:1(<module>)
       41    0.000    0.000    0.000    0.000 enum.py:383(__init__)
      190    0.000    0.000    0.000    0.000 expr.py:183(<genexpr>)
      154    0.000    0.000    0.000    0.000 core.py:792(preParse)
        3    0.000    0.000    0.000    0.000 cast.py:124(maybe_convert_platform)
      191    0.000    0.000    0.000    0.000 doc.py:11(create_section_header)
        1    0.000    0.000    0.000    0.000 transforms.py:211(BboxBase)
        1    0.000    0.000    0.000    0.000 _shape.py:1(<module>)
        1    0.000    0.000    0.000    0.000 patches.py:3807(FancyBboxPatch)
        1    0.000    0.000    0.000    0.000 _docstring.py:1(<module>)
        1    0.000    0.000    0.000    0.000 image.py:1034(NonUniformImage)
        1    0.000    0.000    0.000    0.000 table.py:37(Cell)
       58    0.000    0.000    0.000    0.000 contextlib.py:104(__init__)
        1    0.000    0.000    0.000    0.000 widgets.py:3056(ToolHandles)
      705    0.000    0.000    0.000    0.000 <frozen importlib._bootstrap_external>:986(create_module)
        1    0.000    0.000    0.000    0.000 _triinterpolate.py:578(_ReducedHCT_Element)
        1    0.000    0.000    0.000    0.000 core.py:4908(_MultipleMatch)
        1    0.000    0.000    0.000    0.000 _sysconfigdata__linux_x86_64-linux-gnu.py:1(<module>)
        1    0.000    0.000    0.000    0.000 string_.py:275(StringArray)
        1    0.000    0.000    0.000    0.000 {function SeedSequence.generate_state at 0x7f51fdc9fec0}
      246    0.000    0.000    0.000    0.000 _parser.py:77(__init__)
        1    0.000    0.000    0.000    0.000 core.py:5352(Forward)
        1    0.000    0.000    0.000    0.000 widgets.py:1949(Cursor)
        1    0.000    0.000    0.000    0.000 variable.py:347(Variable)
        2    0.000    0.000    0.000    0.000 _parser.py:996(parse_template)
        1    0.000    0.000    0.000    0.000 scope.py:1(<module>)
        1    0.000    0.000    0.000    0.000 backend_bases.py:153(RendererBase)
       49    0.000    0.000    0.000    0.000 colors.py:394(<genexpr>)
        1    0.000    0.000    0.000    0.000 tzinfo.py:1(<module>)
      248    0.000    0.000    0.000    0.000 patches.py:2271(<genexpr>)
       67    0.000    0.000    0.000    0.000 results.py:210(__getitem__)
       16    0.000    0.000    0.000    0.000 _type_aliases.py:58(bitname)
        1    0.000    0.000    0.000    0.000 accessor.py:30(DataArrayPlotAccessor)
        1    0.000    0.000    0.000    0.000 patches.py:1259(Arrow)
        2    0.000    0.000    0.000    0.000 _strptime.py:107(__calc_date_time)
        2    0.000    0.000    0.000    0.000 core.py:3849(_setResultsName)
        1    0.000    0.000    0.000    0.000 accessor_str.py:1(<module>)
       40    0.000    0.000    0.000    0.000 generic.py:6301(__setattr__)
        1    0.000    0.000    0.000    0.000 contexts.py:1(<module>)
      177    0.000    0.000    0.000    0.000 typing.py:944(__hash__)
      137    0.000    0.000    0.000    0.000 core.py:1753(set_whitespace_chars)
        1    0.000    0.000    0.000    0.000 transforms.py:2338(CompositeGenericTransform)
       87    0.000    0.000    0.000    0.000 {method 'groups' of 're.Match' objects}
      294    0.000    0.000    0.000    0.000 typing.py:1598(_value_and_type_iter)
      160    0.000    0.000    0.000    0.000 shape_base.py:207(_arrays_for_stack_dispatcher)
        1    0.000    0.000    0.000    0.000 patches.py:4394(ConnectionPatch)
        1    0.000    0.000    0.000    0.000 _layoutgrid.py:1(<module>)
        1    0.000    0.000    0.000    0.000 __init__.py:505(_get_xdg_cache_dir)
        1    0.000    0.000    0.000    0.000 string_arrow.py:82(ArrowStringArray)
        1    0.000    0.000    0.000    0.000 core.py:2808(__new__)
        8    0.000    0.000    0.000    0.000 core.py:4909(__init__)
        1    0.000    0.000    0.000    0.000 offsetbox.py:1212(AnnotationBbox)
        1    0.000    0.000    0.000    0.000 widgets.py:2945(ToolLineHandles)
        1    0.000    0.000    0.000    0.000 backend_bases.py:1671(FigureCanvasBase)
       19    0.000    0.000    0.000    0.000 __init__.py:132(check_shape)
        1    0.000    0.000    0.000    0.000 file_manager.py:54(CachingFileManager)
        1    0.000    0.000    0.000    0.000 managers.py:2190(_form_blocks)
        1    0.000    0.000    0.000    0.000 path.py:24(Path)
        1    0.000    0.000    0.000    0.000 win.py:1(<module>)
       50    0.000    0.000    0.000    0.000 config.py:780(config_prefix)
        1    0.000    0.000    0.000    0.000 tempfile.py:432(_TemporaryFileCloser)
        1    0.000    0.000    0.000    0.000 _compat_pickle.py:1(<module>)
       78    0.000    0.000    0.000    0.000 util.py:110(get)
        1    0.000    0.000    0.000    0.000 unicode.py:85(identchars)
        9    0.000    0.000    0.000    0.000 accessor.py:145(_map_and_wrap)
      478    0.000    0.000    0.000    0.000 {built-in method builtins.vars}
        1    0.000    0.000    0.000    0.000 mixins.py:59(NDArrayOperatorsMixin)
       45    0.000    0.000    0.000    0.000 typing.py:307(_unpack_args)
        1    0.000    0.000    0.000    0.000 offsetbox.py:208(OffsetBox)
        6    0.000    0.000    0.000    0.000 categorical.py:122(_cat_compare_op)
       22    0.000    0.000    0.000    0.000 core.py:1013(reset_cache)
      342    0.000    0.000    0.000    0.000 {built-in method numpy.core._multiarray_umath.add_docstring}
      270    0.000    0.000    0.000    0.000 _decorators.py:343(doc)
        8    0.000    0.000    0.000    0.000 core.py:4280(_generateDefaultName)
        2    0.000    0.000    0.000    0.000 feedparser.py:182(close)
        1    0.000    0.000    0.000    0.000 backend_managers.py:1(<module>)
       10    0.000    0.000    0.000    0.000 pathlib.py:711(joinpath)
      102    0.000    0.000    0.000    0.000 exceptions.py:46(__init__)
        1    0.000    0.000    0.000    0.000 display.py:1(<module>)
       20    0.000    0.000    0.000    0.000 warnings.py:166(simplefilter)
      490    0.000    0.000    0.000    0.000 _compiler.py:428(_get_iscased)
        1    0.000    0.000    0.000    0.000 exceptions.py:85(TooHardError)
        1    0.000    0.000    0.000    0.000 collections.py:1176(PolyCollection)
       47    0.000    0.000    0.000    0.000 warnings.py:482(__enter__)
        1    0.000    0.000    0.000    0.000 info.py:359(_BaseInfo)
        1    0.000    0.000    0.000    0.000 _table_schema.py:1(<module>)
       29    0.000    0.000    0.000    0.000 cbook.py:1337(_to_unmasked_float_array)
       33    0.000    0.000    0.000    0.000 results.py:219(__setitem__)
        1    0.000    0.000    0.000    0.000 core.py:138(Diagnostics)
        2    0.000    0.000    0.000    0.000 generic.py:5598(<genexpr>)
        1    0.000    0.000    0.000    0.000 core.py:2697(MaskedArray)
      222    0.000    0.000    0.000    0.000 transforms.py:1335(<genexpr>)
        1    0.000    0.000    0.000    0.000 strings.py:1(<module>)
        1    0.000    0.000    0.000    0.000 _strptime.py:17(__init__)
        3    0.000    0.000    0.000    0.000 six.py:882(wrapper)
        1    0.000    0.000    0.000    0.000 polynomial.py:1472(Polynomial)
        1    0.000    0.000    0.000    0.000 umath.py:1(<module>)
        1    0.000    0.000    0.000    0.000 pytables.py:3342(Table)
        1    0.000    0.000    0.000    0.000 boolean.py:1(<module>)
        1    0.000    0.000    0.000    0.000 __init__.py:582(get_data_path)
      4/3    0.000    0.000    0.000    0.000 {method 'view' of 'numpy.ndarray' objects}
       11    0.000    0.000    0.000    0.000 weakref.py:104(__init__)
        1    0.000    0.000    0.000    0.000 scipy_.py:1(<module>)
       96    0.000    0.000    0.000    0.000 generic.py:42(_instancecheck)
        1    0.000    0.000    0.000    0.000 dataframe_protocol.py:365(DataFrame)
       98    0.000    0.000    0.000    0.000 _adapters.py:64(redent)
        1    0.000    0.000    0.000    0.000 datetimes.py:166(DatetimeArray)
        1    0.000    0.000    0.000    0.000 base.py:2313(is_unique)
        3    0.000    0.000    0.000    0.000 _util.py:1(<module>)
       19    0.000    0.000    0.000    0.000 path.py:202(_update_values)
       11    0.000    0.000    0.000    0.000 rcsetup.py:336(_validate_cmap)
        1    0.000    0.000    0.000    0.000 selectn.py:1(<module>)
      201    0.000    0.000    0.000    0.000 docscrape.py:162(__setitem__)
        1    0.000    0.000    0.000    0.000 helper.py:1(<module>)
        1    0.000    0.000    0.000    0.000 container.py:1(<module>)
        2    0.000    0.000    0.000    0.000 core.py:551(set_results_name)
        9    0.000    0.000    0.000    0.000 frame.py:678(_constructor_sliced_from_mgr)
        1    0.000    0.000    0.000    0.000 __init__.py:1266(ZipFile)
        1    0.000    0.000    0.000    0.000 abc.py:62(Traversable)
        2    0.000    0.000    0.000    0.000 _strptime.py:41(__seqToRE)
      540    0.000    0.000    0.000    0.000 {built-in method builtins.globals}
       96    0.000    0.000    0.000    0.000 rcsetup.py:66(__call__)
        1    0.000    0.000    0.000    0.000 pydoc.py:1897(Helper)
        1    0.000    0.000    0.000    0.000 _parser.py:569(__init__)
      170    0.000    0.000    0.000    0.000 textwrap.py:479(predicate)
      647    0.000    0.000    0.000    0.000 typing.py:2154(cast)
        1    0.000    0.000    0.000    0.000 _enums.py:27(JoinStyle)
       35    0.000    0.000    0.000    0.000 <frozen codecs>:309(__init__)
        1    0.000    0.000    0.000    0.000 _factories.py:1(<module>)
        1    0.000    0.000    0.000    0.000 arraypad.py:1(<module>)
        1    0.000    0.000    0.000    0.000 patches.py:27(Patch)
        1    0.000    0.000    0.000    0.000 base.py:5651(identical)
       11    0.000    0.000    0.000    0.000 generic.py:6236(__finalize__)
        1    0.000    0.000    0.000    0.000 _cm.py:1(<module>)
        1    0.000    0.000    0.000    0.000 widgets.py:4182(Lasso)
        6    0.000    0.000    0.000    0.000 core.py:5030(__init__)
       10    0.000    0.000    0.000    0.000 deprecation_helpers.py:122(deprecate_dims)
      266    0.000    0.000    0.000    0.000 {method 'partition' of 'str' objects}
      486    0.000    0.000    0.000    0.000 enum.py:1292(value)
        1    0.000    0.000    0.000    0.000 category.py:51(CategoricalIndex)
        1    0.000    0.000    0.000    0.000 text.py:1615(Annotation)
        1    0.000    0.000    0.000    0.000 quiver.py:443(Quiver)
      126    0.000    0.000    0.000    0.000 {method 'setter' of 'property' objects}
        1    0.000    0.000    0.000    0.000 _parser.py:294(__init__)
       28    0.000    0.000    0.000    0.000 rcsetup.py:462(_validate_linestyle)
        1    0.000    0.000    0.000    0.000 deprecation.py:1(<module>)
       13    0.000    0.000    0.000    0.000 _dtype_ctypes.py:100(dtype_from_ctypes_type)
        1    0.000    0.000    0.000    0.000 blocks.py:181(Block)
        6    0.000    0.000    0.000    0.000 dataclasses.py:250(_recursive_repr)
        3    0.000    0.000    0.000    0.000 enum.py:1414(_missing_)
        1    0.000    0.000    0.000    0.000 ufunclike.py:1(<module>)
       28    0.000    0.000    0.000    0.000 ipaddress.py:1597(_make_netmask)
        1    0.000    0.000    0.000    0.000 polar.py:18(PolarTransform)
        1    0.000    0.000    0.000    0.000 calendar.py:75(Day)
      292    0.000    0.000    0.000    0.000 __init__.py:429(<genexpr>)
        2    0.000    0.000    0.000    0.000 locks.py:49(__init__)
        1    0.000    0.000    0.000    0.000 widgets.py:996(CheckButtons)
        1    0.000    0.000    0.000    0.000 generic.py:6662(copy)
        1    0.000    0.000    0.000    0.000 tile.py:1(<module>)
       76    0.000    0.000    0.000    0.000 signal.py:9(<lambda>)
       80    0.000    0.000    0.000    0.000 _parser.py:304(checkgroupname)
        1    0.000    0.000    0.000    0.000 pydap_.py:1(<module>)
       36    0.000    0.000    0.000    0.000 getlimits.py:24(_fr1)
       47    0.000    0.000    0.000    0.000 rcsetup.py:357(validate_fontsize)
        1    0.000    0.000    0.000    0.000 ipaddress.py:383(_IPAddressBase)
        4    0.000    0.000    0.000    0.000 inspect.py:3090(__hash__)
      130    0.000    0.000    0.000    0.000 unicode.py:105(<genexpr>)
       18    0.000    0.000    0.000    0.000 __init__.py:62(_process_keys)
       23    0.000    0.000    0.000    0.000 warnings.py:182(_add_filter)
        1    0.000    0.000    0.000    0.000 _enums.py:119(CapStyle)
      100    0.000    0.000    0.000    0.000 types.py:192(__init__)
        3    0.000    0.000    0.000    0.000 _decorators.py:492(indent)
        1    0.000    0.000    0.000    0.000 Image.py:143(Transpose)
        8    0.000    0.000    0.000    0.000 core.py:5964(<genexpr>)
        1    0.000    0.000    0.000    0.000 error.py:1(<module>)
       47    0.000    0.000    0.000    0.000 warnings.py:503(__exit__)
      600    0.000    0.000    0.000    0.000 enum.py:1185(__init__)
        1    0.000    0.000    0.000    0.000 dataclasses.py:882(_hash_add)
        1    0.000    0.000    0.000    0.000 _tzpath.py:1(<module>)
        1    0.000    0.000    0.000    0.000 lru_cache.py:1(<module>)
      222    0.000    0.000    0.000    0.000 patches.py:2264(<genexpr>)
      163    0.000    0.000    0.000    0.000 inspect.py:517(isbuiltin)
        1    0.000    0.000    0.000    0.000 patches.py:1922(Arc)
        1    0.000    0.000    0.000    0.000 results.py:17(_ParseResultsWithOffset)
        2    0.000    0.000    0.000    0.000 core.py:2978(__array_finalize__)
        6    0.000    0.000    0.000    0.000 nanops.py:103(__call__)
      138    0.000    0.000    0.000    0.000 __init__.py:259(__iter__)
        1    0.000    0.000    0.000    0.000 pprint.py:1(<module>)
        1    0.000    0.000    0.000    0.000 _typed_ops.py:449(VariableOpsMixin)
        3    0.000    0.000    0.000    0.000 functools.py:800(singledispatch)
        2    0.000    0.000    0.000    0.000 phytoplankton.py:100(save_total_mass)
        1    0.000    0.000    0.000    0.000 backend_bases.py:1339(LocationEvent)
       16    0.000    0.000    0.000    0.000 copyreg.py:107(_slotnames)
       37    0.000    0.000    0.000    0.000 <frozen os>:762(encode)
        1    0.000    0.000    0.000    0.000 ImageColor.py:1(<module>)
      156    0.000    0.000    0.000    0.000 core.py:1982(__hash__)
        8    0.000    0.000    0.000    0.000 pathlib.py:719(__truediv__)
        1    0.000    0.000    0.000    0.000 memmap.py:1(<module>)
        6    0.000    0.000    0.000    0.000 core.py:5958(<lambda>)
        1    0.000    0.000    0.000    0.000 _trifinder.py:1(<module>)
       30    0.000    0.000    0.000    0.000 core.py:4281(<genexpr>)
        2    0.000    0.000    0.000    0.000 rcsetup.py:441(_validate_papersize)
        1    0.000    0.000    0.000    0.000 dataclasses.py:675(_hash_fn)
        1    0.000    0.000    0.000    0.000 base.py:5552(equals)
        2    0.000    0.000    0.000    0.000 types.py:66(new_class)
       19    0.000    0.000    0.000    0.000 ipaddress.py:1157(_make_netmask)
       52    0.000    0.000    0.000    0.000 accessor.py:76(forbid_nonstring_types)
      214    0.000    0.000    0.000    0.000 _decorators.py:316(<lambda>)
      426    0.000    0.000    0.000    0.000 <frozen _collections_abc>:341(__subclasshook__)
        1    0.000    0.000    0.000    0.000 transforms.py:1763(AffineBase)
       40    0.000    0.000    0.000    0.000 {built-in method numpy.asarray}
       13    0.000    0.000    0.000    0.000 core.py:8406(_replace_return_type)
       45    0.000    0.000    0.000    0.000 accessor.py:110(_create_delegator_method)
        1    0.000    0.000    0.000    0.000 spines.py:14(Spine)
        1    0.000    0.000    0.000    0.000 typing.py:1264(__ror__)
       11    0.000    0.000    0.000    0.000 __init__.py:64(check_isinstance)
        5    0.000    0.000    0.000    0.000 config.py:145(_get_option)
       17    0.000    0.000    0.000    0.000 rcsetup.py:273(validate_color_or_auto)
       29    0.000    0.000    0.000    0.000 pathlib.py:583(name)
        1    0.000    0.000    0.000    0.000 stata.py:1116(StataReader)
        1    0.000    0.000    0.000    0.000 _tritools.py:1(<module>)
        1    0.000    0.000    0.000    0.000 _xlsxwriter.py:1(<module>)
       14    0.000    0.000    0.000    0.000 concat.py:52(concat_compat)
       88    0.000    0.000    0.000    0.000 six.py:146(__init__)
      172    0.000    0.000    0.000    0.000 <frozen _collections_abc>:868(__iter__)
        1    0.000    0.000    0.000    0.000 polyutils.py:1(<module>)
        1    0.000    0.000    0.000    0.000 deprecation_helpers.py:1(<module>)
        8    0.000    0.000    0.000    0.000 nanops.py:75(__call__)
       60    0.000    0.000    0.000    0.000 {built-in method numpy.empty}
       23    0.000    0.000    0.000    0.000 config.py:882(is_one_of_factory)
        1    0.000    0.000    0.000    0.000 geo.py:249(AitoffTransform)
       20    0.000    0.000    0.000    0.000 getlimits.py:685(__init__)
      102    0.000    0.000    0.000    0.000 typing.py:1293(<genexpr>)
      201    0.000    0.000    0.000    0.000 rcsetup.py:59(func)
        1    0.000    0.000    0.000    0.000 _dtype_like.py:65(_DTypeDictBase)
       27    0.000    0.000    0.000    0.000 deprecation.py:176(finalize)
        3    0.000    0.000    0.000    0.000 core.py:1595(__xor__)
        1    0.000    0.000    0.000    0.000 _asarray.py:1(<module>)
        1    0.000    0.000    0.000    0.000 geo.py:416(LambertTransform)
        1    0.000    0.000    0.000    0.000 executor.py:1(<module>)
        1    0.000    0.000    0.000    0.000 _policybase.py:99(_extend_docstrings)
        1    0.000    0.000    0.000    0.000 geo.py:344(MollweideTransform)
        1    0.000    0.000    0.000    0.000 pathlib.py:628(with_name)
        1    0.000    0.000    0.000    0.000 quiver.py:870(Barbs)
       41    0.000    0.000    0.000    0.000 enum.py:986(_find_data_repr_)
        1    0.000    0.000    0.000    0.000 scale.py:201(LogTransform)
        1    0.000    0.000    0.000    0.000 <frozen os>:44(_get_exports_list)
       26    0.000    0.000    0.000    0.000 _strptime.py:56(<genexpr>)
        1    0.000    0.000    0.000    0.000 geo.py:297(HammerTransform)
       72    0.000    0.000    0.000    0.000 {method 'copy' of 'numpy.ndarray' objects}
        1    0.000    0.000    0.000    0.000 tz.py:488(_read_tzfile)
        1    0.000    0.000    0.000    0.000 __init__.py:806(Filterer)
       42    0.000    0.000    0.000    0.000 getlimits.py:101(_float_conv)
        1    0.000    0.000    0.000    0.000 ops.py:1128(DataSplitter)
        7    0.000    0.000    0.000    0.000 _parser.py:309(_convert)
       43    0.000    0.000    0.000    0.000 typing.py:2310(get_origin)
       21    0.000    0.000    0.000    0.000 __init__.py:213(__getattr__)
        1    0.000    0.000    0.000    0.000 patches.py:1314(FancyArrow)
        1    0.000    0.000    0.000    0.000 ExifTags.py:344(Interop)
        1    0.000    0.000    0.000    0.000 testing.py:17(pyparsing_test)
        6    0.000    0.000    0.000    0.000 core.py:1146(__init__)
       14    0.000    0.000    0.000    0.000 generic.py:278(__init__)
       51    0.000    0.000    0.000    0.000 core.py:1890(set_name)
       10    0.000    0.000    0.000    0.000 <frozen _collections_abc>:811(__contains__)
       13    0.000    0.000    0.000    0.000 version.py:503(_cmpkey)
        1    0.000    0.000    0.000    0.000 store.py:1(<module>)
        1    0.000    0.000    0.000    0.000 _misc.py:1(<module>)
        1    0.000    0.000    0.000    0.000 c_parser_wrapper.py:1(<module>)
        1    0.000    0.000    0.000    0.000 polar.py:188(InvertedPolarTransform)
       24    0.000    0.000    0.000    0.000 <frozen posixpath>:408(normpath)
        2    0.000    0.000    0.000    0.000 random.py:126(__init__)
        1    0.000    0.000    0.000    0.000 rrule.py:1307(rruleset)
        1    0.000    0.000    0.000    0.000 Image.py:163(Resampling)
      370    0.000    0.000    0.000    0.000 enum.py:820(<genexpr>)
        3    0.000    0.000    0.000    0.000 __init__.py:36(__deprecate_private_class)
       25    0.000    0.000    0.000    0.000 {built-in method unicodedata.name}
       78    0.000    0.000    0.000    0.000 typing.py:295(_check_generic)
        4    0.000    0.000    0.000    0.000 <frozen importlib._bootstrap>:989(create_module)
        7    0.000    0.000    0.000    0.000 _legacy.py:15(deprecated)
        2    0.000    0.000    0.000    0.000 message.py:243(get_payload)
        3    0.000    0.000    0.000    0.000 core.py:1635(__invert__)
       47    0.000    0.000    0.000    0.000 ipaddress.py:156(_split_optional_netmask)
        1    0.000    0.000    0.000    0.000 base.py:842(_engine)
       33    0.000    0.000    0.000    0.000 __init__.py:234(_acquireLock)
        1    0.000    0.000    0.000    0.000 clipboards.py:1(<module>)
        1    0.000    0.000    0.000    0.000 _xlrd.py:25(XlrdReader)
        1    0.000    0.000    0.000    0.000 __init__.py:351(_sanity_check)
        1    0.000    0.000    0.000    0.000 core.py:2974(Regex)
        1    0.000    0.000    0.000    0.000 ExifTags.py:352(IFD)
        1    0.000    0.000    0.000    0.000 backend_bases.py:1401(MouseButton)
        1    0.000    0.000    0.000    0.000 util.py:14(__config_flags)
        1    0.000    0.000    0.000    0.000 backend_bases.py:2789(_Mode)
        1    0.000    0.000    0.000    0.000 core.py:3127(view)
        2    0.000    0.000    0.000    0.000 __init__.py:188(caching_module_getattr)
        1    0.000    0.000    0.000    0.000 _odswriter.py:1(<module>)
        1    0.000    0.000    0.000    0.000 geo.py:316(InvertedHammerTransform)
        1    0.000    0.000    0.000    0.000 dataframe_protocol.py:69(ColumnNullType)
        9    0.000    0.000    0.000    0.000 series.py:789(values)
        1    0.000    0.000    0.000    0.000 {method 'disable' of '_lsprof.Profiler' objects}
        7    0.000    0.000    0.000    0.000 core.py:3510(__init__)
        1    0.000    0.000    0.000    0.000 _normalize.py:1(<module>)
        1    0.000    0.000    0.000    0.000 transforms.py:2177(BlendedGenericTransform)
        2    0.000    0.000    0.000    0.000 fnmatch.py:74(translate)
        1    0.000    0.000    0.000    0.000 transforms.py:1814(Affine2DBase)
        3    0.000    0.000    0.000    0.000 core.py:4063(__init__)
        1    0.000    0.000    0.000    0.000 common.py:160(is_url)
        1    0.000    0.000    0.000    0.000 <string>:1(<module>)
        4    0.000    0.000    0.000    0.000 common.py:250(__init_subclass__)
       10    0.000    0.000    0.000    0.000 generic.py:339(_from_mgr)
      291    0.000    0.000    0.000    0.000 docscrape.py:53(reset)
      214    0.000    0.000    0.000    0.000 {function FreezableDefaultDict.__missing__ at 0x7f51f4a15b20}
        5    0.000    0.000    0.000    0.000 dataarray_plot.py:1273(_plot2d)
        6    0.000    0.000    0.000    0.000 <frozen importlib._bootstrap>:662(spec_from_loader)
        1    0.000    0.000    0.000    0.000 GimpGradientFile.py:1(<module>)
        1    0.000    0.000    0.000    0.000 _globals.py:65(_CopyMode)
       16    0.000    0.000    0.000    0.000 _type_aliases.py:44(_bits_of)
       12    0.000    0.000    0.000    0.000 __init__.py:264(get_aliased_and_aliases)
        6    0.000    0.000    0.000    0.000 deprecation.py:506(suppress_matplotlib_deprecation_warning)
        1    0.000    0.000    0.000    0.000 scale.py:243(InvertedLogTransform)
       13    0.000    0.000    0.000    0.000 mixins.py:44(_numeric_methods)
        1    0.000    0.000    0.000    0.000 random.py:135(seed)
       97    0.000    0.000    0.000    0.000 {method 'capitalize' of 'str' objects}
       57    0.000    0.000    0.000    0.000 inspect.py:2507(<lambda>)
       61    0.000    0.000    0.000    0.000 _inspect.py:144(<lambda>)
       17    0.000    0.000    0.000    0.000 __init__.py:520(_cmpkey)
        1    0.000    0.000    0.000    0.000 Image.py:154(Transform)
       54    0.000    0.000    0.000    0.000 core.py:2438(parseImpl)
       98    0.000    0.000    0.000    0.000 message.py:511(set_raw)
        1    0.000    0.000    0.000    0.000 geo.py:272(InvertedAitoffTransform)
        3    0.000    0.000    0.000    0.000 cftimeindex.py:95(build_pattern)
        1    0.000    0.000    0.000    0.000 _mathtext.py:1823(_MathStyle)
        4    0.000    0.000    0.000    0.000 deprecation.py:139(finalize)
        4    0.000    0.000    0.000    0.000 core.py:5701(__init__)
       12    0.000    0.000    0.000    0.000 core.py:289(wrapper)
        2    0.000    0.000    0.000    0.000 typing.py:2186(get_type_hints)
        3    0.000    0.000    0.000    0.000 core.py:4890(__init__)
        1    0.000    0.000    0.000    0.000 _polybase.py:18(ABCPolyBase)
        1    0.000    0.000    0.000    0.000 scale.py:381(InvertedSymmetricalLogTransform)
        1    0.000    0.000    0.000    0.000 geo.py:386(InvertedMollweideTransform)
        4    0.000    0.000    0.000    0.000 pathlib.py:420(_from_parsed_parts)
        8    0.000    0.000    0.000    0.000 _ufunc_config.py:33(seterr)
        1    0.000    0.000    0.000    0.000 _decorators.py:1(<module>)
      133    0.000    0.000    0.000    0.000 expr.py:196(<genexpr>)
      338    0.000    0.000    0.000    0.000 enum.py:1287(name)
        1    0.000    0.000    0.000    0.000 dates.py:208(__getattr__)
        1    0.000    0.000    0.000    0.000 docstrings.py:1(<module>)
        1    0.000    0.000    0.000    0.000 geo.py:456(InvertedLambertTransform)
        3    0.000    0.000    0.000    0.000 core.py:2425(__init__)
       85    0.000    0.000    0.000    0.000 pathlib.py:569(_tail)
        8    0.000    0.000    0.000    0.000 _compiler.py:391(_bytes_to_codes)
      352    0.000    0.000    0.000    0.000 {method 'popleft' of 'collections.deque' objects}
        1    0.000    0.000    0.000    0.000 patches.py:1693(Annulus)
       29    0.000    0.000    0.000    0.000 dataclasses.py:404(field)
        1    0.000    0.000    0.000    0.000 formatting_html.py:1(<module>)
        5    0.000    0.000    0.000    0.000 ops.py:308(__init_subclass__)
        1    0.000    0.000    0.000    0.000 series.py:6459(any)
        1    0.000    0.000    0.000    0.000 scale.py:348(SymmetricalLogTransform)
        1    0.000    0.000    0.000    0.000 backend_bases.py:763(GraphicsContextBase)
        6    0.000    0.000    0.000    0.000 assertions.py:21(ensure_warnings)
        2    0.000    0.000    0.000    0.000 managers.py:1863(from_array)
       27    0.000    0.000    0.000    0.000 deprecation.py:154(_deprecated_property)
        1    0.000    0.000    0.000    0.000 common.py:64(ImplementsArrayReduce)
       52    0.000    0.000    0.000    0.000 _add_newdocs.py:6754(refer_to_array_attribute)
      194    0.000    0.000    0.000    0.000 docscrape.py:159(__getitem__)
        3    0.000    0.000    0.000    0.000 cast.py:1157(maybe_infer_to_datetimelike)
        2    0.000    0.000    0.000    0.000 __init__.py:73(CFUNCTYPE)
        1    0.000    0.000    0.000    0.000 base_parser.py:115(__init__)
       96    0.000    0.000    0.000    0.000 generic.py:37(_check)
        4    0.000    0.000    0.000    0.000 {built-in method _imp.create_builtin}
        1    0.000    0.000    0.000    0.000 indexing.py:971(IndexingSupport)
        1    0.000    0.000    0.000    0.000 _parseaddr.py:1(<module>)
        1    0.000    0.000    0.000    0.000 parse.py:374(urlparse)
       36    0.000    0.000    0.000    0.000 getlimits.py:16(_fr0)
       36    0.000    0.000    0.000    0.000 traceback.py:299(__getitem__)
        1    0.000    0.000    0.000    0.000 scale.py:609(LogisticTransform)
      171    0.000    0.000    0.000    0.000 expr.py:253(_node_not_implemented)
        1    0.000    0.000    0.000    0.000 indexing.py:1214(_LocIndexer)
        2    0.000    0.000    0.000    0.000 nanops.py:1082(_nanminmax)
        1    0.000    0.000    0.000    0.000 patches.py:2698(_Base)
      204    0.000    0.000    0.000    0.000 {method 'ljust' of 'str' objects}
        9    0.000    0.000    0.000    0.000 managers.py:2000(external_values)
        1    0.000    0.000    0.000    0.000 frozen.py:1(<module>)
        4    0.000    0.000    0.000    0.000 function_base.py:2285(__init__)
        1    0.000    0.000    0.000    0.000 patches.py:670(Rectangle)
        1    0.000    0.000    0.000    0.000 string_.py:254(BaseStringArray)
        1    0.000    0.000    0.000    0.000 datatree.py:304(DataTree)
        1    0.000    0.000    0.000    0.000 texmanager.py:56(TexManager)
      127    0.000    0.000    0.000    0.000 textwrap.py:112(__init__)
       10    0.000    0.000    0.000    0.000 core.py:4576(_generateDefaultName)
        1    0.000    0.000    0.000    0.000 _openpyxl.py:533(OpenpyxlReader)
        1    0.000    0.000    0.000    0.000 core.py:5262(__init__)
        1    0.000    0.000    0.000    0.000 _pyxlsb.py:24(PyxlsbReader)
        1    0.000    0.000    0.000    0.000 arrayterator.py:1(<module>)
       75    0.000    0.000    0.000    0.000 config.py:810(wrap)
        1    0.000    0.000    0.000    0.000 Image.py:182(Dither)
       29    0.000    0.000    0.000    0.000 dataclasses.py:489(_field_init)
        4    0.000    0.000    0.000    0.000 functools.py:188(total_ordering)
        6    0.000    0.000    0.000    0.000 uuid.py:139(__init__)
       55    0.000    0.000    0.000    0.000 typing.py:1070(<genexpr>)
        1    0.000    0.000    0.000    0.000 widgets.py:1602(RadioButtons)
        4    0.000    0.000    0.000    0.000 inspect.py:3081(_hash_basis)
       93    0.000    0.000    0.000    0.000 _inspect.py:131(strseq)
        4    0.000    0.000    0.000    0.000 _strptime.py:26(_getlang)
       31    0.000    0.000    0.000    0.000 dataclasses.py:857(_set_qualname)
        4    0.000    0.000    0.000    0.000 _ufunc_config.py:430(__enter__)
        1    0.000    0.000    0.000    0.000 scale.py:464(AsinhTransform)
       51    0.000    0.000    0.000    0.000 core.py:2409(_generateDefaultName)
        4    0.000    0.000    0.000    0.000 nanops.py:448(maybe_operate_rowwise)
       11    0.000    0.000    0.000    0.000 weakref.py:289(update)
        1    0.000    0.000    0.000    0.000 scale.py:583(LogitTransform)
        1    0.000    0.000    0.000    0.000 patches.py:964(StepPatch)
        1    0.000    0.000    0.000    0.000 _structures.py:1(<module>)
        1    0.000    0.000    0.000    0.000 version.py:67(_BaseVersion)
        1    0.000    0.000    0.000    0.000 netcdf3.py:1(<module>)
       31    0.000    0.000    0.000    0.000 ipaddress.py:1721(_parse_hextet)
        3    0.000    0.000    0.000    0.000 _common.py:132(_validate_fromutc_inputs)
        3    0.000    0.000    0.000    0.000 __init__.py:509(PYFUNCTYPE)
        1    0.000    0.000    0.000    0.000 _trirefine.py:1(<module>)
        1    0.000    0.000    0.000    0.000 base.py:21(BaseStringArrayMethods)
        1    0.000    0.000    0.000    0.000 _parser.py:1371(_tzparser)
        1    0.000    0.000    0.000    0.000 __init__.py:265(_reset_cache)
        1    0.000    0.000    0.000    0.000 core.py:4586(IndentedBlock)
       21    0.000    0.000    0.000    0.000 _docstring.py:43(update)
        1    0.000    0.000    0.000    0.000 objects.py:46(BaseIndexer)
        1    0.000    0.000    0.000    0.000 scale.py:483(InvertedAsinhTransform)
        1    0.000    0.000    0.000    0.000 {function Random.seed at 0x7f51fdcd68e0}
        1    0.000    0.000    0.000    0.000 patches.py:610(Shadow)
        1    0.000    0.000    0.000    0.000 Image.py:195(Quantize)
        1    0.000    0.000    0.000    0.000 core.py:6568(__array_finalize__)
        1    0.000    0.000    0.000    0.000 abc.py:153(TraversableResources)
        1    0.000    0.000    0.000    0.000 _pylab_helpers.py:1(<module>)
        1    0.000    0.000    0.000    0.000 _triangulation.py:1(<module>)
        2    0.000    0.000    0.000    0.000 contextlib.py:77(__call__)
        1    0.000    0.000    0.000    0.000 memory.py:1(<module>)
       10    0.000    0.000    0.000    0.000 typing.py:1554(<genexpr>)
        1    0.000    0.000    0.000    0.000 extensions.py:1(<module>)
        1    0.000    0.000    0.000    0.000 _arrow_string_mixins.py:1(<module>)
       18    0.000    0.000    0.000    0.000 base.py:478(register_extension_dtype)
        1    0.000    0.000    0.000    0.000 orc.py:1(<module>)
        1    0.000    0.000    0.000    0.000 phytoplankton.py:1(<module>)
        4    0.000    0.000    0.000    0.000 rrule.py:80(_invalidates_cache)
        3    0.000    0.000    0.000    0.000 _mixins.py:72(ravel_compat)
       10    0.000    0.000    0.000    0.000 enum.py:1404(_iter_member_by_def_)
        1    0.000    0.000    0.000    0.000 PngImagePlugin.py:99(Disposal)
        1    0.000    0.000    0.000    0.000 ops.py:105(WrappedCythonOp)
        1    0.000    0.000    0.000    0.000 core.py:3468(__init__)
       65    0.000    0.000    0.000    0.000 {method 'translate' of 'bytearray' objects}
       12    0.000    0.000    0.000    0.000 core.py:5915(<lambda>)
       24    0.000    0.000    0.000    0.000 <frozen posixpath>:138(splitroot)
        1    0.000    0.000    0.000    0.000 range.py:137(__new__)
        1    0.000    0.000    0.000    0.000 artist.py:117(Artist)
        1    0.000    0.000    0.000    0.000 _calamine.py:40(CalamineReader)
        1    0.000    0.000    0.000    0.000 options.py:1(<module>)
        1    0.000    0.000    0.000    0.000 accessor.py:908(DatasetPlotAccessor)
        1    0.000    0.000    0.000    0.000 helpers.py:658(OpAssoc)
     16/4    0.000    0.000    0.000    0.000 ast.py:86(_convert)
        3    0.000    0.000    0.000    0.000 utils.py:108(alias)
        1    0.000    0.000    0.000    0.000 base_parser.py:102(BadLineHandleMethod)
        2    0.000    0.000    0.000    0.000 config.py:273(__call__)
        1    0.000    0.000    0.000    0.000 PaletteFile.py:1(<module>)
        1    0.000    0.000    0.000    0.000 _type_aliases.py:211(_set_array_types)
        1    0.000    0.000    0.000    0.000 numerictypes.py:589(_register_types)
        9    0.000    0.000    0.000    0.000 managers.py:180(blknos)
       62    0.000    0.000    0.000    0.000 patches.py:2285(_register_style)
        1    0.000    0.000    0.000    0.000 __config__.py:14(DisplayModes)
        1    0.000    0.000    0.000    0.000 compat.py:1(<module>)
        4    0.000    0.000    0.000    0.000 nanops.py:383(_datetimelike_compat)
        5    0.000    0.000    0.000    0.000 ops.py:288(inject_numpy_same)
        1    0.000    0.000    0.000    0.000 unicode.py:234(Japanese)
        1    0.000    0.000    0.000    0.000 patches.py:1513(Ellipse)
        4    0.000    0.000    0.000    0.000 isoparser.py:22(_takes_ascii)
        4    0.000    0.000    0.000    0.000 missing.py:913(_datetimelike_compat)
        4    0.000    0.000    0.000    0.000 locale.py:582(getlocale)
        7    0.000    0.000    0.000    0.000 config.py:856(is_instance_factory)
       18    0.000    0.000    0.000    0.000 _compiler.py:407(_generate_overlap_table)
        6    0.000    0.000    0.000    0.000 numeric.py:274(full)
        2    0.000    0.000    0.000    0.000 generic.py:511(_validate_dtype)
        1    0.000    0.000    0.000    0.000 patches.py:887(RegularPolygon)
        1    0.000    0.000    0.000    0.000 __init__.py:343(__init__)
        1    0.000    0.000    0.000    0.000 series.py:6418(_reduce)
       81    0.000    0.000    0.000    0.000 __init__.py:25(decorator)
        1    0.000    0.000    0.000    0.000 ImageMode.py:1(<module>)
        1    0.000    0.000    0.000    0.000 managers.py:557(copy)
      248    0.000    0.000    0.000    0.000 {built-in method _sre.unicode_iscased}
        1    0.000    0.000    0.000    0.000 _typing.py:36(Default)
        1    0.000    0.000    0.000    0.000 common.py:103(ImplementsDatasetReduce)
        2    0.000    0.000    0.000    0.000 phytoplankton.py:51(set_initial_concentration)
        1    0.000    0.000    0.000    0.000 objects.py:93(FixedWindowIndexer)
       25    0.000    0.000    0.000    0.000 ipaddress.py:474(_prefix_from_prefix_string)
       10    0.000    0.000    0.000    0.000 base.py:461(__str__)
        2    0.000    0.000    0.000    0.000 core.py:267(__init_subclass__)
        1    0.000    0.000    0.000    0.000 cbook.py:815(Grouper)
       33    0.000    0.000    0.000    0.000 __init__.py:243(_releaseLock)
        6    0.000    0.000    0.000    0.000 dataclasses.py:428(_fields_in_init_order)
        3    0.000    0.000    0.000    0.000 core.py:1725(suppress)
        1    0.000    0.000    0.000    0.000 pycompat.py:1(<module>)
       65    0.000    0.000    0.000    0.000 deprecation.py:99(deprecated)
        1    0.000    0.000    0.000    0.000 subprocess.py:749(Popen)
        1    0.000    0.000    0.000    0.000 __future__.py:1(<module>)
      171    0.000    0.000    0.000    0.000 core.py:1742(leave_whitespace)
        1    0.000    0.000    0.000    0.000 _machar.py:1(<module>)
        2    0.000    0.000    0.000    0.000 phytoplankton.py:45(set_vertical_grid)
      130    0.000    0.000    0.000    0.000 {method 'reverse' of 'list' objects}
        9    0.000    0.000    0.000    0.000 series.py:1471(_set_as_cached)
        2    0.000    0.000    0.000    0.000 uuid.py:723(uuid4)
        5    0.000    0.000    0.000    0.000 config.py:127(_get_single_key)
        1    0.000    0.000    0.000    0.000 _string_helpers.py:1(<module>)
        1    0.000    0.000    0.000    0.000 core.py:218(NamedArray)
        2    0.000    0.000    0.000    0.000 core.py:6744(__init__)
        1    0.000    0.000    0.000    0.000 tz.py:1470(__get_gettz)
        1    0.000    0.000    0.000    0.000 pdcompat.py:55(_NoDefault)
       15    0.000    0.000    0.000    0.000 rcsetup.py:85(_listify_validator)
        1    0.000    0.000    0.000    0.000 core.py:3573(__init__)
        1    0.000    0.000    0.000    0.000 plugins.py:1(<module>)
        1    0.000    0.000    0.000    0.000 _dtype.py:1(<module>)
       14    0.000    0.000    0.000    0.000 __init__.py:145(_check_size)
        1    0.000    0.000    0.000    0.000 common.py:19(__init_subclass__)
        1    0.000    0.000    0.000    0.000 flags.py:1(<module>)
        1    0.000    0.000    0.000    0.000 GimpPaletteFile.py:1(<module>)
        1    0.000    0.000    0.000    0.000 objects.py:441(ExponentialMovingWindowIndexer)
        2    0.000    0.000    0.000    0.000 {built-in method _ctypes.POINTER}
        6    0.000    0.000    0.000    0.000 __init__.py:1517(debug)
        1    0.000    0.000    0.000    0.000 text.py:80(Text)
        1    0.000    0.000    0.000    0.000 _dtype_like.py:71(_DTypeDict)
       15    0.000    0.000    0.000    0.000 dtypes.py:1305(construct_from_string)
        8    0.000    0.000    0.000    0.000 util.py:119(clear)
        3    0.000    0.000    0.000    0.000 core.py:3604(__init__)
       90    0.000    0.000    0.000    0.000 __init__.py:185(keys)
       18    0.000    0.000    0.000    0.000 base.py:5373(__getitem__)
        4    0.000    0.000    0.000    0.000 _version.py:1(<module>)
       10    0.000    0.000    0.000    0.000 results.py:344(get)
       10    0.000    0.000    0.000    0.000 weakref.py:367(__init__)
        4    0.000    0.000    0.000    0.000 datetimelike.py:169(_period_dispatch)
        1    0.000    0.000    0.000    0.000 linalg.py:97(_determine_error_states)
        1    0.000    0.000    0.000    0.000 ImageSequence.py:1(<module>)
        1    0.000    0.000    0.000    0.000 _iotools.py:450(StringConverter)
        1    0.000    0.000    0.000    0.000 _typed_ops.py:25(DatasetOpsMixin)
        1    0.000    0.000    0.000    0.000 numeric.py:2123(identity)
       97    0.000    0.000    0.000    0.000 core.py:5961(<genexpr>)
        1    0.000    0.000    0.000    0.000 unicode.py:75(nums)
      114    0.000    0.000    0.000    0.000 {built-in method _struct.unpack}
        1    0.000    0.000    0.000    0.000 readers.py:1685(_clean_options)
       15    0.000    0.000    0.000    0.000 dtypes.py:1054(construct_from_string)
        8    0.000    0.000    0.000    0.000 <frozen posixpath>:169(basename)
        1    0.000    0.000    0.000    0.000 objects.py:123(VariableWindowIndexer)
        1    0.000    0.000    0.000    0.000 datatree_mapping.py:1(<module>)
        1    0.000    0.000    0.000    0.000 objects.py:149(VariableOffsetWindowIndexer)
        1    0.000    0.000    0.000    0.000 util.py:260(_inner)
        1    0.000    0.000    0.000    0.000 online.py:1(<module>)
       16    0.000    0.000    0.000    0.000 common.py:568(require_length_match)
        1    0.000    0.000    0.000    0.000 objects.py:279(ExpandingIndexer)
        3    0.000    0.000    0.000    0.000 base.py:649(_simple_new)
        1    0.000    0.000    0.000    0.000 unicode.py:31(unicode_set)
        5    0.000    0.000    0.000    0.000 cbook.py:849(__init__)
       30    0.000    0.000    0.000    0.000 {method 'reshape' of 'numpy.ndarray' objects}
       18    0.000    0.000    0.000    0.000 six.py:194(find_spec)
       72    0.000    0.000    0.000    0.000 {method 'insert' of 'list' objects}
        9    0.000    0.000    0.000    0.000 blocks.py:249(external_values)
        1    0.000    0.000    0.000    0.000 PngImagePlugin.py:120(Blend)
        1    0.000    0.000    0.000    0.000 objects.py:348(GroupbyIndexer)
       18    0.000    0.000    0.000    0.000 transforms.py:56(_make_str_method)
      138    0.000    0.000    0.000    0.000 __init__.py:247(<genexpr>)
        1    0.000    0.000    0.000    0.000 ops.py:560(BaseGrouper)
        1    0.000    0.000    0.000    0.000 patches.py:1073(Polygon)
        7    0.000    0.000    0.000    0.000 base.py:7688(maybe_extract_name)
       31    0.000    0.000    0.000    0.000 __init__.py:208(_checkLevel)
       15    0.000    0.000    0.000    0.000 dataclasses.py:437(_tuple_str)
        4    0.000    0.000    0.000    0.000 cast.py:1580(construct_1d_object_array_from_listlike)
        1    0.000    0.000    0.000    0.000 _parser.py:568(parser)
        1    0.000    0.000    0.000    0.000 fnmatch.py:1(<module>)
       49    0.000    0.000    0.000    0.000 {method 'encode' of 'str' objects}
        1    0.000    0.000    0.000    0.000 objects.py:297(FixedForwardWindowIndexer)
       15    0.000    0.000    0.000    0.000 dtypes.py:831(construct_from_string)
       46    0.000    0.000    0.000    0.000 six.py:110(__init__)
       24    0.000    0.000    0.000    0.000 ops.py:270(get_op)
      225    0.000    0.000    0.000    0.000 {built-in method _sre.unicode_tolower}
       85    0.000    0.000    0.000    0.000 core.py:1919(streamline)
       19    0.000    0.000    0.000    0.000 construction.py:696(_sanitize_ndim)
        2    0.000    0.000    0.000    0.000 __init__.py:401(discover)
        1    0.000    0.000    0.000    0.000 apply.py:770(FrameApply)
        1    0.000    0.000    0.000    0.000 __init__.py:1293(__init__)
       10    0.000    0.000    0.000    0.000 dtypes.py:2171(name)
      127    0.000    0.000    0.000    0.000 core.py:2396(__getnewargs__)
       47    0.000    0.000    0.000    0.000 warnings.py:456(__init__)
        1    0.000    0.000    0.000    0.000 _enums.py:17(_AutoStringNameEnum)
        1    0.000    0.000    0.000    0.000 missing.py:466(array_equivalent)
        1    0.000    0.000    0.000    0.000 _dtype_ctypes.py:1(<module>)
       13    0.000    0.000    0.000    0.000 rcsetup.py:152(validate_axisbelow)
        1    0.000    0.000    0.000    0.000 coordinates.py:188(Coordinates)
      105    0.000    0.000    0.000    0.000 _docstring.py:88(do_copy)
       38    0.000    0.000    0.000    0.000 __init__.py:23(<genexpr>)
        6    0.000    0.000    0.000    0.000 __init__.py:312(_logged_cached)
        1    0.000    0.000    0.000    0.000 core.py:1086(enable_packrat)
        1    0.000    0.000    0.000    0.000 geo.py:15(GeoAxes)
        1    0.000    0.000    0.000    0.000 core.py:718(add_condition)
       19    0.000    0.000    0.000    0.000 pathlib.py:429(_format_parsed_parts)
       36    0.000    0.000    0.000    0.000 _string_helpers.py:16(english_lower)
        1    0.000    0.000    0.000    0.000 _add_newdocs_scalars.py:18(numeric_type_aliases)
        1    0.000    0.000    0.000    0.000 cloudpickle.py:1156(Pickler)
       97    0.000    0.000    0.000    0.000 <frozen importlib._bootstrap_external>:1276(__init__)
        1    0.000    0.000    0.000    0.000 managers.py:317(apply)
       60    0.000    0.000    0.000    0.000 {method 'copy' of 'dict' objects}
        1    0.000    0.000    0.000    0.000 utils.py:1026(Default)
       81    0.000    0.000    0.000    0.000 __init__.py:14(set_module)
        1    0.000    0.000    0.000    0.000 base.py:5170(_get_engine_target)
      105    0.000    0.000    0.000    0.000 _docstring.py:86(copy)
        1    0.000    0.000    0.000    0.000 core.py:3373(__init__)
        1    0.000    0.000    0.000    0.000 Image.py:190(Palette)
        1    0.000    0.000    0.000    0.000 nanops.py:482(nanany)
        1    0.000    0.000    0.000    0.000 missing.py:261(_isna_array)
        1    0.000    0.000    0.000    0.000 treenode.py:47(TreeNode)
        1    0.000    0.000    0.000    0.000 localization.py:1(<module>)
        1    0.000    0.000    0.000    0.000 widgets.py:2042(MultiCursor)
       24    0.000    0.000    0.000    0.000 numerictypes.py:514(_scalar_type_key)
        1    0.000    0.000    0.000    0.000 __init__.py:928(__init__)
        2    0.000    0.000    0.000    0.000 _strptime.py:152(__calc_timezone)
        6    0.000    0.000    0.000    0.000 rcsetup.py:266(validate_color_or_inherit)
        2    0.000    0.000    0.000    0.000 _decorators.py:172(_deprecate_kwarg)
        9    0.000    0.000    0.000    0.000 overrides.py:23(set_array_function_like_doc)
        1    0.000    0.000    0.000    0.000 numerictypes.py:441(_construct_lookups)
       53    0.000    0.000    0.000    0.000 six.py:182(_add_module)
        1    0.000    0.000    0.000    0.000 encoding.py:1(<module>)
      134    0.000    0.000    0.000    0.000 {method 'pop' of 'collections.deque' objects}
        1    0.000    0.000    0.000    0.000 _parser.py:1373(_result)
        1    0.000    0.000    0.000    0.000 parse.py:452(urlsplit)
        1    0.000    0.000    0.000    0.000 _tzpath.py:5(_reset_tzpath)
        6    0.000    0.000    0.000    0.000 __init__.py:1790(isEnabledFor)
        1    0.000    0.000    0.000    0.000 _warnings.py:1(<module>)
        1    0.000    0.000    0.000    0.000 core.py:3883(And)
        1    0.000    0.000    0.000    0.000 Image.py:483(Image)
        1    0.000    0.000    0.000    0.000 ipaddress.py:1276(IPv4Address)
        4    0.000    0.000    0.000    0.000 _ufunc_config.py:435(__exit__)
        1    0.000    0.000    0.000    0.000 table.py:239(Table)
       28    0.000    0.000    0.000    0.000 ipaddress.py:1851(_split_scope_id)
        1    0.000    0.000    0.000    0.000 tarfile.py:846(TarInfo)
       30    0.000    0.000    0.000    0.000 _type_aliases.py:203(_add_array_type)
        3    0.000    0.000    0.000    0.000 generic.py:807(_set_axis)
        1    0.000    0.000    0.000    0.000 pickle.py:1129(_Unpickler)
        1    0.000    0.000    0.000    0.000 __init__.py:119(Cycler)
       97    0.000    0.000    0.000    0.000 dataclasses.py:461(<genexpr>)
        7    0.000    0.000    0.000    0.000 functools.py:841(_is_union_type)
       18    0.000    0.000    0.000    0.000 base.py:520(register)
        1    0.000    0.000    0.000    0.000 numbers.py:57(Complex)
        1    0.000    0.000    0.000    0.000 patches.py:1172(Wedge)
       13    0.000    0.000    0.000    0.000 _dtype_ctypes.py:71(_from_ctypes_scalar)
       14    0.000    0.000    0.000    0.000 {method 'splitlines' of 'str' objects}
        1    0.000    0.000    0.000    0.000 patches.py:1880(Circle)
       41    0.000    0.000    0.000    0.000 _add_newdocs_scalars.py:83(<genexpr>)
        4    0.000    0.000    0.000    0.000 <frozen importlib._bootstrap>:997(exec_module)
       20    0.000    0.000    0.000    0.000 mixins.py:16(_binary_method)
        1    0.000    0.000    0.000    0.000 variable.py:2606(IndexVariable)
      185    0.000    0.000    0.000    0.000 multiarray.py:153(concatenate)
        1    0.000    0.000    0.000    0.000 image.py:231(_ImageBase)
        5    0.000    0.000    0.000    0.000 {method 'read' of '_io.StringIO' objects}
        1    0.000    0.000    0.000    0.000 twodim_base.py:158(eye)
      161    0.000    0.000    0.000    0.000 util.py:200(escape_re_range_char)
       23    0.000    0.000    0.000    0.000 {built-in method _struct.calcsize}
        1    0.000    0.000    0.000    0.000 cftimeindex.py:285(CFTimeIndex)
        1    0.000    0.000    0.000    0.000 expr.py:338(BaseExprVisitor)
       49    0.000    0.000    0.000    0.000 version.py:205(<genexpr>)
        1    0.000    0.000    0.000    0.000 platform.py:983(system)
        2    0.000    0.000    0.000    0.000 dataset_plot.py:38(_dsplot)
        3    0.000    0.000    0.000    0.000 core.py:706(add_parse_action)
      257    0.000    0.000    0.000    0.000 hmac.py:19(<genexpr>)
       35    0.000    0.000    0.000    0.000 inference.py:334(is_hashable)
        5    0.000    0.000    0.000    0.000 <frozen _collections_abc>:966(clear)
       65    0.000    0.000    0.000    0.000 __init__.py:348(<genexpr>)
       47    0.000    0.000    0.000    0.000 {method 'clear' of 'dict' objects}
        1    0.000    0.000    0.000    0.000 {method 'any' of 'numpy.ndarray' objects}
        2    0.000    0.000    0.000    0.000 common.py:248(stringify_path)
        1    0.000    0.000    0.000    0.000 astype.py:1(<module>)
        1    0.000    0.000    0.000    0.000 legendre.py:1619(Legendre)
        2    0.000    0.000    0.000    0.000 core.py:3408(_generateDefaultName)
        1    0.000    0.000    0.000    0.000 dataset_plot.py:653(_update_doc_to_dataset)
       10    0.000    0.000    0.000    0.000 dtypes.py:2093(__init__)
        1    0.000    0.000    0.000    0.000 _ranges.py:1(<module>)
        1    0.000    0.000    0.000    0.000 _validators.py:1(<module>)
        2    0.000    0.000    0.000    0.000 <frozen os>:694(__delitem__)
        1    0.000    0.000    0.000    0.000 numpy_.py:48(NumpyExtensionArray)
        4    0.000    0.000    0.000    0.000 <frozen posixpath>:179(dirname)
        9    0.000    0.000    0.000    0.000 base.py:5323(__contains__)
       72    0.000    0.000    0.000    0.000 {method 'keys' of 'dict' objects}
        2    0.000    0.000    0.000    0.000 feedparser.py:137(__init__)
        1    0.000    0.000    0.000    0.000 __init__.py:919(Handler)
        2    0.000    0.000    0.000    0.000 common.py:1204(is_potential_multi_index)
      142    0.000    0.000    0.000    0.000 __init__.py:89(<lambda>)
       15    0.000    0.000    0.000    0.000 dtypes.py:2228(construct_from_string)
      108    0.000    0.000    0.000    0.000 {built-in method _struct.pack}
        1    0.000    0.000    0.000    0.000 common.py:550(infer_compression)
       16    0.000    0.000    0.000    0.000 _collections.py:23(freeze)
        2    0.000    0.000    0.000    0.000 core.py:2952(_update_from)
        1    0.000    0.000    0.000    0.000 cbook.py:120(CallbackRegistry)
        1    0.000    0.000    0.000    0.000 pathlib.py:292(PurePath)
      117    0.000    0.000    0.000    0.000 {built-in method _warnings._filters_mutated}
        1    0.000    0.000    0.000    0.000 _typed_ops.py:237(DataArrayOpsMixin)
        1    0.000    0.000    0.000    0.000 sql.py:1602(SQLDatabase)
      257    0.000    0.000    0.000    0.000 hmac.py:20(<genexpr>)
       78    0.000    0.000    0.000    0.000 _internal.py:883(<genexpr>)
        1    0.000    0.000    0.000    0.000 pprint.py:106(PrettyPrinter)
        2    0.000    0.000    0.000    0.000 charset.py:206(__init__)
        3    0.000    0.000    0.000    0.000 six.py:96(__get__)
       84    0.000    0.000    0.000    0.000 lazy.py:149(lazy)
        1    0.000    0.000    0.000    0.000 numbers.py:319(Integral)
        1    0.000    0.000    0.000    0.000 patches.py:1488(CirclePolygon)
        3    0.000    0.000    0.000    0.000 weakref.py:164(__setitem__)
       23    0.000    0.000    0.000    0.000 core.py:4234(<genexpr>)
        9    0.000    0.000    0.000    0.000 blocks.py:2827(external_values)
        2    0.000    0.000    0.000    0.000 selectors.py:588(_can_use)
       15    0.000    0.000    0.000    0.000 dtypes.py:1835(construct_from_string)
        4    0.000    0.000    0.000    0.000 {built-in method posix.urandom}
        1    0.000    0.000    0.000    0.000 __init__.py:659(FastPath)
       29    0.000    0.000    0.000    0.000 typing.py:966(_is_typevar_like)
        1    0.000    0.000    0.000    0.000 defchararray.py:1922(chararray)
        2    0.000    0.000    0.000    0.000 offsetbox.py:45(_compat_get_offset)
        4    0.000    0.000    0.000    0.000 locale.py:464(_parse_localename)
       18    0.000    0.000    0.000    0.000 _add_newdocs_scalars.py:19(type_aliases_gen)
        1    0.000    0.000    0.000    0.000 core.py:326(condition_as_parse_action)
     21/3    0.000    0.000    0.000    0.000 cftimeindex.py:89(trailing_optional)
        2    0.000    0.000    0.000    0.000 managers.py:2246(_stack_arrays)
        1    0.000    0.000    0.000    0.000 _misc.py:608(_Options)
       72    0.000    0.000    0.000    0.000 {method 'removeprefix' of 'str' objects}
        3    0.000    0.000    0.000    0.000 {built-in method _csv.register_dialect}
        1    0.000    0.000    0.000    0.000 _mathtext.py:749(StixFonts)
       62    0.000    0.000    0.000    0.000 lazy.py:96(lazy)
        1    0.000    0.000    0.000    0.000 merge.py:713(_MergeOperation)
        1    0.000    0.000    0.000    0.000 linalg.py:55(SVDResult)
        2    0.000    0.000    0.000    0.000 {built-in method posix.access}
        1    0.000    0.000    0.000    0.000 __init__.py:611(DistributionFinder)
        2    0.000    0.000    0.000    0.000 rcsetup.py:421(validate_whiskers)
       42    0.000    0.000    0.000    0.000 {method 'items' of 'mappingproxy' objects}
       13    0.000    0.000    0.000    0.000 getlimits.py:709(max)
       10    0.000    0.000    0.000    0.000 ops.py:203(_values_method_wrapper)
       33    0.000    0.000    0.000    0.000 {method 'acquire' of '_thread.RLock' objects}
        1    0.000    0.000    0.000    0.000 tz.py:41(tzutc)
       44    0.000    0.000    0.000    0.000 unicode.py:17(<genexpr>)
        1    0.000    0.000    0.000    0.000 readers.py:1627(_get_options_with_defaults)
        1    0.000    0.000    0.000    0.000 transforms.py:677(Bbox)
        3    0.000    0.000    0.000    0.000 series.py:784(name)
        2    0.000    0.000    0.000    0.000 enum.py:1677(global_enum)
        1    0.000    0.000    0.000    0.000 datatree.py:104(DatasetView)
       48    0.000    0.000    0.000    0.000 {method 'issuperset' of 'set' objects}
        1    0.000    0.000    0.000    0.000 _type_aliases.py:123(_add_integer_aliases)
        1    0.000    0.000    0.000    0.000 _pytesttester.py:1(<module>)
        1    0.000    0.000    0.000    0.000 missing.py:564(_array_equivalent_object)
      110    0.000    0.000    0.000    0.000 {method '__init_subclass__' of 'object' objects}
        1    0.000    0.000    0.000    0.000 linalg.py:39(EigResult)
        2    0.000    0.000    0.000    0.000 _adapters.py:53(__getitem__)
        3    0.000    0.000    0.000    0.000 <frozen posixpath>:416(abspath)
        2    0.000    0.000    0.000    0.000 sysconfig.py:110(_getuserbase)
       10    0.000    0.000    0.000    0.000 _parser.py:265(getwhile)
       24    0.000    0.000    0.000    0.000 {built-in method posix._path_normpath}
        1    0.000    0.000    0.000    0.000 offsetbox.py:906(AnchoredOffsetbox)
        1    0.000    0.000    0.000    0.000 tarfile.py:1613(TarFile)
        1    0.000    0.000    0.000    0.000 __init__.py:365(Distribution)
        2    0.000    0.000    0.000    0.000 arrayprint.py:503(decorating_function)
        1    0.000    0.000    0.000    0.000 base.py:65(DataManager)
      156    0.000    0.000    0.000    0.000 core.py:807(postParse)
        9    0.000    0.000    0.000    0.000 inspect.py:1456(formatannotation)
        1    0.000    0.000    0.000    0.000 managers.py:1782(_consolidate_inplace)
        1    0.000    0.000    0.000    0.000 hermite_e.py:1650(HermiteE)
       30    0.000    0.000    0.000    0.000 numeric.py:1855(isscalar)
        1    0.000    0.000    0.000    0.000 accessor_str.py:143(StringAccessor)
        1    0.000    0.000    0.000    0.000 collections.py:1909(TriMesh)
       16    0.000    0.000    0.000    0.000 {built-in method time.strftime}
        1    0.000    0.000    0.000    0.000 calendar.py:94(_localized_month)
        1    0.000    0.000    0.000    0.000 art3d.py:641(Path3DCollection)
        1    0.000    0.000    0.000    0.000 pydoc.py:585(HTMLDoc)
       24    0.000    0.000    0.000    0.000 patches.py:2269(<genexpr>)
       30    0.000    0.000    0.000    0.000 {method 'astype' of 'numpy.ndarray' objects}
        1    0.000    0.000    0.000    0.000 _typing.py:127(_arrayfunction)
        1    0.000    0.000    0.000    0.000 datetimelike_accumulations.py:1(<module>)
        1    0.000    0.000    0.000    0.000 _tester.py:1(<module>)
       82    0.000    0.000    0.000    0.000 core.py:3931(<genexpr>)
      100    0.000    0.000    0.000    0.000 enum.py:241(__set_name__)
      105    0.000    0.000    0.000    0.000 {method 'isascii' of 'str' objects}
        1    0.000    0.000    0.000    0.000 missing.py:305(_isna_string_dtype)
        2    0.000    0.000    0.000    0.000 <frozen os>:688(__setitem__)
       64    0.000    0.000    0.000    0.000 common.py:24(unpack_zerodim_and_defer)
        1    0.000    0.000    0.000    0.000 patches.py:936(PathPatch)
        1    0.000    0.000    0.000    0.000 masked_reductions.py:1(<module>)
        1    0.000    0.000    0.000    0.000 linalg.py:43(EighResult)
        1    0.000    0.000    0.000    0.000 platform.py:894(uname)
        1    0.000    0.000    0.000    0.000 apply.py:1240(FrameColumnApply)
        1    0.000    0.000    0.000    0.000 quiver.py:235(QuiverKey)
        1    0.000    0.000    0.000    0.000 dtypes.py:155(CategoricalDtype)
        1    0.000    0.000    0.000    0.000 numbers.py:172(Real)
        1    0.000    0.000    0.000    0.000 _type_aliases.py:74(_add_types)
        1    0.000    0.000    0.000    0.000 polynomial.py:1077(poly1d)
        4    0.000    0.000    0.000    0.000 {built-in method _imp.exec_builtin}
        1    0.000    0.000    0.000    0.000 facetgrid.py:62(FacetGrid)
        1    0.000    0.000    0.000    0.000 font_manager.py:982(FontManager)
        1    0.000    0.000    0.000    0.000 grouper.py:66(Grouper)
      129    0.000    0.000    0.000    0.000 results.py:24(__getitem__)
        2    0.000    0.000    0.000    0.000 _asarray.py:27(require)
        1    0.000    0.000    0.000    0.000 ipaddress.py:671(_BaseNetwork)
        1    0.000    0.000    0.000    0.000 pytables.py:485(HDFStore)
        1    0.000    0.000    0.000    0.000 __init__.py:21(__deprecated_private_func)
       63    0.000    0.000    0.000    0.000 {method 'pop' of 'set' objects}
      105    0.000    0.000    0.000    0.000 {method 'isdigit' of 'str' objects}
       10    0.000    0.000    0.000    0.000 enum.py:1394(_iter_member_by_value_)
       65    0.000    0.000    0.000    0.000 results.py:264(__bool__)
        1    0.000    0.000    0.000    0.000 art3d.py:183(Line3D)
        7    0.000    0.000    0.000    0.000 legend_handler.py:171(__init__)
        4    0.000    0.000    0.000    0.000 legend_handler.py:214(__init__)
        1    0.000    0.000    0.000    0.000 multi.py:208(names_compat)
        1    0.000    0.000    0.000    0.000 Image.py:3624(_apply_env_variables)
        1    0.000    0.000    0.000    0.000 managers.py:1764(is_consolidated)
        1    0.000    0.000    0.000    0.000 sorting.py:1(<module>)
        1    0.000    0.000    0.000    0.000 colorbar.py:195(Colorbar)
        1    0.000    0.000    0.000    0.000 ipaddress.py:1880(IPv6Address)
       61    0.000    0.000    0.000    0.000 {method 'values' of 'dict' objects}
       16    0.000    0.000    0.000    0.000 _type_aliases.py:46(<genexpr>)
       46    0.000    0.000    0.000    0.000 dataclasses.py:683(_is_classvar)
        1    0.000    0.000    0.000    0.000 collections.py:1302(RegularPolyCollection)
        1    0.000    0.000    0.000    0.000 tempfile.py:685(SpooledTemporaryFile)
        1    0.000    0.000    0.000    0.000 tz.py:132(tzoffset)
        1    0.000    0.000    0.000    0.000 utils.py:1348(_Normalize)
        1    0.000    0.000    0.000    0.000 _methods.py:55(_any)
        1    0.000    0.000    0.000    0.000 process.py:71(BaseProcess)
        2    0.000    0.000    0.000    0.000 <frozen importlib._bootstrap_external>:1332(__init__)
        8    0.000    0.000    0.000    0.000 __init__.py:56(__init_subclass__)
       59    0.000    0.000    0.000    0.000 {method 'discard' of 'set' objects}
       64    0.000    0.000    0.000    0.000 _decorators.py:437(__init__)
        4    0.000    0.000    0.000    0.000 cftime_offsets.py:712(_generate_anchored_deprecated_frequencies)
        1    0.000    0.000    0.000    0.000 watercolumn_lib.py:98(SavedProfiles)
        1    0.000    0.000    0.000    0.000 chebyshev.py:1995(Chebyshev)
        1    0.000    0.000    0.000    0.000 indexing.py:725(_LocationIndexer)
        1    0.000    0.000    0.000    0.000 ast.py:78(_convert_signed_num)
        9    0.000    0.000    0.000    0.000 base.py:3777(get_loc)
        1    0.000    0.000    0.000    0.000 _json.py:818(JsonReader)
       32    0.000    0.000    0.000    0.000 cbook.py:1862(_str_lower_equal)
        8    0.000    0.000    0.000    0.000 functools.py:845(_is_valid_dispatch_type)
        1    0.000    0.000    0.000    0.000 linalg.py:47(QRResult)
        1    0.000    0.000    0.000    0.000 _factories.py:26(__init__)
        4    0.000    0.000    0.000    0.000 core.py:5189(_generateDefaultName)
       23    0.000    0.000    0.000    0.000 {method 'index' of 'tuple' objects}
        1    0.000    0.000    0.000    0.000 core.py:5759(__init__)
        1    0.000    0.000    0.000    0.000 linalg.py:51(SlogdetResult)
        1    0.000    0.000    0.000    0.000 _common.py:149(_tzinfo)
        2    0.000    0.000    0.000    0.000 message.py:410(__getitem__)
        1    0.000    0.000    0.000    0.000 testing.py:126(TestParseResultsAsserts)
        1    0.000    0.000    0.000    0.000 mathtext.py:37(MathTextParser)
        8    0.000    0.000    0.000    0.000 _ufunc_config.py:132(geterr)
        1    0.000    0.000    0.000    0.000 locks.py:15(SerializableLock)
        1    0.000    0.000    0.000    0.000 base.py:181(SelectionMixin)
        1    0.000    0.000    0.000    0.000 rcsetup.py:256(_validate_toolbar)
        1    0.000    0.000    0.000    0.000 base_parser.py:191(_validate_parse_dates_presence)
       95    0.000    0.000    0.000    0.000 <frozen _collections_abc>:435(__subclasshook__)
        1    0.000    0.000    0.000    0.000 polar.py:804(PolarAxes)
        1    0.000    0.000    0.000    0.000 c_parser_wrapper.py:201(_set_noconvert_columns)
       15    0.000    0.000    0.000    0.000 dtypes.py:342(construct_from_string)
        1    0.000    0.000    0.000    0.000 _optional.py:1(<module>)
       97    0.000    0.000    0.000    0.000 enum.py:942(<lambda>)
        9    0.000    0.000    0.000    0.000 indexing.py:2765(check_dict_or_set_indexers)
        2    0.000    0.000    0.000    0.000 blocks.py:2716(new_block)
        1    0.000    0.000    0.000    0.000 _layoutgrid.py:31(LayoutGrid)
        6    0.000    0.000    0.000    0.000 rcsetup.py:174(_make_type_validator)
       64    0.000    0.000    0.000    0.000 {method 'removesuffix' of 'str' objects}
        1    0.000    0.000    0.000    0.000 pytables.py:2359(DataCol)
        5    0.000    0.000    0.000    0.000 config.py:635(_get_root)
       57    0.000    0.000    0.000    0.000 __init__.py:152(<genexpr>)
        1    0.000    0.000    0.000    0.000 {method 'dot' of 'numpy.ndarray' objects}
       29    0.000    0.000    0.000    0.000 dataclasses.py:549(_init_param)
        8    0.000    0.000    0.000    0.000 rrule.py:77(<genexpr>)
        2    0.000    0.000    0.000    0.000 core.py:3644(__init__)
        5    0.000    0.000    0.000    0.000 rcsetup.py:212(_validate_pathlike)
        1    0.000    0.000    0.000    0.000 relativedelta.py:18(relativedelta)
        2    0.000    0.000    0.000    0.000 _strptime.py:95(__calc_am_pm)
        1    0.000    0.000    0.000    0.000 inference.py:1(<module>)
        7    0.000    0.000    0.000    0.000 <frozen _collections_abc>:104(_check_methods)
        1    0.000    0.000    0.000    0.000 dataframe_protocol.py:174(Column)
        1    0.000    0.000    0.000    0.000 managers.py:1772(_consolidate_check)
        1    0.000    0.000    0.000    0.000 pathlib.py:824(Path)
        1    0.000    0.000    0.000    0.000 _common.py:21(package_to_anchor)
        1    0.000    0.000    0.000    0.000 datatree_render.py:69(RenderDataTree)
        4    0.000    0.000    0.000    0.000 <frozen importlib._bootstrap_external>:1349(_get_parent_path)
        1    0.000    0.000    0.000    0.000 _pylab_helpers.py:9(Gcf)
        1    0.000    0.000    0.000    0.000 dviread.py:831(PsfontsMap)
        1    0.000    0.000    0.000    0.000 sql.py:2642(SQLiteDatabase)
        1    0.000    0.000    0.000    0.000 object_array.py:35(ObjectStringArrayMixin)
        1    0.000    0.000    0.000    0.000 apply.py:1134(FrameRowApply)
        1    0.000    0.000    0.000    0.000 core.py:116(__diag__)
        1    0.000    0.000    0.000    0.000 context.py:30(BaseContext)
        6    0.000    0.000    0.000    0.000 _policybase.py:94(_append_doc)
       40    0.000    0.000    0.000    0.000 {built-in method sys._getframemodulename}
       19    0.000    0.000    0.000    0.000 construction.py:735(_sanitize_str_dtypes)
        1    0.000    0.000    0.000    0.000 format.py:415(DataFrameFormatter)
        2    0.000    0.000    0.000    0.000 <frozen importlib._bootstrap_external>:1367(__iter__)
        1    0.000    0.000    0.000    0.000 subprocess.py:695(_use_posix_spawn)
        1    0.000    0.000    0.000    0.000 __init__.py:592(__init__)
        1    0.000    0.000    0.000    0.000 ast.py:74(_convert_num)
        5    0.000    0.000    0.000    0.000 weakref.py:495(popitem)
      134    0.000    0.000    0.000    0.000 six.py:93(__init__)
       28    0.000    0.000    0.000    0.000 cbook.py:1851(_str_equal)
        1    0.000    0.000    0.000    0.000 dataarray_plot.py:715(_plot1d)
        1    0.000    0.000    0.000    0.000 laguerre.py:1606(Laguerre)
        1    0.000    0.000    0.000    0.000 collections.py:1768(EllipseCollection)
        1    0.000    0.000    0.000    0.000 sql.py:2089(ADBCDatabase)
       55    0.000    0.000    0.000    0.000 colors.py:404(<genexpr>)
        1    0.000    0.000    0.000    0.000 _tripcolor.py:1(<module>)
        1    0.000    0.000    0.000    0.000 blocks.py:164(maybe_split)
        1    0.000    0.000    0.000    0.000 boolean.py:239(BooleanArray)
        6    0.000    0.000    0.000    0.000 deprecation.py:239(__init__)
        1    0.000    0.000    0.000    0.000 replace.py:1(<module>)
        8    0.000    0.000    0.000    0.000 {method 'tolist' of 'memoryview' objects}
        1    0.000    0.000    0.000    0.000 series.py:664(_constructor_from_mgr)
        1    0.000    0.000    0.000    0.000 collections.py:2126(QuadMesh)
        7    0.000    0.000    0.000    0.000 core.py:2544(_arraymethod)
        1    0.000    0.000    0.000    0.000 accessor.py:19(DirNamesMixin)
       23    0.000    0.000    0.000    0.000 typing.py:487(__repr__)
       57    0.000    0.000    0.000    0.000 __init__.py:265(<genexpr>)
        1    0.000    0.000    0.000    0.000 __init__.py:1878(LoggerAdapter)
        4    0.000    0.000    0.000    0.000 {method 'write' of '_io.StringIO' objects}
        5    0.000    0.000    0.000    0.000 deprecation.py:350(<genexpr>)
       24    0.000    0.000    0.000    0.000 contextlib.py:446(__exit__)
       18    0.000    0.000    0.000    0.000 {method 'update' of 'set' objects}
        1    0.000    0.000    0.000    0.000 managers.py:903(BlockManager)
       15    0.000    0.000    0.000    0.000 enum.py:1188(_generate_next_value_)
       25    0.000    0.000    0.000    0.000 ipaddress.py:431(_ip_int_from_prefix)
        1    0.000    0.000    0.000    0.000 pytables.py:2674(Fixed)
        1    0.000    0.000    0.000    0.000 _typed_ops.py:769(DatasetGroupByOpsMixin)
        1    0.000    0.000    0.000    0.000 indexing.py:42(IndexSelResult)
        3    0.000    0.000    0.000    0.000 managers.py:236(set_axis)
        1    0.000    0.000    0.000    0.000 selectors.py:206(_BaseSelectorImpl)
        1    0.000    0.000    0.000    0.000 art3d.py:76(Text3D)
        1    0.000    0.000    0.000    0.000 phytoplankton.py:112(__init__)
        1    0.000    0.000    0.000    0.000 process.py:399(__init__)
       46    0.000    0.000    0.000    0.000 dataclasses.py:691(_is_initvar)
        1    0.000    0.000    0.000    0.000 align.py:68(_filter_special_cases)
       30    0.000    0.000    0.000    0.000 core.py:697(<genexpr>)
        1    0.000    0.000    0.000    0.000 accessor_dt.py:305(DatetimeAccessor)
        2    0.000    0.000    0.000    0.000 _adapters.py:41(__new__)
       14    0.000    0.000    0.000    0.000 managers.py:2177(_grouping_func)
        1    0.000    0.000    0.000    0.000 uuid.py:85(UUID)
        2    0.000    0.000    0.000    0.000 types.py:97(prepare_class)
        1    0.000    0.000    0.000    0.000 putmask.py:1(<module>)
        1    0.000    0.000    0.000    0.000 _aggregations.py:22(DatasetAggregations)
        3    0.000    0.000    0.000    0.000 common.py:188(_expand_user)
       48    0.000    0.000    0.000    0.000 typing.py:1971(<genexpr>)
        1    0.000    0.000    0.000    0.000 hermite.py:1658(Hermite)
        1    0.000    0.000    0.000    0.000 managers.py:1825(SingleBlockManager)
        1    0.000    0.000    0.000    0.000 legend_handler.py:633(__init__)
        1    0.000    0.000    0.000    0.000 ipaddress.py:1577(_BaseV6)
        1    0.000    0.000    0.000    0.000 _internal.py:240(_missing_ctypes)
        1    0.000    0.000    0.000    0.000 widgets.py:3210(RectangleSelector)
        1    0.000    0.000    0.000    0.000 axis.py:2289(XAxis)
        1    0.000    0.000    0.000    0.000 integer.py:16(IntegerDtype)
        1    0.000    0.000    0.000    0.000 _mathtext.py:434(BakomaFonts)
       29    0.000    0.000    0.000    0.000 dataclasses.py:309(__init__)
        1    0.000    0.000    0.000    0.000 base_parser.py:362(_make_index)
       24    0.000    0.000    0.000    0.000 __init__.py:772(__bool__)
        1    0.000    0.000    0.000    0.000 dtypes.py:1610(SparseDtype)
        1    0.000    0.000    0.000    0.000 alignment.py:99(Aligner)
        1    0.000    0.000    0.000    0.000 common.py:14(TreeAttrAccessMixin)
        2    0.000    0.000    0.000    0.000 common.py:137(is_object_dtype)
        1    0.000    0.000    0.000    0.000 _aggregations.py:5318(DataArrayGroupByAggregations)
        3    0.000    0.000    0.000    0.000 core.py:4904(_generateDefaultName)
        3    0.000    0.000    0.000    0.000 common.py:1571(validate_all_hashable)
        1    0.000    0.000    0.000    0.000 rcsetup.py:286(_validate_color_or_linecolor)
        1    0.000    0.000    0.000    0.000 array_manager.py:101(BaseArrayManager)
       13    0.000    0.000    0.000    0.000 mixins.py:36(_inplace_binary_method)
       36    0.000    0.000    0.000    0.000 {method 'end' of 're.Match' objects}
        4    0.000    0.000    0.000    0.000 rcsetup.py:221(validate_fonttype)
       13    0.000    0.000    0.000    0.000 enum.py:816(__iter__)
        1    0.000    0.000    0.000    0.000 api.py:23(FFI)
        1    0.000    0.000    0.000    0.000 core.py:5200(SkipTo)
        2    0.000    0.000    0.000    0.000 decoder.py:284(__init__)
        4    0.000    0.000    0.000    0.000 common.py:278(__getattr__)
        1    0.000    0.000    0.000    0.000 offsets.py:1(<module>)
        1    0.000    0.000    0.000    0.000 base.py:264(_maybe_return_indexers)
        1    0.000    0.000    0.000    0.000 _tight_layout.py:1(<module>)
       30    0.000    0.000    0.000    0.000 fromnumeric.py:3176(ndim)
        2    0.000    0.000    0.000    0.000 {built-in method time.tzset}
       10    0.000    0.000    0.000    0.000 axis.py:2259(_make_getset_interval)
        1    0.000    0.000    0.000    0.000 collections.py:961(_CollectionWithSizes)
        3    0.000    0.000    0.000    0.000 legend_handler.py:433(__init__)
       11    0.000    0.000    0.000    0.000 <frozen importlib._bootstrap>:1285(_sanity_check)
        1    0.000    0.000    0.000    0.000 selectn.py:43(SelectN)
        1    0.000    0.000    0.000    0.000 _text.py:7(FoldedCase)
       34    0.000    0.000    0.000    0.000 invalid.py:44(make_invalid_op)
        1    0.000    0.000    0.000    0.000 _utils.py:1(<module>)
       94    0.000    0.000    0.000    0.000 ipaddress.py:574(__int__)
        1    0.000    0.000    0.000    0.000 transforms.py:1153(LockableBbox)
        4    0.000    0.000    0.000    0.000 locale.py:381(normalize)
        4    0.000    0.000    0.000    0.000 series.py:734(name)
        1    0.000    0.000    0.000    0.000 _odswriter.py:31(ODSWriter)
        1    0.000    0.000    0.000    0.000 common.py:1233(dedup_names)
        1    0.000    0.000    0.000    0.000 _factories.py:56(__init__)
        1    0.000    0.000    0.000    0.000 _secondary_axes.py:11(SecondaryAxis)
        1    0.000    0.000    0.000    0.000 socket.py:215(socket)
        2    0.000    0.000    0.000    0.000 feedparser.py:195(_new_message)
        1    0.000    0.000    0.000    0.000 _aggregations.py:2316(DatasetGroupByAggregations)
       19    0.000    0.000    0.000    0.000 construction.py:416(extract_array)
       13    0.000    0.000    0.000    0.000 _internal.py:920(npy_ctypes_check)
        1    0.000    0.000    0.000    0.000 util.py:102(__init__)
        1    0.000    0.000    0.000    0.000 tz.py:482(_set_tzdata)
        2    0.000    0.000    0.000    0.000 {built-in method posix.unsetenv}
        1    0.000    0.000    0.000    0.000 {built-in method _hashlib.openssl_md5}
       19    0.000    0.000    0.000    0.000 datetimes.py:124(_field_accessor)
        1    0.000    0.000    0.000    0.000 core.py:4727(__init__)
        1    0.000    0.000    0.000    0.000 indexes.py:34(Index)
       29    0.000    0.000    0.000    0.000 __init__.py:34(using_copy_on_write)
        1    0.000    0.000    0.000    0.000 common.py:301(maybe_iterable_to_list)
        1    0.000    0.000    0.000    0.000 _print_versions.py:1(<module>)
        1    0.000    0.000    0.000    0.000 stata.py:2250(StataWriter)
        3    0.000    0.000    0.000    0.000 {built-in method posix.uname}
       10    0.000    0.000    0.000    0.000 cftimeindex.py:194(_field_accessor)
       14    0.000    0.000    0.000    0.000 mixins.py:26(_reflected_binary_method)
        5    0.000    0.000    0.000    0.000 weakref.py:510(update)
        1    0.000    0.000    0.000    0.000 pickle.py:401(_Pickler)
        1    0.000    0.000    0.000    0.000 base.py:82(shape)
        1    0.000    0.000    0.000    0.000 defmatrix.py:73(matrix)
       35    0.000    0.000    0.000    0.000 <frozen codecs>:260(__init__)
       22    0.000    0.000    0.000    0.000 _collections.py:24(<lambda>)
        5    0.000    0.000    0.000    0.000 series.py:831(_values)
        1    0.000    0.000    0.000    0.000 tzfile.py:1(<module>)
        1    0.000    0.000    0.000    0.000 _openpyxl.py:40(OpenpyxlWriter)
        1    0.000    0.000    0.000    0.000 gzip.py:139(GzipFile)
        8    0.000    0.000    0.000    0.000 threading.py:124(RLock)
       51    0.000    0.000    0.000    0.000 util.py:36(doc)
        1    0.000    0.000    0.000    0.000 grouper.py:488(Grouping)
        1    0.000    0.000    0.000    0.000 queue.py:28(Queue)
        1    0.000    0.000    0.000    0.000 utils.py:446(FrozenMappingWarningOnValuesAccess)
        1    0.000    0.000    0.000    0.000 ImageChops.py:1(<module>)
        1    0.000    0.000    0.000    0.000 _triangulation.py:8(Triangulation)
       17    0.000    0.000    0.000    0.000 inspect.py:2824(__hash__)
       29    0.000    0.000    0.000    0.000 {method 'rsplit' of 'str' objects}
        5    0.000    0.000    0.000    0.000 feedparser.py:121(pushlines)
        1    0.000    0.000    0.000    0.000 base.py:43(ExtensionDtype)
        6    0.000    0.000    0.000    0.000 _exceptions.py:17(_display_as_base)
        6    0.000    0.000    0.000    0.000 six.py:131(__init__)
        1    0.000    0.000    0.000    0.000 backend_managers.py:32(ToolManager)
       33    0.000    0.000    0.000    0.000 {method 'release' of '_thread.RLock' objects}
        1    0.000    0.000    0.000    0.000 enum.py:1612(unique)
        1    0.000    0.000    0.000    0.000 random.py:110(Random)
       31    0.000    0.000    0.000    0.000 {method 'issuperset' of 'frozenset' objects}
        1    0.000    0.000    0.000    0.000 blocks.py:2003(EABackedBlock)
        1    0.000    0.000    0.000    0.000 _parser.py:241(parserinfo)
        5    0.000    0.000    0.000    0.000 core.py:5969(token_map)
        1    0.000    0.000    0.000    0.000 _type_aliases.py:151(_set_up_aliases)
        1    0.000    0.000    0.000    0.000 rolling.py:120(BaseWindow)
        1    0.000    0.000    0.000    0.000 widgets.py:2177(_SelectorWidget)
       20    0.000    0.000    0.000    0.000 inspect.py:3082(<genexpr>)
        1    0.000    0.000    0.000    0.000 base_parser.py:871(_do_date_conversions)
       34    0.000    0.000    0.000    0.000 {method 'groupdict' of 're.Match' objects}
        1    0.000    0.000    0.000    0.000 base.py:501(Registry)
        1    0.000    0.000    0.000    0.000 ops.py:75(Term)
       13    0.000    0.000    0.000    0.000 dataclasses.py:349(__set_name__)
       30    0.000    0.000    0.000    0.000 __init__.py:811(__init__)
        1    0.000    0.000    0.000    0.000 common.py:147(AbstractArray)
       17    0.000    0.000    0.000    0.000 results.py:267(__iter__)
        2    0.000    0.000    0.000    0.000 <frozen _collections_abc>:388(__subclasshook__)
        1    0.000    0.000    0.000    0.000 pydoc.py:1220(TextDoc)
        1    0.000    0.000    0.000    0.000 colors.py:1216(Normalize)
        1    0.000    0.000    0.000    0.000 apply.py:118(Apply)
        1    0.000    0.000    0.000    0.000 pytables.py:2034(IndexCol)
       51    0.000    0.000    0.000    0.000 __init__.py:470(_parse_letter_version)
        1    0.000    0.000    0.000    0.000 random.py:889(getrandbits)
        1    0.000    0.000    0.000    0.000 functools.py:861(<lambda>)
        1    0.000    0.000    0.000    0.000 pytables.py:2846(GenericFixed)
       10    0.000    0.000    0.000    0.000 _text.py:90(lower)
        1    0.000    0.000    0.000    0.000 _tzpath.py:36(_parse_python_tzpath)
        1    0.000    0.000    0.000    0.000 ipaddress.py:1460(IPv4Network)
       42    0.000    0.000    0.000    0.000 typing.py:2786(<genexpr>)
        1    0.000    0.000    0.000    0.000 parse.py:152(_NetlocResultMixinBase)
        4    0.000    0.000    0.000    0.000 __init__.py:634(__init__)
        1    0.000    0.000    0.000    0.000 __init__.py:958(createLock)
       23    0.000    0.000    0.000    0.000 config.py:849(inner)
        1    0.000    0.000    0.000    0.000 python_parser.py:71(PythonParser)
        1    0.000    0.000    0.000    0.000 spss.py:1(<module>)
        6    0.000    0.000    0.000    0.000 __init__.py:668(__new__)
        1    0.000    0.000    0.000    0.000 dviread.py:1033(_LuatexKpsewhich)
        1    0.000    0.000    0.000    0.000 parallelcompat.py:174(ChunkManagerEntrypoint)
        2    0.000    0.000    0.000    0.000 feedparser.py:69(close)
        5    0.000    0.000    0.000    0.000 getlimits.py:696(min)
        8    0.000    0.000    0.000    0.000 relativedelta.py:13(<genexpr>)
        1    0.000    0.000    0.000    0.000 textpath.py:26(__init__)
       39    0.000    0.000    0.000    0.000 version.py:452(_parse_letter_version)
        1    0.000    0.000    0.000    0.000 _typed_ops.py:895(DataArrayGroupByOpsMixin)
       46    0.000    0.000    0.000    0.000 core.py:4221(<genexpr>)
       24    0.000    0.000    0.000    0.000 deprecation_helpers.py:49(_deprecate_positional_args)
        4    0.000    0.000    0.000    0.000 <frozen importlib._bootstrap>:501(_requires_builtin_wrapper)
       33    0.000    0.000    0.000    0.000 core.py:4509(recurse)
        2    0.000    0.000    0.000    0.000 expr.py:127(_compose)
        1    0.000    0.000    0.000    0.000 _typing.py:122(SequenceNotStr)
        1    0.000    0.000    0.000    0.000 font_manager.py:532(FontProperties)
        1    0.000    0.000    0.000    0.000 ImagePalette.py:26(ImagePalette)
       92    0.000    0.000    0.000    0.000 accessor.py:141(<lambda>)
        1    0.000    0.000    0.000    0.000 zarr.py:402(ZarrStore)
       29    0.000    0.000    0.000    0.000 dataclasses.py:477(_field_assign)
        1    0.000    0.000    0.000    0.000 tempfile.py:860(TemporaryDirectory)
       16    0.000    0.000    0.000    0.000 take.py:352(_view_wrapper)
        2    0.000    0.000    0.000    0.000 <frozen importlib._bootstrap_external>:1353(_recalculate)
        1    0.000    0.000    0.000    0.000 indexes.py:912(PandasMultiIndex)
        1    0.000    0.000    0.000    0.000 quantile.py:1(<module>)
        1    0.000    0.000    0.000    0.000 _internal.py:249(_ctypes)
        1    0.000    0.000    0.000    0.000 daskmanager.py:30(DaskManager)
        6    0.000    0.000    0.000    0.000 <frozen abc>:146(update_abstractmethods)
       56    0.000    0.000    0.000    0.000 pathlib.py:176(_select_from)
        1    0.000    0.000    0.000    0.000 _afm.py:358(AFM)
        4    0.000    0.000    0.000    0.000 typing.py:2285(_strip_annotations)
        1    0.000    0.000    0.000    0.000 file_manager.py:339(DummyFileManager)
       19    0.000    0.000    0.000    0.000 construction.py:758(_maybe_repeat)
        9    0.000    0.000    0.000    0.000 {built-in method numpy.seterrobj}
        1    0.000    0.000    0.000    0.000 backend_bases.py:2579(FigureManagerBase)
        3    0.000    0.000    0.000    0.000 ops.py:212(_method_wrapper)
       85    0.000    0.000    0.000    0.000 _compat_pickle.py:167(<genexpr>)
        1    0.000    0.000    0.000    0.000 gridspec.py:531(SubplotSpec)
        1    0.000    0.000    0.000    0.000 __init__.py:776(MetadataPathFinder)
        1    0.000    0.000    0.000    0.000 frequencies.py:159(_FrequencyInferer)
        2    0.000    0.000    0.000    0.000 model.py:264(__init__)
        1    0.000    0.000    0.000    0.000 _base.py:927(ExcelWriter)
        1    0.000    0.000    0.000    0.000 range.py:201(_simple_new)
       14    0.000    0.000    0.000    0.000 flags.py:51(__init__)
       18    0.000    0.000    0.000    0.000 typing.py:2867(<genexpr>)
        2    0.000    0.000    0.000    0.000 core.py:3490(_generateDefaultName)
        1    0.000    0.000    0.000    0.000 __init__.py:1117(StreamHandler)
        1    0.000    0.000    0.000    0.000 base_parser.py:350(_maybe_make_multi_index_columns)
        1    0.000    0.000    0.000    0.000 array_manager.py:1068(SingleArrayManager)
        1    0.000    0.000    0.000    0.000 csv.py:83(DictReader)
        1    0.000    0.000    0.000    0.000 tz.py:381(__init__)
        1    0.000    0.000    0.000    0.000 masked_accumulations.py:1(<module>)
       30    0.000    0.000    0.000    0.000 enum.py:93(_is_single_bit)
        1    0.000    0.000    0.000    0.000 datetimelike.py:1737(DatelikeOps)
        1    0.000    0.000    0.000    0.000 locks.py:263(combine_locks)
        1    0.000    0.000    0.000    0.000 bz2.py:26(BZ2File)
        8    0.000    0.000    0.000    0.000 <frozen os>:766(decode)
        1    0.000    0.000    0.000    0.000 backend_bases.py:1090(TimerBase)
        1    0.000    0.000    0.000    0.000 {method 'union' of 'set' objects}
        7    0.000    0.000    0.000    0.000 rrule.py:70(__init__)
        1    0.000    0.000    0.000    0.000 _common.py:267(tzrangebase)
        1    0.000    0.000    0.000    0.000 print_versions.py:1(<module>)
        1    0.000    0.000    0.000    0.000 tz.py:1545(__init__)
        3    0.000    0.000    0.000    0.000 base.py:86(_validate_set_axis)
        1    0.000    0.000    0.000    0.000 array_manager.py:599(ArrayManager)
        1    0.000    0.000    0.000    0.000 _aggregations.py:1218(DataArrayAggregations)
       56    0.000    0.000    0.000    0.000 accessors.py:169(<lambda>)
        1    0.000    0.000    0.000    0.000 indexes.py:1398(Indexes)
        1    0.000    0.000    0.000    0.000 dtypes.py:1433(NumpyEADtype)
       77    0.000    0.000    0.000    0.000 signal.py:16(<lambda>)
        2    0.000    0.000    0.000    0.000 blocks.py:2645(maybe_coerce_values)
        1    0.000    0.000    0.000    0.000 _deprecate.py:1(<module>)
        1    0.000    0.000    0.000    0.000 arrayterator.py:16(Arrayterator)
        1    0.000    0.000    0.000    0.000 resample.py:1626(_GroupByMixin)
        1    0.000    0.000    0.000    0.000 sysconfig.py:461(_get_sysconfigdata_name)
        1    0.000    0.000    0.000    0.000 transforms.py:1884(Affine2D)
        4    0.000    0.000    0.000    0.000 utils.py:51(_has_surrogates)
        1    0.000    0.000    0.000    0.000 numeric.py:43(NumericDtype)
       10    0.000    0.000    0.000    0.000 core.py:3648(parseImpl)
        1    0.000    0.000    0.000    0.000 six.py:219(is_package)
        1    0.000    0.000    0.000    0.000 __init__.py:175(Path)
        1    0.000    0.000    0.000    0.000 __init__.py:892(_addHandlerRef)
       39    0.000    0.000    0.000    0.000 core.py:3991(<genexpr>)
       10    0.000    0.000    0.000    0.000 __init__.py:44(__init__)
        1    0.000    0.000    0.000    0.000 mask_ops.py:1(<module>)
        1    0.000    0.000    0.000    0.000 __init__.py:450(validate)
       32    0.000    0.000    0.000    0.000 {built-in method _operator.index}
       78    0.000    0.000    0.000    0.000 signal.py:21(<lambda>)
        1    0.000    0.000    0.000    0.000 _triinterpolate.py:286(CubicTriInterpolator)
        1    0.000    0.000    0.000    0.000 index_tricks.py:310(AxisConcatenator)
        3    0.000    0.000    0.000    0.000 rcsetup.py:576(_validate_greaterequal0_lessequal1)
        2    0.000    0.000    0.000    0.000 {built-in method posix.putenv}
        1    0.000    0.000    0.000    0.000 _binary.py:1(<module>)
       42    0.000    0.000    0.000    0.000 multiarray.py:1080(copyto)
       10    0.000    0.000    0.000    0.000 __init__.py:149(__lt__)
        1    0.000    0.000    0.000    0.000 accessor.py:49(PandasDelegate)
        8    0.000    0.000    0.000    0.000 __init__.py:431(<genexpr>)
        1    0.000    0.000    0.000    0.000 sample.py:1(<module>)
       23    0.000    0.000    0.000    0.000 overrides.py:173(array_function_from_dispatcher)
       70    0.000    0.000    0.000    0.000 inspect.py:3062(return_annotation)
        2    0.000    0.000    0.000    0.000 linecache.py:147(lazycache)
       11    0.000    0.000    0.000    0.000 flags.py:87(allows_duplicate_labels)
        1    0.000    0.000    0.000    0.000 core.py:3627(__init__)
        1    0.000    0.000    0.000    0.000 colors.py:62(__init__)
       15    0.000    0.000    0.000    0.000 base.py:909(__len__)
        9    0.000    0.000    0.000    0.000 common.py:372(apply_if_callable)
       21    0.000    0.000    0.000    0.000 typing.py:2846(_namedtuple_mro_entries)
       12    0.000    0.000    0.000    0.000 legend_handler.py:62(__init__)
        1    0.000    0.000    0.000    0.000 info.py:841(_TableBuilderVerboseMixin)
        1    0.000    0.000    0.000    0.000 cm.py:390(ScalarMappable)
        1    0.000    0.000    0.000    0.000 ticker.py:1752(LinearLocator)
       26    0.000    0.000    0.000    0.000 {method 'index' of 'str' objects}
        1    0.000    0.000    0.000    0.000 figure.py:2149(SubFigure)
        1    0.000    0.000    0.000    0.000 ipaddress.py:1135(_BaseV4)
        1    0.000    0.000    0.000    0.000 memory.py:11(InMemoryDataStore)
       43    0.000    0.000    0.000    0.000 _compat_pickle.py:165(<genexpr>)
       12    0.000    0.000    0.000    0.000 period.py:108(_field_accessor)
       46    0.000    0.000    0.000    0.000 dataclasses.py:697(_is_kw_only)
       18    0.000    0.000    0.000    0.000 cftimeindex.py:81(named)
       74    0.000    0.000    0.000    0.000 util.py:203(no_escape_re_range_char)
        1    0.000    0.000    0.000    0.000 indexes.py:569(PandasIndex)
        1    0.000    0.000    0.000    0.000 message.py:977(MIMEPart)
       11    0.000    0.000    0.000    0.000 enum.py:828(__members__)
        1    0.000    0.000    0.000    0.000 colors.py:665(Colormap)
        2    0.000    0.000    0.000    0.000 feedparser.py:52(__init__)
        1    0.000    0.000    0.000    0.000 timedeltas.py:38(TimedeltaIndex)
        1    0.000    0.000    0.000    0.000 base.py:836(__iter__)
        1    0.000    0.000    0.000    0.000 stata.py:3204(StataWriter117)
        1    0.000    0.000    0.000    0.000 tz.py:1475(GettzFunc)
       15    0.000    0.000    0.000    0.000 range.py:999(__len__)
       47    0.000    0.000    0.000    0.000 pathlib.py:560(root)
        1    0.000    0.000    0.000    0.000 core.py:3130(QuotedString)
       24    0.000    0.000    0.000    0.000 function.py:52(__init__)
       33    0.000    0.000    0.000    0.000 __init__.py:78(<genexpr>)
        1    0.000    0.000    0.000    0.000 _base.py:543(BaseExcelReader)
        1    0.000    0.000    0.000    0.000 __init__.py:186(LegacyVersion)
        8    0.000    0.000    0.000    0.000 unicode.py:9(__init__)
       45    0.000    0.000    0.000    0.000 core.py:4222(<genexpr>)
        2    0.000    0.000    0.000    0.000 tokenize.py:382(find_cookie)
        1    0.000    0.000    0.000    0.000 core.py:1329(make_mask_descr)
        5    0.000    0.000    0.000    0.000 _policybase.py:104(<genexpr>)
        1    0.000    0.000    0.000    0.000 core.py:5016(ZeroOrMore)
        1    0.000    0.000    0.000    0.000 traceback.py:374(StackSummary)
        2    0.000    0.000    0.000    0.000 sysconfig.py:316(get_default_scheme)
        1    0.000    0.000    0.000    0.000 abc.py:16(ResourceReader)
       22    0.000    0.000    0.000    0.000 expr.py:294(_op_maker)
        1    0.000    0.000    0.000    0.000 _odfreader.py:30(ODFReader)
        1    0.000    0.000    0.000    0.000 html.py:154(_HtmlFrameParser)
        1    0.000    0.000    0.000    0.000 scope.py:121(Scope)
        1    0.000    0.000    0.000    0.000 _arrow_utils.py:1(<module>)
        1    0.000    0.000    0.000    0.000 dtypes.py:107(PandasExtensionDtype)
        1    0.000    0.000    0.000    0.000 lzma.py:38(LZMAFile)
        1    0.000    0.000    0.000    0.000 datatree_render.py:48(__init__)
        1    0.000    0.000    0.000    0.000 axis.py:2527(YAxis)
        1    0.000    0.000    0.000    0.000 core.py:2447(Keyword)
        1    0.000    0.000    0.000    0.000 ipaddress.py:2098(IPv6Interface)
        1    0.000    0.000    0.000    0.000 coordinates.py:45(AbstractCoordinates)
        1    0.000    0.000    0.000    0.000 dates.py:1268(AutoDateLocator)
        1    0.000    0.000    0.000    0.000 backend_tools.py:73(ToolBase)
        1    0.000    0.000    0.000    0.000 blocks.py:790(copy)
        1    0.000    0.000    0.000    0.000 _adapters.py:81(ChildPath)
        1    0.000    0.000    0.000    0.000 readers.py:2133(_refine_defaults_read)
       19    0.000    0.000    0.000    0.000 _decorators.py:266(deprecate_nonkeyword_arguments)
        2    0.000    0.000    0.000    0.000 __init__.py:1938(__del__)
        1    0.000    0.000    0.000    0.000 _aggregations.py:3817(DatasetResampleAggregations)
        1    0.000    0.000    0.000    0.000 artist.py:88(_finalize_rasterization)
        2    0.000    0.000    0.000    0.000 phytoplankton.py:32(__init__)
        1    0.000    0.000    0.000    0.000 transforms.py:1077(TransformedBbox)
        1    0.000    0.000    0.000    0.000 display.py:17(detect_console_encoding)
        1    0.000    0.000    0.000    0.000 base.py:327(SingleDataManager)
        1    0.000    0.000    0.000    0.000 collections.py:1565(EventCollection)
        1    0.000    0.000    0.000    0.000 model.py:102(PrimitiveType)
        1    0.000    0.000    0.000    0.000 ticker.py:1305(EngFormatter)
        1    0.000    0.000    0.000    0.000 lru_cache.py:12(LRUCache)
        1    0.000    0.000    0.000    0.000 common.py:942(_BufferedWriter)
        1    0.000    0.000    0.000    0.000 indexing.py:1563(_iLocIndexer)
        1    0.000    0.000    0.000    0.000 pydoc.py:545(__init__)
        1    0.000    0.000    0.000    0.000 image.py:848(AxesImage)
       17    0.000    0.000    0.000    0.000 {method 'index' of 'list' objects}
        4    0.000    0.000    0.000    0.000 blocks.py:2674(get_block_type)
       30    0.000    0.000    0.000    0.000 results.py:258(__contains__)
        1    0.000    0.000    0.000    0.000 parsing.py:1(<module>)
        1    0.000    0.000    0.000    0.000 quopri.py:1(<module>)
        1    0.000    0.000    0.000    0.000 info.py:442(DataFrameInfo)
        1    0.000    0.000    0.000    0.000 blocks.py:2288(ExtensionBlock)
        2    0.000    0.000    0.000    0.000 config.py:566(deprecate_option)
        2    0.000    0.000    0.000    0.000 _policybase.py:311(header_fetch_parse)
       19    0.000    0.000    0.000    0.000 _decorators.py:258(future_version_msg)
       24    0.000    0.000    0.000    0.000 dviread.py:188(_dispatch)
        1    0.000    0.000    0.000    0.000 cm.py:59(ColormapRegistry)
        1    0.000    0.000    0.000    0.000 ImageFile.py:105(ImageFile)
       10    0.000    0.000    0.000    0.000 enum.py:117(_iter_bits_lsb)
        1    0.000    0.000    0.000    0.000 parallelcompat.py:32(ChunkedArrayMixinProtocol)
        1    0.000    0.000    0.000    0.000 ops.py:953(BinGrouper)
        1    0.000    0.000    0.000    0.000 mathtext.py:48(__init__)
        1    0.000    0.000    0.000    0.000 _aggregations.py:14(NamedArrayAggregations)
        1    0.000    0.000    0.000    0.000 flags.py:10(Flags)
        1    0.000    0.000    0.000    0.000 __init__.py:262(_register_at_fork_reinit_lock)
        2    0.000    0.000    0.000    0.000 <frozen importlib._bootstrap>:1231(_resolve_name)
        1    0.000    0.000    0.000    0.000 {built-in method _hashlib.openssl_sha3_224}
        2    0.000    0.000    0.000    0.000 <frozen os>:1087(__subclasshook__)
        3    0.000    0.000    0.000    0.000 generic.py:6284(__getattr__)
        4    0.000    0.000    0.000    0.000 {built-in method builtins.print}
        5    0.000    0.000    0.000    0.000 config.py:676(_translate_key)
        4    0.000    0.000    0.000    0.000 core.py:5046(_generateDefaultName)
        1    0.000    0.000    0.000    0.000 _datasource.py:536(Repository)
       25    0.000    0.000    0.000    0.000 ipaddress.py:415(_check_int_address)
        1    0.000    0.000    0.000    0.000 Image.py:3666(Exif)
        1    0.000    0.000    0.000    0.000 transforms.py:1685(TransformWrapper)
        2    0.000    0.000    0.000    0.000 _functools.py:6(method_cache)
        1    0.000    0.000    0.000    0.000 accessors.py:36(ArrowAccessor)
        1    0.000    0.000    0.000    0.000 core.py:93(__compat__)
       18    0.000    0.000    0.000    0.000 common.py:152(cast_scalar_indexer)
        1    0.000    0.000    0.000    0.000 construction.py:769(_try_cast)
        1    0.000    0.000    0.000    0.000 netCDF4_.py:319(NetCDF4DataStore)
        1    0.000    0.000    0.000    0.000 shared_docs.py:1(<module>)
        1    0.000    0.000    0.000    0.000 _json.py:1125(Parser)
        1    0.000    0.000    0.000    0.000 calendar.py:189(Calendar)
       13    0.000    0.000    0.000    0.000 enum.py:467(<genexpr>)
        1    0.000    0.000    0.000    0.000 boolean.py:40(BooleanDtype)
        1    0.000    0.000    0.000    0.000 __init__.py:432(base_version)
        1    0.000    0.000    0.000    0.000 dtypes.py:2046(ArrowDtype)
        1    0.000    0.000    0.000    0.000 ipaddress.py:1393(IPv4Interface)
        1    0.000    0.000    0.000    0.000 stackplot.py:1(<module>)
        1    0.000    0.000    0.000    0.000 _mathtext.py:1751(ParserState)
        5    0.000    0.000    0.000    0.000 {method 'popitem' of 'dict' objects}
        1    0.000    0.000    0.000    0.000 inference.py:273(is_dict_like)
       33    0.000    0.000    0.000    0.000 results.py:21(__init__)
        1    0.000    0.000    0.000    0.000 six.py:236(create_module)
        1    0.000    0.000    0.000    0.000 __init__.py:442(LibraryLoader)
        1    0.000    0.000    0.000    0.000 accessor.py:234(SparseFrameAccessor)
        1    0.000    0.000    0.000    0.000 subprocess.py:470(CompletedProcess)
       24    0.000    0.000    0.000    0.000 {built-in method _stat.S_ISLNK}
        3    0.000    0.000    0.000    0.000 base.py:84(<genexpr>)
        2    0.000    0.000    0.000    0.000 uuid.py:280(__str__)
        1    0.000    0.000    0.000    0.000 core.py:3432(White)
        1    0.000    0.000    0.000    0.000 iterators.py:11(LevelOrderIter)
        1    0.000    0.000    0.000    0.000 abc.py:96(InspectLoader)
       35    0.000    0.000    0.000    0.000 dataclasses.py:432(<genexpr>)
        1    0.000    0.000    0.000    0.000 axis3d.py:732(XAxis)
        1    0.000    0.000    0.000    0.000 parquet.py:148(BaseImpl)
        5    0.000    0.000    0.000    0.000 managers.py:2004(internal_values)
        1    0.000    0.000    0.000    0.000 core.py:1315(_replace_dtype_fields)
        5    0.000    0.000    0.000    0.000 <frozen os>:824(fsdecode)
        1    0.000    0.000    0.000    0.000 ticker.py:375(ScalarFormatter)
        1    0.000    0.000    0.000    0.000 __init__.py:839(ZipExtFile)
        2    0.000    0.000    0.000    0.000 reprlib.py:12(decorating_function)
        1    0.000    0.000    0.000    0.000 tzinfo.py:18(memorized_timedelta)
        1    0.000    0.000    0.000    0.000 shlex.py:19(shlex)
        1    0.000    0.000    0.000    0.000 __init__.py:645(RcParams)
        1    0.000    0.000    0.000    0.000 dataset.py:435(DataVariables)
        1    0.000    0.000    0.000    0.000 offsetbox.py:1458(DraggableBase)
        9    0.000    0.000    0.000    0.000 blocks.py:1253(iget)
       21    0.000    0.000    0.000    0.000 core.py:3743(recurse)
        1    0.000    0.000    0.000    0.000 gbq.py:1(<module>)
        6    0.000    0.000    0.000    0.000 common.py:1331(is_ea_or_datetimelike_dtype)
       24    0.000    0.000    0.000    0.000 contextlib.py:440(__init__)
       21    0.000    0.000    0.000    0.000 deprecation.py:171(__set_name__)
        1    0.000    0.000    0.000    0.000 floating.py:16(FloatingDtype)
        1    0.000    0.000    0.000    0.000 coordinates.py:686(DatasetCoordinates)
        5    0.000    0.000    0.000    0.000 {method 'extend' of 'collections.deque' objects}
        8    0.000    0.000    0.000    0.000 core.py:4924(stopOn)
       23    0.000    0.000    0.000    0.000 config.py:886(inner)
        1    0.000    0.000    0.000    0.000 integer.py:207(Int8Dtype)
        5    0.000    0.000    0.000    0.000 version.py:76(__lt__)
        2    0.000    0.000    0.000    0.000 rcsetup.py:406(_validate_mathtext_fallback)
        1    0.000    0.000    0.000    0.000 frozen.py:24(FrozenList)
        1    0.000    0.000    0.000    0.000 __init__.py:1867(__init__)
        1    0.000    0.000    0.000    0.000 common.py:110(IOHandles)
        1    0.000    0.000    0.000    0.000 base64mime.py:1(<module>)
        1    0.000    0.000    0.000    0.000 expr.py:753(PandasExprVisitor)
       24    0.000    0.000    0.000    0.000 patches.py:2265(<genexpr>)
        1    0.000    0.000    0.000    0.000 _add_newdocs_scalars.py:54(_get_platform_and_machine)
        8    0.000    0.000    0.000    0.000 {method 'cast' of 'memoryview' objects}
        1    0.000    0.000    0.000    0.000 common.py:383(DataWithCoords)
        1    0.000    0.000    0.000    0.000 transforms.py:2627(BboxTransformFrom)
        1    0.000    0.000    0.000    0.000 platform.py:847(uname_result)
       30    0.000    0.000    0.000    0.000 function_base.py:19(_linspace_dispatcher)
        1    0.000    0.000    0.000    0.000 dates.py:1778(DateConverter)
        1    0.000    0.000    0.000    0.000 resample.py:2078(TimeGrouper)
        1    0.000    0.000    0.000    0.000 transforms.py:1276(Transform)
        1    0.000    0.000    0.000    0.000 {built-in method math.exp}
       12    0.000    0.000    0.000    0.000 {method 'decode' of 'bytes' objects}
        1    0.000    0.000    0.000    0.000 six.py:493(Module_six_moves_urllib)
        2    0.000    0.000    0.000    0.000 parse.py:825(__getattr__)
        2    0.000    0.000    0.000    0.000 dataclasses.py:1504(exec_body_callback)
        3    0.000    0.000    0.000    0.000 _parser.py:1004(addliteral)
        1    0.000    0.000    0.000    0.000 subprocess.py:163(TimeoutExpired)
        1    0.000    0.000    0.000    0.000 reduction.py:33(ForkingPickler)
        1    0.000    0.000    0.000    0.000 __init__.py:1482(Logger)
        1    0.000    0.000    0.000    0.000 dates.py:995(rrulewrapper)
        1    0.000    0.000    0.000    0.000 _arrow_string_mixins.py:14(ArrowStringArrayMixin)
        1    0.000    0.000    0.000    0.000 indexing.py:1603(DaskIndexingAdapter)
        1    0.000    0.000    0.000    0.000 expr.py:779(Expr)
        1    0.000    0.000    0.000    0.000 {method 'close' of 'select.epoll' objects}
        1    0.000    0.000    0.000    0.000 ast.py:69(_raise_malformed_node)
        1    0.000    0.000    0.000    0.000 scipy_.py:142(ScipyDataStore)
        5    0.000    0.000    0.000    0.000 rcsetup.py:568(_validate_greaterthan_minushalf)
        1    0.000    0.000    0.000    0.000 floating.py:156(Float32Dtype)
        4    0.000    0.000    0.000    0.000 <frozen importlib._bootstrap_external>:1339(_find_parent_path_names)
        2    0.000    0.000    0.000    0.000 <frozen _collections_abc>:407(__subclasshook__)
        1    0.000    0.000    0.000    0.000 indexing.py:514(ExplicitlyIndexedNDArrayMixin)
        1    0.000    0.000    0.000    0.000 sasreader.py:35(ReaderBase)
        1    0.000    0.000    0.000    0.000 _inspect.py:1(<module>)
        1    0.000    0.000    0.000    0.000 pytables.py:282(FilterBinOp)
        6    0.000    0.000    0.000    0.000 signal.py:51(decorator)
        4    0.000    0.000    0.000    0.000 typing.py:406(_eval_type)
        1    0.000    0.000    0.000    0.000 colors.py:97(ColorSequenceRegistry)
        1    0.000    0.000    0.000    0.000 common.py:312(AbstractWritableDataStore)
        1    0.000    0.000    0.000    0.000 string_.py:71(StringDtype)
        1    0.000    0.000    0.000    0.000 watercolumn_run_lib.py:51(WCRun)
        1    0.000    0.000    0.000    0.000 backend_bases.py:3380(_Backend)
        1    0.000    0.000    0.000    0.000 core.py:6540(MaskedConstant)
        1    0.000    0.000    0.000    0.000 base_parser.py:601(_set_noconvert_dtype_columns)
       38    0.000    0.000    0.000    0.000 {built-in method _ctypes.sizeof}
        1    0.000    0.000    0.000    0.000 category.py:26(StrCategoryConverter)
        5    0.000    0.000    0.000    0.000 construction.py:481(ensure_wrapped_if_datetimelike)
        2    0.000    0.000    0.000    0.000 six.py:119(_resolve)
        1    0.000    0.000    0.000    0.000 cbook.py:570(Stack)
        1    0.000    0.000    0.000    0.000 PngImagePlugin.py:700(PngImageFile)
        1    0.000    0.000    0.000    0.000 sql.py:1443(PandasSQL)
        1    0.000    0.000    0.000    0.000 _xlsxwriter.py:180(XlsxWriter)
        1    0.000    0.000    0.000    0.000 pydap_.py:84(PydapDataStore)
       13    0.000    0.000    0.000    0.000 accessor.py:136(delegate_names)
        2    0.000    0.000    0.000    0.000 _weakrefset.py:37(__init__)
        1    0.000    0.000    0.000    0.000 numeric.py:234(NumericArray)
        1    0.000    0.000    0.000    0.000 managers.py:1850(from_blocks)
        1    0.000    0.000    0.000    0.000 roperator.py:1(<module>)
       29    0.000    0.000    0.000    0.000 core.py:4233(<genexpr>)
        1    0.000    0.000    0.000    0.000 docscrape.py:30(Reader)
        2    0.000    0.000    0.000    0.000 calendar.py:45(__getattr__)
        2    0.000    0.000    0.000    0.000 traceback.py:391(extended_frame_gen)
        1    0.000    0.000    0.000    0.000 __init__.py:273(EntryPoints)
        2    0.000    0.000    0.000    0.000 sysconfig.py:304(get_preferred_scheme)
        1    0.000    0.000    0.000    0.000 PngImagePlugin.py:346(PngStream)
       14    0.000    0.000    0.000    0.000 common.py:1270(is_1d_only_ea_dtype)
       12    0.000    0.000    0.000    0.000 managers.py:1837(__init__)
        1    0.000    0.000    0.000    0.000 base.py:2412(ExtensionOpsMixin)
        1    0.000    0.000    0.000    0.000 __init__.py:86(CompleteDirs)
        1    0.000    0.000    0.000    0.000 docscrape.py:610(ClassDoc)
        1    0.000    0.000    0.000    0.000 ElementTree.py:1773(C14NWriterTarget)
        9    0.000    0.000    0.000    0.000 config.py:899(is_nonnegative_int)
        4    0.000    0.000    0.000    0.000 {built-in method _locale.setlocale}
        1    0.000    0.000    0.000    0.000 calendar.py:113(_localized_day)
        1    0.000    0.000    0.000    0.000 __init__.py:742(Prepared)
        1    0.000    0.000    0.000    0.000 __init__.py:546(Formatter)
        4    0.000    0.000    0.000    0.000 core.py:3415(parseImpl)
        1    0.000    0.000    0.000    0.000 _triplot.py:1(<module>)
       30    0.000    0.000    0.000    0.000 fromnumeric.py:3172(_ndim_dispatcher)
        2    0.000    0.000    0.000    0.000 reprlib.py:39(__init__)
        1    0.000    0.000    0.000    0.000 layout_engine.py:27(LayoutEngine)
        1    0.000    0.000    0.000    0.000 Image.py:3517(register_extensions)
        1    0.000    0.000    0.000    0.000 colors.py:1512(CenteredNorm)
        1    0.000    0.000    0.000    0.000 model.py:298(__init__)
       12    0.000    0.000    0.000    0.000 extension.py:110(inherit_names)
        1    0.000    0.000    0.000    0.000 extras.py:1607(MAxisConcatenator)
        1    0.000    0.000    0.000    0.000 axis3d.py:740(YAxis)
        1    0.000    0.000    0.000    0.000 series.py:914(__len__)
        1    0.000    0.000    0.000    0.000 __init__.py:68(InitializedState)
        1    0.000    0.000    0.000    0.000 _aggregations.py:6711(DataArrayResampleAggregations)
        1    0.000    0.000    0.000    0.000 rrule.py:305(rrule)
        1    0.000    0.000    0.000    0.000 ElementTree.py:1381(TreeBuilder)
        7    0.000    0.000    0.000    0.000 config.py:649(_get_deprecated_option)
        1    0.000    0.000    0.000    0.000 collections.py:2239(PolyQuadMesh)
        1    0.000    0.000    0.000    0.000 ElementTree.py:126(Element)
        1    0.000    0.000    0.000    0.000 polar.py:699(RadialAxis)
       35    0.000    0.000    0.000    0.000 dataclasses.py:1142(<genexpr>)
        1    0.000    0.000    0.000    0.000 rrule.py:1418(_rrulestr)
        1    0.000    0.000    0.000    0.000 ElementTree.py:466(QName)
       24    0.000    0.000    0.000    0.000 core.py:4232(<genexpr>)
        1    0.000    0.000    0.000    0.000 axis.py:405(XTick)
        1    0.000    0.000    0.000    0.000 {built-in method time.localtime}
        1    0.000    0.000    0.000    0.000 art3d.py:844(Poly3DCollection)
        1    0.000    0.000    0.000    0.000 concat.py:398(_Concatenator)
       34    0.000    0.000    0.000    0.000 core.py:1924(recurse)
        1    0.000    0.000    0.000    0.000 core.py:4200(MatchFirst)
        1    0.000    0.000    0.000    0.000 model.py:279(ConstPointerType)
        1    0.000    0.000    0.000    0.000 {built-in method _hashlib.openssl_sha224}
       30    0.000    0.000    0.000    0.000 multiarray.py:669(result_type)
       10    0.000    0.000    0.000    0.000 _docstring.py:33(__init__)
        1    0.000    0.000    0.000    0.000 base.py:2475(ExtensionScalarOpsMixin)
        1    0.000    0.000    0.000    0.000 dataframe_protocol.py:121(Buffer)
        1    0.000    0.000    0.000    0.000 pytables.py:4702(AppendableSeriesTable)
        1    0.000    0.000    0.000    0.000 _policybase.py:112(Policy)
        1    0.000    0.000    0.000    0.000 axis3d.py:748(ZAxis)
        1    0.000    0.000    0.000    0.000 {built-in method _hashlib.openssl_sha1}
        2    0.000    0.000    0.000    0.000 rcsetup.py:765(_validate_legend_loc)
        1    0.000    0.000    0.000    0.000 tarfile.py:331(_Stream)
        4    0.000    0.000    0.000    0.000 timedeltas.py:81(_field_accessor)
        2    0.000    0.000    0.000    0.000 config.py:688(_warn_if_deprecated)
        1    0.000    0.000    0.000    0.000 lru_cache.py:34(__init__)
        1    0.000    0.000    0.000    0.000 _xlsxwriter.py:24(_XlsxStyler)
        1    0.000    0.000    0.000    0.000 treenode.py:570(NamedNode)
        1    0.000    0.000    0.000    0.000 bezier.py:189(BezierSegment)
        1    0.000    0.000    0.000    0.000 core.py:2701(Word)
       24    0.000    0.000    0.000    0.000 ops.py:266(op_str)
        1    0.000    0.000    0.000    0.000 core.py:4650(AtStringStart)
        1    0.000    0.000    0.000    0.000 __init__.py:360(ZipInfo)
       12    0.000    0.000    0.000    0.000 core.py:5706(postParse)
        1    0.000    0.000    0.000    0.000 pytables.py:108(BinOp)
        3    0.000    0.000    0.000    0.000 {built-in method posix.register_at_fork}
        1    0.000    0.000    0.000    0.000 {method 'title' of 'str' objects}
        1    0.000    0.000    0.000    0.000 patches.py:2204(_Style)
        1    0.000    0.000    0.000    0.000 _parser.py:1012(addgroup)
        1    0.000    0.000    0.000    0.000 units.py:108(ConversionInterface)
        1    0.000    0.000    0.000    0.000 selectors.py:80(BaseSelector)
        1    0.000    0.000    0.000    0.000 accessor.py:37(SparseAccessor)
        1    0.000    0.000    0.000    0.000 _tritools.py:11(TriAnalyzer)
        1    0.000    0.000    0.000    0.000 axis.py:523(Ticker)
        1    0.000    0.000    0.000    0.000 utils.py:1001(UncachedAccessor)
        1    0.000    0.000    0.000    0.000 ticker.py:1962(MaxNLocator)
        3    0.000    0.000    0.000    0.000 six.py:85(_import_module)
        1    0.000    0.000    0.000    0.000 Image.py:3448(register_open)
        1    0.000    0.000    0.000    0.000 text.py:1444(_AnnotationBase)
        1    0.000    0.000    0.000    0.000 {method 'view' of 'numpy.generic' objects}
        1    0.000    0.000    0.000    0.000 computation.py:59(_UFuncSignature)
        1    0.000    0.000    0.000    0.000 offsetbox.py:595(DrawingArea)
        1    0.000    0.000    0.000    0.000 base.py:449(StorageExtensionDtype)
        1    0.000    0.000    0.000    0.000 traceback.py:679(TracebackException)
        3    0.000    0.000    0.000    0.000 _util.py:34(register_writer)
        8    0.000    0.000    0.000    0.000 functools.py:965(__init__)
        1    0.000    0.000    0.000    0.000 legend_handler.py:524(__init__)
        1    0.000    0.000    0.000    0.000 __init__.py:803(PathDistribution)
        3    0.000    0.000    0.000    0.000 base.py:591(_ensure_array)
        1    0.000    0.000    0.000    0.000 core.py:2589(MaskedIterator)
        1    0.000    0.000    0.000    0.000 readers.py:1674(_check_file_or_buffer)
        1    0.000    0.000    0.000    0.000 _structures.py:35(NegativeInfinityType)
        1    0.000    0.000    0.000    0.000 categorical.py:2774(CategoricalAccessor)
        1    0.000    0.000    0.000    0.000 indexing.py:1804(PandasMultiIndexingAdapter)
        1    0.000    0.000    0.000    0.000 core.py:5286(_update_ignorer)
        1    0.000    0.000    0.000    0.000 _version.py:14(NumpyVersion)
        1    0.000    0.000    0.000    0.000 feedparser.py:134(FeedParser)
        1    0.000    0.000    0.000    0.000 nanops.py:98(bottleneck_switch)
        1    0.000    0.000    0.000    0.000 contour.py:1481(QuadContourSet)
       18    0.000    0.000    0.000    0.000 cftimeindex.py:85(optional)
        2    0.000    0.000    0.000    0.000 core.py:6643(__setattr__)
        1    0.000    0.000    0.000    0.000 hatch.py:124(Circles)
       18    0.000    0.000    0.000    0.000 __init__.py:190(change_key)
        1    0.000    0.000    0.000    0.000 common.py:207(validate_header_arg)
        1    0.000    0.000    0.000    0.000 version.py:420(major)
        1    0.000    0.000    0.000    0.000 dtypes.py:1533(BaseMaskedDtype)
        1    0.000    0.000    0.000    0.000 streamplot.py:259(DomainMap)
        1    0.000    0.000    0.000    0.000 collections.py:1972(_MeshData)
        1    0.000    0.000    0.000    0.000 info.py:716(_TableBuilderAbstract)
        1    0.000    0.000    0.000    0.000 colors.py:548(ColorConverter)
        1    0.000    0.000    0.000    0.000 core.py:5050(DelimitedList)
        2    0.000    0.000    0.000    0.000 <frozen _collections_abc>:819(keys)
        8    0.000    0.000    0.000    0.000 config.py:875(inner)
        1    0.000    0.000    0.000    0.000 ops.py:305(IncludeNumpySameMethods)
        1    0.000    0.000    0.000    0.000 zarr.py:66(ZarrArrayWrapper)
        1    0.000    0.000    0.000    0.000 backend_bases.py:3225(ToolContainerBase)
        2    0.000    0.000    0.000    0.000 common.py:1434(_is_dtype_type)
       33    0.000    0.000    0.000    0.000 __init__.py:534(<lambda>)
        1    0.000    0.000    0.000    0.000 six.py:205(load_module)
        1    0.000    0.000    0.000    0.000 _iotools.py:229(NameValidator)
        6    0.000    0.000    0.000    0.000 common.py:1590(<genexpr>)
        3    0.000    0.000    0.000    0.000 weakref.py:347(__new__)
       14    0.000    0.000    0.000    0.000 _common.py:9(__init__)
        1    0.000    0.000    0.000    0.000 getlimits.py:378(finfo)
        1    0.000    0.000    0.000    0.000 base_parser.py:1426(_validate_parse_dates_arg)
        1    0.000    0.000    0.000    0.000 _datasource.py:74(_FileOpeners)
        1    0.000    0.000    0.000    0.000 core.py:2614(CloseMatch)
       21    0.000    0.000    0.000    0.000 accessors.py:176(<lambda>)
        2    0.000    0.000    0.000    0.000 _policybase.py:281(_sanitize_header)
       22    0.000    0.000    0.000    0.000 generic.py:405(flags)
        1    0.000    0.000    0.000    0.000 _parseaddr.py:211(AddrlistClass)
        1    0.000    0.000    0.000    0.000 common.py:292(is_fsspec_url)
        1    0.000    0.000    0.000    0.000 base.py:147(NoNewAttributesMixin)
        1    0.000    0.000    0.000    0.000 _ufunc_config.py:441(_setdef)
       12    0.000    0.000    0.000    0.000 nputils.py:177(_create_method)
        1    0.000    0.000    0.000    0.000 _common.py:127(_TZifHeader)
        1    0.000    0.000    0.000    0.000 _exceptions.py:116(_ArrayMemoryError)
        1    0.000    0.000    0.000    0.000 {built-in method _codecs.lookup}
        1    0.000    0.000    0.000    0.000 _triinterpolate.py:1215(_Sparse_Matrix_coo)
        1    0.000    0.000    0.000    0.000 coordinates.py:799(DataArrayCoordinates)
        1    0.000    0.000    0.000    0.000 common.py:968(_BytesTarFile)
        1    0.000    0.000    0.000    0.000 tz.py:332(__init__)
        1    0.000    0.000    0.000    0.000 textpath.py:20(TextToPath)
        1    0.000    0.000    0.000    0.000 invalid.py:1(<module>)
        1    0.000    0.000    0.000    0.000 {built-in method _hashlib.openssl_shake_128}
        2    0.000    0.000    0.000    0.000 copyreg.py:12(pickle)
        1    0.000    0.000    0.000    0.000 string_arrow.py:598(ArrowStringArrayNumpySemantics)
        1    0.000    0.000    0.000    0.000 dispatch.py:1(<module>)
       18    0.000    0.000    0.000    0.000 {built-in method numpy.geterrobj}
        2    0.000    0.000    0.000    0.000 blocks.py:219(_can_consolidate)
        5    0.000    0.000    0.000    0.000 config.py:617(_select_options)
        8    0.000    0.000    0.000    0.000 enum.py:1692(_simple_enum)
        1    0.000    0.000    0.000    0.000 queue.py:258(_PySimpleQueue)
        1    0.000    0.000    0.000    0.000 _parser.py:394(_ymd)
        1    0.000    0.000    0.000    0.000 generic.py:586(_get_axis)
        1    0.000    0.000    0.000    0.000 process.py:364(_ParentProcess)
        1    0.000    0.000    0.000    0.000 _meta.py:47(SimplePath)
        1    0.000    0.000    0.000    0.000 _itertools.py:1(<module>)
        1    0.000    0.000    0.000    0.000 integer.py:221(Int32Dtype)
       22    0.000    0.000    0.000    0.000 core.py:3472(<genexpr>)
        1    0.000    0.000    0.000    0.000 polar.py:748(_WedgeBbox)
        1    0.000    0.000    0.000    0.000 console.py:1(<module>)
        1    0.000    0.000    0.000    0.000 config.py:220(DictWrapper)
        1    0.000    0.000    0.000    0.000 polar.py:498(_ThetaShift)
        1    0.000    0.000    0.000    0.000 ticker.py:159(_DummyAxis)
        1    0.000    0.000    0.000    0.000 numbers.py:292(Rational)
        1    0.000    0.000    0.000    0.000 h5netcdf_.py:96(H5NetCDFStore)
        1    0.000    0.000    0.000    0.000 container.py:5(Container)
        1    0.000    0.000    0.000    0.000 watercolumn_run_lib.py:57(save_run_info)
        1    0.000    0.000    0.000    0.000 subprocess.py:126(CalledProcessError)
        1    0.000    0.000    0.000    0.000 missing.py:63(BaseInterpolator)
        1    0.000    0.000    0.000    0.000 charset.py:162(Charset)
        1    0.000    0.000    0.000    0.000 spines.py:522(Spines)
        1    0.000    0.000    0.000    0.000 netCDF4_.py:581(NetCDF4BackendEntrypoint)
        1    0.000    0.000    0.000    0.000 collections.py:1378(LineCollection)
        1    0.000    0.000    0.000    0.000 ticker.py:198(Formatter)
        1    0.000    0.000    0.000    0.000 tzinfo.py:79(StaticTzInfo)
        1    0.000    0.000    0.000    0.000 model.py:294(ArrayType)
        1    0.000    0.000    0.000    0.000 variables.py:53(_ElementwiseFunctionArray)
        2    0.000    0.000    0.000    0.000 parse.py:119(_coerce_args)
        1    0.000    0.000    0.000    0.000 encoder.py:74(JSONEncoder)
        1    0.000    0.000    0.000    0.000 integer.py:214(Int16Dtype)
        1    0.000    0.000    0.000    0.000 html.py:695(_LxmlFrameParser)
       16    0.000    0.000    0.000    0.000 _dtype.py:24(_kind_name)
        1    0.000    0.000    0.000    0.000 _strptime.py:14(TimeRE)
        1    0.000    0.000    0.000    0.000 backend_tools.py:360(ToolQuit)
        1    0.000    0.000    0.000    0.000 colors.py:958(LinearSegmentedColormap)
        1    0.000    0.000    0.000    0.000 <frozen importlib._bootstrap>:1103(_resolve_filename)
        2    0.000    0.000    0.000    0.000 __init__.py:428(_discover_resolvers)
        2    0.000    0.000    0.000    0.000 __init__.py:75(register)
        1    0.000    0.000    0.000    0.000 encoders.py:1(<module>)
        1    0.000    0.000    0.000    0.000 _typing.py:308(ReadCsvBuffer)
        1    0.000    0.000    0.000    0.000 arrayprint.py:905(FloatingFormat)
        1    0.000    0.000    0.000    0.000 dates.py:1866(_SwitchableDateConverter)
        1    0.000    0.000    0.000    0.000 tz.py:328(_ttinfo)
        1    0.000    0.000    0.000    0.000 pickle.py:194(_Framer)
        1    0.000    0.000    0.000    0.000 header.py:536(_Accumulator)
        1    0.000    0.000    0.000    0.000 xml.py:62(_XMLFrameParser)
        1    0.000    0.000    0.000    0.000 pytables.py:532(PyTablesExpr)
        4    0.000    0.000    0.000    0.000 enum.py:1267(__hash__)
        1    0.000    0.000    0.000    0.000 dviread.py:65(Text)
        1    0.000    0.000    0.000    0.000 backend_tools.py:457(ToolViewsPositions)
        1    0.000    0.000    0.000    0.000 _trirefine.py:47(UniformTriRefiner)
        1    0.000    0.000    0.000    0.000 core.py:2299(_PendingSkip)
        1    0.000    0.000    0.000    0.000 six.py:164(_resolve)
        1    0.000    0.000    0.000    0.000 datatree_render.py:22(__init__)
        1    0.000    0.000    0.000    0.000 polar.py:140(PolarAffine)
        1    0.000    0.000    0.000    0.000 _machar.py:17(MachAr)
        1    0.000    0.000    0.000    0.000 string.py:57(Template)
        2    0.000    0.000    0.000    0.000 results.py:436(__getattr__)
       16    0.000    0.000    0.000    0.000 version.py:518(<lambda>)
        1    0.000    0.000    0.000    0.000 cftime_offsets.py:102(BaseCFTimeOffset)
        1    0.000    0.000    0.000    0.000 dates.py:1192(RRuleLocator)
        1    0.000    0.000    0.000    0.000 backend_tools.py:830(ToolPan)
        1    0.000    0.000    0.000    0.000 __init__.py:1353(Manager)
        1    0.000    0.000    0.000    0.000 traceback.py:248(FrameSummary)
        1    0.000    0.000    0.000    0.000 cm.py:83(__init__)
        2    0.000    0.000    0.000    0.000 scale.py:702(get_scale_names)
        7    0.000    0.000    0.000    0.000 getlimits.py:157(_register_type)
        1    0.000    0.000    0.000    0.000 ticker.py:2592(AsinhLocator)
        2    0.000    0.000    0.000    0.000 message.py:150(__init__)
        3    0.000    0.000    0.000    0.000 base.py:609(_dtype_to_subclass)
        1    0.000    0.000    0.000    0.000 sql.py:922(SQLTable)
        1    0.000    0.000    0.000    0.000 {built-in method gc.isenabled}
       10    0.000    0.000    0.000    0.000 rcsetup.py:374(validate_fontweight)
        1    0.000    0.000    0.000    0.000 pytables.py:2643(DataIndexableCol)
        2    0.000    0.000    0.000    0.000 __init__.py:637(path)
        1    0.000    0.000    0.000    0.000 ticker.py:2704(LogitLocator)
        4    0.000    0.000    0.000    0.000 __init__.py:167(__ge__)
        1    0.000    0.000    0.000    0.000 TiffTags.py:32(TagInfo)
        1    0.000    0.000    0.000    0.000 indexing.py:1651(PandasIndexingAdapter)
        9    0.000    0.000    0.000    0.000 __init__.py:42(warn_copy_on_write)
        1    0.000    0.000    0.000    0.000 resample.py:1997(PeriodIndexResamplerGroupby)
        1    0.000    0.000    0.000    0.000 indexing.py:32(GroupByIndexingMixin)
        1    0.000    0.000    0.000    0.000 _json.py:226(Writer)
        1    0.000    0.000    0.000    0.000 integer.py:228(Int64Dtype)
        1    0.000    0.000    0.000    0.000 core.py:6345(mvoid)
        4    0.000    0.000    0.000    0.000 construction.py:688(_sanitize_non_ordered)
        3    0.000    0.000    0.000    0.000 __init__.py:43(private_class)
        1    0.000    0.000    0.000    0.000 c_parser_wrapper.py:56(CParserWrapper)
        1    0.000    0.000    0.000    0.000 indexing.py:156(IndexingMixin)
        1    0.000    0.000    0.000    0.000 ticker.py:815(LogFormatter)
        3    0.000    0.000    0.000    0.000 weakref.py:352(__init__)
       24    0.000    0.000    0.000    0.000 contextlib.py:443(__enter__)
        1    0.000    0.000    0.000    0.000 core.py:5680(Group)
        1    0.000    0.000    0.000    0.000 colors.py:1417(TwoSlopeNorm)
        1    0.000    0.000    0.000    0.000 rolling.py:1466(RollingAndExpandingMixin)
        5    0.000    0.000    0.000    0.000 extension_array.py:15(implements)
        1    0.000    0.000    0.000    0.000 _util.py:18(DeferredError)
        2    0.000    0.000    0.000    0.000 base.py:5676(<genexpr>)
        1    0.000    0.000    0.000    0.000 engines.py:47(AbstractEngine)
        4    0.000    0.000    0.000    0.000 config.py:835(is_type_factory)
        1    0.000    0.000    0.000    0.000 legend_handler.py:361(HandlerStepPatch)
        2    0.000    0.000    0.000    0.000 types.py:76(resolve_bases)
        1    0.000    0.000    0.000    0.000 pydoc.py:1190(__init__)
        1    0.000    0.000    0.000    0.000 {method '__dir__' of 'module' objects}
        1    0.000    0.000    0.000    0.000 tz.py:201(tzlocal)
        2    0.000    0.000    0.000    0.000 inference.py:105(is_file_like)
        1    0.000    0.000    0.000    0.000 _structures.py:6(InfinityType)
       15    0.000    0.000    0.000    0.000 results.py:455(<lambda>)
        2    0.000    0.000    0.000    0.000 rcsetup.py:858(validate_hist_bins)
        1    0.000    0.000    0.000    0.000 _mathtext.py:540(UnicodeFonts)
        1    0.000    0.000    0.000    0.000 transforms.py:2445(CompositeAffine2D)
        1    0.000    0.000    0.000    0.000 types.py:96(Alignable)
       12    0.000    0.000    0.000    0.000 __init__.py:672(__init__)
        1    0.000    0.000    0.000    0.000 indexing.py:820(MemoryCachedArray)
        1    0.000    0.000    0.000    0.000 integer.py:249(UInt32Dtype)
       10    0.000    0.000    0.000    0.000 accessor.py:216(__init__)
        1    0.000    0.000    0.000    0.000 calendar.py:603(LocaleTextCalendar)
        1    0.000    0.000    0.000    0.000 figure.py:73(_AxesStack)
        1    0.000    0.000    0.000    0.000 _internal.py:217(_getintp_ctype)
        1    0.000    0.000    0.000    0.000 {built-in method _hashlib.openssl_sha384}
        1    0.000    0.000    0.000    0.000 pytables.py:4598(AppendableFrameTable)
       16    0.000    0.000    0.000    0.000 _add_newdocs_scalars.py:79(<genexpr>)
        1    0.000    0.000    0.000    0.000 describe.py:136(DataFrameDescriber)
        6    0.000    0.000    0.000    0.000 __init__.py:1317(__init__)
        1    0.000    0.000    0.000    0.000 rcsetup.py:131(_validate_date)
        1    0.000    0.000    0.000    0.000 pathlib.py:52(_ignore_error)
        1    0.000    0.000    0.000    0.000 abc.py:28(__getattr__)
        1    0.000    0.000    0.000    0.000 _tight_bbox.py:1(<module>)
        2    0.000    0.000    0.000    0.000 common.py:1229(<genexpr>)
        2    0.000    0.000    0.000    0.000 {method 'copy' of 'list' objects}
        4    0.000    0.000    0.000    0.000 base.py:831(_reset_identity)
        1    0.000    0.000    0.000    0.000 integer.py:242(UInt16Dtype)
        6    0.000    0.000    0.000    0.000 results.py:261(__len__)
        1    0.000    0.000    0.000    0.000 format.py:189(SeriesFormatter)
        1    0.000    0.000    0.000    0.000 socket.py:664(SocketIO)
        1    0.000    0.000    0.000    0.000 csv.py:137(DictWriter)
        1    0.000    0.000    0.000    0.000 __init__.py:99(version_info)
        1    0.000    0.000    0.000    0.000 six.py:129(_LazyModule)
        1    0.000    0.000    0.000    0.000 core.py:6844(_frommethod)
        1    0.000    0.000    0.000    0.000 ops.py:208(Op)
        2    0.000    0.000    0.000    0.000 __init__.py:764(legacy_normalize)
        2    0.000    0.000    0.000    0.000 Image.py:3506(register_extension)
        1    0.000    0.000    0.000    0.000 __init__.py:1452(_fixupChildren)
        1    0.000    0.000    0.000    0.000 __init__.py:1358(__init__)
        1    0.000    0.000    0.000    0.000 info.py:515(SeriesInfo)
        1    0.000    0.000    0.000    0.000 array_manager.py:1240(NullArrayProxy)
        1    0.000    0.000    0.000    0.000 c_parser_wrapper.py:194(close)
        1    0.000    0.000    0.000    0.000 integer.py:235(UInt8Dtype)
        1    0.000    0.000    0.000    0.000 scope.py:26(DeepChainMap)
        1    0.000    0.000    0.000    0.000 blocks.py:2795(extend_blocks)
        1    0.000    0.000    0.000    0.000 integer.py:256(UInt64Dtype)
        1    0.000    0.000    0.000    0.000 ImageSequence.py:24(Iterator)
        1    0.000    0.000    0.000    0.000 concat.py:350(JoinUnit)
        1    0.000    0.000    0.000    0.000 _mathtext.py:1390(Rule)
        1    0.000    0.000    0.000    0.000 colors.py:2278(LightSource)
        3    0.000    0.000    0.000    0.000 _add_docstring.py:11(add_newdoc)
        1    0.000    0.000    0.000    0.000 backend_tools.py:896(ToolHelpBase)
        1    0.000    0.000    0.000    0.000 info.py:593(_DataFrameInfoPrinter)
        1    0.000    0.000    0.000    0.000 inspect.py:1801(_shadowed_dict_from_mro_tuple)
        1    0.000    0.000    0.000    0.000 _triinterpolate.py:232(LinearTriInterpolator)
        1    0.000    0.000    0.000    0.000 platform.py:799(_Processor)
        1    0.000    0.000    0.000    0.000 widgets.py:66(Widget)
        1    0.000    0.000    0.000    0.000 _nbit.py:1(<module>)
        1    0.000    0.000    0.000    0.000 arrayprint.py:1367(StructuredVoidFormat)
        2    0.000    0.000    0.000    0.000 legend_handler.py:319(__init__)
        1    0.000    0.000    0.000    0.000 _datasource.py:196(DataSource)
        1    0.000    0.000    0.000    0.000 _compression.py:33(DecompressReader)
        1    0.000    0.000    0.000    0.000 __init__.py:213(UTC)
        1    0.000    0.000    0.000    0.000 hmac.py:27(HMAC)
       10    0.000    0.000    0.000    0.000 _pytesttester.py:76(__init__)
        1    0.000    0.000    0.000    0.000 layout_engine.py:132(TightLayoutEngine)
        1    0.000    0.000    0.000    0.000 ticker.py:1458(PercentFormatter)
        1    0.000    0.000    0.000    0.000 ctypeslib.py:181(_ndptr)
        1    0.000    0.000    0.000    0.000 cftime_offsets.py:513(YearOffset)
        1    0.000    0.000    0.000    0.000 base.py:100(PandasObject)
        1    0.000    0.000    0.000    0.000 _mathtext.py:221(Fonts)
        2    0.000    0.000    0.000    0.000 duck_array_ops.py:76(_dask_or_eager_func)
        1    0.000    0.000    0.000    0.000 info.py:772(_DataFrameTableBuilder)
        1    0.000    0.000    0.000    0.000 core.py:2589(CaselessKeyword)
        3    0.000    0.000    0.000    0.000 index_tricks.py:320(__init__)
        1    0.000    0.000    0.000    0.000 frequencies.py:105(_CFTimeFrequencyInferer)
        2    0.000    0.000    0.000    0.000 series.py:233(_coerce_method)
        1    0.000    0.000    0.000    0.000 rolling.py:683(BaseWindowGroupby)
        1    0.000    0.000    0.000    0.000 _triinterpolate.py:985(_DOF_estimator)
        4    0.000    0.000    0.000    0.000 mixins.py:51(_unary_method)
        1    0.000    0.000    0.000    0.000 floating.py:163(Float64Dtype)
        1    0.000    0.000    0.000    0.000 core.py:5123(Opt)
        1    0.000    0.000    0.000    0.000 art3d.py:534(Patch3DCollection)
        1    0.000    0.000    0.000    0.000 base.py:74(__len__)
        1    0.000    0.000    0.000    0.000 patches.py:3136(_Base)
        1    0.000    0.000    0.000    0.000 readers.py:1568(TextFileReader)
        1    0.000    0.000    0.000    0.000 common.py:188(all_none)
        1    0.000    0.000    0.000    0.000 extras.py:1655(__init__)
        1    0.000    0.000    0.000    0.000 _functools.py:1(<module>)
        1    0.000    0.000    0.000    0.000 _encoded_words.py:73(_QByteMap)
        9    0.000    0.000    0.000    0.000 managers.py:196(blklocs)
        5    0.000    0.000    0.000    0.000 _ufunc_config.py:426(__init__)
        3    0.000    0.000    0.000    0.000 _parser.py:295(seek)
        1    0.000    0.000    0.000    0.000 info.py:673(_SeriesInfoPrinter)
        1    0.000    0.000    0.000    0.000 abc.py:195(SourceLoader)
        2    0.000    0.000    0.000    0.000 __init__.py:1776(getEffectiveLevel)
       10    0.000    0.000    0.000    0.000 _strptime.py:210(<genexpr>)
        1    0.000    0.000    0.000    0.000 npyio.py:106(NpzFile)
        1    0.000    0.000    0.000    0.000 common.py:245(AttrAccessMixin)
        1    0.000    0.000    0.000    0.000 {built-in method _elementtree._set_factories}
        1    0.000    0.000    0.000    0.000 _collections.py:27(Pair)
        1    0.000    0.000    0.000    0.000 tz.py:1167(_tzicalvtz)
        1    0.000    0.000    0.000    0.000 accessors.py:53(Properties)
        1    0.000    0.000    0.000    0.000 apply.py:709(NDFrameApply)
        1    0.000    0.000    0.000    0.000 config_init.py:295(is_terminal)
        1    0.000    0.000    0.000    0.000 apply.py:1372(SeriesApply)
        4    0.000    0.000    0.000    0.000 core.py:3417(dtype)
        1    0.000    0.000    0.000    0.000 getlimits.py:32(MachArLike)
        1    0.000    0.000    0.000    0.000 strings.py:219(StackedBytesArray)
        1    0.000    0.000    0.000    0.000 tarfile.py:606(_FileInFile)
        1    0.000    0.000    0.000    0.000 backend_tools.py:158(ToolToggleBase)
        1    0.000    0.000    0.000    0.000 random.py:222(__init_subclass__)
       10    0.000    0.000    0.000    0.000 base.py:455(__init__)
        1    0.000    0.000    0.000    0.000 offsetbox.py:1141(OffsetImage)
        1    0.000    0.000    0.000    0.000 <frozen importlib._bootstrap>:1158(create_module)
        1    0.000    0.000    0.000    0.000 backend_tools.py:395(ToolMinorGrid)
        2    0.000    0.000    0.000    0.000 message.py:331(set_payload)
        1    0.000    0.000    0.000    0.000 index_tricks.py:530(__init__)
        1    0.000    0.000    0.000    0.000 lock.py:1(<module>)
        1    0.000    0.000    0.000    0.000 utils.py:61(ArrowCTypes)
        1    0.000    0.000    0.000    0.000 scale.py:159(FuncScale)
       12    0.000    0.000    0.000    0.000 {method 'islower' of 'str' objects}
        1    0.000    0.000    0.000    0.000 layout_engine.py:211(ConstrainedLayoutEngine)
        5    0.000    0.000    0.000    0.000 core.py:2348(_generateDefaultName)
        1    0.000    0.000    0.000    0.000 scale.py:499(AsinhScale)
        1    0.000    0.000    0.000    0.000 colors.py:1840(SymLogNorm)
        1    0.000    0.000    0.000    0.000 pytables.py:66(Term)
        1    0.000    0.000    0.000    0.000 cloudpickle.py:492(_empty_cell_value)
       17    0.000    0.000    0.000    0.000 __init__.py:508(_parse_local_version)
        9    0.000    0.000    0.000    0.000 {method 'isdisjoint' of 'set' objects}
        1    0.000    0.000    0.000    0.000 core.py:4045(Or)
        1    0.000    0.000    0.000    0.000 pytables.py:4769(GenericTable)
        1    0.000    0.000    0.000    0.000 deprecation.py:308(_deprecated_parameter_class)
        2    0.000    0.000    0.000    0.000 weakref.py:152(__contains__)
       11    0.000    0.000    0.000    0.000 managers.py:1940(_block)
        1    0.000    0.000    0.000    0.000 _cm.py:66(cubehelix)
        1    0.000    0.000    0.000    0.000 <frozen _collections_abc>:288(__subclasshook__)
        4    0.000    0.000    0.000    0.000 {built-in method atexit.register}
        1    0.000    0.000    0.000    0.000 legend_handler.py:398(HandlerLineCollection)
        1    0.000    0.000    0.000    0.000 core.py:4740(PrecededBy)
        1    0.000    0.000    0.000    0.000 transforms.py:2159(_BlendedMixin)
        1    0.000    0.000    0.000    0.000 api.py:114(__getattr__)
        1    0.000    0.000    0.000    0.000 transforms.py:2525(BboxTransform)
        6    0.000    0.000    0.000    0.000 core.py:3491(<genexpr>)
        1    0.000    0.000    0.000    0.000 common.py:488(BackendEntrypoint)
        1    0.000    0.000    0.000    0.000 _misc.py:636(__init__)
        1    0.000    0.000    0.000    0.000 __init__.py:167(check_getitem)
        1    0.000    0.000    0.000    0.000 rolling.py:2872(RollingGroupby)
        1    0.000    0.000    0.000    0.000 __init__.py:336(SubclassedSeries)
       10    0.000    0.000    0.000    0.000 __future__.py:83(__init__)
        1    0.000    0.000    0.000    0.000 offsetbox.py:707(TextArea)
        1    0.000    0.000    0.000    0.000 textpath.py:293(TextPath)
        2    0.000    0.000    0.000    0.000 rcsetup.py:611(_validate_minor_tick_ndivs)
        6    0.000    0.000    0.000    0.000 {method 'count' of 'list' objects}
        1    0.000    0.000    0.000    0.000 core.py:217(update_nested_dict)
        1    0.000    0.000    0.000    0.000 core.py:4598(_IndentGreater)
        1    0.000    0.000    0.000    0.000 ewm.py:933(OnlineExponentialMovingWindow)
        1    0.000    0.000    0.000    0.000 base.py:456(_engine_type)
        1    0.000    0.000    0.000    0.000 core.py:5623(Combine)
        1    0.000    0.000    0.000    0.000 indexing.py:591(LazilyIndexedArray)
        1    0.000    0.000    0.000    0.000 _generated_version.py:1(<module>)
        1    0.000    0.000    0.000    0.000 lines.py:1467(AxLine)
        1    0.000    0.000    0.000    0.000 ElementTree.py:514(ElementTree)
       11    0.000    0.000    0.000    0.000 generic.py:363(attrs)
        1    0.000    0.000    0.000    0.000 selectors.py:290(SelectSelector)
        1    0.000    0.000    0.000    0.000 colors.py:1878(AsinhNorm)
        1    0.000    0.000    0.000    0.000 index_tricks.py:255(__init__)
        2    0.000    0.000    0.000    0.000 common.py:91(ensure_python_int)
        1    0.000    0.000    0.000    0.000 base_parser.py:1269(_process_date_conversion)
        1    0.000    0.000    0.000    0.000 pydap_.py:34(PydapArrayWrapper)
        1    0.000    0.000    0.000    0.000 phytoplankton.py:20(Algae_Species)
        1    0.000    0.000    0.000    0.000 ops.py:520(Div)
        1    0.000    0.000    0.000    0.000 _base.py:210(_process_plot_var_args)
        1    0.000    0.000    0.000    0.000 accessor_dt.py:537(TimedeltaAccessor)
        1    0.000    0.000    0.000    0.000 accessors.py:151(ArrowTemporalProperties)
        1    0.000    0.000    0.000    0.000 extension.py:135(ExtensionIndex)
        1    0.000    0.000    0.000    0.000 ipc.py:78(RecordBatchStreamWriter)
        1    0.000    0.000    0.000    0.000 rrule.py:94(rrulebase)
        3    0.000    0.000    0.000    0.000 {method 'copy' of 'mappingproxy' objects}
        1    0.000    0.000    0.000    0.000 datatree_render.py:21(AbstractStyle)
        2    0.000    0.000    0.000    0.000 feedparser.py:208(_pop_message)
        1    0.000    0.000    0.000    0.000 _common.py:6(weekday)
        5    0.000    0.000    0.000    0.000 six.py:186(_get_module)
        1    0.000    0.000    0.000    0.000 _mathtext.py:1054(Vbox)
        1    0.000    0.000    0.000    0.000 ticker.py:1109(LogitFormatter)
        2    0.000    0.000    0.000    0.000 __init__.py:1323(append)
        1    0.000    0.000    0.000    0.000 resample.py:1730(DatetimeIndexResampler)
       10    0.000    0.000    0.000    0.000 {method 'seek' of '_io.StringIO' objects}
        1    0.000    0.000    0.000    0.000 {built-in method _hashlib.openssl_sha3_256}
        2    0.000    0.000    0.000    0.000 traceback.py:327(walk_stack)
        1    0.000    0.000    0.000    0.000 variables.py:87(NativeEndiannessArray)
        1    0.000    0.000    0.000    0.000 info.py:934(_DataFrameTableBuilderVerbose)
        1    0.000    0.000    0.000    0.000 image.py:1188(PcolorImage)
        1    0.000    0.000    0.000    0.000 PngImagePlugin.py:240(iTXt)
        2    0.000    0.000    0.000    0.000 rcsetup.py:432(validate_ps_distiller)
        1    0.000    0.000    0.000    0.000 locks.py:219(__init__)
        1    0.000    0.000    0.000    0.000 context.py:220(Process)
        1    0.000    0.000    0.000    0.000 ops.py:298(__init_subclass__)
        1    0.000    0.000    0.000    0.000 parse.py:361(_fix_result_transcoding)
        1    0.000    0.000    0.000    0.000 ticker.py:332(FormatStrFormatter)
        1    0.000    0.000    0.000    0.000 utils.py:566(NdimSizeLenMixin)
        3    0.000    0.000    0.000    0.000 dataclasses.py:643(<genexpr>)
       17    0.000    0.000    0.000    0.000 traceback.py:309(__len__)
        1    0.000    0.000    0.000    0.000 records.py:223(record)
        8    0.000    0.000    0.000    0.000 {method 'upper' of 'str' objects}
        1    0.000    0.000    0.000    0.000 extension_array.py:65(PandasExtensionArray)
        1    0.000    0.000    0.000    0.000 blocks.py:2573(NumpyBlock)
        1    0.000    0.000    0.000    0.000 variables.py:661(ObjectVLenStringCoder)
        1    0.000    0.000    0.000    0.000 index_tricks.py:211(MGridClass)
        1    0.000    0.000    0.000    0.000 __init__.py:25(InfinityType)
        1    0.000    0.000    0.000    0.000 Image.py:2875(ImagePointHandler)
        1    0.000    0.000    0.000    0.000 patches.py:2534(Round4)
        1    0.000    0.000    0.000    0.000 __init__.py:106(__version__)
        1    0.000    0.000    0.000    0.000 {built-in method _ctypes.dlopen}
        6    0.000    0.000    0.000    0.000 dataclasses.py:372(__init__)
        1    0.000    0.000    0.000    0.000 model.py:97(BasePrimitiveType)
        1    0.000    0.000    0.000    0.000 scale.py:409(SymmetricalLogScale)
        3    0.000    0.000    0.000    0.000 core.py:1362(getmask)
        6    0.000    0.000    0.000    0.000 {built-in method _stat.S_ISDIR}
        1    0.000    0.000    0.000    0.000 tz.py:874(tzrange)
        5    0.000    0.000    0.000    0.000 reduction.py:43(register)
        8    0.000    0.000    0.000    0.000 functools.py:970(__set_name__)
        8    0.000    0.000    0.000    0.000 __init__.py:56(fget)
        1    0.000    0.000    0.000    0.000 common.py:1117(_maybe_memory_map)
        1    0.000    0.000    0.000    0.000 tzinfo.py:159(DstTzInfo)
        1    0.000    0.000    0.000    0.000 zarr.py:1124(ZarrBackendEntrypoint)
        1    0.000    0.000    0.000    0.000 backend_tools.py:709(ToolZoom)
        1    0.000    0.000    0.000    0.000 core.py:1283(_replace_dtype_fields_recursive)
        1    0.000    0.000    0.000    0.000 format.py:1848(EngFormatter)
        1    0.000    0.000    0.000    0.000 pytables.py:420(PyTablesExprVisitor)
        1    0.000    0.000    0.000    0.000 lines.py:1602(VertexSelector)
        2    0.000    0.000    0.000    0.000 traceback.py:265(__init__)
        1    0.000    0.000    0.000    0.000 pytables.py:3203(SeriesFixed)
        1    0.000    0.000    0.000    0.000 format.py:1513(_ExtensionArrayFormatter)
        2    0.000    0.000    0.000    0.000 message.py:211(is_multipart)
        1    0.000    0.000    0.000    0.000 polar.py:402(ThetaAxis)
        1    0.000    0.000    0.000    0.000 _adapters.py:46(SpecPath)
        2    0.000    0.000    0.000    0.000 rcsetup.py:543(validate_bbox)
        2    0.000    0.000    0.000    0.000 model.py:12(qualify)
        1    0.000    0.000    0.000    0.000 weakref.py:194(get)
        1    0.000    0.000    0.000    0.000 indexing.py:313(ExplicitIndexer)
        1    0.000    0.000    0.000    0.000 image.py:1325(FigureImage)
        1    0.000    0.000    0.000    0.000 {built-in method _hashlib.openssl_sha3_384}
        1    0.000    0.000    0.000    0.000 core.py:5804(Suppress)
        1    0.000    0.000    0.000    0.000 PngImagePlugin.py:151(ChunkStream)
        1    0.000    0.000    0.000    0.000 arithmetic.py:23(SupportsArithmetic)
        1    0.000    0.000    0.000    0.000 csv.py:26(Dialect)
        1    0.000    0.000    0.000    0.000 ElementTree.py:1503(XMLParser)
        1    0.000    0.000    0.000    0.000 function_base.py:2117(vectorize)
        1    0.000    0.000    0.000    0.000 pydoc.py:543(HTMLRepr)
        1    0.000    0.000    0.000    0.000 core.py:2952(Char)
        1    0.000    0.000    0.000    0.000 string.py:188(Formatter)
        1    0.000    0.000    0.000    0.000 exceptions.py:26(DuplicateEditVariable)
        2    0.000    0.000    0.000    0.000 rcsetup.py:557(validate_sketch)
        1    0.000    0.000    0.000    0.000 __init__.py:233(__getattr__)
        9    0.000    0.000    0.000    0.000 core.py:1518(<genexpr>)
        7    0.000    0.000    0.000    0.000 typing.py:3013(<lambda>)
        1    0.000    0.000    0.000    0.000 __init__.py:69(ProjectionRegistry)
        1    0.000    0.000    0.000    0.000 __init__.py:1182(_ZipWriteFile)
        1    0.000    0.000    0.000    0.000 _mathtext.py:329(TruetypeFonts)
        1    0.000    0.000    0.000    0.000 GimpPaletteFile.py:23(GimpPaletteFile)
        1    0.000    0.000    0.000    0.000 cbook.py:677(_Stack)
        2    0.000    0.000    0.000    0.000 {method 'cache_clear' of 'functools._lru_cache_wrapper' objects}
        1    0.000    0.000    0.000    0.000 store.py:19(StoreBackendEntrypoint)
        1    0.000    0.000    0.000    0.000 calendar.py:442(HTMLCalendar)
        1    0.000    0.000    0.000    0.000 gridspec.py:318(GridSpec)
       13    0.000    0.000    0.000    0.000 enum.py:183(__init__)
       13    0.000    0.000    0.000    0.000 version.py:491(_parse_local_version)
        1    0.000    0.000    0.000    0.000 feedparser.py:44(BufferedSubFile)
        1    0.000    0.000    0.000    0.000 image.py:1388(BboxImage)
        1    0.000    0.000    0.000    0.000 _globals.py:52(__new__)
        1    0.000    0.000    0.000    0.000 indexing.py:694(LazilyVectorizedIndexedArray)
        1    0.000    0.000    0.000    0.000 {built-in method _hashlib.openssl_sha512}
        7    0.000    0.000    0.000    0.000 enum.py:1411(<lambda>)
       11    0.000    0.000    0.000    0.000 flags.py:55(allows_duplicate_labels)
        1    0.000    0.000    0.000    0.000 __init__.py:353(SubclassedDataFrame)
        1    0.000    0.000    0.000    0.000 scale.py:261(LogScale)
        1    0.000    0.000    0.000    0.000 records.py:308(recarray)
        1    0.000    0.000    0.000    0.000 __init__.py:27(classproperty)
        1    0.000    0.000    0.000    0.000 html.py:579(_BeautifulSoupHtml5LibFrameParser)
        4    0.000    0.000    0.000    0.000 config.py:269(__init__)
        1    0.000    0.000    0.000    0.000 tzfile.py:12(_byte_string)
        1    0.000    0.000    0.000    0.000 watercolumn_run_lib.py:52(__init__)
        1    0.000    0.000    0.000    0.000 __init__.py:125(DeprecatedTuple)
        1    0.000    0.000    0.000    0.000 indexing.py:2545(_AtIndexer)
        1    0.000    0.000    0.000    0.000 tempfile.py:132(_RandomNameSequence)
        1    0.000    0.000    0.000    0.000 pytables.py:50(PyTablesScope)
        1    0.000    0.000    0.000    0.000 offsetbox.py:824(AuxTransformBox)
        1    0.000    0.000    0.000    0.000 widgets.py:163(Button)
        1    0.000    0.000    0.000    0.000 pathlib.py:155(__init__)
        1    0.000    0.000    0.000    0.000 category.py:138(StrCategoryFormatter)
        1    0.000    0.000    0.000    0.000 accessors.py:215(StructAccessor)
        1    0.000    0.000    0.000    0.000 __init__.py:1285(is_interactive)
        3    0.000    0.000    0.000    0.000 __init__.py:426(<genexpr>)
        6    0.000    0.000    0.000    0.000 dataclasses.py:433(<genexpr>)
        1    0.000    0.000    0.000    0.000 ewm.py:900(ExponentialMovingWindowGroupby)
        1    0.000    0.000    0.000    0.000 {built-in method numpy.core._multiarray_umath._reload_guard}
        1    0.000    0.000    0.000    0.000 ipaddress.py:563(_BaseAddress)
        1    0.000    0.000    0.000    0.000 core.py:2367(Literal)
        1    0.000    0.000    0.000    0.000 utils.py:604(NDArrayMixin)
        1    0.000    0.000    0.000    0.000 utils.py:524(OrderedSet)
        1    0.000    0.000    0.000    0.000 info.py:1000(_SeriesTableBuilder)
        1    0.000    0.000    0.000    0.000 collections.py:1748(CircleCollection)
        6    0.000    0.000    0.000    0.000 utils.py:208(__init__)
        1    0.000    0.000    0.000    0.000 core.py:5613(TokenConverter)
        3    0.000    0.000    0.000    0.000 __init__.py:55(using_pyarrow_string_dtype)
        1    0.000    0.000    0.000    0.000 __init__.py:764(_get_backend_or_none)
        1    0.000    0.000    0.000    0.000 six.py:169(_SixMetaPathImporter)
        1    0.000    0.000    0.000    0.000 csv.py:172(Sniffer)
        1    0.000    0.000    0.000    0.000 __init__.py:398(_FixedOffset)
        1    0.000    0.000    0.000    0.000 core.py:4307(Each)
        1    0.000    0.000    0.000    0.000 memmap.py:22(memmap)
        1    0.000    0.000    0.000    0.000 __init__.py:322(CDLL)
        1    0.000    0.000    0.000    0.000 art3d.py:412(Patch3D)
        1    0.000    0.000    0.000    0.000 __init__.py:85(get_projection_names)
        1    0.000    0.000    0.000    0.000 pathlib.py:57(_is_case_sensitive)
        1    0.000    0.000    0.000    0.000 {built-in method gc.disable}
        1    0.000    0.000    0.000    0.000 _typing.py:262(BaseBuffer)
        1    0.000    0.000    0.000    0.000 _mathtext.py:1068(Char)
        1    0.000    0.000    0.000    0.000 {built-in method _hashlib.openssl_sha3_512}
        1    0.000    0.000    0.000    0.000 merge.py:1959(_AsOfMerge)
        1    0.000    0.000    0.000    0.000 rrule.py:1112(_iterinfo)
        1    0.000    0.000    0.000    0.000 axis.py:462(YTick)
        1    0.000    0.000    0.000    0.000 legend_handler.py:724(__init__)
        9    0.000    0.000    0.000    0.000 core.py:4066(<genexpr>)
        1    0.000    0.000    0.000    0.000 _weakrefset.py:85(add)
        1    0.000    0.000    0.000    0.000 reduction.py:251(AbstractReducer)
        1    0.000    0.000    0.000    0.000 _collections.py:5(FreezableDefaultDict)
        1    0.000    0.000    0.000    0.000 config.py:225(__init__)
        1    0.000    0.000    0.000    0.000 transforms.py:2663(ScaledTranslation)
        1    0.000    0.000    0.000    0.000 __init__.py:140(_BaseVersion)
        1    0.000    0.000    0.000    0.000 _mathtext.py:903(FontConstantsBase)
        1    0.000    0.000    0.000    0.000 transforms.py:2568(BboxTransformTo)
        1    0.000    0.000    0.000    0.000 PaletteFile.py:20(PaletteFile)
        1    0.000    0.000    0.000    0.000 {built-in method _hashlib.openssl_sha256}
        1    0.000    0.000    0.000    0.000 core.py:2372(_MaskedPrintOption)
        1    0.000    0.000    0.000    0.000 sql.py:2478(SQLiteTable)
        1    0.000    0.000    0.000    0.000 dates.py:1116(DateLocator)
        1    0.000    0.000    0.000    0.000 resample.py:1878(PeriodIndexResampler)
        1    0.000    0.000    0.000    0.000 utils.py:750(HiddenKeyDict)
        1    0.000    0.000    0.000    0.000 core.py:6735(_extrema_operation)
        1    0.000    0.000    0.000    0.000 core.py:8376(_convert2ma)
        2    0.000    0.000    0.000    0.000 blocks.py:214(is_extension)
        1    0.000    0.000    0.000    0.000 version.py:94(__ge__)
        1    0.000    0.000    0.000    0.000 rcsetup.py:51(ValidateInStrings)
        1    0.000    0.000    0.000    0.000 variables.py:126(BoolTypeArray)
        7    0.000    0.000    0.000    0.000 {method 'bit_length' of 'int' objects}
        1    0.000    0.000    0.000    0.000 {method 'clear' of 'list' objects}
        1    0.000    0.000    0.000    0.000 common.py:214(AbstractDataStore)
        1    0.000    0.000    0.000    0.000 indexing.py:1482(NumpyIndexingAdapter)
        1    0.000    0.000    0.000    0.000 _factories.py:9(__init__)
        1    0.000    0.000    0.000    0.000 accessors.py:62(ListAccessor)
        1    0.000    0.000    0.000    0.000 ImageFile.py:692(PyDecoder)
        6    0.000    0.000    0.000    0.000 nanops.py:99(__init__)
        4    0.000    0.000    0.000    0.000 utils.py:1009(__init__)
        1    0.000    0.000    0.000    0.000 arrow_parser_wrapper.py:32(ArrowParserWrapper)
        1    0.000    0.000    0.000    0.000 legend_handler.py:46(HandlerBase)
        1    0.000    0.000    0.000    0.000 streamplot.py:322(Grid)
        1    0.000    0.000    0.000    0.000 {built-in method _hashlib.openssl_shake_256}
        1    0.000    0.000    0.000    0.000 c_parser_wrapper.py:392(ensure_dtype_objs)
        1    0.000    0.000    0.000    0.000 _typing.py:56(_SupportsDType)
        1    0.000    0.000    0.000    0.000 ElementTree.py:1264(XMLPullParser)
        8    0.000    0.000    0.000    0.000 six.py:80(_add_doc)
        1    0.000    0.000    0.000    0.000 pytables.py:1922(TableIterator)
        1    0.000    0.000    0.000    0.000 accessors.py:434(TimedeltaProperties)
        1    0.000    0.000    0.000    0.000 _factories.py:13(__call__)
        1    0.000    0.000    0.000    0.000 decoder.py:254(JSONDecoder)
        1    0.000    0.000    0.000    0.000 backend_bases.py:1246(Event)
        5    0.000    0.000    0.000    0.000 extension_array.py:18(decorator)
        1    0.000    0.000    0.000    0.000 _internal.py:616(_Stream)
        1    0.000    0.000    0.000    0.000 header.py:175(Header)
        1    0.000    0.000    0.000    0.000 accessors.py:282(DatetimeProperties)
        1    0.000    0.000    0.000    0.000 __init__.py:57(NegativeInfinityType)
        1    0.000    0.000    0.000    0.000 colors.py:1121(ListedColormap)
        6    0.000    0.000    0.000    0.000 _type_aliases.py:92(<genexpr>)
        1    0.000    0.000    0.000    0.000 _typing.py:112(_array)
        1    0.000    0.000    0.000    0.000 ImageFile.py:380(Parser)
        1    0.000    0.000    0.000    0.000 Image.py:440(_E)
        1    0.000    0.000    0.000    0.000 offsetbox.py:527(PaddedBox)
        1    0.000    0.000    0.000    0.000 getlimits.py:630(iinfo)
        1    0.000    0.000    0.000    0.000 pytables.py:3238(BlockManagerFixed)
        1    0.000    0.000    0.000    0.000 patches.py:3207(_Curve)
        1    0.000    0.000    0.000    0.000 _iotools.py:133(LineSplitter)
        3    0.000    0.000    0.000    0.000 {method 'toordinal' of 'datetime.date' objects}
        5    0.000    0.000    0.000    0.000 {method 'truncate' of '_io.StringIO' objects}
        1    0.000    0.000    0.000    0.000 cftime_offsets.py:411(QuarterOffset)
        1    0.000    0.000    0.000    0.000 base_parser.py:1123(_make_date_converter)
        1    0.000    0.000    0.000    0.000 printing.py:528(_EastAsianTextAdjustment)
        1    0.000    0.000    0.000    0.000 core.py:4865(NotAny)
        1    0.000    0.000    0.000    0.000 _typing.py:102(_SupportsReal)
       12    0.000    0.000    0.000    0.000 accessors.py:162(<lambda>)
        1    0.000    0.000    0.000    0.000 printing.py:506(_TextAdjustment)
        1    0.000    0.000    0.000    0.000 dates.py:626(DateFormatter)
        1    0.000    0.000    0.000    0.000 _nested_sequence.py:18(_NestedSequence)
        1    0.000    0.000    0.000    0.000 calendar.py:195(__init__)
        3    0.000    0.000    0.000    0.000 __init__.py:443(__init__)
        1    0.000    0.000    0.000    0.000 _datasource.py:99(__init__)
        1    0.000    0.000    0.000    0.000 scale.py:29(ScaleBase)
        1    0.000    0.000    0.000    0.000 model.py:25(BaseTypeByIdentity)
        1    0.000    0.000    0.000    0.000 info.py:1046(_SeriesTableBuilderVerbose)
        1    0.000    0.000    0.000    0.000 _adapters.py:112(OrphanPath)
        1    0.000    0.000    0.000    0.000 calendar.py:325(TextCalendar)
        1    0.000    0.000    0.000    0.000 collections.py:1008(PathCollection)
        1    0.000    0.000    0.000    0.000 config.py:268(CallableDynamicDoc)
        1    0.000    0.000    0.000    0.000 index_tricks.py:562(__init__)
        1    0.000    0.000    0.000    0.000 model.py:345(StructOrUnion)
        1    0.000    0.000    0.000    0.000 inference.py:300(<genexpr>)
        2    0.000    0.000    0.000    0.000 sysconfig.py:284(_get_preferred_schemes)
        1    0.000    0.000    0.000    0.000 layout_engine.py:106(PlaceHolderLayoutEngine)
        1    0.000    0.000    0.000    0.000 unicode.py:8(_lazyclassproperty)
        1    0.000    0.000    0.000    0.000 scale.py:123(FuncTransform)
        1    0.000    0.000    0.000    0.000 _docstring.py:6(Substitution)
        2    0.000    0.000    0.000    0.000 __init__.py:726(_check_compression)
        1    0.000    0.000    0.000    0.000 _strptime.py:170(TimeRE)
        1    0.000    0.000    0.000    0.000 core.py:4671(AtLineStart)
        1    0.000    0.000    0.000    0.000 selectors.py:341(_PollLikeSelector)
        1    0.000    0.000    0.000    0.000 {built-in method posix.confstr}
        1    0.000    0.000    0.000    0.000 base_parser.py:279(_extract_multi_indexer_columns)
        1    0.000    0.000    0.000    0.000 header.py:408(_ValueFormatter)
        1    0.000    0.000    0.000    0.000 _policybase.py:18(_PolicyBase)
        1    0.000    0.000    0.000    0.000 utils.py:201(ReprObject)
        1    0.000    0.000    0.000    0.000 ipc.py:114(RecordBatchFileWriter)
        1    0.000    0.000    0.000    0.000 lazy.py:16(LazyDict)
        1    0.000    0.000    0.000    0.000 text.py:1370(OffsetFrom)
        1    0.000    0.000    0.000    0.000 pydap_.py:148(PydapBackendEntrypoint)
        1    0.000    0.000    0.000    0.000 pytables.py:2330(GenericIndexCol)
        1    0.000    0.000    0.000    0.000 ops.py:364(BinOp)
        1    0.000    0.000    0.000    0.000 locks.py:212(CombinedLock)
        1    0.000    0.000    0.000    0.000 _ufunc_config.py:367(errstate)
        1    0.000    0.000    0.000    0.000 __init__.py:48(PackageNotFoundError)
        1    0.000    0.000    0.000    0.000 polar.py:449(RadialLocator)
        1    0.000    0.000    0.000    0.000 transforms.py:2689(AffineDeltaTransform)
        1    0.000    0.000    0.000    0.000 common.py:1040(needs_i8_conversion)
        2    0.000    0.000    0.000    0.000 {built-in method sys.getfilesystemencoding}
        1    0.000    0.000    0.000    0.000 abc.py:80(ResourceLoader)
        1    0.000    0.000    0.000    0.000 _mathtext.py:1308(Vlist)
        1    0.000    0.000    0.000    0.000 widgets.py:28(LockDraw)
        1    0.000    0.000    0.000    0.000 cbook.py:92(_StrongRef)
        1    0.000    0.000    0.000    0.000 __init__.py:503(StringTemplateStyle)
        1    0.000    0.000    0.000    0.000 ctypeslib.py:202(_concrete_ndptr)
        1    0.000    0.000    0.000    0.000 scipy_.py:267(ScipyBackendEntrypoint)
        3    0.000    0.000    0.000    0.000 __init__.py:510(CFunctionType)
        2    0.000    0.000    0.000    0.000 __init__.py:804(__init__)
        1    0.000    0.000    0.000    0.000 parquet.py:161(PyArrowImpl)
        1    0.000    0.000    0.000    0.000 describe.py:101(NDFrameDescriberAbstract)
        1    0.000    0.000    0.000    0.000 selectors.py:442(EpollSelector)
        1    0.000    0.000    0.000    0.000 h5netcdf_.py:343(H5netcdfBackendEntrypoint)
        1    0.000    0.000    0.000    0.000 art3d.py:462(PathPatch3D)
        1    0.000    0.000    0.000    0.000 category.py:168(UnitData)
        1    0.000    0.000    0.000    0.000 random.py:876(SystemRandom)
        1    0.000    0.000    0.000    0.000 records.py:87(format_parser)
        1    0.000    0.000    0.000    0.000 accessor_dt.py:237(TimeAccessor)
        1    0.000    0.000    0.000    0.000 ops.py:549(UnaryOp)
        1    0.000    0.000    0.000    0.000 _json.py:325(JSONTableWriter)
        1    0.000    0.000    0.000    0.000 _strptime.py:30(LocaleTime)
        1    0.000    0.000    0.000    0.000 _compression.py:9(BaseStream)
        1    0.000    0.000    0.000    0.000 __init__.py:616(Context)
        1    0.000    0.000    0.000    0.000 lazy.py:71(LazyList)
        1    0.000    0.000    0.000    0.000 _tricontour.py:8(TriContourSet)
        1    0.000    0.000    0.000    0.000 colorbar.py:123(_ColorbarSpine)
        3    0.000    0.000    0.000    0.000 <frozen codecs>:331(getstate)
        1    0.000    0.000    0.000    0.000 indexing.py:771(CopyOnWriteArray)
        1    0.000    0.000    0.000    0.000 mlab.py:770(GaussianKDE)
        1    0.000    0.000    0.000    0.000 _parser.py:219(_resultbase)
       11    0.000    0.000    0.000    0.000 accessors.py:155(<lambda>)
        1    0.000    0.000    0.000    0.000 backend_tools.py:245(ToolSetCursor)
        1    0.000    0.000    0.000    0.000 core.py:3352(CharsNotIn)
        9    0.000    0.000    0.000    0.000 core.py:4067(<genexpr>)
        1    0.000    0.000    0.000    0.000 expanding.py:945(ExpandingGroupby)
        1    0.000    0.000    0.000    0.000 _decorators.py:455(Appender)
        1    0.000    0.000    0.000    0.000 ElementTree.py:79(DefusedXMLParser)
        1    0.000    0.000    0.000    0.000 _dtype_like.py:81(_SupportsDType)
        1    0.000    0.000    0.000    0.000 context.py:284(SpawnProcess)
        2    0.000    0.000    0.000    0.000 parser.py:17(__init__)
        1    0.000    0.000    0.000    0.000 function.py:51(CompatValidator)
        1    0.000    0.000    0.000    0.000 _triinterpolate.py:15(TriInterpolator)
        1    0.000    0.000    0.000    0.000 gzip.py:78(_PaddedFile)
        5    0.000    0.000    0.000    0.000 _inspect.py:143(<lambda>)
        1    0.000    0.000    0.000    0.000 typing.py:2412(no_type_check)
        1    0.000    0.000    0.000    0.000 core.py:5012(_generateDefaultName)
        1    0.000    0.000    0.000    0.000 context.py:203(reducer)
        1    0.000    0.000    0.000    0.000 datetimes.py:107(FulldatetimeDict)
        1    0.000    0.000    0.000    0.000 units.py:135(DecimalConverter)
        1    0.000    0.000    0.000    0.000 gzip.py:483(_GzipReader)
        1    0.000    0.000    0.000    0.000 __init__.py:999(__init__)
        1    0.000    0.000    0.000    0.000 core.py:977(_MaskedBinaryOperation)
        1    0.000    0.000    0.000    0.000 info.py:575(_InfoPrinterAbstract)
        1    0.000    0.000    0.000    0.000 _trifinder.py:27(TrapezoidMapTriFinder)
        1    0.000    0.000    0.000    0.000 geo.py:223(_GeoTransform)
        1    0.000    0.000    0.000    0.000 parallel.py:24(ExpectedDict)
        1    0.000    0.000    0.000    0.000 _policybase.py:271(Compat32)
        1    0.000    0.000    0.000    0.000 indexing.py:2507(_ScalarAccessIndexer)
        4    0.000    0.000    0.000    0.000 core.py:6544(__has_singleton)
        4    0.000    0.000    0.000    0.000 {built-in method _sre.ascii_tolower}
        1    0.000    0.000    0.000    0.000 selectn.py:166(SelectNFrame)
        1    0.000    0.000    0.000    0.000 docscrape.py:563(FunctionDoc)
        1    0.000    0.000    0.000    0.000 collections.py:1849(PatchCollection)
        5    0.000    0.000    0.000    0.000 {method 'mro' of 'type' objects}
        1    0.000    0.000    0.000    0.000 stata.py:3023(StataStrLWriter)
        1    0.000    0.000    0.000    0.000 _mathtext.py:179(FontMetrics)
        1    0.000    0.000    0.000    0.000 Image.py:2886(ImageTransformHandler)
        9    0.000    0.000    0.000    0.000 base.py:6672(_maybe_cast_indexer)
        3    0.000    0.000    0.000    0.000 core.py:806(__init__)
        1    0.000    0.000    0.000    0.000 pycompat.py:21(DuckArrayModule)
        1    0.000    0.000    0.000    0.000 resample.py:2009(TimedeltaIndexResampler)
        2    0.000    0.000    0.000    0.000 {built-in method maketrans}
        1    0.000    0.000    0.000    0.000 abc.py:149(ExecutionLoader)
        1    0.000    0.000    0.000    0.000 selectors.py:60(_SelectorMapping)
        1    0.000    0.000    0.000    0.000 _exceptions.py:38(_UFuncNoLoopError)
        8    0.000    0.000    0.000    0.000 message.py:638(get_default_type)
        1    0.000    0.000    0.000    0.000 indexing.py:1560(ArrayApiIndexingAdapter)
        1    0.000    0.000    0.000    0.000 stata.py:3585(StataWriterUTF8)
        1    0.000    0.000    0.000    0.000 pytables.py:5307(Selection)
        1    0.000    0.000    0.000    0.000 scale.py:310(FuncScaleLog)
        2    0.000    0.000    0.000    0.000 __init__.py:1942(close)
        5    0.000    0.000    0.000    0.000 expr.py:120(_compose2)
        1    0.000    0.000    0.000    0.000 apply.py:1521(GroupByApply)
        1    0.000    0.000    0.000    0.000 nanops.py:67(disallow)
        1    0.000    0.000    0.000    0.000 dates.py:1707(MicrosecondLocator)
        1    0.000    0.000    0.000    0.000 backend_bases.py:1409(MouseEvent)
        1    0.000    0.000    0.000    0.000 core.py:942(_CacheType)
        1    0.000    0.000    0.000    0.000 index_tricks.py:303(__init__)
        1    0.000    0.000    0.000    0.000 linecache.py:52(checkcache)
        1    0.000    0.000    0.000    0.000 context.py:230(DefaultContext)
        1    0.000    0.000    0.000    0.000 <string>:2(__init__)
        2    0.000    0.000    0.000    0.000 <frozen posixpath>:52(normcase)
        1    0.000    0.000    0.000    0.000 tz.py:1253(tzical)
        1    0.000    0.000    0.000    0.000 dviread.py:664(Vf)
        1    0.000    0.000    0.000    0.000 colorbar.py:146(_ColorbarAxesLocator)
        1    0.000    0.000    0.000    0.000 common.py:97(IOArgs)
        1    0.000    0.000    0.000    0.000 colors.py:61(_ColorMapping)
        1    0.000    0.000    0.000    0.000 _parseaddr.py:512(AddressList)
        1    0.000    0.000    0.000    0.000 utils.py:415(Frozen)
        1    0.000    0.000    0.000    0.000 ticker.py:2438(SymmetricalLogLocator)
        3    0.000    0.000    0.000    0.000 six.py:880(add_metaclass)
        9    0.000    0.000    0.000    0.000 _globals.py:58(__repr__)
        1    0.000    0.000    0.000    0.000 base_parser.py:893(_check_data_length)
        1    0.000    0.000    0.000    0.000 base_parser.py:255(_has_complex_date_col)
        1    0.000    0.000    0.000    0.000 offsetbox.py:1098(AnchoredText)
        1    0.000    0.000    0.000    0.000 ImageFile.py:742(PyEncoder)
        2    0.000    0.000    0.000    0.000 _decorators.py:100(deprecate_kwarg)
        1    0.000    0.000    0.000    0.000 format.py:868(DataFrameRenderer)
        1    0.000    0.000    0.000    0.000 stata.py:671(StataValueLabel)
        1    0.000    0.000    0.000    0.000 polar.py:310(ThetaTick)
        1    0.000    0.000    0.000    0.000 indexing.py:288(GroupByNthSelector)
        1    0.000    0.000    0.000    0.000 blocks.py:2611(NDArrayBackedExtensionBlock)
        2    0.000    0.000    0.000    0.000 version.py:276(release)
        1    0.000    0.000    0.000    0.000 ops.py:20(BlockPairInfo)
        1    0.000    0.000    0.000    0.000 _mathtext.py:97(RasterParse)
        1    0.000    0.000    0.000    0.000 unicode.py:133(BasicMultilingualPlane)
        1    0.000    0.000    0.000    0.000 colors.py:1991(BoundaryNorm)
        6    0.000    0.000    0.000    0.000 signal.py:50(_wraps)
        1    0.000    0.000    0.000    0.000 strings.py:49(EncodedStringCoder)
        2    0.000    0.000    0.000    0.000 generic.py:572(_get_axis_number)
        1    0.000    0.000    0.000    0.000 dates.py:1501(YearLocator)
        1    0.000    0.000    0.000    0.000 polar.py:258(_AxisWrapper)
        1    0.000    0.000    0.000    0.000 _docstring.py:64(_ArtistPropertiesSubstitution)
        1    0.000    0.000    0.000    0.000 extras.py:213(_fromnxfunction)
        4    0.000    0.000    0.000    0.000 {method 'remove' of 'set' objects}
        1    0.000    0.000    0.000    0.000 python_parser.py:1201(FixedWidthReader)
        1    0.000    0.000    0.000    0.000 core.py:4704(FollowedBy)
        2    0.000    0.000    0.000    0.000 core.py:3433(shape)
        1    0.000    0.000    0.000    0.000 _base.py:1399(ArtistList)
        1    0.000    0.000    0.000    0.000 spines.py:487(SpinesProxy)
        1    0.000    0.000    0.000    0.000 backend_managers.py:13(ToolTriggerEvent)
        1    0.000    0.000    0.000    0.000 actions.py:7(OnlyOnce)
        1    0.000    0.000    0.000    0.000 __init__.py:286(LogRecord)
        1    0.000    0.000    0.000    0.000 _internal.py:205(dummy_ctype)
        1    0.000    0.000    0.000    0.000 art3d.py:372(Line3DCollection)
        1    0.000    0.000    0.000    0.000 ImageMode.py:21(ModeDescriptor)
        1    0.000    0.000    0.000    0.000 scipy_.py:58(ScipyArrayWrapper)
        1    0.000    0.000    0.000    0.000 dates.py:656(ConciseDateFormatter)
        1    0.000    0.000    0.000    0.000 ticker.py:1568(Locator)
        4    0.000    0.000    0.000    0.000 {built-in method from_iterable}
        1    0.000    0.000    0.000    0.000 format.py:1274(FloatArrayFormatter)
        1    0.000    0.000    0.000    0.000 _base.py:34(_axis_method_wrapper)
        1    0.000    0.000    0.000    0.000 __future__.py:81(_Feature)
        1    0.000    0.000    0.000    0.000 _typing.py:107(_SupportsImag)
        1    0.000    0.000    0.000    0.000 legend_handler.py:166(HandlerNpoints)
        1    0.000    0.000    0.000    0.000 unicode.py:158(Greek)
        1    0.000    0.000    0.000    0.000 scale.py:89(LinearScale)
        1    0.000    0.000    0.000    0.000 util.py:129(LRUMemo)
        6    0.000    0.000    0.000    0.000 core.py:846(__init__)
        1    0.000    0.000    0.000    0.000 _globals.py:32(_NoValueType)
        1    0.000    0.000    0.000    0.000 variables.py:27(VariableCoder)
        1    0.000    0.000    0.000    0.000 __init__.py:779(_SharedFile)
        1    0.000    0.000    0.000    0.000 rrule.py:1315(_genitem)
        1    0.000    0.000    0.000    0.000 widgets.py:3696(EllipseSelector)
        1    0.000    0.000    0.000    0.000 accessor.py:26(BaseAccessor)
        1    0.000    0.000    0.000    0.000 backend_tools.py:642(ZoomPanBase)
        1    0.000    0.000    0.000    0.000 cbook.py:2055(_OrderedSet)
        2    0.000    0.000    0.000    0.000 __init__.py:1369(disable)
        1    0.000    0.000    0.000    0.000 _mathtext.py:120(Output)
        1    0.000    0.000    0.000    0.000 _mathtext.py:211(FontInfo)
        1    0.000    0.000    0.000    0.000 _mathtext.py:75(VectorParse)
        1    0.000    0.000    0.000    0.000 __init__.py:1287(_StderrHandler)
        1    0.000    0.000    0.000    0.000 _json.py:280(SeriesWriter)
        1    0.000    0.000    0.000    0.000 printing.py:499(PrettyDict)
        1    0.000    0.000    0.000    0.000 pydoc.py:1188(TextRepr)
        1    0.000    0.000    0.000    0.000 legend.py:54(DraggableLegend)
        1    0.000    0.000    0.000    0.000 dviread.py:573(DviFont)
        1    0.000    0.000    0.000    0.000 testing.py:22(reset_pyparsing_context)
        1    0.000    0.000    0.000    0.000 transforms.py:2719(TransformedPath)
        1    0.000    0.000    0.000    0.000 colors.py:1910(PowerNorm)
        1    0.000    0.000    0.000    0.000 npyio.py:42(BagObj)
        1    0.000    0.000    0.000    0.000 nputils.py:157(NumpyVIndexAdapter)
        1    0.000    0.000    0.000    0.000 xml.py:427(_EtreeFrameParser)
        1    0.000    0.000    0.000    0.000 _docstring.py:76(__init__)
        1    0.000    0.000    0.000    0.000 pprint.py:80(_safe_key)
        4    0.000    0.000    0.000    0.000 phytoplankton.py:62(hour2second)
        1    0.000    0.000    0.000    0.000 file_manager.py:300(_RefCounter)
        1    0.000    0.000    0.000    0.000 merge.py:1894(_OrderedMerge)
        1    0.000    0.000    0.000    0.000 container.py:42(BarContainer)
        1    0.000    0.000    0.000    0.000 widgets.py:266(SliderBase)
        1    0.000    0.000    0.000    0.000 exceptions.py:33(UnknownConstraint)
        1    0.000    0.000    0.000    0.000 scale.py:628(LogitScale)
        1    0.000    0.000    0.000    0.000 tempfile.py:475(_TemporaryFileWrapper)
        1    0.000    0.000    0.000    0.000 ipaddress.py:2173(IPv6Network)
        1    0.000    0.000    0.000    0.000 _typing.py:222(_chunkedarray)
        1    0.000    0.000    0.000    0.000 _json.py:1392(FrameParser)
        1    0.000    0.000    0.000    0.000 base.py:791(is_)
        1    0.000    0.000    0.000    0.000 gzip.py:124(_WriteBufferStream)
        1    0.000    0.000    0.000    0.000 core.py:903(_MaskedUnaryOperation)
        1    0.000    0.000    0.000    0.000 common.py:88(_generate_etree_functions)
        1    0.000    0.000    0.000    0.000 dataarray.py:227(_LocIndexer)
        1    0.000    0.000    0.000    0.000 tarfile.py:307(_LowLevelFile)
        1    0.000    0.000    0.000    0.000 _adapters.py:7(SpecLoaderAdapter)
        1    0.000    0.000    0.000    0.000 _mathtext.py:1010(Node)
        1    0.000    0.000    0.000    0.000 collections.py:1373(AsteriskPolygonCollection)
        1    0.000    0.000    0.000    0.000 _factories.py:8(_TzSingleton)
        1    0.000    0.000    0.000    0.000 online.py:89(EWMMeanState)
        1    0.000    0.000    0.000    0.000 selectors.py:433(PollSelector)
        1    0.000    0.000    0.000    0.000 arrayprint.py:1304(DatetimeFormat)
        1    0.000    0.000    0.000    0.000 core.py:2562(CaselessLiteral)
        1    0.000    0.000    0.000    0.000 six.py:108(MovedModule)
        1    0.000    0.000    0.000    0.000 core.py:3516(GoToColumn)
        1    0.000    0.000    0.000    0.000 core.py:3659(WordStart)
        1    0.000    0.000    0.000    0.000 ImageFile.py:618(PyCodec)
        1    0.000    0.000    0.000    0.000 traceback.py:656(_ExceptionPrintContext)
        1    0.000    0.000    0.000    0.000 __init__.py:1373(disable)
        1    0.000    0.000    0.000    0.000 _json.py:295(FrameWriter)
        1    0.000    0.000    0.000    0.000 ImageFile.py:93(_Tile)
        1    0.000    0.000    0.000    0.000 ops.py:191(Constant)
        1    0.000    0.000    0.000    0.000 __init__.py:655(LZMACompressor)
        1    0.000    0.000    0.000    0.000 _decorators.py:408(Substitution)
        1    0.000    0.000    0.000    0.000 encoder.py:105(__init__)
        1    0.000    0.000    0.000    0.000 Image.py:3483(register_save)
        2    0.000    0.000    0.000    0.000 __init__.py:102(CFunctionType)
        1    0.000    0.000    0.000    0.000 __init__.py:10(NBitBase)
        1    0.000    0.000    0.000    0.000 _mathtext.py:1448(Glue)
        1    0.000    0.000    0.000    0.000 variables.py:23(SerializationWarning)
        1    0.000    0.000    0.000    0.000 __init__.py:322(PackagePath)
        1    0.000    0.000    0.000    0.000 extension.py:160(NDArrayBackedExtensionIndex)
        1    0.000    0.000    0.000    0.000 backend_managers.py:4(ToolEvent)
        1    0.000    0.000    0.000    0.000 figure.py:121(SubplotParams)
        1    0.000    0.000    0.000    0.000 _mathtext.py:1206(Hlist)
        1    0.000    0.000    0.000    0.000 _mathtext.py:672(DejaVuFonts)
        1    0.000    0.000    0.000    0.000 unicode.py:139(Latin1)
        1    0.000    0.000    0.000    0.000 ElementTree.py:1091(_ListDataStream)
        1    0.000    0.000    0.000    0.000 common.py:25(DTDForbidden)
        1    0.000    0.000    0.000    0.000 backend_tools.py:934(ToolCopyToClipboardBase)
        1    0.000    0.000    0.000    0.000 __init__.py:2065(PyZipFile)
        1    0.000    0.000    0.000    0.000 _mathtext.py:1033(Box)
        1    0.000    0.000    0.000    0.000 core.py:2340(Token)
        1    0.000    0.000    0.000    0.000 model.py:490(EnumType)
        1    0.000    0.000    0.000    0.000 __init__.py:1202(FileHandler)
        1    0.000    0.000    0.000    0.000 rrule.py:66(weekday)
        1    0.000    0.000    0.000    0.000 _typing.py:236(_chunkedarrayfunction)
        1    0.000    0.000    0.000    0.000 utils.py:95(Endianness)
        1    0.000    0.000    0.000    0.000 __init__.py:373(_FuncPtr)
        1    0.000    0.000    0.000    0.000 netCDF4_.py:57(BaseNetCDF4Array)
        4    0.000    0.000    0.000    0.000 _inspect.py:142(<lambda>)
        1    0.000    0.000    0.000    0.000 options.py:157(set_options)
        3    0.000    0.000    0.000    0.000 utils.py:98(alias_message)
        1    0.000    0.000    0.000    0.000 floating.py:56(FloatingArray)
        1    0.000    0.000    0.000    0.000 config.py:88(RegisteredOption)
        1    0.000    0.000    0.000    0.000 legend_handler.py:430(HandlerRegularPolyCollection)
        1    0.000    0.000    0.000    0.000 backend_tools.py:600(ToolHome)
        1    0.000    0.000    0.000    0.000 pytables.py:4371(AppendableTable)
        1    0.000    0.000    0.000    0.000 lazy.py:121(LazySet)
        1    0.000    0.000    0.000    0.000 offsetbox.py:1567(DraggableOffsetBox)
        1    0.000    0.000    0.000    0.000 _pytesttester.py:46(PytestTester)
        3    0.000    0.000    0.000    0.000 expr.py:270(disallow)
        1    0.000    0.000    0.000    0.000 dataset.py:490(_LocIndexer)
        1    0.000    0.000    0.000    0.000 tarfile.py:576(_StreamProxy)
        1    0.000    0.000    0.000    0.000 polar.py:548(RadialTick)
        1    0.000    0.000    0.000    0.000 __init__.py:727(BufferingFormatter)
        1    0.000    0.000    0.000    0.000 _convertions.py:1(<module>)
        1    0.000    0.000    0.000    0.000 ops.py:221(_func_slash_method_wrapper)
        6    0.000    0.000    0.000    0.000 base.py:5144(_values)
        2    0.000    0.000    0.000    0.000 {built-in method math.log}
        2    0.000    0.000    0.000    0.000 <frozen _collections_abc>:845(__init__)
        1    0.000    0.000    0.000    0.000 category.py:118(StrCategoryLocator)
        1    0.000    0.000    0.000    0.000 collections.py:1368(StarPolygonCollection)
        2    0.000    0.000    0.000    0.000 {built-in method _stat.S_ISREG}
        1    0.000    0.000    0.000    0.000 xml.py:538(_LxmlFrameParser)
        1    0.000    0.000    0.000    0.000 _mathtext.py:713(DejaVuSerifFonts)
        1    0.000    0.000    0.000    0.000 model.py:160(__init__)
        1    0.000    0.000    0.000    0.000 locks.py:244(DummyLock)
        1    0.000    0.000    0.000    0.000 readers.py:460(_C_Parser_Defaults)
        1    0.000    0.000    0.000    0.000 __init__.py:151(FastLookup)
        1    0.000    0.000    0.000    0.000 colors.py:134(__init__)
        2    0.000    0.000    0.000    0.000 six.py:199(__get_module)
        1    0.000    0.000    0.000    0.000 queue.py:223(PriorityQueue)
        1    0.000    0.000    0.000    0.000 dates.py:876(AutoDateFormatter)
        1    0.000    0.000    0.000    0.000 widgets.py:110(AxesWidget)
        1    0.000    0.000    0.000    0.000 groupby.py:729(GroupByPlot)
        1    0.000    0.000    0.000    0.000 backend_managers.py:20(ToolManagerMessageEvent)
        1    0.000    0.000    0.000    0.000 __init__.py:157(py_object)
        1    0.000    0.000    0.000    0.000 {method 'seek' of '_io.BufferedReader' objects}
        1    0.000    0.000    0.000    0.000 indexing.py:376(BasicIndexer)
        1    0.000    0.000    0.000    0.000 pytables.py:349(ConditionBinOp)
        1    0.000    0.000    0.000    0.000 errors.py:93(NonPrintableDefect)
        1    0.000    0.000    0.000    0.000 generic.py:124(NamedAgg)
        2    0.000    0.000    0.000    0.000 common.py:123(<lambda>)
        1    0.000    0.000    0.000    0.000 config.py:81(DeprecatedOption)
        1    0.000    0.000    0.000    0.000 ipc.py:34(RecordBatchStreamReader)
        1    0.000    0.000    0.000    0.000 gridspec.py:476(GridSpecFromSubplotSpec)
        2    0.000    0.000    0.000    0.000 rcsetup.py:387(validate_fontstretch)
        2    0.000    0.000    0.000    0.000 inspect.py:741(getmro)
        1    0.000    0.000    0.000    0.000 pickle_compat.py:157(Unpickler)
        1    0.000    0.000    0.000    0.000 context.py:277(ForkProcess)
        1    0.000    0.000    0.000    0.000 utils.py:495(HybridMappingProxy)
        1    0.000    0.000    0.000    0.000 common.py:1022(_BytesZipFile)
        1    0.000    0.000    0.000    0.000 apply.py:1615(ResamplerWindowApply)
        1    0.000    0.000    0.000    0.000 base.py:540(<genexpr>)
        1    0.000    0.000    0.000    0.000 _mathtext.py:1162(List)
        1    0.000    0.000    0.000    0.000 core.py:2420(Empty)
        1    0.000    0.000    0.000    0.000 core.py:3550(LineStart)
        1    0.000    0.000    0.000    0.000 TiffTags.py:24(_TagInfo)
        1    0.000    0.000    0.000    0.000 _exceptions.py:32(UFuncTypeError)
        1    0.000    0.000    0.000    0.000 {method 'startswith' of 'bytes' objects}
        1    0.000    0.000    0.000    0.000 datetimes.py:101(YearMonthDayDict)
        1    0.000    0.000    0.000    0.000 _typing.py:250(_chunkedarrayapi)
        1    0.000    0.000    0.000    0.000 ops.py:598(MathCall)
        1    0.000    0.000    0.000    0.000 _json.py:1367(SeriesParser)
        1    0.000    0.000    0.000    0.000 abc.py:52(MetaPathFinder)
        1    0.000    0.000    0.000    0.000 python_parser.py:1319(FixedWidthFieldParser)
        1    0.000    0.000    0.000    0.000 csv.py:57(excel)
        1    0.000    0.000    0.000    0.000 parse.py:834(_Quoter)
        2    0.000    0.000    0.000    0.000 {built-in method time.time}
        1    0.000    0.000    0.000    0.000 readers.py:2056(_clean_na_values)
        1    0.000    0.000    0.000    0.000 indexing.py:562(ImplicitToExplicitIndexingAdapter)
        1    0.000    0.000    0.000    0.000 _policybase.py:41(__init__)
        1    0.000    0.000    0.000    0.000 pydoc.py:404(ErrorDuringImport)
        1    0.000    0.000    0.000    0.000 PngImagePlugin.py:262(PngInfo)
        1    0.000    0.000    0.000    0.000 cbook.py:915(GrouperView)
        1    0.000    0.000    0.000    0.000 py3k.py:92(contextlib_nullcontext)
        4    0.000    0.000    0.000    0.000 {built-in method _io.text_encoding}
        1    0.000    0.000    0.000    0.000 merge.py:619(_MergeResult)
        1    0.000    0.000    0.000    0.000 indexing.py:354(IndexCallable)
        1    0.000    0.000    0.000    0.000 format.py:1672(_Timedelta64Formatter)
        1    0.000    0.000    0.000    0.000 accessor.py:196(CachedAccessor)
        1    0.000    0.000    0.000    0.000 integer.py:64(IntegerArray)
        1    0.000    0.000    0.000    0.000 streamplot.py:380(StreamMask)
        2    0.000    0.000    0.000    0.000 index_tricks.py:144(__init__)
        1    0.000    0.000    0.000    0.000 file_manager.py:28(FileManager)
        1    0.000    0.000    0.000    0.000 format.py:1164(_GenericArrayFormatter)
        1    0.000    0.000    0.000    0.000 multi.py:128(MultiIndexUIntEngine)
        1    0.000    0.000    0.000    0.000 _parser.py:1589(ParserError)
        1    0.000    0.000    0.000    0.000 netCDF4_.py:88(NetCDF4ArrayWrapper)
        1    0.000    0.000    0.000    0.000 tzinfo.py:69(BaseTzInfo)
        1    0.000    0.000    0.000    0.000 stride_tricks.py:15(DummyArray)
        1    0.000    0.000    0.000    0.000 exceptions.py:98(AxisError)
        1    0.000    0.000    0.000    0.000 _exceptions.py:98(_UFuncOutputCastingError)
        1    0.000    0.000    0.000    0.000 _triinterpolate.py:1156(_DOF_estimator_min_E)
        1    0.000    0.000    0.000    0.000 construction.py:196(mgr_to_mgr)
        1    0.000    0.000    0.000    0.000 phytoplankton.py:111(SelfShading)
        1    0.000    0.000    0.000    0.000 config.py:458(option_context)
        1    0.000    0.000    0.000    0.000 unicode.py:280(Hangul)
        1    0.000    0.000    0.000    0.000 _exceptions.py:56(_UFuncBinaryResolutionError)
        1    0.000    0.000    0.000    0.000 dataframe_protocol.py:94(ColumnBuffers)
        3    0.000    0.000    0.000    0.000 base.py:974(dtype)
        2    0.000    0.000    0.000    0.000 common.py:121(classes)
        1    0.000    0.000    0.000    0.000 compressors.py:52(BZ2File)
        1    0.000    0.000    0.000    0.000 tz.py:1036(tzstr)
        1    0.000    0.000    0.000    0.000 widgets.py:1877(SubplotTool)
        1    0.000    0.000    0.000    0.000 model.py:224(RawFunctionType)
        1    0.000    0.000    0.000    0.000 parse.py:190(_NetlocResultMixinStr)
        1    0.000    0.000    0.000    0.000 parser.py:16(Parser)
        6    0.000    0.000    0.000    0.000 _enums.py:20(_generate_next_value_)
        1    0.000    0.000    0.000    0.000 pickle.py:257(_Unframer)
        1    0.000    0.000    0.000    0.000 format.py:1486(_Datetime64Formatter)
        1    0.000    0.000    0.000    0.000 __init__.py:819(_Tellable)
        1    0.000    0.000    0.000    0.000 units.py:72(AxisInfo)
        1    0.000    0.000    0.000    0.000 backend_tools.py:304(ToolCursorPosition)
        1    0.000    0.000    0.000    0.000 index_tricks.py:109(nd_grid)
        1    0.000    0.000    0.000    0.000 pathlib.py:263(_PathParents)
        2    0.000    0.000    0.000    0.000 calendar.py:118(__init__)
        1    0.000    0.000    0.000    0.000 stata.py:792(StataNonCatValueLabel)
        1    0.000    0.000    0.000    0.000 base.py:2404(ExtensionArraySupportsAnyAll)
        1    0.000    0.000    0.000    0.000 backend_tools.py:437(ToolYScale)
        1    0.000    0.000    0.000    0.000 common.py:266(ArrayWriter)
        1    0.000    0.000    0.000    0.000 offsetbox.py:420(PackerBase)
        1    0.000    0.000    0.000    0.000 _mathtext.py:939(ComputerModernFontConstants)
        1    0.000    0.000    0.000    0.000 missing.py:78(NumpyInterpolator)
        1    0.000    0.000    0.000    0.000 base.py:13(OutputKey)
        1    0.000    0.000    0.000    0.000 GimpGradientFile.py:66(GradientFile)
        2    0.000    0.000    0.000    0.000 rcsetup.py:163(validate_dpi)
        1    0.000    0.000    0.000    0.000 __init__.py:2285(NullHandler)
        1    0.000    0.000    0.000    0.000 resample.py:1866(DatetimeIndexResamplerGroupby)
        6    0.000    0.000    0.000    0.000 calendar.py:97(<lambda>)
        1    0.000    0.000    0.000    0.000 _mathtext.py:1496(Kern)
        1    0.000    0.000    0.000    0.000 decoder.py:20(JSONDecodeError)
        1    0.000    0.000    0.000    0.000 ticker.py:270(FixedFormatter)
        1    0.000    0.000    0.000    0.000 ticker.py:1658(IndexLocator)
        1    0.000    0.000    0.000    0.000 unicode.py:146(LatinA)
        1    0.000    0.000    0.000    0.000 ticker.py:1833(MultipleLocator)
        1    0.000    0.000    0.000    0.000 ElementPath.py:350(_SelectorContext)
        2    0.000    0.000    0.000    0.000 types.py:129(_calculate_meta)
        1    0.000    0.000    0.000    0.000 pytables.py:4341(WORMTable)
        1    0.000    0.000    0.000    0.000 _trifinder.py:7(TriFinder)
        1    0.000    0.000    0.000    0.000 _triinterpolate.py:1071(_DOF_estimator_geom)
        1    0.000    0.000    0.000    0.000 common.py:39(EntitiesForbidden)
        3    0.000    0.000    0.000    0.000 base_parser.py:1447(is_index_col)
        1    0.000    0.000    0.000    0.000 common.py:1059(_IOWrapper)
        1    0.000    0.000    0.000    0.000 __init__.py:8(_SubplotBaseMeta)
        1    0.000    0.000    0.000    0.000 model.py:72(BaseType)
        1    0.000    0.000    0.000    0.000 parse.py:220(_NetlocResultMixinBytes)
        1    0.000    0.000    0.000    0.000 _exceptions.py:80(_UFuncInputCastingError)
        2    0.000    0.000    0.000    0.000 axis.py:572(__init__)
        1    0.000    0.000    0.000    0.000 contour.py:29(ClabelText)
        1    0.000    0.000    0.000    0.000 typing.py:1462(__repr__)
        1    0.000    0.000    0.000    0.000 times.py:958(CFDatetimeCoder)
        1    0.000    0.000    0.000    0.000 polar.py:281(ThetaLocator)
        1    0.000    0.000    0.000    0.000 backend_tools.py:332(RubberbandBase)
        1    0.000    0.000    0.000    0.000 ImageFile.py:350(StubImageFile)
        1    0.000    0.000    0.000    0.000 core.py:3685(WordEnd)
        1    0.000    0.000    0.000    0.000 core.py:797(_DomainCheckInterval)
        1    0.000    0.000    0.000    0.000 utils.py:104(_Deprecate)
        1    0.000    0.000    0.000    0.000 core.py:3901(_ErrorStop)
        1    0.000    0.000    0.000    0.000 common.py:18(DefusedXmlException)
        1    0.000    0.000    0.000    0.000 dtypes.py:23(AlwaysLessThan)
        1    0.000    0.000    0.000    0.000 collections.py:1275(BrokenBarHCollection)
        1    0.000    0.000    0.000    0.000 unicode.py:237(Kanji)
        1    0.000    0.000    0.000    0.000 _endian.py:23(_swapped_meta)
        1    0.000    0.000    0.000    0.000 _array_like.py:39(_SupportsArray)
        1    0.000    0.000    0.000    0.000 __init__.py:346(DeprecatedNonAbstract)
        1    0.000    0.000    0.000    0.000 model.py:88(__init__)
        1    0.000    0.000    0.000    0.000 dates.py:1839(ConciseDateConverter)
        1    0.000    0.000    0.000    0.000 backend_tools.py:420(AxisScaleBase)
        1    0.000    0.000    0.000    0.000 index_tricks.py:569(ndenumerate)
        1    0.000    0.000    0.000    0.000 common.py:206(BackendArray)
        1    0.000    0.000    0.000    0.000 calendar.py:624(LocaleHTMLCalendar)
        1    0.000    0.000    0.000    0.000 offsetbox.py:1592(DraggableAnnotation)
        1    0.000    0.000    0.000    0.000 backend_tools.py:370(ToolQuitAll)
        1    0.000    0.000    0.000    0.000 backend_tools.py:380(ToolGrid)
        1    0.000    0.000    0.000    0.000 ticker.py:1915(_Edge_integer)
        1    0.000    0.000    0.000    0.000 _array_like.py:44(_SupportsArrayFunc)
        4    0.000    0.000    0.000    0.000 {built-in method _sre.ascii_iscased}
        1    0.000    0.000    0.000    0.000 errors.py:33(MessageDefect)
        1    0.000    0.000    0.000    0.000 engines.py:124(PythonEngine)
        1    0.000    0.000    0.000    0.000 __init__.py:313(_CountryTimezoneDict)
        2    0.000    0.000    0.000    0.000 lazy.py:91(LazyList)
        1    0.000    0.000    0.000    0.000 backend_bases.py:1533(KeyEvent)
        1    0.000    0.000    0.000    0.000 traceback.py:90(_Sentinel)
        1    0.000    0.000    0.000    0.000 strings.py:116(CharacterArrayCoder)
        1    0.000    0.000    0.000    0.000 multi.py:167(MultiIndexPyIntEngine)
        1    0.000    0.000    0.000    0.000 geo.py:18(ThetaFormatter)
        1    0.000    0.000    0.000    0.000 _mathtext.py:1139(Accent)
        1    0.000    0.000    0.000    0.000 index_tricks.py:618(ndindex)
        1    0.000    0.000    0.000    0.000 dataframe_protocol.py:111(CategoricalDescription)
        1    0.000    0.000    0.000    0.000 pydoc.py:2073(__init__)
        1    0.000    0.000    0.000    0.000 _mathtext.py:1420(Vrule)
        1    0.000    0.000    0.000    0.000 _exceptions.py:71(_UFuncCastingError)
        1    0.000    0.000    0.000    0.000 context.py:296(ForkServerProcess)
        1    0.000    0.000    0.000    0.000 ops.py:295(IncludeReduceMethods)
        1    0.000    0.000    0.000    0.000 readers.py:477(_Fwf_Defaults)
        1    0.000    0.000    0.000    0.000 tarfile.py:710(ExFileObject)
        1    0.000    0.000    0.000    0.000 legend_handler.py:314(HandlerPatch)
        1    0.000    0.000    0.000    0.000 legend_handler.py:628(HandlerStem)
        1    0.000    0.000    0.000    0.000 deprecation.py:223(deprecate_privatize_attribute)
        1    0.000    0.000    0.000    0.000 _docstring.py:50(_ArtistKwdocLoader)
        1    0.000    0.000    0.000    0.000 pathlib.py:1425(WindowsPath)
        5    0.000    0.000    0.000    0.000 platform.py:841(_unknown_as_blank)
        1    0.000    0.000    0.000    0.000 treenode.py:26(NodePath)
        1    0.000    0.000    0.000    0.000 calendar.py:31(IllegalMonthError)
        1    0.000    0.000    0.000    0.000 _typing.py:26(SupportsRead)
        1    0.000    0.000    0.000    0.000 cbook.py:333(silent_list)
        1    0.000    0.000    0.000    0.000 arrayprint.py:1245(ComplexFloatingFormat)
        1    0.000    0.000    0.000    0.000 tarfile.py:726(AbsolutePathError)
        1    0.000    0.000    0.000    0.000 pathlib.py:151(_Selector)
        1    0.000    0.000    0.000    0.000 selectn.py:75(SelectNSeries)
        1    0.000    0.000    0.000    0.000 feedparser.py:530(BytesFeedParser)
        1    0.000    0.000    0.000    0.000 tz.py:373(_tzfile)
        1    0.000    0.000    0.000    0.000 ticker.py:2872(AutoMinorLocator)
        1    0.000    0.000    0.000    0.000 transforms.py:2271(BlendedAffine2D)
        1    0.000    0.000    0.000    0.000 numbers.py:37(Number)
        1    0.000    0.000    0.000    0.000 extensions.py:14(_CachedAccessor)
        1    0.000    0.000    0.000    0.000 compressors.py:67(LZMAFile)
        1    0.000    0.000    0.000    0.000 legend_handler.py:208(HandlerNpointsYoffsets)
        1    0.000    0.000    0.000    0.000 _adapters.py:20(TraversableResourcesLoader)
        1    0.000    0.000    0.000    0.000 _mathtext.py:731(DejaVuSansFonts)
        1    0.000    0.000    0.000    0.000 backend_bases.py:1288(DrawEvent)
        1    0.000    0.000    0.000    0.000 ticker.py:2852(AutoLocator)
        1    0.000    0.000    0.000    0.000 _typing.py:192(_arrayapi)
        1    0.000    0.000    0.000    0.000 pytables.py:637(TermValue)
        1    0.000    0.000    0.000    0.000 resample.py:2033(TimedeltaIndexResamplerGroupby)
        1    0.000    0.000    0.000    0.000 backend_tools.py:410(ToolFullScreen)
        1    0.000    0.000    0.000    0.000 core.py:2352(NoMatch)
        1    0.000    0.000    0.000    0.000 pathlib.py:1413(PosixPath)
        1    0.000    0.000    0.000    0.000 dtypes.py:14(AlwaysGreaterThan)
        1    0.000    0.000    0.000    0.000 process.py:349(AuthenticationString)
        1    0.000    0.000    0.000    0.000 csv.py:72(unix_dialect)
        2    0.000    0.000    0.000    0.000 calendar.py:99(__init__)
        1    0.000    0.000    0.000    0.000 six.py:144(MovedAttribute)
        1    0.000    0.000    0.000    0.000 h5netcdf_.py:46(H5NetCDFArrayWrapper)
        1    0.000    0.000    0.000    0.000 variables.py:301(CFMaskCoder)
        1    0.000    0.000    0.000    0.000 indexing.py:109(_IndexSlice)
        1    0.000    0.000    0.000    0.000 base.py:517(__init__)
        1    0.000    0.000    0.000    0.000 _base.py:95(_TransformedBoundsLocator)
        1    0.000    0.000    0.000    0.000 transforms.py:2790(TransformedPatchPath)
        1    0.000    0.000    0.000    0.000 core.py:822(_DomainTan)
        1    0.000    0.000    0.000    0.000 cftime_offsets.py:463(QuarterBegin)
        1    0.000    0.000    0.000    0.000 core.py:197(_should_enable_warnings)
        1    0.000    0.000    0.000    0.000 core.py:1125(_DomainedBinaryOperation)
        1    0.000    0.000    0.000    0.000 queue.py:242(LifoQueue)
        1    0.000    0.000    0.000    0.000 art3d.py:347(Collection3D)
        1    0.000    0.000    0.000    0.000 cm.py:95(__iter__)
        1    0.000    0.000    0.000    0.000 core.py:4592(_Indent)
        1    0.000    0.000    0.000    0.000 ticker.py:1687(FixedLocator)
        1    0.000    0.000    0.000    0.000 parse.py:136(_ResultMixinStr)
        5    0.000    0.000    0.000    0.000 dataclasses.py:879(_hash_set_none)
        1    0.000    0.000    0.000    0.000 context.py:233(__init__)
        1    0.000    0.000    0.000    0.000 expr.py:771(PythonExprVisitor)
        2    0.000    0.000    0.000    0.000 accessor.py:220(__get__)
        1    0.000    0.000    0.000    0.000 Image.py:3468(register_mime)
        1    0.000    0.000    0.000    0.000 <string>:1(__create_fn__)
        1    0.000    0.000    0.000    0.000 pytables.py:99(Constant)
        1    0.000    0.000    0.000    0.000 __init__.py:273(AbstractMethodError)
        1    0.000    0.000    0.000    0.000 _typing.py:288(WriteBuffer)
        1    0.000    0.000    0.000    0.000 unicode.py:152(LatinB)
        1    0.000    0.000    0.000    0.000 dates.py:1605(DayLocator)
        1    0.000    0.000    0.000    0.000 exceptions.py:289(RecursiveGrammarException)
        1    0.000    0.000    0.000    0.000 colors.py:2119(NoNorm)
        1    0.000    0.000    0.000    0.000 cftime_offsets.py:551(YearBegin)
        1    0.000    0.000    0.000    0.000 __init__.py:706(Lookup)
        1    0.000    0.000    0.000    0.000 utils.py:423(__init__)
        1    0.000    0.000    0.000    0.000 datatree_render.py:47(ContStyle)
        1    0.000    0.000    0.000    0.000 parquet.py:296(FastParquetImpl)
        1    0.000    0.000    0.000    0.000 base.py:55(_AlreadyWarned)
        1    0.000    0.000    0.000    0.000 _typing.py:282(ReadBuffer)
        1    0.000    0.000    0.000    0.000 _trirefine.py:12(TriRefiner)
        1    0.000    0.000    0.000    0.000 offsetbox.py:467(VPacker)
        1    0.000    0.000    0.000    0.000 patches.py:2905(Arc)
        1    0.000    0.000    0.000    0.000 error.py:2(FFIError)
        1    0.000    0.000    0.000    0.000 Image.py:3494(register_save_all)
        1    0.000    0.000    0.000    0.000 merge.py:55(Context)
        2    0.000    0.000    0.000    0.000 reprlib.py:9(recursive_repr)
        1    0.000    0.000    0.000    0.000 missing.py:123(ScipyInterpolator)
        1    0.000    0.000    0.000    0.000 indexing.py:248(GroupByPositionalSelector)
        1    0.000    0.000    0.000    0.000 common.py:1088(_BytesIOWrapper)
        1    0.000    0.000    0.000    0.000 legend_handler.py:521(HandlerErrorbar)
        1    0.000    0.000    0.000    0.000 patches.py:2348(Circle)
        1    0.000    0.000    0.000    0.000 font_manager.py:910(_JSONEncoder)
        1    0.000    0.000    0.000    0.000 backend_bases.py:1484(PickEvent)
        1    0.000    0.000    0.000    0.000 core.py:4984(OneOrMore)
        1    0.000    0.000    0.000    0.000 model.py:85(VoidType)
        1    0.000    0.000    0.000    0.000 ipc.py:88(RecordBatchFileReader)
        1    0.000    0.000    0.000    0.000 util.py:80(_UnboundedCache)
        1    0.000    0.000    0.000    0.000 info.py:823(_DataFrameTableBuilderNonVerbose)
        1    0.000    0.000    0.000    0.000 blocks.py:2625(DatetimeLikeBlock)
        1    0.000    0.000    0.000    0.000 __init__.py:572(UndefinedVariableError)
        1    0.000    0.000    0.000    0.000 container.py:77(ErrorbarContainer)
        1    0.000    0.000    0.000    0.000 backend_tools.py:609(ToolBack)
        1    0.000    0.000    0.000    0.000 ticker.py:304(FuncFormatter)
        1    0.000    0.000    0.000    0.000 abc.py:68(PathEntryFinder)
        1    0.000    0.000    0.000    0.000 describe.py:124(SeriesDescriber)
        1    0.000    0.000    0.000    0.000 unicode.py:198(Cyrillic)
        2    0.000    0.000    0.000    0.000 arrayprint.py:493(_recursive_guard)
        1    0.000    0.000    0.000    0.000 {built-in method _imp.get_frozen_object}
        1    0.000    0.000    0.000    0.000 readers.py:2365(_validate_skipfooter)
        1    0.000    0.000    0.000    0.000 _mathtext.py:1428(_GlueSpec)
        1    0.000    0.000    0.000    0.000 backend_tools.py:618(ToolForward)
        1    0.000    0.000    0.000    0.000 artist.py:111(_Unset)
        1    0.000    0.000    0.000    0.000 core.py:5717(Dict)
        1    0.000    0.000    0.000    0.000 GimpGradientFile.py:101(GimpGradientFile)
        1    0.000    0.000    0.000    0.000 ElementTree.py:107(ParseError)
        3    0.000    0.000    0.000    0.000 core.py:867(__init__)
        2    0.000    0.000    0.000    0.000 index_tricks.py:761(__init__)
        1    0.000    0.000    0.000    0.000 numerictypes.py:425(_typedict)
        1    0.000    0.000    0.000    0.000 error.py:5(CDefError)
        1    0.000    0.000    0.000    0.000 parser.py:75(BytesParser)
        1    0.000    0.000    0.000    0.000 pytables.py:4751(AppendableMultiSeriesTable)
        1    0.000    0.000    0.000    0.000 _typing.py:298(ReadPickleBuffer)
        1    0.000    0.000    0.000    0.000 backend_tools.py:447(ToolXScale)
        1    0.000    0.000    0.000    0.000 indexing.py:501(ExplicitlyIndexed)
        1    0.000    0.000    0.000    0.000 _typing.py:272(_sparsearray)
        1    0.000    0.000    0.000    0.000 _validators.py:226(validate_bool_kwarg)
        1    0.000    0.000    0.000    0.000 patches.py:2325(Square)
        1    0.000    0.000    0.000    0.000 unicode.py:211(Chinese)
        1    0.000    0.000    0.000    0.000 core.py:3622(StringStart)
        1    0.000    0.000    0.000    0.000 results.py:98(List)
        1    0.000    0.000    0.000    0.000 ticker.py:187(TickHelper)
        1    0.000    0.000    0.000    0.000 arrayprint.py:1222(IntegerFormat)
        1    0.000    0.000    0.000    0.000 {built-in method numpy.core._multiarray_umath.set_typeDict}
        1    0.000    0.000    0.000    0.000 engines.py:107(NumExprEngine)
        1    0.000    0.000    0.000    0.000 calendar.py:38(IllegalWeekdayError)
        1    0.000    0.000    0.000    0.000 patches.py:3473(BracketA)
        1    0.000    0.000    0.000    0.000 hatch.py:14(HorizontalHatch)
        1    0.000    0.000    0.000    0.000 model.py:178(UnknownIntegerType)
        1    0.000    0.000    0.000    0.000 __init__.py:402(PyDLL)
        1    0.000    0.000    0.000    0.000 {method 'deleter' of 'property' objects}
        1    0.000    0.000    0.000    0.000 cftime_offsets.py:189(Tick)
        1    0.000    0.000    0.000    0.000 backend_tools.py:634(SaveFigureBase)
        1    0.000    0.000    0.000    0.000 exceptions.py:40(UnknownEditVariable)
        2    0.000    0.000    0.000    0.000 {built-in method _sre.template}
        1    0.000    0.000    0.000    0.000 file_manager.py:322(_HashedSequence)
        1    0.000    0.000    0.000    0.000 variables.py:627(NonStringCoder)
        1    0.000    0.000    0.000    0.000 sql.py:1537(SQLAlchemyEngine)
        1    0.000    0.000    0.000    0.000 sql.py:1518(BaseEngine)
        1    0.000    0.000    0.000    0.000 pytables.py:340(JointFilterBinOp)
        1    0.000    0.000    0.000    0.000 ops.py:613(FuncNode)
        1    0.000    0.000    0.000    0.000 polar.py:241(ThetaFormatter)
        1    0.000    0.000    0.000    0.000 six.py:91(_LazyDescr)
        1    0.000    0.000    0.000    0.000 patches.py:3595(Simple)
        1    0.000    0.000    0.000    0.000 exceptions.py:19(DuplicateConstraint)
        1    0.000    0.000    0.000    0.000 _parser.py:661(_result)
        1    0.000    0.000    0.000    0.000 indexing.py:405(OuterIndexer)
        1    0.000    0.000    0.000    0.000 _compute_docstrings.py:1(<module>)
        1    0.000    0.000    0.000    0.000 streamplot.py:249(StreamplotSet)
        1    0.000    0.000    0.000    0.000 patches.py:2763(Arc3)
        1    0.000    0.000    0.000    0.000 _mathtext.py:1563(AutoWidthChar)
        1    0.000    0.000    0.000    0.000 hatch.py:9(HatchPatternBase)
        1    0.000    0.000    0.000    0.000 common.py:56(ExternalReferenceForbidden)
        1    0.000    0.000    0.000    0.000 polynomial.py:29(RankWarning)
        1    0.000    0.000    0.000    0.000 __init__.py:67(_256Bit)
        1    0.000    0.000    0.000    0.000 arrayprint.py:1235(BoolFormat)
        1    0.000    0.000    0.000    0.000 pathlib.py:801(PurePosixPath)
        1    0.000    0.000    0.000    0.000 _factories.py:55(_TzStrFactory)
        1    0.000    0.000    0.000    0.000 expressions.py:45(set_use_numexpr)
        1    0.000    0.000    0.000    0.000 six.py:178(__init__)
        1    0.000    0.000    0.000    0.000 _factories.py:25(_TzOffsetFactory)
        1    0.000    0.000    0.000    0.000 patches.py:2583(Sawtooth)
        1    0.000    0.000    0.000    0.000 parse.py:323(DefragResult)
        1    0.000    0.000    0.000    0.000 tarfile.py:743(AbsoluteLinkError)
        1    0.000    0.000    0.000    0.000 cftime_offsets.py:576(YearEnd)
        1    0.000    0.000    0.000    0.000 accessor_dt.py:610(CombinedDatetimelikeAccessor)
        1    0.000    0.000    0.000    0.000 message.py:1200(EmailMessage)
        1    0.000    0.000    0.000    0.000 readers.py:507(_DeprecationConfig)
        1    0.000    0.000    0.000    0.000 ops.py:1170(SeriesSplitter)
        1    0.000    0.000    0.000    0.000 tarfile.py:738(SpecialFileError)
        1    0.000    0.000    0.000    0.000 pydoc.py:2308(ModuleScanner)
        1    0.000    0.000    0.000    0.000 __init__.py:372(_CountryNameDict)
        1    0.000    0.000    0.000    0.000 dates.py:1683(SecondLocator)
        1    0.000    0.000    0.000    0.000 isoparser.py:43(__init__)
        1    0.000    0.000    0.000    0.000 calendar.py:578(different_locale)
        1    0.000    0.000    0.000    0.000 core.py:3599(LineEnd)
        1    0.000    0.000    0.000    0.000 rcsetup.py:747(_DunderChecker)
        1    0.000    0.000    0.000    0.000 core.py:840(_DomainSafeDivide)
        1    0.000    0.000    0.000    0.000 parse.py:421(_checknetloc)
        1    0.000    0.000    0.000    0.000 _factories.py:19(_TzFactory)
        1    0.000    0.000    0.000    0.000 process.py:397(_MainProcess)
        1    0.000    0.000    0.000    0.000 stata.py:957(StataParser)
        1    0.000    0.000    0.000    0.000 __init__.py:72(__init__)
        1    0.000    0.000    0.000    0.000 unicode.py:305(Thai)
        1    0.000    0.000    0.000    0.000 model.py:328(StructOrUnionOrEnum)
        1    0.000    0.000    0.000    0.000 version.py:57(InvalidVersion)
        1    0.000    0.000    0.000    0.000 index_tricks.py:262(OGridClass)
        2    0.000    0.000    0.000    0.000 lazy.py:144(LazySet)
        4    0.000    0.000    0.000    0.000 <frozen importlib._bootstrap>:1014(is_package)
        1    0.000    0.000    0.000    0.000 merge.py:76(MergeError)
        1    0.000    0.000    0.000    0.000 __init__.py:338(FileHash)
        1    0.000    0.000    0.000    0.000 base_parser.py:986(_validate_usecols_arg)
        4    0.000    0.000    0.000    0.000 series.py:1480(_clear_item_cache)
        1    0.000    0.000    0.000    0.000 axis.py:564(_LazyTickList)
        1    0.000    0.000    0.000    0.000 unicode.py:244(Hiragana)
        1    0.000    0.000    0.000    0.000 PngImagePlugin.py:1075(_idat)
        1    0.000    0.000    0.000    0.000 __init__.py:1311(PlaceHolder)
        1    0.000    0.000    0.000    0.000 core.py:893(_MaskedUFunc)
        1    0.000    0.000    0.000    0.000 linalg.py:67(LinAlgError)
        1    0.000    0.000    0.000    0.000 arrayprint.py:1278(_TimelikeFormat)
        1    0.000    0.000    0.000    0.000 pathlib.py:241(_DoubleRecursiveWildcardSelector)
        1    0.000    0.000    0.000    0.000 indexing.py:2589(_iAtIndexer)
        2    0.000    0.000    0.000    0.000 base.py:1671(name)
        1    0.000    0.000    0.000    0.000 __init__.py:346(ExecutableNotFoundError)
        1    0.000    0.000    0.000    0.000 exceptions.py:11(Error)
        1    0.000    0.000    0.000    0.000 container.py:109(StemContainer)
        1    0.000    0.000    0.000    0.000 patches.py:3492(BracketB)
        1    0.000    0.000    0.000    0.000 uuid.py:78(SafeUUID)
        4    0.000    0.000    0.000    0.000 core.py:5852(postParse)
        1    0.000    0.000    0.000    0.000 legend_handler.py:719(HandlerTuple)
        2    0.000    0.000    0.000    0.000 core.py:883(__init__)
        1    0.000    0.000    0.000    0.000 variables.py:509(UnsignedIntegerCoder)
        1    0.000    0.000    0.000    0.000 variables.py:453(CFScaleOffsetCoder)
        1    0.000    0.000    0.000    0.000 variables.py:563(DefaultFillvalueCoder)
        4    0.000    0.000    0.000    0.000 feedparser.py:124(__iter__)
        1    0.000    0.000    0.000    0.000 pytables.py:3337(FrameFixed)
        2    0.000    0.000    0.000    0.000 expr.py:169(_is_type)
        1    0.000    0.000    0.000    0.000 dates.py:1551(MonthLocator)
        1    0.000    0.000    0.000    0.000 _triinterpolate.py:1061(_DOF_estimator_user)
        1    0.000    0.000    0.000    0.000 __init__.py:14(SubplotBase)
        1    0.000    0.000    0.000    0.000 bezier.py:25(NonIntersectingPathException)
        2    0.000    0.000    0.000    0.000 rcsetup.py:341(validate_aspect)
        1    0.000    0.000    0.000    0.000 __init__.py:769(Filter)
        1    0.000    0.000    0.000    0.000 __init__.py:1861(RootLogger)
        1    0.000    0.000    0.000    0.000 index_tricks.py:717(IndexExpression)
        1    0.000    0.000    0.000    0.000 copyreg.py:22(constructor)
        1    0.000    0.000    0.000    0.000 unicode.py:312(Arabic)
        1    0.000    0.000    0.000    0.000 errors.py:81(HeaderDefect)
        2    0.000    0.000    0.000    0.000 blocks.py:718(dtype)
        1    0.000    0.000    0.000    0.000 frequencies.py:411(_TimedeltaFrequencyInferer)
        1    0.000    0.000    0.000    0.000 cloudpickle.py:476(instance)
        1    0.000    0.000    0.000    0.000 _mathtext.py:950(STIXFontConstants)
        1    0.000    0.000    0.000    0.000 backend_bases.py:3484(ShowBase)
        1    0.000    0.000    0.000    0.000 extras.py:263(_fromnxfunction_single)
        1    0.000    0.000    0.000    0.000 arrayprint.py:1341(SubArrayFormat)
        1    0.000    0.000    0.000    0.000 cftime_offsets.py:369(MonthBegin)
        1    0.000    0.000    0.000    0.000 accessors.py:608(CombinedDatetimelikeProperties)
        1    0.000    0.000    0.000    0.000 tarfile.py:270(TarError)
        1    0.000    0.000    0.000    0.000 format.py:1657(_Datetime64TZFormatter)
        1    0.000    0.000    0.000    0.000 dates.py:1578(WeekdayLocator)
        1    0.000    0.000    0.000    0.000 offsetbox.py:499(HPacker)
        1    0.000    0.000    0.000    0.000 patches.py:2397(LArrow)
        1    0.000    0.000    0.000    0.000 patches.py:3434(Curve)
        1    0.000    0.000    0.000    0.000 _mathtext.py:1476(HCentered)
        1    0.000    0.000    0.000    0.000 hatch.py:148(SmallFilledCircles)
        1    0.000    0.000    0.000    0.000 core.py:84(MaskedArrayFutureWarning)
        1    0.000    0.000    0.000    0.000 core.py:148(MAError)
        1    0.000    0.000    0.000    0.000 {built-in method numpy._set_promotion_state}
        1    0.000    0.000    0.000    0.000 cftime_offsets.py:488(QuarterEnd)
        1    0.000    0.000    0.000    0.000 pathlib.py:223(_RecursiveWildcardSelector)
        1    0.000    0.000    0.000    0.000 core.py:2378(__init__)
        1    0.000    0.000    0.000    0.000 {method '__exit__' of 'posix.ScandirIterator' objects}
        2    0.000    0.000    0.000    0.000 {method '__prepare__' of 'type' objects}
        1    0.000    0.000    0.000    0.000 info.py:1032(_SeriesTableBuilderNonVerbose)
        1    0.000    0.000    0.000    0.000 tarfile.py:748(LinkOutsideDestinationError)
        1    0.000    0.000    0.000    0.000 queue.py:23(Full)
        1    0.000    0.000    0.000    0.000 __init__.py:128(InvalidVersion)
        1    0.000    0.000    0.000    0.000 units.py:161(Registry)
        1    0.000    0.000    0.000    0.000 backend_bases.py:1315(ResizeEvent)
        1    0.000    0.000    0.000    0.000 core.py:861(_DomainGreater)
        1    0.000    0.000    0.000    0.000 extras.py:1637(mr_class)
        2    0.000    0.000    0.000    0.000 {built-in method sys.audit}
        1    0.000    0.000    0.000    0.000 patches.py:3674(Fancy)
        1    0.000    0.000    0.000    0.000 core.py:877(_DomainGreaterEqual)
        1    0.000    0.000    0.000    0.000 extensions.py:10(AccessorRegistrationWarning)
        1    0.000    0.000    0.000    0.000 _typing.py:285(_sparsearrayfunction)
        1    0.000    0.000    0.000    0.000 parser.py:67(HeaderParser)
        1    0.000    0.000    0.000    0.000 common.py:529(is_string_or_object_np_dtype)
        1    0.000    0.000    0.000    0.000 tz.py:1156(_tzicalvtzcomp)
        1    0.000    0.000    0.000    0.000 _mathtext.py:1410(Hrule)
        1    0.000    0.000    0.000    0.000 backend_tools.py:588(ViewsPositionsBase)
        1    0.000    0.000    0.000    0.000 hatch.py:132(SmallCircles)
        1    0.000    0.000    0.000    0.000 unicode.py:256(Katakana)
        1    0.000    0.000    0.000    0.000 core.py:5115(_NullToken)
        1    0.000    0.000    0.000    0.000 model.py:239(FunctionPtrType)
        1    0.000    0.000    0.000    0.000 _internal.py:244(c_void_p)
        1    0.000    0.000    0.000    0.000 _typing.py:298(_sparsearrayapi)
        1    0.000    0.000    0.000    0.000 __init__.py:39(BadZipFile)
        1    0.000    0.000    0.000    0.000 errors.py:8(MessageError)
        2    0.000    0.000    0.000    0.000 readers.py:527(validate_integer)
        1    0.000    0.000    0.000    0.000 legend_handler.py:772(HandlerPolyCollection)
        1    0.000    0.000    0.000    0.000 ticker.py:262(NullFormatter)
        1    0.000    0.000    0.000    0.000 indexing.py:451(VectorizedIndexer)
        1    0.000    0.000    0.000    0.000 _tzpath.py:176(InvalidTZPathWarning)
        1    0.000    0.000    0.000    0.000 calendar.py:201(setfirstweekday)
        1    0.000    0.000    0.000    0.000 _blocking_input.py:1(<module>)
        1    0.000    0.000    0.000    0.000 patches.py:2801(Angle3)
        1    0.000    0.000    0.000    0.000 dviread.py:782(Tfm)
        1    0.000    0.000    0.000    0.000 core.py:3639(StringEnd)
        1    0.000    0.000    0.000    0.000 core.py:3509(PositionToken)
        1    0.000    0.000    0.000    0.000 deprecation.py:20(MatplotlibDeprecationWarning)
        1    0.000    0.000    0.000    0.000 extras.py:281(_fromnxfunction_seq)
        1    0.000    0.000    0.000    0.000 __init__.py:241(c_char_p)
        1    0.000    0.000    0.000    0.000 ipaddress.py:1127(_BaseConstants)
        1    0.000    0.000    0.000    0.000 {built-in method _codecs.lookup_error}
        1    0.000    0.000    0.000    0.000 reduction.py:211(_C)
        1    0.000    0.000    0.000    0.000 missing.py:180(SplineInterpolator)
        1    0.000    0.000    0.000    0.000 treenode.py:18(InvalidTreeError)
        1    0.000    0.000    0.000    0.000 pytables.py:394(JointConditionBinOp)
        1    0.000    0.000    0.000    0.000 _typing.py:303(WriteExcelBuffer)
        1    0.000    0.000    0.000    0.000 core.py:2437(_SingleCharLiteral)
        1    0.000    0.000    0.000    0.000 polyutils.py:47(RankWarning)
        1    0.000    0.000    0.000    0.000 pickle.py:73(PickleError)
        1    0.000    0.000    0.000    0.000 _mathtext.py:1523(AutoHeightChar)
        1    0.000    0.000    0.000    0.000 variable.py:81(MissingDimensionsError)
        1    0.000    0.000    0.000    0.000 abc.py:186(FileLoader)
        1    0.000    0.000    0.000    0.000 docscrape.py:107(ParseError)
        1    0.000    0.000    0.000    0.000 ticker.py:1732(NullLocator)
        1    0.000    0.000    0.000    0.000 util.py:168(UnboundedMemo)
        1    0.000    0.000    0.000    0.000 variables.py:612(EndianCoder)
        1    0.000    0.000    0.000    0.000 unicode.py:320(Hebrew)
        1    0.000    0.000    0.000    0.000 _array_like.py:160(_UnknownType)
        1    0.000    0.000    0.000    0.000 __init__.py:678(LZMADecompressor)
        1    0.000    0.000    0.000    0.000 __init__.py:18(IntCastingNaNError)
        1    0.000    0.000    0.000    0.000 __init__.py:627(PyperclipWindowsException)
        1    0.000    0.000    0.000    0.000 legend_handler.py:275(HandlerLine2D)
        1    0.000    0.000    0.000    0.000 ticker.py:1046(LogFormatterMathtext)
        1    0.000    0.000    0.000    0.000 gzip.py:120(BadGzipFile)
        1    0.000    0.000    0.000    0.000 datatree_mapping.py:17(TreeIsomorphismError)
        1    0.000    0.000    0.000    0.000 hatch.py:87(Shapes)
        1    0.000    0.000    0.000    0.000 cftime_offsets.py:601(Day)
        1    0.000    0.000    0.000    0.000 indexing.py:1548(NdArrayLikeIndexingAdapter)
        1    0.000    0.000    0.000    0.000 parser.py:122(BytesHeaderParser)
        1    0.000    0.000    0.000    0.000 readers.py:2267(_extract_dialect)
        1    0.000    0.000    0.000    0.000 blocks.py:2599(NumericBlock)
        1    0.000    0.000    0.000    0.000 tarfile.py:731(OutsideDestinationError)
        1    0.000    0.000    0.000    0.000 _common.py:163(ZoneInfoNotFoundError)
        1    0.000    0.000    0.000    0.000 exceptions.py:15(UnknownTimeZoneError)
        1    0.000    0.000    0.000    0.000 exceptions.py:38(InvalidTimeError)
        1    0.000    0.000    0.000    0.000 patches.py:3511(BracketAB)
        1    0.000    0.000    0.000    0.000 patches.py:3762(Wedge)
        1    0.000    0.000    0.000    0.000 _mathtext.py:959(STIXSansFontConstants)
        1    0.000    0.000    0.000    0.000 util.py:101(_FifoCache)
        1    0.000    0.000    0.000    0.000 model.py:204(BaseFunctionType)
        1    0.000    0.000    0.000    0.000 __init__.py:77(UnidentifiedImageError)
        1    0.000    0.000    0.000    0.000 core.py:830(__init__)
        1    0.000    0.000    0.000    0.000 _endian.py:48(BigEndianStructure)
        1    0.000    0.000    0.000    0.000 arrayprint.py:1336(TimedeltaFormat)
        1    0.000    0.000    0.000    0.000 common.py:476(WritableCFDataStore)
        1    0.000    0.000    0.000    0.000 managers.py:246(items)
        1    0.000    0.000    0.000    0.000 model.py:192(UnknownFloatType)
        1    0.000    0.000    0.000    0.000 socket.py:212(_GiveupOnSendfile)
        1    0.000    0.000    0.000    0.000 _parser.py:1378(_attr)
        1    0.000    0.000    0.000    0.000 patches.py:2711(SimpleEvent)
        1    0.000    0.000    0.000    0.000 exceptions.py:253(ParseException)
        1    0.000    0.000    0.000    0.000 colors.py:1796(FuncNorm)
        1    0.000    0.000    0.000    0.000 subprocess.py:123(SubprocessError)
        1    0.000    0.000    0.000    0.000 pickle.py:97(_Stop)
        1    0.000    0.000    0.000    0.000 exceptions.py:189(DTypePromotionError)
        1    0.000    0.000    0.000    0.000 __init__.py:43(LargeZipFile)
        1    0.000    0.000    0.000    0.000 config.py:109(OptionError)
        1    0.000    0.000    0.000    0.000 PngImagePlugin.py:1086(_fdat)
        1    0.000    0.000    0.000    0.000 pathlib.py:180(_ParentSelector)
        1    0.000    0.000    0.000    0.000 times.py:1001(CFTimedeltaCoder)
        1    0.000    0.000    0.000    0.000 docscrape.py:602(ObjDoc)
        1    0.000    0.000    0.000    0.000 dates.py:1633(HourLocator)
        1    0.000    0.000    0.000    0.000 patches.py:3001(Bar)
        1    0.000    0.000    0.000    0.000 hatch.py:157(Stars)
        1    0.000    0.000    0.000    0.000 hatch.py:31(VerticalHatch)
        1    0.000    0.000    0.000    0.000 exceptions.py:15(BadRequiredStrength)
        1    0.000    0.000    0.000    0.000 core.py:4823(Located)
        1    0.000    0.000    0.000    0.000 ticker.py:355(StrMethodFormatter)
        1    0.000    0.000    0.000    0.000 model.py:261(PointerType)
        1    0.000    0.000    0.000    0.000 shutil.py:70(SameFileError)
        1    0.000    0.000    0.000    0.000 index_tricks.py:435(RClass)
        1    0.000    0.000    0.000    0.000 parse.py:144(_ResultMixinBytes)
        1    0.000    0.000    0.000    0.000 variables.py:673(NativeEnumCoder)
        1    0.000    0.000    0.000    0.000 Image.py:70(DecompressionBombWarning)
        1    0.000    0.000    0.000    0.000 cftime_offsets.py:382(MonthEnd)
        1    0.000    0.000    0.000    0.000 variables.py:583(BooleanCoder)
        1    0.000    0.000    0.000    0.000 pydoc.py:1630(_PlainTextDoc)
        1    0.000    0.000    0.000    0.000 dtypes.py:149(CategoricalDtypeType)
        1    0.000    0.000    0.000    0.000 patches.py:2476(Round)
        1    0.000    0.000    0.000    0.000 patches.py:3573(CurveBracket)
        1    0.000    0.000    0.000    0.000 ImageFile.py:607(PyCodecState)
        1    0.000    0.000    0.000    0.000 __init__.py:166(c_short)
        1    0.000    0.000    0.000    0.000 exceptions.py:47(ComplexWarning)
        1    0.000    0.000    0.000    0.000 backend_bases.py:2574(NonGuiException)
        1    0.000    0.000    0.000    0.000 model.py:285(NamedPointerType)
        1    0.000    0.000    0.000    0.000 {method 'pop' of 'collections.OrderedDict' objects}
        1    0.000    0.000    0.000    0.000 {method 'keys' of 'collections.OrderedDict' objects}
        1    0.000    0.000    0.000    0.000 {method 'values' of 'collections.OrderedDict' objects}
        1    0.000    0.000    0.000    0.000 {method 'items' of 'collections.OrderedDict' objects}
        1    0.000    0.000    0.000    0.000 context.py:311(ForkServerContext)
        1    0.000    0.000    0.000    0.000 blocks.py:2633(DatetimeTZBlock)
        1    0.000    0.000    0.000    0.000 units.py:52(ConversionError)
        1    0.000    0.000    0.000    0.000 patches.py:2369(Ellipse)
        1    0.000    0.000    0.000    0.000 patches.py:3533(BarAB)
        1    0.000    0.000    0.000    0.000 unicode.py:334(Devanagari)
        1    0.000    0.000    0.000    0.000 _ufunc_config.py:360(_unspecified)
        1    0.000    0.000    0.000    0.000 pathlib.py:174(_TerminatingSelector)
        1    0.000    0.000    0.000    0.000 _validators.py:450(check_dtype_backend)
        2    0.000    0.000    0.000    0.000 calendar.py:109(__len__)
        1    0.000    0.000    0.000    0.000 patches.py:3551(BracketCurve)
        1    0.000    0.000    0.000    0.000 arithmetic.py:97(VariableArithmetic)
        1    0.000    0.000    0.000    0.000 csv.py:67(excel_tab)
        1    0.000    0.000    0.000    0.000 _mathtext.py:864(StixSansFonts)
        1    0.000    0.000    0.000    0.000 hatch.py:48(NorthEastHatch)
        1    0.000    0.000    0.000    0.000 unicode.py:302(CJK)
        1    0.000    0.000    0.000    0.000 exceptions.py:58(ModuleDeprecationWarning)
        1    0.000    0.000    0.000    0.000 {built-in method sys._getframe}
        1    0.000    0.000    0.000    0.000 cftime_offsets.py:621(Minute)
        1    0.000    0.000    0.000    0.000 arithmetic.py:108(DatasetArithmetic)
        1    0.000    0.000    0.000    0.000 _version_meson.py:1(<module>)
        1    0.000    0.000    0.000    0.000 patches.py:2439(DArrow)
        1    0.000    0.000    0.000    0.000 patches.py:2841(Angle)
        1    0.000    0.000    0.000    0.000 _mathtext.py:1061(Hbox)
        1    0.000    0.000    0.000    0.000 _mathtext.py:1486(VCentered)
        1    0.000    0.000    0.000    0.000 ticker.py:1030(LogFormatterExponent)
        1    0.000    0.000    0.000    0.000 ipaddress.py:20(AddressValueError)
        1    0.000    0.000    0.000    0.000 {method '__exit__' of '_thread.lock' objects}
        1    0.000    0.000    0.000    0.000 treenode.py:22(NotFoundInTreeError)
        1    0.000    0.000    0.000    0.000 format.py:1475(_IntArrayFormatter)
        1    0.000    0.000    0.000    0.000 __init__.py:30(NullFrequencyError)
        1    0.000    0.000    0.000    0.000 patches.py:2429(RArrow)
        1    0.000    0.000    0.000    0.000 hatch.py:140(LargeCircles)
        3    0.000    0.000    0.000    0.000 core.py:2430(_generateDefaultName)
        1    0.000    0.000    0.000    0.000 shutil.py:67(Error)
        1    0.000    0.000    0.000    0.000 six.py:245(_MovedItems)
        1    0.000    0.000    0.000    0.000 ipaddress.py:24(NetmaskValueError)
        1    0.000    0.000    0.000    0.000 context.py:303(ForkContext)
        1    0.000    0.000    0.000    0.000 pytables.py:401(UnaryOp)
        1    0.000    0.000    0.000    0.000 _parser.py:1608(UnknownTimezoneWarning)
        1    0.000    0.000    0.000    0.000 error.py:17(VerificationError)
        1    0.000    0.000    0.000    0.000 pathlib.py:191(_WildcardSelector)
        1    0.000    0.000    0.000    0.000 tarfile.py:273(ExtractError)
        1    0.000    0.000    0.000    0.000 model.py:482(StructType)
        1    0.000    0.000    0.000    0.000 {built-in method sys.getdefaultencoding}
        1    0.000    0.000    0.000    0.000 errors.py:12(MessageParseError)
        1    0.000    0.000    0.000    0.000 ops.py:1179(FrameSplitter)
        1    0.000    0.000    0.000    0.000 legend_handler.py:503(HandlerPathCollection)
        1    0.000    0.000    0.000    0.000 __init__.py:257(c_wchar_p)
        1    0.000    0.000    0.000    0.000 __init__.py:178(c_ulong)
        1    0.000    0.000    0.000    0.000 dates.py:1658(MinuteLocator)
        1    0.000    0.000    0.000    0.000 legend_handler.py:513(HandlerCircleCollection)
        1    0.000    0.000    0.000    0.000 transforms.py:2607(BboxTransformToMaxOnly)
        1    0.000    0.000    0.000    0.000 rcsetup.py:874(_ignorecase)
        1    0.000    0.000    0.000    0.000 index_tricks.py:537(CClass)
        1    0.000    0.000    0.000    0.000 parse.py:355(ParseResultBytes)
        1    0.000    0.000    0.000    0.000 cftime_offsets.py:611(Hour)
        1    0.000    0.000    0.000    0.000 cftime_offsets.py:651(Microsecond)
        1    0.000    0.000    0.000    0.000 errors.py:53(MisplacedEnvelopeHeaderDefect)
        1    0.000    0.000    0.000    0.000 readers.py:1987(__enter__)
        1    0.000    0.000    0.000    0.000 legend_handler.py:238(HandlerLine2DCompound)
        1    0.000    0.000    0.000    0.000 hatch.py:67(SouthEastHatch)
        2    0.000    0.000    0.000    0.000 parse.py:108(_noop)
        1    0.000    0.000    0.000    0.000 cftime_offsets.py:631(Second)
        1    0.000    0.000    0.000    0.000 cftime_offsets.py:641(Millisecond)
        1    0.000    0.000    0.000    0.000 tarfile.py:279(CompressionError)
        1    0.000    0.000    0.000    0.000 exceptions.py:53(NonExistentTimeError)
        1    0.000    0.000    0.000    0.000 six.py:340(Module_six_moves_urllib_parse)
        1    0.000    0.000    0.000    0.000 __init__.py:11(DeprecatedTzFormatWarning)
        1    0.000    0.000    0.000    0.000 ticker.py:1093(LogFormatterSciNotation)
        1    0.000    0.000    0.000    0.000 _endian.py:34(_swapped_struct_meta)
        1    0.000    0.000    0.000    0.000 __init__.py:70(_128Bit)
        1    0.000    0.000    0.000    0.000 pytables.py:2670(GenericDataIndexableCol)
        1    0.000    0.000    0.000    0.000 tarfile.py:276(ReadError)
        1    0.000    0.000    0.000    0.000 exceptions.py:42(AmbiguousTimeError)
        1    0.000    0.000    0.000    0.000 extras.py:319(_fromnxfunction_allargs)
        1    0.000    0.000    0.000    0.000 pickle.py:77(PicklingError)
        1    0.000    0.000    0.000    0.000 common.py:71(NotSupportedError)
        1    0.000    0.000    0.000    0.000 extras.py:294(_fromnxfunction_args)
        1    0.000    0.000    0.000    0.000 _endian.py:35(_swapped_union_meta)
        1    0.000    0.000    0.000    0.000 errors.py:56(MissingHeaderBodySeparatorDefect)
        2    0.000    0.000    0.000    0.000 _functools.py:83(<lambda>)
        1    0.000    0.000    0.000    0.000 expr.py:319(add_ops)
        1    0.000    0.000    0.000    0.000 blocks.py:2605(ObjectBlock)
        1    0.000    0.000    0.000    0.000 function.py:64(__call__)
        1    0.000    0.000    0.000    0.000 parse.py:331(SplitResult)
        1    0.000    0.000    0.000    0.000 pathlib.py:811(PureWindowsPath)
        1    0.000    0.000    0.000    0.000 errors.py:90(HeaderMissingRequiredValue)
        1    0.000    0.000    0.000    0.000 common.py:192(<genexpr>)
        1    0.000    0.000    0.000    0.000 abc.py:58(TraversalError)
        1    0.000    0.000    0.000    0.000 exceptions.py:47(UnsatisfiableConstraint)
        1    0.000    0.000    0.000    0.000 exceptions.py:17(_ExceptionWordUnicodeSet)
        1    0.000    0.000    0.000    0.000 _iotools.py:421(ConverterError)
        1    0.000    0.000    0.000    0.000 {built-in method gc.enable}
        1    0.000    0.000    0.000    0.000 context.py:17(BufferTooShort)
        1    0.000    0.000    0.000    0.000 errors.py:41(NoBoundaryInMultipartDefect)
        1    0.000    0.000    0.000    0.000 __init__.py:398(epoch)
        1    0.000    0.000    0.000    0.000 streamplot.py:510(OutOfBounds)
        1    0.000    0.000    0.000    0.000 dataset_plot.py:695(wrapper)
        1    0.000    0.000    0.000    0.000 context.py:14(ProcessError)
        1    0.000    0.000    0.000    0.000 __init__.py:417(dev)
        1    0.000    0.000    0.000    0.000 patches.py:2642(Roundtooth)
        1    0.000    0.000    0.000    0.000 shutil.py:87(_GiveupOnFastCopy)
        1    0.000    0.000    0.000    0.000 {built-in method numpy.core._multiarray_umath._set_madvise_hugepage}
        1    0.000    0.000    0.000    0.000 parse.py:350(SplitResultBytes)
        1    0.000    0.000    0.000    0.000 tarfile.py:291(TruncatedHeaderError)
        1    0.000    0.000    0.000    0.000 rcsetup.py:350(validate_fontsize_None)
        1    0.000    0.000    0.000    0.000 core.py:156(MaskError)
        1    0.000    0.000    0.000    0.000 __init__.py:199(c_double)
        1    0.000    0.000    0.000    0.000 context.py:307(SpawnContext)
        1    0.000    0.000    0.000    0.000 tarfile.py:723(FilterError)
        1    0.000    0.000    0.000    0.000 __init__.py:662(PossibleDataLossError)
        1    0.000    0.000    0.000    0.000 streamplot.py:434(InvalidIndexError)
        1    0.000    0.000    0.000    0.000 patches.py:3443(CurveA)
        1    0.000    0.000    0.000    0.000 _mathtext.py:970(DejaVuSansFontConstants)
        1    0.000    0.000    0.000    0.000 error.py:28(PkgConfigError)
        1    0.000    0.000    0.000    0.000 _endian.py:55(BigEndianUnion)
        1    0.000    0.000    0.000    0.000 parse.py:336(ParseResult)
        1    0.000    0.000    0.000    0.000 accessors.py:541(PeriodProperties)
        1    0.000    0.000    0.000    0.000 __init__.py:455(ChainedAssignmentError)
        1    0.000    0.000    0.000    0.000 error.py:22(VerificationMissing)
        1    0.000    0.000    0.000    0.000 _iotools.py:437(ConversionWarning)
        1    0.000    0.000    0.000    0.000 __init__.py:170(c_ushort)
        1    0.000    0.000    0.000    0.000 __init__.py:174(c_long)
        1    0.000    0.000    0.000    0.000 parse.py:342(DefragResultBytes)
        1    0.000    0.000    0.000    0.000 lru_cache.py:92(maxsize)
        1    0.000    0.000    0.000    0.000 errors.py:16(HeaderParseError)
        1    0.000    0.000    0.000    0.000 __init__.py:754(InvalidColumnName)
        1    0.000    0.000    0.000    0.000 config_init.py:656(register_plotting_backend_cb)
        1    0.000    0.000    0.000    0.000 shutil.py:73(SpecialFileError)
        1    0.000    0.000    0.000    0.000 tarfile.py:285(HeaderError)
        1    0.000    0.000    0.000    0.000 tarfile.py:294(EOFHeaderError)
        1    0.000    0.000    0.000    0.000 six.py:382(Module_six_moves_urllib_error)
        1    0.000    0.000    0.000    0.000 six.py:454(Module_six_moves_urllib_response)
        1    0.000    0.000    0.000    0.000 __init__.py:247(c_void_p)
        1    0.000    0.000    0.000    0.000 arithmetic.py:128(DataArrayGroupbyArithmetic)
        1    0.000    0.000    0.000    0.000 tarfile.py:288(EmptyHeaderError)
        1    0.000    0.000    0.000    0.000 __init__.py:641(CSSWarning)
        1    0.000    0.000    0.000    0.000 Image.py:74(DecompressionBombError)
        1    0.000    0.000    0.000    0.000 arithmetic.py:117(DataArrayArithmetic)
        1    0.000    0.000    0.000    0.000 tarfile.py:282(StreamError)
        1    0.000    0.000    0.000    0.000 __init__.py:212(ParserWarning)
        1    0.000    0.000    0.000    0.000 backend_tools.py:627(ConfigureSubplotsBase)
        1    0.000    0.000    0.000    0.000 exceptions.py:273(ParseFatalException)
        1    0.000    0.000    0.000    0.000 __init__.py:224(c_ubyte)
        1    0.000    0.000    0.000    0.000 _mathtext.py:966(DejaVuSerifFontConstants)
        1    0.000    0.000    0.000    0.000 shutil.py:77(ExecError)
        1    0.000    0.000    0.000    0.000 __init__.py:191(c_uint)
        1    0.000    0.000    0.000    0.000 __init__.py:195(c_float)
        1    0.000    0.000    0.000    0.000 tarfile.py:300(SubsequentHeaderError)
        1    0.000    0.000    0.000    0.000 range.py:216(_validate_dtype)
        1    0.000    0.000    0.000    0.000 __init__.py:46(PerformanceWarning)
        1    0.000    0.000    0.000    0.000 backend_bases.py:1335(CloseEvent)
        1    0.000    0.000    0.000    0.000 __init__.py:187(c_int)
        1    0.000    0.000    0.000    0.000 exceptions.py:74(VisibleDeprecationWarning)
        1    0.000    0.000    0.000    0.000 __init__.py:203(c_longdouble)
        1    0.000    0.000    0.000    0.000 {built-in method numpy._using_numpy2_behavior}
        1    0.000    0.000    0.000    0.000 errors.py:61(MultipartInvariantViolationDefect)
        1    0.000    0.000    0.000    0.000 __init__.py:72(UnsupportedFunctionCall)
        1    0.000    0.000    0.000    0.000 pickle.py:84(UnpicklingError)
        1    0.000    0.000    0.000    0.000 tarfile.py:297(InvalidHeaderError)
        1    0.000    0.000    0.000    0.000 patches.py:3468(CurveFilledAB)
        1    0.000    0.000    0.000    0.000 errors.py:24(MultipartConversionError)
        1    0.000    0.000    0.000    0.000 errors.py:44(StartBoundaryNotFoundDefect)
        1    0.000    0.000    0.000    0.000 errors.py:104(ObsoleteHeaderDefect)
        1    0.000    0.000    0.000    0.000 series.py:660(_constructor)
        1    0.000    0.000    0.000    0.000 managers.py:913(__init__)
        1    0.000    0.000    0.000    0.000 patches.py:3448(CurveB)
        1    0.000    0.000    0.000    0.000 exceptions.py:280(ParseSyntaxException)
        1    0.000    0.000    0.000    0.000 model.py:486(UnionType)
        1    0.000    0.000    0.000    0.000 shutil.py:83(RegistryError)
        1    0.000    0.000    0.000    0.000 __init__.py:231(c_byte)
        1    0.000    0.000    0.000    0.000 __init__.py:262(c_wchar)
        1    0.000    0.000    0.000    0.000 __init__.py:73(_96Bit)
        1    0.000    0.000    0.000    0.000 __init__.py:88(_8Bit)
        1    0.000    0.000    0.000    0.000 streamplot.py:438(TerminateTrajectory)
        1    0.000    0.000    0.000    0.000 six.py:475(Module_six_moves_urllib_robotparser)
        1    0.000    0.000    0.000    0.000 patches.py:3453(CurveAB)
        1    0.000    0.000    0.000    0.000 errors.py:50(FirstHeaderLineIsContinuationDefect)
        1    0.000    0.000    0.000    0.000 nanops.py:57(set_use_bottleneck)
        1    0.000    0.000    0.000    0.000 missing.py:1073(clean_reindex_fill_method)
        1    0.000    0.000    0.000    0.000 __init__.py:403(release)
        1    0.000    0.000    0.000    0.000 patches.py:3463(CurveFilledB)
        1    0.000    0.000    0.000    0.000 _iotools.py:429(ConverterLockError)
        1    0.000    0.000    0.000    0.000 __init__.py:236(c_char)
        1    0.000    0.000    0.000    0.000 errors.py:70(InvalidBase64PaddingDefect)
        1    0.000    0.000    0.000    0.000 __init__.py:311(NumbaUtilError)
        1    0.000    0.000    0.000    0.000 __init__.py:367(DataError)
        1    0.000    0.000    0.000    0.000 six.py:402(Module_six_moves_urllib_request)
        1    0.000    0.000    0.000    0.000 shutil.py:80(ReadError)
        2    0.000    0.000    0.000    0.000 <frozen importlib._bootstrap_external>:1408(exec_module)
        1    0.000    0.000    0.000    0.000 errors.py:20(BoundaryError)
        1    0.000    0.000    0.000    0.000 errors.py:28(CharsetError)
        1    0.000    0.000    0.000    0.000 errors.py:47(CloseBoundaryNotFoundDefect)
        1    0.000    0.000    0.000    0.000 errors.py:87(InvalidHeaderDefect)
        1    0.000    0.000    0.000    0.000 __init__.py:328(DuplicateLabelError)
        1    0.000    0.000    0.000    0.000 __init__.py:598(IndexingError)
        1    0.000    0.000    0.000    0.000 __init__.py:674(ClosedFileError)
        1    0.000    0.000    0.000    0.000 __init__.py:79(_64Bit)
        1    0.000    0.000    0.000    0.000 contextlib.py:65(_recreate_cm)
        1    0.000    0.000    0.000    0.000 context.py:23(AuthenticationError)
        1    0.000    0.000    0.000    0.000 arithmetic.py:135(DatasetGroupbyArithmetic)
        1    0.000    0.000    0.000    0.000 arithmetic.py:142(CoarsenArithmetic)
        1    0.000    0.000    0.000    0.000 errors.py:64(InvalidMultipartContentTransferEncodingDefect)
        1    0.000    0.000    0.000    0.000 errors.py:67(UndecodableBytesDefect)
        1    0.000    0.000    0.000    0.000 errors.py:76(InvalidBase64LengthDefect)
        1    0.000    0.000    0.000    0.000 __init__.py:118(ParserError)
        1    0.000    0.000    0.000    0.000 __init__.py:411(SettingWithCopyError)
        1    0.000    0.000    0.000    0.000 __init__.py:727(PossiblePrecisionLoss)
        1    0.000    0.000    0.000    0.000 __init__.py:742(ValueLabelTypeMismatch)
        1    0.000    0.000    0.000    0.000 __init__.py:793(NoBufferPresent)
        1    0.000    0.000    0.000    0.000 __init__.py:799(InvalidComparison)
        1    0.000    0.000    0.000    0.000 patches.py:3458(CurveFilledA)
        1    0.000    0.000    0.000    0.000 __init__.py:252(c_bool)
        1    0.000    0.000    0.000    0.000 __init__.py:82(_32Bit)
        1    0.000    0.000    0.000    0.000 errors.py:107(NonASCIILocalPartDefect)
        1    0.000    0.000    0.000    0.000 errors.py:112(InvalidDateDefect)
        1    0.000    0.000    0.000    0.000 readers.py:559(_validate_names)
        1    0.000    0.000    0.000    0.000 __init__.py:85(_16Bit)
        1    0.000    0.000    0.000    0.000 context.py:20(TimeoutError)
        1    0.000    0.000    0.000    0.000 errors.py:73(InvalidBase64CharactersDefect)
        1    0.000    0.000    0.000    0.000 __init__.py:91(UnsortedIndexError)
        1    0.000    0.000    0.000    0.000 __init__.py:383(SpecificationError)
        1    0.000    0.000    0.000    0.000 __init__.py:553(NumExprClobberingError)
        1    0.000    0.000    0.000    0.000 __init__.py:769(CategoricalConversionWarning)
        1    0.000    0.000    0.000    0.000 __init__.py:433(SettingWithCopyWarning)
        1    0.000    0.000    0.000    0.000 __init__.py:687(IncompatibilityWarning)
        1    0.000    0.000    0.000    0.000 __init__.py:714(DatabaseError)
        1    0.000    0.000    0.000    0.000 __init__.py:783(LossySetitemError)
        1    0.000    0.000    0.000    0.000 managers.py:1828(ndim)
        1    0.000    0.000    0.000    0.000 __init__.py:347(InvalidIndexError)
        1    0.000    0.000    0.000    0.000 __init__.py:619(PyperclipException)
        1    0.000    0.000    0.000    0.000 __init__.py:693(AttributeConflictWarning)
        1    0.000    0.000    0.000    0.000 random.py:903(seed)
        1    0.000    0.000    0.000    0.000 __init__.py:76(_80Bit)
        1    0.000    0.000    0.000    0.000 __init__.py:143(DtypeWarning)
        1    0.000    0.000    0.000    0.000 __init__.py:198(EmptyDataError)
        1    0.000    0.000    0.000    0.000 __init__.py:253(MergeError)
        1    0.000    0.000    0.000    0.000 tz.py:1818(_get_supported_offset)
        1    0.000    0.000    0.000    0.000 copy.py:102(_copy_immutable)
        1    0.000    0.000    0.000    0.000 six.py:239(exec_module)


