Setting constant concentration for Diatoms @ 20
Setting constant concentration for HAB @ 20
No initial condition for this pressure gradient --> using default!
Using initial condition from initial_condition/initial_condition-pressure=2.00e-07.csv
         150886595 function calls (150792609 primitive calls) in 181.412 seconds

   Ordered by: cumulative time

   ncalls  tottime  percall  cumtime  percall filename:lineno(function)
   1170/1    0.008    0.000  181.415  181.415 {built-in method builtins.exec}
        1    1.262    1.262  181.415  181.415 watercolumn-sw_2species.py:1(<module>)
   259199   41.432    0.000  163.285    0.001 watercolumn-sw_2species.py:285(wc_advance)
   259199   22.180    0.000   84.199    0.000 phytoplankton.py:122(calc_self_shading)
 20735922   13.184    0.000   60.132    0.000 fromnumeric.py:2177(sum)
 20735922   16.853    0.000   44.728    0.000 fromnumeric.py:71(_wrapreduction)
      151    0.003    0.000   36.142    0.239 __init__.py:1(<module>)
 20735923   25.357    0.000   25.357    0.000 {method 'reduce' of 'numpy.ufunc' objects}
  1326/82    0.007    0.000   19.540    0.238 <frozen importlib._bootstrap>:1349(_find_and_load)
  1288/51    0.005    0.000   19.539    0.383 <frozen importlib._bootstrap>:1304(_find_and_load_unlocked)
  3062/70    0.029    0.000   19.244    0.275 <frozen importlib._bootstrap>:480(_call_with_frames_removed)
  1242/51    0.004    0.000   19.128    0.375 <frozen importlib._bootstrap>:911(_load_unlocked)
  1100/50    0.003    0.000   19.123    0.382 <frozen importlib._bootstrap_external>:989(exec_module)
  742/111    0.001    0.000   14.748    0.133 {built-in method builtins.__import__}
8364/7081    0.007    0.000   13.363    0.002 <frozen importlib._bootstrap>:1390(_handle_fromlist)
     1100    0.009    0.000    9.955    0.009 <frozen importlib._bootstrap_external>:1062(get_code)
   518398    8.707    0.000    9.665    0.000 watercolumn_lib.py:336(advance_algae)
        1    0.000    0.000    9.125    9.125 watercolumn_lib.py:1(<module>)
     1101    0.004    0.000    8.980    0.008 <frozen importlib._bootstrap_external>:1183(get_data)
     4874    6.062    0.001    6.062    0.001 {built-in method posix.stat}
     4831    0.002    0.000    6.038    0.001 <frozen importlib._bootstrap_external>:140(_path_stat)
     1281    0.009    0.000    5.558    0.004 <frozen importlib._bootstrap>:1240(_find_spec)
     1276    0.001    0.000    5.540    0.004 <frozen importlib._bootstrap_external>:1520(find_spec)
     1276    0.003    0.000    5.539    0.004 <frozen importlib._bootstrap_external>:1491(_get_spec)
     1735    0.014    0.000    5.362    0.003 <frozen importlib._bootstrap_external>:1593(find_spec)
   259199    4.542    0.000    5.056    0.000 watercolumn_lib.py:378(advance_velocity)
     1101    4.836    0.004    4.836    0.004 {built-in method _io.open_code}
        1    0.000    0.000    4.386    4.386 dispatcher.py:388(_compile_for_args)
     1852    0.002    0.000    3.944    0.002 <frozen importlib._bootstrap_external>:150(_path_is_mode_type)
     1705    0.001    0.000    3.878    0.002 <frozen importlib._bootstrap_external>:159(_path_isfile)
       10    0.000    0.000    3.857    0.386 api.py:1(<module>)
  2332791    1.483    0.000    3.741    0.000 watercolumn_lib.py:80(initialize_abcd)
     15/1    0.000    0.000    3.233    3.233 dispatcher.py:907(compile)
      5/1    0.000    0.000    3.232    3.232 dispatcher.py:124(compile)
      5/1    0.000    0.000    3.232    3.232 dispatcher.py:131(_compile_cached)
      5/1    0.000    0.000    3.232    3.232 dispatcher.py:146(_compile_core)
      5/1    0.000    0.000    3.232    3.232 compiler.py:725(compile_extra)
     1106    3.207    0.003    3.207    0.003 {method 'read' of '_io.BufferedReader' objects}
   259200    2.922    0.000    2.922    0.000 watercolumn-sw_2species.py:175(calculate_sm)
        6    0.000    0.000    2.752    0.459 compiler.py:397(__init__)
        1    0.000    0.000    2.717    2.717 pyplot.py:1(<module>)
   518398    0.852    0.000    2.659    0.000 phytoplankton.py:87(get_loss_and_growth)
1242/1235    0.002    0.000    2.544    0.002 <frozen importlib._bootstrap>:806(module_from_spec)
 20739505    2.519    0.000    2.519    0.000 {method 'items' of 'dict' objects}
  133/131    0.000    0.000    2.518    0.019 <frozen importlib._bootstrap_external>:1287(create_module)
  133/131    2.451    0.018    2.517    0.019 {built-in method _imp.create_dynamic}
 10108778    2.496    0.000    2.496    0.000 {built-in method numpy.zeros}
   261000    2.475    0.000    2.475    0.000 {built-in method builtins.sum}
   286/40    0.000    0.000    2.471    0.062 base.py:261(refresh)
      286    0.003    0.000    2.439    0.009 cpu.py:60(load_additional_registries)
20986488/20986487    2.250    0.000    2.260    0.000 {built-in method builtins.isinstance}
   259199    1.893    0.000    2.208    0.000 watercolumn-sw_2species.py:184(calculate_brunt_vaisala)
   518398    1.807    0.000    1.807    0.000 phytoplankton.py:66(monod_growth_rate)
 20735922    1.803    0.000    1.803    0.000 fromnumeric.py:2172(_sum_dispatcher)
        1    0.000    0.000    1.635    1.635 arraymath.py:1(<module>)
        1    0.000    0.000    1.628    1.628 arraymath.py:32(_check_blas)
        1    0.000    0.000    1.628    1.628 linalg.py:55(ensure_blas)
        3    0.000    0.000    1.504    0.501 generic.py:1(<module>)
   259199    0.605    0.000    1.473    0.000 watercolumn_lib.py:67(diurnal_light)
   777598    1.468    0.000    1.468    0.000 _methods.py:90(_clip)
        1    0.000    0.000    1.454    1.454 pyarrow.py:1(<module>)
   518399    0.318    0.000    1.302    0.000 {method 'clip' of 'numpy.ndarray' objects}
   259200    1.272    0.000    1.272    0.000 watercolumn-sw_2species.py:181(calculate_sh)
   259200    0.279    0.000    1.241    0.000 fromnumeric.py:2100(clip)
        1    0.000    0.000    1.234    1.234 figure.py:1(<module>)
      257    1.225    0.005    1.230    0.005 {built-in method _io.open}
        1    0.000    0.000    1.183    1.183 watercolumn_run_lib.py:1(<module>)
        3    0.000    0.000    1.157    0.386 decorators.py:1(<module>)
      287    0.000    0.000    1.154    0.004 entrypoints.py:23(init_all)
        1    0.000    0.000    1.153    1.153 dispatcher.py:281(_compilation_chain_init_hook)
        1    0.000    0.000    1.153    1.153 __init__.py:901(entry_points)
      216    0.000    0.000    1.153    0.005 __init__.py:910(<genexpr>)
      217    0.001    0.000    1.148    0.005 __init__.py:811(read_text)
      217    0.000    0.000    1.146    0.005 pathlib.py:1022(read_text)
      215    0.000    0.000    1.129    0.005 __init__.py:469(entry_points)
        1    0.000    0.000    1.124    1.124 colorbar.py:1(<module>)
        1    0.000    0.000    1.065    1.065 stencil.py:1(<module>)
      217    0.000    0.000    1.056    0.005 pathlib.py:1005(open)
        1    0.000    0.000    1.004    1.004 contour.py:1(<module>)
  3110390    1.001    0.000    1.001    0.000 {built-in method builtins.abs}
        1    0.000    0.000    0.985    0.985 backend_bases.py:1(<module>)
     1204    0.973    0.001    0.973    0.001 {method '__exit__' of '_io._IOBase' objects}
        1    0.000    0.000    0.970    0.970 _sketches.py:1(<module>)
   259200    0.174    0.000    0.962    0.000 fromnumeric.py:53(_wrapfunc)
        2    0.000    0.000    0.892    0.446 array.py:1(<module>)
        1    0.000    0.000    0.869    0.869 rcsetup.py:1(<module>)
   259199    0.384    0.000    0.868    0.000 {method 'clip' of 'numpy.generic' objects}
        3    0.000    0.000    0.822    0.274 registry.py:1(<module>)
        2    0.000    0.000    0.804    0.402 __config__.py:1(<module>)
        1    0.000    0.000    0.804    0.804 dispatcher.py:1(<module>)
     1100    0.001    0.000    0.787    0.001 <frozen importlib._bootstrap_external>:1202(path_stats)
        1    0.000    0.000    0.784    0.784 assertions.py:1(<module>)
        1    0.000    0.000    0.764    0.764 compiler.py:1(<module>)
        1    0.000    0.000    0.752    0.752 frame.py:1(<module>)
        2    0.000    0.000    0.749    0.375 config.py:1(<module>)
   133/95    0.000    0.000    0.697    0.007 <frozen importlib._bootstrap_external>:1295(exec_module)
   133/95    0.069    0.001    0.697    0.007 {built-in method _imp.exec_dynamic}
        1    0.000    0.000    0.649    0.649 colors.py:1(<module>)
        1    0.000    0.000    0.598    0.598 _laplacian.py:1(<module>)
        1    0.000    0.000    0.597    0.597 _axes.py:1(<module>)
  443/274    0.001    0.000    0.530    0.002 compiler_lock.py:32(_acquire_compile_lock)
      6/1    0.000    0.000    0.494    0.494 compiler.py:439(compile_extra)
      6/1    0.000    0.000    0.493    0.493 compiler.py:508(_compile_bytecode)
      6/1    0.000    0.000    0.493    0.493 compiler.py:462(_compile_core)
      6/1    0.000    0.000    0.493    0.493 compiler_machinery.py:342(run)
   156/26    0.003    0.000    0.492    0.019 compiler_machinery.py:268(_runPass)
3780/3663    0.034    0.000    0.491    0.000 {built-in method builtins.__build_class__}
   468/78    0.001    0.000    0.481    0.006 compiler_machinery.py:272(check)
  1295995    0.460    0.000    0.460    0.000 serialize.py:30(_numba_unpickle)
        1    0.000    0.000    0.444    0.444 cpu.py:1(<module>)
    50/48    0.000    0.000    0.413    0.009 __init__.py:73(import_module)
    50/48    0.000    0.000    0.412    0.009 <frozen importlib._bootstrap>:1375(_gcd_import)
        1    0.000    0.000    0.406    0.406 text.py:1(<module>)
        1    0.000    0.000    0.391    0.391 Image.py:1(<module>)
        4    0.001    0.000    0.333    0.083 core.py:1(<module>)
   292/46    0.000    0.000    0.329    0.007 context.py:153(refresh)
        1    0.000    0.000    0.326    0.326 dylib.py:1(<module>)
37412/37177    0.008    0.000    0.325    0.000 {built-in method builtins.hasattr}
        2    0.000    0.000    0.320    0.160 category.py:1(<module>)
       13    0.000    0.000    0.317    0.024 common.py:1(<module>)
      6/4    0.000    0.000    0.309    0.077 typed_passes.py:437(run_pass)
     3280    0.001    0.000    0.304    0.000 ffi.py:134(__getattr__)
      250    0.000    0.000    0.302    0.001 ffi.py:127(_lib)
        1    0.000    0.000    0.302    0.302 ffi.py:112(_load_lib)
        1    0.000    0.000    0.300    0.300 shutil.py:1(<module>)
        1    0.000    0.000    0.281    0.281 backend_tools.py:1(<module>)
        1    0.000    0.000    0.276    0.276 _parser.py:1(<module>)
        2    0.000    0.000    0.269    0.135 __init__.py:343(__init__)
        2    0.269    0.135    0.269    0.135 {built-in method _ctypes.dlopen}
       10    0.000    0.000    0.267    0.027 base.py:1(<module>)
      6/1    0.000    0.000    0.267    0.267 typed_passes.py:105(run_pass)
      6/1    0.000    0.000    0.266    0.266 typed_passes.py:68(type_inference_stage)
      6/1    0.000    0.000    0.264    0.264 typeinfer.py:1072(propagate)
     12/2    0.000    0.000    0.264    0.132 typeinfer.py:147(propagate)
  125/111    0.002    0.000    0.262    0.002 functions.py:281(get_call_type)
        1    0.000    0.000    0.262    0.262 textpath.py:1(<module>)
    88/76    0.001    0.000    0.256    0.003 typeinfer.py:585(resolve)
      154    0.256    0.002    0.256    0.002 {built-in method posix.listdir}
        2    0.000    0.000    0.256    0.128 __init__.py:12(__getattr__)
    94/82    0.000    0.000    0.254    0.003 context.py:189(resolve_function_type)
    88/76    0.000    0.000    0.254    0.003 typeinfer.py:1539(resolve_call)
    94/82    0.000    0.000    0.254    0.003 context.py:233(_resolve_user_function_type)
        1    0.000    0.000    0.250    0.250 tutorial.py:1(<module>)
  496/478    0.001    0.000    0.249    0.001 templates.py:349(apply)
        1    0.000    0.000    0.248    0.248 index_tricks.py:1(<module>)
        4    0.000    0.000    0.248    0.062 accessor.py:1(<module>)
      143    0.001    0.000    0.243    0.002 <frozen importlib._bootstrap_external>:1644(_fill_cache)
        3    0.000    0.000    0.243    0.081 _base.py:1(<module>)
      292    0.001    0.000    0.242    0.001 context.py:700(load_additional_registries)
     18/6    0.000    0.000    0.238    0.040 typeinfer.py:575(__call__)
     10/2    0.000    0.000    0.237    0.119 templates.py:607(generic)
     10/2    0.000    0.000    0.237    0.118 templates.py:698(_get_impl)
      4/1    0.000    0.000    0.237    0.237 templates.py:749(_build_impl)
     14/3    0.000    0.000    0.237    0.079 functions.py:534(get_call_type)
     14/3    0.000    0.000    0.237    0.079 dispatcher.py:348(get_call_template)
       30    0.052    0.002    0.236    0.008 __init__.py:847(_rc_params_in_file)
        2    0.000    0.000    0.234    0.117 builtins.py:1(<module>)
        1    0.000    0.000    0.228    0.228 ir_utils.py:1(<module>)
      105    0.003    0.000    0.226    0.002 artist.py:159(_update_set_signature_and_docstring)
        1    0.000    0.000    0.225    0.225 entrypoints.py:1(<module>)
        1    0.000    0.000    0.224    0.224 coordinates.py:1(<module>)
      104    0.000    0.000    0.222    0.002 artist.py:126(__init_subclass__)
        3    0.000    0.000    0.221    0.074 indexing.py:1(<module>)
        1    0.000    0.000    0.218    0.218 linsolve.py:1(<module>)
26172/25793    0.006    0.000    0.217    0.000 {built-in method builtins.next}
        2    0.000    0.000    0.213    0.107 core.py:206(read_style_directory)
        1    0.000    0.000    0.213    0.213 multiarray.py:1(<module>)
        1    0.000    0.000    0.205    0.205 overrides.py:1(<module>)
        2    0.000    0.000    0.204    0.102 accessors.py:1(<module>)
        1    0.000    0.000    0.203    0.203 _basic.py:1(<module>)
        1    0.000    0.000    0.203    0.203 alignment.py:1(<module>)
        1    0.000    0.000    0.199    0.199 dataarray.py:1(<module>)
        1    0.000    0.000    0.199    0.199 _pickle.py:1(<module>)
        1    0.000    0.000    0.197    0.197 defmatrix.py:1(<module>)
        1    0.000    0.000    0.190    0.190 special.py:1(<module>)
        1    0.000    0.000    0.188    0.188 compute.py:1(<module>)
      6/4    0.000    0.000    0.187    0.047 lowering.py:182(lower)
        1    0.000    0.000    0.186    0.186 variable.py:1(<module>)
        3    0.000    0.000    0.182    0.061 linalg.py:1(<module>)
        5    0.000    0.000    0.177    0.035 context.py:1(<module>)
      117    0.000    0.000    0.175    0.001 artist.py:1837(kwdoc)
     1879    0.001    0.000    0.174    0.000 <frozen importlib._bootstrap_external>:1469(_path_importer_cache)
      143    0.001    0.000    0.173    0.001 <frozen importlib._bootstrap_external>:1456(_path_hooks)
        1    0.000    0.000    0.172    0.172 _decomp.py:1(<module>)
        1    0.000    0.000    0.170    0.170 _fontconfig_pattern.py:1(<module>)
        1    0.000    0.000    0.168    0.168 algorithms.py:1(<module>)
        1    0.000    0.000    0.165    0.165 duck_array_ops.py:1(<module>)
       60    0.000    0.000    0.165    0.003 __init__.py:829(_open_file_or_url)
        1    0.000    0.000    0.162    0.162 codegen.py:1(<module>)
1655/1466    0.001    0.000    0.160    0.000 contextlib.py:132(__enter__)
      6/4    0.000    0.000    0.158    0.039 lowering.py:218(lower_normal_function)
        1    0.000    0.000    0.157    0.157 numerictypes.py:1(<module>)
        1    0.000    0.000    0.157    0.157 callconv.py:1(<module>)
      6/4    0.000    0.000    0.155    0.039 lowering.py:235(lower_function_body)
    12/10    0.001    0.000    0.155    0.015 lowering.py:260(lower_block)
        2    0.000    0.000    0.153    0.077 extending.py:1(<module>)
  218/194    0.001    0.000    0.153    0.001 lowering.py:442(lower_inst)
      117    0.004    0.000    0.148    0.001 artist.py:1598(pprint_setters)
     2929    0.113    0.000    0.147    0.000 ffi.py:190(__call__)
   102/90    0.000    0.000    0.138    0.002 lowering.py:650(lower_assign)
        1    0.000    0.000    0.136    0.136 _type_aliases.py:1(<module>)
     1099    0.020    0.000    0.135    0.000 <frozen importlib._bootstrap_external>:751(_compile_bytecode)
        4    0.000    0.000    0.134    0.034 _util.py:1(<module>)
       10    0.000    0.000    0.129    0.013 utils.py:1(<module>)
        2    0.000    0.000    0.128    0.064 _adapters.py:1(<module>)
    58/53    0.000    0.000    0.127    0.002 lowering.py:1170(lower_expr)
        1    0.000    0.000    0.126    0.126 dask_array_ops.py:1(<module>)
        3    0.000    0.000    0.126    0.042 dtypes.py:1(<module>)
        1    0.000    0.000    0.124    0.124 _array_api.py:1(<module>)
        3    0.000    0.000    0.124    0.041 datetimes.py:1(<module>)
        1    0.000    0.000    0.121    0.121 cffi_utils.py:1(<module>)
        1    0.000    0.000    0.121    0.121 api.py:41(__init__)
        1    0.000    0.000    0.121    0.121 containers.py:1(<module>)
     4252    0.009    0.000    0.121    0.000 artist.py:1470(get_valid_values)
        1    0.000    0.000    0.118    0.118 secrets.py:1(<module>)
        1    0.000    0.000    0.118    0.118 pythonapi.py:1(<module>)
        1    0.000    0.000    0.117    0.117 scale.py:1(<module>)
        1    0.000    0.000    0.117    0.117 __init__.py:240(_check_versions)
        1    0.000    0.000    0.116    0.116 describe.py:1(<module>)
     1099    0.112    0.000    0.112    0.000 {built-in method marshal.loads}
   518399    0.110    0.000    0.110    0.000 {built-in method math.sqrt}
        1    0.000    0.000    0.107    0.107 py3k.py:1(<module>)
    50/46    0.000    0.000    0.107    0.002 base.py:1189(__call__)
    50/46    0.000    0.000    0.107    0.002 base.py:1218(wrapper)
      143    0.001    0.000    0.104    0.001 <frozen zipimport>:64(__init__)
        1    0.000    0.000    0.104    0.104 axis.py:1(<module>)
        1    0.000    0.000    0.103    0.103 cparser.py:1(<module>)
        1    0.000    0.000    0.099    0.099 charseq.py:1(<module>)
395510/395458    0.089    0.000    0.096    0.000 {built-in method builtins.getattr}
   292/46    0.001    0.000    0.096    0.002 context.py:415(_load_builtins)
        7    0.000    0.000    0.096    0.014 codegen.py:739(finalize)
        1    0.000    0.000    0.096    0.096 message.py:1(<module>)
        1    0.000    0.000    0.095    0.095 _json.py:1(<module>)
        2    0.000    0.000    0.092    0.046 collections.py:1(<module>)
        1    0.000    0.000    0.090    0.090 ewm.py:1(<module>)
        1    0.000    0.000    0.089    0.089 string_.py:1(<module>)
        2    0.001    0.000    0.089    0.044 unicode.py:1(<module>)
     7303    0.049    0.000    0.088    0.000 inspect.py:875(cleandoc)
      9/7    0.000    0.000    0.087    0.012 lowering.py:900(lower_call)
        4    0.000    0.000    0.087    0.022 functions.py:389(get_call_type)
        1    0.000    0.000    0.087    0.087 ticker.py:1(<module>)
        4    0.000    0.000    0.087    0.022 templates.py:1136(generic)
        6    0.000    0.000    0.087    0.014 templates.py:1076(_get_signature)
      9/7    0.000    0.000    0.087    0.012 lowering.py:1142(_lower_call_normal)
        1    0.000    0.000    0.087    0.087 npytypes.py:1(<module>)
        1    0.000    0.000    0.087    0.087 __init__.py:13(_ensure_critical_deps)
        2    0.000    0.000    0.086    0.043 format.py:1(<module>)
        3    0.000    0.000    0.085    0.028 readers.py:1(<module>)
     7315    0.005    0.000    0.083    0.000 inspect.py:856(getdoc)
        1    0.000    0.000    0.083    0.083 axes3d.py:1(<module>)
        1    0.000    0.000    0.083    0.083 series.py:1(<module>)
        3    0.000    0.000    0.081    0.027 numeric.py:1(<module>)
        1    0.000    0.000    0.081    0.081 units.py:1(<module>)
    30/19    0.000    0.000    0.081    0.004 codegen.py:565(_ensure_finalized)
        1    0.000    0.000    0.081    0.081 arrayobj.py:4356(codegen)
        1    0.000    0.000    0.079    0.079 arrayobj.py:4164(_empty_nd_impl)
        1    0.000    0.000    0.079    0.079 array_ops.py:1(<module>)
        1    0.000    0.000    0.079    0.079 masked.py:1(<module>)
        1    0.000    0.000    0.077    0.077 base.py:876(compile_internal)
        5    0.000    0.000    0.077    0.015 cpu.py:225(get_executable)
        1    0.000    0.000    0.076    0.076 base.py:847(compile_subroutine)
        1    0.000    0.000    0.076    0.076 base.py:809(_compile_subroutine_no_cache)
        5    0.000    0.000    0.076    0.015 codegen.py:975(get_pointer_to_function)
        1    0.000    0.000    0.076    0.076 datatree.py:1(<module>)
        1    0.000    0.000    0.074    0.074 dataset.py:1(<module>)
       53    0.072    0.001    0.072    0.001 {method 'read' of '_io.TextIOWrapper' objects}
        1    0.000    0.000    0.072    0.072 file_manager.py:1(<module>)
        1    0.000    0.000    0.071    0.071 compiler.py:818(compile_internal)
        1    0.000    0.000    0.071    0.071 lowering.py:1(<module>)
     9418    0.007    0.000    0.070    0.000 __init__.py:280(_compile)
        1    0.000    0.000    0.070    0.070 PngImagePlugin.py:1(<module>)
        1    0.000    0.000    0.070    0.070 c_parser.py:1(<module>)
        1    0.000    0.000    0.069    0.069 typeof.py:1(<module>)
      143    0.000    0.000    0.068    0.000 <frozen importlib._bootstrap_external>:1685(path_hook_for_FileFinder)
      147    0.000    0.000    0.068    0.000 <frozen importlib._bootstrap_external>:164(_path_isdir)
        1    0.000    0.000    0.067    0.067 parfor_lowering.py:1(<module>)
        5    0.000    0.000    0.067    0.013 transforms.py:1(<module>)
        2    0.000    0.000    0.067    0.034 hashing.py:1(<module>)
        1    0.000    0.000    0.067    0.067 decimal.py:1(<module>)
        2    0.000    0.000    0.067    0.033 categorical.py:1(<module>)
        1    0.000    0.000    0.065    0.065 font_manager.py:1(<module>)
        2    0.000    0.000    0.064    0.032 _matfuncs.py:1(<module>)
        2    0.000    0.000    0.064    0.032 testing.py:1(<module>)
       12    0.000    0.000    0.063    0.005 codegen.py:723(add_ir_module)
        2    0.000    0.000    0.062    0.031 _misc.py:1(<module>)
        1    0.000    0.000    0.062    0.062 interpreter.py:1(<module>)
    25/23    0.000    0.000    0.061    0.003 __init__.py:10(__getattr__)
        7    0.000    0.000    0.061    0.009 codegen.py:781(_finalize_final_module)
        2    0.000    0.000    0.060    0.030 errors.py:1(<module>)
      223    0.000    0.000    0.060    0.000 artist.py:1422(__init__)
        1    0.000    0.000    0.060    0.060 numpy_support.py:1(<module>)
        1    0.000    0.000    0.059    0.059 eval.py:1(<module>)
      223    0.019    0.000    0.059    0.000 artist.py:1442(get_aliases)
        2    0.000    0.000    0.059    0.029 __init__.py:882(version)
      294    0.001    0.000    0.058    0.000 _compiler.py:740(compile)
 2628/414    0.005    0.000    0.057    0.000 context.py:428(install_registry)
        1    0.000    0.000    0.057    0.057 nputils.py:1(<module>)
        1    0.000    0.000    0.056    0.056 locks.py:1(<module>)
        1    0.000    0.000    0.056    0.056 calendar_ops.py:1(<module>)
        1    0.000    0.000    0.056    0.056 pathlib.py:1(<module>)
      169    0.001    0.000    0.055    0.000 pprint.py:57(pformat)
        1    0.000    0.000    0.054    0.054 loader.py:1(<module>)
      169    0.000    0.000    0.054    0.000 pprint.py:159(pformat)
 4108/169    0.004    0.000    0.054    0.000 pprint.py:171(_format)
        1    0.000    0.000    0.052    0.052 _base.py:1435(ExcelFile)
        4    0.000    0.000    0.052    0.013 utils.py:38(module_available)
        1    0.000    0.000    0.052    0.052 cgutils.py:1(<module>)
        1    0.000    0.000    0.052    0.052 hmac.py:1(<module>)
        2    0.000    0.000    0.051    0.025 shape_base.py:1(<module>)
        1    0.000    0.000    0.050    0.050 numpy_.py:1(<module>)
      246    0.000    0.000    0.049    0.000 templates.py:1047(__init__)
        2    0.000    0.000    0.049    0.024 _internal.py:1(<module>)
        1    0.000    0.000    0.049    0.049 _csr.py:1(<module>)
      239    0.001    0.000    0.048    0.000 templates.py:1093(_init_once)
        7    0.000    0.000    0.048    0.007 codegen.py:996(_finalize_specific)
      252    0.001    0.000    0.048    0.000 templates.py:900(_get_target_registry)
        4    0.000    0.000    0.047    0.012 ops.py:1(<module>)
        2    0.000    0.000    0.047    0.023 module.py:1(<module>)
        2    0.000    0.000    0.047    0.023 pickle.py:1(<module>)
  421/266    0.000    0.000    0.047    0.000 functools.py:979(__get__)
        1    0.000    0.000    0.046    0.046 cftime_offsets.py:1(<module>)
        1    0.000    0.000    0.045    0.045 generator_methods.py:1(<module>)
        1    0.000    0.000    0.044    0.044 randomimpl.py:1(<module>)
        1    0.000    0.000    0.044    0.044 debuginfo.py:1(<module>)
        1    0.000    0.000    0.044    0.044 formatting.py:1(<module>)
        1    0.001    0.001    0.043    0.043 compute.py:306(_make_global_functions)
        2    0.000    0.000    0.043    0.022 datetimelike.py:1(<module>)
      261    0.001    0.000    0.043    0.000 compute.py:290(_wrap_function)
     1116    0.001    0.000    0.042    0.000 inspect.py:3308(signature)
        1    0.000    0.000    0.042    0.042 patches.py:1(<module>)
        1    0.000    0.000    0.042    0.042 subprocess.py:1(<module>)
        1    0.000    0.000    0.042    0.042 tz.py:1(<module>)
       14    0.000    0.000    0.042    0.003 codegen.py:1058(wrapper)
     1116    0.001    0.000    0.042    0.000 inspect.py:3050(from_callable)
        7    0.000    0.000    0.042    0.006 executionengine.py:94(finalize_object)
      366    0.000    0.000    0.041    0.000 __init__.py:226(compile)
1451/1117    0.006    0.000    0.041    0.000 inspect.py:2470(_signature_from_callable)
        1    0.000    0.000    0.040    0.040 rules.py:1(<module>)
        2    0.000    0.000    0.040    0.020 _constants.py:1(<module>)
        2    0.000    0.000    0.039    0.019 __init__.py:464(version)
        2    0.000    0.000    0.039    0.019 __init__.py:436(metadata)
        1    0.000    0.000    0.039    0.039 parfor.py:1(<module>)
      223    0.012    0.000    0.039    0.000 artist.py:1517(get_setters)
        2    0.000    0.000    0.039    0.019 ElementTree.py:1(<module>)
        1    0.000    0.000    0.038    0.038 initialise.py:1(<module>)
        2    0.000    0.000    0.038    0.019 dates.py:1(<module>)
        1    0.000    0.000    0.037    0.037 _svds.py:1(<module>)
        1    0.000    0.000    0.037    0.037 bz2.py:1(<module>)
        2    0.000    0.000    0.036    0.018 misc.py:1(<module>)
   259200    0.036    0.000    0.036    0.000 fromnumeric.py:2096(_clip_dispatcher)
     1496    0.005    0.000    0.035    0.000 textwrap.py:419(dedent)
     7806    0.004    0.000    0.035    0.000 pprint.py:457(_repr)
        1    0.000    0.000    0.034    0.034 apply.py:1(<module>)
        1    0.000    0.000    0.034    0.034 cast.py:1(<module>)
      163    0.000    0.000    0.034    0.000 pprint.py:209(_pprint_dict)
     5776    0.003    0.000    0.034    0.000 __init__.py:174(search)
1101/1098    0.001    0.000    0.034    0.000 <frozen importlib._bootstrap_external>:643(_check_name_wrapper)
        1    0.000    0.000    0.034    0.034 ImagePalette.py:1(<module>)
        1    0.000    0.000    0.034    0.034 charset.py:1(<module>)
      294    0.001    0.000    0.033    0.000 _parser.py:969(parse)
        9    0.000    0.000    0.033    0.004 _base.py:729(__init_subclass__)
        7    0.001    0.000    0.033    0.005 config.py:151(update)
        1    0.000    0.000    0.032    0.032 ffi.py:195(_importlib_resources_path_repl)
11525/10888    0.025    0.000    0.032    0.000 {built-in method __new__ of type object at 0x5571d54ad660}
        1    0.000    0.000    0.032    0.032 _common.py:33(wrapper)
        1    0.000    0.000    0.032    0.032 _common.py:51(files)
        1    0.000    0.000    0.032    0.032 _common.py:107(from_package)
        1    0.000    0.000    0.032    0.032 _adapters.py:28(get_resource_reader)
        1    0.000    0.000    0.032    0.032 _adapters.py:149(_native)
        1    0.000    0.000    0.032    0.032 _adapters.py:144(_reader)
        1    0.000    0.000    0.032    0.032 <frozen importlib._bootstrap_external>:1192(get_resource_reader)
        2    0.000    0.000    0.032    0.016 parallel.py:1(<module>)
  710/294    0.002    0.000    0.032    0.000 _parser.py:452(_parse_sub)
        1    0.000    0.000    0.032    0.032 arpack.py:1(<module>)
        1    0.000    0.000    0.031    0.031 engines.py:1(<module>)
        1    0.000    0.000    0.031    0.031 random.py:1(<module>)
        1    0.000    0.000    0.031    0.031 npyio.py:1(<module>)
  845/306    0.012    0.000    0.031    0.000 _parser.py:512(_parse)
       27    0.000    0.000    0.030    0.001 module.py:233(__repr__)
     1081    0.002    0.000    0.030    0.000 extending.py:129(decorate)
     2274    0.004    0.000    0.030    0.000 <frozen abc>:105(__new__)
       27    0.000    0.000    0.030    0.001 module.py:207(_get_body_lines)
     2517    0.009    0.000    0.030    0.000 <frozen importlib._bootstrap>:304(acquire)
        1    0.000    0.000    0.030    0.030 lowering.py:273(create_cpython_wrapper)
        1    0.000    0.000    0.030    0.030 cpu.py:181(create_cpython_wrapper)
        1    0.000    0.000    0.030    0.030 art3d.py:1(<module>)
15458/7806    0.004    0.000    0.030    0.000 pprint.py:466(format)
        2    0.000    0.000    0.030    0.015 polynomial.py:1(<module>)
       54    0.000    0.000    0.029    0.001 postproc.py:71(run)
      261    0.002    0.000    0.029    0.000 compute.py:120(_decorate_compute_function)
        1    0.000    0.000    0.029    0.029 fromnumeric.py:1(<module>)
16835/9198    0.010    0.000    0.029    0.000 {method 'format' of 'str' objects}
        1    0.000    0.000    0.029    0.029 arrayobj.py:1(<module>)
      115    0.000    0.000    0.029    0.000 values.py:1013(__str__)
        1    0.000    0.000    0.028    0.028 cbook.py:1(<module>)
      115    0.000    0.000    0.028    0.000 values.py:1006(descr)
        2    0.000    0.000    0.028    0.014 interval.py:1(<module>)
        4    0.000    0.000    0.028    0.007 lowering.py:286(create_cfunc_wrapper)
        4    0.000    0.000    0.028    0.007 cpu.py:193(create_cfunc_wrapper)
        1    0.000    0.000    0.027    0.027 _svdp.py:1(<module>)
        7    0.000    0.000    0.027    0.004 codegen.py:667(_optimize_final_module)
15458/7806    0.011    0.000    0.027    0.000 pprint.py:554(_safe_repr)
        1    0.000    0.000    0.027    0.027 _globals.py:1(<module>)
       14    0.000    0.000    0.027    0.002 passmanagers.py:676(run)
      163    0.004    0.000    0.027    0.000 pprint.py:380(_format_dict_items)
     1103    0.009    0.000    0.027    0.000 inspect.py:2366(_signature_from_function)
        1    0.000    0.000    0.027    0.027 rrule.py:1(<module>)
        2    0.000    0.000    0.027    0.013 npdatetime.py:1(<module>)
        1    0.000    0.000    0.027    0.027 array_manager.py:1(<module>)
        2    0.000    0.000    0.026    0.013 _aliases.py:1(<module>)
        1    0.000    0.000    0.026    0.026 cftimeindex.py:1(<module>)
        1    0.001    0.001    0.026    0.026 helpers.py:1(<module>)
       20    0.000    0.000    0.026    0.001 __init__.py:794(<genexpr>)
       19    0.000    0.000    0.026    0.001 __init__.py:692(search)
8694/3735    0.004    0.000    0.025    0.000 _utils.py:44(__str__)
        1    0.000    0.000    0.025    0.025 scalars.py:1(<module>)
       18    0.000    0.000    0.025    0.001 values.py:999(descr_body)
        1    0.000    0.000    0.025    0.025 ansitowin32.py:1(<module>)
      201    0.001    0.000    0.025    0.000 values.py:1172(descr)
      136    0.000    0.000    0.025    0.000 _docstring.py:38(__call__)
       12    0.000    0.000    0.025    0.002 registry.py:54(apply)
  126/115    0.000    0.000    0.024    0.000 _docstring.py:79(__call__)
        1    0.000    0.000    0.024    0.024 legend.py:1(<module>)
19171/3367    0.015    0.000    0.024    0.000 ir.py:318(_rec_list_vars)
     1291    0.001    0.000    0.024    0.000 <frozen importlib._bootstrap>:416(__enter__)
        1    0.000    0.000    0.023    0.023 dataarray_plot.py:1(<module>)
      216    0.001    0.000    0.023    0.000 _itertools.py:4(unique_everseen)
        1    0.000    0.000    0.023    0.023 <frozen importlib._bootstrap_external>:1207(_cache_bytecode)
      294    0.000    0.000    0.023    0.000 _compiler.py:573(_code)
        1    0.000    0.000    0.023    0.023 <frozen importlib._bootstrap_external>:1212(set_data)
        1    0.000    0.000    0.023    0.023 h5netcdf_.py:1(<module>)
       12    0.000    0.000    0.023    0.002 codegen.py:732(add_llvm_module)
      286    0.000    0.000    0.023    0.000 nrt.py:19(initialize)
     1242    0.004    0.000    0.022    0.000 <frozen importlib._bootstrap>:733(_init_module_attrs)
        1    0.000    0.000    0.022    0.022 <frozen importlib._bootstrap_external>:195(_write_atomic)
    23541    0.005    0.000    0.022    0.000 templates.py:1321(new_registrations)
        1    0.000    0.000    0.022    0.022 mathtext.py:1(<module>)
        1    0.000    0.000    0.022    0.022 nrtdynmod.py:205(compile_nrt_functions)
        1    0.000    0.000    0.022    0.022 serialize.py:1(<module>)
  762/677    0.001    0.000    0.022    0.000 typing.py:392(inner)
     2288    0.004    0.000    0.022    0.000 base.py:352(install_registry)
        1    0.000    0.000    0.022    0.022 _methods.py:1(<module>)
        1    0.000    0.000    0.022    0.022 layout_engine.py:1(<module>)
        1    0.000    0.000    0.022    0.022 dumper.py:1(<module>)
     7092    0.005    0.000    0.022    0.000 event.py:209(broadcast)
       97    0.000    0.000    0.022    0.000 compute.py:113(_scrape_options_class_doc)
     2348    0.003    0.000    0.022    0.000 values.py:544(_to_string)
        3    0.000    0.000    0.021    0.007 sysconfig.py:735(get_config_var)
        1    0.000    0.000    0.021    0.021 rules.py:15(_init_casting_rules)
      5/4    0.000    0.000    0.021    0.005 sysconfig.py:705(get_config_vars)
        1    0.000    0.000    0.021    0.021 sysconfig.py:639(_init_config_vars)
       97    0.000    0.000    0.021    0.000 docscrape.py:146(__init__)
       46    0.000    0.000    0.021    0.000 castgraph.py:119(insert_rule)
       12    0.001    0.000    0.021    0.002 codegen.py:651(_optimize_functions)
     2743    0.001    0.000    0.021    0.000 ir.py:351(list_vars)
1655/1466    0.001    0.000    0.021    0.000 contextlib.py:141(__exit__)
       46    0.004    0.000    0.021    0.000 castgraph.py:92(propagate)
       70    0.000    0.000    0.021    0.000 typeinfer.py:704(__call__)
        1    0.000    0.000    0.021    0.021 cm.py:1(<module>)
        1    0.000    0.000    0.021    0.021 callwrapper.py:101(build)
        1    0.000    0.000    0.021    0.021 callwrapper.py:126(build_wrapper)
        1    0.000    0.000    0.021    0.021 lines.py:1(<module>)
   138579    0.021    0.000    0.021    0.000 {method 'startswith' of 'str' objects}
        1    0.000    0.000    0.020    0.020 typeddict.py:1(<module>)
     1226    0.003    0.000    0.020    0.000 <frozen importlib._bootstrap>:463(_lock_unlock_module)
     2200    0.007    0.000    0.020    0.000 <frozen importlib._bootstrap_external>:482(cache_from_source)
        1    0.000    0.000    0.020    0.020 _pocketfft.py:1(<module>)
       12    0.000    0.000    0.020    0.002 _docstring.py:51(__missing__)
        2    0.000    0.000    0.020    0.010 __init__.py:856(distribution)
        2    0.000    0.000    0.020    0.010 __init__.py:383(from_name)
219627/217417    0.019    0.000    0.020    0.000 {built-in method builtins.len}
       43    0.000    0.000    0.020    0.000 decorators.py:206(wrapper)
       43    0.000    0.000    0.019    0.000 decorators.py:26(jit)
        1    0.000    0.000    0.019    0.019 value.py:1(<module>)
        1    0.000    0.000    0.019    0.019 config.py:144(__init__)
        1    0.000    0.000    0.019    0.019 config.py:147(reset)
        3    0.000    0.000    0.019    0.006 numbers.py:1(<module>)
       43    0.000    0.000    0.019    0.000 dispatcher.py:803(__init__)
        4    0.000    0.000    0.019    0.005 _common.py:1(<module>)
        1    0.000    0.000    0.019    0.019 groupby.py:1(<module>)
        1    0.001    0.001    0.019    0.019 executionengine.py:1(<module>)
     3546    0.003    0.000    0.019    0.000 event.py:404(end_event)
        6    0.000    0.000    0.019    0.003 untyped_passes.py:212(run_pass)
     2929    0.002    0.000    0.019    0.000 ffi.py:78(__exit__)
     8568    0.010    0.000    0.019    0.000 inspect.py:2712(__init__)
      175    0.000    0.000    0.018    0.000 errors.py:536(__init__)
        1    0.000    0.000    0.018    0.018 cyaml.py:1(<module>)
        2    0.000    0.000    0.018    0.009 function_base.py:1(<module>)
32387/32307    0.012    0.000    0.018    0.000 {method 'join' of 'str' objects}
       11    0.000    0.000    0.018    0.002 __init__.py:701(lookup)
       11    0.001    0.000    0.018    0.002 __init__.py:707(__init__)
     1081    0.005    0.000    0.018    0.000 templates.py:880(make_overload_template)
        6    0.000    0.000    0.018    0.003 untyped_passes.py:244(run_pass)
       59    0.000    0.000    0.018    0.000 enum.py:513(__prepare__)
        1    0.000    0.000    0.018    0.018 npyfuncs.py:1(<module>)
        1    0.000    0.000    0.018    0.018 docscrape.py:1(<module>)
        1    0.000    0.000    0.018    0.018 _threadsafety.py:1(<module>)
        1    0.000    0.000    0.018    0.018 typed_passes.py:1(<module>)
        1    0.000    0.000    0.018    0.018 distributions.py:1(<module>)
       14    0.000    0.000    0.018    0.001 lowering.py:796(lower_getitem)
        1    0.000    0.000    0.018    0.018 lapack.py:1(<module>)
       60    0.003    0.000    0.018    0.000 analysis.py:23(compute_use_defs)
        1    0.000    0.000    0.017    0.017 datetime.py:1(<module>)
        1    0.000    0.000    0.017    0.017 imputils.py:1(<module>)
        1    0.000    0.000    0.017    0.017 _compressed.py:1(<module>)
        1    0.000    0.000    0.017    0.017 blas.py:1(<module>)
       59    0.017    0.000    0.017    0.000 enum.py:957(_check_for_existing_members_)
2354/2349    0.003    0.000    0.017    0.000 abstract.py:61(__call__)
        1    0.000    0.000    0.017    0.017 config.py:205(process_environ)
        4    0.000    0.000    0.017    0.004 <frozen importlib.util>:71(find_spec)
        2    0.000    0.000    0.017    0.008 times.py:1(<module>)
       80    0.000    0.000    0.017    0.000 config.py:206(_readenv)
        1    0.000    0.000    0.017    0.017 templates.py:1(<module>)
        1    0.000    0.000    0.017    0.017 config.py:395(avx_default)
       13    0.000    0.000    0.017    0.001 linecache.py:36(getlines)
        3    0.000    0.000    0.017    0.006 linecache.py:80(updatecache)
        1    0.000    0.000    0.017    0.017 config.py:47(_os_supports_avx)
     2926    0.001    0.000    0.016    0.000 base.py:1249(exit_fn)
 1686/294    0.006    0.000    0.016    0.000 _compiler.py:37(_compile)
        1    0.000    0.000    0.016    0.016 _axes.py:46(Axes)
     6069    0.009    0.000    0.016    0.000 {built-in method builtins.sorted}
        1    0.000    0.000    0.016    0.016 take.py:1(<module>)
        1    0.000    0.000    0.016    0.016 ffi.py:1(<module>)
     3546    0.003    0.000    0.016    0.000 event.py:390(start_event)
     3873    0.016    0.000    0.016    0.000 {method 'sub' of 're.Pattern' objects}
        1    0.000    0.000    0.016    0.016 watercolumn_lib.py:47(check_initial_condition)
        3    0.000    0.000    0.016    0.005 util.py:1(<module>)
        1    0.000    0.000    0.016    0.016 geo.py:1(<module>)
    13198    0.007    0.000    0.016    0.000 event.py:243(notify)
        1    0.000    0.000    0.016    0.016 typedlist.py:1(<module>)
        2    0.000    0.000    0.016    0.008 sysconfig.py:190(_safe_realpath)
        2    0.000    0.000    0.016    0.008 <frozen posixpath>:431(realpath)
      5/2    0.000    0.000    0.016    0.008 <frozen posixpath>:440(_joinrealpath)
     2333    0.001    0.000    0.015    0.000 <frozen importlib._bootstrap>:632(cached)
     2929    0.002    0.000    0.015    0.000 ffi.py:72(__enter__)
       54    0.000    0.000    0.015    0.000 postproc.py:42(usedefs)
       11    0.000    0.000    0.015    0.001 __init__.py:678(children)
        1    0.000    0.000    0.015    0.015 netCDF4_.py:1(<module>)
     9412    0.009    0.000    0.015    0.000 <frozen importlib._bootstrap_external>:126(_path_join)
        1    0.000    0.000    0.015    0.015 nrt.py:1(<module>)
      463    0.015    0.000    0.015    0.000 {built-in method builtins.dir}
        5    0.000    0.000    0.015    0.003 callwrapper.py:20(add_arg)
        1    0.000    0.000    0.015    0.015 melt.py:1(<module>)
        1    0.000    0.000    0.015    0.015 scimath.py:1(<module>)
      300    0.000    0.000    0.015    0.000 registry.py:25(target_context)
        2    0.000    0.000    0.015    0.008 __init__.py:31(message_from_string)
        2    0.000    0.000    0.015    0.008 utils.py:779(__get__)
        1    0.000    0.000    0.015    0.015 registry.py:15(_toplevel_target_context)
        1    0.000    0.000    0.015    0.015 cpu.py:41(__init__)
        1    0.000    0.000    0.015    0.015 base.py:225(__init__)
     9980    0.015    0.000    0.015    0.000 {method 'search' of 're.Pattern' objects}
        1    0.000    0.000    0.015    0.015 lzma.py:1(<module>)
       25    0.000    0.000    0.015    0.001 castgraph.py:131(unsafe)
     2517    0.004    0.000    0.015    0.000 <frozen importlib._bootstrap>:162(__enter__)
       17    0.000    0.000    0.015    0.001 lowering.py:726(lower_binop)
        1    0.000    0.000    0.015    0.015 uuid.py:1(<module>)
       24    0.015    0.001    0.015    0.001 {built-in method posix.lstat}
        1    0.000    0.000    0.015    0.015 iterative.py:1(<module>)
        6    0.000    0.000    0.015    0.002 untyped_passes.py:79(run_pass)
       27    0.000    0.000    0.015    0.001 ir.py:1542(infer_constant)
    32/27    0.000    0.000    0.015    0.001 consts.py:24(infer_constant)
        6    0.000    0.000    0.015    0.002 interpreter.py:1361(interpret)
     1233    0.002    0.000    0.014    0.000 <frozen importlib._bootstrap_external>:611(_get_cached)
        1    0.000    0.000    0.014    0.014 _ufunc_config.py:1(<module>)
       38    0.000    0.000    0.014    0.000 errors.py:698(__init__)
        1    0.000    0.000    0.014    0.014 _mathtext.py:1(<module>)
    22/18    0.000    0.000    0.014    0.001 consts.py:56(_do_infer)
      973    0.001    0.000    0.014    0.000 __init__.py:711(__setitem__)
        1    0.000    0.000    0.014    0.014 ufuncbuilder.py:1(<module>)
27324/26187    0.008    0.000    0.014    0.000 abstract.py:121(__hash__)
        1    0.000    0.000    0.014    0.014 offsetbox.py:1(<module>)
        1    0.000    0.000    0.014    0.014 image.py:1(<module>)
    19324    0.007    0.000    0.014    0.000 utils.py:515(stream_list)
        1    0.000    0.000    0.014    0.014 decoder.py:1(<module>)
       17    0.000    0.000    0.014    0.001 _functools.py:75(wrapper)
        1    0.000    0.000    0.014    0.014 expressions.py:1(<module>)
        5    0.000    0.000    0.014    0.003 pythonapi.py:1426(to_native_value)
        6    0.000    0.000    0.014    0.002 config.py:598(reload_config)
        1    0.000    0.000    0.013    0.013 <frozen importlib._bootstrap>:1171(exec_module)
        1    0.000    0.000    0.013    0.013 <frozen ntpath>:1(<module>)
      239    0.001    0.000    0.013    0.000 extending.py:207(decorate)
    90947    0.013    0.000    0.013    0.000 {method 'append' of 'list' objects}
    41114    0.009    0.000    0.013    0.000 {method 'get' of 'dict' objects}
       13    0.000    0.000    0.013    0.001 ir.py:112(strformat)
     2926    0.001    0.000    0.013    0.000 base.py:1246(enter_fn)
       10    0.000    0.000    0.013    0.001 ir.py:611(infer_constant)
       14    0.000    0.000    0.013    0.001 arrayobj.py:480(getitem_arraynd_intp)
        3    0.000    0.000    0.013    0.004 types.py:1(<module>)
        1    0.000    0.000    0.013    0.013 datatree_ops.py:1(<module>)
        3    0.000    0.000    0.013    0.004 datatree_ops.py:173(_wrap_then_attach_to_cls)
      270    0.001    0.000    0.013    0.000 _decorators.py:363(decorator)
        1    0.000    0.000    0.013    0.013 listdecl.py:1(<module>)
        1    0.000    0.000    0.013    0.013 sysconfig.py:532(_init_posix)
        1    0.000    0.000    0.013    0.013 twodim_base.py:1(<module>)
        1    0.000    0.000    0.013    0.013 cpu.py:48(init)
        1    0.000    0.000    0.013    0.013 expat.py:1(<module>)
   106/78    0.000    0.000    0.013    0.000 base.py:526(get_function)
        1    0.000    0.000    0.013    0.013 _decomp_lu.py:1(<module>)
        1    0.000    0.000    0.012    0.012 codegen.py:1163(__init__)
      122    0.005    0.000    0.012    0.000 __init__.py:355(namedtuple)
        1    0.000    0.000    0.012    0.012 base64.py:1(<module>)
        4    0.000    0.000    0.012    0.003 missing.py:1(<module>)
      125    0.000    0.000    0.012    0.000 datatree_ops.py:220(insert_doc_addendum)
        1    0.012    0.012    0.012    0.012 {built-in method posix.open}
        1    0.000    0.000    0.012    0.012 _mixins.py:1(<module>)
        1    0.000    0.000    0.012    0.012 asserters.py:1(<module>)
     2341    0.001    0.000    0.012    0.000 __init__.py:179(sub)
        1    0.000    0.000    0.012    0.012 polar.py:1(<module>)
      437    0.000    0.000    0.012    0.000 artist.py:1536(number_of_parameters)
        1    0.000    0.000    0.012    0.012 readers.py:868(read_csv)
        1    0.000    0.000    0.012    0.012 untyped_passes.py:1(<module>)
       39    0.000    0.000    0.012    0.000 cgutils.py:99(__init__)
        1    0.000    0.000    0.012    0.012 readers.py:583(_read)
       97    0.001    0.000    0.012    0.000 docscrape.py:384(_parse)
        1    0.000    0.000    0.012    0.012 path.py:1(<module>)
        1    0.000    0.000    0.012    0.012 __init__.py:185(_try_enable_svml)
        3    0.000    0.000    0.012    0.004 version.py:1(<module>)
        1    0.000    0.000    0.012    0.012 dylib.py:23(load_library_permanently)
     2256    0.003    0.000    0.011    0.000 instructions.py:13(__init__)
        6    0.000    0.000    0.011    0.002 untyped_passes.py:1762(run_pass)
        1    0.000    0.000    0.011    0.011 codegen.py:1173(_init)
       67    0.001    0.000    0.011    0.000 enum.py:528(__new__)
       13    0.000    0.000    0.011    0.001 ir.py:91(get_lines)
        4    0.000    0.000    0.011    0.003 exceptions.py:1(<module>)
      261    0.001    0.000    0.011    0.000 compute.py:267(_make_signature)
        6    0.000    0.000    0.011    0.002 typed_passes.py:226(run_pass)
  238/213    0.000    0.000    0.011    0.000 typing.py:508(__getitem__)
     1784    0.001    0.000    0.011    0.000 ir.py:608(list_vars)
      143    0.000    0.000    0.011    0.000 _decorators.py:484(__call__)
       56    0.000    0.000    0.011    0.000 lowering.py:1556(incref)
        1    0.000    0.000    0.011    0.011 message.py:135(Message)
9124/4554    0.003    0.000    0.011    0.000 <frozen abc>:121(__subclasscheck__)
        1    0.000    0.000    0.011    0.011 expr.py:1(<module>)
        1    0.000    0.000    0.011    0.011 dictobject.py:1(<module>)
       94    0.001    0.000    0.011    0.000 __init__.py:1391(_preprocess_data)
        1    0.000    0.000    0.011    0.011 lgmres.py:1(<module>)
      699    0.001    0.000    0.011    0.000 module.py:220(__next__)
        1    0.000    0.000    0.011    0.011 typeconv.py:1(<module>)
      127    0.000    0.000    0.011    0.000 textwrap.py:386(fill)
       34    0.000    0.000    0.011    0.000 module.py:11(parse_assembly)
      213    0.001    0.000    0.010    0.000 typing.py:687(Union)
     2608    0.003    0.000    0.010    0.000 <frozen _collections_abc>:892(__iter__)
        2    0.000    0.000    0.010    0.005 heapq.py:1(<module>)
     2517    0.005    0.000    0.010    0.000 <frozen importlib._bootstrap>:124(setdefault)
      127    0.000    0.000    0.010    0.000 textwrap.py:361(fill)
        2    0.000    0.000    0.010    0.005 pytables.py:1(<module>)
     3134    0.002    0.000    0.010    0.000 values.py:537(__init__)
    78451    0.010    0.000    0.010    0.000 {method 'lstrip' of 'str' objects}
      359    0.001    0.000    0.010    0.000 errors.py:320(_markup)
      127    0.000    0.000    0.010    0.000 textwrap.py:347(wrap)
        1    0.000    0.000    0.010    0.010 caching.py:1(<module>)
     1496    0.010    0.000    0.010    0.000 {method 'findall' of 're.Pattern' objects}
     1875    0.006    0.000    0.010    0.000 functools.py:35(update_wrapper)
      140    0.007    0.000    0.010    0.000 {built-in method builtins.eval}
     9871    0.002    0.000    0.010    0.000 <frozen abc>:117(__instancecheck__)
      513    0.002    0.000    0.010    0.000 typing.py:1242(__init__)
      319    0.000    0.000    0.010    0.000 extending.py:157(wrap)
      162    0.000    0.000    0.010    0.000 context.py:374(resolve_value_type)
        1    0.000    0.000    0.010    0.010 parse.py:1(<module>)
       10    0.000    0.000    0.010    0.001 typeconv.py:103(safe_unsafe)
      954    0.000    0.000    0.010    0.000 artist.py:1542(is_alias)
    59011    0.010    0.000    0.010    0.000 {built-in method builtins.min}
        3    0.000    0.000    0.010    0.003 _optional.py:85(import_optional_dependency)
        1    0.000    0.000    0.010    0.010 floating.py:1(<module>)
        1    0.000    0.000    0.010    0.010 winterm.py:1(<module>)
      319    0.000    0.000    0.010    0.000 extending.py:140(register_jitable)
       25    0.000    0.000    0.010    0.000 arrayobj.py:77(_make_refs)
        1    0.000    0.000    0.009    0.009 _text.py:1(<module>)
      215    0.001    0.000    0.009    0.000 __init__.py:826(_normalized_name)
        1    0.000    0.000    0.009    0.009 arrow_parser_wrapper.py:1(<module>)
     1783    0.007    0.000    0.009    0.000 inspect.py:2998(__init__)
        1    0.000    0.000    0.009    0.009 facetgrid.py:1(<module>)
9124/4554    0.008    0.000    0.009    0.000 {built-in method _abc._abc_subclasscheck}
        1    0.000    0.000    0.009    0.009 ir.py:1(<module>)
       12    0.000    0.000    0.009    0.001 ir_print.py:11(match)
        1    0.000    0.000    0.009    0.009 _expm_multiply.py:1(<module>)
      307    0.000    0.000    0.009    0.000 errors.py:335(errmsg)
        4    0.000    0.000    0.009    0.002 iterators.py:1(<module>)
      102    0.000    0.000    0.009    0.000 npydecl.py:201(generic)
      174    0.000    0.000    0.009    0.000 typeof.py:27(typeof)
        1    0.000    0.000    0.009    0.009 readers.py:1575(__init__)
        1    0.000    0.000    0.009    0.009 readers.py:1848(_make_engine)
        4    0.000    0.000    0.009    0.002 concat.py:1(<module>)
        2    0.000    0.000    0.009    0.004 analysis.py:1(<module>)
     1234    0.002    0.000    0.009    0.000 <frozen importlib._bootstrap_external>:1588(_get_spec)
      512    0.001    0.000    0.009    0.000 pathlib.py:437(__str__)
        1    0.000    0.000    0.009    0.009 align.py:1(<module>)
        1    0.000    0.000    0.009    0.009 managers.py:1(<module>)
        1    0.000    0.000    0.009    0.009 c_lexer.py:1(<module>)
        1    0.000    0.000    0.009    0.009 struct.py:1(<module>)
     4252    0.004    0.000    0.009    0.000 artist.py:1555(aliased_name)
      102    0.001    0.000    0.009    0.000 npydecl.py:97(generic)
        1    0.000    0.000    0.009    0.009 type_check.py:1(<module>)
       12    0.000    0.000    0.008    0.001 duck_array_ops.py:396(_create_nan_agg_method)
        6    0.000    0.000    0.008    0.001 ssa.py:27(reconstruct_ssa)
        6    0.000    0.000    0.008    0.001 ssa.py:48(_run_ssa)
       18    0.000    0.000    0.008    0.000 arrayobj.py:375(basic_indexing)
        1    0.000    0.000    0.008    0.008 font_manager.py:1564(_load_fontmanager)
        2    0.000    0.000    0.008    0.004 construction.py:1(<module>)
        1    0.000    0.000    0.008    0.008 postproc.py:1(<module>)
        1    0.000    0.000    0.008    0.008 string_arrow.py:1(<module>)
      188    0.000    0.000    0.008    0.000 context.py:360(_call_incref_decref)
        1    0.000    0.000    0.008    0.008 relativedelta.py:1(<module>)
        1    0.000    0.000    0.008    0.008 socket.py:1(<module>)
     3220    0.002    0.000    0.008    0.000 values.py:557(_set_name)
      115    0.000    0.000    0.008    0.000 passmanagers.py:753(run)
        1    0.000    0.000    0.008    0.008 axis3d.py:1(<module>)
        1    0.000    0.000    0.008    0.008 _policybase.py:1(<module>)
     9871    0.003    0.000    0.008    0.000 {built-in method _abc._abc_instancecheck}
      325    0.000    0.000    0.008    0.000 function_base.py:497(add_newdoc)
        2    0.000    0.000    0.008    0.004 _add_newdocs.py:1(<module>)
      170    0.001    0.000    0.008    0.000 targetconfig.py:196(values)
        5    0.000    0.000    0.008    0.002 base.py:336(nrt)
        1    0.000    0.000    0.008    0.008 _lil.py:1(<module>)
        1    0.000    0.000    0.008    0.008 cmathimpl.py:1(<module>)
        1    0.000    0.000    0.008    0.008 _constrained_layout.py:1(<module>)
      417    0.007    0.000    0.008    0.000 _compiler.py:243(_optimize_charset)
        3    0.000    0.000    0.008    0.003 _typing.py:1(<module>)
        1    0.000    0.000    0.008    0.008 builder.py:1(<module>)
        1    0.000    0.000    0.008    0.008 funcdesc.py:1(<module>)
      210    0.000    0.000    0.008    0.000 base.py:42(find)
        1    0.000    0.000    0.008    0.008 sysconfig.py:1(<module>)
        1    0.000    0.000    0.008    0.008 executionengine.py:13(create_mcjit_compiler)
        1    0.000    0.000    0.008    0.008 ImageFile.py:1(<module>)
  3686/97    0.003    0.000    0.008    0.000 copy.py:118(deepcopy)
6411/6371    0.004    0.000    0.008    0.000 _utils.py:54(get_reference)
      359    0.000    0.000    0.007    0.000 errors.py:243(__init__)
        1    0.000    0.000    0.007    0.007 _matfuncs_sqrtm.py:1(<module>)
        1    0.000    0.000    0.007    0.007 common.py:664(get_handle)
        1    0.000    0.000    0.007    0.007 externals.py:1(<module>)
     2517    0.005    0.000    0.007    0.000 <frozen importlib._bootstrap>:426(_get_module_lock)
   194/97    0.001    0.000    0.007    0.000 copy.py:217(_deepcopy_dict)
      359    0.000    0.000    0.007    0.000 initialise.py:37(init)
        1    0.000    0.000    0.007    0.007 quiver.py:1(<module>)
        1    0.000    0.000    0.007    0.007 _triinterpolate.py:1(<module>)
     2517    0.005    0.000    0.007    0.000 <frozen importlib._bootstrap>:372(release)
        1    0.000    0.000    0.007    0.007 conventions.py:1(<module>)
        8    0.007    0.001    0.007    0.001 {method 'readlines' of '_io._IOBase' objects}
     2354    0.002    0.000    0.007    0.000 abstract.py:49(_intern)
        1    0.000    0.000    0.007    0.007 _afm.py:1(<module>)
        1    0.000    0.000    0.007    0.007 arithmetic.py:1(<module>)
      479    0.001    0.000    0.007    0.000 pathlib.py:551(drive)
       96    0.000    0.000    0.007    0.000 base.py:49(_find)
     2201    0.003    0.000    0.007    0.000 <frozen importlib._bootstrap_external>:132(_path_split)
        7    0.000    0.000    0.007    0.001 codegen.py:1423(_add_module)
        7    0.000    0.000    0.007    0.001 codegen.py:1094(add_module)
       19    0.000    0.000    0.007    0.000 __init__.py:695(mtime)
      634    0.004    0.000    0.007    0.000 enum.py:254(__set_name__)
       14    0.000    0.000    0.007    0.000 arrayobj.py:459(_getitem_array_generic)
  486/188    0.001    0.000    0.007    0.000 context.py:343(get_meminfos)
        2    0.000    0.000    0.007    0.003 parser.py:1(<module>)
        1    0.000    0.000    0.007    0.007 object_mode_passes.py:1(<module>)
      718    0.001    0.000    0.007    0.000 initialise.py:111(wrap_stream)
      217    0.003    0.000    0.007    0.000 __init__.py:347(__new__)
      463    0.000    0.000    0.007    0.000 value.py:157(name)
        2    0.000    0.000    0.007    0.003 scanner.py:1(<module>)
       30    0.000    0.000    0.007    0.000 pathlib.py:1081(glob)
     3220    0.002    0.000    0.007    0.000 _utils.py:16(register)
        7    0.000    0.000    0.007    0.001 codegen.py:1087(_load_defined_symbols)
        1    0.000    0.000    0.007    0.007 from_dataframe.py:1(<module>)
        1    0.000    0.000    0.007    0.007 datatree_ops.py:270(MappedDatasetMethodsMixin)
       18    0.000    0.000    0.007    0.000 rcsetup.py:799(validate_cycler)
        6    0.000    0.000    0.007    0.001 ssa.py:146(_find_defs_violators)
        1    0.000    0.000    0.007    0.007 _io.py:1(<module>)
      127    0.004    0.000    0.007    0.000 textwrap.py:238(_wrap_chunks)
      451    0.001    0.000    0.007    0.000 pathlib.py:407(_load_parts)
     4693    0.005    0.000    0.007    0.000 targetconfig.py:111(getter)
        1    0.000    0.000    0.007    0.007 bisect.py:1(<module>)
15996/15684    0.003    0.000    0.007    0.000 {built-in method builtins.repr}
     1007    0.002    0.000    0.007    0.000 typing.py:175(_type_check)
        5    0.000    0.000    0.007    0.001 callconv.py:122(raise_error)
     7092    0.003    0.000    0.006    0.000 event.py:100(__init__)
      294    0.001    0.000    0.006    0.000 _compiler.py:511(_compile_info)
     9229    0.004    0.000    0.006    0.000 enum.py:726(__call__)
        1    0.000    0.000    0.006    0.006 hashlib.py:1(<module>)
        2    0.000    0.000    0.006    0.003 function_type.py:1(<module>)
        1    0.000    0.000    0.006    0.006 object_array.py:1(<module>)
       14    0.000    0.000    0.006    0.000 hashlib.py:126(__get_openssl_constructor)
        9    0.000    0.000    0.006    0.001 typeconv.py:96(promote_unsafe)
     1234    0.004    0.000    0.006    0.000 <frozen importlib._bootstrap_external>:802(spec_from_file_location)
        2    0.000    0.000    0.006    0.003 hashlib.py:82(__get_builtin_constructor)
    15496    0.003    0.000    0.006    0.000 {built-in method builtins.issubclass}
        1    0.000    0.000    0.006    0.006 csv.py:1(<module>)
        1    0.000    0.000    0.006    0.006 font_manager.py:970(json_load)
        6    0.000    0.000    0.006    0.001 pathlib.py:870(is_dir)
        2    0.000    0.000    0.006    0.003 boxing.py:1(<module>)
        6    0.000    0.000    0.006    0.001 pathlib.py:835(stat)
       15    0.000    0.000    0.006    0.000 core.py:618(set_parse_action)
       10    0.000    0.000    0.006    0.001 <frozen genericpath>:16(exists)
        1    0.000    0.000    0.006    0.006 ExifTags.py:1(<module>)
     2911    0.002    0.000    0.006    0.000 castgraph.py:39(insert)
       19    0.000    0.000    0.006    0.000 core.py:269(_trim_arity)
        1    0.000    0.000    0.006    0.006 tarfile.py:1(<module>)
        1    0.000    0.000    0.006    0.006 traceback.py:221(extract_stack)
        1    0.000    0.000    0.006    0.006 traceback.py:377(extract)
        1    0.000    0.000    0.006    0.006 traceback.py:399(_extract_from_extended_frame_gen)
      434    0.000    0.000    0.006    0.000 module.py:251(_next)
        1    0.000    0.000    0.006    0.006 grouper.py:1(<module>)
        1    0.000    0.000    0.006    0.006 common.py:8(pyparsing_common)
       38    0.000    0.000    0.006    0.000 traceback.py:318(line)
        2    0.000    0.000    0.006    0.003 linecache.py:26(getline)
        1    0.000    0.000    0.006    0.006 frame.py:509(DataFrame)
  187/161    0.001    0.000    0.006    0.000 ir_utils.py:1542(guard)
        7    0.000    0.000    0.006    0.001 codegen.py:1326(_scan_and_fix_unresolved_refs)
      718    0.002    0.000    0.006    0.000 ansitowin32.py:81(__init__)
        3    0.000    0.000    0.006    0.002 tokenize.py:445(open)
    19324    0.004    0.000    0.006    0.000 utils.py:524(sublist_iterator)
      236    0.006    0.000    0.006    0.000 {built-in method builtins.compile}
        1    0.000    0.000    0.006    0.006 queue.py:1(<module>)
    10775    0.006    0.000    0.006    0.000 {method 'split' of 'str' objects}
        1    0.000    0.000    0.006    0.006 _validation.py:1(<module>)
        1    0.000    0.000    0.006    0.006 contextvars.py:1(<module>)
      317    0.001    0.000    0.006    0.000 overrides.py:142(decorator)
       97    0.001    0.000    0.006    0.000 docscrape.py:228(_parse_param_list)
        1    0.006    0.006    0.006    0.006 {built-in method posix.replace}
       48    0.000    0.000    0.006    0.000 __init__.py:1347(_add_data_doc)
      116    0.000    0.000    0.005    0.000 context.py:384(decref)
       13    0.000    0.000    0.005    0.000 static_getitem.py:13(match)
        6    0.000    0.000    0.005    0.001 inline_closurecall.py:80(run)
        8    0.000    0.000    0.005    0.001 dataclasses.py:1257(wrap)
        8    0.000    0.000    0.005    0.001 dataclasses.py:921(_process_class)
      121    0.000    0.000    0.005    0.000 extending.py:398(intrinsic)
     2288    0.001    0.000    0.005    0.000 base.py:368(insert_func_defn)
        1    0.000    0.000    0.005    0.005 datatree_ops.py:298(DataTreeArithmeticMixin)
     3340    0.002    0.000    0.005    0.000 <frozen os>:680(__getitem__)
      121    0.000    0.000    0.005    0.000 extending.py:435(_intrinsic)
        1    0.000    0.000    0.005    0.005 objects.py:1(<module>)
        1    0.000    0.000    0.005    0.005 pydoc.py:1(<module>)
      115    0.001    0.000    0.005    0.000 values.py:936(__init__)
     1291    0.001    0.000    0.005    0.000 <frozen importlib._bootstrap>:420(__exit__)
        3    0.000    0.000    0.005    0.002 patches.py:2211(__init_subclass__)
        3    0.000    0.000    0.005    0.002 typeconv.py:110(unsafe_unsafe)
        6    0.000    0.000    0.005    0.001 patches.py:2253(pprint_styles)
      361    0.000    0.000    0.005    0.000 value.py:220(is_declaration)
       10    0.000    0.000    0.005    0.001 callconv.py:868(call_function)
       14    0.000    0.000    0.005    0.000 codegen.py:719(add_linking_library)
        1    0.000    0.000    0.005    0.005 __init__.py:588(matplotlib_fname)
     1838    0.004    0.000    0.005    0.000 functions.py:245(__init__)
       28    0.001    0.000    0.005    0.000 typing.py:2780(__new__)
     7279    0.004    0.000    0.005    0.000 pprint.py:102(_safe_tuple)
      239    0.000    0.000    0.005    0.000 templates.py:1187(make_overload_method_template)
        1    0.000    0.000    0.005    0.005 overloads.py:1(<module>)
        4    0.000    0.000    0.005    0.001 lowering.py:581(lower_setitem)
       86    0.000    0.000    0.005    0.000 cgutils.py:362(alloca_once)
     5553    0.003    0.000    0.005    0.000 {built-in method builtins.max}
      105    0.000    0.000    0.005    0.000 __init__.py:331(wrapper)
      246    0.003    0.000    0.005    0.000 templates.py:1165(make_overload_attribute_template)
     3491    0.002    0.000    0.005    0.000 typing.py:1188(__setattr__)
      843    0.002    0.000    0.005    0.000 enum.py:390(__setitem__)
        1    0.000    0.000    0.005    0.005 generic.py:244(NDFrame)
        2    0.000    0.000    0.005    0.002 __init__.py:514(_get_config_or_cache_dir)
      582    0.001    0.000    0.005    0.000 builder.py:967(extract_value)
     2274    0.005    0.000    0.005    0.000 {built-in method _abc._abc_init}
       69    0.000    0.000    0.005    0.000 templates.py:481(apply)
        7    0.000    0.000    0.005    0.001 pprint.py:473(_pprint_default_dict)
        1    0.000    0.000    0.005    0.005 _ccallback.py:1(<module>)
      102    0.002    0.000    0.005    0.000 numpy_support.py:357(ufunc_find_matching_loop)
       69    0.000    0.000    0.005    0.000 templates.py:272(_select)
      305    0.001    0.000    0.005    0.000 utils.py:346(order_by_target_specificity)
       18    0.000    0.000    0.005    0.000 postproc.py:158(_insert_var_dels)
        1    0.000    0.000    0.005    0.005 artist.py:1(<module>)
       54    0.000    0.000    0.005    0.000 postproc.py:52(deadmaps)
       18    0.001    0.000    0.005    0.000 postproc.py:179(_patch_var_dels)
        1    0.000    0.000    0.005    0.005 cm.py:32(_gen_cmap_registry)
        2    0.000    0.000    0.005    0.002 common.py:1165(_is_binary_mode)
      136    0.000    0.000    0.005    0.000 builder.py:297(if_then)
       69    0.001    0.000    0.005    0.000 context.py:592(resolve_overload)
    14856    0.003    0.000    0.004    0.000 {built-in method builtins.setattr}
        8    0.000    0.000    0.004    0.001 dataclasses.py:1240(dataclass)
       12    0.000    0.000    0.004    0.000 core.py:1135(parse_string)
      176    0.000    0.000    0.004    0.000 functools.py:904(wrapper)
        1    0.000    0.000    0.004    0.004 table.py:1(<module>)
      100    0.000    0.000    0.004    0.000 lowering.py:1506(delvar)
    25712    0.004    0.000    0.004    0.000 {method 'rstrip' of 'str' objects}
    11715    0.003    0.000    0.004    0.000 _parser.py:168(__getitem__)
        1    0.000    0.000    0.004    0.004 common.py:1186(_get_binary_io_classes)
     3091    0.002    0.000    0.004    0.000 _utils.py:24(deduplicate)
      256    0.000    0.000    0.004    0.000 pathlib.py:447(__fspath__)
      220    0.000    0.000    0.004    0.000 templates.py:1296(decorator)
        4    0.000    0.000    0.004    0.001 <frozen genericpath>:27(isfile)
        6    0.000    0.000    0.004    0.001 typed_passes.py:557(run_pass)
     1100    0.002    0.000    0.004    0.000 <frozen importlib._bootstrap_external>:666(_classify_pyc)
       96    0.000    0.000    0.004    0.000 base.py:56(_select_compatible)
        6    0.000    0.000    0.004    0.001 ir_utils.py:2238(check_and_legalize_ir)
      220    0.000    0.000    0.004    0.000 templates.py:1274(decorate)
        6    0.000    0.000    0.004    0.001 interpreter.py:1438(post_process)
    13714    0.003    0.000    0.004    0.000 {method 'add' of 'set' objects}
      215    0.001    0.000    0.004    0.000 __init__.py:310(_from_text_for)
        1    0.000    0.000    0.004    0.004 reader.py:1(<module>)
       38    0.000    0.000    0.004    0.000 decorators.py:243(njit)
       28    0.000    0.000    0.004    0.000 typing.py:2761(_make_nmtuple)
      121    0.000    0.000    0.004    0.000 extending.py:352(_register)
        1    0.000    0.000    0.004    0.004 reader.py:45(Reader)
      132    0.000    0.000    0.004    0.000 cgutils.py:417(get_or_insert_function)
      456    0.002    0.000    0.004    0.000 pathlib.py:387(_parse_path)
      105    0.000    0.000    0.004    0.000 lowering.py:1562(decref)
     8814    0.003    0.000    0.004    0.000 _parser.py:261(get)
29290/27868    0.003    0.000    0.004    0.000 {built-in method builtins.hash}
      763    0.001    0.000    0.004    0.000 base.py:103(_match_arglist)
       18    0.000    0.000    0.004    0.000 cgutils.py:694(get_item_pointer)
      184    0.000    0.000    0.004    0.000 cgutils.py:929(gep_inbounds)
       12    0.000    0.000    0.004    0.000 castgraph.py:128(safe)
        6    0.000    0.000    0.004    0.001 lowering.py:29(__init__)
       36    0.000    0.000    0.004    0.000 arrayobj.py:97(shape)
        1    0.000    0.000    0.004    0.004 environment.py:1(<module>)
        9    0.000    0.000    0.004    0.000 typeconv.py:84(unsafe)
     6599    0.003    0.000    0.004    0.000 event.py:270(on_end)
     7152    0.002    0.000    0.004    0.000 event.py:66(_guard_kind)
      954    0.001    0.000    0.004    0.000 cpu_options.py:16(__repr__)
      185    0.001    0.000    0.004    0.000 cgutils.py:936(gep)
       29    0.000    0.000    0.004    0.000 overloads.py:48(register_simple_overload)
1032/1011    0.000    0.000    0.004    0.000 manager.py:29(lookup)
      459    0.000    0.000    0.004    0.000 compiler_lock.py:19(__enter__)
        1    0.000    0.000    0.004    0.004 _secondary_axes.py:1(<module>)
       56    0.000    0.000    0.004    0.000 typeinfer.py:1493(resolve_value_type)
        2    0.000    0.000    0.004    0.002 pathlib.py:164(select_from)
        1    0.000    0.000    0.004    0.004 npydecl.py:1(<module>)
     2590    0.003    0.000    0.004    0.000 <frozen os>:703(__iter__)
       13    0.000    0.000    0.004    0.000 rcsetup.py:401(validate_font_properties)
       10    0.000    0.000    0.004    0.000 _fontconfig_pattern.py:80(parse_fontconfig_pattern)
       11    0.000    0.000    0.004    0.000 codegen.py:684(_get_module_for_linking)
        4    0.000    0.000    0.004    0.001 arrayobj.py:522(setitem_array)
  890/888    0.000    0.000    0.004    0.000 manager.py:40(__getitem__)
        7    0.000    0.000    0.004    0.001 codegen.py:773(_verify_declare_only_symbols)
       11    0.000    0.000    0.004    0.000 base.py:412(declare_function)
        1    0.000    0.000    0.004    0.004 _array_like.py:1(<module>)
      459    0.000    0.000    0.004    0.000 compiler_lock.py:11(acquire)
        5    0.000    0.000    0.004    0.001 callconv.py:520(unpack_exception)
8479/8155    0.003    0.000    0.004    0.000 abstract.py:124(__eq__)
    21559    0.004    0.000    0.004    0.000 {method 'pop' of 'list' objects}
        4    0.000    0.000    0.004    0.001 imputils.py:192(imp)
     7442    0.004    0.000    0.004    0.000 {method 'expandtabs' of 'str' objects}
      459    0.000    0.000    0.004    0.000 compiler_lock.py:22(__exit__)
        1    0.000    0.000    0.004    0.004 ElementTree.py:36(_get_py3_cls)
      115    0.000    0.000    0.004    0.000 values.py:973(descr_prototype)
       10    0.000    0.000    0.004    0.000 core.py:5642(__init__)
     3299    0.002    0.000    0.004    0.000 <frozen importlib._bootstrap_external>:84(_unpack_uint32)
      127    0.000    0.000    0.003    0.000 textwrap.py:341(_split_chunks)
        6    0.000    0.000    0.003    0.001 byteflow.py:94(run)
      265    0.000    0.000    0.003    0.000 module.py:240(_next)
      409    0.000    0.000    0.003    0.000 rcsetup.py:307(validate_color)
      112    0.000    0.000    0.003    0.000 typing.py:514(__getitem__)
        1    0.000    0.000    0.003    0.003 check.py:1(<module>)
        1    0.000    0.000    0.003    0.003 platform.py:1(<module>)
        1    0.000    0.000    0.003    0.003 series.py:263(Series)
      423    0.001    0.000    0.003    0.000 values.py:1104(__init__)
      838    0.000    0.000    0.003    0.000 typing.py:723(<genexpr>)
      322    0.001    0.000    0.003    0.000 event.py:422(trigger_event)
     30/9    0.000    0.000    0.003    0.000 core.py:4524(leave_whitespace)
       41    0.000    0.000    0.003    0.000 overloads.py:23(decorator)
      718    0.001    0.000    0.003    0.000 ansitowin32.py:49(isatty)
        6    0.000    0.000    0.003    0.001 typeinfer.py:1041(build_constraint)
      582    0.001    0.000    0.003    0.000 instructions.py:666(__init__)
      459    0.000    0.000    0.003    0.000 compiler_lock.py:15(release)
      148    0.000    0.000    0.003    0.000 cgutils.py:142(_get_ptr_by_index)
   306/12    0.001    0.000    0.003    0.000 core.py:811(_parseNoCache)
       37    0.000    0.000    0.003    0.000 dataclasses.py:449(_create_fn)
      118    0.000    0.000    0.003    0.000 typeinfer.py:1404(constrain_statement)
      513    0.001    0.000    0.003    0.000 typing.py:1147(__init__)
     2517    0.002    0.000    0.003    0.000 <frozen importlib._bootstrap>:74(__new__)
    72/12    0.000    0.000    0.003    0.000 core.py:3994(parseImpl)
      139    0.000    0.000    0.003    0.000 builder.py:875(call)
        2    0.000    0.000    0.003    0.002 pathlib.py:1306(mkdir)
       12    0.000    0.000    0.003    0.000 codegen.py:1259(_function_pass_manager)
        3    0.000    0.000    0.003    0.001 tokenize.py:352(detect_encoding)
        1    0.000    0.000    0.003    0.003 resolver.py:1(<module>)
      409    0.000    0.000    0.003    0.000 __init__.py:312(<genexpr>)
        6    0.000    0.000    0.003    0.001 typed_passes.py:883(run_pass)
      111    0.000    0.000    0.003    0.000 rcsetup.py:88(f)
        4    0.000    0.000    0.003    0.001 tokenize.py:376(read_or_stop)
      106    0.000    0.000    0.003    0.000 typing.py:746(Literal)
     1206    0.001    0.000    0.003    0.000 typing.py:166(_type_convert)
        4    0.003    0.001    0.003    0.001 {method 'readline' of '_io.BufferedReader' objects}
      102    0.000    0.000    0.003    0.000 typeinfer.py:1473(typeof_assign)
 2030/642    0.002    0.000    0.003    0.000 _parser.py:178(getwidth)
     2288    0.001    0.000    0.003    0.000 base.py:372(_insert_getattr_defn)
      461    0.000    0.000    0.003    0.000 core.py:522(copy)
     1208    0.001    0.000    0.003    0.000 weakref.py:414(__getitem__)
        6    0.000    0.000    0.003    0.001 lowering.py:342(init)
      498    0.001    0.000    0.003    0.000 copy.py:61(copy)
     1100    0.001    0.000    0.003    0.000 <frozen importlib._bootstrap_external>:699(_validate_timestamp_pyc)
      434    0.001    0.000    0.003    0.000 context.py:542(_rate_arguments)
        6    0.000    0.000    0.003    0.001 lowering.py:358(_find_singly_assigned_variable)
     2288    0.000    0.000    0.003    0.000 base.py:380(_insert_cast_defn)
       90    0.000    0.000    0.003    0.000 base.py:500(get_constant_generic)
       23    0.000    0.000    0.003    0.000 module.py:167(link_in)
      333    0.000    0.000    0.003    0.000 models.py:630(get)
        4    0.000    0.000    0.003    0.001 dataclasses.py:1443(make_dataclass)
        4    0.000    0.000    0.003    0.001 boxing.py:474(unbox_array)
     2288    0.000    0.000    0.003    0.000 base.py:384(_insert_get_constant_defn)
     2288    0.000    0.000    0.003    0.000 base.py:376(_insert_setattr_defn)
        7    0.000    0.000    0.003    0.000 codegen.py:767(_finalize_dynamic_globals)
        1    0.000    0.000    0.003    0.003 listobj.py:1(<module>)
       95    0.000    0.000    0.003    0.000 misc.py:72(literal)
      127    0.000    0.000    0.003    0.000 textwrap.py:157(_split)
       11    0.000    0.000    0.003    0.000 callconv.py:454(return_user_exc)
      577    0.001    0.000    0.003    0.000 typing.py:262(_collect_parameters)
       97    0.000    0.000    0.003    0.000 docscrape.py:362(_parse_summary)
        7    0.000    0.000    0.003    0.000 codegen.py:1032(scan_defined_symbols)
       18    0.000    0.000    0.003    0.000 rcsetup.py:662(cycler)
     1655    0.001    0.000    0.003    0.000 contextlib.py:299(helper)
        1    0.000    0.000    0.003    0.003 <frozen importlib._bootstrap_external>:1054(source_to_code)
       87    0.000    0.000    0.003    0.000 cgutils.py:149(__getattr__)
      409    0.000    0.000    0.003    0.000 __init__.py:316(<genexpr>)
    16240    0.003    0.000    0.003    0.000 {method 'extend' of 'list' objects}
       10    0.000    0.000    0.003    0.000 util.py:251(_inner)
      102    0.000    0.000    0.003    0.000 lowering.py:1460(storevar)
       72    0.000    0.000    0.003    0.000 context.py:378(incref)
     8690    0.003    0.000    0.003    0.000 {method 'rpartition' of 'str' objects}
      278    0.001    0.000    0.003    0.000 overrides.py:83(verify_matching_signatures)
      309    0.000    0.000    0.003    0.000 dylib.py:15(add_symbol)
      139    0.001    0.000    0.003    0.000 instructions.py:68(__init__)
      588    0.001    0.000    0.003    0.000 enum.py:1562(__and__)
     3984    0.002    0.000    0.003    0.000 typing.py:1134(_is_dunder)
        2    0.000    0.000    0.003    0.001 _aggregations.py:1(<module>)
       70    0.000    0.000    0.003    0.000 lowering.py:1573(_lit_or_omitted)
        7    0.000    0.000    0.003    0.000 codegen.py:1013(scan_unresolved_symbols)
      921    0.000    0.000    0.003    0.000 __init__.py:164(match)
        1    0.000    0.000    0.003    0.003 __init__.py:274(load)
        6    0.000    0.000    0.003    0.000 untyped_passes.py:138(run_pass)
        6    0.000    0.000    0.003    0.000 typed_passes.py:616(run_pass)
       49    0.000    0.000    0.003    0.000 _internal.py:24(inner)
      318    0.000    0.000    0.003    0.000 cpu_options.py:122(encode)
      412    0.000    0.000    0.003    0.000 colors.py:221(is_color_like)
      242    0.000    0.000    0.003    0.000 models.py:710(getter)
       32    0.000    0.000    0.003    0.000 colors.py:1036(from_list)
     2674    0.001    0.000    0.003    0.000 cbook.py:405(_strip_comment)
       87    0.000    0.000    0.003    0.000 cgutils.py:166(__getitem__)
       29    0.001    0.000    0.003    0.000 pathlib.py:200(_select_from)
        2    0.000    0.000    0.003    0.001 codegen.py:1227(_module_pass_manager)
        2    0.000    0.000    0.003    0.001 templates.py:1107(method_impl)
     2911    0.001    0.000    0.003    0.000 castgraph.py:48(get)
      303    0.000    0.000    0.003    0.000 docscrape.py:558(dedent_lines)
    34545    0.003    0.000    0.003    0.000 {built-in method builtins.callable}
       90    0.000    0.000    0.003    0.000 context.py:263(resolve_getattr)
      756    0.001    0.000    0.003    0.000 types.py:77(__call__)
       39    0.000    0.000    0.003    0.000 cgutils.py:124(_make_refs)
    10145    0.003    0.000    0.003    0.000 <frozen importlib._bootstrap>:491(_verbose_message)
        3    0.000    0.000    0.003    0.001 __init__.py:609(gen_candidates)
      141    0.003    0.000    0.003    0.000 {method 'split' of 're.Pattern' objects}
     62/9    0.000    0.000    0.003    0.000 core.py:3751(leave_whitespace)
      131    0.001    0.000    0.003    0.000 <frozen abc>:110(register)
        1    0.000    0.000    0.003    0.003 __init__.py:552(get_configdir)
        7    0.000    0.000    0.003    0.000 core.py:2768(__init__)
      839    0.001    0.000    0.003    0.000 base.py:123(_match)
      241    0.000    0.000    0.003    0.000 rcsetup.py:279(validate_color_for_prop_cycle)
        6    0.000    0.000    0.003    0.000 lowering.py:295(setup_function)
   133/64    0.000    0.000    0.003    0.000 core.py:3843(copy)
1413/1392    0.001    0.000    0.003    0.000 {built-in method builtins.any}
       58    0.000    0.000    0.003    0.000 typed_passes.py:757(_do_work_expr)
        1    0.000    0.000    0.003    0.003 _tricontour.py:1(<module>)
      323    0.000    0.000    0.003    0.000 functions.py:266(augment)
    30562    0.003    0.000    0.003    0.000 abstract.py:96(key)
      144    0.001    0.000    0.003    0.000 analysis.py:235(compute_cfg_from_blocks)
        5    0.000    0.000    0.003    0.001 callconv.py:468(unpack_dynamic_exception)
      212    0.000    0.000    0.003    0.000 typing.py:885(__init__)
     2386    0.001    0.000    0.003    0.000 values.py:564(_get_reference)
     1222    0.001    0.000    0.003    0.000 templates.py:1247(register)
      430    0.001    0.000    0.003    0.000 docscrape.py:74(read_to_condition)
        2    0.000    0.000    0.002    0.001 nanops.py:1(<module>)
      257    0.000    0.000    0.002    0.000 builder.py:769(store)
        1    0.000    0.000    0.002    0.002 axes3d.py:42(Axes3D)
      852    0.001    0.000    0.002    0.000 ffi.py:329(close)
      121    0.000    0.000    0.002    0.000 templates.py:1002(make_intrinsic_template)
        1    0.000    0.000    0.002    0.002 _dtype_like.py:1(<module>)
       83    0.000    0.000    0.002    0.000 pprint.py:239(_pprint_list)
        6    0.000    0.000    0.002    0.000 interpreter.py:982(peep_hole_delete_with_exit)
      204    0.000    0.000    0.002    0.000 builder.py:922(gep)
      819    0.001    0.000    0.002    0.000 ffi.py:372(__del__)
        7    0.000    0.000    0.002    0.000 enum.py:919(_convert_)
      438    0.000    0.000    0.002    0.000 colors.py:268(to_rgba)
       54    0.000    0.000    0.002    0.000 transforms.py:353(canonicalize_cfg)
       50    0.000    0.000    0.002    0.000 base.py:1183(__init__)
    45/12    0.000    0.000    0.002    0.000 typing.py:1267(__getitem__)
       19    0.000    0.000    0.002    0.000 _decorators.py:294(decorate)
       92    0.000    0.000    0.002    0.000 module.py:45(add_metadata)
        1    0.000    0.000    0.002    0.002 spines.py:1(<module>)
      147    0.000    0.000    0.002    0.000 interpreter.py:1794(_dispatch)
     1111    0.001    0.000    0.002    0.000 inspect.py:175(get_annotations)
      308    0.000    0.000    0.002    0.000 ssa.py:207(_run_ssa_block_pass)
        1    0.000    0.000    0.002    0.002 listobject.py:1(<module>)
     1284    0.001    0.000    0.002    0.000 inspect.py:747(unwrap)
        9    0.000    0.000    0.002    0.000 typeconv.py:78(promote)
        9    0.000    0.000    0.002    0.000 castgraph.py:125(promote)
       53    0.000    0.000    0.002    0.000 util.py:240(replaced_by_pep8)
       23    0.000    0.000    0.002    0.000 linker.py:5(link_modules)
   165/83    0.000    0.000    0.002    0.000 pprint.py:416(_format_items)
      409    0.000    0.000    0.002    0.000 __init__.py:103(<genexpr>)
       82    0.000    0.000    0.002    0.000 typing.py:1047(_generic_class_getitem)
       50    0.000    0.000    0.002    0.000 base.py:1212(__call__)
      300    0.000    0.000    0.002    0.000 builder.py:756(load)
       54    0.000    0.000    0.002    0.000 transforms.py:283(canonicalize_cfg_single_backedge)
       12    0.000    0.000    0.002    0.000 inline_closurecall.py:1397(match)
        2    0.000    0.000    0.002    0.001 utils.py:492(inner)
      356    0.001    0.000    0.002    0.000 inspect.py:794(_finddoc)
        1    0.000    0.000    0.002    0.002 base.py:147(_load_global_helpers)
1199/1151    0.001    0.000    0.002    0.000 values.py:445(__init__)
       12    0.000    0.000    0.002    0.000 inline_closurecall.py:1410(_inline_const_arraycall)
      194    0.000    0.000    0.002    0.000 docscrape.py:216(_read_sections)
       54    0.000    0.000    0.002    0.000 postproc.py:46(livemap)
        6    0.000    0.000    0.002    0.000 ir.py:1623(dump_to_string)
     2517    0.002    0.000    0.002    0.000 <frozen importlib._bootstrap>:82(remove)
        2    0.000    0.000    0.002    0.001 rangeobj.py:89(getiter_range32_impl)
        6    0.000    0.000    0.002    0.000 ir.py:1597(dump)
        1    0.000    0.000    0.002    0.002 unicode_support.py:1(<module>)
       54    0.001    0.000    0.002    0.000 analysis.py:118(compute_dead_maps)
     6599    0.002    0.000    0.002    0.000 event.py:265(on_start)
4707/4537    0.002    0.000    0.002    0.000 {method 'update' of 'dict' objects}
     3346    0.001    0.000    0.002    0.000 <frozen os>:762(encode)
     5142    0.001    0.000    0.002    0.000 <frozen importlib._bootstrap>:1226(__exit__)
        6    0.000    0.000    0.002    0.000 compiler.py:527(define_pipelines)
       12    0.000    0.000    0.002    0.000 ir.py:1323(dump)
      423    0.000    0.000    0.002    0.000 values.py:979(<genexpr>)
       24    0.001    0.000    0.002    0.000 util.py:186(_collapse_string_to_ranges)
      886    0.000    0.000    0.002    0.000 context.py:517(can_convert)
     1279    0.001    0.000    0.002    0.000 <frozen importlib._bootstrap>:445(cb)
       54    0.000    0.000    0.002    0.000 analysis.py:60(compute_live_map)
        6    0.000    0.000    0.002    0.000 compiler.py:547(define_nopython_pipeline)
       11    0.000    0.000    0.002    0.000 callconv.py:397(set_static_user_exc)
        1    0.000    0.000    0.002    0.002 __init__.py:571(get_cachedir)
        1    0.000    0.000    0.002    0.002 version.py:159(Version)
     4402    0.001    0.000    0.002    0.000 <frozen importlib._bootstrap_external>:134(<genexpr>)
       50    0.000    0.000    0.002    0.000 base.py:1200(_has_loc)
        1    0.000    0.000    0.002    0.002 core.py:394(ParserElement)
        1    0.000    0.000    0.002    0.002 nrtdynmod.py:181(create_nrt_module)
     1081    0.002    0.000    0.002    0.000 extending.py:62(overload)
     2517    0.002    0.000    0.002    0.000 <frozen importlib._bootstrap>:79(__init__)
      625    0.001    0.000    0.002    0.000 <frozen posixpath>:71(join)
     2593    0.001    0.000    0.002    0.000 <frozen importlib._bootstrap>:645(parent)
        2    0.002    0.001    0.002    0.001 {built-in method posix.mkdir}
    15612    0.002    0.000    0.002    0.000 {method 'write' of '_io.StringIO' objects}
    20600    0.002    0.000    0.002    0.000 {built-in method builtins.iter}
        1    0.000    0.000    0.002    0.002 accessor.py:157(StringMethods)
        1    0.000    0.000    0.002    0.002 setobj.py:1(<module>)
  214/201    0.000    0.000    0.002    0.000 base.py:689(cast)
        8    0.000    0.000    0.002    0.000 typeinfer.py:1579(typeof_global)
    11085    0.002    0.000    0.002    0.000 _parser.py:240(__next)
        2    0.000    0.000    0.002    0.001 rangeobj.py:102(from_range_state)
      308    0.000    0.000    0.002    0.000 values.py:1123(__str__)
       45    0.000    0.000    0.002    0.000 instructions.py:215(set_weights)
      730    0.000    0.000    0.002    0.000 <frozen _collections_abc>:811(__contains__)
        1    0.000    0.000    0.002    0.002 readers.py:1907(read)
    22533    0.002    0.000    0.002    0.000 pprint.py:95(__lt__)
        1    0.000    0.000    0.002    0.002 __init__.py:336(Version)
      180    0.000    0.000    0.002    0.000 context.py:287(find_matching_getattr_template)
       79    0.000    0.000    0.002    0.000 pythonapi.py:1304(_get_function)
     1655    0.002    0.000    0.002    0.000 contextlib.py:104(__init__)
      108    0.000    0.000    0.002    0.000 analysis.py:71(fix_point)
     3327    0.001    0.000    0.002    0.000 abstract.py:127(__ne__)
      432    0.000    0.000    0.002    0.000 __init__.py:757(normalize)
      204    0.001    0.000    0.002    0.000 instructions.py:533(__init__)
     9226    0.002    0.000    0.002    0.000 enum.py:1129(__new__)
      127    0.000    0.000    0.002    0.000 ffi.py:270(__exit__)
      321    0.001    0.000    0.002    0.000 docscrape.py:174(_is_at_section)
      137    0.000    0.000    0.002    0.000 instructions.py:175(descr)
        6    0.000    0.000    0.002    0.000 funcdesc.py:187(from_specialized_function)
        6    0.000    0.000    0.002    0.000 funcdesc.py:166(_from_python_function)
      254    0.000    0.000    0.002    0.000 ffi.py:260(close)
      605    0.001    0.000    0.002    0.000 _inspect.py:96(getargspec)
       22    0.000    0.000    0.002    0.000 core.py:4930(parseImpl)
        1    0.000    0.000    0.002    0.002 rolling.py:1(<module>)
     1277    0.001    0.000    0.002    0.000 <frozen importlib._bootstrap>:1128(find_spec)
       65    0.000    0.000    0.002    0.000 deprecation.py:128(deprecate)
     2927    0.001    0.000    0.002    0.000 castgraph.py:65(__getitem__)
        6    0.000    0.000    0.002    0.000 funcdesc.py:38(__init__)
      310    0.000    0.000    0.002    0.000 inspect.py:3066(replace)
     1570    0.001    0.000    0.002    0.000 context.py:469(_insert_global)
     1377    0.001    0.000    0.002    0.000 <frozen importlib._bootstrap_external>:185(_path_abspath)
      104    0.000    0.000    0.002    0.000 docscrape.py:205(_read_to_next_section)
      137    0.001    0.000    0.002    0.000 instructions.py:133(_descr)
     6342    0.002    0.000    0.002    0.000 {method 'endswith' of 'str' objects}
      131    0.000    0.000    0.002    0.000 {built-in method _abc._abc_register}
       12    0.000    0.000    0.002    0.000 base.py:284(mangler)
     2517    0.001    0.000    0.002    0.000 <frozen importlib._bootstrap>:173(__exit__)
     5174    0.001    0.000    0.002    0.000 <frozen os>:766(decode)
       12    0.000    0.000    0.002    0.000 funcdesc.py:12(default_mangler)
      204    0.000    0.000    0.002    0.000 instructions.py:555(descr)
       12    0.000    0.000    0.002    0.000 itanium_mangler.py:170(mangle)
     5142    0.001    0.000    0.002    0.000 <frozen importlib._bootstrap>:1222(__enter__)
     1247    0.000    0.000    0.002    0.000 context.py:494(insert_global)
       86    0.000    0.000    0.002    0.000 npydecl.py:319(register_numpy_ufunc)
      102    0.000    0.000    0.002    0.000 npydecl.py:25(_handle_inputs)
      486    0.000    0.000    0.002    0.000 pathlib.py:1157(__init__)
        1    0.000    0.000    0.002    0.002 npyimpl.py:1(<module>)
       54    0.000    0.000    0.002    0.000 typed_passes.py:700(_get_callable_info)
      176    0.000    0.000    0.002    0.000 context.py:268(core)
       44    0.000    0.000    0.002    0.000 callconv.py:161(_get_arg_packer)
       10    0.000    0.000    0.002    0.000 callwrapper.py:38(cleanup_arg)
      215    0.000    0.000    0.002    0.000 _functools.py:89(pass_none)
     1281    0.001    0.000    0.002    0.000 __init__.py:82(find_spec)
       44    0.000    0.000    0.002    0.000 base.py:319(get_arg_packer)
      224    0.000    0.000    0.002    0.000 docscrape.py:84(read_to_next_empty_line)
      127    0.000    0.000    0.002    0.000 typeof.py:41(typeof_impl)
      152    0.000    0.000    0.002    0.000 byteflow.py:333(dispatch)
     9490    0.002    0.000    0.002    0.000 {method 'isidentifier' of 'str' objects}
       19    0.000    0.000    0.002    0.000 module.py:109(verify)
        1    0.000    0.000    0.002    0.002 widgets.py:1(<module>)
    13198    0.002    0.000    0.002    0.000 event.py:138(is_start)
       44    0.000    0.000    0.002    0.000 packer.py:73(__init__)
    11143    0.002    0.000    0.002    0.000 {method 'strip' of 'str' objects}
      169    0.001    0.000    0.002    0.000 colors.py:310(_to_rgba_no_colorcycle)
      115    0.000    0.000    0.002    0.000 passmanagers.py:739(initialize)
        1    0.002    0.002    0.002    0.002 {method 'write' of '_io.FileIO' objects}
      115    0.000    0.000    0.002    0.000 passmanagers.py:746(finalize)
1120/1119    0.000    0.000    0.002    0.000 {built-in method builtins.all}
     1281    0.001    0.000    0.002    0.000 target_extension.py:14(__getitem__)
     9286    0.002    0.000    0.002    0.000 {method 'copy' of 'dict' objects}
      252    0.000    0.000    0.002    0.000 target_extension.py:81(_get_local_target_checked)
      300    0.000    0.000    0.002    0.000 instructions.py:434(__init__)
        2    0.000    0.000    0.002    0.001 core.py:5932(srange)
       54    0.000    0.000    0.002    0.000 typed_passes.py:702(get_func_type)
        1    0.000    0.000    0.002    0.002 docscrape.py:118(NumpyDocString)
    14736    0.002    0.000    0.002    0.000 {built-in method builtins.id}
      348    0.000    0.000    0.002    0.000 _parser.py:98(closegroup)
        1    0.000    0.000    0.002    0.002 _char_codes.py:1(<module>)
    45/12    0.000    0.000    0.002    0.000 typing.py:1299(_determine_new_args)
        1    0.000    0.000    0.002    0.002 pythonapi.py:1437(from_native_return)
        1    0.000    0.000    0.002    0.002 pythonapi.py:1444(from_native_value)
     3828    0.001    0.000    0.002    0.000 _parser.py:176(append)
      582    0.001    0.000    0.002    0.000 instructions.py:681(descr)
      218    0.000    0.000    0.002    0.000 inline_closurecall.py:1549(list_var_used)
        1    0.000    0.000    0.002    0.002 boxing.py:431(box_array)
      259    0.000    0.000    0.002    0.000 pathlib.py:380(with_segments)
        8    0.000    0.000    0.002    0.000 context.py:329(resolve_setitem)
      176    0.000    0.000    0.002    0.000 contextlib.py:567(__exit__)
      226    0.000    0.000    0.002    0.000 pathlib.py:711(joinpath)
      257    0.000    0.000    0.002    0.000 instructions.py:455(__init__)
    45/12    0.000    0.000    0.002    0.000 typing.py:1328(_make_substitution)
     1279    0.001    0.000    0.002    0.000 <frozen importlib._bootstrap>:232(__init__)
      176    0.000    0.000    0.002    0.000 functools.py:818(dispatch)
      213    0.000    0.000    0.002    0.000 typing.py:345(_remove_dups_flatten)
        6    0.000    0.000    0.002    0.000 templates.py:955(generic)
       67    0.001    0.000    0.001    0.000 colors.py:1089(reversed)
      155    0.000    0.000    0.001    0.000 builder.py:977(insert_value)
      504    0.000    0.000    0.001    0.000 inspect.py:2001(_signature_get_user_defined_method)
       12    0.000    0.000    0.001    0.000 pythonapi.py:1406(serialize_object)
     1099    0.001    0.000    0.001    0.000 {built-in method _imp._fix_co_filename}
        1    0.000    0.000    0.001    0.001 ExifTags.py:21(Base)
     4519    0.001    0.000    0.001    0.000 inspect.py:3045(<genexpr>)
        7    0.000    0.000    0.001    0.000 base.py:1100(get_abi_sizeof)
       66    0.000    0.000    0.001    0.000 core.py:1417(__add__)
        1    0.001    0.001    0.001    0.001 c_parser_wrapper.py:60(__init__)
      215    0.000    0.000    0.001    0.000 _functools.py:99(wrapper)
       14    0.000    0.000    0.001    0.000 transforms.py:93(populate)
1039/1015    0.001    0.000    0.001    0.000 values.py:455(_get_reference)
        6    0.000    0.000    0.001    0.000 ssa.py:176(_run_block_analysis)
        4    0.000    0.000    0.001    0.000 quicksort.py:255(make_jit_quicksort)
     8938    0.001    0.000    0.001    0.000 {built-in method _imp.release_lock}
       66    0.000    0.000    0.001    0.000 itanium_mangler.py:107(mangle_identifier)
       16    0.000    0.000    0.001    0.000 pythonapi.py:288(err_set_string)
        4    0.000    0.000    0.001    0.000 quicksort.py:27(make_quicksort_impl)
        7    0.000    0.000    0.001    0.000 types.py:48(get_abi_size)
      423    0.000    0.000    0.001    0.000 values.py:1051(__init__)
       70    0.000    0.000    0.001    0.000 deprecation.py:257(rename_parameter)
    38/18    0.000    0.000    0.001    0.000 core.py:4512(parseImpl)
      940    0.001    0.000    0.001    0.000 numpy_support.py:339(ufunc_can_cast)
      156    0.000    0.000    0.001    0.000 instructions.py:205(descr)
     1753    0.001    0.000    0.001    0.000 context.py:455(_lookup_global)
     2251    0.001    0.000    0.001    0.000 ir.py:1290(find_insts)
        7    0.000    0.000    0.001    0.000 codegen.py:1150(create_library)
    12610    0.001    0.000    0.001    0.000 {built-in method time.perf_counter}
       24    0.000    0.000    0.001    0.000 compiler_machinery.py:246(finalize)
        7    0.000    0.000    0.001    0.000 codegen.py:643(__init__)
       34    0.000    0.000    0.001    0.000 typing.py:1822(__new__)
     6637    0.001    0.000    0.001    0.000 {method 'group' of 're.Match' objects}
        8    0.000    0.000    0.001    0.000 typeinfer.py:720(__call__)
        1    0.000    0.000    0.001    0.001 rolling.py:1855(Rolling)
      128    0.000    0.000    0.001    0.000 builder.py:568(_icmp)
       36    0.000    0.000    0.001    0.000 quicksort.py:257(<lambda>)
      346    0.000    0.000    0.001    0.000 values.py:507(__hash__)
      486    0.001    0.000    0.001    0.000 pathlib.py:358(__init__)
     8938    0.001    0.000    0.001    0.000 {built-in method _imp.acquire_lock}
     9393    0.001    0.000    0.001    0.000 {method '__contains__' of 'frozenset' objects}
     2256    0.001    0.000    0.001    0.000 builder.py:351(_insert)
       17    0.000    0.000    0.001    0.000 callconv.py:801(get_function_type)
      696    0.001    0.000    0.001    0.000 typeconv.py:40(check_compatible)
        8    0.000    0.000    0.001    0.000 pythonapi.py:1377(serialize_uncached)
      816    0.001    0.000    0.001    0.000 values.py:860(__init__)
      143    0.001    0.000    0.001    0.000 <frozen importlib._bootstrap_external>:1567(__init__)
     1377    0.001    0.000    0.001    0.000 <frozen importlib._bootstrap_external>:180(_path_isabs)
      496    0.001    0.000    0.001    0.000 copy.py:247(_reconstruct)
  271/171    0.000    0.000    0.001    0.000 core.py:1908(name)
        8    0.001    0.000    0.001    0.000 enum.py:1708(convert_class)
        1    0.000    0.000    0.001    0.001 expanding.py:1(<module>)
        6    0.000    0.000    0.001    0.000 interpreter.py:1014(peep_hole_fuse_dict_add_updates)
     1281    0.001    0.000    0.001    0.000 <frozen importlib._bootstrap>:982(find_spec)
        6    0.000    0.000    0.001    0.000 typeinfer.py:781(__call__)
       24    0.001    0.000    0.001    0.000 compiler_machinery.py:370(dependency_analysis)
      336    0.000    0.000    0.001    0.000 errors.py:489(catch_warnings)
       26    0.000    0.000    0.001    0.000 deprecation.py:416(make_keyword_only)
      257    0.000    0.000    0.001    0.000 instructions.py:459(descr)
      149    0.000    0.000    0.001    0.000 interpreter.py:1832(store)
        8    0.000    0.000    0.001    0.000 dataclasses.py:568(_init_fn)
     5005    0.001    0.000    0.001    0.000 {method 'pop' of 'dict' objects}
        2    0.000    0.000    0.001    0.001 parser.py:56(parsestr)
        7    0.000    0.000    0.001    0.000 types.py:33(_get_ll_pointer_type)
     22/3    0.000    0.000    0.001    0.000 core.py:3944(streamline)
       10    0.000    0.000    0.001    0.000 models.py:558(_from)
  215/117    0.000    0.000    0.001    0.000 core.py:1878(default_name)
        2    0.000    0.000    0.001    0.001 parser.py:41(parse)
     2371    0.001    0.000    0.001    0.000 {method 'match' of 're.Pattern' objects}
        1    0.000    0.000    0.001    0.001 frame.py:694(__init__)
       13    0.000    0.000    0.001    0.000 deprecation.py:198(_inner_deprecate_positional_args)
      204    0.000    0.000    0.001    0.000 ir.py:926(__str__)
        1    0.000    0.000    0.001    0.001 expanding.py:51(Expanding)
     5734    0.001    0.000    0.001    0.000 {built-in method sys.intern}
    26/14    0.000    0.000    0.001    0.000 core.py:4242(parseImpl)
       14    0.000    0.000    0.001    0.000 codegen.py:1269(_pass_manager_builder)
       13    0.000    0.000    0.001    0.000 models.py:551(_as)
        2    0.000    0.000    0.001    0.001 imputils.py:333(wrapper)
   256/18    0.000    0.000    0.001    0.000 ast.py:403(visit)
       11    0.000    0.000    0.001    0.000 callconv.py:813(decorate_function)
      169    0.000    0.000    0.001    0.000 inspect.py:2095(_signature_bound_method)
     4693    0.001    0.000    0.001    0.000 _parser.py:256(match)
      206    0.000    0.000    0.001    0.000 docscrape.py:92(read_to_next_unindented_line)
        1    0.000    0.000    0.001    0.001 arrayobj.py:4321(_parse_empty_args)
     1527    0.001    0.000    0.001    0.000 templates.py:1257(register_global)
       14    0.000    0.000    0.001    0.000 core.py:115(doc_note)
        1    0.000    0.000    0.001    0.001 ipaddress.py:1(<module>)
        1    0.000    0.000    0.001    0.001 arrayobj.py:4273(_parse_shape)
        1    0.000    0.000    0.001    0.001 construction.py:423(dict_to_mgr)
        4    0.000    0.000    0.001    0.000 typeinfer.py:472(__call__)
       20    0.000    0.000    0.001    0.000 codegen.py:1220(_create_empty_module)
        1    0.000    0.000    0.001    0.001 constructor.py:1(<module>)
        7    0.000    0.000    0.001    0.000 templates.py:1052(_init_once)
        1    0.000    0.000    0.001    0.001 core.py:238(reload_library)
      561    0.000    0.000    0.001    0.000 target_extension.py:52(get_local_target)
       67    0.000    0.000    0.001    0.000 core.py:3909(__init__)
     1839    0.001    0.000    0.001    0.000 enum.py:1544(_get_value)
      644    0.000    0.000    0.001    0.000 functions.py:230(_unlit_non_poison)
        1    0.000    0.000    0.001    0.001 core.py:198(update_user_library)
   256/18    0.000    0.000    0.001    0.000 ast.py:409(generic_visit)
       24    0.000    0.000    0.001    0.000 deprecation_helpers.py:79(_decorator)
        6    0.000    0.000    0.001    0.000 ir_utils.py:2316(fixup_var_define_in_scope)
       14    0.000    0.000    0.001    0.000 llvm_bindings.py:36(create_pass_manager_builder)
      844    0.000    0.000    0.001    0.000 _compiler.py:398(_simple)
        6    0.000    0.000    0.001    0.000 functools.py:774(_find_impl)
      141    0.000    0.000    0.001    0.000 ir.py:589(__repr__)
     1235    0.000    0.000    0.001    0.000 target_extension.py:120(inherits_from)
     30/4    0.000    0.000    0.001    0.000 core.py:3791(streamline)
        3    0.000    0.000    0.001    0.000 __init__.py:685(zip_children)
     3814    0.001    0.000    0.001    0.000 _parser.py:164(__len__)
       44    0.000    0.000    0.001    0.000 _base.py:66(__set_name__)
       29    0.000    0.000    0.001    0.000 overloads.py:39(extract_template)
      259    0.000    0.000    0.001    0.000 cgutils.py:158(__setattr__)
     1580    0.001    0.000    0.001    0.000 registry.py:67(__getitem__)
     10/9    0.000    0.000    0.001    0.000 consts.py:73(_infer_expr)
        3    0.000    0.000    0.001    0.000 __init__.py:255(__init__)
        6    0.000    0.000    0.001    0.000 functools.py:732(_compose_mro)
       82    0.000    0.000    0.001    0.000 pprint.py:247(_pprint_tuple)
        3    0.000    0.000    0.001    0.000 __init__.py:131(make)
        7    0.000    0.000    0.001    0.000 codegen.py:1289(_check_llvm_bugs)
        1    0.000    0.000    0.001    0.001 config_init.py:1(<module>)
        1    0.000    0.000    0.001    0.001 mathdecl.py:1(<module>)
        3    0.000    0.000    0.001    0.000 __init__.py:73(__init__)
       32    0.000    0.000    0.001    0.000 typeinfer.py:222(__call__)
     5082    0.001    0.000    0.001    0.000 {method '__exit__' of '_thread.RLock' objects}
       17    0.000    0.000    0.001    0.000 module.py:207(clone)
        3    0.000    0.000    0.001    0.000 __init__.py:1292(__init__)
       25    0.000    0.000    0.001    0.000 typing.py:740(Optional)
        3    0.000    0.000    0.001    0.000 feedparser.py:171(feed)
        1    0.000    0.000    0.001    0.001 npyimpl.py:560(register_ufuncs)
     1189    0.001    0.000    0.001    0.000 base.py:138(append)
      356    0.000    0.000    0.001    0.000 inspect.py:784(_findclass)
     1104    0.001    0.000    0.001    0.000 <frozen importlib._bootstrap>:48(_new_module)
      155    0.000    0.000    0.001    0.000 instructions.py:693(__init__)
        3    0.000    0.000    0.001    0.000 npydecl.py:194(install_operations)
        1    0.000    0.000    0.001    0.001 helpers.py:603(make_html_tags)
     78/4    0.000    0.000    0.001    0.000 core.py:962(_parseCache)
      201    0.000    0.000    0.001    0.000 instructions.py:201(__init__)
        1    0.000    0.000    0.001    0.001 helpers.py:545(_makeTags)
      150    0.000    0.000    0.001    0.000 typeinfer.py:1097(add_type)
        4    0.000    0.000    0.001    0.000 numbers.py:629(real_div_impl)
      311    0.001    0.000    0.001    0.000 numpy_support.py:125(as_dtype)
        2    0.000    0.000    0.001    0.001 ssa.py:184(_run_block_rewrite)
      102    0.000    0.000    0.001    0.000 ssa.py:269(on_assign)
     1351    0.000    0.000    0.001    0.000 types.py:30(__ne__)
       23    0.000    0.000    0.001    0.000 targets.py:9(get_process_triple)
      100    0.001    0.000    0.001    0.000 typing.py:1096(_generic_init_subclass)
        1    0.000    0.000    0.001    0.001 passmanagers.py:634(add_loop_rotate_pass)
       54    0.000    0.000    0.001    0.000 transforms.py:306(yield_loops_with_multiple_backedges)
       43    0.000    0.000    0.001    0.000 dispatcher.py:89(__init__)
      201    0.000    0.000    0.001    0.000 values.py:961(append_basic_block)
     1222    0.001    0.000    0.001    0.000 context.py:501(insert_function)
    14558    0.001    0.000    0.001    0.000 pprint.py:92(__init__)
      300    0.000    0.000    0.001    0.000 instructions.py:439(descr)
      202    0.000    0.000    0.001    0.000 lowering.py:1412(_alloca_var)
        1    0.000    0.000    0.001    0.001 extras.py:1(<module>)
     5737    0.001    0.000    0.001    0.000 {method 'decode' of 'bytes' objects}
        1    0.000    0.000    0.001    0.001 constructor.py:171(SafeConstructor)
       36    0.000    0.000    0.001    0.000 arrayobj.py:55(mark_positive)
       32    0.000    0.000    0.001    0.000 colors.py:409(to_rgba_array)
      132    0.000    0.000    0.001    0.000 instructions.py:349(__init__)
       60    0.000    0.000    0.001    0.000 controlflow.py:272(loops)
      409    0.001    0.000    0.001    0.000 __init__.py:109(read)
        2    0.000    0.000    0.001    0.001 _strptime.py:173(__init__)
       12    0.000    0.000    0.001    0.000 itanium_mangler.py:163(mangle_args)
       20    0.000    0.000    0.001    0.000 core.py:5040(parseImpl)
      150    0.000    0.000    0.001    0.000 controlflow.py:141(process)
      166    0.000    0.000    0.001    0.000 builder.py:248(append_basic_block)
      231    0.000    0.000    0.001    0.000 types.py:424(wrap_constant_value)
      394    0.000    0.000    0.001    0.000 {built-in method _functools.reduce}
    82/32    0.000    0.000    0.001    0.000 itanium_mangler.py:127(mangle_type_or_value)
        5    0.000    0.000    0.001    0.000 feedparser.py:176(_call_parse)
      153    0.000    0.000    0.001    0.000 interpreter.py:1518(_iter_inst)
     5035    0.001    0.000    0.001    0.000 {method 'encode' of 'str' objects}
       36    0.000    0.000    0.001    0.000 arrayobj.py:44(set_range_metadata)
6136/6134    0.001    0.000    0.001    0.000 {built-in method posix.fspath}
       66    0.000    0.000    0.001    0.000 controlflow.py:219(_loops)
        6    0.000    0.000    0.001    0.000 untyped_passes.py:59(run_pass)
        2    0.000    0.000    0.001    0.001 transforms.py:87(_populate_module_pm)
        5    0.000    0.000    0.001    0.000 feedparser.py:216(_parsegen)
        1    0.000    0.000    0.001    0.001 dataframe_protocol.py:1(<module>)
     2408    0.001    0.000    0.001    0.000 _parser.py:293(tell)
      852    0.001    0.000    0.001    0.000 errors.py:834(new_error_context)
     6362    0.001    0.000    0.001    0.000 {method 'values' of 'dict' objects}
      903    0.001    0.000    0.001    0.000 enum.py:850(__setattr__)
        1    0.000    0.000    0.001    0.001 pathlib.py:1059(_scandir)
        1    0.000    0.000    0.001    0.001 defchararray.py:1(<module>)
        1    0.001    0.001    0.001    0.001 {built-in method posix.scandir}
        6    0.000    0.000    0.001    0.000 bytecode.py:407(__init__)
        1    0.000    0.000    0.001    0.001 resample.py:1(<module>)
     1785    0.001    0.000    0.001    0.000 utils.py:485(__setitem__)
       91    0.000    0.000    0.001    0.000 builder.py:738(alloca)
       16    0.000    0.000    0.001    0.000 callconv.py:736(check_try_status)
       10    0.000    0.000    0.001    0.000 base.py:652(get_returned_value)
        1    0.000    0.000    0.001    0.001 passmanagers.py:1(<module>)
      123    0.000    0.000    0.001    0.000 builder.py:31(wrapped)
       31    0.000    0.000    0.001    0.000 typing.py:1449(__getitem__)
       10    0.000    0.000    0.001    0.000 packer.py:87(as_arguments)
     3322    0.001    0.000    0.001    0.000 {built-in method from_bytes}
        1    0.000    0.000    0.001    0.001 TiffTags.py:1(<module>)
      354    0.001    0.000    0.001    0.000 functions.py:78(add_error)
     3027    0.001    0.000    0.001    0.000 {method 'rfind' of 'str' objects}
       72    0.000    0.000    0.001    0.000 config.py:811(inner)
       22    0.000    0.000    0.001    0.000 core.py:5173(parseImpl)
      150    0.000    0.000    0.001    0.000 controlflow.py:396(_eliminate_dead_blocks)
       66    0.000    0.000    0.001    0.000 controlflow.py:662(_find_loops)
        1    0.000    0.000    0.001    0.001 dviread.py:1(<module>)
      215    0.000    0.000    0.001    0.000 __init__.py:675(joinpath)
        1    0.000    0.000    0.001    0.001 getlimits.py:162(_register_known_types)
        2    0.000    0.000    0.001    0.000 __init__.py:299(loads)
      522    0.001    0.000    0.001    0.000 compute.py:106(_get_arg_names)
      586    0.001    0.000    0.001    0.000 _inspect.py:65(getargs)
      291    0.001    0.000    0.001    0.000 _parser.py:449(_uniq)
     1552    0.001    0.000    0.001    0.000 copy.py:231(_keep_alive)
        1    0.000    0.000    0.001    0.001 dataarray.py:255(DataArray)
        2    0.000    0.000    0.001    0.000 _strptime.py:1(<module>)
       58    0.000    0.000    0.001    0.000 core.py:3066(parseImpl)
       55    0.000    0.000    0.001    0.000 typing.py:1458(copy_with)
      423    0.000    0.000    0.001    0.000 values.py:1091(_to_list)
        2    0.000    0.000    0.001    0.000 decoder.py:332(decode)
        9    0.000    0.000    0.001    0.000 typing.py:2854(__new__)
     23/6    0.000    0.000    0.001    0.000 core.py:4550(streamline)
        2    0.000    0.000    0.001    0.000 decoder.py:343(raw_decode)
        1    0.000    0.000    0.001    0.001 ssa.py:84(_fix_ssa_vars)
       12    0.000    0.000    0.001    0.000 dataclasses.py:661(_cmp_fn)
     5455    0.001    0.000    0.001    0.000 {method 'find' of 'str' objects}
       36    0.000    0.000    0.001    0.000 cgutils.py:145(_get_ptr_by_name)
        5    0.000    0.000    0.001    0.000 models.py:625(from_return)
      616    0.000    0.000    0.001    0.000 {built-in method fromkeys}
       83    0.000    0.000    0.001    0.000 builder.py:579(icmp_signed)
        1    0.000    0.000    0.001    0.001 datatree_ops.py:284(MappedDataWithCoords)
      718    0.001    0.000    0.001    0.000 {method 'isatty' of '_io.TextIOWrapper' objects}
      172    0.000    0.000    0.001    0.000 functools.py:741(is_related)
       86    0.000    0.000    0.001    0.000 core.py:3717(__init__)
        1    0.000    0.000    0.001    0.001 nrtopt.py:1(<module>)
        9    0.000    0.000    0.001    0.000 lowering.py:832(fold_call_args)
      166    0.000    0.000    0.001    0.000 itanium_mangler.py:63(_escape_string)
     5898    0.001    0.000    0.001    0.000 _utils.py:13(is_used)
      936    0.000    0.000    0.001    0.000 {built-in method builtins.delattr}
       72    0.000    0.000    0.001    0.000 config.py:491(register_option)
        6    0.000    0.000    0.001    0.000 compiler.py:642(define_untyped_pipeline)
      319    0.000    0.000    0.001    0.000 typing.py:317(_deduplicate)
        6    0.000    0.000    0.001    0.000 bytecode.py:376(__init__)
        6    0.000    0.000    0.001    0.000 typeinfer.py:1123(unify)
        6    0.000    0.000    0.001    0.000 lowering.py:212(extract_function_arguments)
      160    0.001    0.000    0.001    0.000 shape_base.py:612(column_stack)
     2779    0.001    0.000    0.001    0.000 inspect.py:371(isfunction)
       18    0.000    0.000    0.001    0.000 itanium_mangler.py:154(mangle_templated_ident)
       21    0.000    0.000    0.001    0.000 templates.py:189(fold_arguments)
        1    0.000    0.000    0.001    0.001 models.py:1(<module>)
     2013    0.001    0.000    0.001    0.000 abstract.py:20(_autoincr)
       74    0.000    0.000    0.001    0.000 inspect.py:3262(__str__)
        6    0.000    0.000    0.001    0.000 callconv.py:152(decode_arguments)
 3538/834    0.001    0.000    0.001    0.000 __init__.py:353(recursive_subclasses)
        2    0.000    0.000    0.001    0.000 _distributor_init.py:1(<module>)
      493    0.000    0.000    0.001    0.000 typing.py:1178(__getattr__)
      318    0.001    0.000    0.001    0.000 cpu_options.py:112(_get_values)
        1    0.000    0.000    0.001    0.001 __init__.py:469(StrFormatStyle)
        2    0.000    0.000    0.001    0.000 imputils.py:241(iternext_wrapper)
    11067    0.001    0.000    0.001    0.000 inspect.py:2765(name)
       12    0.000    0.000    0.001    0.000 untyped_passes.py:182(run_pass)
      215    0.000    0.000    0.001    0.000 __init__.py:838(_name_from_stem)
     1294    0.000    0.000    0.001    0.000 templates.py:361(<genexpr>)
       87    0.000    0.000    0.001    0.000 contextlib.py:272(contextmanager)
       10    0.000    0.000    0.001    0.000 models.py:612(as_argument)
       10    0.000    0.000    0.001    0.000 callconv.py:777(_get_return_status)
      201    0.000    0.000    0.001    0.000 values.py:1154(__init__)
       52    0.000    0.000    0.001    0.000 base.py:510(get_constant)
      719    0.001    0.000    0.001    0.000 typeinfer.py:916(__getitem__)
     9860    0.001    0.000    0.001    0.000 inspect.py:2777(kind)
      173    0.000    0.000    0.001    0.000 values.py:452(_to_string)
      132    0.000    0.000    0.001    0.000 instructions.py:365(descr)
       25    0.000    0.000    0.001    0.000 cgutils.py:173(__setitem__)
     2686    0.001    0.000    0.001    0.000 util.py:189(is_consecutive)
       25    0.000    0.000    0.001    0.000 misc.py:87(maybe_literal)
        6    0.000    0.000    0.001    0.000 getlimits.py:34(__init__)
     3180    0.001    0.000    0.001    0.000 cpu_options.py:123(<genexpr>)
       54    0.000    0.000    0.001    0.000 postproc.py:38(cfg)
      362    0.000    0.000    0.001    0.000 inspect.py:2133(_signature_is_functionlike)
      250    0.000    0.000    0.001    0.000 __init__.py:389(__getattr__)
       38    0.000    0.000    0.001    0.000 cgutils.py:656(pack_array)
       34    0.000    0.000    0.001    0.000 context.py:8(get_global_context)
     5052    0.001    0.000    0.001    0.000 {built-in method _thread.get_ident}
        1    0.000    0.000    0.001    0.001 _core.py:1(<module>)
       44    0.000    0.000    0.001    0.000 _base.py:51(__init__)
       73    0.000    0.000    0.001    0.000 values.py:806(descr)
        6    0.000    0.000    0.001    0.000 bytecode.py:268(__init__)
       88    0.000    0.000    0.001    0.000 typeinfer.py:513(fold_arg_vars)
        1    0.000    0.000    0.001    0.001 interval.py:186(IntervalArray)
     1123    0.000    0.000    0.001    0.000 misc.py:63(unliteral)
        1    0.000    0.000    0.001    0.001 signal.py:1(<module>)
      127    0.000    0.000    0.001    0.000 cffi_utils.py:39(is_cffi_func)
      128    0.000    0.000    0.001    0.000 datatree_mapping.py:74(map_over_subtree)
        6    0.000    0.000    0.001    0.000 removerefctpass.py:99(remove_unnecessary_nrt_usage)
       31    0.001    0.000    0.001    0.000 {built-in method numpy.arange}
      126    0.000    0.000    0.001    0.000 ir_utils.py:2211(enforce_no_dels)
     1624    0.001    0.000    0.001    0.000 functools.py:65(wraps)
        1    0.000    0.000    0.001    0.001 values.py:1(<module>)
     1281    0.001    0.000    0.001    0.000 {built-in method _imp.is_builtin}
       21    0.000    0.000    0.001    0.000 base.py:431(insert_const_string)
       12    0.000    0.000    0.001    0.000 __init__.py:223(define_aliases)
        8    0.000    0.000    0.001    0.000 context.py:342(resolve_module_constants)
     2750    0.001    0.000    0.001    0.000 {method 'remove' of 'list' objects}
        1    0.000    0.000    0.001    0.001 calendar.py:1(<module>)
        6    0.000    0.000    0.001    0.000 targetconfig.py:290(get_mangle_string)
        1    0.000    0.000    0.001    0.001 callwrapper.py:66(emit_cleanup)
     1358    0.001    0.000    0.001    0.000 copy.py:191(_deepcopy_list)
       24    0.000    0.000    0.001    0.000 ir.py:98(_get_path)
      244    0.001    0.000    0.001    0.000 core.py:461(__init__)
      121    0.000    0.000    0.001    0.000 extending.py:325(__init__)
      336    0.000    0.000    0.001    0.000 inspect.py:1816(getattr_static)
       74    0.000    0.000    0.001    0.000 cgutils.py:682(unpack_tuple)
       36    0.000    0.000    0.001    0.000 rcsetup.py:744(<genexpr>)
        5    0.000    0.000    0.001    0.000 pythonapi.py:283(err_clear)
        1    0.000    0.000    0.001    0.001 groupby.py:1225(GroupBy)
       91    0.000    0.000    0.001    0.000 instructions.py:515(__init__)
       24    0.000    0.000    0.001    0.000 typing.py:1548(__getitem__)
       44    0.000    0.000    0.001    0.000 models.py:135(contains_nrt_meminfo)
     3438    0.001    0.000    0.001    0.000 {method 'acquire' of '_thread.RLock' objects}
      943    0.001    0.000    0.001    0.000 enum.py:79(_is_private)
     4010    0.001    0.000    0.001    0.000 {method 'get' of 'mappingproxy' objects}
       18    0.000    0.000    0.001    0.000 __init__.py:482(cycler)
     2540    0.001    0.000    0.001    0.000 docscrape.py:71(eof)
        1    0.000    0.000    0.001    0.001 _base.py:542(_AxesBase)
       10    0.000    0.000    0.001    0.000 lowering.py:1531(alloca)
      117    0.001    0.000    0.001    0.000 analysis.py:81(def_reach)
        1    0.000    0.000    0.001    0.001 arrayobj.py:4263(codegen)
       24    0.000    0.000    0.001    0.000 <frozen posixpath>:505(relpath)
        1    0.000    0.000    0.001    0.001 context.py:45(wrap)
        1    0.000    0.000    0.001    0.001 string.py:1(<module>)
       78    0.000    0.000    0.001    0.000 controlflow.py:207(_back_edges)
     6599    0.001    0.000    0.001    0.000 event.py:148(is_end)
        6    0.000    0.000    0.001    0.000 removerefctpass.py:37(_legalize)
       12    0.000    0.000    0.001    0.000 typing.py:1562(copy_with)
       29    0.000    0.000    0.001    0.000 typing.py:1519(__getitem__)
        6    0.000    0.000    0.001    0.000 templates.py:1082(_get_function_type)
      3/2    0.000    0.000    0.001    0.000 series.py:389(__init__)
       79    0.000    0.000    0.001    0.000 numbers.py:1363(constant_integer)
        1    0.000    0.000    0.001    0.001 base.py:884(call_internal)
       18    0.000    0.000    0.001    0.000 __init__.py:546(_cycler)
        1    0.000    0.000    0.001    0.001 functions.py:1(<module>)
     7092    0.001    0.000    0.001    0.000 event.py:108(kind)
      204    0.000    0.000    0.001    0.000 numpy_support.py:387(choose_types)
      102    0.001    0.000    0.001    0.000 npydecl.py:61(<genexpr>)
        8    0.000    0.000    0.001    0.000 core.py:2886(_generateDefaultName)
     10/3    0.000    0.000    0.001    0.000 unicode.py:14(__get__)
        2    0.000    0.000    0.001    0.000 rangeobj.py:149(iternext)
      155    0.000    0.000    0.001    0.000 instructions.py:711(descr)
       59    0.000    0.000    0.001    0.000 cgutils.py:435(add_global_variable)
        1    0.000    0.000    0.001    0.001 arrayobj.py:4426(codegen)
       73    0.000    0.000    0.001    0.000 values.py:794(__init__)
      151    0.000    0.000    0.001    0.000 font_manager.py:928(_json_decode)
        1    0.000    0.000    0.001    0.001 base.py:320(Index)
        1    0.000    0.000    0.001    0.001 feedparser.py:1(<module>)
      172    0.000    0.000    0.001    0.000 builder.py:281(goto_entry_block)
       78    0.000    0.000    0.001    0.000 builder.py:834(cbranch)
      261    0.001    0.000    0.001    0.000 compute.py:203(_get_options_class)
        1    0.000    0.000    0.001    0.001 typeref.py:1(<module>)
        1    0.000    0.000    0.001    0.001 _text_helpers.py:1(<module>)
       18    0.000    0.000    0.001    0.000 __init__.py:226(_from_iter)
       11    0.000    0.000    0.001    0.000 core.py:2887(charsAsStr)
       54    0.000    0.000    0.001    0.000 analysis.py:190(compute_live_variables)
       49    0.000    0.000    0.001    0.000 interpreter.py:2221(op_LOAD_FAST)
        1    0.001    0.001    0.001    0.001 c_parser_wrapper.py:222(read)
      427    0.000    0.000    0.001    0.000 _parser.py:372(_escape)
      207    0.000    0.000    0.001    0.000 typeconv.py:117(_cb_update)
      416    0.000    0.000    0.001    0.000 templates.py:183(signature)
        3    0.000    0.000    0.001    0.000 context.py:399(resolve_value_type_prefer_literal)
       39    0.000    0.000    0.001    0.000 module.py:189(functions)
        5    0.000    0.000    0.001    0.000 callconv.py:767(return_status_propagate)
        5    0.000    0.000    0.001    0.000 core.py:3055(re_match)
     2517    0.001    0.000    0.001    0.000 {built-in method _weakref._remove_dead_weakref}
        1    0.000    0.000    0.001    0.001 typeinfer.py:1(<module>)
       23    0.000    0.000    0.001    0.000 removerefctpass.py:44(valid_output)
      188    0.000    0.000    0.001    0.000 values.py:781(__init__)
        8    0.000    0.000    0.001    0.000 dataclasses.py:627(_repr_fn)
     2874    0.001    0.000    0.001    0.000 {method 'setdefault' of 'dict' objects}
        3    0.000    0.000    0.001    0.000 enum.py:863(_create_)
        1    0.000    0.000    0.001    0.001 TiffTags.py:429(_populate)
        5    0.000    0.000    0.001    0.000 core.py:3045(re)
       78    0.000    0.000    0.001    0.000 builder.py:826(branch)
        1    0.000    0.000    0.001    0.001 resample.py:121(Resampler)
        5    0.000    0.000    0.001    0.000 typeof.py:90(_typeof_type)
        3    0.000    0.000    0.001    0.000 platform.py:1143(python_implementation)
        2    0.000    0.000    0.001    0.000 merge.py:1(<module>)
      129    0.000    0.000    0.001    0.000 lowering.py:1442(loadvar)
      243    0.000    0.000    0.001    0.000 inspect.py:2781(replace)
        6    0.000    0.000    0.001    0.000 packer.py:104(from_arguments)
     1277    0.001    0.000    0.001    0.000 {built-in method _imp.find_frozen}
       43    0.000    0.000    0.001    0.000 dispatcher.py:244(__init__)
       10    0.000    0.000    0.001    0.000 lowering.py:1536(alloca_lltype)
        3    0.000    0.000    0.001    0.000 platform.py:1045(_sys_version)
       78    0.000    0.000    0.001    0.000 controlflow.py:579(_find_back_edges)
       44    0.000    0.000    0.001    0.000 models.py:97(traverse_models)
      192    0.000    0.000    0.001    0.000 typing.py:1609(__hash__)
      161    0.000    0.000    0.001    0.000 event.py:436(on_exit)
       70    0.000    0.000    0.001    0.000 models.py:651(set)
      517    0.000    0.000    0.001    0.000 types.py:27(as_pointer)
      545    0.000    0.000    0.001    0.000 docscrape.py:64(seek_next_non_empty_line)
       66    0.000    0.000    0.001    0.000 core.py:4486(__init__)
        1    0.000    0.000    0.001    0.001 codegen.py:1441(initialize_llvm)
      127    0.000    0.000    0.001    0.000 api.py:194(typeof)
     6375    0.001    0.000    0.001    0.000 {built-in method builtins.ord}
       10    0.000    0.000    0.001    0.000 extras.py:233(__init__)
        1    0.000    0.000    0.001    0.001 header.py:1(<module>)
        2    0.000    0.000    0.001    0.000 __init__.py:289(select)
        1    0.000    0.000    0.001    0.001 generic.py:154(SeriesGroupBy)
      297    0.000    0.000    0.001    0.000 analysis.py:66(fix_point_progress)
     4798    0.001    0.000    0.001    0.000 artist.py:1563(<genexpr>)
        1    0.000    0.000    0.001    0.001 rangeobj.py:1(<module>)
        1    0.000    0.000    0.001    0.001 figure.py:181(FigureBase)
        1    0.000    0.000    0.001    0.001 nrtdynmod.py:165(_define_nrt_unresolved_abort)
       10    0.000    0.000    0.001    0.000 extras.py:237(getdoc)
      850    0.000    0.000    0.001    0.000 colors.py:216(_is_nth_color)
        1    0.000    0.000    0.001    0.001 stata.py:1(<module>)
       33    0.000    0.000    0.001    0.000 ffi.py:369(__exit__)
     1328    0.000    0.000    0.001    0.000 cpu_options.py:131(__init__)
        1    0.000    0.000    0.001    0.001 _linalg.py:1(<module>)
        1    0.000    0.000    0.001    0.001 cgutils.py:890(guard_memory_error)
        2    0.000    0.000    0.001    0.000 abc.py:1(<module>)
  426/422    0.000    0.000    0.001    0.000 types.py:121(_to_string)
        1    0.000    0.000    0.001    0.001 string.py:69(__init_subclass__)
      161    0.001    0.000    0.001    0.000 contextlib.py:491(push)
       18    0.000    0.000    0.001    0.000 arrayobj.py:148(fix_integer_index)
      919    0.001    0.000    0.001    0.000 enum.py:785(__delattr__)
        1    0.000    0.000    0.001    0.001 ElementPath.py:1(<module>)
        4    0.000    0.000    0.001    0.000 warnings.py:131(filterwarnings)
      450    0.000    0.000    0.001    0.000 controlflow.py:383(_dfs)
        1    0.000    0.000    0.001    0.001 multi.py:1(<module>)
      138    0.000    0.000    0.001    0.000 base.py:479(get_value_type)
        6    0.000    0.000    0.001    0.000 base.py:658(get_return_value)
        1    0.000    0.000    0.001    0.001 decorator.py:1(<module>)
      196    0.000    0.000    0.001    0.000 __init__.py:294(<genexpr>)
      503    0.001    0.000    0.001    0.000 typing.py:2476(overload)
       12    0.000    0.000    0.001    0.000 analysis.py:291(dead_branch_prune)
       71    0.000    0.000    0.001    0.000 ssa.py:333(on_assign)
      132    0.000    0.000    0.001    0.000 ast.py:419(visit_Constant)
     1285    0.001    0.000    0.001    0.000 <frozen importlib._bootstrap>:599(__init__)
       22    0.000    0.000    0.001    0.000 ast.py:34(parse)
       18    0.000    0.000    0.001    0.000 cgutils.py:736(get_item_pointer2)
       18    0.001    0.000    0.001    0.000 __init__.py:150(__init__)
      348    0.000    0.000    0.001    0.000 _parser.py:86(opengroup)
       24    0.000    0.000    0.001    0.000 typing.py:1533(__getitem_inner__)
       14    0.000    0.000    0.001    0.000 typeinfer.py:1510(typeof_const)
      549    0.000    0.000    0.001    0.000 docscrape.py:93(is_unindented)
      417    0.000    0.000    0.001    0.000 _compiler.py:216(_compile_charset)
        4    0.000    0.000    0.001    0.000 callconv.py:915(fp_zero_division)
      523    0.000    0.000    0.001    0.000 lowering.py:347(_disable_sroa_like_opt)
        6    0.000    0.000    0.001    0.000 base.py:987(make_helper)
        5    0.000    0.000    0.001    0.000 options.py:30(parse_as_flags)
      295    0.000    0.000    0.001    0.000 target_extension.py:70(resolve_target_str)
       82    0.000    0.000    0.001    0.000 npyimpl.py:443(_ufunc_db_function)
        5    0.000    0.000    0.001    0.000 models.py:615(from_argument)
        6    0.000    0.000    0.001    0.000 pythonapi.py:1353(unserialize)
        6    0.000    0.000    0.001    0.000 base.py:983(_make_helper)
     1040    0.000    0.000    0.001    0.000 imputils.py:37(decorate)
       37    0.000    0.000    0.001    0.000 values.py:70(wrapped)
       33    0.000    0.000    0.001    0.000 typing.py:1390(copy_with)
       45    0.000    0.000    0.001    0.000 base.py:451(insert_unique_const)
        3    0.000    0.000    0.001    0.000 dataclasses.py:638(_frozen_get_del_attr)
        3    0.000    0.000    0.001    0.000 models.py:618(as_return)
        1    0.000    0.000    0.001    0.001 _fontconfig_pattern.py:57(_make_fontconfig_parser)
       38    0.000    0.000    0.001    0.000 getlimits.py:111(_float_to_str)
       39    0.000    0.000    0.001    0.000 module.py:248(_dispose)
     2276    0.000    0.000    0.001    0.000 _utils.py:71(_stringify_metadata)
     1212    0.001    0.000    0.001    0.000 {method 'replace' of 'str' objects}
        1    0.000    0.000    0.001    0.001 info.py:1(<module>)
       12    0.000    0.000    0.001    0.000 module.py:145(data_layout)
        1    0.000    0.000    0.001    0.001 dataset.py:513(Dataset)
        1    0.000    0.000    0.001    0.001 byteflow.py:1(<module>)
       18    0.000    0.000    0.001    0.000 slicing.py:15(fix_index)
        1    0.000    0.000    0.001    0.001 readers.py:1990(__exit__)
       56    0.000    0.000    0.001    0.000 models.py:498(getter)
      142    0.000    0.000    0.001    0.000 byteflow.py:153(_run_handle_exception)
        1    0.000    0.000    0.001    0.001 readers.py:1622(close)
       30    0.000    0.000    0.001    0.000 function_base.py:24(linspace)
        1    0.000    0.000    0.001    0.001 arrayobj.py:4277(safecast_intp)
        3    0.001    0.000    0.001    0.000 {built-in method posix.readlink}
       37    0.000    0.000    0.001    0.000 __init__.py:2149(getLogger)
       34    0.000    0.000    0.001    0.000 typing.py:1966(__init_subclass__)
        1    0.000    0.000    0.001    0.001 common.py:131(close)
      121    0.000    0.000    0.001    0.000 enum.py:967(_get_mixins_)
     3303    0.001    0.000    0.001    0.000 {method 'lower' of 'str' objects}
        1    0.000    0.000    0.001    0.001 pythonapi.py:1216(nrt_adapt_ndarray_to_python)
        1    0.001    0.001    0.001    0.001 {method 'close' of '_io.TextIOWrapper' objects}
      188    0.000    0.000    0.001    0.000 warnings.py:166(simplefilter)
       25    0.000    0.000    0.001    0.000 arrayobj.py:63(make_array)
        2    0.000    0.000    0.001    0.000 period.py:1(<module>)
      215    0.000    0.000    0.001    0.000 <frozen posixpath>:117(splitext)
        1    0.000    0.000    0.001    0.001 initfini.py:32(initialize_native_target)
      156    0.000    0.000    0.001    0.000 compiler_machinery.py:201(add_pass)
      147    0.000    0.000    0.001    0.000 TiffTags.py:35(__new__)
     3438    0.001    0.000    0.001    0.000 {method 'release' of '_thread.RLock' objects}
        1    0.000    0.000    0.001    0.001 arraydecl.py:1(<module>)
      931    0.000    0.000    0.001    0.000 ir.py:384(__getattr__)
        1    0.000    0.000    0.001    0.001 patches.py:2658(ConnectionStyle)
        1    0.000    0.000    0.001    0.001 xml.py:1(<module>)
        1    0.000    0.000    0.001    0.001 __init__.py:152(EntryPoint)
       65    0.000    0.000    0.001    0.000 functools.py:518(decorating_function)
      123    0.000    0.000    0.001    0.000 instructions.py:30(descr)
      456    0.000    0.000    0.001    0.000 <frozen posixpath>:138(splitroot)
        1    0.000    0.000    0.001    0.001 _scalars.py:1(<module>)
       84    0.000    0.000    0.001    0.000 __init__.py:244(make_alias)
        1    0.000    0.000    0.001    0.001 sysconfig.py:224(is_python_build)
        1    0.000    0.000    0.001    0.001 generator_core.py:1(<module>)
        1    0.000    0.000    0.001    0.001 _enums.py:1(<module>)
        1    0.000    0.000    0.001    0.001 instructions.py:1(<module>)
       45    0.000    0.000    0.001    0.000 contextlib.py:511(enter_context)
        1    0.000    0.000    0.001    0.001 unicode.py:80(alphanums)
       14    0.000    0.000    0.001    0.000 context.py:217(_resolve_builtin_function_type)
       16    0.000    0.000    0.001    0.000 lowering.py:818(_cast_var)
      579    0.001    0.000    0.001    0.000 {built-in method numpy.array}
       42    0.000    0.000    0.001    0.000 arraydecl.py:209(generic)
      278    0.000    0.000    0.001    0.000 <frozen posixpath>:169(basename)
      250    0.000    0.000    0.001    0.000 __init__.py:396(__getitem__)
      207    0.000    0.000    0.001    0.000 typeconv.py:49(set_compatible)
      288    0.000    0.000    0.001    0.000 instructions.py:134(descr_arg)
       45    0.000    0.000    0.001    0.000 builder.py:588(icmp_unsigned)
        1    0.000    0.000    0.001    0.001 base.py:896(call_internal_no_propagate)
        1    0.000    0.000    0.001    0.001 datetimes.py:106(DatetimeIndex)
     2547    0.001    0.000    0.001    0.000 {method 'insert' of 'list' objects}
        1    0.000    0.000    0.001    0.001 _add_docstring.py:1(<module>)
       13    0.000    0.000    0.001    0.000 accessor.py:176(add_delegate_accessors)
        1    0.000    0.000    0.001    0.001 six.py:1(<module>)
        1    0.000    0.000    0.000    0.000 __init__.py:436(PercentStyle)
      742    0.000    0.000    0.000    0.000 enum.py:38(_is_descriptor)
        1    0.000    0.000    0.000    0.000 cmathdecl.py:1(<module>)
        1    0.000    0.000    0.000    0.000 _core.py:639(PlotAccessor)
       42    0.000    0.000    0.000    0.000 cgutils.py:993(global_constant)
      336    0.000    0.000    0.000    0.000 inspect.py:1795(_check_class)
       81    0.000    0.000    0.000    0.000 _compiler.py:386(_mk_bitmap)
  333/267    0.000    0.000    0.000    0.000 typing.py:1573(__hash__)
       37    0.000    0.000    0.000    0.000 __init__.py:1377(getLogger)
       13    0.000    0.000    0.000    0.000 numbers.py:1256(literal_int_to_number)
        2    0.000    0.000    0.000    0.000 typeinfer.py:811(__call__)
        1    0.000    0.000    0.000    0.000 multi.py:227(MultiIndex)
      451    0.000    0.000    0.000    0.000 pathlib.py:429(_format_parsed_parts)
       13    0.000    0.000    0.000    0.000 accessor.py:63(_add_delegate_accessors)
        1    0.000    0.000    0.000    0.000 ewm.py:133(ExponentialMovingWindow)
        1    0.000    0.000    0.000    0.000 _add_docstring.py:27(_parse_docstrings)
        1    0.000    0.000    0.000    0.000 unicode.py:70(alphas)
      132    0.000    0.000    0.000    0.000 utils.py:33(erase_traceback)
     1632    0.000    0.000    0.000    0.000 typing.py:935(__eq__)
       16    0.000    0.000    0.000    0.000 doc.py:93(window_agg_numba_parameters)
     1120    0.000    0.000    0.000    0.000 <frozen posixpath>:41(_get_sep)
       34    0.000    0.000    0.000    0.000 typing.py:1841(__init__)
        1    0.000    0.000    0.000    0.000 html.py:1(<module>)
      195    0.000    0.000    0.000    0.000 <frozen codecs>:319(decode)
       14    0.000    0.000    0.000    0.000 dispatcher.py:102(fold_argument_types)
        9    0.000    0.000    0.000    0.000 frame.py:4062(__getitem__)
       13    0.000    0.000    0.000    0.000 expr.py:188(_filter_nodes)
        1    0.000    0.000    0.000    0.000 c_ast.py:1(<module>)
       28    0.000    0.000    0.000    0.000 ffi.py:10(_make_opaque_ref)
        1    0.000    0.000    0.000    0.000 externals.py:108(install)
        1    0.000    0.000    0.000    0.000 abstract.py:1(<module>)
      496    0.000    0.000    0.000    0.000 {method '__reduce_ex__' of 'object' objects}
        1    0.000    0.000    0.000    0.000 random_methods.py:1(<module>)
        1    0.000    0.000    0.000    0.000 externals.py:124(_do_install)
      345    0.000    0.000    0.000    0.000 values.py:989(<genexpr>)
       54    0.000    0.000    0.000    0.000 arraydecl.py:21(get_array_index_type)
      168    0.000    0.000    0.000    0.000 builder.py:290(_branch_helper)
        1    0.000    0.000    0.000    0.000 <frozen genericpath>:39(isdir)
        2    0.000    0.000    0.000    0.000 unicode.py:55(_chars_for_ranges)
     2517    0.000    0.000    0.000    0.000 <frozen importlib._bootstrap>:158(__init__)
      118    0.000    0.000    0.000    0.000 typeinfer.py:1185(check_var)
       64    0.000    0.000    0.000    0.000 common.py:37(wrapper)
        6    0.000    0.000    0.000    0.000 untyped_passes.py:265(run_pass)
      468    0.000    0.000    0.000    0.000 compiler_machinery.py:432(get)
     1307    0.000    0.000    0.000    0.000 inspect.py:295(isclass)
       55    0.000    0.000    0.000    0.000 ssa.py:41(get)
        7    0.000    0.000    0.000    0.000 module.py:56(__str__)
       24    0.000    0.000    0.000    0.000 templates.py:1021(resolve)
      474    0.000    0.000    0.000    0.000 __init__.py:741(__getitem__)
      194    0.000    0.000    0.000    0.000 _collections.py:28(parse)
     1444    0.000    0.000    0.000    0.000 ir.py:256(__hash__)
        1    0.000    0.000    0.000    0.000 ansitowin32.py:72(AnsiToWin32)
        1    0.000    0.000    0.000    0.000 tz.py:386(tzfile)
      127    0.000    0.000    0.000    0.000 textwrap.py:143(_munge_whitespace)
     4891    0.000    0.000    0.000    0.000 targetconfig.py:38(default)
       60    0.000    0.000    0.000    0.000 event.py:337(install_timer)
      156    0.000    0.000    0.000    0.000 compiler_machinery.py:188(_validate_pass)
        6    0.000    0.000    0.000    0.000 _common.py:13(tzname_in_python2)
  317/286    0.000    0.000    0.000    0.000 _compiler.py:436(_get_literal_prefix)
      194    0.000    0.000    0.000    0.000 __init__.py:457(_replace)
       16    0.000    0.000    0.000    0.000 removerefctpass.py:51(valid_input)
        8    0.000    0.000    0.000    0.000 cgutils.py:900(if_zero)
        2    0.000    0.000    0.000    0.000 _strptime.py:49(__init__)
        1    0.000    0.000    0.000    0.000 ipaddress.py:2265(_IPv6Constants)
     10/4    0.000    0.000    0.000    0.000 core.py:4226(streamline)
      123    0.000    0.000    0.000    0.000 expr.py:192(<genexpr>)
     1180    0.000    0.000    0.000    0.000 docscrape.py:87(is_empty)
     3092    0.000    0.000    0.000    0.000 {function RcParams.__getitem__ at 0x7fa941086020}
        8    0.000    0.000    0.000    0.000 _version.py:55(__init__)
       44    0.000    0.000    0.000    0.000 packer.py:167(__init__)
       45    0.000    0.000    0.000    0.000 compiler_machinery.py:419(make_festive)
       16    0.000    0.000    0.000    0.000 core.py:1569(__or__)
      419    0.000    0.000    0.000    0.000 function_base.py:348(iterable)
      660    0.000    0.000    0.000    0.000 value.py:87(__init__)
       16    0.000    0.000    0.000    0.000 base.py:954(get_python_api)
        7    0.000    0.000    0.000    0.000 codegen.py:569(create_ir_module)
        6    0.000    0.000    0.000    0.000 transforms.py:361(with_lifting)
       18    0.000    0.000    0.000    0.000 arrayprint.py:1595(_array_str_implementation)
       64    0.000    0.000    0.000    0.000 common.py:43(_unpack_zerodim_and_defer)
       10    0.000    0.000    0.000    0.000 deprecation.py:316(delete_parameter)
        1    0.000    0.000    0.000    0.000 series.py:607(_init_dict)
   134/34    0.000    0.000    0.000    0.000 core.py:1913(__str__)
        1    0.000    0.000    0.000    0.000 dtypes.py:1164(IntervalDtype)
        1    0.000    0.000    0.000    0.000 nrtdynmod.py:63(_define_nrt_decref)
        1    0.000    0.000    0.000    0.000 boxing.py:49(unbox_integer)
        1    0.000    0.000    0.000    0.000 markers.py:1(<module>)
        1    0.000    0.000    0.000    0.000 blocks.py:1(<module>)
      102    0.000    0.000    0.000    0.000 numpy_support.py:327(numpy_outputs)
        1    0.000    0.000    0.000    0.000 pivot.py:1(<module>)
        6    0.000    0.000    0.000    0.000 _strptime.py:238(pattern)
        3    0.000    0.000    0.000    0.000 timedeltas.py:1(<module>)
       14    0.000    0.000    0.000    0.000 targetconfig.py:187(__hash__)
     1756    0.000    0.000    0.000    0.000 _parser.py:113(__init__)
       28    0.000    0.000    0.000    0.000 ipaddress.py:2189(__init__)
      388    0.000    0.000    0.000    0.000 __init__.py:228(matches)
        6    0.000    0.000    0.000    0.000 bytecode.py:549(from_function)
        8    0.000    0.000    0.000    0.000 colors.py:1630(make_norm_from_scale)
      983    0.000    0.000    0.000    0.000 utils.py:372(key)
      270    0.000    0.000    0.000    0.000 inspect.py:2799(__str__)
       12    0.000    0.000    0.000    0.000 interpreter.py:1590(_end_current_block)
        1    0.000    0.000    0.000    0.000 managers.py:108(BaseBlockManager)
       40    0.000    0.000    0.000    0.000 typed_passes.py:759(select_template)
        6    0.000    0.000    0.000    0.000 byteflow.py:1996(__init__)
       18    0.000    0.000    0.000    0.000 templates.py:1118(_resolve)
       41    0.000    0.000    0.000    0.000 builder.py:858(ret)
      899    0.000    0.000    0.000    0.000 enum.py:48(_is_dunder)
       18    0.000    0.000    0.000    0.000 arrayprint.py:506(wrapper)
      297    0.000    0.000    0.000    0.000 _parser.py:231(__init__)
      255    0.000    0.000    0.000    0.000 context.py:250(_get_attribute_templates)
       44    0.000    0.000    0.000    0.000 packer.py:170(_build_unflatten_code)
        1    0.000    0.000    0.000    0.000 interval.py:159(IntervalIndex)
       37    0.000    0.000    0.000    0.000 transforms.py:1324(__init_subclass__)
       16    0.000    0.000    0.000    0.000 pythonapi.py:169(__init__)
      147    0.000    0.000    0.000    0.000 byteflow.py:1740(append)
     1284    0.000    0.000    0.000    0.000 _parser.py:83(groups)
        1    0.000    0.000    0.000    0.000 encoder.py:1(<module>)
        5    0.000    0.000    0.000    0.000 overloads.py:177(register_reflected_overload)
        1    0.000    0.000    0.000    0.000 compiler_machinery.py:1(<module>)
      127    0.000    0.000    0.000    0.000 typeof.py:66(_typeof_buffer)
      943    0.000    0.000    0.000    0.000 enum.py:59(_is_sunder)
      174    0.000    0.000    0.000    0.000 typeinfer.py:54(add_type)
       13    0.000    0.000    0.000    0.000 errors.py:344(highlight)
      286    0.000    0.000    0.000    0.000 {method 'translate' of 'str' objects}
        4    0.000    0.000    0.000    0.000 pythonapi.py:858(gil_ensure)
       16    0.000    0.000    0.000    0.000 callconv.py:726(_get_try_state)
      144    0.000    0.000    0.000    0.000 typeconv.py:60(set_unsafe_convert)
       30    0.000    0.000    0.000    0.000 typing.py:1721(_get_protocol_attrs)
      215    0.000    0.000    0.000    0.000 __init__.py:314(_from_text)
     1292    0.000    0.000    0.000    0.000 {built-in method _thread.allocate_lock}
       38    0.000    0.000    0.000    0.000 dataclasses.py:760(_get_field)
       12    0.000    0.000    0.000    0.000 transforms.py:90(_populate_function_pm)
      134    0.000    0.000    0.000    0.000 ir.py:1279(find_exprs)
        6    0.000    0.000    0.000    0.000 transforms.py:524(find_setupwiths)
      121    0.000    0.000    0.000    0.000 enum.py:1008(_find_data_type_)
      669    0.000    0.000    0.000    0.000 compiler_machinery.py:429(is_registered)
        4    0.000    0.000    0.000    0.000 context.py:317(resolve_static_getitem)
      220    0.000    0.000    0.000    0.000 npytypes.py:523(__repr__)
       42    0.000    0.000    0.000    0.000 models.py:709(traverse)
      325    0.000    0.000    0.000    0.000 function_base.py:483(_add_docstring)
       22    0.000    0.000    0.000    0.000 module.py:176(global_variables)
       24    0.000    0.000    0.000    0.000 dtypes.py:66(_add_dtype_helper)
        1    0.000    0.000    0.000    0.000 _add_newdocs_scalars.py:1(<module>)
       20    0.000    0.000    0.000    0.000 module.py:124(name)
      192    0.000    0.000    0.000    0.000 warnings.py:182(_add_filter)
     1391    0.000    0.000    0.000    0.000 {method 'find' of 'bytearray' objects}
        6    0.000    0.000    0.000    0.000 typed_passes.py:543(run_pass)
      252    0.000    0.000    0.000    0.000 misc.py:124(__init__)
        1    0.000    0.000    0.000    0.000 __init__.py:805(copy)
      158    0.000    0.000    0.000    0.000 bytecode.py:245(next)
      715    0.000    0.000    0.000    0.000 values.py:575(function_type)
       29    0.000    0.000    0.000    0.000 core.py:5618(__init__)
     2317    0.000    0.000    0.000    0.000 typing.py:1246(<genexpr>)
        7    0.000    0.000    0.000    0.000 extending.py:190(decorate)
     1289    0.000    0.000    0.000    0.000 __init__.py:670(_set)
       24    0.000    0.000    0.000    0.000 typing.py:1515(copy_with)
       92    0.000    0.000    0.000    0.000 core.py:2345(__init__)
       72    0.000    0.000    0.000    0.000 analysis.py:91(liveness)
     2200    0.000    0.000    0.000    0.000 compiler.py:361(__getattr__)
        1    0.000    0.000    0.000    0.000 _meta.py:1(<module>)
     3160    0.000    0.000    0.000    0.000 values.py:554(_get_name)
     1221    0.000    0.000    0.000    0.000 typing.py:1252(__eq__)
      359    0.000    0.000    0.000    0.000 errors.py:262(__exit__)
      106    0.000    0.000    0.000    0.000 typing.py:361(_flatten_literal_params)
       11    0.000    0.000    0.000    0.000 packer.py:115(assign_names)
      736    0.000    0.000    0.000    0.000 types.py:241(format_constant)
       40    0.000    0.000    0.000    0.000 base.py:66(_best_signature)
  494/393    0.000    0.000    0.000    0.000 typing.py:1258(__hash__)
        2    0.000    0.000    0.000    0.000 feedparser.py:469(_parse_headers)
        8    0.000    0.000    0.000    0.000 nanops.py:68(__init__)
       67    0.000    0.000    0.000    0.000 {built-in method _ctypes.POINTER}
   152/44    0.000    0.000    0.000    0.000 packer.py:175(rec)
        1    0.000    0.000    0.000    0.000 arrayobj.py:186(populate_array)
        1    0.000    0.000    0.000    0.000 callwrapper.py:197(get_env)
       16    0.000    0.000    0.000    0.000 core.py:4218(__init__)
        3    0.000    0.000    0.000    0.000 generator_core.py:54(_generate_next_binding)
        1    0.000    0.000    0.000    0.000 masked.py:107(BaseMaskedArray)
      496    0.000    0.000    0.000    0.000 copyreg.py:98(__newobj__)
       34    0.000    0.000    0.000    0.000 core.py:2999(__init__)
       17    0.000    0.000    0.000    0.000 common.py:1596(pandas_dtype)
     2412    0.000    0.000    0.000    0.000 typing.py:1599(<genexpr>)
       18    0.000    0.000    0.000    0.000 arrayprint.py:1588(_guarded_repr_or_str)
      172    0.000    0.000    0.000    0.000 {built-in method posix.getcwd}
        1    0.000    0.000    0.000    0.000 polynomial_functions.py:1(<module>)
        4    0.000    0.000    0.000    0.000 templates.py:517(_validate_sigs)
       49    0.000    0.000    0.000    0.000 core.py:131(get_object_signature)
       25    0.000    0.000    0.000    0.000 ir_utils.py:1588(find_callname)
      430    0.000    0.000    0.000    0.000 values.py:875(_to_list)
       24    0.000    0.000    0.000    0.000 typeinfer.py:201(__call__)
        1    0.000    0.000    0.000    0.000 artist.py:1416(ArtistInspector)
        1    0.000    0.000    0.000    0.000 ipaddress.py:1542(_IPv4Constants)
        6    0.000    0.000    0.000    0.000 transforms.py:529(find_ranges)
      306    0.000    0.000    0.000    0.000 results.py:148(__new__)
       37    0.000    0.000    0.000    0.000 cgutils.py:44(make_bytearray)
      284    0.000    0.000    0.000    0.000 target_extension.py:46(current_target)
       88    0.000    0.000    0.000    0.000 typeinfer.py:672(_add_refine_map)
        4    0.000    0.000    0.000    0.000 core.py:1486(__mul__)
        1    0.000    0.000    0.000    0.000 ctypeslib.py:1(<module>)
       23    0.000    0.000    0.000    0.000 nanops.py:70(<genexpr>)
      201    0.000    0.000    0.000    0.000 builder.py:357(_set_terminator)
      168    0.000    0.000    0.000    0.000 inspect.py:2121(_signature_is_builtin)
      805    0.000    0.000    0.000    0.000 __init__.py:1517(debug)
        1    0.000    0.000    0.000    0.000 nanfunctions.py:1(<module>)
      102    0.000    0.000    0.000    0.000 numpy_support.py:276(supported_ufunc_loop)
      589    0.000    0.000    0.000    0.000 types.py:116(__init__)
     3377    0.000    0.000    0.000    0.000 builder.py:195(block)
        1    0.000    0.000    0.000    0.000 datetimelike.py:1940(TimelikeOps)
      150    0.000    0.000    0.000    0.000 byteflow.py:1722(make_temp)
        1    0.000    0.000    0.000    0.000 _mathtext.py:1814(Parser)
       27    0.000    0.000    0.000    0.000 module.py:215(_get_metadata_lines)
        1    0.000    0.000    0.000    0.000 markers.py:155(MarkerStyle)
        1    0.000    0.000    0.000    0.000 parquet.py:1(<module>)
        6    0.000    0.000    0.000    0.000 interpreter.py:505(peep_hole_call_function_ex_to_call_function_kw)
        1    0.000    0.000    0.000    0.000 range.py:1(<module>)
       25    0.000    0.000    0.000    0.000 functools.py:651(cache)
      153    0.000    0.000    0.000    0.000 ir.py:1171(define)
        1    0.000    0.000    0.000    0.000 entities.py:1(<module>)
        1    0.000    0.000    0.000    0.000 array.py:237(ArrowExtensionArray)
     2082    0.000    0.000    0.000    0.000 docscrape.py:50(__getitem__)
      115    0.000    0.000    0.000    0.000 values.py:1137(__str__)
        1    0.000    0.000    0.000    0.000 <frozen importlib._bootstrap_external>:623(_calc_mode)
       26    0.000    0.000    0.000    0.000 core.py:6855(__init__)
       51    0.000    0.000    0.000    0.000 <frozen posixpath>:416(abspath)
        1    0.000    0.000    0.000    0.000 pythonapi.py:132(read_const)
       19    0.000    0.000    0.000    0.000 ipaddress.py:1475(__init__)
       14    0.000    0.000    0.000    0.000 passmanagers.py:638(add_target_library_info)
        1    0.000    0.000    0.000    0.000 bytecode.py:1(<module>)
      182    0.000    0.000    0.000    0.000 interpreter.py:1850(get)
      791    0.000    0.000    0.000    0.000 __init__.py:690(_get)
      633    0.000    0.000    0.000    0.000 models.py:674(get_field_position)
       58    0.000    0.000    0.000    0.000 typeinfer.py:1669(typeof_expr)
      486    0.000    0.000    0.000    0.000 pathlib.py:1164(__new__)
     2342    0.000    0.000    0.000    0.000 functions.py:262(key)
      798    0.000    0.000    0.000    0.000 __init__.py:966(<lambda>)
     1731    0.000    0.000    0.000    0.000 {built-in method builtins.vars}
       42    0.000    0.000    0.000    0.000 core.py:2399(__init__)
       26    0.000    0.000    0.000    0.000 core.py:6860(getdoc)
        9    0.000    0.000    0.000    0.000 frame.py:4626(_get_item_cache)
       22    0.000    0.000    0.000    0.000 pythonapi.py:375(get_c_object)
       72    0.000    0.000    0.000    0.000 functools.py:852(register)
       12    0.000    0.000    0.000    0.000 interpreter.py:1657(_remove_unused_temporaries)
        6    0.000    0.000    0.000    0.000 untyped_passes.py:160(run_pass)
 1022/463    0.000    0.000    0.000    0.000 packer.py:144(rec)
       14    0.000    0.000    0.000    0.000 passmanagers.py:651(add_refprune_pass)
        1    0.000    0.000    0.000    0.000 arrayprint.py:1(<module>)
        6    0.000    0.000    0.000    0.000 byteflow.py:217(_prune_phis)
       13    0.000    0.000    0.000    0.000 errors.py:332(code)
        1    0.000    0.000    0.000    0.000 sql.py:1(<module>)
       13    0.000    0.000    0.000    0.000 errors.py:341(indicate)
      512    0.000    0.000    0.000    0.000 common.py:9(_decode_string)
        1    0.000    0.000    0.000    0.000 yacc.py:1(<module>)
        6    0.000    0.000    0.000    0.000 compiler.py:566(define_nopython_lowering_pipeline)
       22    0.000    0.000    0.000    0.000 module.py:237(_dispose)
     1542    0.000    0.000    0.000    0.000 templates.py:269(__init__)
       16    0.000    0.000    0.000    0.000 builder.py:320(if_else)
      108    0.000    0.000    0.000    0.000 {method 'sort' of 'list' objects}
        1    0.000    0.000    0.000    0.000 builder.py:189(IRBuilder)
      471    0.000    0.000    0.000    0.000 docscrape.py:97(peek)
       44    0.000    0.000    0.000    0.000 models.py:103(traverse_types)
        4    0.000    0.000    0.000    0.000 typed_passes.py:678(_get_attr_info)
      200    0.000    0.000    0.000    0.000 controlflow.py:103(add_edge)
       52    0.000    0.000    0.000    0.000 accessor.py:126(_forbid_nonstring_types)
      303    0.000    0.000    0.000    0.000 context.py:52(__getitem__)
        1    0.000    0.000    0.000    0.000 __init__.py:150(_ensure_llvm)
       27    0.000    0.000    0.000    0.000 callconv.py:838(type_may_always_need_nrt)
       40    0.000    0.000    0.000    0.000 base.py:83(_sort_signatures)
       52    0.000    0.000    0.000    0.000 core.py:894(__init__)
      215    0.000    0.000    0.000    0.000 <frozen genericpath>:133(_splitext)
       17    0.000    0.000    0.000    0.000 callconv.py:101(get_return_type)
      116    0.000    0.000    0.000    0.000 api.py:952(_builtin_function_type)
      102    0.000    0.000    0.000    0.000 numpy_support.py:332(_ufunc_loop_sig)
      825    0.000    0.000    0.000    0.000 typing.py:1565(__eq__)
       10    0.000    0.000    0.000    0.000 base.py:7593(ensure_index)
       19    0.000    0.000    0.000    0.000 construction.py:517(sanitize_array)
       12    0.000    0.000    0.000    0.000 passmanagers.py:46(dump_refprune_stats)
        1    0.000    0.000    0.000    0.000 event.py:1(<module>)
        1    0.000    0.000    0.000    0.000 rolling.py:884(Window)
        2    0.000    0.000    0.000    0.000 sysconfig.py:631(get_path)
     2354    0.000    0.000    0.000    0.000 abstract.py:93(__init__)
        1    0.000    0.000    0.000    0.000 arrayobj.py:123(get_itemsize)
        6    0.000    0.000    0.000    0.000 ir_utils.py:2031(raise_on_unsupported_feature)
       14    0.000    0.000    0.000    0.000 extending.py:272(make_attribute_wrapper)
        2    0.000    0.000    0.000    0.000 sysconfig.py:619(get_paths)
      842    0.000    0.000    0.000    0.000 enum.py:202(__get__)
       22    0.000    0.000    0.000    0.000 base.py:746(get_c_value)
       72    0.000    0.000    0.000    0.000 typing.py:1454(<genexpr>)
        1    0.000    0.000    0.000    0.000 castgraph.py:1(<module>)
       15    0.000    0.000    0.000    0.000 templates.py:164(make_concrete_template)
     12/2    0.000    0.000    0.000    0.000 core.py:1546(makeOptionalList)
       22    0.000    0.000    0.000    0.000 core.py:4037(_generateDefaultName)
        2    0.000    0.000    0.000    0.000 sysconfig.py:266(_expand_vars)
        8    0.000    0.000    0.000    0.000 serialize.py:52(dumps)
       13    0.000    0.000    0.000    0.000 errors.py:338(filename)
        5    0.000    0.000    0.000    0.000 cpu.py:293(finalize)
        1    0.000    0.000    0.000    0.000 selectors.py:1(<module>)
      170    0.000    0.000    0.000    0.000 cm.py:89(__getitem__)
       45    0.000    0.000    0.000    0.000 instructions.py:226(__init__)
       15    0.000    0.000    0.000    0.000 module.py:79(get_function)
        1    0.000    0.000    0.000    0.000 mathimpl.py:1(<module>)
     1644    0.000    0.000    0.000    0.000 {method 'index' of 'tuple' objects}
        1    0.000    0.000    0.000    0.000 targets.py:1(<module>)
        6    0.000    0.000    0.000    0.000 typed_passes.py:911(_strip_phi_nodes)
       28    0.000    0.000    0.000    0.000 pathlib.py:1065(_make_child_relpath)
        1    0.000    0.000    0.000    0.000 _pep440.py:1(<module>)
        1    0.000    0.000    0.000    0.000 llvm_pass_timings.py:1(<module>)
        5    0.000    0.000    0.000    0.000 options.py:45(_apply)
        5    0.000    0.000    0.000    0.000 pythonapi.py:324(err_set_none)
        6    0.000    0.000    0.000    0.000 compiler.py:371(_make_subtarget)
      203    0.000    0.000    0.000    0.000 ir.py:593(<genexpr>)
      843    0.000    0.000    0.000    0.000 enum.py:70(_is_internal_class)
       31    0.000    0.000    0.000    0.000 builder.py:160(wrapped)
        6    0.000    0.000    0.000    0.000 byteflow.py:89(__init__)
       82    0.000    0.000    0.000    0.000 npyimpl.py:496(register_ufunc_kernel)
       12    0.000    0.000    0.000    0.000 module.py:151(triple)
  483/440    0.000    0.000    0.000    0.000 types.py:127(__eq__)
       25    0.000    0.000    0.000    0.000 inspect.py:3237(bind)
        6    0.000    0.000    0.000    0.000 untyped_passes.py:304(run_pass)
        1    0.000    0.000    0.000    0.000 _encoded_words.py:1(<module>)
      132    0.000    0.000    0.000    0.000 traceback.py:237(clear_frames)
        1    0.000    0.000    0.000    0.000 array_analysis.py:1(<module>)
       12    0.000    0.000    0.000    0.000 __init__.py:49(create_string_buffer)
       51    0.000    0.000    0.000    0.000 util.py:58(decorator)
       12    0.000    0.000    0.000    0.000 extension.py:125(wrapper)
      995    0.000    0.000    0.000    0.000 npytypes.py:482(key)
      201    0.000    0.000    0.000    0.000 values.py:1188(_format_name)
        3    0.000    0.000    0.000    0.000 base.py:475(__new__)
       15    0.000    0.000    0.000    0.000 value.py:165(linkage)
       14    0.000    0.000    0.000    0.000 core.py:5835(__init__)
     1734    0.000    0.000    0.000    0.000 functions.py:249(<genexpr>)
       57    0.000    0.000    0.000    0.000 functions.py:524(__init__)
      270    0.000    0.000    0.000    0.000 values.py:498(__eq__)
        3    0.000    0.000    0.000    0.000 rangeobj.py:237(make_range_attr)
        1    0.000    0.000    0.000    0.000 datetimelike.py:87(DatetimeIndexOpsMixin)
       34    0.000    0.000    0.000    0.000 deprecation.py:187(finalize)
       17    0.000    0.000    0.000    0.000 __init__.py:339(__init__)
       32    0.000    0.000    0.000    0.000 builder.py:629(select)
       49    0.000    0.000    0.000    0.000 byteflow.py:491(op_LOAD_FAST)
       93    0.000    0.000    0.000    0.000 dataclasses.py:701(_is_type)
        9    0.000    0.000    0.000    0.000 frame.py:3983(_ixs)
        1    0.000    0.000    0.000    0.000 nrtdynmod.py:41(_define_nrt_incref)
       42    0.000    0.000    0.000    0.000 docstrings.py:7(make_flex_doc)
        5    0.000    0.000    0.000    0.000 pythonapi.py:1174(bytes_from_string_and_size)
       59    0.000    0.000    0.000    0.000 enum.py:1035(_find_new_)
       17    0.000    0.000    0.000    0.000 interpreter.py:2779(op_BINARY_OP)
       15    0.000    0.000    0.000    0.000 value.py:169(linkage)
        1    0.000    0.000    0.000    0.000 base_parser.py:1(<module>)
        1    0.000    0.000    0.000    0.000 enumdecl.py:1(<module>)
      132    0.000    0.000    0.000    0.000 context.py:408(_get_global_type)
       12    0.000    0.000    0.000    0.000 array_exprs.py:33(match)
        1    0.000    0.000    0.000    0.000 legend.py:342(Legend)
        1    0.000    0.000    0.000    0.000 construction.py:96(arrays_to_mgr)
        5    0.000    0.000    0.000    0.000 codegen.py:1431(set_env)
      133    0.000    0.000    0.000    0.000 expr.py:181(<genexpr>)
        4    0.000    0.000    0.000    0.000 pythonapi.py:331(err_write_unraisable)
       12    0.000    0.000    0.000    0.000 ir_utils.py:1563(build_definitions)
    81/27    0.000    0.000    0.000    0.000 packer.py:123(_assign_names)
        1    0.000    0.000    0.000    0.000 arraylike.py:1(<module>)
       12    0.000    0.000    0.000    0.000 controlflow.py:263(backbone)
     1735    0.000    0.000    0.000    0.000 <frozen importlib._bootstrap_external>:71(_relax_case)
      200    0.000    0.000    0.000    0.000 pyplot.py:164(_copy_docstring_and_deprecators)
        1    0.000    0.000    0.000    0.000 dtypes.py:690(DatetimeTZDtype)
        1    0.000    0.000    0.000    0.000 range.py:66(RangeIndex)
       10    0.000    0.000    0.000    0.000 models.py:483(from_data)
        1    0.000    0.000    0.000    0.000 _color_data.py:1(<module>)
        5    0.000    0.000    0.000    0.000 cpu.py:45(create_module)
      357    0.000    0.000    0.000    0.000 feedparser.py:127(__next__)
       13    0.000    0.000    0.000    0.000 version.py:186(__init__)
        2    0.000    0.000    0.000    0.000 base.py:675(pair_first)
       17    0.000    0.000    0.000    0.000 interpreter.py:2763(_binop)
      215    0.000    0.000    0.000    0.000 warnings.py:482(__enter__)
        5    0.000    0.000    0.000    0.000 pythonapi.py:1367(build_dynamic_excinfo_struct)
      318    0.000    0.000    0.000    0.000 cpu_options.py:58(encode)
        1    0.000    0.000    0.000    0.000 ctypeslib.py:360(_get_scalar_type_map)
       68    0.000    0.000    0.000    0.000 functools.py:479(lru_cache)
        1    0.000    0.000    0.000    0.000 plyparser.py:86(template)
       12    0.000    0.000    0.000    0.000 passmanagers.py:92(create_function_pass_manager)
        2    0.000    0.000    0.000    0.000 typeconv.py:90(safe)
        1    0.000    0.000    0.000    0.000 dufunc.py:1(<module>)
        6    0.000    0.000    0.000    0.000 bytecode.py:316(dump)
       25    0.000    0.000    0.000    0.000 enum.py:1551(__or__)
       25    0.000    0.000    0.000    0.000 inspect.py:3102(_bind)
      236    0.000    0.000    0.000    0.000 extending.py:222(overload_method)
        7    0.000    0.000    0.000    0.000 consts.py:47(_fail)
        6    0.000    0.000    0.000    0.000 targetconfig.py:272(_make_compression_dictionary)
     1291    0.000    0.000    0.000    0.000 <frozen importlib._bootstrap>:412(__init__)
       14    0.000    0.000    0.000    0.000 transforms.py:6(create_pass_manager_builder)
       15    0.000    0.000    0.000    0.000 scalars.py:78(__init__)
      588    0.000    0.000    0.000    0.000 _compiler.py:570(isstring)
       20    0.000    0.000    0.000    0.000 builtins.py:144(choose_result_int)
       12    0.000    0.000    0.000    0.000 abstract.py:177(__call__)
        1    0.000    0.000    0.000    0.000 _sputils.py:1(<module>)
        1    0.000    0.000    0.000    0.000 generic.py:1329(DataFrameGroupBy)
        6    0.000    0.000    0.000    0.000 dispatcher.py:724(typeof_pyval)
      115    0.000    0.000    0.000    0.000 values.py:890(__init__)
       51    0.000    0.000    0.000    0.000 cgutils.py:446(get_null_value)
      243    0.000    0.000    0.000    0.000 models.py:685(get_type)
       17    0.000    0.000    0.000    0.000 generic.py:36(create_pandas_abc_type)
        1    0.000    0.000    0.000    0.000 rangeobj.py:45(range2_impl)
       19    0.000    0.000    0.000    0.000 path.py:99(__init__)
      177    0.000    0.000    0.000    0.000 typing.py:1061(<genexpr>)
        2    0.000    0.000    0.000    0.000 cloudpickle.py:1(<module>)
        1    0.000    0.000    0.000    0.000 figure.py:2360(Figure)
        1    0.000    0.000    0.000    0.000 itanium_mangler.py:1(<module>)
        6    0.000    0.000    0.000    0.000 compiler.py:606(define_typed_pipeline)
      359    0.000    0.000    0.000    0.000 errors.py:247(__enter__)
      875    0.000    0.000    0.000    0.000 ffi.py:339(detach)
      170    0.000    0.000    0.000    0.000 colors.py:953(copy)
        1    0.000    0.000    0.000    0.000 setdecl.py:1(<module>)
      165    0.000    0.000    0.000    0.000 inspect.py:2461(_descriptor_get)
        1    0.000    0.000    0.000    0.000 scale.py:737(_get_scale_docs)
    379/1    0.000    0.000    0.000    0.000 __config__.py:19(_cleanup)
     1035    0.000    0.000    0.000    0.000 controlflow.py:118(successors)
      208    0.000    0.000    0.000    0.000 <frozen posixpath>:60(isabs)
       50    0.000    0.000    0.000    0.000 values.py:31(_escape_string)
       12    0.000    0.000    0.000    0.000 base.py:341(subtarget)
        6    0.000    0.000    0.000    0.000 controlflow.py:227(_post_doms)
      195    0.000    0.000    0.000    0.000 {built-in method _codecs.utf_8_decode}
        2    0.000    0.000    0.000    0.000 base.py:682(pair_second)
       12    0.000    0.000    0.000    0.000 passmanagers.py:733(__init__)
        2    0.000    0.000    0.000    0.000 glob.py:1(<module>)
     1101    0.000    0.000    0.000    0.000 <frozen importlib._bootstrap_external>:1153(__init__)
      257    0.000    0.000    0.000    0.000 _compiler.py:467(_get_charset_prefix)
      294    0.000    0.000    0.000    0.000 {built-in method _sre.compile}
       79    0.000    0.000    0.000    0.000 ir.py:1209(redefine)
        1    0.000    0.000    0.000    0.000 mlab.py:1(<module>)
      194    0.000    0.000    0.000    0.000 __init__.py:196(__init__)
      718    0.000    0.000    0.000    0.000 ansitowin32.py:131(get_win32_calls)
        4    0.000    0.000    0.000    0.000 setobj.py:1498(gen_operator_impl)
        2    0.000    0.000    0.000    0.000 nrtdynmod.py:111(_define_atomic_inc_dec)
        6    0.000    0.000    0.000    0.000 ssa.py:102(_iterated_domfronts)
        1    0.000    0.000    0.000    0.000 _gcrotmk.py:1(<module>)
      359    0.000    0.000    0.000    0.000 errors.py:251(__exit__)
      605    0.000    0.000    0.000    0.000 _inspect.py:13(ismethod)
       23    0.000    0.000    0.000    0.000 overrides.py:177(decorator)
        1    0.000    0.000    0.000    0.000 arraylike.py:31(OpsMixin)
       22    0.000    0.000    0.000    0.000 callconv.py:774(_return_errcode_raw)
       14    0.000    0.000    0.000    0.000 transforms.py:13(__init__)
      719    0.000    0.000    0.000    0.000 {method 'fileno' of '_io.TextIOWrapper' objects}
        6    0.000    0.000    0.000    0.000 controlflow.py:558(_find_post_dominators)
      237    0.000    0.000    0.000    0.000 _collections.py:20(__missing__)
       14    0.000    0.000    0.000    0.000 targets.py:268(add_analysis_passes)
        1    0.000    0.000    0.000    0.000 results.py:1(<module>)
       94    0.000    0.000    0.000    0.000 _parser.py:274(getuntil)
        1    0.000    0.000    0.000    0.000 values.py:84(_ConstOpMixin)
        6    0.000    0.000    0.000    0.000 targetconfig.py:242(summary)
      284    0.000    0.000    0.000    0.000 templates.py:1252(register_attr)
        1    0.000    0.000    0.000    0.000 _calamine.py:1(<module>)
       12    0.000    0.000    0.000    0.000 passmanagers.py:108(_dispose)
        1    0.000    0.000    0.000    0.000 pythonapi.py:204(emit_environment_sentry)
        1    0.000    0.000    0.000    0.000 accessor_dt.py:1(<module>)
        1    0.000    0.000    0.000    0.000 model.py:1(<module>)
       78    0.000    0.000    0.000    0.000 core.py:4038(<genexpr>)
      847    0.000    0.000    0.000    0.000 ffi.py:322(__init__)
        1    0.000    0.000    0.000    0.000 axis3d.py:38(Axis)
      863    0.000    0.000    0.000    0.000 watercolumn_run_lib.py:78(save_2d_data)
        6    0.000    0.000    0.000    0.000 dis.py:647(findlabels)
        5    0.000    0.000    0.000    0.000 pythonapi.py:306(raise_object)
       92    0.000    0.000    0.000    0.000 module.py:21(_fix_metadata_operands)
      166    0.000    0.000    0.000    0.000 itanium_mangler.py:94(_len_encoded)
       75    0.000    0.000    0.000    0.000 ir.py:1200(get_or_define)
       43    0.000    0.000    0.000    0.000 decorators.py:201(_jit)
      406    0.000    0.000    0.000    0.000 common.py:4(_encode_string)
      871    0.000    0.000    0.000    0.000 _parser.py:172(__setitem__)
        1    0.000    0.000    0.000    0.000 wrappers.py:1(<module>)
      151    0.000    0.000    0.000    0.000 _parser.py:893(_parse_flags)
      130    0.000    0.000    0.000    0.000 _parser.py:312(_class_escape)
        1    0.000    0.000    0.000    0.000 indexes.py:1(<module>)
        1    0.000    0.000    0.000    0.000 tupleobj.py:1(<module>)
      139    0.000    0.000    0.000    0.000 core.py:1973(__eq__)
        1    0.000    0.000    0.000    0.000 eh.py:1(<module>)
      200    0.000    0.000    0.000    0.000 controlflow.py:368(_add_edge)
       66    0.000    0.000    0.000    0.000 typing.py:1557(<genexpr>)
       14    0.000    0.000    0.000    0.000 transforms.py:48(inlining_threshold)
      100    0.000    0.000    0.000    0.000 {method 'strftime' of 'datetime.date' objects}
        1    0.000    0.000    0.000    0.000 _mixins.py:92(NDArrayBackedExtensionArray)
        1    0.000    0.000    0.000    0.000 lex.py:1(<module>)
       11    0.000    0.000    0.000    0.000 version.py:45(parse)
       14    0.000    0.000    0.000    0.000 transforms.py:101(_dispose)
       14    0.000    0.000    0.000    0.000 module.py:76(_dispose)
       43    0.000    0.000    0.000    0.000 ipaddress.py:1886(__init__)
       14    0.000    0.000    0.000    0.000 __init__.py:199(split)
        1    0.000    0.000    0.000    0.000 parallelcompat.py:1(<module>)
     1040    0.000    0.000    0.000    0.000 imputils.py:28(lower)
       27    0.000    0.000    0.000    0.000 artist.py:45(allow_rasterization)
      494    0.000    0.000    0.000    0.000 types.py:559(__eq__)
        1    0.000    0.000    0.000    0.000 _cm_listed.py:1(<module>)
      468    0.000    0.000    0.000    0.000 compiler_machinery.py:28(__exit__)
      158    0.000    0.000    0.000    0.000 bytecode.py:242(_fetch_opcode)
        6    0.000    0.000    0.000    0.000 typed_passes.py:193(run_pass)
       71    0.000    0.000    0.000    0.000 misc.py:101(__init__)
      215    0.000    0.000    0.000    0.000 warnings.py:503(__exit__)
        7    0.000    0.000    0.000    0.000 core.py:1453(__radd__)
        1    0.000    0.000    0.000    0.000 codegen.py:1419(_customize_tm_features)
       25    0.000    0.000    0.000    0.000 targetconfig.py:215(inherit_if_not_set)
       37    0.000    0.000    0.000    0.000 cgutils.py:56(create_struct_proxy)
      918    0.000    0.000    0.000    0.000 analysis.py:69(<genexpr>)
        1    0.000    0.000    0.000    0.000 _meta.py:8(PackageMetadata)
        1    0.000    0.000    0.000    0.000 codegen.py:1348(_get_host_cpu_features)
    477/1    0.000    0.000    0.000    0.000 __config__.py:14(_cleanup)
      194    0.000    0.000    0.000    0.000 __init__.py:447(_make)
     1144    0.000    0.000    0.000    0.000 <frozen importlib._bootstrap_external>:1573(<genexpr>)
        5    0.000    0.000    0.000    0.000 context.py:75(free)
       32    0.000    0.000    0.000    0.000 instructions.py:334(descr)
       14    0.000    0.000    0.000    0.000 transforms.py:25(opt_level)
        1    0.000    0.000    0.000    0.000 pdcompat.py:1(<module>)
      447    0.000    0.000    0.000    0.000 templates.py:38(__init__)
      158    0.000    0.000    0.000    0.000 bytecode.py:323(<genexpr>)
        1    0.000    0.000    0.000    0.000 backend_bases.py:2802(NavigationToolbar2)
      188    0.000    0.000    0.000    0.000 module.py:138(add_global)
      184    0.000    0.000    0.000    0.000 builder.py:264(goto_block)
     2496    0.000    0.000    0.000    0.000 {built-in method builtins.chr}
       12    0.000    0.000    0.000    0.000 lowering.py:397(pre_block)
     1461    0.000    0.000    0.000    0.000 {method 'isupper' of 'str' objects}
       60    0.000    0.000    0.000    0.000 event.py:312(install_listener)
        6    0.000    0.000    0.000    0.000 analysis.py:580(rewrite_semantic_constants)
        6    0.000    0.000    0.000    0.000 targetconfig.py:257(_summary_args)
       16    0.000    0.000    0.000    0.000 imputils.py:432(impl_ret_borrowed)
        1    0.000    0.000    0.000    0.000 codegen.py:1449(get_host_cpu_features)
        6    0.000    0.000    0.000    0.000 interpreter.py:1512(init_first_block)
        1    0.000    0.000    0.000    0.000 dtypes.py:945(PeriodDtype)
        3    0.000    0.000    0.000    0.000 expr.py:280(disallowed)
        1    0.000    0.000    0.000    0.000 actions.py:1(<module>)
      537    0.000    0.000    0.000    0.000 rcsetup.py:180(validator)
        1    0.000    0.000    0.000    0.000 controlflow.py:1(<module>)
        1    0.000    0.000    0.000    0.000 traceback.py:1(<module>)
      312    0.000    0.000    0.000    0.000 compiler_machinery.py:139(__init__)
      107    0.000    0.000    0.000    0.000 registry.py:9(wraps)
      170    0.000    0.000    0.000    0.000 colors.py:771(__copy__)
        2    0.000    0.000    0.000    0.000 _exceptions.py:1(<module>)
      582    0.000    0.000    0.000    0.000 types.py:232(__eq__)
        4    0.000    0.000    0.000    0.000 _version.py:114(_compare)
       14    0.000    0.000    0.000    0.000 transforms.py:71(loop_vectorize)
       21    0.000    0.000    0.000    0.000 values.py:672(descr)
        6    0.000    0.000    0.000    0.000 untyped_passes.py:445(run_pass)
      116    0.000    0.000    0.000    0.000 ir.py:1550(get_definition)
        1    0.000    0.000    0.000    0.000 treenode.py:1(<module>)
       14    0.000    0.000    0.000    0.000 transforms.py:83(slp_vectorize)
      209    0.000    0.000    0.000    0.000 dataclasses.py:1294(is_dataclass)
       11    0.000    0.000    0.000    0.000 core.py:1705(__call__)
      696    0.000    0.000    0.000    0.000 {built-in method numba.core.typeconv._typeconv.check_compatible}
       34    0.000    0.000    0.000    0.000 functools.py:861(<lambda>)
       86    0.000    0.000    0.000    0.000 itanium_mangler.py:74(repl)
        8    0.000    0.000    0.000    0.000 cloudpickle.py:1260(dump)
      698    0.000    0.000    0.000    0.000 ast.py:257(iter_fields)
        3    0.000    0.000    0.000    0.000 _version.py:151(__ge__)
       14    0.000    0.000    0.000    0.000 arrayobj.py:131(load_item)
      306    0.000    0.000    0.000    0.000 npydecl.py:219(<genexpr>)
        1    0.000    0.000    0.000    0.000 isoparser.py:1(<module>)
       32    0.000    0.000    0.000    0.000 __init__.py:667(__init__)
        1    0.000    0.000    0.000    0.000 rangeobj.py:62(range3_impl)
       10    0.000    0.000    0.000    0.000 path.py:191(_create_closed)
      325    0.000    0.000    0.000    0.000 function_base.py:465(_needs_add_docstring)
      157    0.000    0.000    0.000    0.000 {built-in method builtins.locals}
  306/282    0.000    0.000    0.000    0.000 results.py:171(__init__)
        3    0.000    0.000    0.000    0.000 _fontconfig_pattern.py:59(comma_separated)
       20    0.000    0.000    0.000    0.000 models.py:460(as_argument)
      138    0.000    0.000    0.000    0.000 abstract.py:40(__init__)
        1    0.000    0.000    0.000    0.000 ir.py:1012(infer_constant)
      468    0.000    0.000    0.000    0.000 compiler_machinery.py:24(__enter__)
       45    0.000    0.000    0.000    0.000 values.py:592(__init__)
        6    0.000    0.000    0.000    0.000 deprecation.py:242(__set_name__)
      111    0.000    0.000    0.000    0.000 abstract.py:443(literal_type)
       36    0.000    0.000    0.000    0.000 models.py:545(get_argument_type)
       23    0.000    0.000    0.000    0.000 core.py:5165(__init__)
        9    0.000    0.000    0.000    0.000 inline_closurecall.py:1421(inline_array)
        1    0.000    0.000    0.000    0.000 pkgutil.py:1(<module>)
        5    0.000    0.000    0.000    0.000 pythonapi.py:234(decref)
        6    0.000    0.000    0.000    0.000 controlflow.py:179(dominance_frontier)
     1284    0.000    0.000    0.000    0.000 {built-in method sys.getrecursionlimit}
       80    0.000    0.000    0.000    0.000 calendar.py:102(__getitem__)
        8    0.000    0.000    0.000    0.000 core.py:585(_setResultsName)
        1    0.000    0.000    0.000    0.000 datetimelike.py:196(DatetimeLikeArrayMixin)
      215    0.000    0.000    0.000    0.000 __init__.py:101(section_pairs)
       32    0.000    0.000    0.000    0.000 instructions.py:316(__init__)
       97    0.000    0.000    0.000    0.000 docscrape.py:192(_strip)
        1    0.000    0.000    0.000    0.000 _openpyxl.py:1(<module>)
      718    0.000    0.000    0.000    0.000 ansitowin32.py:61(closed)
       24    0.000    0.000    0.000    0.000 _add_newdocs_scalars.py:71(add_newdoc_for_scalar_type)
       12    0.000    0.000    0.000    0.000 arraydecl.py:219(generic)
        1    0.000    0.000    0.000    0.000 ssa.py:131(_fresh_vars)
       30    0.000    0.000    0.000    0.000 _inspect.py:140(formatargspec)
     1630    0.000    0.000    0.000    0.000 analysis.py:40(<genexpr>)
       13    0.000    0.000    0.000    0.000 textwrap.py:470(indent)
        1    0.000    0.000    0.000    0.000 reduction.py:1(<module>)
       30    0.000    0.000    0.000    0.000 ipaddress.py:1282(__init__)
      127    0.000    0.000    0.000    0.000 ffi.py:255(__init__)
        7    0.000    0.000    0.000    0.000 executionengine.py:84(add_module)
        8    0.000    0.000    0.000    0.000 {function Pickler.dump at 0x7fa938e17a60}
        1    0.000    0.000    0.000    0.000 codegen.py:1392(_customize_tm_options)
        1    0.000    0.000    0.000    0.000 ExifTags.py:305(GPS)
      284    0.000    0.000    0.000    0.000 context.py:497(insert_attributes)
       95    0.000    0.000    0.000    0.000 accessor.py:94(_create_delegator_property)
        1    0.000    0.000    0.000    0.000 gzip.py:1(<module>)
        1    0.000    0.000    0.000    0.000 typedobjectutils.py:1(<module>)
       14    0.000    0.000    0.000    0.000 interpreter.py:2634(op_BINARY_SUBSCR)
        1    0.000    0.000    0.000    0.000 datetimelike.py:430(DatetimeTimedeltaMixin)
       14    0.000    0.000    0.000    0.000 base.py:491(unpack_value)
        1    0.000    0.000    0.000    0.000 target_extension.py:1(<module>)
        9    0.000    0.000    0.000    0.000 interpreter.py:2436(op_CALL)
        1    0.000    0.000    0.000    0.000 orcjit.py:1(<module>)
      311    0.000    0.000    0.000    0.000 numpy_support.py:86(from_dtype)
        3    0.000    0.000    0.000    0.000 rangeobj.py:25(make_range_impl)
        1    0.000    0.000    0.000    0.000 arraysetops.py:1(<module>)
        1    0.000    0.000    0.000    0.000 ticker.py:2240(LogLocator)
      206    0.000    0.000    0.000    0.000 docscrape.py:56(read)
     25/6    0.000    0.000    0.000    0.000 functools.py:687(_c3_mro)
      110    0.000    0.000    0.000    0.000 manager.py:23(register)
        1    0.000    0.000    0.000    0.000 period.py:80(PeriodIndex)
       53    0.000    0.000    0.000    0.000 <frozen posixpath>:256(expanduser)
        5    0.000    0.000    0.000    0.000 typeof.py:240(_typeof_ndarray)
        4    0.000    0.000    0.000    0.000 __init__.py:415(<genexpr>)
       16    0.000    0.000    0.000    0.000 base.py:549(find)
        1    0.000    0.000    0.000    0.000 widgets.py:344(Slider)
        1    0.000    0.000    0.000    0.000 base_parser.py:101(ParserBase)
        6    0.000    0.000    0.000    0.000 controlflow.py:235(_df)
       39    0.000    0.000    0.000    0.000 dispatcher.py:1062(_get_dispatcher_for_current_target)
        1    0.000    0.000    0.000    0.000 quicksort.py:1(<module>)
      169    0.000    0.000    0.000    0.000 pprint.py:107(__init__)
        1    0.000    0.000    0.000    0.000 pathlib.py:81(_make_selector)
      106    0.000    0.000    0.000    0.000 extension.py:32(_inherit_from_data)
        1    0.000    0.000    0.000    0.000 timedeltas.py:103(TimedeltaArray)
        1    0.000    0.000    0.000    0.000 isoparser.py:42(isoparser)
      323    0.000    0.000    0.000    0.000 context.py:484(_remove_global)
       33    0.000    0.000    0.000    0.000 {method '__typing_subst__' of 'typing.TypeVar' objects}
        6    0.000    0.000    0.000    0.000 analysis.py:651(find_literally_calls)
       12    0.000    0.000    0.000    0.000 cgutils.py:455(is_not_null)
        1    0.000    0.000    0.000    0.000 pathlib.py:193(__init__)
        1    0.000    0.000    0.000    0.000 type_annotations.py:1(<module>)
       12    0.000    0.000    0.000    0.000 ir_utils.py:551(remove_dels)
       68    0.000    0.000    0.000    0.000 ir_utils.py:1553(get_definition)
        1    0.000    0.000    0.000    0.000 dviread.py:238(Dvi)
        6    0.000    0.000    0.000    0.000 controlflow.py:497(_find_dominance_frontier)
      991    0.000    0.000    0.000    0.000 {method 'keys' of 'dict' objects}
      605    0.000    0.000    0.000    0.000 _inspect.py:26(isfunction)
      142    0.000    0.000    0.000    0.000 byteflow.py:1825(has_active_try)
       52    0.000    0.000    0.000    0.000 ir.py:1109(__repr__)
      569    0.000    0.000    0.000    0.000 {method 'values' of 'mappingproxy' objects}
      251    0.000    0.000    0.000    0.000 contextlib.py:446(__exit__)
        3    0.000    0.000    0.000    0.000 dataclasses.py:882(_hash_add)
       24    0.000    0.000    0.000    0.000 itanium_mangler.py:103(mangle_abi_tag)
        1    0.000    0.000    0.000    0.000 patches.py:3086(ArrowStyle)
       43    0.000    0.000    0.000    0.000 target_extension.py:75(resolve_dispatcher_from_str)
      294    0.000    0.000    0.000    0.000 _parser.py:953(fix_flags)
        4    0.000    0.000    0.000    0.000 colors.py:1679(_make_norm_from_scale)
        4    0.000    0.000    0.000    0.000 pythonapi.py:1145(string_from_string)
        1    0.000    0.000    0.000    0.000 common.py:304(_get_filepath_or_buffer)
      357    0.000    0.000    0.000    0.000 feedparser.py:77(readline)
        1    0.000    0.000    0.000    0.000 categorical.py:246(Categorical)
        1    0.000    0.000    0.000    0.000 _typed_ops.py:1(<module>)
       10    0.000    0.000    0.000    0.000 models.py:468(from_argument)
       36    0.000    0.000    0.000    0.000 __init__.py:1428(_fixupParents)
     2134    0.000    0.000    0.000    0.000 copy.py:172(_deepcopy_atomic)
        3    0.000    0.000    0.000    0.000 pathlib.py:1197(home)
      254    0.000    0.000    0.000    0.000 <frozen abc>:7(abstractmethod)
      103    0.000    0.000    0.000    0.000 ufunc_db.py:18(_lazy_init_db)
      487    0.000    0.000    0.000    0.000 byteflow.py:1715(get_inst)
      206    0.000    0.000    0.000    0.000 docscrape.py:21(strip_blank_lines)
        1    0.000    0.000    0.000    0.000 core.py:3712(ParseExpression)
       44    0.000    0.000    0.000    0.000 typing.py:977(_typevar_subst)
        1    0.000    0.000    0.000    0.000 _decomp_schur.py:1(<module>)
       12    0.000    0.000    0.000    0.000 _strptime.py:219(__seqToRE)
      169    0.000    0.000    0.000    0.000 core.py:2383(__new__)
       17    0.000    0.000    0.000    0.000 packer.py:132(argument_types)
        6    0.000    0.000    0.000    0.000 models.py:475(as_data)
        1    0.000    0.000    0.000    0.000 legend_handler.py:1(<module>)
        3    0.000    0.000    0.000    0.000 <frozen importlib._bootstrap_external>:1544(find_distributions)
        1    0.000    0.000    0.000    0.000 proj3d.py:1(<module>)
        1    0.000    0.000    0.000    0.000 widgets.py:1341(TextBox)
     1248    0.000    0.000    0.000    0.000 <frozen importlib._bootstrap>:653(has_location)
        1    0.000    0.000    0.000    0.000 gridspec.py:1(<module>)
       30    0.000    0.000    0.000    0.000 instructions.py:419(__init__)
      162    0.000    0.000    0.000    0.000 analysis.py:200(fix_point_progress)
       26    0.000    0.000    0.000    0.000 core.py:921(__init__)
      353    0.000    0.000    0.000    0.000 builder.py:241(position_at_end)
        1    0.000    0.000    0.000    0.000 pydoc.py:485(Doc)
      508    0.000    0.000    0.000    0.000 {built-in method numpy.asanyarray}
        2    0.000    0.000    0.000    0.000 base.py:576(get_getattr)
        1    0.000    0.000    0.000    0.000 bytes.py:1(<module>)
       91    0.000    0.000    0.000    0.000 instructions.py:521(descr)
      194    0.000    0.000    0.000    0.000 __init__.py:224(_for)
        3    0.000    0.000    0.000    0.000 dataclasses.py:675(_hash_fn)
       14    0.000    0.000    0.000    0.000 codegen.py:32(_parse_refprune_flags)
     1631    0.000    0.000    0.000    0.000 templates.py:50(args)
       20    0.000    0.000    0.000    0.000 scalars.py:41(from_bitwidth)
        1    0.000    0.000    0.000    0.000 lowering.py:853(default_handler)
     1254    0.000    0.000    0.000    0.000 {method 'clear' of 'dict' objects}
     1707    0.000    0.000    0.000    0.000 inspect.py:3058(parameters)
        1    0.000    0.000    0.000    0.000 pathlib.py:106(_compile_pattern)
        4    0.000    0.000    0.000    0.000 pythonapi.py:870(gil_release)
        1    0.000    0.000    0.000    0.000 printing.py:1(<module>)
      359    0.000    0.000    0.000    0.000 errors.py:256(__init__)
      194    0.000    0.000    0.000    0.000 docscrape.py:35(__init__)
      233    0.000    0.000    0.000    0.000 types.py:445(elements)
        1    0.000    0.000    0.000    0.000 tuple.py:1(<module>)
        8    0.000    0.000    0.000    0.000 executionengine.py:178(_raw_object_cache_notify)
        1    0.000    0.000    0.000    0.000 tempfile.py:1(<module>)
       20    0.000    0.000    0.000    0.000 colors.py:1189(reversed)
      158    0.000    0.000    0.000    0.000 ir.py:1100(__init__)
        4    0.000    0.000    0.000    0.000 pythonapi.py:1285(nrt_adapt_ndarray_from_python)
      586    0.000    0.000    0.000    0.000 _inspect.py:41(iscode)
        1    0.000    0.000    0.000    0.000 _collections.py:1(<module>)
       32    0.000    0.000    0.000    0.000 <frozen _collections_abc>:974(update)
       24    0.000    0.000    0.000    0.000 functions.py:551(dispatcher)
        1    0.000    0.000    0.000    0.000 ansi.py:1(<module>)
       19    0.000    0.000    0.000    0.000 artist.py:24(_prevent_rasterization)
        1    0.000    0.000    0.000    0.000 construction.py:596(_homogenize)
        1    0.000    0.000    0.000    0.000 sysconfig.py:448(get_makefile_filename)
        9    0.000    0.000    0.000    0.000 byteflow.py:1117(op_CALL)
        1    0.000    0.000    0.000    0.000 ufunc_db.py:26(get_ufuncs)
       24    0.000    0.000    0.000    0.000 typeinfer.py:1111(copy_type)
        1    0.000    0.000    0.000    0.000 _odfreader.py:1(<module>)
        7    0.000    0.000    0.000    0.000 core.py:5840(__add__)
        1    0.000    0.000    0.000    0.000 stata.py:823(StataMissingValue)
        1    0.000    0.000    0.000    0.000 widgets.py:2533(SpanSelector)
        1    0.000    0.000    0.000    0.000 tokens.py:1(<module>)
      322    0.000    0.000    0.000    0.000 socket.py:79(<lambda>)
        2    0.000    0.000    0.000    0.000 _strptime.py:88(__calc_month)
        1    0.000    0.000    0.000    0.000 value.py:48(ValueKind)
        4    0.000    0.000    0.000    0.000 cgutils.py:1225(create_constant_array)
        3    0.000    0.000    0.000    0.000 __init__.py:777(find_distributions)
      283    0.000    0.000    0.000    0.000 __init__.py:120(valid)
      127    0.000    0.000    0.000    0.000 extending.py:370(__repr__)
      323    0.000    0.000    0.000    0.000 socket.py:84(<lambda>)
       98    0.000    0.000    0.000    0.000 _policybase.py:293(header_source_parse)
        7    0.000    0.000    0.000    0.000 getlimits.py:484(__new__)
      325    0.000    0.000    0.000    0.000 socket.py:94(<lambda>)
      360    0.000    0.000    0.000    0.000 inspect.py:1813(_shadowed_dict)
        1    0.000    0.000    0.000    0.000 variables.py:1(<module>)
       10    0.000    0.000    0.000    0.000 functions.py:564(get_overload)
       15    0.000    0.000    0.000    0.000 builder.py:539(not_)
        1    0.000    0.000    0.000    0.000 _nested_sequence.py:1(<module>)
       40    0.000    0.000    0.000    0.000 colors.py:1149(__init__)
      324    0.000    0.000    0.000    0.000 socket.py:89(<lambda>)
       20    0.000    0.000    0.000    0.000 ipaddress.py:1183(_ip_int_from_string)
       88    0.000    0.000    0.000    0.000 <frozen codecs>:309(__init__)
      156    0.000    0.000    0.000    0.000 controlflow.py:602(push_state)
       44    0.000    0.000    0.000    0.000 core.py:3063(_generateDefaultName)
       18    0.000    0.000    0.000    0.000 __init__.py:416(by_key)
       91    0.000    0.000    0.000    0.000 __init__.py:517(cast)
      143    0.000    0.000    0.000    0.000 _utils.py:9(__init__)
        1    0.000    0.000    0.000    0.000 polynomial_core.py:1(<module>)
        5    0.000    0.000    0.000    0.000 extending.py:39(decorate)
      127    0.000    0.000    0.000    0.000 ffi.py:273(__del__)
        1    0.000    0.000    0.000    0.000 object_file.py:1(<module>)
        1    0.000    0.000    0.000    0.000 nrtdynmod.py:138(_define_atomic_cas)
     1100    0.000    0.000    0.000    0.000 <frozen importlib._bootstrap_external>:1178(get_filename)
      300    0.000    0.000    0.000    0.000 controlflow.py:96(add_node)
        1    0.000    0.000    0.000    0.000 transforms.py:84(TransformNode)
        1    0.000    0.000    0.000    0.000 core.py:456(DebugActions)
        7    0.000    0.000    0.000    0.000 base.py:298(declare_env_global)
        1    0.000    0.000    0.000    0.000 targets.py:219(create_target_machine)
        1    0.000    0.000    0.000    0.000 integer.py:1(<module>)
       45    0.000    0.000    0.000    0.000 instructions.py:237(descr)
      540    0.000    0.000    0.000    0.000 base.py:37(__init__)
      150    0.000    0.000    0.000    0.000 controlflow.py:89(__init__)
        1    0.000    0.000    0.000    0.000 ir.py:25(Loc)
      206    0.000    0.000    0.000    0.000 contextlib.py:548(_push_exit_callback)
        1    0.000    0.000    0.000    0.000 mathdecl.py:129(Math_frexp)
        6    0.000    0.000    0.000    0.000 lowering.py:175(emit_environment_object)
       30    0.000    0.000    0.000    0.000 npyimpl.py:520(register_binary_operator_kernel)
        1    0.000    0.000    0.000    0.000 tz.py:1552(__call__)
      158    0.000    0.000    0.000    0.000 bytecode.py:219(_patched_opargs)
      152    0.000    0.000    0.000    0.000 dis.py:623(_unpack_opargs)
      502    0.000    0.000    0.000    0.000 {method 'partition' of 'str' objects}
        1    0.000    0.000    0.000    0.000 gdb_hook.py:1(<module>)
      300    0.000    0.000    0.000    0.000 compiler_machinery.py:385(resolve_requires)
        6    0.000    0.000    0.000    0.000 controlflow.py:231(_idom)
      526    0.000    0.000    0.000    0.000 typing.py:2534(final)
      183    0.000    0.000    0.000    0.000 textwrap.py:482(prefixed_lines)
       37    0.000    0.000    0.000    0.000 templates.py:98(__repr__)
       13    0.000    0.000    0.000    0.000 core.py:8389(__init__)
        1    0.000    0.000    0.000    0.000 unicode.py:121(pyparsing_unicode)
      318    0.000    0.000    0.000    0.000 cpu_options.py:180(encode)
       23    0.000    0.000    0.000    0.000 templates.py:1217(wrapper)
        1    0.000    0.000    0.000    0.000 datatree_render.py:1(<module>)
       39    0.000    0.000    0.000    0.000 cgutils.py:1184(normalize_ir_text)
        1    0.000    0.000    0.000    0.000 widgets.py:615(RangeSlider)
      118    0.000    0.000    0.000    0.000 <frozen _collections_abc>:804(get)
        1    0.000    0.000    0.000    0.000 transforms.py:2106(IdentityTransform)
        1    0.000    0.000    0.000    0.000 series.py:5136(reindex)
        1    0.000    0.000    0.000    0.000 backend_tools.py:29(Cursors)
        1    0.000    0.000    0.000    0.000 _norm.py:1(<module>)
        1    0.000    0.000    0.000    0.000 _bsr.py:1(<module>)
     1793    0.000    0.000    0.000    0.000 inspect.py:2769(default)
        2    0.000    0.000    0.000    0.000 sysconfig.py:258(_extend_dict)
        6    0.000    0.000    0.000    0.000 {built-in method zlib.compressobj}
      130    0.000    0.000    0.000    0.000 colors.py:967(__init__)
        1    0.000    0.000    0.000    0.000 shlex.py:1(<module>)
       30    0.000    0.000    0.000    0.000 instructions.py:422(descr)
       18    0.000    0.000    0.000    0.000 values.py:52(wrap)
  434/409    0.000    0.000    0.000    0.000 byteflow.py:1982(_flatten_inst_regs)
        3    0.000    0.000    0.000    0.000 pathlib.py:1398(expanduser)
        3    0.000    0.000    0.000    0.000 __init__.py:790(_search_paths)
      300    0.000    0.000    0.000    0.000 ir.py:716(__init__)
       34    0.000    0.000    0.000    0.000 generic.py:13611(make_doc)
       52    0.000    0.000    0.000    0.000 ir.py:201(short)
        2    0.000    0.000    0.000    0.000 pythonapi.py:1319(if_object_ok)
        1    0.000    0.000    0.000    0.000 axis.py:596(Axis)
       17    0.000    0.000    0.000    0.000 byteflow.py:1429(op_BINARY_OP)
        1    0.000    0.000    0.000    0.000 collections.py:27(Collection)
        6    0.000    0.000    0.000    0.000 callconv.py:373(return_value)
        2    0.000    0.000    0.000    0.000 api.py:433(_get_cached_btype)
       65    0.000    0.000    0.000    0.000 results.py:449(__iadd__)
        1    0.000    0.000    0.000    0.000 generic.py:5343(reindex)
      118    0.000    0.000    0.000    0.000 typeinfer.py:921(__setitem__)
       47    0.000    0.000    0.000    0.000 typeconv.py:63(set_safe_convert)
      805    0.000    0.000    0.000    0.000 __init__.py:1790(isEnabledFor)
        1    0.000    0.000    0.000    0.000 _interface.py:1(<module>)
        1    0.000    0.000    0.000    0.000 events.py:1(<module>)
      261    0.000    0.000    0.000    0.000 compute.py:236(_make_generic_wrapper)
        8    0.000    0.000    0.000    0.000 serialize.py:193(reducer_override)
       17    0.000    0.000    0.000    0.000 templates.py:1316(__init__)
       73    0.000    0.000    0.000    0.000 typing.py:1415(__mro_entries__)
        6    0.000    0.000    0.000    0.000 controlflow.py:444(_find_immediate_dominators)
      118    0.000    0.000    0.000    0.000 values.py:1114(add_attribute)
      341    0.000    0.000    0.000    0.000 models.py:48(get_argument_type)
        1    0.000    0.000    0.000    0.000 python_parser.py:1(<module>)
       13    0.000    0.000    0.000    0.000 static_getitem.py:147(match)
        6    0.000    0.000    0.000    0.000 ir.py:1522(copy)
      362    0.000    0.000    0.000    0.000 inspect.py:299(ismethod)
        1    0.000    0.000    0.000    0.000 tzinfo.py:1(<module>)
       25    0.000    0.000    0.000    0.000 typeinfer.py:1114(lock_type)
        2    0.000    0.000    0.000    0.000 _adapters.py:46(__init__)
        1    0.000    0.000    0.000    0.000 geo.py:294(HammerAxes)
      162    0.000    0.000    0.000    0.000 rcsetup.py:140(validate_bool)
       16    0.000    0.000    0.000    0.000 typeinfer.py:1025(seed_argument)
        1    0.000    0.000    0.000    0.000 _xlrd.py:1(<module>)
       11    0.000    0.000    0.000    0.000 ssa.py:364(on_other)
      263    0.000    0.000    0.000    0.000 core.py:3730(<genexpr>)
        1    0.000    0.000    0.000    0.000 base.py:284(IndexOpsMixin)
        9    0.000    0.000    0.000    0.000 __init__.py:73(CFUNCTYPE)
        1    0.000    0.000    0.000    0.000 accessor.py:30(DataArrayPlotAccessor)
       44    0.000    0.000    0.000    0.000 results.py:554(copy)
        6    0.000    0.000    0.000    0.000 functions.py:353(__init__)
       40    0.000    0.000    0.000    0.000 getlimits.py:91(_float_to_float)
        6    0.000    0.000    0.000    0.000 typed_passes.py:571(run_pass)
       50    0.000    0.000    0.000    0.000 _internal.py:872(_ufunc_doc_signature_formatter)
        2    0.000    0.000    0.000    0.000 _adapters.py:63(_repair_headers)
       12    0.000    0.000    0.000    0.000 message.py:494(get)
        1    0.000    0.000    0.000    0.000 geo.py:246(AitoffAxes)
      199    0.000    0.000    0.000    0.000 ir.py:1312(append)
       24    0.000    0.000    0.000    0.000 dviread.py:220(decorate)
        7    0.000    0.000    0.000    0.000 npytypes.py:444(__init__)
       28    0.000    0.000    0.000    0.000 ipaddress.py:1617(_ip_int_from_string)
        4    0.000    0.000    0.000    0.000 models.py:518(__init__)
        1    0.000    0.000    0.000    0.000 ufunc_db.py:46(_fill_ufunc_db)
        3    0.000    0.000    0.000    0.000 numba_.py:1(<module>)
       16    0.000    0.000    0.000    0.000 executionengine.py:145(_find_module_ptr)
        1    0.000    0.000    0.000    0.000 geo.py:341(MollweideAxes)
      165    0.000    0.000    0.000    0.000 ir.py:195(with_lineno)
      448    0.000    0.000    0.000    0.000 colors.py:348(<genexpr>)
        3    0.000    0.000    0.000    0.000 __init__.py:750(__init__)
        1    0.000    0.000    0.000    0.000 geo.py:413(LambertAxes)
        6    0.000    0.000    0.000    0.000 funcdesc.py:117(llvm_cpython_wrapper_name)
        1    0.000    0.000    0.000    0.000 contour.py:716(ContourSet)
        1    0.000    0.000    0.000    0.000 pickle_compat.py:1(<module>)
       45    0.000    0.000    0.000    0.000 weakref.py:568(__init__)
        1    0.000    0.000    0.000    0.000 ndarray.py:1(<module>)
       45    0.000    0.000    0.000    0.000 compiler_machinery.py:436(_does_pass_name_alias)
       13    0.000    0.000    0.000    0.000 core.py:8394(getdoc)
       31    0.000    0.000    0.000    0.000 templates.py:62(replace)
      335    0.000    0.000    0.000    0.000 builder.py:204(function)
      222    0.000    0.000    0.000    0.000 transforms.py:1329(<genexpr>)
      123    0.000    0.000    0.000    0.000 __init__.py:255(escape)
        1    0.000    0.000    0.000    0.000 pythonapi.py:263(unpack_tuple)
      453    0.000    0.000    0.000    0.000 lowering.py:307(typeof)
        1    0.000    0.000    0.000    0.000 axis.py:43(Tick)
       60    0.000    0.000    0.000    0.000 ir.py:377(__init__)
        1    0.000    0.000    0.000    0.000 _iotools.py:1(<module>)
        5    0.000    0.000    0.000    0.000 executionengine.py:73(get_global_value_address)
     1876    0.000    0.000    0.000    0.000 __init__.py:847(<lambda>)
        7    0.000    0.000    0.000    0.000 module.py:89(get_global_variable)
      239    0.000    0.000    0.000    0.000 extending.py:202(_overload_method_common)
      488    0.000    0.000    0.000    0.000 typing.py:1603(__eq__)
      796    0.000    0.000    0.000    0.000 abstract.py:118(__str__)
        1    0.000    0.000    0.000    0.000 init_utils.py:1(<module>)
        8    0.000    0.000    0.000    0.000 types.py:513(format_constant)
       44    0.000    0.000    0.000    0.000 core.py:3946(<genexpr>)
       42    0.000    0.000    0.000    0.000 dataclasses.py:864(_set_new_attribute)
        1    0.000    0.000    0.000    0.000 contour.py:72(ContourLabeler)
     1100    0.000    0.000    0.000    0.000 <frozen importlib._bootstrap_external>:986(create_module)
       64    0.000    0.000    0.000    0.000 _decorators.py:443(__call__)
        1    0.000    0.000    0.000    0.000 typeref.py:7(TypeKind)
        1    0.000    0.000    0.000    0.000 _mathtext_data.py:1(<module>)
        3    0.000    0.000    0.000    0.000 options.py:1(<module>)
        1    0.000    0.000    0.000    0.000 process.py:1(<module>)
        9    0.000    0.000    0.000    0.000 frame.py:4608(_box_col_values)
      160    0.000    0.000    0.000    0.000 shape_base.py:608(_column_stack_dispatcher)
       81    0.000    0.000    0.000    0.000 typing.py:961(_is_unpacked_typevartuple)
        8    0.000    0.000    0.000    0.000 cloudpickle.py:1307(reducer_override)
       44    0.000    0.000    0.000    0.000 functions.py:274(get_impl_key)
        1    0.000    0.000    0.000    0.000 feather_format.py:1(<module>)
      148    0.000    0.000    0.000    0.000 packer.py:137(<genexpr>)
        1    0.000    0.000    0.000    0.000 widgets.py:3738(LassoSelector)
        1    0.000    0.000    0.000    0.000 models.py:873(__init__)
      359    0.000    0.000    0.000    0.000 {method 'decode' of 'bytearray' objects}
       36    0.000    0.000    0.000    0.000 numeric.py:136(ones)
      142    0.000    0.000    0.000    0.000 byteflow.py:1809(get_top_block)
        6    0.000    0.000    0.000    0.000 itanium_mangler.py:179(prepend_namespace)
        3    0.000    0.000    0.000    0.000 __init__.py:331(_compile_template)
      351    0.000    0.000    0.000    0.000 ir.py:1330(<genexpr>)
        1    0.000    0.000    0.000    0.000 texmanager.py:1(<module>)
       66    0.000    0.000    0.000    0.000 imputils.py:55(decorate)
      230    0.000    0.000    0.000    0.000 {method 'splitlines' of 'str' objects}
        2    0.000    0.000    0.000    0.000 builder.py:47(wrapped)
       12    0.000    0.000    0.000    0.000 static_getitem.py:57(match)
       18    0.000    0.000    0.000    0.000 core.py:997(__init__)
        1    0.000    0.000    0.000    0.000 exceptions.py:27(ParseBaseException)
        2    0.000    0.000    0.000    0.000 _strptime.py:80(__calc_weekday)
       87    0.000    0.000    0.000    0.000 utils.py:250(__init__)
      863    0.000    0.000    0.000    0.000 watercolumn_run_lib.py:65(save_1d_data)
        1    0.000    0.000    0.000    0.000 core.py:6550(__new__)
      429    0.000    0.000    0.000    0.000 types.py:206(__new__)
        1    0.000    0.000    0.000    0.000 _legacy.py:1(<module>)
        1    0.000    0.000    0.000    0.000 tz.py:1590(nocache)
       13    0.000    0.000    0.000    0.000 interpreter.py:2281(op_LOAD_CONST)
        5    0.000    0.000    0.000    0.000 base.py:1001(make_array)
        2    0.000    0.000    0.000    0.000 getlimits.py:540(_init)
       14    0.000    0.000    0.000    0.000 byteflow.py:1099(op_BINARY_SUBSCR)
      259    0.000    0.000    0.000    0.000 abstract.py:28(_on_type_disposal)
        1    0.000    0.000    0.000    0.000 ExifTags.py:360(LightSource)
        7    0.000    0.000    0.000    0.000 cgutils.py:450(is_null)
       19    0.000    0.000    0.000    0.000 __init__.py:728(search)
        1    0.000    0.000    0.000    0.000 builtins.py:363(BitwiseInvert)
        1    0.000    0.000    0.000    0.000 combine.py:1(<module>)
        1    0.000    0.000    0.000    0.000 daskmanager.py:1(<module>)
        1    0.000    0.000    0.000    0.000 decorator.py:215(decorator)
      316    0.000    0.000    0.000    0.000 rcsetup.py:878(_convert_validator_spec)
        1    0.000    0.000    0.000    0.000 lobpcg.py:1(<module>)
        1    0.000    0.000    0.000    0.000 _parser.py:58(_timelex)
        1    0.000    0.000    0.000    0.000 series.py:5773(isna)
      711    0.000    0.000    0.000    0.000 enum.py:810(__getitem__)
      616    0.000    0.000    0.000    0.000 __init__.py:429(<genexpr>)
        1    0.000    0.000    0.000    0.000 targets.py:46(get_host_cpu_features)
       12    0.000    0.000    0.000    0.000 byteflow.py:1882(get_outgoing_states)
        6    0.000    0.000    0.000    0.000 byteflow.py:205(_build_cfg)
        1    0.000    0.000    0.000    0.000 generic.py:8693(isna)
        4    0.000    0.000    0.000    0.000 colors.py:1697(Norm)
        1    0.000    0.000    0.000    0.000 laguerre.py:1(<module>)
        1    0.000    0.000    0.000    0.000 pytables.py:4836(AppendableMultiFrameTable)
        3    0.000    0.000    0.000    0.000 module.py:151(declare_intrinsic)
        1    0.000    0.000    0.000    0.000 ssa.py:1(<module>)
       16    0.000    0.000    0.000    0.000 typeinfer.py:1030(seed_type)
       17    0.000    0.000    0.000    0.000 packer.py:190(unflatten)
       79    0.000    0.000    0.000    0.000 context.py:655(unify_pairs)
        1    0.000    0.000    0.000    0.000 backend_managers.py:1(<module>)
      100    0.000    0.000    0.000    0.000 _strptime.py:234(<genexpr>)
       53    0.000    0.000    0.000    0.000 interpreter.py:62(assign)
      718    0.000    0.000    0.000    0.000 ansitowin32.py:121(should_wrap)
       43    0.000    0.000    0.000    0.000 scalars.py:32(__init__)
       86    0.000    0.000    0.000    0.000 __init__.py:595(__init__)
        1    0.000    0.000    0.000    0.000 _compression.py:1(<module>)
       14    0.000    0.000    0.000    0.000 models.py:82(load_from_data_pointer)
        4    0.000    0.000    0.000    0.000 npydecl.py:407(_numpy_redirect)
    40/38    0.000    0.000    0.000    0.000 ir.py:239(__eq__)
       47    0.000    0.000    0.000    0.000 ipaddress.py:533(_split_addr_prefix)
        6    0.000    0.000    0.000    0.000 controlflow.py:305(topo_sort)
        1    0.000    0.000    0.000    0.000 hermite_e.py:1(<module>)
        1    0.000    0.000    0.000    0.000 builtins.py:375(UnaryOp)
      470    0.000    0.000    0.000    0.000 controlflow.py:126(predecessors)
        1    0.000    0.000    0.000    0.000 cgutils.py:970(memset)
      822    0.000    0.000    0.000    0.000 {method '__subclasses__' of 'type' objects}
       59    0.000    0.000    0.000    0.000 enum.py:383(__init__)
        1    0.000    0.000    0.000    0.000 representer.py:1(<module>)
        3    0.000    0.000    0.000    0.000 feedparser.py:100(push)
      161    0.000    0.000    0.000    0.000 ir.py:918(__init__)
        1    0.000    0.000    0.000    0.000 hatch.py:1(<module>)
        1    0.000    0.000    0.000    0.000 computation.py:1(<module>)
        1    0.000    0.000    0.000    0.000 doc.py:1(<module>)
        8    0.000    0.000    0.000    0.000 message.py:596(get_content_type)
        1    0.000    0.000    0.000    0.000 _polybase.py:1(<module>)
        1    0.000    0.000    0.000    0.000 einsumfunc.py:1(<module>)
       12    0.000    0.000    0.000    0.000 dis.py:729(__init__)
        2    0.000    0.000    0.000    0.000 targets.py:80(get_host_cpu_name)
      6/2    0.000    0.000    0.000    0.000 model.py:56(get_cached_btype)
      946    0.000    0.000    0.000    0.000 common.py:27(_is_shutting_down)
        1    0.000    0.000    0.000    0.000 parfor_lowering_utils.py:1(<module>)
       25    0.000    0.000    0.000    0.000 sigutils.py:22(normalize_signature)
        1    0.000    0.000    0.000    0.000 targetconfig.py:1(<module>)
        1    0.000    0.000    0.000    0.000 _datasource.py:1(<module>)
        1    0.000    0.000    0.000    0.000 value.py:10(Linkage)
        3    0.000    0.000    0.000    0.000 _parser.py:996(parse_template)
      993    0.000    0.000    0.000    0.000 postproc.py:191(<genexpr>)
        1    0.000    0.000    0.000    0.000 nrtdynmod.py:27(_define_nrt_meminfo_data)
        6    0.000    0.000    0.000    0.000 typeinfer.py:1388(get_return_type)
      634    0.000    0.000    0.000    0.000 enum.py:251(__init__)
       72    0.000    0.000    0.000    0.000 <frozen posixpath>:408(normpath)
      190    0.000    0.000    0.000    0.000 expr.py:183(<genexpr>)
      669    0.000    0.000    0.000    0.000 compiler_machinery.py:41(name)
        1    0.000    0.000    0.000    0.000 withcontexts.py:1(<module>)
        8    0.000    0.000    0.000    0.000 values.py:484(literal_struct)
        1    0.000    0.000    0.000    0.000 records.py:1(<module>)
        1    0.000    0.000    0.000    0.000 npydecl.py:431(register_number_classes)
        6    0.000    0.000    0.000    0.000 untyped_passes.py:1646(run_pass)
        1    0.000    0.000    0.000    0.000 lines.py:216(Line2D)
        1    0.000    0.000    0.000    0.000 core.py:4481(ParseElementEnhance)
        1    0.000    0.000    0.000    0.000 context.py:148(meminfo_alloc_aligned)
        6    0.000    0.000    0.000    0.000 abc.py:41(_register)
        1    0.000    0.000    0.000    0.000 missing.py:101(isna)
       48    0.000    0.000    0.000    0.000 targetconfig.py:69(__init__)
        1    0.000    0.000    0.000    0.000 patches.py:4054(FancyArrowPatch)
        1    0.000    0.000    0.000    0.000 enumimpl.py:1(<module>)
        7    0.000    0.000    0.000    0.000 value.py:212(type)
        1    0.000    0.000    0.000    0.000 stride_tricks.py:1(<module>)
        1    0.000    0.000    0.000    0.000 context.py:162(meminfo_alloc_aligned_unchecked)
       18    0.000    0.000    0.000    0.000 base.py:463(get_argument_type)
        1    0.000    0.000    0.000    0.000 minres.py:1(<module>)
        1    0.000    0.000    0.000    0.000 widgets.py:3814(PolygonSelector)
        1    0.000    0.000    0.000    0.000 _adapters.py:19(Message)
        2    0.000    0.000    0.000    0.000 interpreter.py:2610(op_FOR_ITER)
       12    0.000    0.000    0.000    0.000 controlflow.py:512(_find_dominators_internal)
       57    0.000    0.000    0.000    0.000 dispatcher.py:721(__repr__)
        1    0.000    0.000    0.000    0.000 unicode_support.py:59(_PyUnicode_TyperecordMasks)
       78    0.000    0.000    0.000    0.000 util.py:113(set_)
        1    0.000    0.000    0.000    0.000 missing.py:184(_isna)
        1    0.000    0.000    0.000    0.000 base.py:110(ExtensionArray)
        1    0.000    0.000    0.000    0.000 array.py:287(SparseArray)
        1    0.000    0.000    0.000    0.000 _tzpath.py:1(<module>)
        1    0.000    0.000    0.000    0.000 _endian.py:1(<module>)
      142    0.000    0.000    0.000    0.000 byteflow.py:294(_is_implicit_new_block)
        1    0.000    0.000    0.000    0.000 chebyshev.py:1(<module>)
        6    0.000    0.000    0.000    0.000 typeinfer.py:1331(get_function_types)
       30    0.000    0.000    0.000    0.000 rcsetup.py:52(__init__)
        1    0.000    0.000    0.000    0.000 period.py:121(PeriodArray)
        1    0.000    0.000    0.000    0.000 _type_aliases.py:94(_add_aliases)
        7    0.000    0.000    0.000    0.000 targets.py:150(get_pointee_abi_size)
        1    0.000    0.000    0.000    0.000 getlimits.py:1(<module>)
      318    0.000    0.000    0.000    0.000 __init__.py:781(__iter__)
      548    0.000    0.000    0.000    0.000 abstract.py:115(__repr__)
        3    0.000    0.000    0.000    0.000 ansi.py:26(__init__)
        1    0.000    0.000    0.000    0.000 contextlib.py:78(inner)
        1    0.000    0.000    0.000    0.000 zarr.py:1(<module>)
       69    0.000    0.000    0.000    0.000 imputils.py:42(_decorate_attr)
      133    0.000    0.000    0.000    0.000 ir.py:1179(get)
        2    0.000    0.000    0.000    0.000 error.py:1(<module>)
        8    0.000    0.000    0.000    0.000 cloudpickle.py:1042(_class_reduce)
        1    0.000    0.000    0.000    0.000 hermite.py:1(<module>)
        7    0.000    0.000    0.000    0.000 byteflow.py:446(op_LOAD_GLOBAL)
        6    0.000    0.000    0.000    0.000 environment.py:17(from_fndesc)
      303    0.000    0.000    0.000    0.000 context.py:59(__len__)
      180    0.000    0.000    0.000    0.000 analysis.py:138(<genexpr>)
        1    0.000    0.000    0.000    0.000 dataset_plot.py:1(<module>)
     1140    0.000    0.000    0.000    0.000 multiarray.py:503(can_cast)
        1    0.000    0.000    0.000    0.000 histograms.py:1(<module>)
       12    0.000    0.000    0.000    0.000 context.py:62(register)
        1    0.000    0.000    0.000    0.000 sasreader.py:1(<module>)
       84    0.000    0.000    0.000    0.000 collections.py:43(generic)
        5    0.000    0.000    0.000    0.000 interpreter.py:2890(op_RETURN_VALUE)
        6    0.000    0.000    0.000    0.000 numeric.py:2507(extend_all)
       43    0.000    0.000    0.000    0.000 extending.py:577(is_jitted)
        1    0.000    0.000    0.000    0.000 ipc.py:1(<module>)
        1    0.000    0.000    0.000    0.000 utils.py:388(OrderedSet)
       11    0.000    0.000    0.000    0.000 lowering.py:850(normal_handler)
        1    0.000    0.000    0.000    0.000 patches.py:2293(BoxStyle)
        8    0.000    0.000    0.000    0.000 common.py:49(__init__)
       16    0.000    0.000    0.000    0.000 ssa.py:278(on_other)
        1    0.000    0.000    0.000    0.000 tfqmr.py:1(<module>)
       26    0.000    0.000    0.000    0.000 __init__.py:290(__getattr__)
      405    0.000    0.000    0.000    0.000 _compiler.py:31(_combine_flags)
        1    0.000    0.000    0.000    0.000 _special_sparse_arrays.py:1(<module>)
        1    0.000    0.000    0.000    0.000 unicode.py:99(identbodychars)
       30    0.000    0.000    0.000    0.000 event.py:182(register)
        1    0.000    0.000    0.000    0.000 managers.py:2121(create_block_manager_from_column_arrays)
        9    0.000    0.000    0.000    0.000 untyped_passes.py:352(_do_work)
       13    0.000    0.000    0.000    0.000 functools.py:188(total_ordering)
        4    0.000    0.000    0.000    0.000 cgutils.py:805(is_scalar_zero)
       80    0.000    0.000    0.000    0.000 ipaddress.py:1209(_parse_octet)
        6    0.000    0.000    0.000    0.000 untyped_passes.py:1692(run_pass)
        1    0.000    0.000    0.000    0.000 legendre.py:1(<module>)
        5    0.000    0.000    0.000    0.000 numbers.py:44(int_sub_impl)
        1    0.000    0.000    0.000    0.000 version.py:36(_Version)
      125    0.000    0.000    0.000    0.000 values.py:870(add)
       15    0.000    0.000    0.000    0.000 typing.py:2112(runtime_checkable)
       12    0.000    0.000    0.000    0.000 datetimelike.py:164(_make_unpacked_invalid_op)
        1    0.000    0.000    0.000    0.000 __init__.py:495(_get_xdg_config_dir)
       84    0.000    0.000    0.000    0.000 templates.py:1317(<genexpr>)
       53    0.000    0.000    0.000    0.000 lowering.py:1428(getvar)
      317    0.000    0.000    0.000    0.000 overrides.py:105(array_function_dispatch)
       18    0.000    0.000    0.000    0.000 types.py:556(_to_string)
        1    0.000    0.000    0.000    0.000 core.py:5051(__init__)
      294    0.000    0.000    0.000    0.000 _parser.py:77(__init__)
        1    0.000    0.000    0.000    0.000 cpu.py:120(get_env_body)
        2    0.000    0.000    0.000    0.000 frequencies.py:1(<module>)
        1    0.000    0.000    0.000    0.000 expr.py:324(f)
      840    0.000    0.000    0.000    0.000 types.py:247(wrap_constant_value)
        1    0.000    0.000    0.000    0.000 c_parser_wrapper.py:355(_concatenate_chunks)
        6    0.000    0.000    0.000    0.000 postproc.py:235(remove_dels)
      264    0.000    0.000    0.000    0.000 {method 'clear' of 'frame' objects}
       84    0.000    0.000    0.000    0.000 builtins.py:544(generic)
      168    0.000    0.000    0.000    0.000 inspect.py:303(ismethoddescriptor)
        2    0.000    0.000    0.000    0.000 listobject.py:689(_gen_getitem)
       28    0.000    0.000    0.000    0.000 calendar.py:121(__getitem__)
        1    0.000    0.000    0.000    0.000 _adapters.py:40(CompatibilityFiles)
        4    0.000    0.000    0.000    0.000 types.py:66(new_class)
       71    0.000    0.000    0.000    0.000 typing.py:1542(<genexpr>)
      718    0.000    0.000    0.000    0.000 ansitowin32.py:22(__init__)
       37    0.000    0.000    0.000    0.000 __init__.py:1497(__init__)
       18    0.000    0.000    0.000    0.000 typeinfer.py:1398(get_state_token)
        1    0.000    0.000    0.000    0.000 _pyxlsb.py:1(<module>)
        1    0.000    0.000    0.000    0.000 dufunc.py:79(DUFunc)
       16    0.000    0.000    0.000    0.000 targetconfig.py:57(top_or_none)
      125    0.000    0.000    0.000    0.000 functions.py:65(__init__)
       57    0.000    0.000    0.000    0.000 functions.py:515(__hash__)
      206    0.000    0.000    0.000    0.000 ir.py:605(<genexpr>)
       10    0.000    0.000    0.000    0.000 _text.py:79(__hash__)
        7    0.000    0.000    0.000    0.000 interpreter.py:2304(op_LOAD_GLOBAL)
        6    0.000    0.000    0.000    0.000 controlflow.py:420(_find_postorder)
      142    0.000    0.000    0.000    0.000 byteflow.py:1718(advance_pc)
        1    0.000    0.000    0.000    0.000 callwrapper.py:1(<module>)
        4    0.000    0.000    0.000    0.000 interpreter.py:2270(op_LOAD_ATTR)
        8    0.000    0.000    0.000    0.000 executionengine.py:196(_raw_object_cache_getbuffer)
        1    0.000    0.000    0.000    0.000 variable.py:347(Variable)
       86    0.000    0.000    0.000    0.000 utils.py:758(get_hashable_key)
        1    0.000    0.000    0.000    0.000 abstract.py:406(Literal)
        6    0.000    0.000    0.000    0.000 controlflow.py:211(_topo_order)
      359    0.000    0.000    0.000    0.000 initialise.py:65(deinit)
      359    0.000    0.000    0.000    0.000 initialise.py:104(reinit)
        1    0.000    0.000    0.000    0.000 literal.py:1(<module>)
        1    0.000    0.000    0.000    0.000 typedlist.py:193(List)
        1    0.000    0.000    0.000    0.000 quoprimime.py:1(<module>)
       12    0.000    0.000    0.000    0.000 interpreter.py:1538(_start_new_block)
        1    0.000    0.000    0.000    0.000 extension_array.py:1(<module>)
        1    0.000    0.000    0.000    0.000 lazy.py:1(<module>)
      191    0.000    0.000    0.000    0.000 doc.py:11(create_section_header)
        4    0.000    0.000    0.000    0.000 cgutils.py:794(_scalar_pred_against_zero)
       48    0.000    0.000    0.000    0.000 ffi.py:280(__str__)
      824    0.000    0.000    0.000    0.000 typing.py:774(<genexpr>)
        8    0.000    0.000    0.000    0.000 cftime_offsets.py:661(_generate_anchored_offsets)
      728    0.000    0.000    0.000    0.000 <frozen _collections_abc>:341(__subclasshook__)
      206    0.000    0.000    0.000    0.000 ir.py:1115(is_temp)
        1    0.000    0.000    0.000    0.000 tz.py:458(__init__)
        1    0.000    0.000    0.000    0.000 packer.py:1(<module>)
        6    0.000    0.000    0.000    0.000 controlflow.py:726(__ne__)
       18    0.000    0.000    0.000    0.000 builder.py:30(wrap)
       21    0.000    0.000    0.000    0.000 values.py:665(__init__)
        1    0.000    0.000    0.000    0.000 __init__.py:125(DeprecatedTuple)
        2    0.000    0.000    0.000    0.000 locks.py:49(__init__)
        1    0.000    0.000    0.000    0.000 common.py:515(get_compression_method)
      152    0.000    0.000    0.000    0.000 bytecode.py:163(_unpack_opargs)
        1    0.000    0.000    0.000    0.000 _multiarray_umath.py:1(<module>)
      170    0.000    0.000    0.000    0.000 colors.py:677(__init__)
        1    0.000    0.000    0.000    0.000 groupby.py:764(BaseGroupBy)
      270    0.000    0.000    0.000    0.000 _decorators.py:343(doc)
        2    0.000    0.000    0.000    0.000 __init__.py:132(__getattr__)
       82    0.000    0.000    0.000    0.000 pythonapi.py:29(register)
        1    0.000    0.000    0.000    0.000 gridspec.py:26(GridSpecBase)
        1    0.000    0.000    0.000    0.000 bezier.py:1(<module>)
        6    0.000    0.000    0.000    0.000 controlflow.py:634(_find_topo_order)
        1    0.000    0.000    0.000    0.000 streamplot.py:1(<module>)
       15    0.000    0.000    0.000    0.000 weakref.py:104(__init__)
      517    0.000    0.000    0.000    0.000 pathlib.py:569(_tail)
        1    0.000    0.000    0.000    0.000 decorator.py:177(create)
        5    0.000    0.000    0.000    0.000 builtins.py:163(<genexpr>)
        1    0.000    0.000    0.000    0.000 hashing.py:435(_build_hashsecret)
        8    0.000    0.000    0.000    0.000 cloudpickle.py:242(_should_pickle_by_reference)
       39    0.000    0.000    0.000    0.000 dispatcher.py:47(__init__)
       27    0.000    0.000    0.000    0.000 module.py:7(__init__)
       14    0.000    0.000    0.000    0.000 dispatcher.py:327(nopython_signatures)
      154    0.000    0.000    0.000    0.000 core.py:792(preParse)
        1    0.000    0.000    0.000    0.000 numbers.py:550(_implement_integer_operators)
      239    0.000    0.000    0.000    0.000 ffi.py:178(argtypes)
        1    0.000    0.000    0.000    0.000 results.py:34(ParseResults)
       14    0.000    0.000    0.000    0.000 byteflow.py:1913(__init__)
        1    0.000    0.000    0.000    0.000 targets.py:27(flatten)
        1    0.000    0.000    0.000    0.000 cbook.py:539(_get_data_path)
        1    0.000    0.000    0.000    0.000 table.py:37(Cell)
        1    0.000    0.000    0.000    0.000 patches.py:3807(FancyBboxPatch)
        9    0.000    0.000    0.000    0.000 managers.py:1012(iget)
      168    0.000    0.000    0.000    0.000 {method 'setter' of 'property' objects}
      574    0.000    0.000    0.000    0.000 _compiler.py:428(_get_iscased)
        4    0.000    0.000    0.000    0.000 ast.py:56(literal_eval)
       40    0.000    0.000    0.000    0.000 functools.py:841(_is_union_type)
      252    0.000    0.000    0.000    0.000 typeinfer.py:525(<genexpr>)
        6    0.000    0.000    0.000    0.000 controlflow.py:715(__eq__)
      126    0.000    0.000    0.000    0.000 inspect.py:2507(<lambda>)
       45    0.000    0.000    0.000    0.000 contextlib.py:543(_push_cm_exit)
       30    0.000    0.000    0.000    0.000 event.py:195(unregister)
       51    0.000    0.000    0.000    0.000 lowering.py:751(try_static_impl)
       18    0.000    0.000    0.000    0.000 types.py:506(structure_repr)
       61    0.000    0.000    0.000    0.000 ssa.py:375(_fix_var)
      457    0.000    0.000    0.000    0.000 ir.py:1333(terminator)
        1    0.000    0.000    0.000    0.000 mixins.py:1(<module>)
      166    0.000    0.000    0.000    0.000 itanium_mangler.py:84(_fix_lead_digit)
       25    0.000    0.000    0.000    0.000 functools.py:660(_c3_merge)
       40    0.000    0.000    0.000    0.000 <frozen _collections_abc>:966(clear)
      248    0.000    0.000    0.000    0.000 patches.py:2271(<genexpr>)
      777    0.000    0.000    0.000    0.000 ir.py:1112(__str__)
        2    0.000    0.000    0.000    0.000 deprecation.py:1(<module>)
        6    0.000    0.000    0.000    0.000 untyped_passes.py:589(run_pass)
        1    0.000    0.000    0.000    0.000 _compat_pickle.py:1(<module>)
      160    0.000    0.000    0.000    0.000 builder.py:173(_label_suffix)
        1    0.000    0.000    0.000    0.000 arraydecl.py:287(ArrayAttribute)
        1    0.000    0.000    0.000    0.000 core.py:5352(Forward)
        1    0.000    0.000    0.000    0.000 {function SeedSequence.generate_state at 0x7fa94279bec0}
      472    0.000    0.000    0.000    0.000 debuginfo.py:16(suspend_emission)
      189    0.000    0.000    0.000    0.000 targetconfig.py:201(is_set)
        1    0.000    0.000    0.000    0.000 calendar.py:58(Month)
      102    0.000    0.000    0.000    0.000 npydecl.py:190(ufunc)
        1    0.000    0.000    0.000    0.000 mergesort.py:1(<module>)
        6    0.000    0.000    0.000    0.000 message.py:620(get_content_maintype)
       40    0.000    0.000    0.000    0.000 generic.py:6301(__setattr__)
      648    0.000    0.000    0.000    0.000 bytecode.py:310(__getitem__)
      252    0.000    0.000    0.000    0.000 typeinfer.py:528(<genexpr>)
       16    0.000    0.000    0.000    0.000 sysconfig.py:249(_subst_vars)
       12    0.000    0.000    0.000    0.000 static_binop.py:14(match)
        3    0.000    0.000    0.000    0.000 cast.py:124(maybe_convert_platform)
      143    0.000    0.000    0.000    0.000 _decorators.py:477(__init__)
        1    0.000    0.000    0.000    0.000 core.py:4908(_MultipleMatch)
        1    0.000    0.000    0.000    0.000 transforms.py:211(BboxBase)
        4    0.000    0.000    0.000    0.000 _pep440.py:292(__init__)
        1    0.000    0.000    0.000    0.000 _sysconfigdata__linux_x86_64-linux-gnu.py:1(<module>)
      194    0.000    0.000    0.000    0.000 docscrape.py:403(<genexpr>)
      182    0.000    0.000    0.000    0.000 interpreter.py:82(get_assignment_source)
        4    0.000    0.000    0.000    0.000 enum.py:1414(_missing_)
      312    0.000    0.000    0.000    0.000 models.py:533(get_value_type)
       76    0.000    0.000    0.000    0.000 typing.py:2310(get_origin)
        1    0.000    0.000    0.000    0.000 image.py:1034(NonUniformImage)
      284    0.000    0.000    0.000    0.000 templates.py:1018(__init__)
       33    0.000    0.000    0.000    0.000 typeinfer.py:1765(typeof_intrinsic_call)
       51    0.000    0.000    0.000    0.000 weakref.py:427(__setitem__)
        1    0.000    0.000    0.000    0.000 asnumbatype.py:1(<module>)
        6    0.000    0.000    0.000    0.000 interpreter.py:760(peep_hole_list_to_tuple)
      160    0.000    0.000    0.000    0.000 shape_base.py:207(_arrays_for_stack_dispatcher)
        1    0.000    0.000    0.000    0.000 static_getitem.py:1(<module>)
        1    0.000    0.000    0.000    0.000 stencilparfor.py:1(<module>)
        1    0.000    0.000    0.000    0.000 widgets.py:1949(Cursor)
       10    0.000    0.000    0.000    0.000 dispatcher.py:374(get_overload)
        1    0.000    0.000    0.000    0.000 c_lexer.py:15(CLexer)
        1    0.000    0.000    0.000    0.000 pythonapi.py:1339(return_none)
        1    0.000    0.000    0.000    0.000 _coo.py:1(<module>)
        1    0.000    0.000    0.000    0.000 cpu_options.py:1(<module>)
        1    0.000    0.000    0.000    0.000 string_.py:275(StringArray)
        8    0.000    0.000    0.000    0.000 core.py:4909(__init__)
      176    0.000    0.000    0.000    0.000 contextlib.py:481(__init__)
       16    0.000    0.000    0.000    0.000 _type_aliases.py:58(bitname)
        8    0.000    0.000    0.000    0.000 dataclasses.py:250(_recursive_repr)
      137    0.000    0.000    0.000    0.000 core.py:1753(set_whitespace_chars)
       28    0.000    0.000    0.000    0.000 pathlib.py:618(stem)
      644    0.000    0.000    0.000    0.000 {built-in method builtins.globals}
       88    0.000    0.000    0.000    0.000 {method 'groups' of 're.Match' objects}
      204    0.000    0.000    0.000    0.000 types.py:137(gep)
        1    0.000    0.000    0.000    0.000 blocks.py:181(Block)
       67    0.000    0.000    0.000    0.000 results.py:210(__getitem__)
        1    0.000    0.000    0.000    0.000 widgets.py:3056(ToolHandles)
        2    0.000    0.000    0.000    0.000 core.py:3849(_setResultsName)
        6    0.000    0.000    0.000    0.000 controlflow.py:151(dominators)
        1    0.000    0.000    0.000    0.000 patches.py:1259(Arrow)
        1    0.000    0.000    0.000    0.000 extension.py:1(<module>)
        1    0.000    0.000    0.000    0.000 patches.py:4394(ConnectionPatch)
      298    0.000    0.000    0.000    0.000 typing.py:1598(_value_and_type_iter)
       12    0.000    0.000    0.000    0.000 inline_closurecall.py:302(__init__)
      127    0.000    0.000    0.000    0.000 cffi_utils.py:29(is_ffi_instance)
       37    0.000    0.000    0.000    0.000 values.py:519(__init__)
        1    0.000    0.000    0.000    0.000 _dok.py:1(<module>)
       51    0.000    0.000    0.000    0.000 module.py:52(__init__)
      622    0.000    0.000    0.000    0.000 {built-in method _warnings._filters_mutated}
        1    0.000    0.000    0.000    0.000 _data.py:1(<module>)
        1    0.000    0.000    0.000    0.000 _triinterpolate.py:578(_ReducedHCT_Element)
       79    0.000    0.000    0.000    0.000 cpu.py:116(call_conv)
       44    0.000    0.000    0.000    0.000 base.py:100(<lambda>)
        2    0.000    0.000    0.000    0.000 lazy.py:139(__new__)
      111    0.000    0.000    0.000    0.000 byteflow.py:1647(__hash__)
      109    0.000    0.000    0.000    0.000 templates.py:281(get_impl_key)
        1    0.000    0.000    0.000    0.000 transforms.py:2338(CompositeGenericTransform)
        1    0.000    0.000    0.000    0.000 scope.py:1(<module>)
        1    0.000    0.000    0.000    0.000 pythonapi.py:729(list_getitem)
        3    0.000    0.000    0.000    0.000 hashing.py:449(inject)
      215    0.000    0.000    0.000    0.000 warnings.py:456(__init__)
        1    0.000    0.000    0.000    0.000 array_analysis.py:1076(ArrayAnalysis)
       49    0.000    0.000    0.000    0.000 colors.py:394(<genexpr>)
      181    0.000    0.000    0.000    0.000 typing.py:944(__hash__)
        2    0.000    0.000    0.000    0.000 imputils.py:271(set_valid)
        1    0.000    0.000    0.000    0.000 backend_bases.py:1671(FigureCanvasBase)
        1    0.000    0.000    0.000    0.000 widgets.py:2945(ToolLineHandles)
        1    0.000    0.000    0.000    0.000 display.py:1(<module>)
      142    0.000    0.000    0.000    0.000 byteflow.py:1926(is_in_exception)
        1    0.000    0.000    0.000    0.000 builtins.py:285(BitwiseShiftOperation)
        1    0.000    0.000    0.000    0.000 accessor_str.py:1(<module>)
      175    0.000    0.000    0.000    0.000 {method 'getvalue' of '_io.StringIO' objects}
      350    0.000    0.000    0.000    0.000 {built-in method numpy.core._multiarray_umath.add_docstring}
        2    0.000    0.000    0.000    0.000 _strptime.py:107(__calc_date_time)
       24    0.000    0.000    0.000    0.000 typeinfer.py:110(union)
        6    0.000    0.000    0.000    0.000 interpreter.py:1443(_end_try_blocks)
        2    0.000    0.000    0.000    0.000 targetconfig.py:92(__init__)
       19    0.000    0.000    0.000    0.000 __init__.py:132(check_shape)
        2    0.000    0.000    0.000    0.000 npyfuncs.py:370(_generate_logaddexp)
        1    0.000    0.000    0.000    0.000 dictdecl.py:1(<module>)
       45    0.000    0.000    0.000    0.000 typing.py:307(_unpack_args)
        1    0.000    0.000    0.000    0.000 __init__.py:505(_get_xdg_cache_dir)
       11    0.000    0.000    0.000    0.000 funcdesc.py:87(lookup_module)
        1    0.000    0.000    0.000    0.000 offsetbox.py:1212(AnnotationBbox)
        1    0.000    0.000    0.000    0.000 unicode.py:85(identchars)
        4    0.000    0.000    0.000    0.000 builtins.py:106(generic)
      100    0.000    0.000    0.000    0.000 builder.py:211(module)
      162    0.000    0.000    0.000    0.000 analysis.py:182(<genexpr>)
        2    0.000    0.000    0.000    0.000 generic.py:5598(<genexpr>)
        1    0.000    0.000    0.000    0.000 string_arrow.py:82(ArrowStringArray)
       50    0.000    0.000    0.000    0.000 config.py:780(config_prefix)
        1    0.000    0.000    0.000    0.000 contexts.py:1(<module>)
        1    0.000    0.000    0.000    0.000 managers.py:2190(_form_blocks)
       74    0.000    0.000    0.000    0.000 types.py:452(_to_string)
       23    0.000    0.000    0.000    0.000 cgutils.py:460(if_unlikely)
        1    0.000    0.000    0.000    0.000 collections.py:1176(PolyCollection)
        2    0.000    0.000    0.000    0.000 lazy.py:84(__new__)
      134    0.000    0.000    0.000    0.000 {built-in method builtins.print}
        4    0.000    0.000    0.000    0.000 typeinfer.py:430(__call__)
        8    0.000    0.000    0.000    0.000 core.py:4280(_generateDefaultName)
        2    0.000    0.000    0.000    0.000 feedparser.py:182(close)
        6    0.000    0.000    0.000    0.000 byteflow.py:249(propagate_phi_map)
        1    0.000    0.000    0.000    0.000 offsetbox.py:208(OffsetBox)
       78    0.000    0.000    0.000    0.000 util.py:110(get)
       58    0.000    0.000    0.000    0.000 analysis.py:617(rewrite_tuple_len)
        1    0.000    0.000    0.000    0.000 file_manager.py:54(CachingFileManager)
       22    0.000    0.000    0.000    0.000 core.py:1013(reset_cache)
      760    0.000    0.000    0.000    0.000 misc.py:128(key)
       21    0.000    0.000    0.000    0.000 mathimpl.py:139(unary_math_extern)
        6    0.000    0.000    0.000    0.000 ir_utils.py:2221(enforce_no_phis)
        1    0.000    0.000    0.000    0.000 decorator.py:144(make)
        1    0.000    0.000    0.000    0.000 core.py:138(Diagnostics)
      102    0.000    0.000    0.000    0.000 exceptions.py:46(__init__)
        1    0.000    0.000    0.000    0.000 pprint.py:1(<module>)
       52    0.000    0.000    0.000    0.000 ir.py:241(fixup)
        1    0.000    0.000    0.000    0.000 inline_closurecall.py:1(<module>)
        1    0.000    0.000    0.000    0.000 pythonapi.py:1191(make_none)
        3    0.000    0.000    0.000    0.000 __init__.py:36(__deprecate_private_class)
        6    0.000    0.000    0.000    0.000 byteflow.py:271(apply_changes)
        1    0.000    0.000    0.000    0.000 helper.py:1(<module>)
      102    0.000    0.000    0.000    0.000 ufunc_db.py:32(get_ufunc_info)
        2    0.000    0.000    0.000    0.000 containers.py:303(__new__)
      222    0.000    0.000    0.000    0.000 transforms.py:1335(<genexpr>)
        1    0.000    0.000    0.000    0.000 array_exprs.py:1(<module>)
        1    0.000    0.000    0.000    0.000 dictobject.py:61(Status)
       98    0.000    0.000    0.000    0.000 _adapters.py:64(redent)
        1    0.000    0.000    0.000    0.000 builtins.py:225(BinOpTrueDiv)
      730    0.000    0.000    0.000    0.000 enum.py:1185(__init__)
        1    0.000    0.000    0.000    0.000 exceptions.py:85(TooHardError)
        1    0.000    0.000    0.000    0.000 polynomial.py:1472(Polynomial)
        1    0.000    0.000    0.000    0.000 <frozen importlib._bootstrap_external>:764(_code_to_timestamp_pyc)
        1    0.000    0.000    0.000    0.000 generators.py:1(<module>)
        1    0.000    0.000    0.000    0.000 base.py:2313(is_unique)
        1    0.000    0.000    0.000    0.000 _testutils.py:1(<module>)
      190    0.000    0.000    0.000    0.000 <frozen _collections_abc>:868(__iter__)
       61    0.000    0.000    0.000    0.000 targetconfig.py:114(setter)
       28    0.000    0.000    0.000    0.000 ipaddress.py:1597(_make_netmask)
        1    0.000    0.000    0.000    0.000 function.py:1(<module>)
        2    0.000    0.000    0.000    0.000 imputils.py:280(yield_)
        1    0.000    0.000    0.000    0.000 win.py:1(<module>)
        4    0.000    0.000    0.000    0.000 arrayobj.py:140(store_item)
       11    0.000    0.000    0.000    0.000 rcsetup.py:336(_validate_cmap)
      566    0.000    0.000    0.000    0.000 {method 'popleft' of 'collections.deque' objects}
       61    0.000    0.000    0.000    0.000 module.py:215(__init__)
       64    0.000    0.000    0.000    0.000 types.py:455(__eq__)
        1    0.000    0.000    0.000    0.000 core.py:2808(__new__)
       24    0.000    0.000    0.000    0.000 <frozen genericpath>:81(commonprefix)
        1    0.000    0.000    0.000    0.000 consts.py:1(<module>)
        1    0.000    0.000    0.000    0.000 _csc.py:1(<module>)
      444    0.000    0.000    0.000    0.000 typeinfer.py:126(getone)
       15    0.000    0.000    0.000    0.000 ffi.py:389(__hash__)
       33    0.000    0.000    0.000    0.000 results.py:219(__setitem__)
       10    0.000    0.000    0.000    0.000 deprecation_helpers.py:122(deprecate_dims)
       12    0.000    0.000    0.000    0.000 interpreter.py:800(find_postive_region)
      491    0.000    0.000    0.000    0.000 models.py:233(get_value_type)
        2    0.000    0.000    0.000    0.000 _utils.py:1(<module>)
      434    0.000    0.000    0.000    0.000 context.py:22(__init__)
       21    0.000    0.000    0.000    0.000 copyreg.py:107(_slotnames)
        9    0.000    0.000    0.000    0.000 typeinfer.py:1759(typeof_call)
       13    0.000    0.000    0.000    0.000 byteflow.py:473(op_LOAD_CONST)
        1    0.000    0.000    0.000    0.000 datetimes.py:166(DatetimeArray)
       52    0.000    0.000    0.000    0.000 base.py:1194(__getattr__)
        1    0.000    0.000    0.000    0.000 __init__.py:582(get_data_path)
        2    0.000    0.000    0.000    0.000 core.py:551(set_results_name)
        1    0.000    0.000    0.000    0.000 _dia.py:1(<module>)
        1    0.000    0.000    0.000    0.000 dataframe_protocol.py:365(DataFrame)
        1    0.000    0.000    0.000    0.000 _docstring.py:1(<module>)
       29    0.000    0.000    0.000    0.000 cbook.py:1337(_to_unmasked_float_array)
        1    0.000    0.000    0.000    0.000 gufunc.py:1(<module>)
        1    0.000    0.000    0.000    0.000 abc.py:62(Traversable)
       17    0.000    0.000    0.000    0.000 ir.py:395(binop)
        6    0.000    0.000    0.000    0.000 context.py:94(match)
        1    0.000    0.000    0.000    0.000 core.py:2697(MaskedArray)
      676    0.000    0.000    0.000    0.000 ir.py:276(__contains__)
        1    0.000    0.000    0.000    0.000 base.py:5651(identical)
        9    0.000    0.000    0.000    0.000 accessor.py:145(_map_and_wrap)
        1    0.000    0.000    0.000    0.000 ir.py:371(Expr)
      176    0.000    0.000    0.000    0.000 {built-in method sys.exc_info}
        2    0.000    0.000    0.000    0.000 byteflow.py:1398(op_FOR_ITER)
        8    0.000    0.000    0.000    0.000 ir_utils.py:2175(resolve_func_from_module)
        1    0.000    0.000    0.000    0.000 tempfile.py:432(_TemporaryFileCloser)
      669    0.000    0.000    0.000    0.000 ffi.py:348(_dispose)
       16    0.000    0.000    0.000    0.000 values.py:601(_get_reference)
        1    0.000    0.000    0.000    0.000 mixins.py:59(NDArrayOperatorsMixin)
       90    0.000    0.000    0.000    0.000 instructions.py:26(module)
      170    0.000    0.000    0.000    0.000 textwrap.py:479(predicate)
       12    0.000    0.000    0.000    0.000 byteflow.py:1972(adapt_state_infos)
        7    0.000    0.000    0.000    0.000 compiler_lock.py:31(__call__)
        1    0.000    0.000    0.000    0.000 patches.py:27(Patch)
        1    0.000    0.000    0.000    0.000 ir_print.py:1(<module>)
        1    0.000    0.000    0.000    0.000 slicing.py:1(<module>)
       19    0.000    0.000    0.000    0.000 path.py:202(_update_values)
       94    0.000    0.000    0.000    0.000 _parser.py:304(checkgroupname)
        4    0.000    0.000    0.000    0.000 builder.py:597(fcmp_ordered)
      207    0.000    0.000    0.000    0.000 {built-in method numba.core.typeconv._typeconv.set_compatible}
      503    0.000    0.000    0.000    0.000 enum.py:1292(value)
        6    0.000    0.000    0.000    0.000 core.py:5030(__init__)
       53    0.000    0.000    0.000    0.000 sigutils.py:43(check_type)
      340    0.000    0.000    0.000    0.000 {method 'pop' of 'collections.deque' objects}
        8    0.000    0.000    0.000    0.000 plyparser.py:116(_create_param_rules)
        1    0.000    0.000    0.000    0.000 quiver.py:443(Quiver)
        1    0.000    0.000    0.000    0.000 dataframe_protocol.py:25(DlpackDeviceType)
        1    0.000    0.000    0.000    0.000 widgets.py:996(CheckButtons)
       14    0.000    0.000    0.000    0.000 weakref.py:164(__setitem__)
        6    0.000    0.000    0.000    0.000 interpreter.py:1490(_legalize_exception_vars)
        6    0.000    0.000    0.000    0.000 controlflow.py:203(_doms)
        9    0.000    0.000    0.000    0.000 pathlib.py:719(__truediv__)
        4    0.000    0.000    0.000    0.000 base.py:482(pack_value)
        1    0.000    0.000    0.000    0.000 widgets.py:4182(Lasso)
       17    0.000    0.000    0.000    0.000 imputils.py:317(iternext_impl)
       59    0.000    0.000    0.000    0.000 module.py:145(get_unique_name)
       12    0.000    0.000    0.000    0.000 interpreter.py:1726(_insert_outgoing_phis)
        1    0.000    0.000    0.000    0.000 boolean.py:1(<module>)
        1    0.000    0.000    0.000    0.000 ipaddress.py:383(_IPAddressBase)
        1    0.000    0.000    0.000    0.000 scipy_.py:1(<module>)
       13    0.000    0.000    0.000    0.000 _compiler.py:391(_bytes_to_codes)
      217    0.000    0.000    0.000    0.000 inspect.py:741(getmro)
       14    0.000    0.000    0.000    0.000 byteflow.py:1604(__init__)
        1    0.000    0.000    0.000    0.000 executionengine.py:35(check_jit_execution)
        6    0.000    0.000    0.000    0.000 byteflow.py:225(get_used_phis_per_state)
      434    0.000    0.000    0.000    0.000 context.py:27(astuple)
       96    0.000    0.000    0.000    0.000 generic.py:42(_instancecheck)
       59    0.000    0.000    0.000    0.000 enum.py:986(_find_data_repr_)
        1    0.000    0.000    0.000    0.000 core.py:5262(__init__)
       40    0.000    0.000    0.000    0.000 getlimits.py:24(_fr1)
        4    0.000    0.000    0.000    0.000 templates.py:109(as_method)
        1    0.000    0.000    0.000    0.000 generic.py:6662(copy)
       96    0.000    0.000    0.000    0.000 rcsetup.py:66(__call__)
        3    0.000    0.000    0.000    0.000 six.py:882(wrapper)
      106    0.000    0.000    0.000    0.000 templates.py:128(as_function)
        1    0.000    0.000    0.000    0.000 _enums.py:27(JoinStyle)
        1    0.000    0.000    0.000    0.000 pylowering.py:1(<module>)
        1    0.000    0.000    0.000    0.000 polar.py:18(PolarTransform)
        1    0.000    0.000    0.000    0.000 retarget.py:1(<module>)
      312    0.000    0.000    0.000    0.000 compiler_machinery.py:280(debug_print)
       12    0.000    0.000    0.000    0.000 values.py:69(wrap)
        9    0.000    0.000    0.000    0.000 frame.py:678(_constructor_sliced_from_mgr)
        1    0.000    0.000    0.000    0.000 text.py:1615(Annotation)
      647    0.000    0.000    0.000    0.000 typing.py:2154(cast)
       48    0.000    0.000    0.000    0.000 lapack.py:864(backtickrepl)
        1    0.000    0.000    0.000    0.000 cgutils.py:395(alloca_once_value)
        1    0.000    0.000    0.000    0.000 info.py:359(_BaseInfo)
        1    0.000    0.000    0.000    0.000 strings.py:1(<module>)
        6    0.000    0.000    0.000    0.000 context.py:76(finditer)
        1    0.000    0.000    0.000    0.000 inspect.py:1351(getfullargspec)
        1    0.000    0.000    0.000    0.000 pydap_.py:1(<module>)
        2    0.000    0.000    0.000    0.000 hashing.py:566(_gen_siphash)
       52    0.000    0.000    0.000    0.000 base.py:1150(add_linking_libs)
        4    0.000    0.000    0.000    0.000 numbers.py:624(real_mul_impl)
        1    0.000    0.000    0.000    0.000 ccallback.py:1(<module>)
        1    0.000    0.000    0.000    0.000 pytables.py:3342(Table)
      434    0.000    0.000    0.000    0.000 {built-in method _io.text_encoding}
      479    0.000    0.000    0.000    0.000 pathlib.py:560(root)
        1    0.000    0.000    0.000    0.000 cgutils.py:261(__init__)
        2    0.000    0.000    0.000    0.000 inline_closurecall.py:964(_inline_arraycall)
        1    0.000    0.000    0.000    0.000 listobject.py:76(ListStatus)
        1    0.000    0.000    0.000    0.000 compressors.py:1(<module>)
        1    0.000    0.000    0.000    0.000 _parser.py:569(__init__)
      4/3    0.000    0.000    0.000    0.000 {method 'view' of 'numpy.ndarray' objects}
       15    0.000    0.000    0.000    0.000 ssa.py:383(_find_def)
        1    0.000    0.000    0.000    0.000 nodes.py:1(<module>)
      100    0.000    0.000    0.000    0.000 ir.py:722(__str__)
       13    0.000    0.000    0.000    0.000 builder.py:159(wrap)
       76    0.000    0.000    0.000    0.000 signal.py:9(<lambda>)
      201    0.000    0.000    0.000    0.000 docscrape.py:162(__setitem__)
      226    0.000    0.000    0.000    0.000 numpy_support.py:384(<genexpr>)
        1    0.000    0.000    0.000    0.000 _tzpath.py:5(_reset_tzpath)
      133    0.000    0.000    0.000    0.000 ir.py:1187(get_exact)
        1    0.000    0.000    0.000    0.000 container.py:1(<module>)
        4    0.000    0.000    0.000    0.000 typeinfer.py:448(__call__)
        6    0.000    0.000    0.000    0.000 controlflow.py:555(_find_dominators)
        1    0.000    0.000    0.000    0.000 context.py:25(NRTContext)
        1    0.000    0.000    0.000    0.000 models.py:1134(__init__)
       46    0.000    0.000    0.000    0.000 getlimits.py:101(_float_conv)
      222    0.000    0.000    0.000    0.000 patches.py:2264(<genexpr>)
      139    0.000    0.000    0.000    0.000 byteflow.py:1753(push)
        1    0.000    0.000    0.000    0.000 _factories.py:1(<module>)
      281    0.000    0.000    0.000    0.000 types.py:360(__getitem__)
       12    0.000    0.000    0.000    0.000 static_getitem.py:103(match)
        4    0.000    0.000    0.000    0.000 functools.py:800(singledispatch)
        1    0.000    0.000    0.000    0.000 _dtype_ctypes.py:1(<module>)
        1    0.000    0.000    0.000    0.000 emitter.py:1(<module>)
        1    0.000    0.000    0.000    0.000 consts.py:89(_infer_call)
        1    0.000    0.000    0.000    0.000 _parser.py:294(__init__)
        2    0.000    0.000    0.000    0.000 random.py:126(__init__)
      443    0.000    0.000    0.000    0.000 enum.py:820(<genexpr>)
       16    0.000    0.000    0.000    0.000 context.py:135(__init__)
        8    0.000    0.000    0.000    0.000 core.py:5964(<genexpr>)
      194    0.000    0.000    0.000    0.000 __init__.py:248(<genexpr>)
       28    0.000    0.000    0.000    0.000 rcsetup.py:462(_validate_linestyle)
       30    0.000    0.000    0.000    0.000 typeof.py:130(_typeof_int)
        1    0.000    0.000    0.000    0.000 umath.py:1(<module>)
        5    0.000    0.000    0.000    0.000 dispatcher.py:339(add_overload)
       19    0.000    0.000    0.000    0.000 ipaddress.py:1157(_make_netmask)
        1    0.000    0.000    0.000    0.000 targets.py:180(from_default_triple)
        6    0.000    0.000    0.000    0.000 nanops.py:103(__call__)
      423    0.000    0.000    0.000    0.000 values.py:1064(align)
       12    0.000    0.000    0.000    0.000 controlflow.py:73(__ne__)
      168    0.000    0.000    0.000    0.000 inspect.py:517(isbuiltin)
        1    0.000    0.000    0.000    0.000 unicode_support.py:381(_PY_CTF)
      129    0.000    0.000    0.000    0.000 byteflow.py:1757(pop)
      100    0.000    0.000    0.000    0.000 types.py:192(__init__)
        7    0.000    0.000    0.000    0.000 cgutils.py:208(_getvalue)
       56    0.000    0.000    0.000    0.000 models.py:497(traverse)
      130    0.000    0.000    0.000    0.000 unicode.py:105(<genexpr>)
       11    0.000    0.000    0.000    0.000 generic.py:6236(__finalize__)
        1    0.000    0.000    0.000    0.000 asnumbatype.py:19(__init__)
       44    0.000    0.000    0.000    0.000 __init__.py:234(_acquireLock)
      272    0.000    0.000    0.000    0.000 llvm_pass_timings.py:292(record)
        1    0.000    0.000    0.000    0.000 deprecation_helpers.py:1(<module>)
        1    0.000    0.000    0.000    0.000 __init__.py:1266(ZipFile)
        2    0.000    0.000    0.000    0.000 containers.py:316(__init__)
       12    0.000    0.000    0.000    0.000 controlflow.py:279(in_loops)
        6    0.000    0.000    0.000    0.000 compiler.py:301(compile_result)
        6    0.000    0.000    0.000    0.000 bytecode.py:288(_compute_lineno)
        4    0.000    0.000    0.000    0.000 inspect.py:3090(__hash__)
        1    0.000    0.000    0.000    0.000 category.py:51(CategoricalIndex)
      152    0.000    0.000    0.000    0.000 bytecode.py:139(__repr__)
        2    0.000    0.000    0.000    0.000 targets.py:188(from_triple)
        1    0.000    0.000    0.000    0.000 static_getitem.py:28(apply)
        1    0.000    0.000    0.000    0.000 Image.py:143(Transpose)
       34    0.000    0.000    0.000    0.000 context.py:13(__init__)
        1    0.000    0.000    0.000    0.000 _enums.py:119(CapStyle)
        1    0.000    0.000    0.000    0.000 backend_bases.py:153(RendererBase)
        1    0.000    0.000    0.000    0.000 pydoc.py:1897(Helper)
      388    0.000    0.000    0.000    0.000 models.py:89(traverse)
        1    0.000    0.000    0.000    0.000 base.py:5552(equals)
        1    0.000    0.000    0.000    0.000 _typed_ops.py:449(VariableOpsMixin)
      220    0.000    0.000    0.000    0.000 templates.py:1275(Template)
        1    0.000    0.000    0.000    0.000 dataframe_protocol.py:38(DtypeKind)
        1    0.000    0.000    0.000    0.000 ufunclike.py:1(<module>)
        1    0.000    0.000    0.000    0.000 calendar.py:75(Day)
      150    0.000    0.000    0.000    0.000 types.py:519(gep)
        2    0.000    0.000    0.000    0.000 context.py:323(resolve_static_setitem)
        1    0.000    0.000    0.000    0.000 readers.py:17(__init__)
        1    0.000    0.000    0.000    0.000 _cm.py:1(<module>)
        1    0.000    0.000    0.000    0.000 memmap.py:1(<module>)
        1    0.000    0.000    0.000    0.000 executionengine.py:165(set_object_cache)
       16    0.000    0.000    0.000    0.000 pythonapi.py:38(lookup)
        6    0.000    0.000    0.000    0.000 categorical.py:122(_cat_compare_op)
        8    0.000    0.000    0.000    0.000 nanops.py:75(__call__)
        1    0.000    0.000    0.000    0.000 backend_bases.py:1339(LocationEvent)
        6    0.000    0.000    0.000    0.000 core.py:5958(<lambda>)
        1    0.000    0.000    0.000    0.000 ffi.py:161(_lib_fn_wrapper)
        1    0.000    0.000    0.000    0.000 arraypad.py:1(<module>)
       47    0.000    0.000    0.000    0.000 rcsetup.py:357(validate_fontsize)
        6    0.000    0.000    0.000    0.000 {method 'flush' of 'zlib.Compress' objects}
        1    0.000    0.000    0.000    0.000 patches.py:1922(Arc)
        1    0.000    0.000    0.000    0.000 _trifinder.py:1(<module>)
        8    0.000    0.000    0.000    0.000 cloudpickle.py:278(_lookup_module_and_qualname)
        1    0.000    0.000    0.000    0.000 results.py:17(_ParseResultsWithOffset)
       22    0.000    0.000    0.000    0.000 getlimits.py:685(__init__)
        2    0.000    0.000    0.000    0.000 _pep440.py:117(parse)
       45    0.000    0.000    0.000    0.000 accessor.py:110(_create_delegator_method)
       13    0.000    0.000    0.000    0.000 _dtype_ctypes.py:100(dtype_from_ctypes_type)
       38    0.000    0.000    0.000    0.000 functools.py:970(__set_name__)
        4    0.000    0.000    0.000    0.000 interpreter.py:2243(op_STORE_FAST)
        6    0.000    0.000    0.000    0.000 typeinfer.py:965(__init__)
        1    0.000    0.000    0.000    0.000 initfini.py:6(initialize)
      139    0.000    0.000    0.000    0.000 {built-in method _ctypes.byref}
        1    0.000    0.000    0.000    0.000 {built-in method marshal.dumps}
       39    0.000    0.000    0.000    0.000 dispatcher.py:58(__len__)
      263    0.000    0.000    0.000    0.000 lowering.py:310(debug_print)
       74    0.000    0.000    0.000    0.000 values.py:1057(_expand)
       11    0.000    0.000    0.000    0.000 __init__.py:64(check_isinstance)
     16/8    0.000    0.000    0.000    0.000 ir_utils.py:2185(resolve_mod)
        1    0.000    0.000    0.000    0.000 pythonapi.py:1423(c_api_error)
        1    0.000    0.000    0.000    0.000 pythonapi.py:163(PythonAPI)
        1    0.000    0.000    0.000    0.000 _table_schema.py:1(<module>)
        1    0.000    0.000    0.000    0.000 commontypes.py:1(<module>)
       14    0.000    0.000    0.000    0.000 ir.py:501(getitem)
     21/7    0.000    0.000    0.000    0.000 ir_utils.py:457(visit_vars_inner)
        1    0.000    0.000    0.000    0.000 arrayobj.py:4363(ol_np_empty)
        1    0.000    0.000    0.000    0.000 pythonapi.py:229(incref)
       30    0.000    0.000    0.000    0.000 core.py:4281(<genexpr>)
      262    0.000    0.000    0.000    0.000 {method 'append' of 'collections.deque' objects}
        1    0.000    0.000    0.000    0.000 event.py:50(EventStatus)
       29    0.000    0.000    0.000    0.000 mathimpl.py:123(unary_math_int_impl)
        1    0.000    0.000    0.000    0.000 context.py:328(meminfo_data)
       18    0.000    0.000    0.000    0.000 __init__.py:62(_process_keys)
        5    0.000    0.000    0.000    0.000 model.py:590(global_cache)
      214    0.000    0.000    0.000    0.000 _decorators.py:316(<lambda>)
        1    0.000    0.000    0.000    0.000 lru_cache.py:1(<module>)
       24    0.000    0.000    0.000    0.000 listdecl.py:114(generic)
        2    0.000    0.000    0.000    0.000 rcsetup.py:441(_validate_papersize)
       47    0.000    0.000    0.000    0.000 ipaddress.py:156(_split_optional_netmask)
        6    0.000    0.000    0.000    0.000 interpreter.py:1236(peep_hole_split_at_pop_block)
        1    0.000    0.000    0.000    0.000 model.py:317(build_backend_type)
        1    0.000    0.000    0.000    0.000 callwrapper.py:74(_GilManager)
        2    0.000    0.000    0.000    0.000 model.py:273(build_backend_type)
        3    0.000    0.000    0.000    0.000 _decorators.py:492(indent)
        4    0.000    0.000    0.000    0.000 ir_utils.py:387(replace_vars_inner)
       82    0.000    0.000    0.000    0.000 typeinfer.py:1118(propagate_refined_type)
        5    0.000    0.000    0.000    0.000 instructions.py:575(descr)
        1    0.000    0.000    0.000    0.000 random.py:135(seed)
       48    0.000    0.000    0.000    0.000 weakref.py:495(popitem)
      361    0.000    0.000    0.000    0.000 value.py:125(is_global)
        1    0.000    0.000    0.000    0.000 path.py:24(Path)
        1    0.000    0.000    0.000    0.000 compiler_lock.py:1(<module>)
        1    0.000    0.000    0.000    0.000 tile.py:1(<module>)
      496    0.000    0.000    0.000    0.000 models.py:132(has_nrt_meminfo)
        2    0.000    0.000    0.000    0.000 inline_closurecall.py:881(_find_arraycall)
        3    0.000    0.000    0.000    0.000 core.py:1595(__xor__)
        1    0.000    0.000    0.000    0.000 _dtype_like.py:65(_DTypeDictBase)
        6    0.000    0.000    0.000    0.000 typeinfer.py:1341(_unify_return_types)
        1    0.000    0.000    0.000    0.000 _strptime.py:17(__init__)
        1    0.000    0.000    0.000    0.000 spines.py:14(Spine)
       29    0.000    0.000    0.000    0.000 pathlib.py:583(name)
        6    0.000    0.000    0.000    0.000 untyped_passes.py:1805(run_pass)
       52    0.000    0.000    0.000    0.000 accessor.py:76(forbid_nonstring_types)
        1    0.000    0.000    0.000    0.000 typing.py:1264(__ror__)
        1    0.000    0.000    0.000    0.000 pythonapi.py:478(number_long)
        1    0.000    0.000    0.000    0.000 transforms.py:1763(AffineBase)
        1    0.000    0.000    0.000    0.000 geo.py:249(AitoffTransform)
       40    0.000    0.000    0.000    0.000 {built-in method numpy.asarray}
       42    0.000    0.000    0.000    0.000 targetconfig.py:75(__len__)
      156    0.000    0.000    0.000    0.000 core.py:1982(__hash__)
        8    0.000    0.000    0.000    0.000 context.py:44(_check_null_result)
       23    0.000    0.000    0.000    0.000 config.py:882(is_one_of_factory)
       88    0.000    0.000    0.000    0.000 six.py:146(__init__)
        1    0.000    0.000    0.000    0.000 _shape.py:1(<module>)
       39    0.000    0.000    0.000    0.000 cgutils.py:228(_get_be_type)
        1    0.000    0.000    0.000    0.000 accessor.py:908(DatasetPlotAccessor)
        1    0.000    0.000    0.000    0.000 geo.py:297(HammerTransform)
        1    0.000    0.000    0.000    0.000 selectn.py:1(<module>)
        5    0.000    0.000    0.000    0.000 pathlib.py:420(_from_parsed_parts)
       72    0.000    0.000    0.000    0.000 models.py:457(get_argument_type)
        1    0.000    0.000    0.000    0.000 castgraph.py:6(Conversion)
       14    0.000    0.000    0.000    0.000 concat.py:52(concat_compat)
        1    0.000    0.000    0.000    0.000 static_raise.py:1(<module>)
        5    0.000    0.000    0.000    0.000 config.py:145(_get_option)
       17    0.000    0.000    0.000    0.000 rcsetup.py:273(validate_color_or_auto)
       78    0.000    0.000    0.000    0.000 {method 'copy' of 'numpy.ndarray' objects}
        1    0.000    0.000    0.000    0.000 pathlib.py:628(with_name)
       38    0.000    0.000    0.000    0.000 dataclasses.py:404(field)
        2    0.000    0.000    0.000    0.000 passmanagers.py:88(create_module_pass_manager)
      156    0.000    0.000    0.000    0.000 compiler_machinery.py:69(analysis)
       45    0.000    0.000    0.000    0.000 dataclasses.py:857(_set_qualname)
        1    0.000    0.000    0.000    0.000 pythonapi.py:488(long_as_longlong)
        1    0.000    0.000    0.000    0.000 initfini.py:1(<module>)
       26    0.000    0.000    0.000    0.000 <frozen _collections_abc>:1022(__iter__)
        2    0.000    0.000    0.000    0.000 phytoplankton.py:100(save_total_mass)
       18    0.000    0.000    0.000    0.000 transforms.py:293(has_multiple_backedges)
        2    0.000    0.000    0.000    0.000 core.py:2978(__array_finalize__)
      284    0.000    0.000    0.000    0.000 byteflow.py:1934(in_with)
        6    0.000    0.000    0.000    0.000 base.py:975(get_helper_class)
       89    0.000    0.000    0.000    0.000 targets.py:42(<genexpr>)
       10    0.000    0.000    0.000    0.000 pythonapi.py:1457(reflect_native_value)
       69    0.000    0.000    0.000    0.000 overloads.py:13(_get_args)
        1    0.000    0.000    0.000    0.000 geo.py:344(MollweideTransform)
        4    0.000    0.000    0.000    0.000 byteflow.py:478(op_LOAD_ATTR)
       12    0.000    0.000    0.000    0.000 controlflow.py:65(__eq__)
      138    0.000    0.000    0.000    0.000 __init__.py:259(__iter__)
       16    0.000    0.000    0.000    0.000 typeconv.py:57(set_promote)
      396    0.000    0.000    0.000    0.000 templates.py:46(return_type)
       21    0.000    0.000    0.000    0.000 __init__.py:213(__getattr__)
      338    0.000    0.000    0.000    0.000 typeinfer.py:119(defined)
        1    0.000    0.000    0.000    0.000 passmanagers.py:382(add_instruction_combining_pass)
      180    0.000    0.000    0.000    0.000 ir.py:389(__setattr__)
        1    0.000    0.000    0.000    0.000 geo.py:416(LambertTransform)
       18    0.000    0.000    0.000    0.000 cgutils.py:1216(is_nonelike)
        1    0.000    0.000    0.000    0.000 tz.py:488(_read_tzfile)
        1    0.000    0.000    0.000    0.000 executor.py:1(<module>)
        1    0.000    0.000    0.000    0.000 <frozen os>:44(_get_exports_list)
        1    0.000    0.000    0.000    0.000 polyutils.py:1(<module>)
       28    0.000    0.000    0.000    0.000 scalars.py:18(parse_integer_bitwidth)
       20    0.000    0.000    0.000    0.000 builtins.py:141(choose_result_bitwidth)
        1    0.000    0.000    0.000    0.000 quiver.py:870(Barbs)
        1    0.000    0.000    0.000    0.000 passmanagers.py:96(RefPruneSubpasses)
       60    0.000    0.000    0.000    0.000 {built-in method numpy.empty}
        6    0.000    0.000    0.000    0.000 byteflow.py:236(find_use_defs)
        1    0.000    0.000    0.000    0.000 compiler.py:43(Flags)
       87    0.000    0.000    0.000    0.000 dis.py:671(findlinestarts)
        1    0.000    0.000    0.000    0.000 _xlsxwriter.py:1(<module>)
       27    0.000    0.000    0.000    0.000 deprecation.py:176(finalize)
       15    0.000    0.000    0.000    0.000 weakref.py:289(update)
      102    0.000    0.000    0.000    0.000 typing.py:1293(<genexpr>)
        1    0.000    0.000    0.000    0.000 scale.py:201(LogTransform)
        1    0.000    0.000    0.000    0.000 testing.py:17(pyparsing_test)
        1    0.000    0.000    0.000    0.000 base.py:842(_engine)
        5    0.000    0.000    0.000    0.000 pythonapi.py:1307(alloca_obj)
      185    0.000    0.000    0.000    0.000 misc.py:108(key)
        5    0.000    0.000    0.000    0.000 ops.py:308(__init_subclass__)
        9    0.000    0.000    0.000    0.000 ir.py:425(call)
       29    0.000    0.000    0.000    0.000 _compiler.py:407(_generate_overlap_table)
       51    0.000    0.000    0.000    0.000 core.py:1890(set_name)
        7    0.000    0.000    0.000    0.000 _legacy.py:15(deprecated)
        5    0.000    0.000    0.000    0.000 builder.py:989(phi)
        1    0.000    0.000    0.000    0.000 __init__.py:806(Filterer)
      201    0.000    0.000    0.000    0.000 rcsetup.py:59(func)
        6    0.000    0.000    0.000    0.000 typed_passes.py:127(legalize_return_type)
        1    0.000    0.000    0.000    0.000 ImageColor.py:1(<module>)
        2    0.000    0.000    0.000    0.000 _strptime.py:41(__seqToRE)
        6    0.000    0.000    0.000    0.000 funcdesc.py:79(lookup_globals)
        1    0.000    0.000    0.000    0.000 removerefctpass.py:23(_rewrite_function)
        1    0.000    0.000    0.000    0.000 _tritools.py:1(<module>)
       88    0.000    0.000    0.000    0.000 typeinfer.py:1221(<genexpr>)
      172    0.000    0.000    0.000    0.000 itanium_mangler.py:75(<genexpr>)
       13    0.000    0.000    0.000    0.000 typeinfer.py:1014(_get_return_vars)
       13    0.000    0.000    0.000    0.000 core.py:8406(_replace_return_type)
        1    0.000    0.000    0.000    0.000 Image.py:163(Resampling)
        1    0.000    0.000    0.000    0.000 patches.py:1314(FancyArrow)
       25    0.000    0.000    0.000    0.000 {built-in method unicodedata.name}
       12    0.000    0.000    0.000    0.000 static_raise.py:46(match)
      121    0.000    0.000    0.000    0.000 types.py:170(__init__)
       84    0.000    0.000    0.000    0.000 typeinfer.py:144(append)
       83    0.000    0.000    0.000    0.000 typing.py:295(_check_generic)
        1    0.000    0.000    0.000    0.000 stata.py:1116(StataReader)
        1    0.000    0.000    0.000    0.000 ops.py:1128(DataSplitter)
        1    0.000    0.000    0.000    0.000 static_binop.py:1(<module>)
      423    0.000    0.000    0.000    0.000 values.py:1073(dereferenceable)
        3    0.000    0.000    0.000    0.000 numbers.py:619(real_sub_impl)
       16    0.000    0.000    0.000    0.000 typeinfer.py:1504(typeof_arg)
       43    0.000    0.000    0.000    0.000 typeconv.py:66(get_pointer)
        1    0.000    0.000    0.000    0.000 _common.py:80(_)
        1    0.000    0.000    0.000    0.000 ExifTags.py:344(Interop)
        1    0.000    0.000    0.000    0.000 polar.py:188(InvertedPolarTransform)
       25    0.000    0.000    0.000    0.000 typeinfer.py:87(lock)
        1    0.000    0.000    0.000    0.000 c_parser.py:17(CParser)
        1    0.000    0.000    0.000    0.000 _policybase.py:99(_extend_docstrings)
        3    0.000    0.000    0.000    0.000 core.py:1635(__invert__)
       81    0.000    0.000    0.000    0.000 {method 'translate' of 'bytearray' objects}
       12    0.000    0.000    0.000    0.000 byteflow.py:2036(__init__)
        1    0.000    0.000    0.000    0.000 builtins.py:245(DivMod)
       14    0.000    0.000    0.000    0.000 generic.py:278(__init__)
        1    0.000    0.000    0.000    0.000 rrule.py:1307(rruleset)
        1    0.000    0.000    0.000    0.000 linker.py:1(<module>)
        7    0.000    0.000    0.000    0.000 _parser.py:309(_convert)
        1    0.000    0.000    0.000    0.000 _odswriter.py:1(<module>)
        3    0.000    0.000    0.000    0.000 core.py:4063(__init__)
        1    0.000    0.000    0.000    0.000 __init__.py:351(_sanity_check)
    21/13    0.000    0.000    0.000    0.000 model.py:81(__hash__)
        1    0.000    0.000    0.000    0.000 store.py:1(<module>)
        1    0.000    0.000    0.000    0.000 _pylab_helpers.py:1(<module>)
        8    0.000    0.000    0.000    0.000 cloudpickle.py:1270(__init__)
      432    0.000    0.000    0.000    0.000 abstract.py:158(is_precise)
        1    0.000    0.000    0.000    0.000 instructions.py:881(Comment)
      423    0.000    0.000    0.000    0.000 values.py:1082(dereferenceable_or_null)
      132    0.000    0.000    0.000    0.000 {method 'with_traceback' of 'BaseException' objects}
       73    0.000    0.000    0.000    0.000 npytypes.py:514(is_precise)
        1    0.000    0.000    0.000    0.000 backend_bases.py:1401(MouseButton)
       13    0.000    0.000    0.000    0.000 version.py:503(_cmpkey)
        1    0.000    0.000    0.000    0.000 transforms.py:1814(Affine2DBase)
        1    0.000    0.000    0.000    0.000 _normalize.py:1(<module>)
        1    0.000    0.000    0.000    0.000 core.py:2974(Regex)
        6    0.000    0.000    0.000    0.000 core.py:1146(__init__)
        1    0.000    0.000    0.000    0.000 npytypes.py:439(Array)
       72    0.000    0.000    0.000    0.000 {built-in method posix._path_normpath}
       13    0.000    0.000    0.000    0.000 enum.py:1404(_iter_member_by_def_)
        6    0.000    0.000    0.000    0.000 uuid.py:139(__init__)
       38    0.000    0.000    0.000    0.000 dataclasses.py:489(_field_init)
        8    0.000    0.000    0.000    0.000 __init__.py:521(string_at)
        1    0.000    0.000    0.000    0.000 builtins.py:41(Abs)
        9    0.000    0.000    0.000    0.000 {built-in method _hashlib.openssl_sha1}
        1    0.000    0.000    0.000    0.000 targets.py:122(__str__)
       14    0.000    0.000    0.000    0.000 ir.py:1045(__str__)
       12    0.000    0.000    0.000    0.000 analysis.py:304(find_branches)
      291    0.000    0.000    0.000    0.000 docscrape.py:53(reset)
        2    0.000    0.000    0.000    0.000 passmanagers.py:671(__init__)
       46    0.000    0.000    0.000    0.000 castgraph.py:62(__iter__)
        1    0.000    0.000    0.000    0.000 geo.py:316(InvertedHammerTransform)
      359    0.000    0.000    0.000    0.000 errors.py:259(__enter__)
        1    0.000    0.000    0.000    0.000 common.py:64(ImplementsArrayReduce)
        2    0.000    0.000    0.000    0.000 uuid.py:723(uuid4)
        1    0.000    0.000    0.000    0.000 imputils.py:300(RefType)
        3    0.000    0.000    0.000    0.000 utils.py:108(alias)
        1    0.000    0.000    0.000    0.000 ExifTags.py:352(IFD)
      265    0.000    0.000    0.000    0.000 {method 'isdigit' of 'str' objects}
       16    0.000    0.000    0.000    0.000 _type_aliases.py:44(_bits_of)
       15    0.000    0.000    0.000    0.000 base.py:803(get_dummy_value)
        1    0.000    0.000    0.000    0.000 Image.py:154(Transform)
       82    0.000    0.000    0.000    0.000 npyimpl.py:465(_KernelImpl)
       45    0.000    0.000    0.000    0.000 ir_utils.py:1875(is_operator_or_getitem)
       98    0.000    0.000    0.000    0.000 message.py:511(set_raw)
        1    0.000    0.000    0.000    0.000 _globals.py:65(_CopyMode)
        1    0.000    0.000    0.000    0.000 backend_bases.py:2789(_Mode)
        7    0.000    0.000    0.000    0.000 core.py:3510(__init__)
        6    0.000    0.000    0.000    0.000 deprecation.py:506(suppress_matplotlib_deprecation_warning)
        4    0.000    0.000    0.000    0.000 <frozen importlib._bootstrap>:989(create_module)
        1    0.000    0.000    0.000    0.000 {function Random.seed at 0x7fa9427d28e0}
        2    0.000    0.000    0.000    0.000 contextlib.py:77(__call__)
       12    0.000    0.000    0.000    0.000 __init__.py:264(get_aliased_and_aliases)
        5    0.000    0.000    0.000    0.000 byteflow.py:867(op_RETURN_VALUE)
        4    0.000    0.000    0.000    0.000 core.py:5701(__init__)
        2    0.000    0.000    0.000    0.000 fnmatch.py:74(translate)
        1    0.000    0.000    0.000    0.000 listdecl.py:30(ListAttribute)
        1    0.000    0.000    0.000    0.000 pathlib.py:731(parent)
        1    0.000    0.000    0.000    0.000 transforms.py:2177(BlendedGenericTransform)
        4    0.000    0.000    0.000    0.000 common.py:250(__init_subclass__)
      304    0.000    0.000    0.000    0.000 interpreter.py:1770(current_scope)
        1    0.000    0.000    0.000    0.000 _layoutgrid.py:1(<module>)
       25    0.000    0.000    0.000    0.000 arrayobj.py:75(ArrayStruct)
        3    0.000    0.000    0.000    0.000 cftimeindex.py:95(build_pattern)
        1    0.000    0.000    0.000    0.000 geo.py:272(InvertedAitoffTransform)
        1    0.000    0.000    0.000    0.000 _polybase.py:18(ABCPolyBase)
      434    0.000    0.000    0.000    0.000 context.py:617(<lambda>)
        3    0.000    0.000    0.000    0.000 extending.py:245(overload_classmethod)
        1    0.000    0.000    0.000    0.000 _parseaddr.py:1(<module>)
        1    0.000    0.000    0.000    0.000 series.py:6459(any)
        4    0.000    0.000    0.000    0.000 builder.py:851(ret_void)
        1    0.000    0.000    0.000    0.000 plyparser.py:1(<module>)
        1    0.000    0.000    0.000    0.000 npdatetime_helpers.py:1(<module>)
       90    0.000    0.000    0.000    0.000 values.py:615(__hash__)
       17    0.000    0.000    0.000    0.000 lowering.py:746(cast_result)
       66    0.000    0.000    0.000    0.000 imputils.py:144(_decorate_getattr)
        1    0.000    0.000    0.000    0.000 composer.py:1(<module>)
        1    0.000    0.000    0.000    0.000 dataframe_protocol.py:69(ColumnNullType)
        2    0.000    0.000    0.000    0.000 message.py:243(get_payload)
        3    0.000    0.000    0.000    0.000 core.py:2425(__init__)
        1    0.000    0.000    0.000    0.000 _openpyxl.py:533(OpenpyxlReader)
      133    0.000    0.000    0.000    0.000 expr.py:196(<genexpr>)
       17    0.000    0.000    0.000    0.000 __init__.py:520(_cmpkey)
        3    0.000    0.000    0.000    0.000 core.py:4890(__init__)
        1    0.000    0.000    0.000    0.000 geo.py:386(InvertedMollweideTransform)
        5    0.000    0.000    0.000    0.000 base.py:388(insert_user_function)
      197    0.000    0.000    0.000    0.000 compiler.py:367(__setattr__)
        1    0.000    0.000    0.000    0.000 scale.py:243(InvertedLogTransform)
        1    0.000    0.000    0.000    0.000 datatree.py:304(DataTree)
        1    0.000    0.000    0.000    0.000 _tzpath.py:36(_parse_python_tzpath)
       38    0.000    0.000    0.000    0.000 getlimits.py:16(_fr0)
       30    0.000    0.000    0.000    0.000 utils.py:504(bit_length)
        1    0.000    0.000    0.000    0.000 caching.py:710(make_library_cache)
       49    0.000    0.000    0.000    0.000 bytecode.py:44(get_code_object)
        1    0.000    0.000    0.000    0.000 backend_bases.py:763(GraphicsContextBase)
        1    0.000    0.000    0.000    0.000 scale.py:348(SymmetricalLogTransform)
      204    0.000    0.000    0.000    0.000 {method 'discard' of 'set' objects}
       11    0.000    0.000    0.000    0.000 builtins.py:351(constant_dummy)
        1    0.000    0.000    0.000    0.000 patches.py:1693(Annulus)
       12    0.000    0.000    0.000    0.000 ir_print.py:59(match)
        3    0.000    0.000    0.000    0.000 rangeobj.py:17(make_range_iterator)
        1    0.000    0.000    0.000    0.000 string_.py:254(BaseStringArray)
        1    0.000    0.000    0.000    0.000 _mathtext.py:1823(_MathStyle)
        1    0.000    0.000    0.000    0.000 scale.py:381(InvertedSymmetricalLogTransform)
       10    0.000    0.000    0.000    0.000 models.py:344(inner_models)
        1    0.000    0.000    0.000    0.000 geo.py:456(InvertedLambertTransform)
        8    0.000    0.000    0.000    0.000 resolver.py:25(add_implicit_resolver)
        4    0.000    0.000    0.000    0.000 deprecation.py:139(finalize)
      215    0.000    0.000    0.000    0.000 {function FreezableDefaultDict.__missing__ at 0x7fa9389d7d80}
      150    0.000    0.000    0.000    0.000 controlflow.py:134(set_entry_point)
       64    0.000    0.000    0.000    0.000 typing.py:1070(<genexpr>)
       27    0.000    0.000    0.000    0.000 <frozen importlib._bootstrap>:1231(_resolve_name)
       52    0.000    0.000    0.000    0.000 _add_newdocs.py:6754(refer_to_array_attribute)
        1    0.000    0.000    0.000    0.000 initfini.py:40(initialize_native_asmprinter)
       27    0.000    0.000    0.000    0.000 deprecation.py:154(_deprecated_property)
      116    0.000    0.000    0.000    0.000 ffi.py:186(restype)
        8    0.000    0.000    0.000    0.000 dataclasses.py:428(_fields_in_init_order)
        1    0.000    0.000    0.000    0.000 docstrings.py:1(<module>)
       10    0.000    0.000    0.000    0.000 generic.py:339(_from_mgr)
        1    0.000    0.000    0.000    0.000 indexing.py:1214(_LocIndexer)
      320    0.000    0.000    0.000    0.000 {built-in method _sre.unicode_iscased}
        2    0.000    0.000    0.000    0.000 managers.py:1863(from_array)
        6    0.000    0.000    0.000    0.000 typeinfer.py:1255(check_undef_var_in_calls)
        6    0.000    0.000    0.000    0.000 assertions.py:21(ensure_warnings)
       31    0.000    0.000    0.000    0.000 ipaddress.py:1721(_parse_hextet)
      194    0.000    0.000    0.000    0.000 docscrape.py:159(__getitem__)
        2    0.000    0.000    0.000    0.000 getlimits.py:612(tiny)
       54    0.000    0.000    0.000    0.000 core.py:2438(parseImpl)
        1    0.000    0.000    0.000    0.000 _decomp_polar.py:1(<module>)
        6    0.000    0.000    0.000    0.000 controlflow.py:223(_in_loops)
      137    0.000    0.000    0.000    0.000 instructions.py:119(args)
        1    0.000    0.000    0.000    0.000 core.py:3127(view)
        1    0.000    0.000    0.000    0.000 common.py:160(is_url)
        1    0.000    0.000    0.000    0.000 texmanager.py:56(TexManager)
      251    0.000    0.000    0.000    0.000 contextlib.py:440(__init__)
        8    0.000    0.000    0.000    0.000 _ufunc_config.py:33(seterr)
        1    0.000    0.000    0.000    0.000 indexing.py:971(IndexingSupport)
      128    0.000    0.000    0.000    0.000 textwrap.py:112(__init__)
        1    0.000    0.000    0.000    0.000 dates.py:208(__getattr__)
       86    0.000    0.000    0.000    0.000 {method 'items' of 'mappingproxy' objects}
        1    0.000    0.000    0.000    0.000 __config__.py:14(DisplayModes)
       81    0.000    0.000    0.000    0.000 utils.py:281(__len__)
        3    0.000    0.000    0.000    0.000 dispatcher.py:112(default_handler)
       24    0.000    0.000    0.000    0.000 compiler_machinery.py:227(_debug_init)
        4    0.000    0.000    0.000    0.000 function_base.py:2285(__init__)
        1    0.000    0.000    0.000    0.000 orc.py:1(<module>)
        1    0.000    0.000    0.000    0.000 tracing.py:1(<module>)
        1    0.000    0.000    0.000    0.000 util.py:14(__config_flags)
        1    0.000    0.000    0.000    0.000 _calamine.py:40(CalamineReader)
      217    0.000    0.000    0.000    0.000 __init__.py:804(__init__)
        5    0.000    0.000    0.000    0.000 dataarray_plot.py:1273(_plot2d)
        2    0.000    0.000    0.000    0.000 typing.py:2186(get_type_hints)
        1    0.000    0.000    0.000    0.000 patches.py:670(Rectangle)
        2    0.000    0.000    0.000    0.000 __init__.py:188(caching_module_getattr)
        4    0.000    0.000    0.000    0.000 templates.py:716(_get_jit_decorator)
       50    0.000    0.000    0.000    0.000 <frozen importlib._bootstrap>:1285(_sanity_check)
       36    0.000    0.000    0.000    0.000 traceback.py:299(__getitem__)
        1    0.000    0.000    0.000    0.000 scale.py:609(LogisticTransform)
      180    0.000    0.000    0.000    0.000 errors.py:350(termcolor)
        1    0.000    0.000    0.000    0.000 serializer.py:1(<module>)
        5    0.000    0.000    0.000    0.000 ops.py:288(inject_numpy_same)
       10    0.000    0.000    0.000    0.000 core.py:4576(_generateDefaultName)
        1    0.000    0.000    0.000    0.000 patches.py:2698(_Base)
        6    0.000    0.000    0.000    0.000 type_annotations.py:56(__init__)
        1    0.000    0.000    0.000    0.000 Image.py:182(Dither)
       15    0.000    0.000    0.000    0.000 weakref.py:367(__init__)
      204    0.000    0.000    0.000    0.000 {method 'ljust' of 'str' objects}
        2    0.000    0.000    0.000    0.000 core.py:267(__init_subclass__)
        9    0.000    0.000    0.000    0.000 series.py:789(values)
       44    0.000    0.000    0.000    0.000 __init__.py:243(_releaseLock)
        1    0.000    0.000    0.000    0.000 transforms.py:10(visit_Function)
      153    0.000    0.000    0.000    0.000 ir.py:264(define)
       97    0.000    0.000    0.000    0.000 {method 'capitalize' of 'str' objects}
        6    0.000    0.000    0.000    0.000 interpreter.py:1344(__init__)
       38    0.000    0.000    0.000    0.000 __init__.py:23(<genexpr>)
        1    0.000    0.000    0.000    0.000 base.py:167(BaseContext)
        1    0.000    0.000    0.000    0.000 fastmathpass.py:1(<module>)
        1    0.000    0.000    0.000    0.000 interpreter.py:2896(op_RETURN_CONST)
       15    0.000    0.000    0.000    0.000 models.py:336(__init__)
       61    0.000    0.000    0.000    0.000 _inspect.py:144(<lambda>)
       12    0.000    0.000    0.000    0.000 interpreter.py:1868(insert_block)
      277    0.000    0.000    0.000    0.000 instructions.py:111(callee)
        1    0.000    0.000    0.000    0.000 _decorators.py:1(<module>)
        3    0.000    0.000    0.000    0.000 __init__.py:401(discover)
        1    0.000    0.000    0.000    0.000 pythonapi.py:278(err_occurred)
      263    0.000    0.000    0.000    0.000 dis.py:195(_deoptop)
       86    0.000    0.000    0.000    0.000 models.py:139(<genexpr>)
        1    0.000    0.000    0.000    0.000 GimpGradientFile.py:1(<module>)
        8    0.000    0.000    0.000    0.000 byteflow.py:1840(fork)
        1    0.000    0.000    0.000    0.000 scale.py:583(LogitTransform)
      118    0.000    0.000    0.000    0.000 ir_utils.py:2358(is_setup_with)
        1    0.000    0.000    0.000    0.000 __init__.py:60(Sectioned)
        3    0.000    0.000    0.000    0.000 cast.py:1157(maybe_infer_to_datetimelike)
       21    0.000    0.000    0.000    0.000 _docstring.py:43(update)
       75    0.000    0.000    0.000    0.000 config.py:810(wrap)
        8    0.000    0.000    0.000    0.000 templates.py:535(get_args_kwargs)
        6    0.000    0.000    0.000    0.000 <frozen importlib._bootstrap>:662(spec_from_loader)
        1    0.000    0.000    0.000    0.000 cgutils.py:299(__getattr__)
       12    0.000    0.000    0.000    0.000 core.py:289(wrapper)
        1    0.000    0.000    0.000    0.000 printimpl.py:1(<module>)
        1    0.000    0.000    0.000    0.000 codegen.py:1343(_get_host_cpu_name)
        4    0.000    0.000    0.000    0.000 ir.py:493(getattr)
        1    0.000    0.000    0.000    0.000 widgets.py:1602(RadioButtons)
       74    0.000    0.000    0.000    0.000 functools.py:845(_is_valid_dispatch_type)
        1    0.000    0.000    0.000    0.000 _index.py:1(<module>)
       49    0.000    0.000    0.000    0.000 registry.py:32(typing_context)
        1    0.000    0.000    0.000    0.000 _trirefine.py:1(<module>)
        1    0.000    0.000    0.000    0.000 base_parser.py:115(__init__)
        1    0.000    0.000    0.000    0.000 byteflow.py:31(CALL_INTRINSIC_1_Operand)
        6    0.000    0.000    0.000    0.000 mathimpl.py:127(unary_math_intr)
        1    0.000    0.000    0.000    0.000 _pyxlsb.py:24(PyxlsbReader)
        1    0.000    0.000    0.000    0.000 Image.py:195(Quantize)
       13    0.000    0.000    0.000    0.000 mixins.py:44(_numeric_methods)
        1    0.000    0.000    0.000    0.000 objects.py:46(BaseIndexer)
        2    0.000    0.000    0.000    0.000 nanops.py:1082(_nanminmax)
        1    0.000    0.000    0.000    0.000 codegen.py:1064(JitEngine)
        1    0.000    0.000    0.000    0.000 _asarray.py:1(<module>)
        1    0.000    0.000    0.000    0.000 ctypes_utils.py:1(<module>)
        1    0.000    0.000    0.000    0.000 scale.py:483(InvertedAsinhTransform)
        1    0.000    0.000    0.000    0.000 typeof.py:269(_typeof_nb_type)
        1    0.000    0.000    0.000    0.000 scale.py:464(AsinhTransform)
       96    0.000    0.000    0.000    0.000 generic.py:37(_check)
        4    0.000    0.000    0.000    0.000 nanops.py:448(maybe_operate_rowwise)
        1    0.000    0.000    0.000    0.000 formatting_html.py:1(<module>)
       20    0.000    0.000    0.000    0.000 types.py:548(__init__)
        2    0.000    0.000    0.000    0.000 transforms.py:15(visit_BasicBlock)
        1    0.000    0.000    0.000    0.000 intrinsics.py:1(<module>)
        1    0.000    0.000    0.000    0.000 core.py:3468(__init__)
      233    0.000    0.000    0.000    0.000 types.py:353(__init__)
        1    0.000    0.000    0.000    0.000 patches.py:964(StepPatch)
       20    0.000    0.000    0.000    0.000 inspect.py:1456(formatannotation)
      172    0.000    0.000    0.000    0.000 ir.py:31(__init__)
       21    0.000    0.000    0.000    0.000 dataclasses.py:437(_tuple_str)
        1    0.000    0.000    0.000    0.000 _xlrd.py:25(XlrdReader)
        4    0.000    0.000    0.000    0.000 _strptime.py:26(_getlang)
        1    0.000    0.000    0.000    0.000 base.py:21(BaseStringArrayMethods)
       76    0.000    0.000    0.000    0.000 ir.py:591(<genexpr>)
        1    0.000    0.000    0.000    0.000 removerefctpass.py:1(<module>)
      280    0.000    0.000    0.000    0.000 value.py:129(is_function)
        1    0.000    0.000    0.000    0.000 ast_transforms.py:1(<module>)
        4    0.000    0.000    0.000    0.000 {built-in method _imp.create_builtin}
        1    0.000    0.000    0.000    0.000 parse.py:374(urlparse)
       24    0.000    0.000    0.000    0.000 controlflow.py:80(_non_empty_items)
        1    0.000    0.000    0.000    0.000 cgutils.py:955(pointer_add)
        2    0.000    0.000    0.000    0.000 interpreter.py:2606(op_GET_ITER)
        6    0.000    0.000    0.000    0.000 callconv.py:952(create_error_model)
       26    0.000    0.000    0.000    0.000 _strptime.py:56(<genexpr>)
        1    0.000    0.000    0.000    0.000 cgutils.py:316(__getitem__)
       40    0.000    0.000    0.000    0.000 ir.py:1267(__init__)
        1    0.000    0.000    0.000    0.000 abc.py:153(TraversableResources)
        6    0.000    0.000    0.000    0.000 controlflow.py:698(_find_in_loops)
       45    0.000    0.000    0.000    0.000 module.py:132(get_global)
        1    0.000    0.000    0.000    0.000 patches.py:610(Shadow)
        4    0.000    0.000    0.000    0.000 interpreter.py:2640(op_STORE_SUBSCR)
       33    0.000    0.000    0.000    0.000 ffi.py:363(__enter__)
       51    0.000    0.000    0.000    0.000 core.py:2409(_generateDefaultName)
      171    0.000    0.000    0.000    0.000 expr.py:253(_node_not_implemented)
        1    0.000    0.000    0.000    0.000 interpreter.py:1338(Interpreter)
        4    0.000    0.000    0.000    0.000 inspect.py:3081(_hash_basis)
        1    0.000    0.000    0.000    0.000 _type_aliases.py:211(_set_array_types)
        5    0.000    0.000    0.000    0.000 instructions.py:570(__init__)
      118    0.000    0.000    0.000    0.000 ir_utils.py:2374(is_pop_block)
        1    0.000    0.000    0.000    0.000 static_getitem.py:161(apply)
        1    0.000    0.000    0.000    0.000 extensions.py:1(<module>)
        6    0.000    0.000    0.000    0.000 array_exprs.py:66(_match_array_expr)
        1    0.000    0.000    0.000    0.000 optional.py:1(<module>)
      214    0.000    0.000    0.000    0.000 targetconfig.py:252(_guard_option)
        4    0.000    0.000    0.000    0.000 rrule.py:80(_invalidates_cache)
      195    0.000    0.000    0.000    0.000 context.py:40(_require_nrt)
      171    0.000    0.000    0.000    0.000 core.py:1742(leave_whitespace)
        2    0.000    0.000    0.000    0.000 models.py:376(__init__)
      338    0.000    0.000    0.000    0.000 enum.py:1287(name)
        1    0.000    0.000    0.000    0.000 _decomp_cossin.py:1(<module>)
        1    0.000    0.000    0.000    0.000 image.py:231(_ImageBase)
        3    0.000    0.000    0.000    0.000 __init__.py:509(PYFUNCTYPE)
       13    0.000    0.000    0.000    0.000 {method 'clear' of 'list' objects}
        2    0.000    0.000    0.000    0.000 getlimits.py:307(_get_machar)
       93    0.000    0.000    0.000    0.000 _inspect.py:131(strseq)
       25    0.000    0.000    0.000    0.000 ipaddress.py:474(_prefix_from_prefix_string)
      118    0.000    0.000    0.000    0.000 typeinfer.py:44(__init__)
        1    0.000    0.000    0.000    0.000 text.py:80(Text)
       12    0.000    0.000    0.000    0.000 ir.py:1162(__init__)
        1    0.000    0.000    0.000    0.000 base_parser.py:102(BadLineHandleMethod)
        6    0.000    0.000    0.000    0.000 inspect.py:395(isgeneratorfunction)
        1    0.000    0.000    0.000    0.000 nrtdynmod.py:1(<module>)
        1    0.000    0.000    0.000    0.000 memory.py:1(<module>)
        4    0.000    0.000    0.000    0.000 _ufunc_config.py:430(__enter__)
       54    0.000    0.000    0.000    0.000 packer.py:140(_flatten)
        1    0.000    0.000    0.000    0.000 patches.py:1513(Ellipse)
        9    0.000    0.000    0.000    0.000 managers.py:2000(external_values)
        2    0.000    0.000    0.000    0.000 options.py:100(include_default_options)
        1    0.000    0.000    0.000    0.000 numerictypes.py:589(_register_types)
        4    0.000    0.000    0.000    0.000 types.py:344(format_constant)
       62    0.000    0.000    0.000    0.000 patches.py:2285(_register_style)
      175    0.000    0.000    0.000    0.000 {built-in method _abc.get_cache_token}
        1    0.000    0.000    0.000    0.000 ops.py:105(WrappedCythonOp)
      133    0.000    0.000    0.000    0.000 <frozen importlib._bootstrap_external>:1276(__init__)
        1    0.000    0.000    0.000    0.000 unicode_support.py:609(_PY_CTF_LB)
        1    0.000    0.000    0.000    0.000 PngImagePlugin.py:99(Disposal)
        1    0.000    0.000    0.000    0.000 c_parser_wrapper.py:1(<module>)
        1    0.000    0.000    0.000    0.000 frozen.py:1(<module>)
        2    0.000    0.000    0.000    0.000 blas.py:377(_memoize_get_funcs)
        1    0.000    0.000    0.000    0.000 phytoplankton.py:1(<module>)
        4    0.000    0.000    0.000    0.000 getlimits.py:62(smallest_subnormal)
       71    0.000    0.000    0.000    0.000 ssa.py:295(on_assign)
        1    0.000    0.000    0.000    0.000 dictobject.py:55(DKIX)
        1    0.000    0.000    0.000    0.000 clipboards.py:1(<module>)
        1    0.000    0.000    0.000    0.000 __init__.py:265(_reset_cache)
        2    0.000    0.000    0.000    0.000 getlimits.py:589(smallest_normal)
        2    0.000    0.000    0.000    0.000 config.py:273(__call__)
        1    0.000    0.000    0.000    0.000 core.py:4586(IndentedBlock)
        1    0.000    0.000    0.000    0.000 core.py:5286(_update_ignorer)
       16    0.000    0.000    0.000    0.000 functools.py:89(_gt_from_lt)
       23    0.000    0.000    0.000    0.000 ir.py:144(count_spaces)
        1    0.000    0.000    0.000    0.000 range.py:137(__new__)
        1    0.000    0.000    0.000    0.000 _structures.py:1(<module>)
        2    0.000    0.000    0.000    0.000 builder.py:1001(atomic_rmw)
        1    0.000    0.000    0.000    0.000 netcdf3.py:1(<module>)
        6    0.000    0.000    0.000    0.000 analysis.py:702(must_use_alloca)
      142    0.000    0.000    0.000    0.000 {method 'reverse' of 'list' objects}
       81    0.000    0.000    0.000    0.000 __init__.py:25(decorator)
      250    0.000    0.000    0.000    0.000 ffi.py:170(__init__)
      118    0.000    0.000    0.000    0.000 {built-in method _struct.unpack}
        1    0.000    0.000    0.000    0.000 helpers.py:658(OpAssoc)
      140    0.000    0.000    0.000    0.000 dataclasses.py:461(<genexpr>)
        1    0.000    0.000    0.000    0.000 series.py:6418(_reduce)
       57    0.000    0.000    0.000    0.000 functions.py:496(_store_object)
       24    0.000    0.000    0.000    0.000 builtins.py:553(generic)
      152    0.000    0.000    0.000    0.000 bytecode.py:81(__init__)
      161    0.000    0.000    0.000    0.000 util.py:200(escape_re_range_char)
        1    0.000    0.000    0.000    0.000 patches.py:887(RegularPolygon)
        2    0.000    0.000    0.000    0.000 getlimits.py:86(_str_smallest_subnormal)
        4    0.000    0.000    0.000    0.000 missing.py:913(_datetimelike_compat)
        1    0.000    0.000    0.000    0.000 shutil.py:1461(get_terminal_size)
      106    0.000    0.000    0.000    0.000 {method 'update' of 'set' objects}
      263    0.000    0.000    0.000    0.000 abstract.py:478(key)
       28    0.000    0.000    0.000    0.000 ir.py:1024(__repr__)
        1    0.000    0.000    0.000    0.000 value.py:32(Visibility)
        3    0.000    0.000    0.000    0.000 core.py:1725(suppress)
       14    0.000    0.000    0.000    0.000 ir.py:1274(copy)
        5    0.000    0.000    0.000    0.000 config.py:127(_get_single_key)
        1    0.000    0.000    0.000    0.000 _typing.py:36(Default)
       58    0.000    0.000    0.000    0.000 analysis.py:607(rewrite_array_ndim)
        1    0.000    0.000    0.000    0.000 pycompat.py:1(<module>)
        2    0.000    0.000    0.000    0.000 utils.py:628(unified_function_type)
        3    0.000    0.000    0.000    0.000 _common.py:132(_validate_fromutc_inputs)
      172    0.000    0.000    0.000    0.000 misc.py:181(key)
       24    0.000    0.000    0.000    0.000 models.py:229(__init__)
        4    0.000    0.000    0.000    0.000 locale.py:582(getlocale)
        4    0.000    0.000    0.000    0.000 types.py:97(prepare_class)
      278    0.000    0.000    0.000    0.000 {built-in method _sre.unicode_tolower}
       10    0.000    0.000    0.000    0.000 typing.py:1554(<genexpr>)
        1    0.000    0.000    0.000    0.000 core.py:6568(__array_finalize__)
        1    0.000    0.000    0.000    0.000 containers.py:782(LiteralStrKeyDict)
        6    0.000    0.000    0.000    0.000 lowering.py:115(pre_lower)
       39    0.000    0.000    0.000    0.000 __init__.py:208(_checkLevel)
      107    0.000    0.000    0.000    0.000 registry.py:5(register)
        9    0.000    0.000    0.000    0.000 byteflow.py:1939(make_null)
        1    0.000    0.000    0.000    0.000 builtins.py:393(UnaryNot)
       36    0.000    0.000    0.000    0.000 ir.py:1308(prepend)
        4    0.000    0.000    0.000    0.000 codegen.py:1057(_proxy)
        6    0.000    0.000    0.000    0.000 builder.py:46(wrap)
        1    0.000    0.000    0.000    0.000 artist.py:117(Artist)
       18    0.000    0.000    0.000    0.000 base.py:478(register_extension_dtype)
        1    0.000    0.000    0.000    0.000 passmanagers.py:358(add_jump_threading_pass)
        4    0.000    0.000    0.000    0.000 types.py:282(_format_double)
      201    0.000    0.000    0.000    0.000 values.py:1160(is_terminated)
       30    0.000    0.000    0.000    0.000 ssa.py:469(_stmt_index)
       24    0.000    0.000    0.000    0.000 typeinfer.py:784(<genexpr>)
        1    0.000    0.000    0.000    0.000 _machar.py:1(<module>)
        1    0.000    0.000    0.000    0.000 __future__.py:1(<module>)
        1    0.000    0.000    0.000    0.000 managers.py:557(copy)
        1    0.000    0.000    0.000    0.000 version.py:67(_BaseVersion)
        1    0.000    0.000    0.000    0.000 _base.py:63(_spbase)
        1    0.000    0.000    0.000    0.000 ImageMode.py:1(<module>)
        1    0.000    0.000    0.000    0.000 functions.py:642(__init__)
        1    0.000    0.000    0.000    0.000 value.py:40(StorageClass)
        1    0.000    0.000    0.000    0.000 targets.py:71(get_default_triple)
       12    0.000    0.000    0.000    0.000 dis.py:172(_get_code_object)
        1    0.000    0.000    0.000    0.000 pdcompat.py:55(_NoDefault)
       24    0.000    0.000    0.000    0.000 collections.py:56(generic)
        1    0.000    0.000    0.000    0.000 setobj.py:117(_SetPayload)
       14    0.000    0.000    0.000    0.000 __init__.py:145(_check_size)
        1    0.000    0.000    0.000    0.000 _onenormest.py:1(<module>)
       31    0.000    0.000    0.000    0.000 enum.py:816(__iter__)
       54    0.000    0.000    0.000    0.000 imputils.py:103(decorate)
      234    0.000    0.000    0.000    0.000 debuginfo.py:70(mark_location)
       15    0.000    0.000    0.000    0.000 dtypes.py:1305(construct_from_string)
        1    0.000    0.000    0.000    0.000 common.py:103(ImplementsDatasetReduce)
        1    0.000    0.000    0.000    0.000 objects.py:93(FixedWindowIndexer)
      205    0.000    0.000    0.000    0.000 containers.py:243(key)
        6    0.000    0.000    0.000    0.000 <frozen importlib._bootstrap_external>:1367(__iter__)
        1    0.000    0.000    0.000    0.000 compat.py:1(<module>)
      142    0.000    0.000    0.000    0.000 byteflow.py:52(__init__)
        1    0.000    0.000    0.000    0.000 typeof.py:17(Purpose)
       39    0.000    0.000    0.000    0.000 sigutils.py:4(is_signature)
        2    0.000    0.000    0.000    0.000 generic.py:511(_validate_dtype)
      100    0.000    0.000    0.000    0.000 {built-in method sys._getframemodulename}
      234    0.000    0.000    0.000    0.000 values.py:949(module)
       34    0.000    0.000    0.000    0.000 ir.py:1009(__repr__)
        1    0.000    0.000    0.000    0.000 polynomial.py:1077(poly1d)
        1    0.000    0.000    0.000    0.000 unicode.py:75(nums)
        1    0.000    0.000    0.000    0.000 __config__.py:9(DisplayModes)
        1    0.000    0.000    0.000    0.000 _parser.py:1371(_tzparser)
        6    0.000    0.000    0.000    0.000 numeric.py:274(full)
        4    0.000    0.000    0.000    0.000 isoparser.py:22(_takes_ascii)
        6    0.000    0.000    0.000    0.000 _version.py:1(<module>)
      180    0.000    0.000    0.000    0.000 analysis.py:141(<genexpr>)
        1    0.000    0.000    0.000    0.000 core.py:218(NamedArray)
        6    0.000    0.000    0.000    0.000 cpu.py:170(post_lowering)
        1    0.000    0.000    0.000    0.000 _dtype.py:1(<module>)
        1    0.000    0.000    0.000    0.000 objects.py:348(GroupbyIndexer)
       65    0.000    0.000    0.000    0.000 deprecation.py:99(deprecated)
      142    0.000    0.000    0.000    0.000 bytecode.py:392(find_exception_entry)
        1    0.000    0.000    0.000    0.000 appdirs.py:1(<module>)
        8    0.000    0.000    0.000    0.000 typeinfer.py:753(_refine_target_type)
       88    0.000    0.000    0.000    0.000 <frozen codecs>:260(__init__)
       12    0.000    0.000    0.000    0.000 core.py:5915(<lambda>)
        9    0.000    0.000    0.000    0.000 managers.py:180(blknos)
        1    0.000    0.000    0.000    0.000 apply.py:1240(FrameColumnApply)
        4    0.000    0.000    0.000    0.000 nanops.py:383(_datetimelike_compat)
        3    0.000    0.000    0.000    0.000 _mixins.py:72(ravel_compat)
       10    0.000    0.000    0.000    0.000 results.py:344(get)
        6    0.000    0.000    0.000    0.000 typed_passes.py:410(run_pass)
        8    0.000    0.000    0.000    0.000 util.py:119(clear)
      251    0.000    0.000    0.000    0.000 contextlib.py:443(__enter__)
       13    0.000    0.000    0.000    0.000 <frozen _collections_abc>:823(items)
        7    0.000    0.000    0.000    0.000 config.py:856(is_instance_factory)
        1    0.000    0.000    0.000    0.000 ops.py:560(BaseGrouper)
        2    0.000    0.000    0.000    0.000 phytoplankton.py:51(set_initial_concentration)
        1    0.000    0.000    0.000    0.000 numeric.py:2123(identity)
        1    0.000    0.000    0.000    0.000 descriptors.py:1(<module>)
        1    0.000    0.000    0.000    0.000 _expm_frechet.py:1(<module>)
        1    0.000    0.000    0.000    0.000 _arrow_string_mixins.py:1(<module>)
        1    0.000    0.000    0.000    0.000 pickle.py:1129(_Unpickler)
      112    0.000    0.000    0.000    0.000 {built-in method _struct.pack}
        1    0.000    0.000    0.000    0.000 core.py:3573(__init__)
        1    0.000    0.000    0.000    0.000 datatree_mapping.py:1(<module>)
       15    0.000    0.000    0.000    0.000 instructions.py:576(<genexpr>)
        8    0.000    0.000    0.000    0.000 bytecode.py:97(get_jump_target)
     16/4    0.000    0.000    0.000    0.000 ast.py:86(_convert)
        1    0.000    0.000    0.000    0.000 config.py:505(num_threads_default)
        3    0.000    0.000    0.000    0.000 base.py:649(_simple_new)
       90    0.000    0.000    0.000    0.000 __init__.py:185(keys)
       97    0.000    0.000    0.000    0.000 core.py:5961(<genexpr>)
        1    0.000    0.000    0.000    0.000 linalg.py:97(_determine_error_states)
        1    0.000    0.000    0.000    0.000 ImageSequence.py:1(<module>)
       24    0.000    0.000    0.000    0.000 numerictypes.py:514(_scalar_type_key)
        8    0.000    0.000    0.000    0.000 builtins.py:605(generic)
        3    0.000    0.000    0.000    0.000 iterators.py:7(__init__)
        2    0.000    0.000    0.000    0.000 containers.py:293(__init__)
        2    0.000    0.000    0.000    0.000 core.py:6744(__init__)
        1    0.000    0.000    0.000    0.000 objects.py:123(VariableWindowIndexer)
        1    0.000    0.000    0.000    0.000 {method 'astype' of 'numpy.generic' objects}
       15    0.000    0.000    0.000    0.000 rcsetup.py:85(_listify_validator)
        1    0.000    0.000    0.000    0.000 objects.py:149(VariableOffsetWindowIndexer)
       58    0.000    0.000    0.000    0.000 values.py:606(__eq__)
        6    0.000    0.000    0.000    0.000 <frozen posixpath>:179(dirname)
        1    0.000    0.000    0.000    0.000 executionengine.py:65(get_function_address)
        3    0.000    0.000    0.000    0.000 core.py:3604(__init__)
        1    0.000    0.000    0.000    0.000 _dtype_like.py:71(_DTypeDict)
        1    0.000    0.000    0.000    0.000 missing.py:261(_isna_array)
        4    0.000    0.000    0.000    0.000 types.py:275(_format_float_as_hex)
        1    0.000    0.000    0.000    0.000 subprocess.py:749(Popen)
        1    0.000    0.000    0.000    0.000 plugins.py:1(<module>)
        6    0.000    0.000    0.000    0.000 ir.py:1396(__init__)
        1    0.000    0.000    0.000    0.000 missing.py:466(array_equivalent)
        1    0.000    0.000    0.000    0.000 objects.py:297(FixedForwardWindowIndexer)
        2    0.000    0.000    0.000    0.000 _decorators.py:172(_deprecate_kwarg)
        1    0.000    0.000    0.000    0.000 cloudpickle.py:1156(Pickler)
        1    0.000    0.000    0.000    0.000 apply.py:770(FrameApply)
       10    0.000    0.000    0.000    0.000 templates.py:822(get_impl_key)
       12    0.000    0.000    0.000    0.000 dis.py:415(_parse_exception_table)
       15    0.000    0.000    0.000    0.000 dtypes.py:1054(construct_from_string)
       18    0.000    0.000    0.000    0.000 lowering.py:75(call_conv)
        6    0.000    0.000    0.000    0.000 compiler.py:285(sanitize_compile_result_entries)
        8    0.000    0.000    0.000    0.000 scalars.py:46(cast_python_value)
        1    0.000    0.000    0.000    0.000 readers.py:1685(_clean_options)
        1    0.000    0.000    0.000    0.000 cbook.py:815(Grouper)
       44    0.000    0.000    0.000    0.000 functions.py:375(key)
       37    0.000    0.000    0.000    0.000 targetconfig.py:72(top)
       14    0.000    0.000    0.000    0.000 builder.py:218(position_before)
      213    0.000    0.000    0.000    0.000 misc.py:155(key)
        1    0.000    0.000    0.000    0.000 objects.py:279(ExpandingIndexer)
       40    0.000    0.000    0.000    0.000 cgutils.py:912(is_pointer)
      156    0.000    0.000    0.000    0.000 core.py:807(postParse)
        4    0.000    0.000    0.000    0.000 datetimelike.py:169(_period_dispatch)
        1    0.000    0.000    0.000    0.000 PngImagePlugin.py:120(Blend)
        1    0.000    0.000    0.000    0.000 common.py:19(__init_subclass__)
        1    0.000    0.000    0.000    0.000 flags.py:1(<module>)
       76    0.000    0.000    0.000    0.000 ir_utils.py:1535(require)
        5    0.000    0.000    0.000    0.000 cbook.py:849(__init__)
        1    0.000    0.000    0.000    0.000 unicode.py:234(Japanese)
       18    0.000    0.000    0.000    0.000 base.py:5373(__getitem__)
        4    0.000    0.000    0.000    0.000 templates.py:85(__hash__)
       12    0.000    0.000    0.000    0.000 utils.py:284(enter)
       61    0.000    0.000    0.000    0.000 templates.py:249(<genexpr>)
        9    0.000    0.000    0.000    0.000 series.py:1471(_set_as_cached)
        1    0.000    0.000    0.000    0.000 executionengine.py:124(target_data)
       48    0.000    0.000    0.000    0.000 {method 'popitem' of 'dict' objects}
        6    0.000    0.000    0.000    0.000 templates.py:1129(MethodTemplate)
        6    0.000    0.000    0.000    0.000 byteflow.py:379(op_NOP)
        1    0.000    0.000    0.000    0.000 base.py:5170(_get_engine_target)
        1    0.000    0.000    0.000    0.000 _construct.py:1(<module>)
        2    0.000    0.000    0.000    0.000 phytoplankton.py:45(set_vertical_grid)
       48    0.000    0.000    0.000    0.000 compiler_machinery.py:149(add_required)
        1    0.000    0.000    0.000    0.000 geo.py:15(GeoAxes)
        1    0.000    0.000    0.000    0.000 interpreter.py:2322(op_LOAD_DEREF)
       23    0.000    0.000    0.000    0.000 targetconfig.py:110(make_prop)
        1    0.000    0.000    0.000    0.000 _triangulation.py:1(<module>)
       45    0.000    0.000    0.000    0.000 transforms.py:37(visit_Instruction)
        1    0.000    0.000    0.000    0.000 objects.py:441(ExponentialMovingWindowIndexer)
        1    0.000    0.000    0.000    0.000 _typed_ops.py:25(DatasetOpsMixin)
      105    0.000    0.000    0.000    0.000 {method 'intersection' of 'set' objects}
       15    0.000    0.000    0.000    0.000 dtypes.py:831(construct_from_string)
        1    0.000    0.000    0.000    0.000 variable.py:2606(IndexVariable)
        9    0.000    0.000    0.000    0.000 <frozen importlib._bootstrap_external>:1349(_get_parent_path)
        1    0.000    0.000    0.000    0.000 ipaddress.py:1276(IPv4Address)
       16    0.000    0.000    0.000    0.000 common.py:568(require_length_match)
       81    0.000    0.000    0.000    0.000 __init__.py:14(set_module)
        2    0.000    0.000    0.000    0.000 builder.py:1038(fence)
      138    0.000    0.000    0.000    0.000 __init__.py:247(<genexpr>)
        4    0.000    0.000    0.000    0.000 builtins.py:95(generic)
        6    0.000    0.000    0.000    0.000 inspect.py:981(getmodule)
        1    0.000    0.000    0.000    0.000 utils.py:1026(Default)
        1    0.000    0.000    0.000    0.000 builtins.py:51(Slice)
        1    0.000    0.000    0.000    0.000 model.py:91(build_backend_type)
       92    0.000    0.000    0.000    0.000 _utils.py:64(set_metadata)
        1    0.000    0.000    0.000    0.000 core.py:3373(__init__)
      152    0.000    0.000    0.000    0.000 bytecode.py:317(label_marker)
       78    0.000    0.000    0.000    0.000 controlflow.py:250(entry_point)
       30    0.000    0.000    0.000    0.000 {method 'reshape' of 'numpy.ndarray' objects}
       11    0.000    0.000    0.000    0.000 registry.py:73(__setitem__)
       27    0.000    0.000    0.000    0.000 six.py:194(find_spec)
        1    0.000    0.000    0.000    0.000 _string_helpers.py:1(<module>)
        1    0.000    0.000    0.000    0.000 context.py:30(BaseContext)
        7    0.000    0.000    0.000    0.000 base.py:7688(maybe_extract_name)
        1    0.000    0.000    0.000    0.000 tz.py:1470(__get_gettz)
      114    0.000    0.000    0.000    0.000 ir.py:890(get_targets)
        1    0.000    0.000    0.000    0.000 byteflow.py:322(TraceRunner)
        1    0.000    0.000    0.000    0.000 cgutils.py:292(_get_ptr_by_index)
      105    0.000    0.000    0.000    0.000 _docstring.py:88(do_copy)
       10    0.000    0.000    0.000    0.000 base.py:461(__str__)
        1    0.000    0.000    0.000    0.000 Image.py:190(Palette)
      300    0.000    0.000    0.000    0.000 compiler_machinery.py:143(get_required_set)
       85    0.000    0.000    0.000    0.000 core.py:1919(streamline)
        1    0.000    0.000    0.000    0.000 Image.py:483(Image)
        1    0.000    0.000    0.000    0.000 _matrix.py:1(<module>)
        1    0.000    0.000    0.000    0.000 _parser.py:568(parser)
        1    0.000    0.000    0.000    0.000 _warnings.py:1(<module>)
        1    0.000    0.000    0.000    0.000 builtins.py:402(OrderedCmpOp)
        1    0.000    0.000    0.000    0.000 __init__.py:1293(__init__)
        1    0.000    0.000    0.000    0.000 nanops.py:482(nanany)
        2    0.000    0.000    0.000    0.000 byteflow.py:852(op_JUMP_BACKWARD)
       28    0.000    0.000    0.000    0.000 ipaddress.py:1851(_split_scope_id)
        1    0.000    0.000    0.000    0.000 setdecl.py:34(SetAttribute)
       24    0.000    0.000    0.000    0.000 untyped_passes.py:201(get_analysis_usage)
        6    0.000    0.000    0.000    0.000 models.py:357(__init__)
        1    0.000    0.000    0.000    0.000 core.py:718(add_condition)
        4    0.000    0.000    0.000    0.000 arrayobj.py:173(normalize_indices)
        1    0.000    0.000    0.000    0.000 widgets.py:2042(MultiCursor)
        6    0.000    0.000    0.000    0.000 ir.py:528(cast)
        1    0.000    0.000    0.000    0.000 _enums.py:17(_AutoStringNameEnum)
        7    0.000    0.000    0.000    0.000 parfor.py:715(__init__)
        1    0.000    0.000    0.000    0.000 numerictypes.py:441(_construct_lookups)
        1    0.000    0.000    0.000    0.000 utils.py:233(ThreadLocalStack)
       46    0.000    0.000    0.000    0.000 six.py:110(__init__)
        6    0.000    0.000    0.000    0.000 utils.py:444(__init__)
        6    0.000    0.000    0.000    0.000 untyped_passes.py:1781(_patch_locals)
        6    0.000    0.000    0.000    0.000 <frozen importlib._bootstrap>:541(_module_repr)
      102    0.000    0.000    0.000    0.000 npydecl.py:117(<genexpr>)
        1    0.000    0.000    0.000    0.000 pprint.py:106(PrettyPrinter)
        1    0.000    0.000    0.000    0.000 builtins.py:265(BinOpPower)
        1    0.000    0.000    0.000    0.000 patches.py:1073(Polygon)
        1    0.000    0.000    0.000    0.000 timeit.py:1(<module>)
       36    0.000    0.000    0.000    0.000 _string_helpers.py:16(english_lower)
        4    0.000    0.000    0.000    0.000 cast.py:1580(construct_1d_object_array_from_listlike)
       19    0.000    0.000    0.000    0.000 construction.py:696(_sanitize_ndim)
        6    0.000    0.000    0.000    0.000 __init__.py:312(_logged_cached)
      264    0.000    0.000    0.000    0.000 compiler_machinery.py:98(get_analysis_usage)
      144    0.000    0.000    0.000    0.000 ir.py:873(get_targets)
      160    0.000    0.000    0.000    0.000 templates.py:54(recvr)
        1    0.000    0.000    0.000    0.000 {method 'disable' of '_lsprof.Profiler' objects}
        1    0.000    0.000    0.000    0.000 _pytesttester.py:1(<module>)
       24    0.000    0.000    0.000    0.000 ops.py:270(get_op)
        6    0.000    0.000    0.000    0.000 templates.py:979(get_impl_key)
        4    0.000    0.000    0.000    0.000 byteflow.py:1106(op_STORE_SUBSCR)
        7    0.000    0.000    0.000    0.000 codegen.py:529(__init__)
       53    0.000    0.000    0.000    0.000 six.py:182(_add_module)
      127    0.000    0.000    0.000    0.000 core.py:2396(__getnewargs__)
        9    0.000    0.000    0.000    0.000 blocks.py:249(external_values)
        1    0.000    0.000    0.000    0.000 managers.py:317(apply)
       86    0.000    0.000    0.000    0.000 npydecl.py:321(typing_class)
        6    0.000    0.000    0.000    0.000 targetconfig.py:237(copy)
       18    0.000    0.000    0.000    0.000 transforms.py:56(_make_str_method)
      105    0.000    0.000    0.000    0.000 _docstring.py:86(copy)
       30    0.000    0.000    0.000    0.000 _type_aliases.py:203(_add_array_type)
       10    0.000    0.000    0.000    0.000 ops.py:203(_values_method_wrapper)
        1    0.000    0.000    0.000    0.000 _solvers.py:1(<module>)
        1    0.000    0.000    0.000    0.000 core.py:3883(And)
        1    0.000    0.000    0.000    0.000 ccallback.py:33(CFunc)
      182    0.000    0.000    0.000    0.000 types.py:105(_to_string)
        1    0.000    0.000    0.000    0.000 _add_newdocs_scalars.py:18(numeric_type_aliases)
       89    0.000    0.000    0.000    0.000 {method 'pop' of 'set' objects}
      116    0.000    0.000    0.000    0.000 numpy_support.py:385(<genexpr>)
        3    0.000    0.000    0.000    0.000 imputils.py:237(wrapper)
       82    0.000    0.000    0.000    0.000 pythonapi.py:31(decorator)
       43    0.000    0.000    0.000    0.000 dispatcher.py:295(_make_finalizer)
        6    0.000    0.000    0.000    0.000 rcsetup.py:266(validate_color_or_inherit)
        2    0.000    0.000    0.000    0.000 feedparser.py:137(__init__)
        1    0.000    0.000    0.000    0.000 builtins.py:251(BinOpPower)
       11    0.000    0.000    0.000    0.000 ir_utils.py:364(replace_var_callback)
        1    0.000    0.000    0.000    0.000 builtins.py:217(BinOpTrueDiv)
        4    0.000    0.000    0.000    0.000 {built-in method posix.urandom}
        2    0.000    0.000    0.000    0.000 _strptime.py:152(__calc_timezone)
       16    0.000    0.000    0.000    0.000 context.py:48(__init__)
      156    0.000    0.000    0.000    0.000 compiler_machinery.py:76(run_initialization)
       13    0.000    0.000    0.000    0.000 enum.py:1394(_iter_member_by_value_)
        1    0.000    0.000    0.000    0.000 __init__.py:928(__init__)
        1    0.000    0.000    0.000    0.000 _iotools.py:450(StringConverter)
        1    0.000    0.000    0.000    0.000 numbers.py:35(int_add_impl)
        4    0.000    0.000    0.000    0.000 <frozen importlib._bootstrap>:997(exec_module)
        9    0.000    0.000    0.000    0.000 inline_closurecall.py:184(_inline_stencil)
        1    0.000    0.000    0.000    0.000 _version.py:20(get_versions)
       13    0.000    0.000    0.000    0.000 {method 'tolist' of 'memoryview' objects}
        1    0.000    0.000    0.000    0.000 manager.py:1(<module>)
      156    0.000    0.000    0.000    0.000 compiler_machinery.py:91(run_finalizer)
        6    0.000    0.000    0.000    0.000 inspect.py:384(_has_code_flag)
        1    0.000    0.000    0.000    0.000 table.py:239(Table)
        1    0.000    0.000    0.000    0.000 arrayterator.py:1(<module>)
        1    0.000    0.000    0.000    0.000 patches.py:1172(Wedge)
        1    0.000    0.000    0.000    0.000 pathlib.py:292(PurePath)
        1    0.000    0.000    0.000    0.000 twodim_base.py:158(eye)
        6    0.000    0.000    0.000    0.000 errors.py:530(__exit__)
        7    0.000    0.000    0.000    0.000 compiler_lock.py:52(require_global_compiler_lock)
        5    0.000    0.000    0.000    0.000 dispatcher.py:919(cb_llvm)
        1    0.000    0.000    0.000    0.000 PaletteFile.py:1(<module>)
        6    0.000    0.000    0.000    0.000 <frozen importlib._bootstrap_external>:1353(_recalculate)
        2    0.000    0.000    0.000    0.000 dataset_plot.py:38(_dsplot)
      134    0.000    0.000    0.000    0.000 ir.py:270(get)
      185    0.000    0.000    0.000    0.000 multiarray.py:153(concatenate)
       51    0.000    0.000    0.000    0.000 compiler_machinery.py:36(__init__)
       62    0.000    0.000    0.000    0.000 {method 'rsplit' of 'str' objects}
        1    0.000    0.000    0.000    0.000 builder.py:1007(cmpxchg)
        1    0.000    0.000    0.000    0.000 __init__.py:119(Cycler)
       32    0.000    0.000    0.000    0.000 {method 'index' of 'list' objects}
       65    0.000    0.000    0.000    0.000 __init__.py:348(<genexpr>)
        2    0.000    0.000    0.000    0.000 utils.py:491(runonce)
        4    0.000    0.000    0.000    0.000 _ufunc_config.py:435(__exit__)
       13    0.000    0.000    0.000    0.000 rcsetup.py:152(validate_axisbelow)
        1    0.000    0.000    0.000    0.000 tarfile.py:846(TarInfo)
        1    0.000    0.000    0.000    0.000 fnmatch.py:1(<module>)
        6    0.000    0.000    0.000    0.000 controlflow.py:199(_exit_points)
        1    0.000    0.000    0.000    0.000 readers.py:1627(_get_options_with_defaults)
        1    0.000    0.000    0.000    0.000 collections.py:1909(TriMesh)
        2    0.000    0.000    0.000    0.000 builder.py:550(neg)
        1    0.000    0.000    0.000    0.000 sorting.py:1(<module>)
      162    0.000    0.000    0.000    0.000 tracing.py:205(noevent)
      104    0.000    0.000    0.000    0.000 utils.py:451(__getitem__)
       30    0.000    0.000    0.000    0.000 threading.py:124(RLock)
        1    0.000    0.000    0.000    0.000 numpy_.py:48(NumpyExtensionArray)
        1    0.000    0.000    0.000    0.000 _validators.py:1(<module>)
        1    0.000    0.000    0.000    0.000 patches.py:1880(Circle)
      152    0.000    0.000    0.000    0.000 __init__.py:89(<lambda>)
        1    0.000    0.000    0.000    0.000 numbers.py:1295(integer_to_float)
        1    0.000    0.000    0.000    0.000 __init__.py:21(__deprecated_private_func)
        6    0.000    0.000    0.000    0.000 types.py:175(_to_string)
       41    0.000    0.000    0.000    0.000 _add_newdocs_scalars.py:83(<genexpr>)
        6    0.000    0.000    0.000    0.000 context.py:639(unify_types)
        9    0.000    0.000    0.000    0.000 overrides.py:23(set_array_function_like_doc)
        1    0.000    0.000    0.000    0.000 util.py:260(_inner)
        1    0.000    0.000    0.000    0.000 arrayobj.py:4259(intrin_alloc)
        1    0.000    0.000    0.000    0.000 platform.py:983(system)
        6    0.000    0.000    0.000    0.000 targetconfig.py:78(enter)
        5    0.000    0.000    0.000    0.000 registry.py:60(__init__)
        6    0.000    0.000    0.000    0.000 ir_utils.py:2154(warn_deprecated)
        1    0.000    0.000    0.000    0.000 coordinates.py:188(Coordinates)
        2    0.000    0.000    0.000    0.000 arrayprint.py:503(decorating_function)
        3    0.000    0.000    0.000    0.000 generic.py:807(_set_axis)
        1    0.000    0.000    0.000    0.000 firstlinefinder.py:1(<module>)
        2    0.000    0.000    0.000    0.000 instructions.py:755(__init__)
        1    0.000    0.000    0.000    0.000 cloudpickle.py:1173(Pickler)
        1    0.000    0.000    0.000    0.000 GimpPaletteFile.py:1(<module>)
        1    0.000    0.000    0.000    0.000 treenode.py:47(TreeNode)
        2    0.000    0.000    0.000    0.000 core.py:3408(_generateDefaultName)
      176    0.000    0.000    0.000    0.000 contextlib.py:564(__enter__)
        1    0.000    0.000    0.000    0.000 {method 'any' of 'numpy.ndarray' objects}
       23    0.000    0.000    0.000    0.000 core.py:4234(<genexpr>)
        8    0.000    0.000    0.000    0.000 pickle.py:316(_getattribute)
       27    0.000    0.000    0.000    0.000 {built-in method _struct.calcsize}
        2    0.000    0.000    0.000    0.000 instructions.py:761(descr)
      257    0.000    0.000    0.000    0.000 hmac.py:19(<genexpr>)
        1    0.000    0.000    0.000    0.000 {built-in method posix.sched_getaffinity}
        1    0.000    0.000    0.000    0.000 ir_utils.py:383(replace_vars_stmt)
      132    0.000    0.000    0.000    0.000 instructions.py:368(<genexpr>)
        2    0.000    0.000    0.000    0.000 selectors.py:588(_can_use)
        6    0.000    0.000    0.000    0.000 lowering.py:96(_compute_def_location)
        1    0.000    0.000    0.000    0.000 controlflow.py:84(CFGraph)
       34    0.000    0.000    0.000    0.000 typing.py:966(_is_typevar_like)
        1    0.000    0.000    0.000    0.000 sql.py:1602(SQLDatabase)
        1    0.000    0.000    0.000    0.000 patches.py:1488(CirclePolygon)
        9    0.000    0.000    0.000    0.000 inline_closurecall.py:155(_inline_reduction)
      152    0.000    0.000    0.000    0.000 byteflow.py:1712(has_terminated)
        1    0.000    0.000    0.000    0.000 cpu.py:35(CPUContext)
        1    0.000    0.000    0.000    0.000 localization.py:1(<module>)
       18    0.000    0.000    0.000    0.000 base.py:520(register)
       44    0.000    0.000    0.000    0.000 typeinfer.py:567(__init__)
        1    0.000    0.000    0.000    0.000 managers.py:1782(_consolidate_inplace)
        1    0.000    0.000    0.000    0.000 arraydecl.py:846(install_array_method)
        1    0.000    0.000    0.000    0.000 dataset_plot.py:653(_update_doc_to_dataset)
        1    0.000    0.000    0.000    0.000 executionengine.py:56(__init__)
        1    0.000    0.000    0.000    0.000 laguerre.py:1606(Laguerre)
        5    0.000    0.000    0.000    0.000 abstract.py:474(__init__)
        3    0.000    0.000    0.000    0.000 core.py:706(add_parse_action)
        3    0.000    0.000    0.000    0.000 <frozen importlib._bootstrap_external>:1332(__init__)
       26    0.000    0.000    0.000    0.000 types.py:530(_wrap_packed)
       55    0.000    0.000    0.000    0.000 dataclasses.py:683(_is_classvar)
        5    0.000    0.000    0.000    0.000 cpu_options.py:25(__init__)
       46    0.000    0.000    0.000    0.000 {method 'copy' of 'set' objects}
      118    0.000    0.000    0.000    0.000 {method '__init_subclass__' of 'object' objects}
       21    0.000    0.000    0.000    0.000 values.py:685(_get_reference)
        8    0.000    0.000    0.000    0.000 models.py:548(get_return_type)
       35    0.000    0.000    0.000    0.000 inference.py:334(is_hashable)
       10    0.000    0.000    0.000    0.000 dtypes.py:2171(name)
        1    0.000    0.000    0.000    0.000 _compressed.py:22(_cs_matrix)
       15    0.000    0.000    0.000    0.000 getlimits.py:709(max)
        5    0.000    0.000    0.000    0.000 misc.py:150(__init__)
        1    0.000    0.000    0.000    0.000 astype.py:1(<module>)
        1    0.000    0.000    0.000    0.000 online.py:1(<module>)
     21/3    0.000    0.000    0.000    0.000 cftimeindex.py:89(trailing_optional)
       13    0.000    0.000    0.000    0.000 _dtype_ctypes.py:71(_from_ctypes_scalar)
        9    0.000    0.000    0.000    0.000 base.py:5323(__contains__)
        1    0.000    0.000    0.000    0.000 _typed_ops.py:237(DataArrayOpsMixin)
       13    0.000    0.000    0.000    0.000 functions.py:685(__init__)
       13    0.000    0.000    0.000    0.000 targetconfig.py:160(__init__)
        3    0.000    0.000    0.000    0.000 templates.py:1024(_resolve)
       49    0.000    0.000    0.000    0.000 version.py:205(<genexpr>)
        1    0.000    0.000    0.000    0.000 _lil.py:20(_lil_base)
        1    0.000    0.000    0.000    0.000 wrappers.py:293(_GufuncWrapper)
        1    0.000    0.000    0.000    0.000 parse.py:452(urlsplit)
        1    0.000    0.000    0.000    0.000 ipaddress.py:671(_BaseNetwork)
       12    0.000    0.000    0.000    0.000 controlflow.py:429(dfs_rec)
       54    0.000    0.000    0.000    0.000 base.py:1134(active_code_library)
       15    0.000    0.000    0.000    0.000 abstract.py:433(_literal_init)
       45    0.000    0.000    0.000    0.000 contextlib.py:471(_create_exit_wrapper)
       13    0.000    0.000    0.000    0.000 npydecl.py:422(<genexpr>)
       14    0.000    0.000    0.000    0.000 weakref.py:347(__new__)
        1    0.000    0.000    0.000    0.000 missing.py:305(_isna_string_dtype)
       15    0.000    0.000    0.000    0.000 dtypes.py:2228(construct_from_string)
        1    0.000    0.000    0.000    0.000 _decomp_ldl.py:1(<module>)
      257    0.000    0.000    0.000    0.000 hmac.py:20(<genexpr>)
       34    0.000    0.000    0.000    0.000 ffi.py:287(__bool__)
        1    0.000    0.000    0.000    0.000 core.py:1086(enable_packrat)
       66    0.000    0.000    0.000    0.000 ir.py:910(get_targets)
        1    0.000    0.000    0.000    0.000 linalg.py:55(SVDResult)
       43    0.000    0.000    0.000    0.000 {built-in method numba.core.typeconv._typeconv.get_pointer}
        1    0.000    0.000    0.000    0.000 _misc.py:608(_Options)
        1    0.000    0.000    0.000    0.000 __init__.py:611(DistributionFinder)
       78    0.000    0.000    0.000    0.000 _internal.py:883(<genexpr>)
        2    0.000    0.000    0.000    0.000 offsetbox.py:45(_compat_get_offset)
      149    0.000    0.000    0.000    0.000 byteflow.py:2019(backbone)
        1    0.000    0.000    0.000    0.000 transforms.py:677(Bbox)
        6    0.000    0.000    0.000    0.000 cgutils.py:464(if_likely)
        3    0.000    0.000    0.000    0.000 six.py:96(__get__)
        3    0.000    0.000    0.000    0.000 series.py:784(name)
        1    0.000    0.000    0.000    0.000 core.py:326(condition_as_parse_action)
        1    0.000    0.000    0.000    0.000 builtins.py:724(BooleanAttribute)
        2    0.000    0.000    0.000    0.000 targetconfig.py:125(find_options)
       44    0.000    0.000    0.000    0.000 unicode.py:17(<genexpr>)
        1    0.000    0.000    0.000    0.000 _type_aliases.py:123(_add_integer_aliases)
       15    0.000    0.000    0.000    0.000 dtypes.py:1835(construct_from_string)
        1    0.000    0.000    0.000    0.000 typeconv.py:29(__init__)
        1    0.000    0.000    0.000    0.000 _decomp_svd.py:1(<module>)
        1    0.000    0.000    0.000    0.000 dtypes.py:155(CategoricalDtype)
        2    0.000    0.000    0.000    0.000 <frozen os>:694(__delitem__)
        1    0.000    0.000    0.000    0.000 missing.py:564(_array_equivalent_object)
        1    0.000    0.000    0.000    0.000 value.py:83(ValueRef)
        2    0.000    0.000    0.000    0.000 common.py:1204(is_potential_multi_index)
       18    0.000    0.000    0.000    0.000 utils.py:458(__iter__)
       21    0.000    0.000    0.000    0.000 model.py:68(_get_items)
       16    0.000    0.000    0.000    0.000 ir.py:1001(__init__)
       20    0.000    0.000    0.000    0.000 mixins.py:16(_binary_method)
        2    0.000    0.000    0.000    0.000 byteflow.py:1392(op_GET_ITER)
      105    0.000    0.000    0.000    0.000 {method 'isascii' of 'str' objects}
       98    0.000    0.000    0.000    0.000 types.py:441(__init__)
      100    0.000    0.000    0.000    0.000 enum.py:241(__set_name__)
       10    0.000    0.000    0.000    0.000 _parser.py:265(getwhile)
        1    0.000    0.000    0.000    0.000 ipaddress.py:1880(IPv6Address)
        1    0.000    0.000    0.000    0.000 art3d.py:641(Path3DCollection)
       12    0.000    0.000    0.000    0.000 lowering.py:435(post_block)
        1    0.000    0.000    0.000    0.000 merge.py:713(_MergeOperation)
     12/6    0.000    0.000    0.000    0.000 controlflow.py:640(_dfs_rec)
        6    0.000    0.000    0.000    0.000 containers.py:233(__init__)
        5    0.000    0.000    0.000    0.000 platform.py:894(uname)
        2    0.000    0.000    0.000    0.000 {built-in method posix.access}
       72    0.000    0.000    0.000    0.000 {method 'removeprefix' of 'str' objects}
        1    0.000    0.000    0.000    0.000 linalg.py:39(EigResult)
        2    0.000    0.000    0.000    0.000 rcsetup.py:421(validate_whiskers)
        9    0.000    0.000    0.000    0.000 blocks.py:2827(external_values)
      128    0.000    0.000    0.000    0.000 types.py:70(wrap_constant_value)
        4    0.000    0.000    0.000    0.000 _pep440.py:437(_cmpkey)
       14    0.000    0.000    0.000    0.000 weakref.py:352(__init__)
        6    0.000    0.000    0.000    0.000 array_exprs.py:26(__init__)
        1    0.000    0.000    0.000    0.000 _pep440.py:285(Version)
        1    0.000    0.000    0.000    0.000 environment.py:7(Environment)
       30    0.000    0.000    0.000    0.000 event.py:276(done)
        1    0.000    0.000    0.000    0.000 collections.py:1302(RegularPolyCollection)
        1    0.000    0.000    0.000    0.000 patches.py:936(PathPatch)
       82    0.000    0.000    0.000    0.000 scalars.py:49(__lt__)
        6    0.000    0.000    0.000    0.000 deprecation.py:239(__init__)
       48    0.000    0.000    0.000    0.000 {method 'issuperset' of 'set' objects}
        6    0.000    0.000    0.000    0.000 ir.py:1488(_reset_analysis_variables)
        1    0.000    0.000    0.000    0.000 offsetbox.py:906(AnchoredOffsetbox)
        2    0.000    0.000    0.000    0.000 _adapters.py:53(__getitem__)
        1    0.000    0.000    0.000    0.000 _typing.py:127(_arrayfunction)
        1    0.000    0.000    0.000    0.000 unicode.py:31(unicode_set)
       18    0.000    0.000    0.000    0.000 _add_newdocs_scalars.py:19(type_aliases_gen)
       22    0.000    0.000    0.000    0.000 _collections.py:23(freeze)
        1    0.000    0.000    0.000    0.000 cbook.py:120(CallbackRegistry)
        6    0.000    0.000    0.000    0.000 iterators.py:22(__init__)
        1    0.000    0.000    0.000    0.000 _type_aliases.py:74(_add_types)
        1    0.000    0.000    0.000    0.000 numbers.py:598(_implement_bitwise_operators)
       18    0.000    0.000    0.000    0.000 byteflow.py:2027(iterliveblocks)
        2    0.000    0.000    0.000    0.000 managers.py:2246(_stack_arrays)
       17    0.000    0.000    0.000    0.000 enum.py:1188(_generate_next_value_)
        1    0.000    0.000    0.000    0.000 initfini.py:64(_version_info)
        4    0.000    0.000    0.000    0.000 {built-in method _imp.exec_builtin}
        1    0.000    0.000    0.000    0.000 _pylab_helpers.py:9(Gcf)
        1    0.000    0.000    0.000    0.000 builtins.py:71(Range)
        1    0.000    0.000    0.000    0.000 locks.py:15(SerializableLock)
       66    0.000    0.000    0.000    0.000 imputils.py:47(lower_getattr)
        1    0.000    0.000    0.000    0.000 base.py:65(DataManager)
        1    0.000    0.000    0.000    0.000 pythonapi.py:1196(borrow_none)
        1    0.000    0.000    0.000    0.000 colorbar.py:195(Colorbar)
        1    0.000    0.000    0.000    0.000 cftimeindex.py:285(CFTimeIndex)
        2    0.000    0.000    0.000    0.000 misc.py:134(__init__)
       86    0.000    0.000    0.000    0.000 values.py:953(entry_basic_block)
        1    0.000    0.000    0.000    0.000 hashing.py:403(DJBX33A)
        1    0.000    0.000    0.000    0.000 blocks.py:164(maybe_split)
        1    0.000    0.000    0.000    0.000 common.py:550(infer_compression)
        2    0.000    0.000    0.000    0.000 core.py:2952(_update_from)
        1    0.000    0.000    0.000    0.000 builtins.py:738(NumberAttribute)
        3    0.000    0.000    0.000    0.000 {built-in method _csv.register_dialect}
       30    0.000    0.000    0.000    0.000 numeric.py:1855(isscalar)
      127    0.000    0.000    0.000    0.000 ffi.py:267(__enter__)
        4    0.000    0.000    0.000    0.000 locale.py:464(_parse_localename)
        2    0.000    0.000    0.000    0.000 <frozen os>:688(__setitem__)
       30    0.000    0.000    0.000    0.000 {method 'astype' of 'numpy.ndarray' objects}
        1    0.000    0.000    0.000    0.000 grouper.py:66(Grouper)
        1    0.000    0.000    0.000    0.000 encoding.py:1(<module>)
        2    0.000    0.000    0.000    0.000 byteflow.py:1877(split_new_block)
        1    0.000    0.000    0.000    0.000 defchararray.py:1922(chararray)
        6    0.000    0.000    0.000    0.000 passmanagers.py:27(__sub__)
        1    0.000    0.000    0.000    0.000 __init__.py:659(FastPath)
        6    0.000    0.000    0.000    0.000 {method 'compress' of 'zlib.Compress' objects}
        6    0.000    0.000    0.000    0.000 errors.py:510(flush)
        2    0.000    0.000    0.000    0.000 instructions.py:859(__init__)
        1    0.000    0.000    0.000    0.000 models.py:1209(__init__)
       69    0.000    0.000    0.000    0.000 {method 'values' of 'collections.OrderedDict' objects}
        1    0.000    0.000    0.000    0.000 multi.py:208(names_compat)
       36    0.000    0.000    0.000    0.000 compiler_machinery.py:386(walk)
        1    0.000    0.000    0.000    0.000 __init__.py:865(distributions)
        2    0.000    0.000    0.000    0.000 enum.py:1677(global_enum)
       24    0.000    0.000    0.000    0.000 compiler_machinery.py:177(__init__)
       18    0.000    0.000    0.000    0.000 ir.py:63(__str__)
        2    0.000    0.000    0.000    0.000 common.py:248(stringify_path)
        1    0.000    0.000    0.000    0.000 masked_reductions.py:1(<module>)
        1    0.000    0.000    0.000    0.000 models.py:759(__init__)
        8    0.000    0.000    0.000    0.000 enumdecl.py:39(generic)
        2    0.000    0.000    0.000    0.000 feedparser.py:195(_new_message)
       38    0.000    0.000    0.000    0.000 dataclasses.py:549(_init_param)
        1    0.000    0.000    0.000    0.000 tz.py:41(tzutc)
        3    0.000    0.000    0.000    0.000 builder.py:84(wrap)
       10    0.000    0.000    0.000    0.000 dtypes.py:2093(__init__)
        6    0.000    0.000    0.000    0.000 byteflow.py:382(op_RESUME)
       38    0.000    0.000    0.000    0.000 functools.py:965(__init__)
      115    0.000    0.000    0.000    0.000 byteflow.py:1644(get_identity)
       16    0.000    0.000    0.000    0.000 {built-in method time.strftime}
        1    0.000    0.000    0.000    0.000 font_manager.py:982(FontManager)
        1    0.000    0.000    0.000    0.000 tarfile.py:1613(TarFile)
        1    0.000    0.000    0.000    0.000 quiver.py:235(QuiverKey)
        1    0.000    0.000    0.000    0.000 nrt.py:15(_Runtime)
        1    0.000    0.000    0.000    0.000 extending.py:314(_Intrinsic)
        6    0.000    0.000    0.000    0.000 controlflow.py:410(_find_exit_points)
        1    0.000    0.000    0.000    0.000 _parser.py:1373(_result)
       10    0.000    0.000    0.000    0.000 registry.py:46(do_register)
      159    0.000    0.000    0.000    0.000 byteflow.py:2038(<genexpr>)
       82    0.000    0.000    0.000    0.000 core.py:3931(<genexpr>)
       68    0.000    0.000    0.000    0.000 lowering.py:752(<genexpr>)
        1    0.000    0.000    0.000    0.000 blocks.py:2003(EABackedBlock)
        2    0.000    0.000    0.000    0.000 sysconfig.py:110(_getuserbase)
        1    0.000    0.000    0.000    0.000 accessor_str.py:143(StringAccessor)
      129    0.000    0.000    0.000    0.000 results.py:24(__getitem__)
        5    0.000    0.000    0.000    0.000 misc.py:172(__init__)
        1    0.000    0.000    0.000    0.000 ir_utils.py:406(visit_vars_stmt)
       55    0.000    0.000    0.000    0.000 dataclasses.py:691(_is_initvar)
        7    0.000    0.000    0.000    0.000 compiler_lock.py:25(is_locked)
        1    0.000    0.000    0.000    0.000 _mathtext.py:749(StixFonts)
       24    0.000    0.000    0.000    0.000 patches.py:2269(<genexpr>)
      118    0.000    0.000    0.000    0.000 {method 'isalpha' of 'str' objects}
        1    0.000    0.000    0.000    0.000 pathlib.py:824(Path)
        5    0.000    0.000    0.000    0.000 dispatcher.py:758(_callback_add_llvm_timer)
       15    0.000    0.000    0.000    0.000 dispatcher.py:915(cb_compiler)
        1    0.000    0.000    0.000    0.000 base.py:796(get_struct_type)
        4    0.000    0.000    0.000    0.000 byteflow.py:521(op_STORE_FAST)
        1    0.000    0.000    0.000    0.000 Image.py:3624(_apply_env_variables)
        1    0.000    0.000    0.000    0.000 options.py:72(DefaultOptions)
        1    0.000    0.000    0.000    0.000 cffiimpl.py:1(<module>)
        1    0.000    0.000    0.000    0.000 datatree.py:104(DatasetView)
        1    0.000    0.000    0.000    0.000 linalg.py:43(EighResult)
        1    0.000    0.000    0.000    0.000 expr.py:338(BaseExprVisitor)
       65    0.000    0.000    0.000    0.000 results.py:264(__bool__)
       47    0.000    0.000    0.000    0.000 dispatcher.py:263(<genexpr>)
        1    0.000    0.000    0.000    0.000 managers.py:1764(is_consolidated)
       18    0.000    0.000    0.000    0.000 builder.py:190(__init__)
        1    0.000    0.000    0.000    0.000 pydoc.py:585(HTMLDoc)
        1    0.000    0.000    0.000    0.000 numbers.py:57(Complex)
       28    0.000    0.000    0.000    0.000 scalars.py:25(parse_integer_signed)
        6    0.000    0.000    0.000    0.000 rcsetup.py:174(_make_type_validator)
        4    0.000    0.000    0.000    0.000 series.py:734(name)
        2    0.000    0.000    0.000    0.000 _asarray.py:27(require)
        5    0.000    0.000    0.000    0.000 {method 'read' of '_io.StringIO' objects}
        4    0.000    0.000    0.000    0.000 tokenize.py:382(find_cookie)
       38    0.000    0.000    0.000    0.000 __init__.py:772(__bool__)
        2    0.000    0.000    0.000    0.000 blocks.py:2716(new_block)
        1    0.000    0.000    0.000    0.000 options.py:10(TargetOptions)
       86    0.000    0.000    0.000    0.000 __init__.py:669(update)
        1    0.000    0.000    0.000    0.000 compiler_machinery.py:170(PassManager)
        1    0.000    0.000    0.000    0.000 models.py:179(BooleanModel)
      103    0.000    0.000    0.000    0.000 <frozen _collections_abc>:435(__subclasshook__)
       16    0.000    0.000    0.000    0.000 _type_aliases.py:46(<genexpr>)
        1    0.000    0.000    0.000    0.000 linalg.py:47(QRResult)
        1    0.000    0.000    0.000    0.000 art3d.py:183(Line3D)
        1    0.000    0.000    0.000    0.000 calendar.py:94(_localized_month)
        1    0.000    0.000    0.000    0.000 __init__.py:365(Distribution)
        6    0.000    0.000    0.000    0.000 listdecl.py:90(generic)
        1    0.000    0.000    0.000    0.000 mathtext.py:37(MathTextParser)
        1    0.000    0.000    0.000    0.000 series.py:664(_constructor_from_mgr)
        1    0.000    0.000    0.000    0.000 _methods.py:55(_any)
       12    0.000    0.000    0.000    0.000 ir.py:870(__str__)
        1    0.000    0.000    0.000    0.000 numbers.py:319(Integral)
        1    0.000    0.000    0.000    0.000 hermite_e.py:1650(HermiteE)
        1    0.000    0.000    0.000    0.000 _dok.py:17(_dok_base)
       64    0.000    0.000    0.000    0.000 common.py:24(unpack_zerodim_and_defer)
        2    0.000    0.000    0.000    0.000 base.py:572(get_bound_function)
        4    0.000    0.000    0.000    0.000 core.py:5189(_generateDefaultName)
        4    0.000    0.000    0.000    0.000 cftime_offsets.py:712(_generate_anchored_deprecated_frequencies)
        1    0.000    0.000    0.000    0.000 executionengine.py:232(__init__)
        1    0.000    0.000    0.000    0.000 _tester.py:1(<module>)
      102    0.000    0.000    0.000    0.000 npydecl.py:70(<genexpr>)
      102    0.000    0.000    0.000    0.000 npydecl.py:65(<genexpr>)
       10    0.000    0.000    0.000    0.000 dispatcher.py:742(_callback_add_timer)
       38    0.000    0.000    0.000    0.000 ansi.py:12(code_to_chars)
        1    0.000    0.000    0.000    0.000 backend_managers.py:32(ToolManager)
        8    0.000    0.000    0.000    0.000 <frozen _collections_abc>:104(_check_methods)
        1    0.000    0.000    0.000    0.000 scanner.py:46(Scanner)
        3    0.000    0.000    0.000    0.000 array_exprs.py:15(_is_ufunc)
        2    0.000    0.000    0.000    0.000 charset.py:206(__init__)
       11    0.000    0.000    0.000    0.000 models.py:539(get_data_type)
       54    0.000    0.000    0.000    0.000 imputils.py:95(lower_cast)
        1    0.000    0.000    0.000    0.000 registry.py:20(_toplevel_typing_context)
        8    0.000    0.000    0.000    0.000 _ufunc_config.py:132(geterr)
        1    0.000    0.000    0.000    0.000 process.py:71(BaseProcess)
        1    0.000    0.000    0.000    0.000 _decomp_qr.py:1(<module>)
        8    0.000    0.000    0.000    0.000 {method 'digest' of '_hashlib.HASH' objects}
        1    0.000    0.000    0.000    0.000 sql.py:2642(SQLiteDatabase)
        9    0.000    0.000    0.000    0.000 inline_closurecall.py:260(_inline_closure)
       97    0.000    0.000    0.000    0.000 enum.py:942(<lambda>)
       64    0.000    0.000    0.000    0.000 _decorators.py:437(__init__)
       21    0.000    0.000    0.000    0.000 byteflow.py:318(_is_null_temp_reg)
       12    0.000    0.000    0.000    0.000 base.py:1140(push_code_library)
        5    0.000    0.000    0.000    0.000 imputils.py:173(fix_returning_optional)
       25    0.000    0.000    0.000    0.000 typing.py:487(__repr__)
        1    0.000    0.000    0.000    0.000 dictimpl.py:1(<module>)
        1    0.000    0.000    0.000    0.000 instructions.py:781(__init__)
       32    0.000    0.000    0.000    0.000 cbook.py:1862(_str_lower_equal)
        2    0.000    0.000    0.000    0.000 message.py:410(__getitem__)
       64    0.000    0.000    0.000    0.000 {method 'removesuffix' of 'str' objects}
        1    0.000    0.000    0.000    0.000 align.py:68(_filter_special_cases)
        3    0.000    0.000    0.000    0.000 {method 'union' of 'set' objects}
        1    0.000    0.000    0.000    0.000 core.py:5759(__init__)
        1    0.000    0.000    0.000    0.000 {method 'dot' of 'numpy.ndarray' objects}
        1    0.000    0.000    0.000    0.000 llvm_pass_timings.py:281(PassTimingsCollection)
       25    0.000    0.000    0.000    0.000 lex.py:1090(set_regex)
       79    0.000    0.000    0.000    0.000 callconv.py:60(__init__)
        1    0.000    0.000    0.000    0.000 _common.py:149(_tzinfo)
        1    0.000    0.000    0.000    0.000 format.py:415(DataFrameFormatter)
        1    0.000    0.000    0.000    0.000 cmathdecl.py:13(CMath_unary)
        1    0.000    0.000    0.000    0.000 model.py:561(unknown_type)
       49    0.000    0.000    0.000    0.000 {method 'end' of 're.Match' objects}
        1    0.000    0.000    0.000    0.000 mathdecl.py:115(Math_gcd)
        1    0.000    0.000    0.000    0.000 indexing.py:725(_LocationIndexer)
        1    0.000    0.000    0.000    0.000 models.py:439(__init__)
       38    0.000    0.000    0.000    0.000 dataclasses.py:309(__init__)
        9    0.000    0.000    0.000    0.000 managers.py:196(blklocs)
        1    0.000    0.000    0.000    0.000 caching.py:447(IndexDataCacheFile)
       15    0.000    0.000    0.000    0.000 dtypes.py:342(construct_from_string)
       21    0.000    0.000    0.000    0.000 imputils.py:115(decorate)
       14    0.000    0.000    0.000    0.000 functions.py:509(__eq__)
        1    0.000    0.000    0.000    0.000 _optional.py:1(<module>)
       57    0.000    0.000    0.000    0.000 __init__.py:152(<genexpr>)
        1    0.000    0.000    0.000    0.000 hermite.py:1658(Hermite)
        8    0.000    0.000    0.000    0.000 typeinfer.py:555(_is_array_not_precise)
       98    0.000    0.000    0.000    0.000 utils.py:394(__contains__)
        9    0.000    0.000    0.000    0.000 base.py:3777(get_loc)
        1    0.000    0.000    0.000    0.000 dispatcher.py:1343(ObjModeLiftedWith)
        1    0.000    0.000    0.000    0.000 _decomp_cholesky.py:1(<module>)
        1    0.000    0.000    0.000    0.000 registry.py:12(CPUTarget)
        1    0.000    0.000    0.000    0.000 setobj.py:372(SetInstance)
        6    0.000    0.000    0.000    0.000 ir.py:55(from_function_id)
        1    0.000    0.000    0.000    0.000 facetgrid.py:62(FacetGrid)
       31    0.000    0.000    0.000    0.000 models.py:34(__init__)
        6    0.000    0.000    0.000    0.000 __init__.py:106(<lambda>)
        1    0.000    0.000    0.000    0.000 lsmr.py:1(<module>)
        4    0.000    0.000    0.000    0.000 platform.py:1020(machine)
        1    0.000    0.000    0.000    0.000 linalg.py:51(SlogdetResult)
       38    0.000    0.000    0.000    0.000 dataclasses.py:477(_field_assign)
        1    0.000    0.000    0.000    0.000 _json.py:818(JsonReader)
        8    0.000    0.000    0.000    0.000 rrule.py:77(<genexpr>)
        2    0.000    0.000    0.000    0.000 core.py:3644(__init__)
        7    0.000    0.000    0.000    0.000 untyped_passes.py:56(__init__)
        1    0.000    0.000    0.000    0.000 builtins.py:169(BinOp)
        2    0.000    0.000    0.000    0.000 _strptime.py:95(__calc_am_pm)
       36    0.000    0.000    0.000    0.000 types.py:462(gep)
       25    0.000    0.000    0.000    0.000 ipaddress.py:431(_ip_int_from_prefix)
        1    0.000    0.000    0.000    0.000 inference.py:1(<module>)
        4    0.000    0.000    0.000    0.000 containers.py:34(__init__)
       25    0.000    0.000    0.000    0.000 constructor.py:159(add_constructor)
        6    0.000    0.000    0.000    0.000 _policybase.py:94(_append_doc)
        1    0.000    0.000    0.000    0.000 uuid.py:85(UUID)
       70    0.000    0.000    0.000    0.000 {built-in method _ctypes.sizeof}
        1    0.000    0.000    0.000    0.000 ipaddress.py:1577(_BaseV6)
        1    0.000    0.000    0.000    0.000 representer.py:134(SafeRepresenter)
        1    0.000    0.000    0.000    0.000 object_array.py:35(ObjectStringArrayMixin)
       13    0.000    0.000    0.000    0.000 dispatcher.py:1407(<genexpr>)
        1    0.000    0.000    0.000    0.000 _odfreader.py:30(ODFReader)
        1    0.000    0.000    0.000    0.000 collections.py:1768(EllipseCollection)
        1    0.000    0.000    0.000    0.000 __init__.py:592(__init__)
        1    0.000    0.000    0.000    0.000 c_parser_wrapper.py:201(_set_noconvert_columns)
        1    0.000    0.000    0.000    0.000 _bsr.py:24(_bsr_base)
        1    0.000    0.000    0.000    0.000 init_utils.py:10(generate_version_info)
        1    0.000    0.000    0.000    0.000 managers.py:903(BlockManager)
        7    0.000    0.000    0.000    0.000 cpu.py:104(target_data)
        1    0.000    0.000    0.000    0.000 chebyshev.py:1995(Chebyshev)
      106    0.000    0.000    0.000    0.000 values.py:1164(function)
        1    0.000    0.000    0.000    0.000 caching.py:573(Cache)
        8    0.000    0.000    0.000    0.000 cloudpickle.py:195(_is_registered_pickle_by_value)
        3    0.000    0.000    0.000    0.000 __init__.py:428(_discover_resolvers)
        2    0.000    0.000    0.000    0.000 interpreter.py:2877(op_JUMP_BACKWARD)
        1    0.000    0.000    0.000    0.000 core.py:116(__diag__)
        8    0.000    0.000    0.000    0.000 __init__.py:56(__init_subclass__)
        1    0.000    0.000    0.000    0.000 apply.py:1134(FrameRowApply)
       84    0.000    0.000    0.000    0.000 lazy.py:149(lazy)
        6    0.000    0.000    0.000    0.000 setdecl.py:79(generic)
        5    0.000    0.000    0.000    0.000 callconv.py:43(_const_int)
        1    0.000    0.000    0.000    0.000 dviread.py:831(PsfontsMap)
       12    0.000    0.000    0.000    0.000 nputils.py:177(_create_method)
       56    0.000    0.000    0.000    0.000 typing.py:2786(<genexpr>)
        1    0.000    0.000    0.000    0.000 targets.py:202(name)
        1    0.000    0.000    0.000    0.000 base.py:181(SelectionMixin)
        1    0.000    0.000    0.000    0.000 legendre.py:1619(Legendre)
       51    0.000    0.000    0.000    0.000 typing.py:1971(<genexpr>)
        7    0.000    0.000    0.000    0.000 legend_handler.py:171(__init__)
        1    0.000    0.000    0.000    0.000 managers.py:1772(_consolidate_check)
        1    0.000    0.000    0.000    0.000 testing.py:126(TestParseResultsAsserts)
        6    0.000    0.000    0.000    0.000 base64.py:51(b64encode)
        1    0.000    0.000    0.000    0.000 subprocess.py:695(_use_posix_spawn)
        1    0.000    0.000    0.000    0.000 _typed_ops.py:895(DataArrayGroupByOpsMixin)
        1    0.000    0.000    0.000    0.000 _decomp_qz.py:1(<module>)
        6    0.000    0.000    0.000    0.000 funcdesc.py:137(_get_function_info)
        1    0.000    0.000    0.000    0.000 pydoc.py:1220(TextDoc)
        5    0.000    0.000    0.000    0.000 rcsetup.py:212(_validate_pathlike)
        2    0.000    0.000    0.000    0.000 builder.py:115(wrap)
        1    0.000    0.000    0.000    0.000 utils.py:1348(_Normalize)
       55    0.000    0.000    0.000    0.000 colors.py:404(<genexpr>)
        1    0.000    0.000    0.000    0.000 parallelcompat.py:174(ChunkManagerEntrypoint)
        2    0.000    0.000    0.000    0.000 base.py:469(get_data_type)
        6    0.000    0.000    0.000    0.000 bytecode.py:235(__init__)
        3    0.000    0.000    0.000    0.000 imputils.py:79(decorate)
        1    0.000    0.000    0.000    0.000 pylowering.py:79(PyLower)
        1    0.000    0.000    0.000    0.000 dispatcher.py:763(_MemoMixin)
        1    0.000    0.000    0.000    0.000 cmathdecl.py:39(Cmath_log)
        6    0.000    0.000    0.000    0.000 inline_closurecall.py:1393(__init__)
        1    0.000    0.000    0.000    0.000 linalg.py:115(_LAPACK)
       12    0.000    0.000    0.000    0.000 inline_closurecall.py:1524(__init__)
       19    0.000    0.000    0.000    0.000 datetimes.py:124(_field_accessor)
       45    0.000    0.000    0.000    0.000 instructions.py:230(return_value)
        1    0.000    0.000    0.000    0.000 errors.py:474(WarningsFixer)
       49    0.000    0.000    0.000    0.000 _internal.py:8(get_xp)
       12    0.000    0.000    0.000    0.000 inline_closurecall.py:1517(State)
        1    0.000    0.000    0.000    0.000 dataframe_protocol.py:174(Column)
        4    0.000    0.000    0.000    0.000 legend_handler.py:214(__init__)
        2    0.000    0.000    0.000    0.000 common.py:137(is_object_dtype)
       28    0.000    0.000    0.000    0.000 cbook.py:1851(_str_equal)
        1    0.000    0.000    0.000    0.000 _type_aliases.py:151(_set_up_aliases)
       19    0.000    0.000    0.000    0.000 construction.py:735(_sanitize_str_dtypes)
        2    0.000    0.000    0.000    0.000 ir.py:518(static_getitem)
        2    0.000    0.000    0.000    0.000 __init__.py:24(extract_version)
        1    0.000    0.000    0.000    0.000 sql.py:2089(ADBCDatabase)
        1    0.000    0.000    0.000    0.000 context.py:43(CallStack)
       94    0.000    0.000    0.000    0.000 ipaddress.py:574(__int__)
        1    0.000    0.000    0.000    0.000 _factories.py:26(__init__)
        1    0.000    0.000    0.000    0.000 collections.py:2126(QuadMesh)
        1    0.000    0.000    0.000    0.000 base_parser.py:191(_validate_parse_dates_presence)
        1    0.000    0.000    0.000    0.000 pytables.py:485(HDFStore)
        1    0.000    0.000    0.000    0.000 base.py:501(Registry)
      134    0.000    0.000    0.000    0.000 six.py:93(__init__)
       14    0.000    0.000    0.000    0.000 managers.py:2177(_grouping_func)
        3    0.000    0.000    0.000    0.000 typeinfer.py:1435(typeof_setitem)
        2    0.000    0.000    0.000    0.000 values.py:920(_to_list)
       10    0.000    0.000    0.000    0.000 _text.py:90(lower)
        1    0.000    0.000    0.000    0.000 _odswriter.py:31(ODSWriter)
        1    0.000    0.000    0.000    0.000 textpath.py:26(__init__)
        1    0.000    0.000    0.000    0.000 bufproto.py:1(<module>)
        1    0.000    0.000    0.000    0.000 random.py:110(Random)
        5    0.000    0.000    0.000    0.000 deprecation.py:350(<genexpr>)
        1    0.000    0.000    0.000    0.000 _secondary_axes.py:11(SecondaryAxis)
        4    0.000    0.000    0.000    0.000 rcsetup.py:221(validate_fonttype)
        1    0.000    0.000    0.000    0.000 mathdecl.py:89(Math_predicate)
        1    0.000    0.000    0.000    0.000 _coo.py:24(_coo_base)
        9    0.000    0.000    0.000    0.000 indexing.py:2765(check_dict_or_set_indexers)
        1    0.000    0.000    0.000    0.000 common.py:147(AbstractArray)
        1    0.000    0.000    0.000    0.000 tempfile.py:685(SpooledTemporaryFile)
       57    0.000    0.000    0.000    0.000 __init__.py:265(<genexpr>)
        1    0.000    0.000    0.000    0.000 listobj.py:148(ListInstance)
        8    0.000    0.000    0.000    0.000 arraydecl.py:610(generic)
       32    0.000    0.000    0.000    0.000 inline_closurecall.py:798(_make_debug_print)
       20    0.000    0.000    0.000    0.000 types.py:490(packed)
       12    0.000    0.000    0.000    0.000 typed_passes.py:190(get_analysis_usage)
       87    0.000    0.000    0.000    0.000 cgutils.py:231(_cast_member_to_value)
        1    0.000    0.000    0.000    0.000 lowering.py:339(Lower)
        4    0.000    0.000    0.000    0.000 pythonapi.py:1336(get_null_object)
        7    0.000    0.000    0.000    0.000 ir.py:630(__repr__)
       31    0.000    0.000    0.000    0.000 {method 'issuperset' of 'frozenset' objects}
        5    0.000    0.000    0.000    0.000 extending.py:24(type_callable)
        1    0.000    0.000    0.000    0.000 ImageChops.py:1(<module>)
        1    0.000    0.000    0.000    0.000 _common.py:21(package_to_anchor)
        1    0.000    0.000    0.000    0.000 dataarray_plot.py:715(_plot1d)
        5    0.000    0.000    0.000    0.000 {built-in method numba._dynfunc.make_function}
        1    0.000    0.000    0.000    0.000 pickle.py:401(_Pickler)
        1    0.000    0.000    0.000    0.000 passmanagers.py:104(PassManager)
        7    0.000    0.000    0.000    0.000 core.py:2544(_arraymethod)
        6    0.000    0.000    0.000    0.000 controlflow.py:375(_remove_node_edges)
        3    0.000    0.000    0.000    0.000 model.py:264(__init__)
       38    0.000    0.000    0.000    0.000 __init__.py:811(__init__)
        1    0.000    0.000    0.000    0.000 tz.py:132(tzoffset)
        1    0.000    0.000    0.000    0.000 _ranges.py:1(<module>)
        1    0.000    0.000    0.000    0.000 {built-in method _hashlib.openssl_md5}
        8    0.000    0.000    0.000    0.000 <frozen _collections_abc>:819(keys)
       16    0.000    0.000    0.000    0.000 types.py:295(__eq__)
        6    0.000    0.000    0.000    0.000 <frozen importlib._bootstrap>:823(_module_repr_from_spec)
       30    0.000    0.000    0.000    0.000 fromnumeric.py:3176(ndim)
        1    0.000    0.000    0.000    0.000 win32.py:1(<module>)
        1    0.000    0.000    0.000    0.000 model.py:174(build_backend_type)
        1    0.000    0.000    0.000    0.000 mathdecl.py:10(Math_unary)
       41    0.000    0.000    0.000    0.000 overloads.py:18(class_instance_overload)
        1    0.000    0.000    0.000    0.000 dtypes.py:1610(SparseDtype)
        5    0.000    0.000    0.000    0.000 config.py:635(_get_root)
        1    0.000    0.000    0.000    0.000 array_manager.py:101(BaseArrayManager)
        1    0.000    0.000    0.000    0.000 polar.py:804(PolarAxes)
        1    0.000    0.000    0.000    0.000 _openpyxl.py:40(OpenpyxlWriter)
        1    0.000    0.000    0.000    0.000 byteflow.py:872(op_RETURN_CONST)
       79    0.000    0.000    0.000    0.000 interpreter.py:1786(code_cellvars)
        1    0.000    0.000    0.000    0.000 base_parser.py:871(_do_date_conversions)
        1    0.000    0.000    0.000    0.000 readers.py:2133(_refine_defaults_read)
        8    0.000    0.000    0.000    0.000 typeinfer.py:814(<genexpr>)
        3    0.000    0.000    0.000    0.000 core.py:4904(_generateDefaultName)
        1    0.000    0.000    0.000    0.000 emitter.py:31(Emitter)
        3    0.000    0.000    0.000    0.000 common.py:1571(validate_all_hashable)
        1    0.000    0.000    0.000    0.000 socket.py:215(socket)
       19    0.000    0.000    0.000    0.000 representer.py:65(add_representer)
        2    0.000    0.000    0.000    0.000 expr.py:127(_compose)
        1    0.000    0.000    0.000    0.000 queue.py:28(Queue)
        1    0.000    0.000    0.000    0.000 npydecl.py:168(NumpyRulesArrayOperator)
        1    0.000    0.000    0.000    0.000 indexing.py:42(IndexSelResult)
        1    0.000    0.000    0.000    0.000 widgets.py:3210(RectangleSelector)
        1    0.000    0.000    0.000    0.000 accessor_dt.py:305(DatetimeAccessor)
       12    0.000    0.000    0.000    0.000 interpreter.py:54(__init__)
        3    0.000    0.000    0.000    0.000 managers.py:236(set_axis)
       30    0.000    0.000    0.000    0.000 core.py:697(<genexpr>)
       14    0.000    0.000    0.000    0.000 extending.py:298(StructAttribute)
        1    0.000    0.000    0.000    0.000 npytypes.py:71(Record)
        1    0.000    0.000    0.000    0.000 axis.py:2289(XAxis)
        1    0.000    0.000    0.000    0.000 datatree_render.py:69(RenderDataTree)
        1    0.000    0.000    0.000    0.000 module.py:47(ModuleRef)
        6    0.000    0.000    0.000    0.000 utils.py:390(__init__)
        1    0.000    0.000    0.000    0.000 rcsetup.py:256(_validate_toolbar)
       72    0.000    0.000    0.000    0.000 compiler_machinery.py:229(parse)
        1    0.000    0.000    0.000    0.000 dispatcher.py:237(_DispatcherBase)
        1    0.000    0.000    0.000    0.000 offsets.py:1(<module>)
       54    0.000    0.000    0.000    0.000 postproc.py:68(__init__)
        1    0.000    0.000    0.000    0.000 collections.py:961(_CollectionWithSizes)
        6    0.000    0.000    0.000    0.000 <frozen _collections_abc>:848(__len__)
        1    0.000    0.000    0.000    0.000 netCDF4_.py:319(NetCDF4DataStore)
        2    0.000    0.000    0.000    0.000 {built-in method time.tzset}
        1    0.000    0.000    0.000    0.000 bz2.py:26(BZ2File)
        1    0.000    0.000    0.000    0.000 parse.py:152(_NetlocResultMixinBase)
        1    0.000    0.000    0.000    0.000 hashing.py:417(_Py_HashSecret_t)
        1    0.000    0.000    0.000    0.000 art3d.py:76(Text3D)
        5    0.000    0.000    0.000    0.000 __init__.py:634(__init__)
        8    0.000    0.000    0.000    0.000 <frozen abc>:146(update_abstractmethods)
        1    0.000    0.000    0.000    0.000 debuginfo.py:86(DIBuilder)
       68    0.000    0.000    0.000    0.000 ir.py:1695(__repr__)
        1    0.000    0.000    0.000    0.000 rolling.py:120(BaseWindow)
       50    0.000    0.000    0.000    0.000 base.py:1209(__init__)
        9    0.000    0.000    0.000    0.000 <frozen importlib._bootstrap_external>:1339(_find_parent_path_names)
       17    0.000    0.000    0.000    0.000 {method 'extend' of 'collections.deque' objects}
       45    0.000    0.000    0.000    0.000 compiler_machinery.py:418(register)
        1    0.000    0.000    0.000    0.000 _typing.py:122(SequenceNotStr)
       12    0.000    0.000    0.000    0.000 untyped_passes.py:1680(get_analysis_usage)
       10    0.000    0.000    0.000    0.000 axis.py:2259(_make_getset_interval)
       14    0.000    0.000    0.000    0.000 __init__.py:431(<genexpr>)
        1    0.000    0.000    0.000    0.000 _tripcolor.py:1(<module>)
        1    0.000    0.000    0.000    0.000 core.py:4727(__init__)
        1    0.000    0.000    0.000    0.000 tz.py:482(_set_tzdata)
        1    0.000    0.000    0.000    0.000 arrayobj.py:4422(_zero_fill_array_method)
       57    0.000    0.000    0.000    0.000 functions.py:505(key)
        1    0.000    0.000    0.000    0.000 pytables.py:2359(DataCol)
        1    0.000    0.000    0.000    0.000 managers.py:1825(SingleBlockManager)
        1    0.000    0.000    0.000    0.000 core.py:5200(SkipTo)
        1    0.000    0.000    0.000    0.000 _internal.py:240(_missing_ctypes)
        1    0.000    0.000    0.000    0.000 {built-in method numba._dispatcher.typeof_init}
        1    0.000    0.000    0.000    0.000 typeinfer.py:1035(seed_return)
        1    0.000    0.000    0.000    0.000 ffi.py:107(__init__)
        3    0.000    0.000    0.000    0.000 legend_handler.py:433(__init__)
        2    0.000    0.000    0.000    0.000 decoder.py:284(__init__)
       14    0.000    0.000    0.000    0.000 mixins.py:26(_reflected_binary_method)
       17    0.000    0.000    0.000    0.000 results.py:267(__iter__)
        1    0.000    0.000    0.000    0.000 funcdesc.py:24(FunctionDescriptor)
        2    0.000    0.000    0.000    0.000 {method 'newbyteorder' of 'numpy.generic' objects}
        2    0.000    0.000    0.000    0.000 arrayobj.py:4345(_check_const_str_dtype)
        8    0.000    0.000    0.000    0.000 codegen.py:880(_object_compiled_hook)
        1    0.000    0.000    0.000    0.000 mathdecl.py:54(Math_converter)
        1    0.000    0.000    0.000    0.000 boolean.py:239(BooleanArray)
       62    0.000    0.000    0.000    0.000 lazy.py:96(lazy)
       64    0.000    0.000    0.000    0.000 instructions.py:322(cond)
        1    0.000    0.000    0.000    0.000 putmask.py:1(<module>)
        1    0.000    0.000    0.000    0.000 mathdecl.py:44(Math_atan2)
        1    0.000    0.000    0.000    0.000 __init__.py:1878(LoggerAdapter)
        3    0.000    0.000    0.000    0.000 common.py:188(_expand_user)
        5    0.000    0.000    0.000    0.000 feedparser.py:121(pushlines)
        1    0.000    0.000    0.000    0.000 indexes.py:569(PandasIndex)
       22    0.000    0.000    0.000    0.000 funcdesc.py:62(<genexpr>)
        2    0.000    0.000    0.000    0.000 _adapters.py:41(__new__)
       17    0.000    0.000    0.000    0.000 inspect.py:2824(__hash__)
       34    0.000    0.000    0.000    0.000 invalid.py:44(make_invalid_op)
        1    0.000    0.000    0.000    0.000 _print_versions.py:1(<module>)
        2    0.000    0.000    0.000    0.000 utils.py:242(__init_subclass__)
        1    0.000    0.000    0.000    0.000 backend_tools.py:73(ToolBase)
        1    0.000    0.000    0.000    0.000 base_parser.py:362(_make_index)
        1    0.000    0.000    0.000    0.000 arrayobj.py:4351(numpy_empty_nd)
        1    0.000    0.000    0.000    0.000 _text.py:7(FoldedCase)
        6    0.000    0.000    0.000    0.000 funcdesc.py:16(qualifying_prefix)
        1    0.000    0.000    0.000    0.000 numbers.py:172(Real)
        1    0.000    0.000    0.000    0.000 api.py:23(FFI)
        1    0.000    0.000    0.000    0.000 _typed_ops.py:769(DatasetGroupByOpsMixin)
        1    0.000    0.000    0.000    0.000 defmatrix.py:73(matrix)
        4    0.000    0.000    0.000    0.000 common.py:278(__getattr__)
        1    0.000    0.000    0.000    0.000 relativedelta.py:18(relativedelta)
       11    0.000    0.000    0.000    0.000 weakref.py:133(__getitem__)
        6    0.000    0.000    0.000    0.000 bytecode.py:440(remove_build_list_swap_pattern)
        5    0.000    0.000    0.000    0.000 weakref.py:510(update)
       54    0.000    0.000    0.000    0.000 utils.py:459(<genexpr>)
        1    0.000    0.000    0.000    0.000 coordinates.py:45(AbstractCoordinates)
        1    0.000    0.000    0.000    0.000 rcsetup.py:286(_validate_color_or_linecolor)
       40    0.000    0.000    0.000    0.000 enum.py:93(_is_single_bit)
        1    0.000    0.000    0.000    0.000 ufuncbuilder.py:338(GUFuncBuilder)
       22    0.000    0.000    0.000    0.000 _collections.py:24(<lambda>)
        8    0.000    0.000    0.000    0.000 builtins.py:626(generic)
        1    0.000    0.000    0.000    0.000 backend_bases.py:1090(TimerBase)
        1    0.000    0.000    0.000    0.000 cmathdecl.py:27(CMath_predicate)
        5    0.000    0.000    0.000    0.000 core.py:5969(token_map)
        8    0.000    0.000    0.000    0.000 builtins.py:666(generic)
       86    0.000    0.000    0.000    0.000 models.py:239(as_argument)
        6    0.000    0.000    0.000    0.000 untyped_passes.py:118(run_pass)
        7    0.000    0.000    0.000    0.000 __init__.py:668(__new__)
        1    0.000    0.000    0.000    0.000 ipaddress.py:1460(IPv4Network)
       16    0.000    0.000    0.000    0.000 take.py:352(_view_wrapper)
        8    0.000    0.000    0.000    0.000 builtins.py:642(generic)
        1    0.000    0.000    0.000    0.000 gufunc.py:10(GUFunc)
        3    0.000    0.000    0.000    0.000 {built-in method posix.uname}
       56    0.000    0.000    0.000    0.000 accessors.py:169(<lambda>)
       17    0.000    0.000    0.000    0.000 enum.py:467(<genexpr>)
        1    0.000    0.000    0.000    0.000 byteflow.py:1600(_State)
        5    0.000    0.000    0.000    0.000 getlimits.py:696(min)
        1    0.000    0.000    0.000    0.000 indexes.py:912(PandasMultiIndex)
        1    0.000    0.000    0.000    0.000 widgets.py:2177(_SelectorWidget)
        1    0.000    0.000    0.000    0.000 _mathtext.py:434(BakomaFonts)
        1    0.000    0.000    0.000    0.000 indexes.py:34(Index)
        1    0.000    0.000    0.000    0.000 ffi.py:92(__exit__)
       13    0.000    0.000    0.000    0.000 dataclasses.py:349(__set_name__)
       92    0.000    0.000    0.000    0.000 accessor.py:141(<lambda>)
       60    0.000    0.000    0.000    0.000 registry.py:10(__init__)
       31    0.000    0.000    0.000    0.000 cpu.py:113(codegen)
        1    0.000    0.000    0.000    0.000 mathtext.py:48(__init__)
       12    0.000    0.000    0.000    0.000 byteflow.py:1899(get_outgoing_edgepushed)
        1    0.000    0.000    0.000    0.000 _aggregations.py:1218(DataArrayAggregations)
       55    0.000    0.000    0.000    0.000 dataclasses.py:697(_is_kw_only)
       58    0.000    0.000    0.000    0.000 containers.py:40(key)
        1    0.000    0.000    0.000    0.000 stata.py:2250(StataWriter)
        1    0.000    0.000    0.000    0.000 process.py:399(__init__)
        1    0.000    0.000    0.000    0.000 common.py:301(maybe_iterable_to_list)
        1    0.000    0.000    0.000    0.000 _version.py:136(__lt__)
       87    0.000    0.000    0.000    0.000 inspect.py:3062(return_annotation)
       85    0.000    0.000    0.000    0.000 _compat_pickle.py:167(<genexpr>)
       68    0.000    0.000    0.000    0.000 models.py:119(inner_models)
        5    0.000    0.000    0.000    0.000 imputils.py:187(user_function)
       28    0.000    0.000    0.000    0.000 typing.py:2846(_namedtuple_mro_entries)
        8    0.000    0.000    0.000    0.000 codegen.py:893(_object_getbuffer_hook)
       25    0.000    0.000    0.000    0.000 ir.py:1337(is_terminated)
       19    0.000    0.000    0.000    0.000 construction.py:416(extract_array)
       10    0.000    0.000    0.000    0.000 instructions.py:586(add_incoming)
        1    0.000    0.000    0.000    0.000 enum.py:1612(unique)
        1    0.000    0.000    0.000    0.000 _mathtext.py:1390(Rule)
       29    0.000    0.000    0.000    0.000 __init__.py:34(using_copy_on_write)
       23    0.000    0.000    0.000    0.000 config.py:849(inner)
        6    0.000    0.000    0.000    0.000 six.py:131(__init__)
       20    0.000    0.000    0.000    0.000 inspect.py:3082(<genexpr>)
        5    0.000    0.000    0.000    0.000 series.py:831(_values)
        1    0.000    0.000    0.000    0.000 sql.py:1443(PandasSQL)
        1    0.000    0.000    0.000    0.000 pytables.py:2674(Fixed)
        1    0.000    0.000    0.000    0.000 index_tricks.py:310(AxisConcatenator)
        1    0.000    0.000    0.000    0.000 tzfile.py:1(<module>)
       10    0.000    0.000    0.000    0.000 registry.py:39(register)
       51    0.000    0.000    0.000    0.000 util.py:36(doc)
        4    0.000    0.000    0.000    0.000 locale.py:381(normalize)
       31    0.000    0.000    0.000    0.000 {method 'upper' of 'str' objects}
        2    0.000    0.000    0.000    0.000 {built-in method posix.unsetenv}
       27    0.000    0.000    0.000    0.000 callconv.py:862(_get_return_argument)
        1    0.000    0.000    0.000    0.000 base.py:43(ExtensionDtype)
        7    0.000    0.000    0.000    0.000 cgutils.py:308(__setattr__)
        1    0.000    0.000    0.000    0.000 api.py:293(cast)
       34    0.000    0.000    0.000    0.000 {method 'groupdict' of 're.Match' objects}
        1    0.000    0.000    0.000    0.000 apply.py:118(Apply)
       13    0.000    0.000    0.000    0.000 enum.py:117(_iter_bits_lsb)
        1    0.000    0.000    0.000    0.000 _base.py:927(ExcelWriter)
       54    0.000    0.000    0.000    0.000 postproc.py:35(__init__)
        1    0.000    0.000    0.000    0.000 phytoplankton.py:112(__init__)
       64    0.000    0.000    0.000    0.000 instructions.py:326(lhs)
       43    0.000    0.000    0.000    0.000 callconv.py:865(_get_excinfo_argument)
        1    0.000    0.000    0.000    0.000 replace.py:1(<module>)
       12    0.000    0.000    0.000    0.000 {method 'center' of 'str' objects}
        1    0.000    0.000    0.000    0.000 util.py:102(__init__)
        1    0.000    0.000    0.000    0.000 transforms.py:10(PassManagerBuilder)
        1    0.000    0.000    0.000    0.000 builtins.py:941(Round)
        1    0.000    0.000    0.000    0.000 base.py:264(_maybe_return_indexers)
        5    0.000    0.000    0.000    0.000 _parser.py:1004(addliteral)
        1    0.000    0.000    0.000    0.000 _data.py:19(_data_matrix)
       43    0.000    0.000    0.000    0.000 dispatcher.py:220(__init__)
        1    0.000    0.000    0.000    0.000 common.py:1233(dedup_names)
       21    0.000    0.000    0.000    0.000 <frozen _collections_abc>:845(__init__)
       32    0.000    0.000    0.000    0.000 typeinfer.py:1010(_mangle_arg_name)
        1    0.000    0.000    0.000    0.000 typeddict.py:82(Dict)
        1    0.000    0.000    0.000    0.000 ops.py:75(Term)
        1    0.000    0.000    0.000    0.000 decorator.py:127(update)
        2    0.000    0.000    0.000    0.000 ir.py:478(iternext)
       13    0.000    0.000    0.000    0.000 _internal.py:920(npy_ctypes_check)
       13    0.000    0.000    0.000    0.000 {method 'cast' of 'memoryview' objects}
       64    0.000    0.000    0.000    0.000 instructions.py:330(rhs)
        5    0.000    0.000    0.000    0.000 _policybase.py:104(<genexpr>)
        1    0.000    0.000    0.000    0.000 {built-in method numba.core.typeconv._typeconv.new_type_manager}
        1    0.000    0.000    0.000    0.000 platform.py:847(uname_result)
       37    0.000    0.000    0.000    0.000 utils.py:273(top)
       33    0.000    0.000    0.000    0.000 core.py:4509(recurse)
        1    0.000    0.000    0.000    0.000 python_parser.py:71(PythonParser)
        1    0.000    0.000    0.000    0.000 base.py:1242(_initialize_llvm_lock_event)
       61    0.000    0.000    0.000    0.000 module.py:229(__iter__)
        2    0.000    0.000    0.000    0.000 feedparser.py:69(close)
        1    0.000    0.000    0.000    0.000 font_manager.py:532(FontProperties)
        1    0.000    0.000    0.000    0.000 zarr.py:402(ZarrStore)
        2    0.000    0.000    0.000    0.000 models.py:1244(handle_bound_function)
        7    0.000    0.000    0.000    0.000 interpreter.py:1749(get_global_value)
        1    0.000    0.000    0.000    0.000 integer.py:16(IntegerDtype)
        5    0.000    0.000    0.000    0.000 dispatcher.py:754(_callback_add_compiler_timer)
       61    0.000    0.000    0.000    0.000 targetconfig.py:34(type)
       46    0.000    0.000    0.000    0.000 core.py:4221(<genexpr>)
       26    0.000    0.000    0.000    0.000 codegen.py:560(_raise_if_finalized)
       49    0.000    0.000    0.000    0.000 byteflow.py:1830(get_varname)
        1    0.000    0.000    0.000    0.000 dtypes.py:107(PandasExtensionDtype)
       32    0.000    0.000    0.000    0.000 {built-in method _operator.index}
        2    0.000    0.000    0.000    0.000 <frozen _collections_abc>:388(__subclasshook__)
        1    0.000    0.000    0.000    0.000 _common.py:267(tzrangebase)
        1    0.000    0.000    0.000    0.000 pytables.py:108(BinOp)
        1    0.000    0.000    0.000    0.000 decomp_schur.py:1(<module>)
        1    0.000    0.000    0.000    0.000 lru_cache.py:12(LRUCache)
       53    0.000    0.000    0.000    0.000 interpreter.py:1778(code_locals)
        1    0.000    0.000    0.000    0.000 ast.py:78(_convert_signed_num)
        1    0.000    0.000    0.000    0.000 _factories.py:56(__init__)
        1    0.000    0.000    0.000    0.000 _helpers.py:1(<module>)
        1    0.000    0.000    0.000    0.000 ipaddress.py:1135(_BaseV4)
        1    0.000    0.000    0.000    0.000 codegen.py:641(CPUCodeLibrary)
        1    0.000    0.000    0.000    0.000 array_manager.py:599(ArrayManager)
        1    0.000    0.000    0.000    0.000 file_manager.py:339(DummyFileManager)
       18    0.000    0.000    0.000    0.000 _data.py:147(_create_method)
        5    0.000    0.000    0.000    0.000 {method '_insert' of '_dispatcher.Dispatcher' objects}
        1    0.000    0.000    0.000    0.000 {built-in method _pickle.loads}
        1    0.000    0.000    0.000    0.000 blocks.py:2288(ExtensionBlock)
       48    0.000    0.000    0.000    0.000 untyped_passes.py:26(fallback_context)
        2    0.000    0.000    0.000    0.000 uuid.py:280(__str__)
        1    0.000    0.000    0.000    0.000 gzip.py:139(GzipFile)
        1    0.000    0.000    0.000    0.000 values.py:1023(ArgumentAttributes)
        1    0.000    0.000    0.000    0.000 _matfuncs.py:337(_ExpmPadeHelper)
        1    0.000    0.000    0.000    0.000 common.py:14(TreeAttrAccessMixin)
        1    0.000    0.000    0.000    0.000 builtins.py:780(SliceAttribute)
        4    0.000    0.000    0.000    0.000 dataclasses.py:1504(exec_body_callback)
        1    0.000    0.000    0.000    0.000 h5netcdf_.py:96(H5NetCDFStore)
        2    0.000    0.000    0.000    0.000 _parser.py:1012(addgroup)
        1    0.000    0.000    0.000    0.000 typeref.py:32(TypeRef)
        6    0.000    0.000    0.000    0.000 signal.py:51(decorator)
        1    0.000    0.000    0.000    0.000 pytables.py:2034(IndexCol)
        4    0.000    0.000    0.000    0.000 <frozen importlib._bootstrap>:501(_requires_builtin_wrapper)
        1    0.000    0.000    0.000    0.000 random.py:889(getrandbits)
        1    0.000    0.000    0.000    0.000 bytecode.py:374(ByteCodePy311)
        2    0.000    0.000    0.000    0.000 containers.py:285(is_types_iterable)
       17    0.000    0.000    0.000    0.000 callconv.py:856(get_arguments)
        1    0.000    0.000    0.000    0.000 colors.py:1216(Normalize)
       48    0.000    0.000    0.000    0.000 typed_passes.py:42(fallback_context)
        1    0.000    0.000    0.000    0.000 pytables.py:2846(GenericFixed)
        1    0.000    0.000    0.000    0.000 __init__.py:958(createLock)
        1    0.000    0.000    0.000    0.000 datetimelike.py:1737(DatelikeOps)
        1    0.000    0.000    0.000    0.000 flags.py:10(Flags)
        1    0.000    0.000    0.000    0.000 grouper.py:488(Grouping)
        1    0.000    0.000    0.000    0.000 indexes.py:1398(Indexes)
        1    0.000    0.000    0.000    0.000 treenode.py:570(NamedNode)
        1    0.000    0.000    0.000    0.000 sysconfig.py:461(_get_sysconfigdata_name)
        1    0.000    0.000    0.000    0.000 _csc.py:17(_csc_base)
        7    0.000    0.000    0.000    0.000 imputils.py:60(lower_getattr_generic)
        1    0.000    0.000    0.000    0.000 _deprecate.py:1(<module>)
        1    0.000    0.000    0.000    0.000 values.py:879(FunctionAttributes)
        1    0.000    0.000    0.000    0.000 abc.py:16(ResourceReader)
        1    0.000    0.000    0.000    0.000 _afm.py:358(AFM)
       24    0.000    0.000    0.000    0.000 functions.py:499(_get_object)
        2    0.000    0.000    0.000    0.000 ir.py:471(getiter)
        2    0.000    0.000    0.000    0.000 feedparser.py:52(__init__)
        1    0.000    0.000    0.000    0.000 _matrix.py:1(spmatrix)
        4    0.000    0.000    0.000    0.000 arrayobj.py:160(normalize_index)
       12    0.000    0.000    0.000    0.000 dis.py:406(_parse_varint)
        2    0.000    0.000    0.000    0.000 utils.py:775(__init__)
        1    0.000    0.000    0.000    0.000 dviread.py:1033(_LuatexKpsewhich)
        2    0.000    0.000    0.000    0.000 {built-in method posix.putenv}
        6    0.000    0.000    0.000    0.000 _exceptions.py:17(_display_as_base)
        1    0.000    0.000    0.000    0.000 codegen.py:518(CodeLibrary)
        1    0.000    0.000    0.000    0.000 models.py:364(__init__)
       56    0.000    0.000    0.000    0.000 pathlib.py:176(_select_from)
        1    0.000    0.000    0.000    0.000 _aggregations.py:2316(DatasetGroupByAggregations)
        1    0.000    0.000    0.000    0.000 utils.py:446(FrozenMappingWarningOnValuesAccess)
        8    0.000    0.000    0.000    0.000 imputils.py:20(__init__)
        2    0.000    0.000    0.000    0.000 sysconfig.py:316(get_default_scheme)
        3    0.000    0.000    0.000    0.000 rcsetup.py:576(_validate_greaterequal0_lessequal1)
        1    0.000    0.000    0.000    0.000 byteflow.py:468(op_LOAD_DEREF)
        1    0.000    0.000    0.000    0.000 spss.py:1(<module>)
        1    0.000    0.000    0.000    0.000 print_versions.py:1(<module>)
        1    0.000    0.000    0.000    0.000 arrayobj.py:4441(ol_np_zeros)
       14    0.000    0.000    0.000    0.000 dataclasses.py:643(<genexpr>)
       39    0.000    0.000    0.000    0.000 core.py:3991(<genexpr>)
        1    0.000    0.000    0.000    0.000 mask_ops.py:1(<module>)
        1    0.000    0.000    0.000    0.000 _base.py:543(BaseExcelReader)
        1    0.000    0.000    0.000    0.000 compiler_machinery.py:32(CompilerPass)
        1    0.000    0.000    0.000    0.000 legend_handler.py:633(__init__)
        1    0.000    0.000    0.000    0.000 llvm_bindings.py:1(<module>)
        1    0.000    0.000    0.000    0.000 parsing.py:1(<module>)
       10    0.000    0.000    0.000    0.000 core.py:3648(parseImpl)
       51    0.000    0.000    0.000    0.000 __init__.py:470(_parse_letter_version)
        1    0.000    0.000    0.000    0.000 _csr.py:18(_csr_base)
        1    0.000    0.000    0.000    0.000 numeric.py:43(NumericDtype)
        1    0.000    0.000    0.000    0.000 llvm_pass_timings.py:105(ProcessedPassTimings)
        1    0.000    0.000    0.000    0.000 builtins.py:205(BinOpMod)
        1    0.000    0.000    0.000    0.000 models.py:514(StructModel)
        1    0.000    0.000    0.000    0.000 context.py:6(__init__)
        4    0.000    0.000    0.000    0.000 typing.py:2285(_strip_annotations)
       39    0.000    0.000    0.000    0.000 version.py:452(_parse_letter_version)
        1    0.000    0.000    0.000    0.000 _internal.py:249(_ctypes)
       14    0.000    0.000    0.000    0.000 flags.py:51(__init__)
       16    0.000    0.000    0.000    0.000 __init__.py:1323(append)
        1    0.000    0.000    0.000    0.000 ipaddress.py:2098(IPv6Interface)
       18    0.000    0.000    0.000    0.000 typing.py:2867(<genexpr>)
       46    0.000    0.000    0.000    0.000 dataclasses.py:432(<genexpr>)
        1    0.000    0.000    0.000    0.000 __init__.py:450(validate)
       77    0.000    0.000    0.000    0.000 signal.py:16(<lambda>)
        1    0.000    0.000    0.000    0.000 function_type.py:10(FunctionType)
        1    0.000    0.000    0.000    0.000 gridspec.py:531(SubplotSpec)
        1    0.000    0.000    0.000    0.000 tz.py:381(__init__)
       13    0.000    0.000    0.000    0.000 mixins.py:36(_inplace_binary_method)
       74    0.000    0.000    0.000    0.000 util.py:203(no_escape_re_range_char)
        1    0.000    0.000    0.000    0.000 mathdecl.py:79(Math_hypot)
        1    0.000    0.000    0.000    0.000 mathdecl.py:105(Math_pow)
        1    0.000    0.000    0.000    0.000 subprocess.py:470(CompletedProcess)
        1    0.000    0.000    0.000    0.000 info.py:716(_TableBuilderAbstract)
        3    0.000    0.000    0.000    0.000 _weakrefset.py:37(__init__)
        1    0.000    0.000    0.000    0.000 csv.py:83(DictReader)
        6    0.000    0.000    0.000    0.000 consts.py:18(__init__)
        6    0.000    0.000    0.000    0.000 transforms.py:725(_eliminate_nested_withs)
        2    0.000    0.000    0.000    0.000 core.py:3490(_generateDefaultName)
       43    0.000    0.000    0.000    0.000 _compat_pickle.py:165(<genexpr>)
        1    0.000    0.000    0.000    0.000 coordinates.py:686(DatasetCoordinates)
        2    0.000    0.000    0.000    0.000 blocks.py:2645(maybe_coerce_values)
        1    0.000    0.000    0.000    0.000 message.py:977(MIMEPart)
        1    0.000    0.000    0.000    0.000 __init__.py:273(EntryPoints)
        1    0.000    0.000    0.000    0.000 __init__.py:645(RcParams)
        1    0.000    0.000    0.000    0.000 targetconfig.py:140(TargetConfig)
        1    0.000    0.000    0.000    0.000 stata.py:3204(StataWriter117)
        1    0.000    0.000    0.000    0.000 core.py:3627(__init__)
        1    0.000    0.000    0.000    0.000 colors.py:665(Colormap)
        8    0.000    0.000    0.000    0.000 arraydecl.py:577(generic)
        1    0.000    0.000    0.000    0.000 colors.py:62(__init__)
        9    0.000    0.000    0.000    0.000 {built-in method numpy.seterrobj}
       19    0.000    0.000    0.000    0.000 construction.py:758(_maybe_repeat)
        1    0.000    0.000    0.000    0.000 _special_matrices.py:1(<module>)
        1    0.000    0.000    0.000    0.000 watercolumn_run_lib.py:51(WCRun)
        1    0.000    0.000    0.000    0.000 instructions.py:788(descr)
        1    0.000    0.000    0.000    0.000 __init__.py:175(Path)
       10    0.000    0.000    0.000    0.000 __init__.py:149(__lt__)
        1    0.000    0.000    0.000    0.000 common.py:383(DataWithCoords)
        3    0.000    0.000    0.000    0.000 ops.py:212(_method_wrapper)
        1    0.000    0.000    0.000    0.000 caching.py:36(_Cache)
        1    0.000    0.000    0.000    0.000 models.py:302(OpaqueModel)
       44    0.000    0.000    0.000    0.000 builtins.py:142(<genexpr>)
        1    0.000    0.000    0.000    0.000 builder.py:100(wrap)
        1    0.000    0.000    0.000    0.000 frequencies.py:159(_FrequencyInferer)
        1    0.000    0.000    0.000    0.000 range.py:201(_simple_new)
        1    0.000    0.000    0.000    0.000 __init__.py:892(_addHandlerRef)
        3    0.000    0.000    0.000    0.000 arraydecl.py:540(generic_resolve)
        1    0.000    0.000    0.000    0.000 locks.py:263(combine_locks)
        7    0.000    0.000    0.000    0.000 rrule.py:70(__init__)
        1    0.000    0.000    0.000    0.000 transforms.py:1884(Affine2D)
        4    0.000    0.000    0.000    0.000 utils.py:51(_has_surrogates)
        1    0.000    0.000    0.000    0.000 serialize.py:207(ReduceMixin)
        1    0.000    0.000    0.000    0.000 datetimelike_accumulations.py:1(<module>)
       33    0.000    0.000    0.000    0.000 __init__.py:78(<genexpr>)
        1    0.000    0.000    0.000    0.000 reduction.py:33(ForkingPickler)
        1    0.000    0.000    0.000    0.000 axis.py:2527(YAxis)
       25    0.000    0.000    0.000    0.000 ipaddress.py:415(_check_int_address)
        1    0.000    0.000    0.000    0.000 quopri.py:1(<module>)
       11    0.000    0.000    0.000    0.000 enum.py:828(__members__)
       21    0.000    0.000    0.000    0.000 imputils.py:108(lower_constant)
       10    0.000    0.000    0.000    0.000 __init__.py:44(__init__)
        1    0.000    0.000    0.000    0.000 tempfile.py:860(TemporaryDirectory)
        1    0.000    0.000    0.000    0.000 typeconv.py:74(__init__)
        1    0.000    0.000    0.000    0.000 blocks.py:790(copy)
        1    0.000    0.000    0.000    0.000 _arrow_utils.py:1(<module>)
        3    0.000    0.000    0.000    0.000 base.py:86(_validate_set_axis)
       46    0.000    0.000    0.000    0.000 dataclasses.py:1142(<genexpr>)
        1    0.000    0.000    0.000    0.000 alignment.py:99(Aligner)
        1    0.000    0.000    0.000    0.000 _binary.py:1(<module>)
        1    0.000    0.000    0.000    0.000 figure.py:2149(SubFigure)
        1    0.000    0.000    0.000    0.000 cm.py:390(ScalarMappable)
       12    0.000    0.000    0.000    0.000 byteflow.py:1705(find_initial_try_block)
       12    0.000    0.000    0.000    0.000 legend_handler.py:62(__init__)
        1    0.000    0.000    0.000    0.000 tzinfo.py:18(memorized_timedelta)
        1    0.000    0.000    0.000    0.000 callconv.py:353(CPUCallConv)
        1    0.000    0.000    0.000    0.000 base_parser.py:350(_maybe_make_multi_index_columns)
        1    0.000    0.000    0.000    0.000 templates.py:28(Signature)
        5    0.000    0.000    0.000    0.000 config.py:676(_translate_key)
       45    0.000    0.000    0.000    0.000 core.py:4222(<genexpr>)
       56    0.000    0.000    0.000    0.000 byteflow.py:1656(pc_initial)
        1    0.000    0.000    0.000    0.000 abstract.py:81(Type)
        1    0.000    0.000    0.000    0.000 sample.py:1(<module>)
       18    0.000    0.000    0.000    0.000 base.py:191(enable_boundscheck)
       78    0.000    0.000    0.000    0.000 signal.py:21(<lambda>)
       30    0.000    0.000    0.000    0.000 {built-in method builtins.bin}
        1    0.000    0.000    0.000    0.000 core.py:3130(QuotedString)
        1    0.000    0.000    0.000    0.000 base.py:82(shape)
       44    0.000    0.000    0.000    0.000 typeinfer.py:699(get_call_signature)
       27    0.000    0.000    0.000    0.000 module.py:204(get_identified_types)
        1    0.000    0.000    0.000    0.000 csr.py:1(<module>)
        1    0.000    0.000    0.000    0.000 context.py:131(BaseContext)
        1    0.000    0.000    0.000    0.000 _tight_layout.py:1(<module>)
        1    0.000    0.000    0.000    0.000 transforms.py:1153(LockableBbox)
        1    0.000    0.000    0.000    0.000 core.py:5016(ZeroOrMore)
        1    0.000    0.000    0.000    0.000 ast.py:74(_convert_num)
        1    0.000    0.000    0.000    0.000 _extract.py:1(<module>)
       55    0.000    0.000    0.000    0.000 types.py:341(__str__)
        1    0.000    0.000    0.000    0.000 bytecode.py:260(_ByteCode)
        2    0.000    0.000    0.000    0.000 <frozen os>:1087(__subclasshook__)
        3    0.000    0.000    0.000    0.000 <frozen importlib._bootstrap_external>:79(_pack_uint32)
        2    0.000    0.000    0.000    0.000 linecache.py:147(lazycache)
        1    0.000    0.000    0.000    0.000 {built-in method _cffi_backend.cast}
        1    0.000    0.000    0.000    0.000 resample.py:1626(_GroupByMixin)
        6    0.000    0.000    0.000    0.000 inspect.py:2827(__eq__)
       26    0.000    0.000    0.000    0.000 {method 'index' of 'str' objects}
        1    0.000    0.000    0.000    0.000 _dia.py:19(_dia_base)
        1    0.000    0.000    0.000    0.000 controlflow.py:730(ControlFlowAnalysis)
        1    0.000    0.000    0.000    0.000 backend_bases.py:2579(FigureManagerBase)
        1    0.000    0.000    0.000    0.000 lsqr.py:1(<module>)
       10    0.000    0.000    0.000    0.000 npytypes.py:463(mangling_args)
        1    0.000    0.000    0.000    0.000 cparser.py:295(Parser)
        4    0.000    0.000    0.000    0.000 types.py:216(__new)
        1    0.000    0.000    0.000    0.000 coordinates.py:799(DataArrayCoordinates)
        1    0.000    0.000    0.000    0.000 typeconv.py:22(TypeManager)
       13    0.000    0.000    0.000    0.000 accessor.py:136(delegate_names)
        1    0.000    0.000    0.000    0.000 lzma.py:38(LZMAFile)
        6    0.000    0.000    0.000    0.000 utils.py:268(pop)
        1    0.000    0.000    0.000    0.000 parfor.py:1601(ParforPassStates)
        3    0.000    0.000    0.000    0.000 scalars.py:119(__init__)
        1    0.000    0.000    0.000    0.000 _adapters.py:163(wrap_spec)
        1    0.000    0.000    0.000    0.000 core.py:2447(Keyword)
       24    0.000    0.000    0.000    0.000 deprecation_helpers.py:49(_deprecate_positional_args)
       30    0.000    0.000    0.000    0.000 results.py:258(__contains__)
        1    0.000    0.000    0.000    0.000 __init__.py:86(CompleteDirs)
        1    0.000    0.000    0.000    0.000 ticker.py:1305(EngFormatter)
        1    0.000    0.000    0.000    0.000 _aggregations.py:6711(DataArrayResampleAggregations)
       16    0.000    0.000    0.000    0.000 _pep440.py:301(<genexpr>)
       14    0.000    0.000    0.000    0.000 ir.py:1017(__init__)
        1    0.000    0.000    0.000    0.000 {built-in method _hashlib.openssl_sha3_224}
        1    0.000    0.000    0.000    0.000 pydoc.py:545(__init__)
        1    0.000    0.000    0.000    0.000 collections.py:2239(PolyQuadMesh)
        4    0.000    0.000    0.000    0.000 blocks.py:2674(get_block_type)
       11    0.000    0.000    0.000    0.000 flags.py:87(allows_duplicate_labels)
        1    0.000    0.000    0.000    0.000 transforms.py:1077(TransformedBbox)
       42    0.000    0.000    0.000    0.000 multiarray.py:1080(copyto)
        1    0.000    0.000    0.000    0.000 Image.py:3448(register_open)
       30    0.000    0.000    0.000    0.000 event.py:262(__init__)
        1    0.000    0.000    0.000    0.000 ipaddress.py:1393(IPv4Interface)
        1    0.000    0.000    0.000    0.000 __init__.py:432(base_version)
       17    0.000    0.000    0.000    0.000 imputils.py:332(outer)
        8    0.000    0.000    0.000    0.000 relativedelta.py:13(<genexpr>)
        1    0.000    0.000    0.000    0.000 array_manager.py:1068(SingleArrayManager)
        2    0.000    0.000    0.000    0.000 ir.py:458(pair_first)
        1    0.000    0.000    0.000    0.000 _triinterpolate.py:286(CubicTriInterpolator)
        1    0.000    0.000    0.000    0.000 _parser.py:241(parserinfo)
        1    0.000    0.000    0.000    0.000 core.py:3432(White)
       49    0.000    0.000    0.000    0.000 models.py:245(from_data)
        2    0.000    0.000    0.000    0.000 ir.py:464(pair_second)
        1    0.000    0.000    0.000    0.000 common.py:942(_BufferedWriter)
       15    0.000    0.000    0.000    0.000 range.py:999(__len__)
        3    0.000    0.000    0.000    0.000 removerefctpass.py:18(visit_Call)
        1    0.000    0.000    0.000    0.000 docscrape.py:610(ClassDoc)
        1    0.000    0.000    0.000    0.000 decorators.py:34(Vectorize)
        1    0.000    0.000    0.000    0.000 iterators.py:11(LevelOrderIter)
        1    0.000    0.000    0.000    0.000 caching.py:98(_CacheLocator)
       19    0.000    0.000    0.000    0.000 _decorators.py:266(deprecate_nonkeyword_arguments)
        2    0.000    0.000    0.000    0.000 ssa.py:201(_make_states)
       15    0.000    0.000    0.000    0.000 base.py:909(__len__)
        1    0.000    0.000    0.000    0.000 lowering.py:24(BaseLower)
        6    0.000    0.000    0.000    0.000 __init__.py:107(<lambda>)
        4    0.000    0.000    0.000    0.000 arraydecl.py:650(generic)
       12    0.000    0.000    0.000    0.000 period.py:108(_field_accessor)
        2    0.000    0.000    0.000    0.000 _functools.py:6(method_cache)
        1    0.000    0.000    0.000    0.000 indexing.py:1563(_iLocIndexer)
        1    0.000    0.000    0.000    0.000 base.py:836(__iter__)
        1    0.000    0.000    0.000    0.000 __init__.py:186(LegacyVersion)
        8    0.000    0.000    0.000    0.000 cloudpickle.py:209(_whichmodule)
       29    0.000    0.000    0.000    0.000 mathimpl.py:108(_unary_int_input_wrapper_impl)
        1    0.000    0.000    0.000    0.000 model.py:102(PrimitiveType)
        1    0.000    0.000    0.000    0.000 ImagePalette.py:26(ImagePalette)
        2    0.000    0.000    0.000    0.000 values.py:895(add)
        1    0.000    0.000    0.000    0.000 category.py:26(StrCategoryConverter)
        1    0.000    0.000    0.000    0.000 artist.py:88(_finalize_rasterization)
        2    0.000    0.000    0.000    0.000 config.py:566(deprecate_option)
        1    0.000    0.000    0.000    0.000 npytypes.py:316(NumpyNdIterType)
        1    0.000    0.000    0.000    0.000 abc.py:96(InspectLoader)
        1    0.000    0.000    0.000    0.000 __init__.py:442(LibraryLoader)
        1    0.000    0.000    0.000    0.000 display.py:17(detect_console_encoding)
        1    0.000    0.000    0.000    0.000 transforms.py:1276(Transform)
        1    0.000    0.000    0.000    0.000 ticker.py:375(ScalarFormatter)
        2    0.000    0.000    0.000    0.000 consts.py:111(_infer_getattr)
        1    0.000    0.000    0.000    0.000 traceback.py:374(StackSummary)
        1    0.000    0.000    0.000    0.000 watercolumn_lib.py:102(SavedProfiles)
        6    0.000    0.000    0.000    0.000 weakref.py:194(get)
        1    0.000    0.000    0.000    0.000 instructions.py:67(CallInstr)
        9    0.000    0.000    0.000    0.000 models.py:53(get_return_type)
        1    0.000    0.000    0.000    0.000 layout_engine.py:27(LayoutEngine)
        6    0.000    0.000    0.000    0.000 errors.py:484(__init__)
        6    0.000    0.000    0.000    0.000 nrt.py:61(library)
        1    0.000    0.000    0.000    0.000 values.py:440(Constant)
        3    0.000    0.000    0.000    0.000 __init__.py:1938(__del__)
        1    0.000    0.000    0.000    0.000 _testutils.py:113(_TestPythranFunc)
       18    0.000    0.000    0.000    0.000 common.py:152(cast_scalar_indexer)
       21    0.000    0.000    0.000    0.000 core.py:3743(recurse)
       19    0.000    0.000    0.000    0.000 _decorators.py:258(future_version_msg)
       24    0.000    0.000    0.000    0.000 dviread.py:188(_dispatch)
       10    0.000    0.000    0.000    0.000 cftimeindex.py:194(_field_accessor)
        1    0.000    0.000    0.000    0.000 collections.py:1565(EventCollection)
        1    0.000    0.000    0.000    0.000 builtins.py:233(BinOpFloorDiv)
       38    0.000    0.000    0.000    0.000 byteflow.py:76(__init__)
        1    0.000    0.000    0.000    0.000 initialise.py:9(_wipe_internal_state_for_tests)
        1    0.000    0.000    0.000    0.000 inline_closurecall.py:1245(_find_unsafe_empty_inferred)
        1    0.000    0.000    0.000    0.000 tz.py:1545(__init__)
       26    0.000    0.000    0.000    0.000 types.py:482(packed)
       13    0.000    0.000    0.000    0.000 deprecation.py:181(_deprecate_positional_args)
        1    0.000    0.000    0.000    0.000 types.py:198(IntType)
        1    0.000    0.000    0.000    0.000 scalars.py:190(EnumClass)
        1    0.000    0.000    0.000    0.000 quantile.py:1(<module>)
        6    0.000    0.000    0.000    0.000 byteflow.py:325(__init__)
        1    0.000    0.000    0.000    0.000 info.py:442(DataFrameInfo)
        1    0.000    0.000    0.000    0.000 extension_array.py:65(PandasExtensionArray)
       10    0.000    0.000    0.000    0.000 models.py:45(get_data_type)
        1    0.000    0.000    0.000    0.000 base.py:327(SingleDataManager)
        3    0.000    0.000    0.000    0.000 generic.py:6284(__getattr__)
        1    0.000    0.000    0.000    0.000 __init__.py:776(MetadataPathFinder)
        1    0.000    0.000    0.000    0.000 core.py:1329(make_mask_descr)
        1    0.000    0.000    0.000    0.000 targets.py:174(Target)
        1    0.000    0.000    0.000    0.000 _json.py:1125(Parser)
        2    0.000    0.000    0.000    0.000 phytoplankton.py:32(__init__)
        2    0.000    0.000    0.000    0.000 _policybase.py:311(header_fetch_parse)
        1    0.000    0.000    0.000    0.000 builtins.py:409(UnorderedCmpOp)
        1    0.000    0.000    0.000    0.000 core.py:93(__compat__)
       18    0.000    0.000    0.000    0.000 types.py:292(__new__)
       18    0.000    0.000    0.000    0.000 cftimeindex.py:81(named)
        1    0.000    0.000    0.000    0.000 dispatcher.py:1081(LiftedCode)
        1    0.000    0.000    0.000    0.000 six.py:236(create_module)
        1    0.000    0.000    0.000    0.000 _layoutgrid.py:31(LayoutGrid)
       23    0.000    0.000    0.000    0.000 templates.py:1200(bound_function)
        4    0.000    0.000    0.000    0.000 ir.py:620(__init__)
        1    0.000    0.000    0.000    0.000 accessor.py:234(SparseFrameAccessor)
        6    0.000    0.000    0.000    0.000 callconv.py:108(init_call_helper)
       24    0.000    0.000    0.000    0.000 {built-in method _stat.S_ISLNK}
        5    0.000    0.000    0.000    0.000 rcsetup.py:568(_validate_greaterthan_minushalf)
        1    0.000    0.000    0.000    0.000 parfor.py:711(ParforDiagnostics)
        1    0.000    0.000    0.000    0.000 _adapters.py:81(ChildPath)
       37    0.000    0.000    0.000    0.000 values.py:526(_get_reference)
        1    0.000    0.000    0.000    0.000 typeinfer.py:1447(typeof_static_setitem)
        8    0.000    0.000    0.000    0.000 typeinfer.py:1522(sentry_modified_builtin)
        3    0.000    0.000    0.000    0.000 npytypes.py:629(__init__)
        4    0.000    0.000    0.000    0.000 core.py:5046(_generateDefaultName)
        1    0.000    0.000    0.000    0.000 module.py:6(Module)
        1    0.000    0.000    0.000    0.000 info.py:841(_TableBuilderVerboseMixin)
       21    0.000    0.000    0.000    0.000 deprecation.py:171(__set_name__)
        1    0.000    0.000    0.000    0.000 context.py:220(Process)
        1    0.000    0.000    0.000    0.000 resample.py:2078(TimeGrouper)
        1    0.000    0.000    0.000    0.000 stackplot.py:1(<module>)
        1    0.000    0.000    0.000    0.000 daskmanager.py:30(DaskManager)
        7    0.000    0.000    0.000    0.000 extending.py:172(overload_attribute)
        1    0.000    0.000    0.000    0.000 dtypes.py:2046(ArrowDtype)
       48    0.000    0.000    0.000    0.000 templates.py:58(pysig)
        1    0.000    0.000    0.000    0.000 builtins.py:239(BinOpFloorDiv)
        1    0.000    0.000    0.000    0.000 _aggregations.py:22(DatasetAggregations)
        1    0.000    0.000    0.000    0.000 construction.py:769(_try_cast)
        6    0.000    0.000    0.000    0.000 abstract.py:338(__init__)
        1    0.000    0.000    0.000    0.000 base64mime.py:1(<module>)
        1    0.000    0.000    0.000    0.000 imputils.py:16(Registry)
        1    0.000    0.000    0.000    0.000 colors.py:958(LinearSegmentedColormap)
       46    0.000    0.000    0.000    0.000 types.py:155(_to_string)
        3    0.000    0.000    0.000    0.000 rangeobj.py:99(RangeIter)
        1    0.000    0.000    0.000    0.000 ufuncbuilder.py:74(UFuncDispatcher)
        1    0.000    0.000    0.000    0.000 parser.py:72(Parser)
        1    0.000    0.000    0.000    0.000 _mathtext.py:1751(ParserState)
        1    0.000    0.000    0.000    0.000 transforms.py:1685(TransformWrapper)
       45    0.000    0.000    0.000    0.000 models.py:248(from_argument)
        1    0.000    0.000    0.000    0.000 {built-in method posix.get_terminal_size}
        1    0.000    0.000    0.000    0.000 linalg.py:74(_BLAS)
        1    0.000    0.000    0.000    0.000 __init__.py:919(Handler)
        8    0.000    0.000    0.000    0.000 ir.py:887(__str__)
        1    0.000    0.000    0.000    0.000 calendar.py:189(Calendar)
        7    0.000    0.000    0.000    0.000 codegen.py:1040(resolve)
        1    0.000    0.000    0.000    0.000 typeinfer.py:960(TypeInferer)
        1    0.000    0.000    0.000    0.000 builtins.py:211(BinOpMod)
        1    0.000    0.000    0.000    0.000 config.py:107(__new__)
        1    0.000    0.000    0.000    0.000 axis3d.py:732(XAxis)
        8    0.000    0.000    0.000    0.000 {method 'copy' of 'list' objects}
       18    0.000    0.000    0.000    0.000 {method 'co_lines' of 'code' objects}
        1    0.000    0.000    0.000    0.000 floating.py:16(FloatingDtype)
        1    0.000    0.000    0.000    0.000 _add_newdocs_scalars.py:54(_get_platform_and_machine)
        1    0.000    0.000    0.000    0.000 {method 'close' of 'select.epoll' objects}
        1    0.000    0.000    0.000    0.000 accessor.py:19(DirNamesMixin)
        1    0.000    0.000    0.000    0.000 executionengine.py:49(ExecutionEngine)
        4    0.000    0.000    0.000    0.000 types.py:76(resolve_bases)
       24    0.000    0.000    0.000    0.000 patches.py:2265(<genexpr>)
        1    0.000    0.000    0.000    0.000 dispatcher.py:792(Dispatcher)
        1    0.000    0.000    0.000    0.000 Image.py:3666(Exif)
        1    0.000    0.000    0.000    0.000 datatree_render.py:48(__init__)
        2    0.000    0.000    0.000    0.000 _itertools.py:1(<module>)
        6    0.000    0.000    0.000    0.000 context.py:642(keyfunc)
        1    0.000    0.000    0.000    0.000 misc.py:417(ClassType)
        1    0.000    0.000    0.000    0.000 frozen.py:24(FrozenList)
       23    0.000    0.000    0.000    0.000 config.py:886(inner)
       25    0.000    0.000    0.000    0.000 inspect.py:2857(__init__)
        1    0.000    0.000    0.000    0.000 _index.py:31(IndexMixin)
        1    0.000    0.000    0.000    0.000 common.py:110(IOHandles)
        8    0.000    0.000    0.000    0.000 __init__.py:102(CFunctionType)
       15    0.000    0.000    0.000    0.000 dispatcher.py:227(__exit__)
        1    0.000    0.000    0.000    0.000 eigen.py:1(<module>)
        1    0.000    0.000    0.000    0.000 cparser.py:297(__init__)
        2    0.000    0.000    0.000    0.000 reprlib.py:39(__init__)
        6    0.000    0.000    0.000    0.000 {built-in method binascii.b2a_base64}
        1    0.000    0.000    0.000    0.000 bytecode.py:539(FunctionIdentity)
        1    0.000    0.000    0.000    0.000 builder.py:17(wrap)
        8    0.000    0.000    0.000    0.000 core.py:4924(stopOn)
        1    0.000    0.000    0.000    0.000 parfor_lowering_utils.py:10(ParforLoweringBuilder)
        1    0.000    0.000    0.000    0.000 offsetbox.py:1458(DraggableBase)
       33    0.000    0.000    0.000    0.000 results.py:21(__init__)
        1    0.000    0.000    0.000    0.000 container.py:5(Container)
        1    0.000    0.000    0.000    0.000 _triangulation.py:8(Triangulation)
        1    0.000    0.000    0.000    0.000 inference.py:273(is_dict_like)
        2    0.000    0.000    0.000    0.000 reprlib.py:12(decorating_function)
        1    0.000    0.000    0.000    0.000 {method 'in_dll' of '_ctypes.UnionType' objects}
       18    0.000    0.000    0.000    0.000 inline_closurecall.py:799(debug_print)
        1    0.000    0.000    0.000    0.000 compiler.py:536(DefaultPassBuilder)
        1    0.000    0.000    0.000    0.000 __init__.py:839(ZipExtFile)
       12    0.000    0.000    0.000    0.000 extension.py:110(inherit_names)
        1    0.000    0.000    0.000    0.000 listobject.py:1446(ListIterInstance)
        1    0.000    0.000    0.000    0.000 _interface.py:55(LinearOperator)
        2    0.000    0.000    0.000    0.000 sysconfig.py:304(get_preferred_scheme)
        1    0.000    0.000    0.000    0.000 __init__.py:262(_register_at_fork_reinit_lock)
       23    0.000    0.000    0.000    0.000 overrides.py:173(array_function_from_dispatcher)
        1    0.000    0.000    0.000    0.000 dtypes.py:1433(NumpyEADtype)
        1    0.000    0.000    0.000    0.000 timedeltas.py:38(TimedeltaIndex)
        1    0.000    0.000    0.000    0.000 containers.py:549(Set)
        1    0.000    0.000    0.000    0.000 selectn.py:43(SelectN)
        1    0.000    0.000    0.000    0.000 _aggregations.py:3817(DatasetResampleAggregations)
        1    0.000    0.000    0.000    0.000 expr.py:753(PandasExprVisitor)
        1    0.000    0.000    0.000    0.000 backend_bases.py:3380(_Backend)
        2    0.000    0.000    0.000    0.000 rcsetup.py:406(_validate_mathtext_fallback)
        5    0.000    0.000    0.000    0.000 managers.py:2004(internal_values)
        1    0.000    0.000    0.000    0.000 listobj.py:42(_ListPayloadMixin)
        1    0.000    0.000    0.000    0.000 generic.py:586(_get_axis)
        5    0.000    0.000    0.000    0.000 {built-in method _operator.not_}
        1    0.000    0.000    0.000    0.000 ffi.py:217(register_lock_callback)
        1    0.000    0.000    0.000    0.000 _ccallback.py:26(LowLevelCallable)
        3    0.000    0.000    0.000    0.000 npyimpl.py:511(register_unary_operator_kernel)
       21    0.000    0.000    0.000    0.000 {built-in method from_iterable}
        1    0.000    0.000    0.000    0.000 sputils.py:1(<module>)
        1    0.000    0.000    0.000    0.000 numeric.py:234(NumericArray)
        1    0.000    0.000    0.000    0.000 __init__.py:1867(__init__)
        2    0.000    0.000    0.000    0.000 weakref.py:152(__contains__)
        6    0.000    0.000    0.000    0.000 common.py:1331(is_ea_or_datetimelike_dtype)
        1    0.000    0.000    0.000    0.000 __init__.py:1482(Logger)
       12    0.000    0.000    0.000    0.000 analysis.py:375(Unknown)
        1    0.000    0.000    0.000    0.000 special_matrices.py:1(<module>)
        1    0.000    0.000    0.000    0.000 axis.py:405(XTick)
        8    0.000    0.000    0.000    0.000 types.py:494(__len__)
       30    0.000    0.000    0.000    0.000 function_base.py:19(_linspace_dispatcher)
        2    0.000    0.000    0.000    0.000 scalars.py:137(__init__)
        1    0.000    0.000    0.000    0.000 backend_tools.py:457(ToolViewsPositions)
        1    0.000    0.000    0.000    0.000 ops.py:208(Op)
        2    0.000    0.000    0.000    0.000 numerictypes.py:229(obj2sctype)
        5    0.000    0.000    0.000    0.000 version.py:76(__lt__)
       42    0.000    0.000    0.000    0.000 models.py:347(has_nrt_meminfo)
       12    0.000    0.000    0.000    0.000 byteflow.py:148(<lambda>)
        1    0.000    0.000    0.000    0.000 manager.py:11(__init__)
        6    0.000    0.000    0.000    0.000 ir.py:864(__init__)
        1    0.000    0.000    0.000    0.000 ffi.py:54(__init__)
        1    0.000    0.000    0.000    0.000 cgutils.py:90(_StructProxy)
        1    0.000    0.000    0.000    0.000 series.py:914(__len__)
        9    0.000    0.000    0.000    0.000 templates.py:1242(__init__)
        1    0.000    0.000    0.000    0.000 six.py:493(Module_six_moves_urllib)
       15    0.000    0.000    0.000    0.000 dispatcher.py:223(__enter__)
        1    0.000    0.000    0.000    0.000 image.py:848(AxesImage)
        1    0.000    0.000    0.000    0.000 _policybase.py:112(Policy)
        1    0.000    0.000    0.000    0.000 array_analysis.py:207(EquivSet)
        1    0.000    0.000    0.000    0.000 _procrustes.py:1(<module>)
        1    0.000    0.000    0.000    0.000 abstract.py:374(ArrayCompatible)
       24    0.000    0.000    0.000    0.000 core.py:4232(<genexpr>)
        6    0.000    0.000    0.000    0.000 utils.py:263(push)
        1    0.000    0.000    0.000    0.000 {method 'title' of 'str' objects}
        1    0.000    0.000    0.000    0.000 sigutils.py:1(<module>)
        1    0.000    0.000    0.000    0.000 html.py:154(_HtmlFrameParser)
        4    0.000    0.000    0.000    0.000 ir.py:907(__str__)
        1    0.000    0.000    0.000    0.000 ast.py:69(_raise_malformed_node)
        1    0.000    0.000    0.000    0.000 backend_tools.py:360(ToolQuit)
        1    0.000    0.000    0.000    0.000 npydecl.py:227(NumpyRulesInplaceArrayOperator)
        1    0.000    0.000    0.000    0.000 {built-in method _hashlib.openssl_sha224}
       32    0.000    0.000    0.000    0.000 byteflow.py:1960(infos)
        1    0.000    0.000    0.000    0.000 builder.py:135(wrap)
        1    0.000    0.000    0.000    0.000 ffi.py:89(__enter__)
        1    0.000    0.000    0.000    0.000 backend_bases.py:3225(ToolContainerBase)
        1    0.000    0.000    0.000    0.000 frequencies.py:105(_CFTimeFrequencyInferer)
        9    0.000    0.000    0.000    0.000 blocks.py:1253(iget)
        1    0.000    0.000    0.000    0.000 PngImagePlugin.py:346(PngStream)
        1    0.000    0.000    0.000    0.000 selectors.py:206(_BaseSelectorImpl)
       32    0.000    0.000    0.000    0.000 misc.py:138(key)
        1    0.000    0.000    0.000    0.000 object_file.py:32(ObjectFileRef)
        1    0.000    0.000    0.000    0.000 ImageFile.py:105(ImageFile)
        5    0.000    0.000    0.000    0.000 numpy_support.py:222(map_layout)
       29    0.000    0.000    0.000    0.000 core.py:4233(<genexpr>)
        1    0.000    0.000    0.000    0.000 cftime_offsets.py:102(BaseCFTimeOffset)
        1    0.000    0.000    0.000    0.000 array_analysis.py:360(ShapeEquivSet)
        2    0.000    0.000    0.000    0.000 parse.py:825(__getattr__)
        1    0.000    0.000    0.000    0.000 _aggregations.py:5318(DataArrayGroupByAggregations)
        1    0.000    0.000    0.000    0.000 common.py:207(validate_header_arg)
        6    0.000    0.000    0.000    0.000 bytecode.py:32(get_function_object)
        1    0.000    0.000    0.000    0.000 ElementTree.py:1773(C14NWriterTarget)
       26    0.000    0.000    0.000    0.000 controlflow.py:476(<genexpr>)
        1    0.000    0.000    0.000    0.000 npydecl.py:24(Numpy_rules_ufunc)
        1    0.000    0.000    0.000    0.000 ffi.py:99(_lib_wrapper)
        1    0.000    0.000    0.000    0.000 constructor.py:482(FullConstructor)
        5    0.000    0.000    0.000    0.000 <frozen os>:824(fsdecode)
        1    0.000    0.000    0.000    0.000 expr.py:779(Expr)
        1    0.000    0.000    0.000    0.000 ticker.py:332(FormatStrFormatter)
        1    0.000    0.000    0.000    0.000 parquet.py:148(BaseImpl)
        1    0.000    0.000    0.000    0.000 utils.py:1001(UncachedAccessor)
        2    0.000    0.000    0.000    0.000 typeinfer.py:460(__init__)
        1    0.000    0.000    0.000    0.000 model.py:351(__init__)
        1    0.000    0.000    0.000    0.000 __init__.py:1117(StreamHandler)
        8    0.000    0.000    0.000    0.000 {built-in method atexit.register}
        1    0.000    0.000    0.000    0.000 models.py:1285(DeferredStructModel)
        1    0.000    0.000    0.000    0.000 types.py:96(Alignable)
        1    0.000    0.000    0.000    0.000 bytecode.py:49(_as_opcodes)
        1    0.000    0.000    0.000    0.000 boolean.py:40(BooleanDtype)
        1    0.000    0.000    0.000    0.000 subprocess.py:163(TimeoutExpired)
        6    0.000    0.000    0.000    0.000 lowering.py:137(post_lower)
        1    0.000    0.000    0.000    0.000 readers.py:1674(_check_file_or_buffer)
       37    0.000    0.000    0.000    0.000 values.py:342(bitcast)
        4    0.000    0.000    0.000    0.000 timedeltas.py:81(_field_accessor)
        1    0.000    0.000    0.000    0.000 __init__.py:17(_init)
        1    0.000    0.000    0.000    0.000 _inspect.py:1(<module>)
        1    0.000    0.000    0.000    0.000 cbook.py:570(Stack)
        1    0.000    0.000    0.000    0.000 __init__.py:546(Formatter)
       20    0.000    0.000    0.000    0.000 typeinfer.py:123(get)
        1    0.000    0.000    0.000    0.000 inspection.py:1(<module>)
        9    0.000    0.000    0.000    0.000 config.py:899(is_nonnegative_int)
        1    0.000    0.000    0.000    0.000 {built-in method time.localtime}
        1    0.000    0.000    0.000    0.000 representer.py:13(BaseRepresenter)
        1    0.000    0.000    0.000    0.000 byteflow.py:84(Flow)
        1    0.000    0.000    0.000    0.000 pythonapi.py:201(get_env_manager)
        7    0.000    0.000    0.000    0.000 ir.py:1039(__init__)
        1    0.000    0.000    0.000    0.000 nanops.py:67(disallow)
        1    0.000    0.000    0.000    0.000 integer.py:207(Int8Dtype)
        1    0.000    0.000    0.000    0.000 backend_tools.py:896(ToolHelpBase)
       24    0.000    0.000    0.000    0.000 function.py:52(__init__)
        1    0.000    0.000    0.000    0.000 readers.py:56(MultiplexedPath)
        1    0.000    0.000    0.000    0.000 dataframe_protocol.py:121(Buffer)
       34    0.000    0.000    0.000    0.000 core.py:1924(recurse)
       14    0.000    0.000    0.000    0.000 llvm_bindings.py:16(_inlining_threshold)
        3    0.000    0.000    0.000    0.000 imputils.py:84(lower_setattr_generic)
        1    0.000    0.000    0.000    0.000 ffi.py:313(ObjectRef)
        1    0.000    0.000    0.000    0.000 functions.py:348(BoundFunction)
       30    0.000    0.000    0.000    0.000 fromnumeric.py:3172(_ndim_dispatcher)
        3    0.000    0.000    0.000    0.000 __init__.py:43(private_class)
        1    0.000    0.000    0.000    0.000 gbq.py:1(<module>)
       10    0.000    0.000    0.000    0.000 _docstring.py:33(__init__)
        1    0.000    0.000    0.000    0.000 selectors.py:80(BaseSelector)
        1    0.000    0.000    0.000    0.000 shlex.py:19(shlex)
        1    0.000    0.000    0.000    0.000 mathdecl.py:136(Math_ldexp)
       28    0.000    0.000    0.000    0.000 abstract.py:439(literal_value)
        1    0.000    0.000    0.000    0.000 base_parser.py:1426(_validate_parse_dates_arg)
        1    0.000    0.000    0.000    0.000 _version.py:14(NumpyVersion)
        2    0.000    0.000    0.000    0.000 config.py:688(_warn_if_deprecated)
        1    0.000    0.000    0.000    0.000 axis3d.py:740(YAxis)
        1    0.000    0.000    0.000    0.000 core.py:4200(MatchFirst)
        1    0.000    0.000    0.000    0.000 core.py:1315(_replace_dtype_fields)
       14    0.000    0.000    0.000    0.000 _parser.py:166(__delitem__)
        1    0.000    0.000    0.000    0.000 _xlsxwriter.py:180(XlsxWriter)
        1    0.000    0.000    0.000    0.000 floating.py:156(Float32Dtype)
        1    0.000    0.000    0.000    0.000 sasreader.py:35(ReaderBase)
       23    0.000    0.000    0.000    0.000 targetconfig.py:18(__init__)
        1    0.000    0.000    0.000    0.000 _interface.py:570(_CustomLinearOperator)
        1    0.000    0.000    0.000    0.000 c_ast.py:367(Constant)
       14    0.000    0.000    0.000    0.000 common.py:1270(is_1d_only_ea_dtype)
        5    0.000    0.000    0.000    0.000 __init__.py:1776(getEffectiveLevel)
        1    0.000    0.000    0.000    0.000 _structures.py:35(NegativeInfinityType)
        3    0.000    0.000    0.000    0.000 copyreg.py:12(pickle)
        1    0.000    0.000    0.000    0.000 Image.py:3517(register_extensions)
        2    0.000    0.000    0.000    0.000 <frozen _collections_abc>:288(__subclasshook__)
        1    0.000    0.000    0.000    0.000 base_parser.py:1269(_process_date_conversion)
        1    0.000    0.000    0.000    0.000 lex.py:75(PlyLogger)
        1    0.000    0.000    0.000    0.000 common.py:37(Buffer)
       21    0.000    0.000    0.000    0.000 accessors.py:176(<lambda>)
        3    0.000    0.000    0.000    0.000 __init__.py:637(path)
        1    0.000    0.000    0.000    0.000 indexing.py:1651(PandasIndexingAdapter)
        3    0.000    0.000    0.000    0.000 imputils.py:158(_decorate_setattr)
        1    0.000    0.000    0.000    0.000 PngImagePlugin.py:700(PngImageFile)
       12    0.000    0.000    0.000    0.000 core.py:5706(postParse)
        5    0.000    0.000    0.000    0.000 construction.py:481(ensure_wrapped_if_datetimelike)
        1    0.000    0.000    0.000    0.000 mathdecl.py:71(Math_copysign)
        1    0.000    0.000    0.000    0.000 core.py:2701(Word)
        1    0.000    0.000    0.000    0.000 charset.py:162(Charset)
        1    0.000    0.000    0.000    0.000 config.py:142(_EnvReloader)
        2    0.000    0.000    0.000    0.000 <frozen _collections_abc>:407(__subclasshook__)
        1    0.000    0.000    0.000    0.000 models.py:11(DataModel)
        1    0.000    0.000    0.000    0.000 colors.py:97(ColorSequenceRegistry)
        1    0.000    0.000    0.000    0.000 contour.py:1481(QuadContourSet)
        1    0.000    0.000    0.000    0.000 constructor.py:19(BaseConstructor)
        1    0.000    0.000    0.000    0.000 masked_accumulations.py:1(<module>)
        1    0.000    0.000    0.000    0.000 base.py:2412(ExtensionOpsMixin)
        7    0.000    0.000    0.000    0.000 config.py:649(_get_deprecated_option)
        1    0.000    0.000    0.000    0.000 legend_handler.py:361(HandlerStepPatch)
        1    0.000    0.000    0.000    0.000 postproc.py:31(VariableLifetime)
        1    0.000    0.000    0.000    0.000 __init__.py:362(YAMLObject)
       13    0.000    0.000    0.000    0.000 {built-in method _weakref.proxy}
        1    0.000    0.000    0.000    0.000 colors.py:1512(CenteredNorm)
        9    0.000    0.000    0.000    0.000 __init__.py:1317(__init__)
        1    0.000    0.000    0.000    0.000 module.py:117(functions)
        1    0.000    0.000    0.000    0.000 ops.py:953(BinGrouper)
        1    0.000    0.000    0.000    0.000 model.py:279(ConstPointerType)
        2    0.000    0.000    0.000    0.000 ir.py:1357(insert_before_terminator)
        1    0.000    0.000    0.000    0.000 core.py:6540(MaskedConstant)
        1    0.000    0.000    0.000    0.000 externals.py:104(_Installer)
        1    0.000    0.000    0.000    0.000 string_.py:71(StringDtype)
        9    0.000    0.000    0.000    0.000 common.py:372(apply_if_callable)
        1    0.000    0.000    0.000    0.000 tz.py:1475(GettzFunc)
        1    0.000    0.000    0.000    0.000 cm.py:59(ColormapRegistry)
        2    0.000    0.000    0.000    0.000 traceback.py:391(extended_frame_gen)
        1    0.000    0.000    0.000    0.000 tz.py:332(__init__)
        1    0.000    0.000    0.000    0.000 ElementTree.py:126(Element)
       19    0.000    0.000    0.000    0.000 __init__.py:672(__init__)
        2    0.000    0.000    0.000    0.000 six.py:119(_resolve)
        1    0.000    0.000    0.000    0.000 _aggregations.py:14(NamedArrayAggregations)
        2    0.000    0.000    0.000    0.000 instructions.py:869(descr)
        1    0.000    0.000    0.000    0.000 ticker.py:1962(MaxNLocator)
        1    0.000    0.000    0.000    0.000 art3d.py:844(Poly3DCollection)
       12    0.000    0.000    0.000    0.000 managers.py:1837(__init__)
       30    0.000    0.000    0.000    0.000 multiarray.py:669(result_type)
       18    0.000    0.000    0.000    0.000 cftimeindex.py:85(optional)
        1    0.000    0.000    0.000    0.000 getlimits.py:378(finfo)
        1    0.000    0.000    0.000    0.000 callconv.py:58(BaseCallConv)
        1    0.000    0.000    0.000    0.000 core.py:5680(Group)
        8    0.000    0.000    0.000    0.000 unicode.py:9(__init__)
        4    0.000    0.000    0.000    0.000 core.py:3415(parseImpl)
        1    0.000    0.000    0.000    0.000 _parseaddr.py:211(AddrlistClass)
        1    0.000    0.000    0.000    0.000 errors.py:310(HighlightColorScheme)
       12    0.000    0.000    0.000    0.000 {method 'difference' of 'set' objects}
        1    0.000    0.000    0.000    0.000 generators.py:48(BaseGeneratorLower)
        1    0.000    0.000    0.000    0.000 textpath.py:20(TextToPath)
        1    0.000    0.000    0.000    0.000 core.py:4650(AtStringStart)
       12    0.000    0.000    0.000    0.000 bytecode.py:108(<genexpr>)
        1    0.000    0.000    0.000    0.000 stencil.py:65(StencilFunc)
        4    0.000    0.000    0.000    0.000 {built-in method _locale.setlocale}
        1    0.000    0.000    0.000    0.000 containers.py:271(_HeterogeneousTuple)
        1    0.000    0.000    0.000    0.000 base.py:449(StorageExtensionDtype)
       25    0.000    0.000    0.000    0.000 lex.py:1089(TOKEN)
        3    0.000    0.000    0.000    0.000 {built-in method posix.register_at_fork}
        1    0.000    0.000    0.000    0.000 decorators.py:45(GUVectorize)
        1    0.000    0.000    0.000    0.000 abc.py:28(__getattr__)
        1    0.000    0.000    0.000    0.000 resolver.py:12(BaseResolver)
        2    0.000    0.000    0.000    0.000 calendar.py:45(__getattr__)
        1    0.000    0.000    0.000    0.000 axis3d.py:748(ZAxis)
        1    0.000    0.000    0.000    0.000 accessor_dt.py:537(TimedeltaAccessor)
        1    0.000    0.000    0.000    0.000 indexing.py:1482(NumpyIndexingAdapter)
       31    0.000    0.000    0.000    0.000 builtins.py:150(<genexpr>)
        1    0.000    0.000    0.000    0.000 encoder.py:74(JSONEncoder)
        4    0.000    0.000    0.000    0.000 types.py:252(intrinsic_name)
        6    0.000    0.000    0.000    0.000 numbers.py:384(int_unsigned_signed_cmp)
       22    0.000    0.000    0.000    0.000 expr.py:294(_op_maker)
        1    0.000    0.000    0.000    0.000 encoders.py:1(<module>)
        1    0.000    0.000    0.000    0.000 ffi.py:237(OutputString)
       14    0.000    0.000    0.000    0.000 scalars.py:129(__lt__)
        6    0.000    0.000    0.000    0.000 module.py:110(get_named_metadata)
        1    0.000    0.000    0.000    0.000 _json.py:280(SeriesWriter)
        1    0.000    0.000    0.000    0.000 decorators.py:11(_BaseVectorize)
        1    0.000    0.000    0.000    0.000 offsetbox.py:595(DrawingArea)
       30    0.000    0.000    0.000    0.000 byteflow.py:2023(blocks)
        1    0.000    0.000    0.000    0.000 ufunc_db.py:1(<module>)
        1    0.000    0.000    0.000    0.000 decorator.py:65(FunctionMaker)
        2    0.000    0.000    0.000    0.000 rcsetup.py:765(_validate_legend_loc)
        1    0.000    0.000    0.000    0.000 calendar.py:113(_localized_day)
        6    0.000    0.000    0.000    0.000 inspect.py:291(ismodule)
        1    0.000    0.000    0.000    0.000 {built-in method _hashlib.openssl_shake_128}
        4    0.000    0.000    0.000    0.000 typing.py:406(_eval_type)
        1    0.000    0.000    0.000    0.000 ElementTree.py:1381(TreeBuilder)
       33    0.000    0.000    0.000    0.000 __init__.py:534(<lambda>)
        1    0.000    0.000    0.000    0.000 containers.py:417(List)
        1    0.000    0.000    0.000    0.000 pytables.py:4702(AppendableSeriesTable)
        2    0.000    0.000    0.000    0.000 common.py:1434(_is_dtype_type)
        1    0.000    0.000    0.000    0.000 arrayterator.py:16(Arrayterator)
        6    0.000    0.000    0.000    0.000 context.py:108(__init__)
        1    0.000    0.000    0.000    0.000 _typing.py:308(ReadCsvBuffer)
        1    0.000    0.000    0.000    0.000 polar.py:699(RadialAxis)
        1    0.000    0.000    0.000    0.000 legend_handler.py:524(__init__)
        1    0.000    0.000    0.000    0.000 ticker.py:1752(LinearLocator)
        2    0.000    0.000    0.000    0.000 matfuncs.py:1(<module>)
        1    0.000    0.000    0.000    0.000 backend_tools.py:158(ToolToggleBase)
       24    0.000    0.000    0.000    0.000 ops.py:266(op_str)
        6    0.000    0.000    0.000    0.000 cpu_options.py:53(__bool__)
       15    0.000    0.000    0.000    0.000 castgraph.py:36(__init__)
       13    0.000    0.000    0.000    0.000 scalars.py:148(__lt__)
        1    0.000    0.000    0.000    0.000 yacc.py:233(YaccProduction)
        1    0.000    0.000    0.000    0.000 typeinfer.py:283(BuildListConstraint)
        1    0.000    0.000    0.000    0.000 templates.py:254(FunctionTemplate)
        1    0.000    0.000    0.000    0.000 common.py:968(_BytesTarFile)
        1    0.000    0.000    0.000    0.000 roperator.py:1(<module>)
        1    0.000    0.000    0.000    0.000 _datasource.py:536(Repository)
        5    0.000    0.000    0.000    0.000 context.py:30(__init__)
        1    0.000    0.000    0.000    0.000 readers.py:32(ZipReader)
        1    0.000    0.000    0.000    0.000 units.py:108(ConversionInterface)
        6    0.000    0.000    0.000    0.000 utils.py:397(__iter__)
        1    0.000    0.000    0.000    0.000 _tritools.py:11(TriAnalyzer)
        1    0.000    0.000    0.000    0.000 _ufunc_config.py:441(_setdef)
        2    0.000    0.000    0.000    0.000 series.py:233(_coerce_method)
        1    0.000    0.000    0.000    0.000 scope.py:121(Scope)
        1    0.000    0.000    0.000    0.000 core.py:2589(MaskedIterator)
        1    0.000    0.000    0.000    0.000 pythonapi.py:117(add_const)
        3    0.000    0.000    0.000    0.000 types.py:301(_create_instance)
        1    0.000    0.000    0.000    0.000 text.py:1444(_AnnotationBase)
        1    0.000    0.000    0.000    0.000 _triplot.py:1(<module>)
        1    0.000    0.000    0.000    0.000 construct.py:1(<module>)
        1    0.000    0.000    0.000    0.000 colors.py:548(ColorConverter)
        1    0.000    0.000    0.000    0.000 computation.py:59(_UFuncSignature)
        6    0.000    0.000    0.000    0.000 containers.py:322(<genexpr>)
        1    0.000    0.000    0.000    0.000 debuginfo.py:28(AbstractDIBuilder)
        1    0.000    0.000    0.000    0.000 scalars.py:30(Integer)
        1    0.000    0.000    0.000    0.000 extras.py:1607(MAxisConcatenator)
        1    0.000    0.000    0.000    0.000 base.py:2475(ExtensionScalarOpsMixin)
        1    0.000    0.000    0.000    0.000 utils.py:524(OrderedSet)
        1    0.000    0.000    0.000    0.000 collections.py:1972(_MeshData)
        1    0.000    0.000    0.000    0.000 pickle.py:194(_Framer)
        1    0.000    0.000    0.000    0.000 base_parser.py:601(_set_noconvert_dtype_columns)
        4    0.000    0.000    0.000    0.000 cpu_options.py:61(__eq__)
        1    0.000    0.000    0.000    0.000 context.py:296(ForkServerProcess)
        2    0.000    0.000    0.000    0.000 _policybase.py:281(_sanitize_header)
        1    0.000    0.000    0.000    0.000 containers.py:139(BaseTuple)
        1    0.000    0.000    0.000    0.000 axis.py:523(Ticker)
        1    0.000    0.000    0.000    0.000 lex.py:558(LexerReflect)
        5    0.000    0.000    0.000    0.000 constructor.py:165(add_multi_constructor)
        1    0.000    0.000    0.000    0.000 _threadsafety.py:13(ReentrancyLock)
        1    0.000    0.000    0.000    0.000 castgraph.py:76(__init__)
        1    0.000    0.000    0.000    0.000 xml.py:62(_XMLFrameParser)
        1    0.000    0.000    0.000    0.000 _meta.py:47(SimplePath)
        1    0.000    0.000    0.000    0.000 docscrape.py:30(Reader)
        3    0.000    0.000    0.000    0.000 six.py:85(_import_module)
       25    0.000    0.000    0.000    0.000 dispatcher.py:109(normal_handler)
        1    0.000    0.000    0.000    0.000 yacc.py:1381(MiniProduction)
        1    0.000    0.000    0.000    0.000 six.py:205(load_module)
        1    0.000    0.000    0.000    0.000 {method 'view' of 'numpy.generic' objects}
       14    0.000    0.000    0.000    0.000 {built-in method sys.audit}
       25    0.000    0.000    0.000    0.000 common.py:76(as_array)
        1    0.000    0.000    0.000    0.000 builtins.py:323(BitwiseLogicOperation)
       18    0.000    0.000    0.000    0.000 controlflow.py:701(<genexpr>)
        6    0.000    0.000    0.000    0.000 common.py:1590(<genexpr>)
       18    0.000    0.000    0.000    0.000 values.py:51(_binop)
        1    0.000    0.000    0.000    0.000 arrayobj.py:610(Indexer)
       16    0.000    0.000    0.000    0.000 _dtype.py:24(_kind_name)
        1    0.000    0.000    0.000    0.000 _matfuncs.py:171(MatrixPowerOperator)
        1    0.000    0.000    0.000    0.000 array_exprs.py:19(RewriteArrayExprs)
        1    0.000    0.000    0.000    0.000 values.py:430(__new__)
       22    0.000    0.000    0.000    0.000 models.py:448(get_value_type)
        1    0.000    0.000    0.000    0.000 core.py:5050(DelimitedList)
        1    0.000    0.000    0.000    0.000 version.py:420(major)
        3    0.000    0.000    0.000    0.000 base.py:591(_ensure_array)
       18    0.000    0.000    0.000    0.000 __init__.py:190(change_key)
       22    0.000    0.000    0.000    0.000 core.py:3472(<genexpr>)
        1    0.000    0.000    0.000    0.000 _triinterpolate.py:1215(_Sparse_Matrix_coo)
        1    0.000    0.000    0.000    0.000 codegen.py:1161(CPUCodegen)
        1    0.000    0.000    0.000    0.000 codegen.py:83(_CFG)
        1    0.000    0.000    0.000    0.000 _adapters.py:12(__init__)
        1    0.000    0.000    0.000    0.000 dataset.py:435(DataVariables)
        1    0.000    0.000    0.000    0.000 common.py:292(is_fsspec_url)
        1    0.000    0.000    0.000    0.000 accessor.py:37(SparseAccessor)
        4    0.000    0.000    0.000    0.000 enum.py:1267(__hash__)
        1    0.000    0.000    0.000    0.000 dataarray.py:227(_LocIndexer)
        1    0.000    0.000    0.000    0.000 _xlsxwriter.py:24(_XlsxStyler)
        1    0.000    0.000    0.000    0.000 _special_sparse_arrays.py:10(LaplacianNd)
        1    0.000    0.000    0.000    0.000 queue.py:258(_PySimpleQueue)
        1    0.000    0.000    0.000    0.000 patches.py:2204(_Style)
        1    0.000    0.000    0.000    0.000 tarfile.py:331(_Stream)
        1    0.000    0.000    0.000    0.000 dtypes.py:1533(BaseMaskedDtype)
        8    0.000    0.000    0.000    0.000 config.py:875(inner)
        1    0.000    0.000    0.000    0.000 subprocess.py:126(CalledProcessError)
        2    0.000    0.000    0.000    0.000 parse.py:119(_coerce_args)
       16    0.000    0.000    0.000    0.000 typeinfer.py:217(__init__)
        1    0.000    0.000    0.000    0.000 c_parser_wrapper.py:392(ensure_dtype_objs)
        2    0.000    0.000    0.000    0.000 byteflow.py:944(op_END_FOR)
        1    0.000    0.000    0.000    0.000 rrule.py:1418(_rrulestr)
        1    0.000    0.000    0.000    0.000 _mathtext.py:1054(Vbox)
        1    0.000    0.000    0.000    0.000 errors.py:128(_ColorScheme)
        1    0.000    0.000    0.000    0.000 ticker.py:815(LogFormatter)
        2    0.000    0.000    0.000    0.000 __init__.py:999(__init__)
        1    0.000    0.000    0.000    0.000 utils.py:750(HiddenKeyDict)
        1    0.000    0.000    0.000    0.000 invalid.py:1(<module>)
        4    0.000    0.000    0.000    0.000 {method 'cache_clear' of 'functools._lru_cache_wrapper' objects}
        1    0.000    0.000    0.000    0.000 collections.py:1378(LineCollection)
        1    0.000    0.000    0.000    0.000 traceback.py:679(TracebackException)
        1    0.000    0.000    0.000    0.000 rolling.py:1466(RollingAndExpandingMixin)
        1    0.000    0.000    0.000    0.000 lru_cache.py:34(__init__)
        1    0.000    0.000    0.000    0.000 __init__.py:360(ZipInfo)
        1    0.000    0.000    0.000    0.000 concat.py:398(_Concatenator)
        1    0.000    0.000    0.000    0.000 rrule.py:305(rrule)
        1    0.000    0.000    0.000    0.000 caching.py:311(CacheImpl)
       32    0.000    0.000    0.000    0.000 models.py:350(get_nrt_meminfo)
        1    0.000    0.000    0.000    0.000 composer.py:11(Composer)
        2    0.000    0.000    0.000    0.000 _pep440.py:158(_compare)
        2    0.000    0.000    0.000    0.000 __init__.py:75(register)
        1    0.000    0.000    0.000    0.000 ir.py:1147(Scope)
        1    0.000    0.000    0.000    0.000 utils.py:410(MutableSortedSet)
        1    0.000    0.000    0.000    0.000 tzinfo.py:159(DstTzInfo)
        8    0.000    0.000    0.000    0.000 enum.py:1692(_simple_enum)
        1    0.000    0.000    0.000    0.000 _exceptions.py:116(_ArrayMemoryError)
       18    0.000    0.000    0.000    0.000 builder.py:29(_binop)
        1    0.000    0.000    0.000    0.000 core.py:2614(CloseMatch)
        1    0.000    0.000    0.000    0.000 integer.py:214(Int16Dtype)
        1    0.000    0.000    0.000    0.000 types.py:367(VectorType)
        1    0.000    0.000    0.000    0.000 dates.py:1866(_SwitchableDateConverter)
       10    0.000    0.000    0.000    0.000 rcsetup.py:374(validate_fontweight)
        1    0.000    0.000    0.000    0.000 transforms.py:2627(BboxTransformFrom)
        2    0.000    0.000    0.000    0.000 core.py:6643(__setattr__)
        1    0.000    0.000    0.000    0.000 models.py:157(OmittedArgDataModel)
        1    0.000    0.000    0.000    0.000 {built-in method _hashlib.openssl_sha384}
        1    0.000    0.000    0.000    0.000 event.py:88(Event)
       18    0.000    0.000    0.000    0.000 {built-in method numpy.geterrobj}
       15    0.000    0.000    0.000    0.000 enum.py:183(__init__)
        1    0.000    0.000    0.000    0.000 _common.py:127(_TZifHeader)
        1    0.000    0.000    0.000    0.000 weakref.py:585(__call__)
        1    0.000    0.000    0.000    0.000 pythonapi.py:1657(ObjModeUtils)
        1    0.000    0.000    0.000    0.000 polar.py:140(PolarAffine)
       14    0.000    0.000    0.000    0.000 _common.py:9(__init__)
        1    0.000    0.000    0.000    0.000 base.py:306(ClassBuilder)
        1    0.000    0.000    0.000    0.000 header.py:536(_Accumulator)
        1    0.000    0.000    0.000    0.000 types.py:476(BaseStructType)
        1    0.000    0.000    0.000    0.000 string_arrow.py:598(ArrowStringArrayNumpySemantics)
        1    0.000    0.000    0.000    0.000 backend_tools.py:709(ToolZoom)
        1    0.000    0.000    0.000    0.000 cm.py:83(__init__)
        6    0.000    0.000    0.000    0.000 typeinfer.py:913(set_context)
        1    0.000    0.000    0.000    0.000 _iotools.py:229(NameValidator)
        1    0.000    0.000    0.000    0.000 inspect.py:1801(_shadowed_dict_from_mro_tuple)
        1    0.000    0.000    0.000    0.000 byteflow.py:1954(AdaptDFA)
       12    0.000    0.000    0.000    0.000 compiler_machinery.py:103(get_analysis)
        3    0.000    0.000    0.000    0.000 _util.py:34(register_writer)
        2    0.000    0.000    0.000    0.000 base.py:5676(<genexpr>)
        1    0.000    0.000    0.000    0.000 polar.py:748(_WedgeBbox)
        2    0.000    0.000    0.000    0.000 message.py:150(__init__)
        1    0.000    0.000    0.000    0.000 sql.py:922(SQLTable)
        1    0.000    0.000    0.000    0.000 __init__.py:1353(Manager)
       21    0.000    0.000    0.000    0.000 imputils.py:443(impl_ret_untracked)
        2    0.000    0.000    0.000    0.000 ssa.py:141(_get_scope)
        1    0.000    0.000    0.000    0.000 static_raise.py:5(RewriteConstRaises)
        1    0.000    0.000    0.000    0.000 ticker.py:159(_DummyAxis)
       11    0.000    0.000    0.000    0.000 accessors.py:155(<lambda>)
        1    0.000    0.000    0.000    0.000 representer.py:272(Representer)
        1    0.000    0.000    0.000    0.000 yacc.py:2936(ParserReflect)
        1    0.000    0.000    0.000    0.000 categorical.py:2774(CategoricalAccessor)
        1    0.000    0.000    0.000    0.000 core.py:2299(_PendingSkip)
       26    0.000    0.000    0.000    0.000 context.py:21(_dispose)
        1    0.000    0.000    0.000    0.000 _pep440.py:140(__lt__)
        1    0.000    0.000    0.000    0.000 random.py:222(__init_subclass__)
        1    0.000    0.000    0.000    0.000 models.py:255(ProxyModel)
        1    0.000    0.000    0.000    0.000 _machar.py:17(MachAr)
       12    0.000    0.000    0.000    0.000 typeinfer.py:196(__init__)
        1    0.000    0.000    0.000    0.000 accessors.py:36(ArrowAccessor)
        1    0.000    0.000    0.000    0.000 six.py:164(_resolve)
        1    0.000    0.000    0.000    0.000 retarget.py:72(BasicRetarget)
        1    0.000    0.000    0.000    0.000 cftime_offsets.py:411(QuarterOffset)
        1    0.000    0.000    0.000    0.000 compiler.py:195(CompileResult)
        5    0.000    0.000    0.000    0.000 config.py:617(_select_options)
        1    0.000    0.000    0.000    0.000 shared_docs.py:1(<module>)
        1    0.000    0.000    0.000    0.000 polar.py:498(_ThetaShift)
        2    0.000    0.000    0.000    0.000 blocks.py:219(_can_consolidate)
        2    0.000    0.000    0.000    0.000 results.py:436(__getattr__)
        1    0.000    0.000    0.000    0.000 file_manager.py:322(_HashedSequence)
        1    0.000    0.000    0.000    0.000 accessors.py:53(Properties)
        6    0.000    0.000    0.000    0.000 utils.py:455(__len__)
       11    0.000    0.000    0.000    0.000 callconv.py:380(build_excinfo_struct)
       10    0.000    0.000    0.000    0.000 _testutils.py:62(__init__)
        1    0.000    0.000    0.000    0.000 _special_sparse_arrays.py:688(MikotaM)
        1    0.000    0.000    0.000    0.000 compiler.py:392(CompilerBase)
        1    0.000    0.000    0.000    0.000 dispatch.py:1(<module>)
        1    0.000    0.000    0.000    0.000 streamplot.py:259(DomainMap)
        1    0.000    0.000    0.000    0.000 <frozen importlib._bootstrap>:1103(_resolve_filename)
        1    0.000    0.000    0.000    0.000 pytables.py:2643(DataIndexableCol)
        3    0.000    0.000    0.000    0.000 base.py:84(<genexpr>)
        1    0.000    0.000    0.000    0.000 listobj.py:411(ListIterInstance)
        1    0.000    0.000    0.000    0.000 ticker.py:198(Formatter)
        1    0.000    0.000    0.000    0.000 setobj.py:1168(SetIterInstance)
        7    0.000    0.000    0.000    0.000 config.py:184(validate)
        1    0.000    0.000    0.000    0.000 indexing.py:32(GroupByIndexingMixin)
        1    0.000    0.000    0.000    0.000 config.py:220(DictWrapper)
        1    0.000    0.000    0.000    0.000 arrayprint.py:905(FloatingFormat)
        1    0.000    0.000    0.000    0.000 __init__.py:1452(_fixupChildren)
        1    0.000    0.000    0.000    0.000 dispatcher.py:38(TargetConfigurationStack)
        1    0.000    0.000    0.000    0.000 dates.py:1268(AutoDateLocator)
        1    0.000    0.000    0.000    0.000 ticker.py:2704(LogitLocator)
        2    0.000    0.000    0.000    0.000 typed_passes.py:102(__init__)
        1    0.000    0.000    0.000    0.000 lock.py:1(<module>)
        7    0.000    0.000    0.000    0.000 llvm_pass_timings.py:288(__init__)
       25    0.000    0.000    0.000    0.000 models.py:236(as_data)
        1    0.000    0.000    0.000    0.000 _threadsafety.py:25(__init__)
        1    0.000    0.000    0.000    0.000 packer.py:7(DataPacker)
        4    0.000    0.000    0.000    0.000 __init__.py:167(__ge__)
       20    0.000    0.000    0.000    0.000 event.py:286(duration)
        1    0.000    0.000    0.000    0.000 html.py:695(_LxmlFrameParser)
        1    0.000    0.000    0.000    0.000 blocks.py:2795(extend_blocks)
        1    0.000    0.000    0.000    0.000 spines.py:522(Spines)
       15    0.000    0.000    0.000    0.000 results.py:455(<lambda>)
        1    0.000    0.000    0.000    0.000 accessor.py:49(PandasDelegate)
        1    0.000    0.000    0.000    0.000 models.py:1143(GeneratorModel)
        1    0.000    0.000    0.000    0.000 functions.py:654(NamedTupleClass)
        1    0.000    0.000    0.000    0.000 common.py:214(AbstractDataStore)
       25    0.000    0.000    0.000    0.000 cgutils.py:234(_cast_member_from_value)
        1    0.000    0.000    0.000    0.000 backend_tools.py:830(ToolPan)
        2    0.000    0.000    0.000    0.000 inference.py:105(is_file_like)
        1    0.000    0.000    0.000    0.000 yacc.py:1971(LRTable)
        1    0.000    0.000    0.000    0.000 _json.py:226(Writer)
        1    0.000    0.000    0.000    0.000 _policybase.py:271(Compat32)
        7    0.000    0.000    0.000    0.000 getlimits.py:157(_register_type)
        1    0.000    0.000    0.000    0.000 context.py:104(CallFrame)
        1    0.000    0.000    0.000    0.000 console.py:1(<module>)
        1    0.000    0.000    0.000    0.000 arrayobj.py:741(IntegerArrayIndexer)
        1    0.000    0.000    0.000    0.000 pydoc.py:1190(__init__)
        1    0.000    0.000    0.000    0.000 _matrix_io.py:1(<module>)
        1    0.000    0.000    0.000    0.000 __init__.py:803(PathDistribution)
        1    0.000    0.000    0.000    0.000 registry.py:6(Rewrite)
        1    0.000    0.000    0.000    0.000 tzinfo.py:79(StaticTzInfo)
        1    0.000    0.000    0.000    0.000 descriptors.py:8(TargetDescriptor)
        1    0.000    0.000    0.000    0.000 integer.py:221(Int32Dtype)
        4    0.000    0.000    0.000    0.000 types.py:229(_to_string)
        1    0.000    0.000    0.000    0.000 indexing.py:156(IndexingMixin)
        3    0.000    0.000    0.000    0.000 base.py:609(_dtype_to_subclass)
        1    0.000    0.000    0.000    0.000 {built-in method _codecs.lookup}
        1    0.000    0.000    0.000    0.000 generators.py:12(GeneratorDescriptor)
        1    0.000    0.000    0.000    0.000 models.py:986(UnicodeCharSeq)
        2    0.000    0.000    0.000    0.000 misc.py:338(__init__)
        1    0.000    0.000    0.000    0.000 pytables.py:3238(BlockManagerFixed)
        2    0.000    0.000    0.000    0.000 scale.py:702(get_scale_names)
        6    0.000    0.000    0.000    0.000 inline_closurecall.py:73(__init__)
        2    0.000    0.000    0.000    0.000 rcsetup.py:858(validate_hist_bins)
        1    0.000    0.000    0.000    0.000 base.py:74(__len__)
        1    0.000    0.000    0.000    0.000 compiler_lock.py:8(__init__)
        1    0.000    0.000    0.000    0.000 base.py:1176(_wrap_impl)
        1    0.000    0.000    0.000    0.000 dates.py:1778(DateConverter)
        1    0.000    0.000    0.000    0.000 __init__.py:1358(__init__)
        1    0.000    0.000    0.000    0.000 <frozen abc>:43(__init__)
        1    0.000    0.000    0.000    0.000 traceback.py:248(FrameSummary)
        1    0.000    0.000    0.000    0.000 errors.py:311(__init__)
        1    0.000    0.000    0.000    0.000 iterators.py:20(RangeIteratorType)
       16    0.000    0.000    0.000    0.000 _add_newdocs_scalars.py:79(<genexpr>)
        2    0.000    0.000    0.000    0.000 ir.py:1075(__str__)
       24    0.000    0.000    0.000    0.000 byteflow.py:1670(outgoing_edges)
        1    0.000    0.000    0.000    0.000 caching.py:416(CodeLibraryCacheImpl)
        1    0.000    0.000    0.000    0.000 types.py:145(intrinsic_name)
        1    0.000    0.000    0.000    0.000 groupby.py:729(GroupByPlot)
        1    0.000    0.000    0.000    0.000 _base.py:210(_process_plot_var_args)
        2    0.000    0.000    0.000    0.000 containers.py:311(<genexpr>)
        1    0.000    0.000    0.000    0.000 containers.py:480(LiteralList)
        1    0.000    0.000    0.000    0.000 blocks.py:2573(NumpyBlock)
        1    0.000    0.000    0.000    0.000 _datasource.py:74(_FileOpeners)
        9    0.000    0.000    0.000    0.000 enum.py:1411(<lambda>)
        1    0.000    0.000    0.000    0.000 parallel.py:211(ParallelGUFuncBuilder)
        1    0.000    0.000    0.000    0.000 array_manager.py:1240(NullArrayProxy)
        1    0.000    0.000    0.000    0.000 transforms.py:2445(CompositeAffine2D)
        6    0.000    0.000    0.000    0.000 {method 'join' of 'bytes' objects}
        1    0.000    0.000    0.000    0.000 indexing.py:562(ImplicitToExplicitIndexingAdapter)
        1    0.000    0.000    0.000    0.000 typeinfer.py:43(TypeVar)
        1    0.000    0.000    0.000    0.000 tz.py:328(_ttinfo)
        1    0.000    0.000    0.000    0.000 _interface.py:822(IdentityOperator)
        1    0.000    0.000    0.000    0.000 dviread.py:65(Text)
       16    0.000    0.000    0.000    0.000 version.py:518(<lambda>)
       10    0.000    0.000    0.000    0.000 {method 'remove' of 'set' objects}
       12    0.000    0.000    0.000    0.000 {method 'bit_length' of 'int' objects}
       22    0.000    0.000    0.000    0.000 generic.py:405(flags)
        1    0.000    0.000    0.000    0.000 watercolumn_run_lib.py:57(save_run_info)
        1    0.000    0.000    0.000    0.000 dispatcher.py:72(OmittedArg)
        1    0.000    0.000    0.000    0.000 typed_passes.py:183(AnnotateTypes)
        1    0.000    0.000    0.000    0.000 misc.py:292(ExceptionClass)
        1    0.000    0.000    0.000    0.000 dates.py:995(rrulewrapper)
        1    0.000    0.000    0.000    0.000 ticker.py:2592(AsinhLocator)
        1    0.000    0.000    0.000    0.000 _util.py:18(DeferredError)
        6    0.000    0.000    0.000    0.000 functools.py:421(_unwrap_partial)
        1    0.000    0.000    0.000    0.000 cpu_options.py:74(__init__)
        1    0.000    0.000    0.000    0.000 targetconfig.py:51(ConfigStack)
        1    0.000    0.000    0.000    0.000 hatch.py:124(Circles)
        1    0.000    0.000    0.000    0.000 ticker.py:1458(PercentFormatter)
        1    0.000    0.000    0.000    0.000 reduction.py:251(AbstractReducer)
        1    0.000    0.000    0.000    0.000 format.py:1486(_Datetime64Formatter)
        1    0.000    0.000    0.000    0.000 ImageSequence.py:24(Iterator)
        1    0.000    0.000    0.000    0.000 _internal.py:217(_getintp_ctype)
        1    0.000    0.000    0.000    0.000 appdirs.py:362(AppDirs)
        1    0.000    0.000    0.000    0.000 misc.py:365(ClassInstanceType)
        1    0.000    0.000    0.000    0.000 object_file.py:6(SectionIteratorRef)
        1    0.000    0.000    0.000    0.000 parser.py:67(HeaderParser)
        1    0.000    0.000    0.000    0.000 datatree_render.py:22(__init__)
        1    0.000    0.000    0.000    0.000 _encoded_words.py:73(_QByteMap)
        1    0.000    0.000    0.000    0.000 _trirefine.py:47(UniformTriRefiner)
        2    0.000    0.000    0.000    0.000 Image.py:3506(register_extension)
        3    0.000    0.000    0.000    0.000 index_tricks.py:320(__init__)
        1    0.000    0.000    0.000    0.000 rcsetup.py:131(_validate_date)
        1    0.000    0.000    0.000    0.000 _tight_bbox.py:1(<module>)
        5    0.000    0.000    0.000    0.000 codegen.py:620(enable_object_caching)
       10    0.000    0.000    0.000    0.000 cpu_options.py:147(is_never_inline)
        5    0.000    0.000    0.000    0.000 codegen.py:1082(is_symbol_defined)
        1    0.000    0.000    0.000    0.000 rolling.py:683(BaseWindowGroupby)
        1    0.000    0.000    0.000    0.000 hmac.py:27(HMAC)
        3    0.000    0.000    0.000    0.000 {method 'startswith' of 'bytes' objects}
        1    0.000    0.000    0.000    0.000 six.py:129(_LazyModule)
        1    0.000    0.000    0.000    0.000 {built-in method _elementtree._set_factories}
        1    0.000    0.000    0.000    0.000 __init__.py:167(check_getitem)
        2    0.000    0.000    0.000    0.000 ir.py:899(__init__)
        1    0.000    0.000    0.000    0.000 interface.py:1(<module>)
        1    0.000    0.000    0.000    0.000 common.py:245(AttrAccessMixin)
        1    0.000    0.000    0.000    0.000 error.py:4(Mark)
        1    0.000    0.000    0.000    0.000 integer.py:235(UInt8Dtype)
        1    0.000    0.000    0.000    0.000 numbers.py:292(Rational)
       12    0.000    0.000    0.000    0.000 ir.py:261(__init__)
        2    0.000    0.000    0.000    0.000 legend_handler.py:319(__init__)
        1    0.000    0.000    0.000    0.000 codegen.py:1002(RuntimeLinker)
        1    0.000    0.000    0.000    0.000 ir.py:639(__init__)
        1    0.000    0.000    0.000    0.000 dates.py:1192(RRuleLocator)
        1    0.000    0.000    0.000    0.000 bezier.py:189(BezierSegment)
        1    0.000    0.000    0.000    0.000 __init__.py:99(version_info)
       10    0.000    0.000    0.000    0.000 _pytesttester.py:76(__init__)
        1    0.000    0.000    0.000    0.000 {built-in method gc.isenabled}
        1    0.000    0.000    0.000    0.000 instructions.py:281(SwitchInstr)
        8    0.000    0.000    0.000    0.000 dataclasses.py:372(__init__)
       15    0.000    0.000    0.000    0.000 interpreter.py:1774(code_consts)
        1    0.000    0.000    0.000    0.000 integer.py:228(Int64Dtype)
        2    0.000    0.000    0.000    0.000 {method 'tobytes' of 'numpy.generic' objects}
        5    0.000    0.000    0.000    0.000 reduction.py:43(register)
        1    0.000    0.000    0.000    0.000 registry.py:48(DelayedRegistry)
        1    0.000    0.000    0.000    0.000 integer.py:242(UInt16Dtype)
        1    0.000    0.000    0.000    0.000 engines.py:47(AbstractEngine)
        1    0.000    0.000    0.000    0.000 {method '__dir__' of 'module' objects}
        2    0.000    0.000    0.000    0.000 scalars.py:56(maxval)
        1    0.000    0.000    0.000    0.000 csv.py:137(DictWriter)
        1    0.000    0.000    0.000    0.000 types.py:85(MetaDataType)
        2    0.000    0.000    0.000    0.000 model.py:332(build_c_name_with_marker)
        1    0.000    0.000    0.000    0.000 platform.py:799(_Processor)
       12    0.000    0.000    0.000    0.000 {method 'islower' of 'str' objects}
        1    0.000    0.000    0.000    0.000 tz.py:201(tzlocal)
        1    0.000    0.000    0.000    0.000 parse.py:361(_fix_result_transcoding)
        1    0.000    0.000    0.000    0.000 _mathtext.py:540(UnicodeFonts)
       10    0.000    0.000    0.000    0.000 {method 'seek' of '_io.StringIO' objects}
        6    0.000    0.000    0.000    0.000 results.py:261(__len__)
        1    0.000    0.000    0.000    0.000 codegen.py:1119(Codegen)
        1    0.000    0.000    0.000    0.000 transforms.py:4(Visitor)
        1    0.000    0.000    0.000    0.000 calendar.py:603(LocaleTextCalendar)
        1    0.000    0.000    0.000    0.000 core.py:6345(mvoid)
        1    0.000    0.000    0.000    0.000 {built-in method math.exp}
        1    0.000    0.000    0.000    0.000 readers.py:1568(TextFileReader)
        1    0.000    0.000    0.000    0.000 untyped_passes.py:487(CanonicalizeLoopEntry)
        1    0.000    0.000    0.000    0.000 format.py:189(SeriesFormatter)
        1    0.000    0.000    0.000    0.000 colors.py:1417(TwoSlopeNorm)
        1    0.000    0.000    0.000    0.000 colors.py:2278(LightSource)
        1    0.000    0.000    0.000    0.000 arrayprint.py:1367(StructuredVoidFormat)
        1    0.000    0.000    0.000    0.000 managers.py:1850(from_blocks)
        9    0.000    0.000    0.000    0.000 __init__.py:42(warn_copy_on_write)
        1    0.000    0.000    0.000    0.000 ssa.py:120(_compute_phi_locations)
        2    0.000    0.000    0.000    0.000 byteflow.py:442(op_POP_TOP)
        1    0.000    0.000    0.000    0.000 integer.py:249(UInt32Dtype)
        1    0.000    0.000    0.000    0.000 base.py:27(OverloadSelector)
        1    0.000    0.000    0.000    0.000 art3d.py:534(Patch3DCollection)
        1    0.000    0.000    0.000    0.000 isolve.py:1(<module>)
        1    0.000    0.000    0.000    0.000 byteflow.py:42(BlockKind)
       14    0.000    0.000    0.000    0.000 codegen.py:553(name)
        8    0.000    0.000    0.000    0.000 bytecode.py:89(is_jump)
        1    0.000    0.000    0.000    0.000 integer.py:256(UInt64Dtype)
        1    0.000    0.000    0.000    0.000 pydap_.py:84(PydapDataStore)
        1    0.000    0.000    0.000    0.000 bytecode.py:66(ByteCodeInst)
        1    0.000    0.000    0.000    0.000 values.py:931(Function)
        1    0.000    0.000    0.000    0.000 compiler_machinery.py:135(AnalysisUsage)
       10    0.000    0.000    0.000    0.000 bytecode.py:271(<genexpr>)
        1    0.000    0.000    0.000    0.000 event.py:220(Listener)
        1    0.000    0.000    0.000    0.000 templates.py:512(_OverloadFunctionTemplate)
        1    0.000    0.000    0.000    0.000 common.py:188(all_none)
        1    0.000    0.000    0.000    0.000 socket.py:664(SocketIO)
        4    0.000    0.000    0.000    0.000 base.py:831(_reset_identity)
        8    0.000    0.000    0.000    0.000 {method 'getvalue' of '_io.BytesIO' objects}
        1    0.000    0.000    0.000    0.000 context.py:203(reducer)
        1    0.000    0.000    0.000    0.000 winterm.py:28(WinTerm)
        1    0.000    0.000    0.000    0.000 ewm.py:933(OnlineExponentialMovingWindow)
        5    0.000    0.000    0.000    0.000 core.py:2348(_generateDefaultName)
        1    0.000    0.000    0.000    0.000 core.py:5123(Opt)
        1    0.000    0.000    0.000    0.000 sigparse.py:1(<module>)
        1    0.000    0.000    0.000    0.000 passmanagers.py:731(FunctionPassManager)
        1    0.000    0.000    0.000    0.000 byteflow.py:462(op_COPY_FREE_VARS)
        1    0.000    0.000    0.000    0.000 floating.py:163(Float64Dtype)
        1    0.000    0.000    0.000    0.000 abstract.py:267(Callable)
        1    0.000    0.000    0.000    0.000 scipy_.py:142(ScipyDataStore)
        1    0.000    0.000    0.000    0.000 ir.py:1341(verify)
        1    0.000    0.000    0.000    0.000 __init__.py:742(Prepared)
        1    0.000    0.000    0.000    0.000 callwrapper.py:212(_simplified_return_type)
        2    0.000    0.000    0.000    0.000 generic.py:572(_get_axis_number)
        1    0.000    0.000    0.000    0.000 sparsetools.py:1(<module>)
        1    0.000    0.000    0.000    0.000 patches.py:3136(_Base)
        6    0.000    0.000    0.000    0.000 {method 'count' of 'list' objects}
        1    0.000    0.000    0.000    0.000 variables.py:53(_ElementwiseFunctionArray)
        1    0.000    0.000    0.000    0.000 ansitowin32.py:16(StreamWrapper)
        4    0.000    0.000    0.000    0.000 construction.py:688(_sanitize_non_ordered)
        1    0.000    0.000    0.000    0.000 textpath.py:293(TextPath)
        1    0.000    0.000    0.000    0.000 concat.py:350(JoinUnit)
        1    0.000    0.000    0.000    0.000 widgets.py:66(Widget)
        1    0.000    0.000    0.000    0.000 ctypeslib.py:181(_ndptr)
        1    0.000    0.000    0.000    0.000 extras.py:1655(__init__)
        4    0.000    0.000    0.000    0.000 _version.py:78(_compare_version)
        1    0.000    0.000    0.000    0.000 typed_passes.py:420(BaseNativeLowering)
        1    0.000    0.000    0.000    0.000 c_parser_wrapper.py:194(close)
        8    0.000    0.000    0.000    0.000 {method 'items' of 'collections.OrderedDict' objects}
        2    0.000    0.000    0.000    0.000 cmathimpl.py:84(intrinsic_complex_unary)
        1    0.000    0.000    0.000    0.000 templates.py:1041(_OverloadAttributeTemplate)
        1    0.000    0.000    0.000    0.000 _interface.py:696(_ProductLinearOperator)
        1    0.000    0.000    0.000    0.000 targetconfig.py:13(Option)
       10    0.000    0.000    0.000    0.000 accessor.py:216(__init__)
        1    0.000    0.000    0.000    0.000 parfor.py:1432(PreParforPass)
        1    0.000    0.000    0.000    0.000 scope.py:26(DeepChainMap)
        1    0.000    0.000    0.000    0.000 decomp.py:1(<module>)
        1    0.000    0.000    0.000    0.000 _compression.py:33(DecompressReader)
        7    0.000    0.000    0.000    0.000 codegen.py:1143(target_data)
        1    0.000    0.000    0.000    0.000 colors.py:1878(AsinhNorm)
        1    0.000    0.000    0.000    0.000 scalars.py:135(Complex)
        1    0.000    0.000    0.000    0.000 pytables.py:4598(AppendableFrameTable)
        1    0.000    0.000    0.000    0.000 __init__.py:213(UTC)
       19    0.000    0.000    0.000    0.000 options.py:15(__init__)
        1    0.000    0.000    0.000    0.000 parfor.py:2209(ConvertReducePass)
        1    0.000    0.000    0.000    0.000 instructions.py:12(Instruction)
        1    0.000    0.000    0.000    0.000 ipc.py:78(RecordBatchStreamWriter)
        1    0.000    0.000    0.000    0.000 core.py:6844(_frommethod)
        1    0.000    0.000    0.000    0.000 getlimits.py:32(MachArLike)
        1    0.000    0.000    0.000    0.000 instructions.py:848(Fence)
        1    0.000    0.000    0.000    0.000 offsetbox.py:1141(OffsetImage)
        1    0.000    0.000    0.000    0.000 feedparser.py:44(BufferedSubFile)
        1    0.000    0.000    0.000    0.000 transforms.py:2159(_BlendedMixin)
        3    0.000    0.000    0.000    0.000 {method 'seek' of '_io.BufferedReader' objects}
       12    0.000    0.000    0.000    0.000 base.py:290(get_env_name)
       12    0.000    0.000    0.000    0.000 lowering.py:143(pre_block)
        1    0.000    0.000    0.000    0.000 _triinterpolate.py:232(LinearTriInterpolator)
        1    0.000    0.000    0.000    0.000 _structures.py:6(InfinityType)
        1    0.000    0.000    0.000    0.000 index_tricks.py:530(__init__)
       23    0.000    0.000    0.000    0.000 targetconfig.py:42(doc)
        1    0.000    0.000    0.000    0.000 expr.py:319(add_ops)
        1    0.000    0.000    0.000    0.000 info.py:772(_DataFrameTableBuilder)
        1    0.000    0.000    0.000    0.000 string.py:57(Template)
        5    0.000    0.000    0.000    0.000 {method 'from_address' of '_ctypes.PyCArrayType' objects}
        1    0.000    0.000    0.000    0.000 c_ast.py:700(Goto)
        1    0.000    0.000    0.000    0.000 parallelcompat.py:32(ChunkedArrayMixinProtocol)
        4    0.000    0.000    0.000    0.000 ir.py:882(__init__)
        1    0.000    0.000    0.000    0.000 info.py:593(_DataFrameInfoPrinter)
        2    0.000    0.000    0.000    0.000 common.py:1229(<genexpr>)
        1    0.000    0.000    0.000    0.000 config_init.py:295(is_terminal)
        1    0.000    0.000    0.000    0.000 core.py:5623(Combine)
        6    0.000    0.000    0.000    0.000 typed_passes.py:517(lowering_class)
       13    0.000    0.000    0.000    0.000 builder.py:158(_castop)
        1    0.000    0.000    0.000    0.000 feedparser.py:134(FeedParser)
        1    0.000    0.000    0.000    0.000 _parser.py:394(_ymd)
       15    0.000    0.000    0.000    0.000 base.py:806(get_dummy_type)
        8    0.000    0.000    0.000    0.000 dataclasses.py:433(<genexpr>)
        2    0.000    0.000    0.000    0.000 __init__.py:764(legacy_normalize)
        1    0.000    0.000    0.000    0.000 cftime_offsets.py:601(Day)
        1    0.000    0.000    0.000    0.000 misc.py:211(Object)
        1    0.000    0.000    0.000    0.000 typed_passes.py:563(NoPythonBackend)
       12    0.000    0.000    0.000    0.000 values.py:68(_castop)
        1    0.000    0.000    0.000    0.000 base.py:456(_engine_type)
        2    0.000    0.000    0.000    0.000 registry.py:75(check)
        1    0.000    0.000    0.000    0.000 core.py:2589(CaselessKeyword)
        3    0.000    0.000    0.000    0.000 _parser.py:295(seek)
        4    0.000    0.000    0.000    0.000 {method 'extend' of 'bytearray' objects}
        1    0.000    0.000    0.000    0.000 builtins.py:954(Bool)
        1    0.000    0.000    0.000    0.000 category.py:138(StrCategoryFormatter)
        1    0.000    0.000    0.000    0.000 core.py:903(_MaskedUnaryOperation)
        1    0.000    0.000    0.000    0.000 cpu_options.py:126(InlineOptions)
        1    0.000    0.000    0.000    0.000 scale.py:499(AsinhScale)
        1    0.000    0.000    0.000    0.000 typeconv.py:70(TypeCastingRules)
        1    0.000    0.000    0.000    0.000 ir.py:1088(Var)
        1    0.000    0.000    0.000    0.000 ElementTree.py:514(ElementTree)
        3    0.000    0.000    0.000    0.000 _add_docstring.py:11(add_newdoc)
        1    0.000    0.000    0.000    0.000 info.py:515(SeriesInfo)
        1    0.000    0.000    0.000    0.000 _triinterpolate.py:985(_DOF_estimator)
        1    0.000    0.000    0.000    0.000 ir.py:1063(__init__)
        3    0.000    0.000    0.000    0.000 model.py:12(qualify)
       11    0.000    0.000    0.000    0.000 interpreter.py:1782(code_names)
        1    0.000    0.000    0.000    0.000 six.py:219(is_package)
        1    0.000    0.000    0.000    0.000 _pep440.py:165(LegacyVersion)
        1    0.000    0.000    0.000    0.000 common.py:312(AbstractWritableDataStore)
        1    0.000    0.000    0.000    0.000 types.py:540(LiteralStructType)
        1    0.000    0.000    0.000    0.000 decorator.py:75(__init__)
        1    0.000    0.000    0.000    0.000 dok.py:1(<module>)
        1    0.000    0.000    0.000    0.000 untyped_passes.py:1638(LiteralPropagationSubPipelinePass)
        1    0.000    0.000    0.000    0.000 parallel.py:566(gen_snt_check)
        1    0.000    0.000    0.000    0.000 npytypes.py:577(NestedArray)
        1    0.000    0.000    0.000    0.000 containers.py:624(ListType)
        1    0.000    0.000    0.000    0.000 rolling.py:2872(RollingGroupby)
       14    0.000    0.000    0.000    0.000 byteflow.py:1835(terminate)
        1    0.000    0.000    0.000    0.000 compressed.py:1(<module>)
        1    0.000    0.000    0.000    0.000 __init__.py:336(SubclassedSeries)
        1    0.000    0.000    0.000    0.000 core.py:4045(Or)
       17    0.000    0.000    0.000    0.000 traceback.py:309(__len__)
        1    0.000    0.000    0.000    0.000 serialize.py:80(_CustomPickled)
        1    0.000    0.000    0.000    0.000 values.py:530(NamedValue)
        1    0.000    0.000    0.000    0.000 info.py:1032(_SeriesTableBuilderNonVerbose)
        1    0.000    0.000    0.000    0.000 info.py:673(_SeriesInfoPrinter)
        1    0.000    0.000    0.000    0.000 cloudpickle.py:492(_empty_cell_value)
        1    0.000    0.000    0.000    0.000 core.py:4740(PrecededBy)
        1    0.000    0.000    0.000    0.000 base.py:100(PandasObject)
       10    0.000    0.000    0.000    0.000 __future__.py:83(__init__)
        1    0.000    0.000    0.000    0.000 fastmathpass.py:5(FastFloatBinOpVisitor)
        1    0.000    0.000    0.000    0.000 parfor.py:553(Parfor)
        1    0.000    0.000    0.000    0.000 functions.py:519(Dispatcher)
        1    0.000    0.000    0.000    0.000 apply.py:1372(SeriesApply)
        1    0.000    0.000    0.000    0.000 _nbit.py:1(<module>)
        1    0.000    0.000    0.000    0.000 retarget.py:51(BaseRetarget)
        1    0.000    0.000    0.000    0.000 apply.py:709(NDFrameApply)
        1    0.000    0.000    0.000    0.000 offsetbox.py:707(TextArea)
        1    0.000    0.000    0.000    0.000 _datasource.py:196(DataSource)
        1    0.000    0.000    0.000    0.000 typed_passes.py:294(__init__)
       12    0.000    0.000    0.000    0.000 inline_closurecall.py:320(check)
        2    0.000    0.000    0.000    0.000 rcsetup.py:557(validate_sketch)
        1    0.000    0.000    0.000    0.000 colors.py:1840(SymLogNorm)
        1    0.000    0.000    0.000    0.000 bsr.py:1(<module>)
        1    0.000    0.000    0.000    0.000 arraydecl.py:573(StaticGetItemArray)
        1    0.000    0.000    0.000    0.000 {built-in method _hashlib.openssl_sha3_256}
        4    0.000    0.000    0.000    0.000 mixins.py:51(_unary_method)
        1    0.000    0.000    0.000    0.000 pydap_.py:34(PydapArrayWrapper)
        6    0.000    0.000    0.000    0.000 numbers.py:364(int_signed_unsigned_cmp)
        4    0.000    0.000    0.000    0.000 core.py:3417(dtype)
        6    0.000    0.000    0.000    0.000 numbers.py:18(_int_arith_flags)
        1    0.000    0.000    0.000    0.000 indexing.py:514(ExplicitlyIndexedNDArrayMixin)
        1    0.000    0.000    0.000    0.000 untyped_passes.py:91(RVSDGFrontend)
        8    0.000    0.000    0.000    0.000 base.py:74(<lambda>)
        1    0.000    0.000    0.000    0.000 funcdesc.py:181(PythonFunctionDescriptor)
        1    0.000    0.000    0.000    0.000 ir.py:1262(Block)
        1    0.000    0.000    0.000    0.000 ir.py:651(__repr__)
        1    0.000    0.000    0.000    0.000 __init__.py:106(__version__)
        6    0.000    0.000    0.000    0.000 ssa.py:38(__init__)
        1    0.000    0.000    0.000    0.000 pathlib.py:155(__init__)
        2    0.000    0.000    0.000    0.000 typed_passes.py:427(__init__)
        2    0.000    0.000    0.000    0.000 message.py:331(set_payload)
        1    0.000    0.000    0.000    0.000 ipaddress.py:563(_BaseAddress)
        1    0.000    0.000    0.000    0.000 decomp_qr.py:1(<module>)
        1    0.000    0.000    0.000    0.000 locks.py:212(CombinedLock)
        1    0.000    0.000    0.000    0.000 utils.py:566(NdimSizeLenMixin)
        1    0.000    0.000    0.000    0.000 _functools.py:1(<module>)
        9    0.000    0.000    0.000    0.000 byteflow.py:1917(pop_kw_names)
        1    0.000    0.000    0.000    0.000 _pep440.py:149(__ge__)
        1    0.000    0.000    0.000    0.000 accessors.py:151(ArrowTemporalProperties)
        1    0.000    0.000    0.000    0.000 format.py:1848(EngFormatter)
        1    0.000    0.000    0.000    0.000 ElementTree.py:1503(XMLParser)
        1    0.000    0.000    0.000    0.000 index_tricks.py:255(__init__)
        2    0.000    0.000    0.000    0.000 rcsetup.py:432(validate_ps_distiller)
        1    0.000    0.000    0.000    0.000 target_extension.py:117(Target)
        1    0.000    0.000    0.000    0.000 dsolve.py:1(<module>)
        1    0.000    0.000    0.000    0.000 lex.py:115(Lexer)
        1    0.000    0.000    0.000    0.000 config.py:99(_OptLevel)
        2    0.000    0.000    0.000    0.000 common.py:121(classes)
        1    0.000    0.000    0.000    0.000 image.py:1188(PcolorImage)
        1    0.000    0.000    0.000    0.000 lines.py:1467(AxLine)
        1    0.000    0.000    0.000    0.000 deprecation.py:308(_deprecated_parameter_class)
        1    0.000    0.000    0.000    0.000 scale.py:159(FuncScale)
        1    0.000    0.000    0.000    0.000 c_ast.py:1032(Typename)
        2    0.000    0.000    0.000    0.000 byteflow.py:304(_guard_with_as)
        1    0.000    0.000    0.000    0.000 cloudpickle.py:506(_empty_cell_value)
        1    0.000    0.000    0.000    0.000 functions.py:240(BaseFunction)
        1    0.000    0.000    0.000    0.000 extension.py:135(ExtensionIndex)
        1    0.000    0.000    0.000    0.000 _arrow_string_mixins.py:14(ArrowStringArrayMixin)
        6    0.000    0.000    0.000    0.000 compiler.py:335(__init__)
        1    0.000    0.000    0.000    0.000 pytables.py:4769(GenericTable)
        1    0.000    0.000    0.000    0.000 c_ast.py:513(Enum)
        1    0.000    0.000    0.000    0.000 values.py:619(MetaDataArgument)
        6    0.000    0.000    0.000    0.000 core.py:3491(<genexpr>)
        9    0.000    0.000    0.000    0.000 {method 'isdisjoint' of 'set' objects}
        1    0.000    0.000    0.000    0.000 extract.py:1(<module>)
        1    0.000    0.000    0.000    0.000 basic.py:1(<module>)
        1    0.000    0.000    0.000    0.000 indexing.py:1804(PandasMultiIndexingAdapter)
        1    0.000    0.000    0.000    0.000 ufuncbuilder.py:56(UFuncTarget)
        1    0.000    0.000    0.000    0.000 indexing.py:2545(_AtIndexer)
        1    0.000    0.000    0.000    0.000 _mathtext.py:221(Fonts)
        1    0.000    0.000    0.000    0.000 ticker.py:1109(LogitFormatter)
       16    0.000    0.000    0.000    0.000 context.py:148(init)
        1    0.000    0.000    0.000    0.000 abstract.py:292(DTypeSpec)
        1    0.000    0.000    0.000    0.000 tz.py:1167(_tzicalvtz)
        1    0.000    0.000    0.000    0.000 image.py:1325(FigureImage)
        1    0.000    0.000    0.000    0.000 patches.py:2534(Round4)
        1    0.000    0.000    0.000    0.000 c_ast.py:849(PtrDecl)
        1    0.000    0.000    0.000    0.000 core.py:2952(Char)
        5    0.000    0.000    0.000    0.000 pythonapi.py:102(__init__)
        1    0.000    0.000    0.000    0.000 strings.py:219(StackedBytesArray)
        2    0.000    0.000    0.000    0.000 feedparser.py:208(_pop_message)
        2    0.000    0.000    0.000    0.000 byteflow.py:1653(__eq__)
        1    0.000    0.000    0.000    0.000 instructions.py:828(LandingPadInstr)
        1    0.000    0.000    0.000    0.000 containers.py:704(DictType)
        1    0.000    0.000    0.000    0.000 _generated_version.py:1(<module>)
        1    0.000    0.000    0.000    0.000 figure.py:73(_AxesStack)
        1    0.000    0.000    0.000    0.000 {built-in method atexit.unregister}
        1    0.000    0.000    0.000    0.000 common.py:1117(_maybe_memory_map)
        1    0.000    0.000    0.000    0.000 dia.py:1(<module>)
        1    0.000    0.000    0.000    0.000 ufuncbuilder.py:59(__init__)
        1    0.000    0.000    0.000    0.000 functions.py:712(RecursiveCall)
        2    0.000    0.000    0.000    0.000 rcsetup.py:611(_validate_minor_tick_ndivs)
        1    0.000    0.000    0.000    0.000 {built-in method numpy.core._multiarray_umath._reload_guard}
        1    0.000    0.000    0.000    0.000 yacc.py:1473(Grammar)
        1    0.000    0.000    0.000    0.000 decomp_cholesky.py:1(<module>)
        1    0.000    0.000    0.000    0.000 c_parser_wrapper.py:56(CParserWrapper)
        1    0.000    0.000    0.000    0.000 core.py:5804(Suppress)
        1    0.000    0.000    0.000    0.000 PngImagePlugin.py:151(ChunkStream)
        1    0.000    0.000    0.000    0.000 indexing.py:591(LazilyIndexedArray)
        1    0.000    0.000    0.000    0.000 byteflow.py:1993(AdaptCFA)
       11    0.000    0.000    0.000    0.000 flags.py:55(allows_duplicate_labels)
        1    0.000    0.000    0.000    0.000 data.py:1(<module>)
        1    0.000    0.000    0.000    0.000 codegen.py:1008(__init__)
        2    0.000    0.000    0.000    0.000 message.py:211(is_multipart)
        1    0.000    0.000    0.000    0.000 numpy_support.py:311(UFuncLoopSpec)
       13    0.000    0.000    0.000    0.000 functions.py:700(key)
        1    0.000    0.000    0.000    0.000 ewm.py:900(ExponentialMovingWindowGroupby)
       11    0.000    0.000    0.000    0.000 managers.py:1940(_block)
        1    0.000    0.000    0.000    0.000 _svdp.py:51(_AProd)
        1    0.000    0.000    0.000    0.000 _dok.py:592(dok_matrix)
        1    0.000    0.000    0.000    0.000 asnumbatype.py:8(AsNumbaTypeRegistry)
        1    0.000    0.000    0.000    0.000 ir.py:1380(With)
        1    0.000    0.000    0.000    0.000 legend_handler.py:398(HandlerLineCollection)
        1    0.000    0.000    0.000    0.000 cpu_options.py:7(AbstractOptionValue)
        1    0.000    0.000    0.000    0.000 polar.py:402(ThetaAxis)
       10    0.000    0.000    0.000    0.000 _strptime.py:210(<genexpr>)
       11    0.000    0.000    0.000    0.000 generic.py:363(attrs)
        1    0.000    0.000    0.000    0.000 <frozen importlib._bootstrap>:1158(create_module)
        1    0.000    0.000    0.000    0.000 ir.py:771(DynamicRaise)
        1    0.000    0.000    0.000    0.000 byteflow.py:1133(op_KW_NAMES)
        1    0.000    0.000    0.000    0.000 index_tricks.py:211(MGridClass)
        2    0.000    0.000    0.000    0.000 rcsetup.py:543(validate_bbox)
        1    0.000    0.000    0.000    0.000 npyio.py:106(NpzFile)
       17    0.000    0.000    0.000    0.000 __init__.py:508(_parse_local_version)
        1    0.000    0.000    0.000    0.000 decomp_svd.py:1(<module>)
        1    0.000    0.000    0.000    0.000 ops.py:298(__init_subclass__)
        1    0.000    0.000    0.000    0.000 errors.py:712(InternalTargetMismatchError)
        1    0.000    0.000    0.000    0.000 pytables.py:66(Term)
        1    0.000    0.000    0.000    0.000 __init__.py:48(PackageNotFoundError)
        2    0.000    0.000    0.000    0.000 interpreter.py:1718(_var_used_in_binop)
        1    0.000    0.000    0.000    0.000 value.py:417(_AttributeListIterator)
        8    0.000    0.000    0.000    0.000 plyparser.py:80(decorate)
        1    0.000    0.000    0.000    0.000 enumdecl.py:15(EnumAttribute)
        1    0.000    0.000    0.000    0.000 _special_sparse_arrays.py:518(Sakurai)
        1    0.000    0.000    0.000    0.000 ir.py:1394(FunctionIR)
        1    0.000    0.000    0.000    0.000 context.py:230(DefaultContext)
        1    0.000    0.000    0.000    0.000 resample.py:1730(DatetimeIndexResampler)
        1    0.000    0.000    0.000    0.000 exceptions.py:26(DuplicateEditVariable)
        1    0.000    0.000    0.000    0.000 model.py:336(force_the_name)
        1    0.000    0.000    0.000    0.000 {built-in method _hashlib.openssl_sha512}
        3    0.000    0.000    0.000    0.000 __init__.py:426(<genexpr>)
        5    0.000    0.000    0.000    0.000 six.py:186(_get_module)
        1    0.000    0.000    0.000    0.000 {built-in method _hashlib.openssl_sha3_384}
       10    0.000    0.000    0.000    0.000 base.py:455(__init__)
        1    0.000    0.000    0.000    0.000 module.py:244(_FunctionsIterator)
        1    0.000    0.000    0.000    0.000 art3d.py:412(Patch3D)
        1    0.000    0.000    0.000    0.000 types.py:109(PointerType)
       13    0.000    0.000    0.000    0.000 version.py:491(_parse_local_version)
        1    0.000    0.000    0.000    0.000 decomp_lu.py:1(<module>)
        1    0.000    0.000    0.000    0.000 common.py:488(BackendEntrypoint)
        1    0.000    0.000    0.000    0.000 type_annotations.py:16(SourceLines)
        1    0.000    0.000    0.000    0.000 _collections.py:27(Pair)
        1    0.000    0.000    0.000    0.000 serialize.py:232(PickleCallableByPath)
        1    0.000    0.000    0.000    0.000 rrule.py:94(rrulebase)
        1    0.000    0.000    0.000    0.000 coo.py:1(<module>)
        1    0.000    0.000    0.000    0.000 context.py:284(SpawnProcess)
        1    0.000    0.000    0.000    0.000 abc.py:80(ResourceLoader)
        1    0.000    0.000    0.000    0.000 registry.py:28(RewriteRegistry)
        1    0.000    0.000    0.000    0.000 api.py:114(__getattr__)
        1    0.000    0.000    0.000    0.000 nputils.py:157(NumpyVIndexAdapter)
        1    0.000    0.000    0.000    0.000 scalars.py:230(EnumMember)
        1    0.000    0.000    0.000    0.000 backend_tools.py:245(ToolSetCursor)
        1    0.000    0.000    0.000    0.000 model.py:97(BasePrimitiveType)
        1    0.000    0.000    0.000    0.000 scale.py:409(SymmetricalLogScale)
        1    0.000    0.000    0.000    0.000 _util.py:856(_RichResult)
        1    0.000    0.000    0.000    0.000 zarr.py:1124(ZarrBackendEntrypoint)
        1    0.000    0.000    0.000    0.000 _cm.py:66(cubehelix)
        1    0.000    0.000    0.000    0.000 random.py:876(SystemRandom)
        2    0.000    0.000    0.000    0.000 __init__.py:373(_FuncPtr)
        1    0.000    0.000    0.000    0.000 npytypes.py:254(DType)
        1    0.000    0.000    0.000    0.000 decoder.py:254(JSONDecoder)
        7    0.000    0.000    0.000    0.000 typing.py:3013(<lambda>)
        1    0.000    0.000    0.000    0.000 callconv.py:168(MinimalCallConv)
        1    0.000    0.000    0.000    0.000 types.py:14(Type)
        5    0.000    0.000    0.000    0.000 _ufunc_config.py:426(__init__)
        1    0.000    0.000    0.000    0.000 pythonapi.py:110(__init__)
        2    0.000    0.000    0.000    0.000 representer.py:71(add_multi_representer)
        1    0.000    0.000    0.000    0.000 transforms.py:2525(BboxTransform)
        6    0.000    0.000    0.000    0.000 {built-in method _stat.S_ISDIR}
        1    0.000    0.000    0.000    0.000 firstlinefinder.py:9(FindDefFirstLine)
        1    0.000    0.000    0.000    0.000 npytypes.py:15(CharSeq)
        1    0.000    0.000    0.000    0.000 abstract.py:332(IteratorType)
        1    0.000    0.000    0.000    0.000 utils.py:296(ConfigOptions)
        1    0.000    0.000    0.000    0.000 array_analysis.py:741(SymbolicEquivSet)
        1    0.000    0.000    0.000    0.000 npyimpl.py:51(_ScalarHelper)
        1    0.000    0.000    0.000    0.000 csc.py:1(<module>)
        1    0.000    0.000    0.000    0.000 serialize.py:180(disable_pickling)
        8    0.000    0.000    0.000    0.000 abstract.py:104(mangling_args)
        1    0.000    0.000    0.000    0.000 calendar.py:442(HTMLCalendar)
        1    0.000    0.000    0.000    0.000 phytoplankton.py:20(Algae_Species)
        1    0.000    0.000    0.000    0.000 compiler_machinery.py:409(PassRegistry)
        1    0.000    0.000    0.000    0.000 tarfile.py:606(_FileInFile)
        1    0.000    0.000    0.000    0.000 instructions.py:595(ExtractElement)
        1    0.000    0.000    0.000    0.000 _misc.py:636(__init__)
        1    0.000    0.000    0.000    0.000 image.py:1388(BboxImage)
        1    0.000    0.000    0.000    0.000 collections.py:1748(CircleCollection)
        1    0.000    0.000    0.000    0.000 tempfile.py:132(_RandomNameSequence)
        1    0.000    0.000    0.000    0.000 memory.py:11(InMemoryDataStore)
        1    0.000    0.000    0.000    0.000 locks.py:219(__init__)
        8    0.000    0.000    0.000    0.000 models.py:718(inner_models)
        1    0.000    0.000    0.000    0.000 models.py:435(UniTupleModel)
        1    0.000    0.000    0.000    0.000 lines.py:1602(VertexSelector)
        1    0.000    0.000    0.000    0.000 lil.py:1(<module>)
        2    0.000    0.000    0.000    0.000 controlflow.py:454(intersect)
        1    0.000    0.000    0.000    0.000 postproc.py:63(PostProcessor)
        1    0.000    0.000    0.000    0.000 core.py:4307(Each)
        5    0.000    0.000    0.000    0.000 expr.py:120(_compose2)
        4    0.000    0.000    0.000    0.000 funcdesc.py:126(llvm_cfunc_wrapper_name)
        1    0.000    0.000    0.000    0.000 sql.py:2478(SQLiteTable)
        1    0.000    0.000    0.000    0.000 _globals.py:52(__new__)
        1    0.000    0.000    0.000    0.000 ir.py:990(PopBlock)
        1    0.000    0.000    0.000    0.000 scale.py:261(LogScale)
        1    0.000    0.000    0.000    0.000 Image.py:2875(ImagePointHandler)
        1    0.000    0.000    0.000    0.000 string.py:188(Formatter)
        1    0.000    0.000    0.000    0.000 untyped_passes.py:755(MixedContainerUnroller)
        1    0.000    0.000    0.000    0.000 ir.py:1686(__new__)
        1    0.000    0.000    0.000    0.000 instructions.py:315(SelectInstr)
        1    0.000    0.000    0.000    0.000 _mathtext.py:329(TruetypeFonts)
        1    0.000    0.000    0.000    0.000 {built-in method _hashlib.openssl_sha256}
        2    0.000    0.000    0.000    0.000 traceback.py:327(walk_stack)
        1    0.000    0.000    0.000    0.000 orcjit.py:17(JITLibraryBuilder)
        2    0.000    0.000    0.000    0.000 traceback.py:265(__init__)
        1    0.000    0.000    0.000    0.000 __init__.py:1285(is_interactive)
        1    0.000    0.000    0.000    0.000 accessors.py:62(ListAccessor)
        1    0.000    0.000    0.000    0.000 category.py:168(UnitData)
        1    0.000    0.000    0.000    0.000 _adapters.py:46(SpecPath)
        8    0.000    0.000    0.000    0.000 models.py:503(inner_models)
        1    0.000    0.000    0.000    0.000 timeit.py:86(Timer)
        1    0.000    0.000    0.000    0.000 caching.py:155(_SourceFileBackedLocatorMixin)
        1    0.000    0.000    0.000    0.000 instructions.py:394(FCMPInstr)
        1    0.000    0.000    0.000    0.000 _pep440.py:45(Infinity)
        1    0.000    0.000    0.000    0.000 __init__.py:27(classproperty)
        1    0.000    0.000    0.000    0.000 {built-in method _hashlib.openssl_sha3_512}
        1    0.000    0.000    0.000    0.000 selectors.py:290(SelectSelector)
        4    0.000    0.000    0.000    0.000 typeinfer.py:713(__init__)
        1    0.000    0.000    0.000    0.000 values.py:1145(Block)
        1    0.000    0.000    0.000    0.000 config.py:225(__init__)
        9    0.000    0.000    0.000    0.000 core.py:1518(<genexpr>)
        1    0.000    0.000    0.000    0.000 __init__.py:1182(_ZipWriteFile)
        1    0.000    0.000    0.000    0.000 event.py:258(TimingListener)
        1    0.000    0.000    0.000    0.000 _typing.py:262(BaseBuffer)
        1    0.000    0.000    0.000    0.000 backend_managers.py:13(ToolTriggerEvent)
        1    0.000    0.000    0.000    0.000 PngImagePlugin.py:240(iTXt)
        1    0.000    0.000    0.000    0.000 function_type.py:150(WrapperAddressProtocol)
       12    0.000    0.000    0.000    0.000 accessors.py:162(<lambda>)
        1    0.000    0.000    0.000    0.000 datatree_render.py:21(AbstractStyle)
        1    0.000    0.000    0.000    0.000 npydecl.py:259(NumpyRulesUnaryArrayOperator)
        1    0.000    0.000    0.000    0.000 npytypes.py:35(UnicodeCharSeq)
        1    0.000    0.000    0.000    0.000 resample.py:1878(PeriodIndexResampler)
        1    0.000    0.000    0.000    0.000 misc.py:96(Omitted)
        1    0.000    0.000    0.000    0.000 pytables.py:420(PyTablesExprVisitor)
        1    0.000    0.000    0.000    0.000 tz.py:874(tzrange)
        1    0.000    0.000    0.000    0.000 layout_engine.py:132(TightLayoutEngine)
        1    0.000    0.000    0.000    0.000 __init__.py:764(_get_backend_or_none)
        6    0.000    0.000    0.000    0.000 nanops.py:99(__init__)
        1    0.000    0.000    0.000    0.000 arithmetic.py:23(SupportsArithmetic)
        2    0.000    0.000    0.000    0.000 byteflow.py:1745(get_tos)
        1    0.000    0.000    0.000    0.000 layout_engine.py:211(ConstrainedLayoutEngine)
        1    0.000    0.000    0.000    0.000 transforms.py:2568(BboxTransformTo)
        2    0.000    0.000    0.000    0.000 common.py:91(ensure_python_int)
        1    0.000    0.000    0.000    0.000 typeinfer.py:703(IntrinsicCallConstraint)
        3    0.000    0.000    0.000    0.000 __init__.py:55(using_pyarrow_string_dtype)
        1    0.000    0.000    0.000    0.000 records.py:223(record)
        1    0.000    0.000    0.000    0.000 function_base.py:2117(vectorize)
        1    0.000    0.000    0.000    0.000 tracing.py:12(__init__)
        1    0.000    0.000    0.000    0.000 records.py:308(recarray)
        1    0.000    0.000    0.000    0.000 type_annotations.py:45(TypeAnnotation)
        1    0.000    0.000    0.000    0.000 retarget.py:13(RetargetCache)
        1    0.000    0.000    0.000    0.000 accessors.py:434(TimedeltaProperties)
        9    0.000    0.000    0.000    0.000 core.py:4066(<genexpr>)
        1    0.000    0.000    0.000    0.000 model.py:25(BaseTypeByIdentity)
        6    0.000    0.000    0.000    0.000 typeinfer.py:141(__init__)
        1    0.000    0.000    0.000    0.000 types.py:290(_BaseFloatType)
        1    0.000    0.000    0.000    0.000 __init__.py:322(CDLL)
        1    0.000    0.000    0.000    0.000 packer.py:60(ArgPacker)
        1    0.000    0.000    0.000    0.000 castgraph.py:30(CastSet)
        1    0.000    0.000    0.000    0.000 widgets.py:163(Button)
        1    0.000    0.000    0.000    0.000 core.py:5613(TokenConverter)
       12    0.000    0.000    0.000    0.000 controlflow.py:286(dead_nodes)
        1    0.000    0.000    0.000    0.000 core.py:4671(AtLineStart)
        1    0.000    0.000    0.000    0.000 cgutils.py:254(Structure)
        1    0.000    0.000    0.000    0.000 targets.py:263(TargetMachine)
        1    0.000    0.000    0.000    0.000 ImageFile.py:380(Parser)
        5    0.000    0.000    0.000    0.000 {method 'truncate' of '_io.StringIO' objects}
        1    0.000    0.000    0.000    0.000 yacc.py:2099(LRGeneratedTable)
        3    0.000    0.000    0.000    0.000 init_utils.py:30(try_int)
        1    0.000    0.000    0.000    0.000 base_parser.py:1123(_make_date_converter)
        1    0.000    0.000    0.000    0.000 _data.py:173(_minmax_mixin)
       12    0.000    0.000    0.000    0.000 _pep440.py:392(_parse_letter_version)
        1    0.000    0.000    0.000    0.000 functions.py:62(_ResolutionFailures)
        1    0.000    0.000    0.000    0.000 containers.py:228(UniTuple)
        1    0.000    0.000    0.000    0.000 six.py:169(_SixMetaPathImporter)
        5    0.000    0.000    0.000    0.000 extension_array.py:18(decorator)
        1    0.000    0.000    0.000    0.000 axis.py:462(YTick)
        1    0.000    0.000    0.000    0.000 {built-in method _hashlib.openssl_shake_256}
        1    0.000    0.000    0.000    0.000 __init__.py:351(__init__)
        1    0.000    0.000    0.000    0.000 yacc.py:1309(Production)
        1    0.000    0.000    0.000    0.000 offsetbox.py:824(AuxTransformBox)
        1    0.000    0.000    0.000    0.000 caching.py:187(_UserProvidedCacheLocator)
        1    0.000    0.000    0.000    0.000 header.py:175(Header)
        1    0.000    0.000    0.000    0.000 containers.py:206(_HomogeneousTuple)
        1    0.000    0.000    0.000    0.000 backend_managers.py:4(ToolEvent)
        1    0.000    0.000    0.000    0.000 enumdecl.py:23(EnumClassAttribute)
        1    0.000    0.000    0.000    0.000 store.py:19(StoreBackendEntrypoint)
        1    0.000    0.000    0.000    0.000 indexing.py:313(ExplicitIndexer)
        1    0.000    0.000    0.000    0.000 indexing.py:694(LazilyVectorizedIndexedArray)
        1    0.000    0.000    0.000    0.000 arrow_parser_wrapper.py:32(ArrowParserWrapper)
        1    0.000    0.000    0.000    0.000 __init__.py:85(get_projection_names)
        1    0.000    0.000    0.000    0.000 text.py:1370(OffsetFrom)
        1    0.000    0.000    0.000    0.000 core.py:2367(Literal)
        1    0.000    0.000    0.000    0.000 Image.py:440(_E)
        1    0.000    0.000    0.000    0.000 __init__.py:233(__getattr__)
        1    0.000    0.000    0.000    0.000 getlimits.py:630(iinfo)
        1    0.000    0.000    0.000    0.000 _typing.py:112(_array)
        1    0.000    0.000    0.000    0.000 selectors.py:442(EpollSelector)
        1    0.000    0.000    0.000    0.000 dates.py:1116(DateLocator)
        1    0.000    0.000    0.000    0.000 transforms.py:2663(ScaledTranslation)
        1    0.000    0.000    0.000    0.000 parfor_lowering.py:44(ParforLower)
        1    0.000    0.000    0.000    0.000 ImageFile.py:692(PyDecoder)
        3    0.000    0.000    0.000    0.000 __init__.py:726(_check_compression)
        3    0.000    0.000    0.000    0.000 core.py:1362(getmask)
        1    0.000    0.000    0.000    0.000 utils.py:604(NDArrayMixin)
        1    0.000    0.000    0.000    0.000 abc.py:149(ExecutionLoader)
        1    0.000    0.000    0.000    0.000 callwrapper.py:92(__init__)
        1    0.000    0.000    0.000    0.000 info.py:934(_DataFrameTableBuilderVerbose)
        1    0.000    0.000    0.000    0.000 core.py:4865(NotAny)
        3    0.000    0.000    0.000    0.000 {method 'toordinal' of 'datetime.date' objects}
        4    0.000    0.000    0.000    0.000 utils.py:1009(__init__)
        6    0.000    0.000    0.000    0.000 utils.py:208(__init__)
        8    0.000    0.000    0.000    0.000 models.py:451(get_data_type)
        1    0.000    0.000    0.000    0.000 compiler_lock.py:7(_CompilerLock)
        1    0.000    0.000    0.000    0.000 h5netcdf_.py:343(H5netcdfBackendEntrypoint)
        1    0.000    0.000    0.000    0.000 expanding.py:945(ExpandingGroupby)
        1    0.000    0.000    0.000    0.000 accessors.py:215(StructAccessor)
        1    0.000    0.000    0.000    0.000 offsetbox.py:527(PaddedBox)
        6    0.000    0.000    0.000    0.000 _type_aliases.py:92(<genexpr>)
        1    0.000    0.000    0.000    0.000 netCDF4_.py:581(NetCDF4BackendEntrypoint)
        1    0.000    0.000    0.000    0.000 dispatcher.py:88(_FunctionCompiler)
        1    0.000    0.000    0.000    0.000 tzfile.py:12(_byte_string)
        1    0.000    0.000    0.000    0.000 gridspec.py:318(GridSpec)
        1    0.000    0.000    0.000    0.000 cbook.py:677(_Stack)
        1    0.000    0.000    0.000    0.000 _iotools.py:133(LineSplitter)
        1    0.000    0.000    0.000    0.000 _weakrefset.py:85(add)
        1    0.000    0.000    0.000    0.000 html.py:579(_BeautifulSoupHtml5LibFrameParser)
        1    0.000    0.000    0.000    0.000 {built-in method gc.disable}
        1    0.000    0.000    0.000    0.000 inline_closurecall.py:68(InlineClosureCallPass)
        1    0.000    0.000    0.000    0.000 c_ast.py:30(Node)
        1    0.000    0.000    0.000    0.000 pydap_.py:148(PydapBackendEntrypoint)
        1    0.000    0.000    0.000    0.000 missing.py:63(BaseInterpolator)
        1    0.000    0.000    0.000    0.000 caching.py:224(_UserWideCacheLocator)
        9    0.000    0.000    0.000    0.000 options.py:15(<lambda>)
        1    0.000    0.000    0.000    0.000 stencilparfor.py:33(StencilPass)
        1    0.000    0.000    0.000    0.000 config.py:268(CallableDynamicDoc)
        1    0.000    0.000    0.000    0.000 __init__.py:25(InfinityType)
        6    0.000    0.000    0.000    0.000 transforms.py:742(consolidate_multi_exit_withs)
        1    0.000    0.000    0.000    0.000 accessors.py:282(DatetimeProperties)
        3    0.000    0.000    0.000    0.000 {method 'copy' of 'mappingproxy' objects}
        6    0.000    0.000    0.000    0.000 nrt.py:48(_init_guard)
        2    0.000    0.000    0.000    0.000 callwrapper.py:224(debug_print)
        1    0.000    0.000    0.000    0.000 utils.py:462(MutableSortedMap)
        1    0.000    0.000    0.000    0.000 containers.py:29(Pair)
        1    0.000    0.000    0.000    0.000 utils.py:61(ArrowCTypes)
        1    0.000    0.000    0.000    0.000 describe.py:101(NDFrameDescriberAbstract)
        1    0.000    0.000    0.000    0.000 colorbar.py:123(_ColorbarSpine)
        1    0.000    0.000    0.000    0.000 core.py:5012(_generateDefaultName)
        1    0.000    0.000    0.000    0.000 pathlib.py:52(_ignore_error)
        1    0.000    0.000    0.000    0.000 errors.py:534(NumbaError)
        1    0.000    0.000    0.000    0.000 ffi.py:45(_LLVMLock)
        2    0.000    0.000    0.000    0.000 sysconfig.py:284(_get_preferred_schemes)
        3    0.000    0.000    0.000    0.000 __init__.py:443(__init__)
        7    0.000    0.000    0.000    0.000 {method '__exit__' of '_thread.lock' objects}
        1    0.000    0.000    0.000    0.000 orcjit.py:182(ResourceTracker)
        1    0.000    0.000    0.000    0.000 pytables.py:3203(SeriesFixed)
        1    0.000    0.000    0.000    0.000 legend_handler.py:724(__init__)
        1    0.000    0.000    0.000    0.000 calendar.py:325(TextCalendar)
        1    0.000    0.000    0.000    0.000 collections.py:1008(PathCollection)
        1    0.000    0.000    0.000    0.000 {built-in method posix.confstr}
        1    0.000    0.000    0.000    0.000 arpack.py:991(IterOpInv)
        1    0.000    0.000    0.000    0.000 utils.py:201(ReprObject)
        1    0.000    0.000    0.000    0.000 builtins.py:689(MemoryViewAttribute)
        2    0.000    0.000    0.000    0.000 imputils.py:260(__init__)
        1    0.000    0.000    0.000    0.000 models.py:942(RecordModel)
        1    0.000    0.000    0.000    0.000 types.py:436(ArrayType)
        1    0.000    0.000    0.000    0.000 instructions.py:54(CallInstrAttributes)
        9    0.000    0.000    0.000    0.000 base.py:6672(_maybe_cast_indexer)
        1    0.000    0.000    0.000    0.000 pydoc.py:543(HTMLRepr)
        1    0.000    0.000    0.000    0.000 ElementTree.py:466(QName)
        8    0.000    0.000    0.000    0.000 __init__.py:56(fget)
       12    0.000    0.000    0.000    0.000 typeinfer.py:1777(propagate_finished)
        1    0.000    0.000    0.000    0.000 common.py:15(SimpleIterableType)
        1    0.000    0.000    0.000    0.000 _mathtext.py:1068(Char)
        1    0.000    0.000    0.000    0.000 pprint.py:80(_safe_key)
        1    0.000    0.000    0.000    0.000 art3d.py:462(PathPatch3D)
        7    0.000    0.000    0.000    0.000 {method '_is_owned' of '_thread.RLock' objects}
        1    0.000    0.000    0.000    0.000 inline_closurecall.py:294(InlineWorker)
        1    0.000    0.000    0.000    0.000 callwrapper.py:11(__init__)
        1    0.000    0.000    0.000    0.000 pytables.py:1922(TableIterator)
        1    0.000    0.000    0.000    0.000 _internal.py:616(_Stream)
        2    0.000    0.000    0.000    0.000 typeinfer.py:488(get_call_signature)
        7    0.000    0.000    0.000    0.000 parfor.py:747(has_setup)
        1    0.000    0.000    0.000    0.000 _factories.py:13(__call__)
        1    0.000    0.000    0.000    0.000 merge.py:1959(_AsOfMerge)
        1    0.000    0.000    0.000    0.000 patches.py:3207(_Curve)
        1    0.000    0.000    0.000    0.000 memmap.py:22(memmap)
        8    0.000    0.000    0.000    0.000 six.py:80(_add_doc)
        1    0.000    0.000    0.000    0.000 core.py:1283(_replace_dtype_fields_recursive)
       11    0.000    0.000    0.000    0.000 ssa.py:317(on_other)
        1    0.000    0.000    0.000    0.000 scalars.py:216(IntEnumClass)
        1    0.000    0.000    0.000    0.000 geo.py:223(_GeoTransform)
        1    0.000    0.000    0.000    0.000 _factories.py:9(__init__)
        1    0.000    0.000    0.000    0.000 core.py:2372(_MaskedPrintOption)
        1    0.000    0.000    0.000    0.000 common.py:97(IOArgs)
        1    0.000    0.000    0.000    0.000 _typing.py:56(_SupportsDType)
        1    0.000    0.000    0.000    0.000 models.py:224(PrimitiveModel)
        1    0.000    0.000    0.000    0.000 containers.py:351(_StarArgTupleMixin)
        1    0.000    0.000    0.000    0.000 caching.py:77(NullCache)
        1    0.000    0.000    0.000    0.000 model.py:298(__init__)
        1    0.000    0.000    0.000    0.000 __init__.py:398(_FixedOffset)
        8    0.000    0.000    0.000    0.000 plyparser.py:70(parameterized)
        6    0.000    0.000    0.000    0.000 callconv.py:912(__init__)
        2    0.000    0.000    0.000    0.000 {built-in method sys.getfilesystemencoding}
        1    0.000    0.000    0.000    0.000 rrule.py:1112(_iterinfo)
        1    0.000    0.000    0.000    0.000 backend_bases.py:1409(MouseEvent)
        1    0.000    0.000    0.000    0.000 index_tricks.py:562(__init__)
        1    0.000    0.000    0.000    0.000 common.py:1040(needs_i8_conversion)
        1    0.000    0.000    0.000    0.000 _common.py:6(weekday)
        1    0.000    0.000    0.000    0.000 backend_tools.py:934(ToolCopyToClipboardBase)
        1    0.000    0.000    0.000    0.000 ssa.py:321(_FixSSAVars)
        1    0.000    0.000    0.000    0.000 typed_passes.py:598(InlineOverloads)
        1    0.000    0.000    0.000    0.000 stata.py:3023(StataStrLWriter)
        1    0.000    0.000    0.000    0.000 backend_bases.py:1246(Event)
        1    0.000    0.000    0.000    0.000 registry.py:33(__init__)
        1    0.000    0.000    0.000    0.000 utils.py:415(Frozen)
        1    0.000    0.000    0.000    0.000 containers.py:302(Tuple)
        1    0.000    0.000    0.000    0.000 core.py:6735(_extrema_operation)
        2    0.000    0.000    0.000    0.000 {built-in method _stat.S_ISREG}
        1    0.000    0.000    0.000    0.000 parser.py:16(Parser)
        1    0.000    0.000    0.000    0.000 legend_handler.py:46(HandlerBase)
        1    0.000    0.000    0.000    0.000 __init__.py:69(ProjectionRegistry)
        9    0.000    0.000    0.000    0.000 core.py:4067(<genexpr>)
        2    0.000    0.000    0.000    0.000 {method 'acquire' of '_thread.lock' objects}
        1    0.000    0.000    0.000    0.000 scipy_.py:267(ScipyBackendEntrypoint)
        1    0.000    0.000    0.000    0.000 indexing.py:771(CopyOnWriteArray)
        1    0.000    0.000    0.000    0.000 _policybase.py:18(_PolicyBase)
       12    0.000    0.000    0.000    0.000 byteflow.py:1663(instructions)
        1    0.000    0.000    0.000    0.000 _pep440.py:77(NegativeInfinity)
        1    0.000    0.000    0.000    0.000 pytables.py:50(PyTablesScope)
        1    0.000    0.000    0.000    0.000 model.py:345(StructOrUnion)
        1    0.000    0.000    0.000    0.000 ImageFile.py:742(PyEncoder)
        1    0.000    0.000    0.000    0.000 version.py:94(__ge__)
        1    0.000    0.000    0.000    0.000 _nested_sequence.py:18(_NestedSequence)
        5    0.000    0.000    0.000    0.000 dispatcher.py:166(_get_implementation)
        1    0.000    0.000    0.000    0.000 npytypes.py:635(__init__)
        4    0.000    0.000    0.000    0.000 containers.py:294(<lambda>)
        6    0.000    0.000    0.000    0.000 common.py:32(yield_type)
        1    0.000    0.000    0.000    0.000 ir.py:260(VarMap)
        1    0.000    0.000    0.000    0.000 polar.py:449(RadialLocator)
        1    0.000    0.000    0.000    0.000 _mathtext.py:903(FontConstantsBase)
        1    0.000    0.000    0.000    0.000 process.py:364(_ParentProcess)
        1    0.000    0.000    0.000    0.000 functions.py:680(NumberClass)
        1    0.000    0.000    0.000    0.000 info.py:1000(_SeriesTableBuilder)
        4    0.000    0.000    0.000    0.000 arraymath.py:1065(nan_min_max_factory)
        1    0.000    0.000    0.000    0.000 context.py:277(ForkProcess)
        3    0.000    0.000    0.000    0.000 typeinfer.py:775(__init__)
        1    0.000    0.000    0.000    0.000 calendar.py:195(__init__)
        1    0.000    0.000    0.000    0.000 _internal.py:205(dummy_ctype)
        3    0.000    0.000    0.000    0.000 __init__.py:1942(close)
        1    0.000    0.000    0.000    0.000 ops.py:364(BinOp)
        1    0.000    0.000    0.000    0.000 printing.py:506(_TextAdjustment)
        1    0.000    0.000    0.000    0.000 ipc.py:114(RecordBatchFileWriter)
        1    0.000    0.000    0.000    0.000 streamplot.py:322(Grid)
        1    0.000    0.000    0.000    0.000 backend_tools.py:600(ToolHome)
        1    0.000    0.000    0.000    0.000 _typing.py:222(_chunkedarray)
        1    0.000    0.000    0.000    0.000 arrayobj.py:660(EntireIndexer)
        1    0.000    0.000    0.000    0.000 scipy_.py:58(ScipyArrayWrapper)
        1    0.000    0.000    0.000    0.000 iterators.py:34(Generator)
        1    0.000    0.000    0.000    0.000 instructions.py:377(ICMPInstr)
        1    0.000    0.000    0.000    0.000 datetimes.py:107(FulldatetimeDict)
        1    0.000    0.000    0.000    0.000 core.py:217(update_nested_dict)
        1    0.000    0.000    0.000    0.000 byteflow.py:1912(StatePy311)
        1    0.000    0.000    0.000    0.000 format.py:868(DataFrameRenderer)
        5    0.000    0.000    0.000    0.000 common.py:21(iterator_type)
        1    0.000    0.000    0.000    0.000 header.py:408(_ValueFormatter)
        1    0.000    0.000    0.000    0.000 consts.py:9(ConstantInference)
        1    0.000    0.000    0.000    0.000 mlab.py:770(GaussianKDE)
        1    0.000    0.000    0.000    0.000 caching.py:256(_IPythonCacheLocator)
        1    0.000    0.000    0.000    0.000 misc.py:543(__init__)
        1    0.000    0.000    0.000    0.000 object_mode_passes.py:13(__init__)
       12    0.000    0.000    0.000    0.000 byteflow.py:1689(blockstack_initial)
        6    0.000    0.000    0.000    0.000 byteflow.py:1957(__init__)
        1    0.000    0.000    0.000    0.000 _strptime.py:170(TimeRE)
        1    0.000    0.000    0.000    0.000 tzinfo.py:69(BaseTzInfo)
        1    0.000    0.000    0.000    0.000 widgets.py:28(LockDraw)
        1    0.000    0.000    0.000    0.000 TiffTags.py:32(TagInfo)
        1    0.000    0.000    0.000    0.000 ElementTree.py:1264(XMLPullParser)
        1    0.000    0.000    0.000    0.000 npyimpl.py:119(_ArrayHelper)
       12    0.000    0.000    0.000    0.000 byteflow.py:1680(outgoing_phis)
        3    0.000    0.000    0.000    0.000 utils.py:98(alias_message)
        2    0.000    0.000    0.000    0.000 parser.py:17(__init__)
        1    0.000    0.000    0.000    0.000 index_tricks.py:303(__init__)
        3    0.000    0.000    0.000    0.000 <frozen codecs>:331(getstate)
        1    0.000    0.000    0.000    0.000 _typing.py:102(_SupportsReal)
        1    0.000    0.000    0.000    0.000 containers.py:903(StructRef)
        1    0.000    0.000    0.000    0.000 __init__.py:140(_BaseVersion)
        1    0.000    0.000    0.000    0.000 backend_tools.py:304(ToolCursorPosition)
        1    0.000    0.000    0.000    0.000 dviread.py:573(DviFont)
        1    0.000    0.000    0.000    0.000 core.py:4704(FollowedBy)
        1    0.000    0.000    0.000    0.000 ipaddress.py:2173(IPv6Network)
        1    0.000    0.000    0.000    0.000 zarr.py:66(ZarrArrayWrapper)
        1    0.000    0.000    0.000    0.000 common.py:26(SimpleIteratorType)
        5    0.000    0.000    0.000    0.000 __init__.py:1369(disable)
        5    0.000    0.000    0.000    0.000 funcdesc.py:108(llvm_func_name)
        1    0.000    0.000    0.000    0.000 pytables.py:4371(AppendableTable)
        4    0.000    0.000    0.000    0.000 dis.py:431(_is_backward_jump)
        1    0.000    0.000    0.000    0.000 variables.py:87(NativeEndiannessArray)
        1    0.000    0.000    0.000    0.000 indexing.py:820(MemoryCachedArray)
        1    0.000    0.000    0.000    0.000 _adapters.py:112(OrphanPath)
        1    0.000    0.000    0.000    0.000 selectors.py:341(_PollLikeSelector)
        1    0.000    0.000    0.000    0.000 targets.py:116(TargetData)
        1    0.000    0.000    0.000    0.000 base_parser.py:279(_extract_multi_indexer_columns)
        1    0.000    0.000    0.000    0.000 {built-in method _cffi_backend._get_common_types}
        1    0.000    0.000    0.000    0.000 target_extension.py:110(JitDecorator)
        1    0.000    0.000    0.000    0.000 bytecode.py:405(ByteCodePy312)
        2    0.000    0.000    0.000    0.000 controlflow.py:704(<lambda>)
        2    0.000    0.000    0.000    0.000 blocks.py:214(is_extension)
        1    0.000    0.000    0.000    0.000 collections.py:1849(PatchCollection)
        1    0.000    0.000    0.000    0.000 backend_tools.py:642(ZoomPanBase)
        1    0.000    0.000    0.000    0.000 accessor_dt.py:237(TimeAccessor)
        1    0.000    0.000    0.000    0.000 locks.py:244(DummyLock)
        8    0.000    0.000    0.000    0.000 interpreter.py:1475(do_change)
        1    0.000    0.000    0.000    0.000 category.py:118(StrCategoryLocator)
        1    0.000    0.000    0.000    0.000 gzip.py:78(_PaddedFile)
        1    0.000    0.000    0.000    0.000 _datasource.py:99(__init__)
        1    0.000    0.000    0.000    0.000 <string>:1(<lambda>)
        1    0.000    0.000    0.000    0.000 parfor.py:2359(ConvertLoopPass)
        1    0.000    0.000    0.000    0.000 manager.py:7(DataModelManager)
        1    0.000    0.000    0.000    0.000 _strptime.py:30(LocaleTime)
        1    0.000    0.000    0.000    0.000 llvm_pass_timings.py:14(RecordLLVMPassTimings)
        1    0.000    0.000    0.000    0.000 dispatcher.py:1251(LiftedWith)
        7    0.000    0.000    0.000    0.000 ir.py:1048(infer_constant)
        2    0.000    0.000    0.000    0.000 ir.py:1320(clear)
        1    0.000    0.000    0.000    0.000 blocks.py:2611(NDArrayBackedExtensionBlock)
        1    0.000    0.000    0.000    0.000 _trifinder.py:27(TrapezoidMapTriFinder)
        1    0.000    0.000    0.000    0.000 _triinterpolate.py:15(TriInterpolator)
        1    0.000    0.000    0.000    0.000 colorbar.py:146(_ColorbarAxesLocator)
        1    0.000    0.000    0.000    0.000 __init__.py:503(StringTemplateStyle)
       12    0.000    0.000    0.000    0.000 typeinfer.py:1774(propagate_started)
        6    0.000    0.000    0.000    0.000 debuginfo.py:63(__init__)
        1    0.000    0.000    0.000    0.000 functions.py:490(WeakType)
        1    0.000    0.000    0.000    0.000 ir.py:213(SlotEqualityCheckMixin)
        1    0.000    0.000    0.000    0.000 python_parser.py:1201(FixedWidthReader)
        1    0.000    0.000    0.000    0.000 _ufunc_config.py:367(errstate)
        1    0.000    0.000    0.000    0.000 _parseaddr.py:512(AddressList)
        1    0.000    0.000    0.000    0.000 printing.py:528(_EastAsianTextAdjustment)
        3    0.000    0.000    0.000    0.000 __init__.py:510(CFunctionType)
        1    0.000    0.000    0.000    0.000 base.py:81(JitClassType)
        1    0.000    0.000    0.000    0.000 errors.py:155(_DummyColorScheme)
        1    0.000    0.000    0.000    0.000 __init__.py:353(SubclassedDataFrame)
        1    0.000    0.000    0.000    0.000 transforms.py:2689(AffineDeltaTransform)
        1    0.000    0.000    0.000    0.000 __init__.py:286(LogRecord)
        1    0.000    0.000    0.000    0.000 _matfuncs.py:207(ProductOperator)
        1    0.000    0.000    0.000    0.000 _expm_multiply.py:396(LazyOperatorNormInfo)
        6    0.000    0.000    0.000    0.000 codegen.py:542(recorded_timings)
        1    0.000    0.000    0.000    0.000 __init__.py:57(NegativeInfinityType)
        1    0.000    0.000    0.000    0.000 collections.py:1368(StarPolygonCollection)
        1    0.000    0.000    0.000    0.000 _special_sparse_arrays.py:756(MikotaK)
        8    0.000    0.000    0.000    0.000 message.py:638(get_default_type)
        1    0.000    0.000    0.000    0.000 extension.py:160(NDArrayBackedExtensionIndex)
        1    0.000    0.000    0.000    0.000 csv.py:26(Dialect)
        2    0.000    0.000    0.000    0.000 _decorators.py:100(deprecate_kwarg)
        1    0.000    0.000    0.000    0.000 _util.py:444(MapWrapper)
        1    0.000    0.000    0.000    0.000 _typing.py:107(_SupportsImag)
        1    0.000    0.000    0.000    0.000 npytypes.py:529(ArrayCTypes)
        1    0.000    0.000    0.000    0.000 parquet.py:161(PyArrowImpl)
        1    0.000    0.000    0.000    0.000 pytables.py:532(PyTablesExpr)
        1    0.000    0.000    0.000    0.000 _mathtext.py:97(RasterParse)
        1    0.000    0.000    0.000    0.000 colors.py:61(_ColorMapping)
        1    0.000    0.000    0.000    0.000 pathlib.py:57(_is_case_sensitive)
        1    0.000    0.000    0.000    0.000 _strptime.py:14(TimeRE)
        1    0.000    0.000    0.000    0.000 untyped_passes.py:76(__init__)
        1    0.000    0.000    0.000    0.000 xml.py:427(_EtreeFrameParser)
        2    0.000    0.000    0.000    0.000 {built-in method _cffi_backend.new_pointer_type}
        1    0.000    0.000    0.000    0.000 function_type.py:125(FunctionPrototype)
        3    0.000    0.000    0.000    0.000 expr.py:270(disallow)
        1    0.000    0.000    0.000    0.000 _json.py:325(JSONTableWriter)
        1    0.000    0.000    0.000    0.000 lazy.py:16(LazyDict)
        1    0.000    0.000    0.000    0.000 _tricontour.py:8(TriContourSet)
        1    0.000    0.000    0.000    0.000 parfor.py:1988(ConvertNumpyPass)
        1    0.000    0.000    0.000    0.000 ops.py:549(UnaryOp)
        1    0.000    0.000    0.000    0.000 core.py:3352(CharsNotIn)
        1    0.000    0.000    0.000    0.000 untyped_passes.py:1357(IterLoopCanonicalization)
        7    0.000    0.000    0.000    0.000 values.py:867(_expand)
        1    0.000    0.000    0.000    0.000 orcjit.py:220(LLJIT)
        1    0.000    0.000    0.000    0.000 yacc.py:285(LRParser)
        1    0.000    0.000    0.000    0.000 pycompat.py:21(DuckArrayModule)
        1    0.000    0.000    0.000    0.000 ffi.py:60(register)
        1    0.000    0.000    0.000    0.000 info.py:1046(_SeriesTableBuilderVerbose)
        1    0.000    0.000    0.000    0.000 figure.py:121(SubplotParams)
        1    0.000    0.000    0.000    0.000 _dtype_like.py:81(_SupportsDType)
        1    0.000    0.000    0.000    0.000 {built-in method _cffi_backend.new_void_type}
        1    0.000    0.000    0.000    0.000 indexing.py:1560(ArrayApiIndexingAdapter)
        1    0.000    0.000    0.000    0.000 cbook.py:92(_StrongRef)
        6    0.000    0.000    0.000    0.000 core.py:846(__init__)
        1    0.000    0.000    0.000    0.000 arrayobj.py:710(IntegerIndexer)
        1    0.000    0.000    0.000    0.000 _collections.py:5(FreezableDefaultDict)
        1    0.000    0.000    0.000    0.000 abstract.py:32(_TypeMetaclass)
        1    0.000    0.000    0.000    0.000 accessor.py:26(BaseAccessor)
        1    0.000    0.000    0.000    0.000 ElementTree.py:79(DefusedXMLParser)
        5    0.000    0.000    0.000    0.000 {method 'mro' of 'type' objects}
        1    0.000    0.000    0.000    0.000 typing.py:2412(no_type_check)
        1    0.000    0.000    0.000    0.000 typeinfer.py:804(__init__)
        4    0.000    0.000    0.000    0.000 dispatcher.py:77(__init__)
        4    0.000    0.000    0.000    0.000 types.py:449(__len__)
        1    0.000    0.000    0.000    0.000 stata.py:3585(StataWriterUTF8)
        3    0.000    0.000    0.000    0.000 arraymath.py:1468(_partition_factory)
        1    0.000    0.000    0.000    0.000 cpu_options.py:20(FastMathOptions)
        1    0.000    0.000    0.000    0.000 dates.py:626(DateFormatter)
        1    0.000    0.000    0.000    0.000 backend_tools.py:420(AxisScaleBase)
        1    0.000    0.000    0.000    0.000 testing.py:22(reset_pyparsing_context)
        1    0.000    0.000    0.000    0.000 misc.py:225(Optional)
        1    0.000    0.000    0.000    0.000 widgets.py:3696(EllipseSelector)
        1    0.000    0.000    0.000    0.000 containers.py:383(NamedUniTuple)
        4    0.000    0.000    0.000    0.000 config.py:269(__init__)
        1    0.000    0.000    0.000    0.000 collections.py:1373(AsteriskPolygonCollection)
        1    0.000    0.000    0.000    0.000 selectors.py:60(_SelectorMapping)
        1    0.000    0.000    0.000    0.000 gzip.py:483(_GzipReader)
        4    0.000    0.000    0.000    0.000 types.py:129(_calculate_meta)
        2    0.000    0.000    0.000    0.000 descriptors.py:10(__init__)
        1    0.000    0.000    0.000    0.000 art3d.py:372(Line3DCollection)
        4    0.000    0.000    0.000    0.000 arraymath.py:4578(window_generator)
        1    0.000    0.000    0.000    0.000 serialize.py:188(NumbaPickler)
        1    0.000    0.000    0.000    0.000 csv.py:172(Sniffer)
        1    0.000    0.000    0.000    0.000 ImageFile.py:93(_Tile)
        5    0.000    0.000    0.000    0.000 codegen.py:546(codegen)
        1    0.000    0.000    0.000    0.000 backend_tools.py:332(RubberbandBase)
        1    0.000    0.000    0.000    0.000 dispatcher.py:215(CompilingCounter)
        1    0.000    0.000    0.000    0.000 imputils.py:253(_IternextResult)
        6    0.000    0.000    0.000    0.000 debuginfo.py:66(mark_variable)
        1    0.000    0.000    0.000    0.000 __init__.py:68(InitializedState)
        1    0.000    0.000    0.000    0.000 dates.py:1707(MicrosecondLocator)
        1    0.000    0.000    0.000    0.000 _base.py:1399(ArtistList)
        1    0.000    0.000    0.000    0.000 Image.py:2886(ImageTransformHandler)
        1    0.000    0.000    0.000    0.000 core.py:942(_CacheType)
        1    0.000    0.000    0.000    0.000 ElementTree.py:1091(_ListDataStream)
        1    0.000    0.000    0.000    0.000 core.py:8376(_convert2ma)
        1    0.000    0.000    0.000    0.000 base_parser.py:893(_check_data_length)
        1    0.000    0.000    0.000    0.000 cffi_utils.py:204(FFIAttribute)
        1    0.000    0.000    0.000    0.000 pytables.py:5307(Selection)
        1    0.000    0.000    0.000    0.000 spines.py:487(SpinesProxy)
        1    0.000    0.000    0.000    0.000 PaletteFile.py:20(PaletteFile)
        1    0.000    0.000    0.000    0.000 rcsetup.py:51(ValidateInStrings)
        1    0.000    0.000    0.000    0.000 core.py:977(_MaskedBinaryOperation)
        1    0.000    0.000    0.000    0.000 _pytesttester.py:46(PytestTester)
        5    0.000    0.000    0.000    0.000 _inspect.py:143(<lambda>)
        1    0.000    0.000    0.000    0.000 yacc.py:109(PlyLogger)
        1    0.000    0.000    0.000    0.000 context.py:19(Rating)
        1    0.000    0.000    0.000    0.000 npytypes.py:282(NumpyFlatType)
        1    0.000    0.000    0.000    0.000 ansi.py:49(AnsiFore)
        1    0.000    0.000    0.000    0.000 _pep440.py:135(_BaseVersion)
        1    0.000    0.000    0.000    0.000 info.py:575(_InfoPrinterAbstract)
        1    0.000    0.000    0.000    0.000 inference.py:300(<genexpr>)
        1    0.000    0.000    0.000    0.000 scale.py:628(LogitScale)
        1    0.000    0.000    0.000    0.000 arrayobj.py:802(BooleanArrayIndexer)
        1    0.000    0.000    0.000    0.000 withcontexts.py:8(WithContext)
        1    0.000    0.000    0.000    0.000 bytecode.py:234(ByteCodeIter)
        1    0.000    0.000    0.000    0.000 functions.py:595(ExternalFunctionPointer)
        1    0.000    0.000    0.000    0.000 constructor.py:713(UnsafeConstructor)
        1    0.000    0.000    0.000    0.000 serializer.py:11(Serializer)
        1    0.000    0.000    0.000    0.000 readers.py:16(FileReader)
        1    0.000    0.000    0.000    0.000 ticker.py:2438(SymmetricalLogLocator)
        1    0.000    0.000    0.000    0.000 _compression.py:9(BaseStream)
        1    0.000    0.000    0.000    0.000 removerefctpass.py:15(__init__)
        1    0.000    0.000    0.000    0.000 _decorators.py:455(Appender)
        1    0.000    0.000    0.000    0.000 polar.py:310(ThetaTick)
        1    0.000    0.000    0.000    0.000 units.py:135(DecimalConverter)
        1    0.000    0.000    0.000    0.000 offsetbox.py:420(PackerBase)
        1    0.000    0.000    0.000    0.000 offsetbox.py:1098(AnchoredText)
        1    0.000    0.000    0.000    0.000 _mathtext.py:179(FontMetrics)
        1    0.000    0.000    0.000    0.000 dviread.py:664(Vf)
        1    0.000    0.000    0.000    0.000 model.py:579(get_typecache)
        1    0.000    0.000    0.000    0.000 watercolumn_run_lib.py:52(__init__)
        6    0.000    0.000    0.000    0.000 byteflow.py:2015(graph)
        1    0.000    0.000    0.000    0.000 selectors.py:433(PollSelector)
        1    0.000    0.000    0.000    0.000 linecache.py:52(checkcache)
        1    0.000    0.000    0.000    0.000 typedlist.py:38(_Sequence)
        1    0.000    0.000    0.000    0.000 static_binop.py:5(DetectStaticBinops)
        1    0.000    0.000    0.000    0.000 errors.py:240(ColorShell)
        1    0.000    0.000    0.000    0.000 castgraph.py:69(TypeGraph)
        2    0.000    0.000    0.000    0.000 common.py:123(<lambda>)
        1    0.000    0.000    0.000    0.000 _adapters.py:16(__getattr__)
        6    0.000    0.000    0.000    0.000 npdatetime.py:650(_create_datetime_comparison_impl)
        4    0.000    0.000    0.000    0.000 cgutils.py:202(_getpointer)
        1    0.000    0.000    0.000    0.000 untyped_passes.py:631(TransformLiteralUnrollConstListToTuple)
        1    0.000    0.000    0.000    0.000 values.py:586(MetaDataString)
        1    0.000    0.000    0.000    0.000 abstract.py:469(TypeRef)
        1    0.000    0.000    0.000    0.000 indexing.py:288(GroupByNthSelector)
        1    0.000    0.000    0.000    0.000 apply.py:1521(GroupByApply)
        1    0.000    0.000    0.000    0.000 _mathtext.py:211(FontInfo)
        1    0.000    0.000    0.000    0.000 _mathtext.py:75(VectorParse)
        1    0.000    0.000    0.000    0.000 ctypeslib.py:202(_concrete_ndptr)
        1    0.000    0.000    0.000    0.000 records.py:87(format_parser)
        1    0.000    0.000    0.000    0.000 _exceptions.py:38(_UFuncNoLoopError)
        6    0.000    0.000    0.000    0.000 signal.py:50(_wraps)
        3    0.000    0.000    0.000    0.000 {method 'to_bytes' of 'int' objects}
        1    0.000    0.000    0.000    0.000 removerefctpass.py:11(_MarkNrtCallVisitor)
        1    0.000    0.000    0.000    0.000 pythonapi.py:77(_ReflectContext)
        1    0.000    0.000    0.000    0.000 pytables.py:2330(GenericIndexCol)
        1    0.000    0.000    0.000    0.000 format.py:1274(FloatArrayFormatter)
        1    0.000    0.000    0.000    0.000 colors.py:1991(BoundaryNorm)
        1    0.000    0.000    0.000    0.000 tempfile.py:475(_TemporaryFileWrapper)
        1    0.000    0.000    0.000    0.000 withcontexts.py:122(_ObjModeContextType)
        9    0.000    0.000    0.000    0.000 _globals.py:58(__repr__)
        1    0.000    0.000    0.000    0.000 object_mode_passes.py:64(ObjectModeBackEnd)
        1    0.000    0.000    0.000    0.000 _mathtext.py:1308(Vlist)
        1    0.000    0.000    0.000    0.000 callwrapper.py:91(PyCallWrapper)
        1    0.000    0.000    0.000    0.000 interpreter.py:1759(get_closure_value)
        6    0.000    0.000    0.000    0.000 errors.py:527(__enter__)
        1    0.000    0.000    0.000    0.000 __init__.py:347(YAMLObjectMetaclass)
        1    0.000    0.000    0.000    0.000 readers.py:477(_Fwf_Defaults)
        1    0.000    0.000    0.000    0.000 ops.py:191(Constant)
        6    0.000    0.000    0.000    0.000 calendar.py:97(<lambda>)
        1    0.000    0.000    0.000    0.000 dates.py:656(ConciseDateFormatter)
        1    0.000    0.000    0.000    0.000 _base.py:34(_axis_method_wrapper)
        1    0.000    0.000    0.000    0.000 backend_tools.py:380(ToolGrid)
        1    0.000    0.000    0.000    0.000 backend_tools.py:437(ToolYScale)
        1    0.000    0.000    0.000    0.000 __init__.py:1373(disable)
        2    0.000    0.000    0.000    0.000 {built-in method math.log}
        1    0.000    0.000    0.000    0.000 codegen.py:1069(__init__)
        1    0.000    0.000    0.000    0.000 stata.py:671(StataValueLabel)
        1    0.000    0.000    0.000    0.000 selectn.py:166(SelectNFrame)
        1    0.000    0.000    0.000    0.000 _typing.py:236(_chunkedarrayfunction)
        6    0.000    0.000    0.000    0.000 builder.py:45(_binop_with_overflow)
        1    0.000    0.000    0.000    0.000 abc.py:195(SourceLoader)
        3    0.000    0.000    0.000    0.000 core.py:806(__init__)
        1    0.000    0.000    0.000    0.000 indexing.py:1603(DaskIndexingAdapter)
        1    0.000    0.000    0.000    0.000 ir_utils.py:35(_MaxLabel)
        1    0.000    0.000    0.000    0.000 pytables.py:282(FilterBinOp)
        1    0.000    0.000    0.000    0.000 base.py:13(OutputKey)
        1    0.000    0.000    0.000    0.000 _decorators.py:408(Substitution)
        1    0.000    0.000    0.000    0.000 legend_handler.py:166(HandlerNpoints)
        1    0.000    0.000    0.000    0.000 ImageFile.py:618(PyCodec)
        1    0.000    0.000    0.000    0.000 _docstring.py:6(Substitution)
        2    0.000    0.000    0.000    0.000 version.py:276(release)
        1    0.000    0.000    0.000    0.000 _convertions.py:1(<module>)
        6    0.000    0.000    0.000    0.000 inline_closurecall.py:805(_debug_dump)
        1    0.000    0.000    0.000    0.000 <string>:2(__init__)
        1    0.000    0.000    0.000    0.000 boxing.py:635(_NumbaTypeHelper)
        1    0.000    0.000    0.000    0.000 npyimpl.py:92(_ArrayIndexingHelper)
        1    0.000    0.000    0.000    0.000 array_exprs.py:332(_EraseInvalidLineRanges)
        1    0.000    0.000    0.000    0.000 __init__.py:616(Context)
        2    0.000    0.000    0.000    0.000 base.py:329(nonconst_module_attrs)
        1    0.000    0.000    0.000    0.000 controlflow.py:39(Loop)
        2    0.000    0.000    0.000    0.000 six.py:199(__get_module)
        1    0.000    0.000    0.000    0.000 actions.py:7(OnlyOnce)
        4    0.000    0.000    0.000    0.000 core.py:6544(__has_singleton)
        4    0.000    0.000    0.000    0.000 {built-in method _sre.ascii_tolower}
        1    0.000    0.000    0.000    0.000 encoder.py:105(__init__)
        1    0.000    0.000    0.000    0.000 _interface.py:616(_AdjointLinearOperator)
        1    0.000    0.000    0.000    0.000 collections.py:81(NamedTupleAttribute)
        1    0.000    0.000    0.000    0.000 strings.py:49(EncodedStringCoder)
        1    0.000    0.000    0.000    0.000 cftime_offsets.py:513(YearOffset)
        1    0.000    0.000    0.000    0.000 dufunc.py:65(DUFuncLowerer)
        1    0.000    0.000    0.000    0.000 typed_passes.py:187(__init__)
        1    0.000    0.000    0.000    0.000 _utils.py:8(NameScope)
        1    0.000    0.000    0.000    0.000 ops.py:20(BlockPairInfo)
        1    0.000    0.000    0.000    0.000 _adapters.py:7(SpecLoaderAdapter)
        1    0.000    0.000    0.000    0.000 ticker.py:1568(Locator)
        4    0.000    0.000    0.000    0.000 npdatetime.py:399(_create_timedelta_ordering_impl)
        5    0.000    0.000    0.000    0.000 unicode.py:2184(gen_isX)
        1    0.000    0.000    0.000    0.000 c_ast.py:109(NodeVisitor)
        1    0.000    0.000    0.000    0.000 collections.py:9(InContainer)
        5    0.000    0.000    0.000    0.000 extension_array.py:15(implements)
        1    0.000    0.000    0.000    0.000 untyped_passes.py:287(InlineInlinables)
        1    0.000    0.000    0.000    0.000 typed_passes.py:511(NativeLowering)
        1    0.000    0.000    0.000    0.000 wrappers.py:249(UArrayArg)
        1    0.000    0.000    0.000    0.000 function_type.py:181(CompileResultWAP)
        1    0.000    0.000    0.000    0.000 legend.py:54(DraggableLegend)
        1    0.000    0.000    0.000    0.000 legend_handler.py:430(HandlerRegularPolyCollection)
        1    0.000    0.000    0.000    0.000 offsetbox.py:1567(DraggableOffsetBox)
        1    0.000    0.000    0.000    0.000 core.py:2340(Token)
        1    0.000    0.000    0.000    0.000 misc.py:117(VarArg)
        1    0.000    0.000    0.000    0.000 indexing.py:2507(_ScalarAccessIndexer)
        1    0.000    0.000    0.000    0.000 floating.py:56(FloatingArray)
        3    0.000    0.000    0.000    0.000 six.py:880(add_metaclass)
        1    0.000    0.000    0.000    0.000 plyparser.py:13(Coord)
        1    0.000    0.000    0.000    0.000 object_mode_passes.py:69(__init__)
        1    0.000    0.000    0.000    0.000 iterators.py:5(RangeType)
        1    0.000    0.000    0.000    0.000 values.py:657(MDValue)
        1    0.000    0.000    0.000    0.000 errors.py:731(ForceLiteralArg)
        1    0.000    0.000    0.000    0.000 multi.py:128(MultiIndexUIntEngine)
        1    0.000    0.000    0.000    0.000 docscrape.py:563(FunctionDoc)
        2    0.000    0.000    0.000    0.000 {built-in method maketrans}
        1    0.000    0.000    0.000    0.000 typeinfer.py:561(CallConstraint)
        1    0.000    0.000    0.000    0.000 interpreter.py:41(Assigner)
        1    0.000    0.000    0.000    0.000 instructions.py:225(Ret)
        6    0.000    0.000    0.000    0.000 base.py:5144(_values)
        1    0.000    0.000    0.000    0.000 _mathtext.py:1448(Glue)
        1    0.000    0.000    0.000    0.000 transforms.py:2719(TransformedPath)
        1    0.000    0.000    0.000    0.000 scale.py:310(FuncScaleLog)
        1    0.000    0.000    0.000    0.000 _globals.py:32(_NoValueType)
        5    0.000    0.000    0.000    0.000 platform.py:841(_unknown_as_blank)
        3    0.000    0.000    0.000    0.000 imputils.py:71(lower_setattr)
        1    0.000    0.000    0.000    0.000 inline_closurecall.py:1387(RewriteArrayOfConsts)
        1    0.000    0.000    0.000    0.000 _interface.py:807(_AdjointMatrixOperator)
        1    0.000    0.000    0.000    0.000 cpu.py:24(ClosureBody)
        1    0.000    0.000    0.000    0.000 types.py:567(IdentifiedStructType)
        1    0.000    0.000    0.000    0.000 config.py:117(is_opt_max)
        1    0.000    0.000    0.000    0.000 resample.py:2009(TimedeltaIndexResampler)
        1    0.000    0.000    0.000    0.000 readers.py:460(_C_Parser_Defaults)
        1    0.000    0.000    0.000    0.000 six.py:108(MovedModule)
        1    0.000    0.000    0.000    0.000 colors.py:1121(ListedColormap)
        1    0.000    0.000    0.000    0.000 extras.py:213(_fromnxfunction)
        1    0.000    0.000    0.000    0.000 arrayprint.py:1304(DatetimeFormat)
        2    0.000    0.000    0.000    0.000 <frozen posixpath>:52(normcase)
        1    0.000    0.000    0.000    0.000 _interface.py:757(_PowerLinearOperator)
        1    0.000    0.000    0.000    0.000 options.py:157(set_options)
        1    0.000    0.000    0.000    0.000 compiler.py:329(_CompileStatus)
        1    0.000    0.000    0.000    0.000 describe.py:136(DataFrameDescriber)
        1    0.000    0.000    0.000    0.000 printing.py:499(PrettyDict)
        1    0.000    0.000    0.000    0.000 container.py:42(BarContainer)
        1    0.000    0.000    0.000    0.000 layout_engine.py:106(PlaceHolderLayoutEngine)
        1    0.000    0.000    0.000    0.000 backend_tools.py:370(ToolQuitAll)
        1    0.000    0.000    0.000    0.000 scale.py:29(ScaleBase)
        1    0.000    0.000    0.000    0.000 TiffTags.py:24(_TagInfo)
        1    0.000    0.000    0.000    0.000 common.py:25(DTDForbidden)
        1    0.000    0.000    0.000    0.000 __init__.py:1287(_StderrHandler)
        1    0.000    0.000    0.000    0.000 pathlib.py:263(_PathParents)
        2    0.000    0.000    0.000    0.000 core.py:3433(shape)
        1    0.000    0.000    0.000    0.000 polynomial.py:29(RankWarning)
        1    0.000    0.000    0.000    0.000 callwrapper.py:7(_ArgManager)
        1    0.000    0.000    0.000    0.000 cpu_options.py:67(ParallelOptions)
        1    0.000    0.000    0.000    0.000 config.py:88(RegisteredOption)
        1    0.000    0.000    0.000    0.000 _mathtext.py:120(Output)
        1    0.000    0.000    0.000    0.000 core.py:3516(GoToColumn)
        1    0.000    0.000    0.000    0.000 unicode.py:8(_lazyclassproperty)
        1    0.000    0.000    0.000    0.000 parse.py:190(_NetlocResultMixinStr)
        1    0.000    0.000    0.000    0.000 py3k.py:92(contextlib_nullcontext)
        1    0.000    0.000    0.000    0.000 polar.py:258(_AxisWrapper)
        1    0.000    0.000    0.000    0.000 widgets.py:110(AxesWidget)
        1    0.000    0.000    0.000    0.000 _aliases.py:148(UniqueAllResult)
        1    0.000    0.000    0.000    0.000 c_ast.py:189(ArrayRef)
        1    0.000    0.000    0.000    0.000 function_type.py:97(UndefinedFunctionType)
        1    0.000    0.000    0.000    0.000 abstract.py:323(ConstSized)
        1    0.000    0.000    0.000    0.000 python_parser.py:1319(FixedWidthFieldParser)
        1    0.000    0.000    0.000    0.000 rrule.py:1315(_genitem)
        1    0.000    0.000    0.000    0.000 __init__.py:157(py_object)
        3    0.000    0.000    0.000    0.000 arraymath.py:1525(_select_factory)
        1    0.000    0.000    0.000    0.000 object_mode_passes.py:9(ObjectModeFrontEnd)
        1    0.000    0.000    0.000    0.000 __init__.py:322(PackagePath)
        1    0.000    0.000    0.000    0.000 utils.py:440(SortedMap)
        1    0.000    0.000    0.000    0.000 abstract.py:496(Poison)
        1    0.000    0.000    0.000    0.000 base_parser.py:255(_has_complex_date_col)
        1    0.000    0.000    0.000    0.000 base.py:791(is_)
        1    0.000    0.000    0.000    0.000 debuginfo.py:61(DummyDIBuilder)
        1    0.000    0.000    0.000    0.000 _json.py:1367(SeriesParser)
        1    0.000    0.000    0.000    0.000 _mathtext.py:1206(Hlist)
        1    0.000    0.000    0.000    0.000 pickle.py:257(_Unframer)
        1    0.000    0.000    0.000    0.000 __future__.py:81(_Feature)
        1    0.000    0.000    0.000    0.000 c_ast.py:210(Assignment)
        1    0.000    0.000    0.000    0.000 dataset.py:490(_LocIndexer)
        1    0.000    0.000    0.000    0.000 merge.py:619(_MergeResult)
        1    0.000    0.000    0.000    0.000 typed_passes.py:540(__init__)
        1    0.000    0.000    0.000    0.000 abstract.py:305(IterableType)
        1    0.000    0.000    0.000    0.000 __init__.py:2065(PyZipFile)
        1    0.000    0.000    0.000    0.000 tarfile.py:307(_LowLevelFile)
        1    0.000    0.000    0.000    0.000 generic.py:124(NamedAgg)
        1    0.000    0.000    0.000    0.000 core.py:2420(Empty)
        1    0.000    0.000    0.000    0.000 model.py:311(length_is_unknown)
        1    0.000    0.000    0.000    0.000 GimpPaletteFile.py:23(GimpPaletteFile)
        1    0.000    0.000    0.000    0.000 colors.py:1910(PowerNorm)
        1    0.000    0.000    0.000    0.000 cbook.py:2055(_OrderedSet)
        1    0.000    0.000    0.000    0.000 variables.py:126(BoolTypeArray)
        1    0.000    0.000    0.000    0.000 funcdesc.py:212(ExternalFunctionDescriptor)
        1    0.000    0.000    0.000    0.000 ansi.py:36(AnsiCursor)
        3    0.000    0.000    0.000    0.000 base.py:974(dtype)
        1    0.000    0.000    0.000    0.000 c_ast.py:167(ArrayDecl)
        1    0.000    0.000    0.000    0.000 withcontexts.py:470(_ParallelChunksize)
        1    0.000    0.000    0.000    0.000 _json.py:1392(FrameParser)
        1    0.000    0.000    0.000    0.000 __init__.py:151(FastLookup)
        1    0.000    0.000    0.000    0.000 _factories.py:8(_TzSingleton)
        1    0.000    0.000    0.000    0.000 util.py:129(LRUMemo)
        1    0.000    0.000    0.000    0.000 parse.py:834(_Quoter)
        1    0.000    0.000    0.000    0.000 arrayobj.py:952(FancyIndexer)
        1    0.000    0.000    0.000    0.000 times.py:958(CFDatetimeCoder)
        2    0.000    0.000    0.000    0.000 typeinfer.py:443(__init__)
        1    0.000    0.000    0.000    0.000 instructions.py:257(IndirectBranch)
        4    0.000    0.000    0.000    0.000 config.py:835(is_type_factory)
        4    0.000    0.000    0.000    0.000 {method '__prepare__' of 'type' objects}
        1    0.000    0.000    0.000    0.000 arrayobj.py:883(SliceIndexer)
        1    0.000    0.000    0.000    0.000 arraydecl.py:693(ArrayFlagsAttribute)
        1    0.000    0.000    0.000    0.000 _typing.py:250(_chunkedarrayapi)
        6    0.000    0.000    0.000    0.000 callconv.py:370(_make_call_helper)
        1    0.000    0.000    0.000    0.000 npytypes.py:299(NumpyNdEnumerateType)
        1    0.000    0.000    0.000    0.000 containers.py:52(BaseContainerIterator)
        1    0.000    0.000    0.000    0.000 function.py:51(CompatValidator)
        1    0.000    0.000    0.000    0.000 ipc.py:34(RecordBatchStreamReader)
        1    0.000    0.000    0.000    0.000 backend_tools.py:395(ToolMinorGrid)
        2    0.000    0.000    0.000    0.000 index_tricks.py:144(__init__)
        1    0.000    0.000    0.000    0.000 parse.py:220(_NetlocResultMixinBytes)
        4    0.000    0.000    0.000    0.000 phytoplankton.py:62(hour2second)
        1    0.000    0.000    0.000    0.000 base.py:22(InstanceModel)
        1    0.000    0.000    0.000    0.000 _interface.py:669(_SumLinearOperator)
        1    0.000    0.000    0.000    0.000 arraydecl.py:555(DTypeAttr)
        1    0.000    0.000    0.000    0.000 netCDF4_.py:57(BaseNetCDF4Array)
        1    0.000    0.000    0.000    0.000 abc.py:52(MetaPathFinder)
        1    0.000    0.000    0.000    0.000 callconv.py:293(_MinimalCallHelper)
        1    0.000    0.000    0.000    0.000 typeinfer.py:318(BuildSetConstraint)
        1    0.000    0.000    0.000    0.000 iterators.py:56(EnumerateType)
        1    0.000    0.000    0.000    0.000 common.py:1059(_IOWrapper)
        1    0.000    0.000    0.000    0.000 pydoc.py:1188(TextRepr)
        1    0.000    0.000    0.000    0.000 _parser.py:219(_resultbase)
        1    0.000    0.000    0.000    0.000 backend_tools.py:609(ToolBack)
        6    0.000    0.000    0.000    0.000 compiler_machinery.py:256(finalized)
        1    0.000    0.000    0.000    0.000 models.py:911(OptionalModel)
        1    0.000    0.000    0.000    0.000 stencil.py:23(StencilFuncLowerer)
        1    0.000    0.000    0.000    0.000 errors.py:33(NumbaWarning)
        3    0.000    0.000    0.000    0.000 {built-in method _sre.template}
        1    0.000    0.000    0.000    0.000 readers.py:2056(_clean_na_values)
        1    0.000    0.000    0.000    0.000 netCDF4_.py:88(NetCDF4ArrayWrapper)
        1    0.000    0.000    0.000    0.000 indexing.py:354(IndexCallable)
        1    0.000    0.000    0.000    0.000 untyped_passes.py:1371(__init__)
        1    0.000    0.000    0.000    0.000 untyped_passes.py:1802(__init__)
        1    0.000    0.000    0.000    0.000 ssa.py:285(UndefinedVariable)
        1    0.000    0.000    0.000    0.000 pythonapi.py:55(_BoxContext)
        1    0.000    0.000    0.000    0.000 instructions.py:62(FastMathFlags)
        1    0.000    0.000    0.000    0.000 common.py:1022(_BytesZipFile)
        1    0.000    0.000    0.000    0.000 _mathtext.py:713(DejaVuSerifFonts)
        1    0.000    0.000    0.000    0.000 backend_tools.py:447(ToolXScale)
        1    0.000    0.000    0.000    0.000 backend_tools.py:634(SaveFigureBase)
        1    0.000    0.000    0.000    0.000 model.py:490(EnumType)
        1    0.000    0.000    0.000    0.000 utils.py:8(get_library_name)
        1    0.000    0.000    0.000    0.000 xml.py:538(_LxmlFrameParser)
        1    0.000    0.000    0.000    0.000 _trifinder.py:7(TriFinder)
        6    0.000    0.000    0.000    0.000 bytecode.py:239(__iter__)
        1    0.000    0.000    0.000    0.000 npytypes.py:422(NumpyNdIndexType)
        1    0.000    0.000    0.000    0.000 _validators.py:450(check_dtype_backend)
        1    0.000    0.000    0.000    0.000 ImageMode.py:21(ModeDescriptor)
        1    0.000    0.000    0.000    0.000 missing.py:78(NumpyInterpolator)
        1    0.000    0.000    0.000    0.000 utils.py:495(HybridMappingProxy)
        1    0.000    0.000    0.000    0.000 transforms.py:45(ReplaceCalls)
        1    0.000    0.000    0.000    0.000 gridspec.py:476(GridSpecFromSubplotSpec)
        1    0.000    0.000    0.000    0.000 colors.py:134(__init__)
        4    0.000    0.000    0.000    0.000 imputils.py:425(impl_ret_new_ref)
        8    0.000    0.000    0.000    0.000 _pep440.py:70(__neg__)
        1    0.000    0.000    0.000    0.000 _util.py:432(_FunctionWrapper)
        1    0.000    0.000    0.000    0.000 parallel.py:24(ExpectedDict)
        1    0.000    0.000    0.000    0.000 ufuncbuilder.py:272(UFuncBuilder)
        1    0.000    0.000    0.000    0.000 parfor.py:524(LoopNest)
        1    0.000    0.000    0.000    0.000 __init__.py:779(_SharedFile)
        1    0.000    0.000    0.000    0.000 widgets.py:266(SliderBase)
        1    0.000    0.000    0.000    0.000 gzip.py:124(_WriteBufferStream)
        1    0.000    0.000    0.000    0.000 untyped_passes.py:1740(__init__)
        1    0.000    0.000    0.000    0.000 winterm.py:12(WinColor)
        1    0.000    0.000    0.000    0.000 config.py:81(DeprecatedOption)
        1    0.000    0.000    0.000    0.000 backend_tools.py:410(ToolFullScreen)
        1    0.000    0.000    0.000    0.000 core.py:3901(_ErrorStop)
        1    0.000    0.000    0.000    0.000 index_tricks.py:109(nd_grid)
        1    0.000    0.000    0.000    0.000 typeinfer.py:912(TypeVarMap)
        2    0.000    0.000    0.000    0.000 typeinfer.py:425(__init__)
        1    0.000    0.000    0.000    0.000 dispatcher.py:28(_RetargetStack)
        1    0.000    0.000    0.000    0.000 models.py:1018(CharSeq)
        1    0.000    0.000    0.000    0.000 context.py:12(ContextRef)
        1    0.000    0.000    0.000    0.000 readers.py:2267(_extract_dialect)
        1    0.000    0.000    0.000    0.000 readers.py:2365(_validate_skipfooter)
        1    0.000    0.000    0.000    0.000 polar.py:548(RadialTick)
        1    0.000    0.000    0.000    0.000 ticker.py:1833(MultipleLocator)
        1    0.000    0.000    0.000    0.000 core.py:3659(WordStart)
        1    0.000    0.000    0.000    0.000 model.py:160(__init__)
        1    0.000    0.000    0.000    0.000 scale.py:123(FuncTransform)
        2    0.000    0.000    0.000    0.000 {method 'keys' of 'collections.OrderedDict' objects}
        1    0.000    0.000    0.000    0.000 untyped_passes.py:179(__init__)
        1    0.000    0.000    0.000    0.000 dispatcher.py:173(_GeneratedFunctionCompiler)
        1    0.000    0.000    0.000    0.000 typeinfer.py:135(ConstraintNetwork)
        3    0.000    0.000    0.000    0.000 templates.py:1066(_resolve)
        1    0.000    0.000    0.000    0.000 tz.py:1253(tzical)
        1    0.000    0.000    0.000    0.000 backend_managers.py:20(ToolManagerMessageEvent)
        1    0.000    0.000    0.000    0.000 _mathtext.py:672(DejaVuFonts)
        1    0.000    0.000    0.000    0.000 pathlib.py:1413(PosixPath)
        1    0.000    0.000    0.000    0.000 parfor_lowering.py:463(ParforsUnexpectedReduceNodeError)
        1    0.000    0.000    0.000    0.000 deprecation.py:98(_DeprecationHelperStr)
        1    0.000    0.000    0.000    0.000 hashing.py:410(EXPAT)
        1    0.000    0.000    0.000    0.000 errors.py:33(MessageDefect)
        1    0.000    0.000    0.000    0.000 npytypes.py:563(ArrayFlags)
        1    0.000    0.000    0.000    0.000 base.py:2404(ExtensionArraySupportsAnyAll)
        1    0.000    0.000    0.000    0.000 lazy.py:71(LazyList)
        1    0.000    0.000    0.000    0.000 streamplot.py:380(StreamMask)
        1    0.000    0.000    0.000    0.000 decoder.py:20(JSONDecodeError)
        1    0.000    0.000    0.000    0.000 PngImagePlugin.py:262(PngInfo)
        1    0.000    0.000    0.000    0.000 ticker.py:1658(IndexLocator)
        1    0.000    0.000    0.000    0.000 untyped_passes.py:95(__init__)
        1    0.000    0.000    0.000    0.000 abc.py:68(PathEntryFinder)
        1    0.000    0.000    0.000    0.000 functions.py:636(ExternalFunction)
        1    0.000    0.000    0.000    0.000 instructions.py:569(PhiInstr)
        1    0.000    0.000    0.000    0.000 rrule.py:66(weekday)
        1    0.000    0.000    0.000    0.000 __init__.py:1202(FileHandler)
        6    0.000    0.000    0.000    0.000 _enums.py:20(_generate_next_value_)
        1    0.000    0.000    0.000    0.000 enumdecl.py:35(EnumClassStaticGetItem)
        1    0.000    0.000    0.000    0.000 feedparser.py:530(BytesFeedParser)
        1    0.000    0.000    0.000    0.000 typeinfer.py:1784(TypeInferDebug)
        1    0.000    0.000    0.000    0.000 ir_print.py:5(RewritePrintCalls)
        1    0.000    0.000    0.000    0.000 pytables.py:4341(WORMTable)
        1    0.000    0.000    0.000    0.000 _json.py:295(FrameWriter)
        1    0.000    0.000    0.000    0.000 traceback.py:656(_ExceptionPrintContext)
        1    0.000    0.000    0.000    0.000 utils.py:104(_Deprecate)
        1    0.000    0.000    0.000    0.000 listobject.py:87(ErrorHandler)
        1    0.000    0.000    0.000    0.000 pythonapi.py:24(_Registry)
        2    0.000    0.000    0.000    0.000 functions.py:382(get_impl_key)
        6    0.000    0.000    0.000    0.000 lowering.py:79(init)
        1    0.000    0.000    0.000    0.000 csv.py:57(excel)
        1    0.000    0.000    0.000    0.000 __init__.py:313(_CountryTimezoneDict)
        1    0.000    0.000    0.000    0.000 core.py:2562(CaselessLiteral)
        2    0.000    0.000    0.000    0.000 {built-in method time.time}
        1    0.000    0.000    0.000    0.000 context.py:233(__init__)
        1    0.000    0.000    0.000    0.000 target_extension.py:31(target_override)
        1    0.000    0.000    0.000    0.000 event.py:296(RecordingListener)
        1    0.000    0.000    0.000    0.000 models.py:400(EphemeralArrayModel)
        1    0.000    0.000    0.000    0.000 containers.py:609(SetEntry)
        2    0.000    0.000    0.000    0.000 accessor.py:220(__get__)
        1    0.000    0.000    0.000    0.000 model.py:294(ArrayType)
        1    0.000    0.000    0.000    0.000 npyio.py:42(BagObj)
        1    0.000    0.000    0.000    0.000 config.py:458(option_context)
        1    0.000    0.000    0.000    0.000 core.py:3550(LineStart)
        1    0.000    0.000    0.000    0.000 target_extension.py:12(_TargetRegistry)
        1    0.000    0.000    0.000    0.000 untyped_passes.py:135(__init__)
        1    0.000    0.000    0.000    0.000 typed_passes.py:869(PreLowerStripPhis)
        1    0.000    0.000    0.000    0.000 values.py:851(AttributeSet)
        1    0.000    0.000    0.000    0.000 value.py:376(_ValueIterator)
        1    0.000    0.000    0.000    0.000 _docstring.py:64(_ArtistPropertiesSubstitution)
        1    0.000    0.000    0.000    0.000 dictobject.py:88(DictModel)
        1    0.000    0.000    0.000    0.000 untyped_passes.py:566(__init__)
        1    0.000    0.000    0.000    0.000 codegen.py:1354(AOTCPUCodegen)
        1    0.000    0.000    0.000    0.000 scalars.py:154(_NPDatetimeBase)
        1    0.000    0.000    0.000    0.000 reader.py:24(ReaderError)
        1    0.000    0.000    0.000    0.000 containers.py:401(NamedTuple)
        1    0.000    0.000    0.000    0.000 online.py:89(EWMMeanState)
        1    0.000    0.000    0.000    0.000 _docstring.py:76(__init__)
        1    0.000    0.000    0.000    0.000 exceptions.py:98(AxisError)
        1    0.000    0.000    0.000    0.000 file_manager.py:300(_RefCounter)
        1    0.000    0.000    0.000    0.000 ansi.py:71(AnsiBack)
        1    0.000    0.000    0.000    0.000 executionengine.py:298(_ObjectCacheData)
        1    0.000    0.000    0.000    0.000 dataframe_protocol.py:94(ColumnBuffers)
        1    0.000    0.000    0.000    0.000 queue.py:223(PriorityQueue)
        1    0.000    0.000    0.000    0.000 index_tricks.py:618(ndindex)
        1    0.000    0.000    0.000    0.000 arpack.py:273(ArpackError)
        1    0.000    0.000    0.000    0.000 builtins.py:764(NPTimedeltaAttribute)
        1    0.000    0.000    0.000    0.000 controlflow.py:16(CFBlock)
        2    0.000    0.000    0.000    0.000 typeof.py:163(_typeof_none)
        1    0.000    0.000    0.000    0.000 containers.py:963(StructRefPayload)
        1    0.000    0.000    0.000    0.000 misc.py:194(EphemeralArray)
        1    0.000    0.000    0.000    0.000 _testutils.py:32(PytestTester)
        1    0.000    0.000    0.000    0.000 datetimes.py:101(YearMonthDayDict)
        1    0.000    0.000    0.000    0.000 apply.py:1615(ResamplerWindowApply)
        1    0.000    0.000    0.000    0.000 _mathtext.py:1010(Node)
        2    0.000    0.000    0.000    0.000 rcsetup.py:163(validate_dpi)
        1    0.000    0.000    0.000    0.000 cbook.py:333(silent_list)
        1    0.000    0.000    0.000    0.000 untyped_passes.py:1759(__init__)
        1    0.000    0.000    0.000    0.000 scalars.py:117(Float)
        1    0.000    0.000    0.000    0.000 orcjit.py:7(_LinkElement)
        1    0.000    0.000    0.000    0.000 __init__.py:655(LZMACompressor)
        1    0.000    0.000    0.000    0.000 calendar.py:624(LocaleHTMLCalendar)
        1    0.000    0.000    0.000    0.000 _mathtext.py:1162(List)
        1    0.000    0.000    0.000    0.000 _mathtext.py:1496(Kern)
        1    0.000    0.000    0.000    0.000 transforms.py:2271(BlendedAffine2D)
        1    0.000    0.000    0.000    0.000 cbook.py:915(GrouperView)
        1    0.000    0.000    0.000    0.000 generators.py:240(PyGeneratorLower)
        1    0.000    0.000    0.000    0.000 format.py:1164(_GenericArrayFormatter)
        1    0.000    0.000    0.000    0.000 common.py:1088(_BytesIOWrapper)
        1    0.000    0.000    0.000    0.000 backend_tools.py:618(ToolForward)
        1    0.000    0.000    0.000    0.000 plyparser.py:34(PLYParser)
        1    0.000    0.000    0.000    0.000 collections.py:97(NamedTupleClassAttribute)
        1    0.000    0.000    0.000    0.000 _policybase.py:41(__init__)
        1    0.000    0.000    0.000    0.000 misc.py:133(Module)
        1    0.000    0.000    0.000    0.000 legend_handler.py:521(HandlerErrorbar)
        1    0.000    0.000    0.000    0.000 _mathtext.py:731(DejaVuSansFonts)
        1    0.000    0.000    0.000    0.000 npydecl.py:444(parse_shape)
        1    0.000    0.000    0.000    0.000 abstract.py:483(InitialValue)
        1    0.000    0.000    0.000    0.000 format.py:1672(_Timedelta64Formatter)
        1    0.000    0.000    0.000    0.000 __init__.py:727(BufferingFormatter)
        1    0.000    0.000    0.000    0.000 parser.py:75(BytesParser)
        1    0.000    0.000    0.000    0.000 utils.py:714(_RedirectSubpackage)
        1    0.000    0.000    0.000    0.000 sql.py:1537(SQLAlchemyEngine)
        1    0.000    0.000    0.000    0.000 resample.py:2033(TimedeltaIndexResamplerGroupby)
        1    0.000    0.000    0.000    0.000 untyped_passes.py:427(__init__)
        1    0.000    0.000    0.000    0.000 untyped_passes.py:1689(__init__)
        1    0.000    0.000    0.000    0.000 merge.py:1894(_OrderedMerge)
        1    0.000    0.000    0.000    0.000 _exceptions.py:98(_UFuncOutputCastingError)
        5    0.000    0.000    0.000    0.000 caching.py:82(load_overload)
        1    0.000    0.000    0.000    0.000 {built-in method _cffi_backend.new_primitive_type}
        1    0.000    0.000    0.000    0.000 file_manager.py:28(FileManager)
        1    0.000    0.000    0.000    0.000 typed_passes.py:257(__init__)
        1    0.000    0.000    0.000    0.000 compiler_machinery.py:19(SimpleTimer)
        3    0.000    0.000    0.000    0.000 pythonapi.py:26(__init__)
        1    0.000    0.000    0.000    0.000 ffi.py:85(_suppress_cleanup_errors)
        1    0.000    0.000    0.000    0.000 pickle_compat.py:157(Unpickler)
        1    0.000    0.000    0.000    0.000 dataframe_protocol.py:111(CategoricalDescription)
        1    0.000    0.000    0.000    0.000 model.py:328(StructOrUnionOrEnum)
        1    0.000    0.000    0.000    0.000 common.py:88(_generate_etree_functions)
        1    0.000    0.000    0.000    0.000 misc.py:469(DeferredType)
        1    0.000    0.000    0.000    0.000 cm.py:95(__iter__)
        1    0.000    0.000    0.000    0.000 pathlib.py:151(_Selector)
        4    0.000    0.000    0.000    0.000 inspect.py:2773(annotation)
        1    0.000    0.000    0.000    0.000 generator_core.py:13(NumPyRngBitGeneratorModel)
        1    0.000    0.000    0.000    0.000 yacc.py:1427(LRItem)
        2    0.000    0.000    0.000    0.000 duck_array_ops.py:76(_dask_or_eager_func)
        1    0.000    0.000    0.000    0.000 untyped_passes.py:442(__init__)
        5    0.000    0.000    0.000    0.000 dispatcher.py:169(_customize_flags)
        1    0.000    0.000    0.000    0.000 values.py:713(DIValue)
        1    0.000    0.000    0.000    0.000 containers.py:78(BaseContainerPayload)
        1    0.000    0.000    0.000    0.000 misc.py:160(CPointer)
        1    0.000    0.000    0.000    0.000 blocks.py:2625(DatetimeLikeBlock)
        1    0.000    0.000    0.000    0.000 container.py:77(ErrorbarContainer)
        1    0.000    0.000    0.000    0.000 Image.py:3483(register_save)
        1    0.000    0.000    0.000    0.000 indexing.py:376(BasicIndexer)
        1    0.000    0.000    0.000    0.000 packer.py:159(_Unflattener)
        6    0.000    0.000    0.000    0.000 models.py:168(get_argument_type)
        1    0.000    0.000    0.000    0.000 instructions.py:344(CompareInstr)
        1    0.000    0.000    0.000    0.000 ops.py:598(MathCall)
        2    0.000    0.000    0.000    0.000 axis.py:572(__init__)
        1    0.000    0.000    0.000    0.000 _mathtext.py:1033(Box)
        1    0.000    0.000    0.000    0.000 ElementPath.py:350(_SelectorContext)
        1    0.000    0.000    0.000    0.000 ImageFile.py:350(StubImageFile)
        1    0.000    0.000    0.000    0.000 common.py:39(EntitiesForbidden)
        1    0.000    0.000    0.000    0.000 reduction.py:211(_C)
        1    0.000    0.000    0.000    0.000 variables.py:27(VariableCoder)
        1    0.000    0.000    0.000    0.000 caching.py:380(CompileResultCacheImpl)
        6    0.000    0.000    0.000    0.000 interpreter.py:1879(op_NOP)
        1    0.000    0.000    0.000    0.000 misc.py:143(MemInfoPointer)
        1    0.000    0.000    0.000    0.000 misc.py:319(ExceptionInstance)
        1    0.000    0.000    0.000    0.000 tokens.py:2(Token)
        1    0.000    0.000    0.000    0.000 readers.py:507(_DeprecationConfig)
        1    0.000    0.000    0.000    0.000 _base.py:95(_TransformedBoundsLocator)
        2    0.000    0.000    0.000    0.000 rcsetup.py:387(validate_fontstretch)
        1    0.000    0.000    0.000    0.000 __init__.py:2285(NullHandler)
        1    0.000    0.000    0.000    0.000 function_type.py:31(FunctionProtoModel)
        1    0.000    0.000    0.000    0.000 _aliases.py:160(UniqueInverseResult)
        1    0.000    0.000    0.000    0.000 codegen.py:1385(JITCPUCodegen)
        1    0.000    0.000    0.000    0.000 parfor.py:1631(ConvertInplaceBinop)
        1    0.000    0.000    0.000    0.000 dispatcher.py:1169(LiftedLoop)
        6    0.000    0.000    0.000    0.000 debuginfo.py:73(mark_subprogram)
        1    0.000    0.000    0.000    0.000 contour.py:29(ClabelText)
        1    0.000    0.000    0.000    0.000 core.py:2352(NoMatch)
        1    0.000    0.000    0.000    0.000 parse.py:136(_ResultMixinStr)
        2    0.000    0.000    0.000    0.000 {built-in method sys._getframe}
        1    0.000    0.000    0.000    0.000 common.py:266(ArrayWriter)
        1    0.000    0.000    0.000    0.000 untyped_passes.py:1528(__init__)
        1    0.000    0.000    0.000    0.000 typed_passes.py:880(__init__)
        3    0.000    0.000    0.000    0.000 misc.py:112(value)
        1    0.000    0.000    0.000    0.000 base.py:147(NoNewAttributesMixin)
        1    0.000    0.000    0.000    0.000 _trirefine.py:12(TriRefiner)
        1    0.000    0.000    0.000    0.000 _triinterpolate.py:1156(_DOF_estimator_min_E)
        1    0.000    0.000    0.000    0.000 common.py:56(ExternalReferenceForbidden)
        1    0.000    0.000    0.000    0.000 Image.py:3468(register_mime)
        1    0.000    0.000    0.000    0.000 arraydecl.py:596(RecordAttribute)
        1    0.000    0.000    0.000    0.000 untyped_passes.py:157(__init__)
        1    0.000    0.000    0.000    0.000 untyped_passes.py:209(__init__)
        6    0.000    0.000    0.000    0.000 typeinfer.py:1780(unify_finished)
        1    0.000    0.000    0.000    0.000 static_getitem.py:5(RewriteConstGetitems)
        1    0.000    0.000    0.000    0.000 tracing.py:10(TLS)
        1    0.000    0.000    0.000    0.000 pythonapi.py:66(_UnboxContext)
        5    0.000    0.000    0.000    0.000 _pep440.py:446(<lambda>)
        1    0.000    0.000    0.000    0.000 __init__.py:273(AbstractMethodError)
        1    0.000    0.000    0.000    0.000 queue.py:242(LifoQueue)
        1    0.000    0.000    0.000    0.000 polar.py:281(ThetaLocator)
        1    0.000    0.000    0.000    0.000 transforms.py:2790(TransformedPatchPath)
        1    0.000    0.000    0.000    0.000 ticker.py:270(FixedFormatter)
        1    0.000    0.000    0.000    0.000 __init__.py:10(NBitBase)
        1    0.000    0.000    0.000    0.000 treenode.py:18(InvalidTreeError)
        1    0.000    0.000    0.000    0.000 models.py:383(EphemeralPointerModel)
        3    0.000    0.000    0.000    0.000 imputils.py:231(iterator_impl)
        1    0.000    0.000    0.000    0.000 templates.py:1236(Registry)
        1    0.000    0.000    0.000    0.000 readers.py:129(NamespaceReader)
        1    0.000    0.000    0.000    0.000 _version_meson.py:1(<module>)
        1    0.000    0.000    0.000    0.000 legend_handler.py:628(HandlerStem)
        1    0.000    0.000    0.000    0.000 common.py:18(DefusedXmlException)
        1    0.000    0.000    0.000    0.000 npyimpl.py:43(_ScalarIndexingHelper)
        1    0.000    0.000    0.000    0.000 _linalg.py:24(EighResult)
        1    0.000    0.000    0.000    0.000 treenode.py:26(NodePath)
        1    0.000    0.000    0.000    0.000 base.py:1207(_wrap_missing_loc)
        1    0.000    0.000    0.000    0.000 compiler.py:355(StateDict)
        1    0.000    0.000    0.000    0.000 interpreter.py:27(_UNKNOWN_VALUE)
        1    0.000    0.000    0.000    0.000 iterators.py:74(ZipType)
        1    0.000    0.000    0.000    0.000 misc.py:336(SliceType)
        2    0.000    0.000    0.000    0.000 reprlib.py:9(recursive_repr)
        5    0.000    0.000    0.000    0.000 caching.py:85(save_overload)
        1    0.000    0.000    0.000    0.000 cftime_offsets.py:551(YearBegin)
        1    0.000    0.000    0.000    0.000 errors.py:93(NonPrintableDefect)
        2    0.000    0.000    0.000    0.000 calendar.py:118(__init__)
        1    0.000    0.000    0.000    0.000 offsetbox.py:467(VPacker)
        1    0.000    0.000    0.000    0.000 _exceptions.py:32(UFuncTypeError)
        4    0.000    0.000    0.000    0.000 _inspect.py:142(<lambda>)
        1    0.000    0.000    0.000    0.000 {method '__exit__' of 'posix.ScandirIterator' objects}
        1    0.000    0.000    0.000    0.000 base.py:37(InstanceDataModel)
        1    0.000    0.000    0.000    0.000 _typing.py:192(_arrayapi)
        1    0.000    0.000    0.000    0.000 untyped_passes.py:52(ExtractByteCode)
        1    0.000    0.000    0.000    0.000 parfor.py:5223(ReduceInfer)
        1    0.000    0.000    0.000    0.000 instructions.py:179(InvokeInstr)
        1    0.000    0.000    0.000    0.000 templates.py:1017(AttributeTemplate)
        1    0.000    0.000    0.000    0.000 module.py:211(_Iterator)
        1    0.000    0.000    0.000    0.000 pytables.py:349(ConditionBinOp)
        1    0.000    0.000    0.000    0.000 dates.py:876(AutoDateFormatter)
        1    0.000    0.000    0.000    0.000 collections.py:1275(BrokenBarHCollection)
        3    0.000    0.000    0.000    0.000 {built-in method _ctypes.addressof}
        1    0.000    0.000    0.000    0.000 lex.py:57(LexError)
        1    0.000    0.000    0.000    0.000 nodes.py:2(Node)
        1    0.000    0.000    0.000    0.000 tz.py:1036(tzstr)
        1    0.000    0.000    0.000    0.000 font_manager.py:910(_JSONEncoder)
        1    0.000    0.000    0.000    0.000 untyped_passes.py:1643(__init__)
        1    0.000    0.000    0.000    0.000 caching.py:723(LibraryCache)
        1    0.000    0.000    0.000    0.000 extending.py:510(SentryLiteralArgs)
        1    0.000    0.000    0.000    0.000 passmanagers.py:669(ModulePassManager)
        1    0.000    0.000    0.000    0.000 pytables.py:4751(AppendableMultiSeriesTable)
        1    0.000    0.000    0.000    0.000 dates.py:1501(YearLocator)
        1    0.000    0.000    0.000    0.000 geo.py:18(ThetaFormatter)
        1    0.000    0.000    0.000    0.000 widgets.py:1877(SubplotTool)
        1    0.000    0.000    0.000    0.000 model.py:224(RawFunctionType)
        1    0.000    0.000    0.000    0.000 ticker.py:1915(_Edge_integer)
        1    0.000    0.000    0.000    0.000 core.py:797(_DomainCheckInterval)
        1    0.000    0.000    0.000    0.000 c_ast.py:346(CompoundLiteral)
        1    0.000    0.000    0.000    0.000 generators.py:212(GeneratorLower)
        2    0.000    0.000    0.000    0.000 expr.py:169(_is_type)
        1    0.000    0.000    0.000    0.000 tarfile.py:576(_StreamProxy)
        1    0.000    0.000    0.000    0.000 legend_handler.py:314(HandlerPatch)
        5    0.000    0.000    0.000    0.000 dataclasses.py:879(_hash_set_none)
        1    0.000    0.000    0.000    0.000 construction.py:196(mgr_to_mgr)
        1    0.000    0.000    0.000    0.000 npyimpl.py:416(_Kernel)
        1    0.000    0.000    0.000    0.000 base.py:404(ClassAttribute)
        1    0.000    0.000    0.000    0.000 npdatetime.py:213(DatetimeMinusTimedelta)
        1    0.000    0.000    0.000    0.000 untyped_passes.py:241(__init__)
        1    0.000    0.000    0.000    0.000 untyped_passes.py:495(__init__)
        1    0.000    0.000    0.000    0.000 parfor.py:2891(ParforPass)
        1    0.000    0.000    0.000    0.000 passmanagers.py:14(PruneStats)
        1    0.000    0.000    0.000    0.000 resample.py:1866(DatetimeIndexResamplerGroupby)
        1    0.000    0.000    0.000    0.000 arrayprint.py:1245(ComplexFloatingFormat)
        1    0.000    0.000    0.000    0.000 arraydecl.py:207(GetItemBuffer)
        1    0.000    0.000    0.000    0.000 c_ast.py:307(Cast)
        2    0.000    0.000    0.000    0.000 interpreter.py:1790(code_freevars)
        1    0.000    0.000    0.000    0.000 ir.py:1016(Const)
        1    0.000    0.000    0.000    0.000 events.py:4(Event)
        1    0.000    0.000    0.000    0.000 typeref.py:136(_TypeIterator)
        1    0.000    0.000    0.000    0.000 resample.py:1997(PeriodIndexResamplerGroupby)
        1    0.000    0.000    0.000    0.000 integer.py:64(IntegerArray)
        1    0.000    0.000    0.000    0.000 pydoc.py:404(ErrorDuringImport)
        1    0.000    0.000    0.000    0.000 art3d.py:347(Collection3D)
        1    0.000    0.000    0.000    0.000 backend_tools.py:588(ViewsPositionsBase)
        1    0.000    0.000    0.000    0.000 stride_tricks.py:15(DummyArray)
        1    0.000    0.000    0.000    0.000 parse.py:323(DefragResult)
        1    0.000    0.000    0.000    0.000 unicode.py:79(UnicodeModel)
        4    0.000    0.000    0.000    0.000 feedparser.py:124(__iter__)
        1    0.000    0.000    0.000    0.000 npydecl.py:363(Numpy_method_redirection)
        1    0.000    0.000    0.000    0.000 errors.py:255(reset_terminal)
        1    0.000    0.000    0.000    0.000 misc.py:511(ContextManager)
        1    0.000    0.000    0.000    0.000 utils.py:95(Endianness)
        1    0.000    0.000    0.000    0.000 _mathtext.py:1139(Accent)
        1    0.000    0.000    0.000    0.000 hatch.py:14(HorizontalHatch)
        1    0.000    0.000    0.000    0.000 _typing.py:26(SupportsRead)
        1    0.000    0.000    0.000    0.000 numerictypes.py:425(_typedict)
        1    0.000    0.000    0.000    0.000 arpack.py:380(_SymmetricArpackParams)
        1    0.000    0.000    0.000    0.000 _linalg.py:28(QRResult)
        2    0.000    0.000    0.000    0.000 unicode.py:1376(gen_unicode_Xjust)
        1    0.000    0.000    0.000    0.000 arraydecl.py:685(ArrayCTypesAttribute)
        1    0.000    0.000    0.000    0.000 {built-in method _cffi_backend.new_array_type}
        1    0.000    0.000    0.000    0.000 h5netcdf_.py:46(H5NetCDFArrayWrapper)
        1    0.000    0.000    0.000    0.000 typed_passes.py:522(NativeParforLowering)
        1    0.000    0.000    0.000    0.000 types.py:165(FunctionType)
        1    0.000    0.000    0.000    0.000 pytables.py:99(Constant)
        1    0.000    0.000    0.000    0.000 patches.py:2583(Sawtooth)
        1    0.000    0.000    0.000    0.000 backend_bases.py:1484(PickEvent)
        1    0.000    0.000    0.000    0.000 exceptions.py:289(RecursiveGrammarException)
        1    0.000    0.000    0.000    0.000 _array_like.py:44(_SupportsArrayFunc)
        1    0.000    0.000    0.000    0.000 ccallback.py:17(_CFuncCompiler)
        1    0.000    0.000    0.000    0.000 polynomial_core.py:13(PolynomialModel)
        1    0.000    0.000    0.000    0.000 _interface.py:637(_TransposedLinearOperator)
        2    0.000    0.000    0.000    0.000 unicode.py:1997(gen_isAlX)
        1    0.000    0.000    0.000    0.000 c_ast.py:905(Struct)
        1    0.000    0.000    0.000    0.000 untyped_passes.py:115(__init__)
        1    0.000    0.000    0.000    0.000 untyped_passes.py:175(DeadBranchPrune)
        1    0.000    0.000    0.000    0.000 untyped_passes.py:586(__init__)
        1    0.000    0.000    0.000    0.000 controlflow.py:59(_DictOfContainers)
        1    0.000    0.000    0.000    0.000 values.py:1103(_BaseArgument)
        1    0.000    0.000    0.000    0.000 expr.py:771(PythonExprVisitor)
        2    0.000    0.000    0.000    0.000 base.py:1671(name)
        1    0.000    0.000    0.000    0.000 legend_handler.py:208(HandlerNpointsYoffsets)
        1    0.000    0.000    0.000    0.000 scale.py:89(LinearScale)
        1    0.000    0.000    0.000    0.000 dtypes.py:14(AlwaysGreaterThan)
        1    0.000    0.000    0.000    0.000 untyped_passes.py:1523(PropagateLiterals)
        1    0.000    0.000    0.000    0.000 cgutils.py:223(ValueStructProxy)
        1    0.000    0.000    0.000    0.000 core.py:197(_should_enable_warnings)
        1    0.000    0.000    0.000    0.000 _endian.py:23(_swapped_meta)
        1    0.000    0.000    0.000    0.000 index_tricks.py:569(ndenumerate)
        2    0.000    0.000    0.000    0.000 unicode.py:736(generate_finder)
        1    0.000    0.000    0.000    0.000 ops.py:295(IncludeReduceMethods)
        1    0.000    0.000    0.000    0.000 typed_passes.py:568(__init__)
        1    0.000    0.000    0.000    0.000 typed_passes.py:99(BaseTypeInference)
        1    0.000    0.000    0.000    0.000 typed_passes.py:533(NoPythonSupportedFeatureValidation)
        1    0.000    0.000    0.000    0.000 instructions.py:731(InlineAsm)
        1    0.000    0.000    0.000    0.000 context.py:5(Context)
        1    0.000    0.000    0.000    0.000 orcjit.py:13(_SymbolAddress)
        1    0.000    0.000    0.000    0.000 misc.py:541(UnicodeType)
        1    0.000    0.000    0.000    0.000 base.py:540(<genexpr>)
        1    0.000    0.000    0.000    0.000 streamplot.py:249(StreamplotSet)
        1    0.000    0.000    0.000    0.000 _parser.py:1589(ParserError)
        1    0.000    0.000    0.000    0.000 __init__.py:8(_SubplotBaseMeta)
        1    0.000    0.000    0.000    0.000 __init__.py:1066(__setitem__)
        1    0.000    0.000    0.000    0.000 _aliases.py:155(UniqueCountsResult)
        1    0.000    0.000    0.000    0.000 c_ast.py:285(Case)
        1    0.000    0.000    0.000    0.000 c_ast.py:428(DeclList)
        6    0.000    0.000    0.000    0.000 debuginfo.py:79(finalize)
        1    0.000    0.000    0.000    0.000 model.py:178(UnknownIntegerType)
        1    0.000    0.000    0.000    0.000 npdatetime.py:19(TimedeltaUnaryOp)
        1    0.000    0.000    0.000    0.000 lex.py:64(LexToken)
        1    0.000    0.000    0.000    0.000 enumdecl.py:46(EnumCompare)
        1    0.000    0.000    0.000    0.000 merge.py:55(Context)
        1    0.000    0.000    0.000    0.000 untyped_passes.py:456(__init__)
        1    0.000    0.000    0.000    0.000 typed_passes.py:861(__init__)
        1    0.000    0.000    0.000    0.000 parfor.py:2948(ParforFusionPass)
        1    0.000    0.000    0.000    0.000 generators.py:301(LowerYield)
        1    0.000    0.000    0.000    0.000 ipc.py:88(RecordBatchFileReader)
        1    0.000    0.000    0.000    0.000 GimpGradientFile.py:66(GradientFile)
        1    0.000    0.000    0.000    0.000 arrayprint.py:1222(IntegerFormat)
        1    0.000    0.000    0.000    0.000 numbers.py:37(Number)
        1    0.000    0.000    0.000    0.000 cftime_offsets.py:463(QuarterBegin)
        1    0.000    0.000    0.000    0.000 ssa.py:37(_CacheListVars)
        1    0.000    0.000    0.000    0.000 _validators.py:226(validate_bool_kwarg)
        1    0.000    0.000    0.000    0.000 queue.py:23(Full)
        1    0.000    0.000    0.000    0.000 _typing.py:288(WriteBuffer)
        1    0.000    0.000    0.000    0.000 units.py:72(AxisInfo)
        1    0.000    0.000    0.000    0.000 _interface.py:724(_ScaledLinearOperator)
        1    0.000    0.000    0.000    0.000 _linalg.py:36(SVDResult)
        1    0.000    0.000    0.000    0.000 c_ast.py:328(Compound)
        1    0.000    0.000    0.000    0.000 c_ast.py:549(EnumeratorList)
        1    0.000    0.000    0.000    0.000 _typing.py:272(_sparsearray)
        1    0.000    0.000    0.000    0.000 untyped_passes.py:419(PreserveIR)
        1    0.000    0.000    0.000    0.000 scalars.py:257(IntEnumMember)
        1    0.000    0.000    0.000    0.000 containers.py:787(FakeNamedTuple)
        1    0.000    0.000    0.000    0.000 dates.py:1839(ConciseDateConverter)
        1    0.000    0.000    0.000    0.000 arrayprint.py:1278(_TimelikeFormat)
        1    0.000    0.000    0.000    0.000 arraymath.py:4037(_gen_np_machar)
        1    0.000    0.000    0.000    0.000 common.py:206(BackendArray)
        1    0.000    0.000    0.000    0.000 templates.py:391(CallableTemplate)
        1    0.000    0.000    0.000    0.000 types.py:306(HalfType)
        1    0.000    0.000    0.000    0.000 targets.py:21(FeatureMap)
        1    0.000    0.000    0.000    0.000 stata.py:792(StataNonCatValueLabel)
        1    0.000    0.000    0.000    0.000 offsetbox.py:1592(DraggableAnnotation)
        1    0.000    0.000    0.000    0.000 model.py:72(BaseType)
        1    0.000    0.000    0.000    0.000 ticker.py:2872(AutoMinorLocator)
        1    0.000    0.000    0.000    0.000 context.py:311(ForkServerContext)
        1    0.000    0.000    0.000    0.000 typed_passes.py:554(__init__)
        1    0.000    0.000    0.000    0.000 typed_passes.py:611(__init__)
        1    0.000    0.000    0.000    0.000 parfor.py:1753(ConvertSetItemPass)
        1    0.000    0.000    0.000    0.000 ir_print.py:53(DetectConstPrintArguments)
        1    0.000    0.000    0.000    0.000 ir.py:742(StaticRaise)
        1    0.000    0.000    0.000    0.000 _triinterpolate.py:1071(_DOF_estimator_geom)
        1    0.000    0.000    0.000    0.000 core.py:3685(WordEnd)
        1    0.000    0.000    0.000    0.000 pickle.py:73(PickleError)
        1    0.000    0.000    0.000    0.000 _exceptions.py:56(_UFuncBinaryResolutionError)
        1    0.000    0.000    0.000    0.000 pathlib.py:223(_RecursiveWildcardSelector)
        2    0.000    0.000    0.000    0.000 decorator.py:195(<genexpr>)
        2    0.000    0.000    0.000    0.000 unicode.py:1205(generate_rsplit_whitespace_impl)
        1    0.000    0.000    0.000    0.000 npdatetime.py:189(DatetimePlusTimedelta)
        1    0.000    0.000    0.000    0.000 values.py:1199(BlockAddress)
        1    0.000    0.000    0.000    0.000 _exceptions.py:80(_UFuncInputCastingError)
        1    0.000    0.000    0.000    0.000 listobject.py:54(ListModel)
        2    0.000    0.000    0.000    0.000 npdatetime.py:718(_gen_datetime_min_impl)
        2    0.000    0.000    0.000    0.000 setdecl.py:99(ConcreteSetOperator)
        1    0.000    0.000    0.000    0.000 setdecl.py:17(SetBuiltin)
        1    0.000    0.000    0.000    0.000 extensions.py:14(_CachedAccessor)
        1    0.000    0.000    0.000    0.000 phytoplankton.py:111(SelfShading)
        1    0.000    0.000    0.000    0.000 ops.py:221(_func_slash_method_wrapper)
        1    0.000    0.000    0.000    0.000 wrappers.py:480(_GufuncObjectWrapper)
        1    0.000    0.000    0.000    0.000 _typing.py:298(_sparsearrayapi)
        1    0.000    0.000    0.000    0.000 typed_passes.py:378(__init__)
        1    0.000    0.000    0.000    0.000 builtins.py:1107(OptionalAttribute)
        1    0.000    0.000    0.000    0.000 postproc.py:5(YieldPoint)
        1    0.000    0.000    0.000    0.000 models.py:341(MemInfoModel)
        1    0.000    0.000    0.000    0.000 ir_utils.py:36(__init__)
        1    0.000    0.000    0.000    0.000 pythonapi.py:108(EnvironmentManager)
        1    0.000    0.000    0.000    0.000 ir.py:235(EqualityCheckMixin)
        1    0.000    0.000    0.000    0.000 error.py:48(MarkedYAMLError)
        1    0.000    0.000    0.000    0.000 base.py:55(_AlreadyWarned)
        1    0.000    0.000    0.000    0.000 csv.py:72(unix_dialect)
        1    0.000    0.000    0.000    0.000 six.py:144(MovedAttribute)
        1    0.000    0.000    0.000    0.000 six.py:178(__init__)
        1    0.000    0.000    0.000    0.000 traceback.py:90(_Sentinel)
        1    0.000    0.000    0.000    0.000 deprecation.py:223(deprecate_privatize_attribute)
        1    0.000    0.000    0.000    0.000 _exceptions.py:71(_UFuncCastingError)
        6    0.000    0.000    0.000    0.000 interpreter.py:1882(op_RESUME)
        1    0.000    0.000    0.000    0.000 untyped_passes.py:763(__init__)
        1    0.000    0.000    0.000    0.000 parallel.py:36(get_thread_count)
        1    0.000    0.000    0.000    0.000 scalars.py:77(IntegerLiteral)
        1    0.000    0.000    0.000    0.000 templates.py:1087(_OverloadMethodTemplate)
        1    0.000    0.000    0.000    0.000 parquet.py:296(FastParquetImpl)
        1    0.000    0.000    0.000    0.000 multi.py:167(MultiIndexPyIntEngine)
        4    0.000    0.000    0.000    0.000 {built-in method _sre.ascii_iscased}
        1    0.000    0.000    0.000    0.000 hashing.py:389(FNV)
        1    0.000    0.000    0.000    0.000 typed_passes.py:223(__init__)
        1    0.000    0.000    0.000    0.000 typed_passes.py:407(__init__)
        1    0.000    0.000    0.000    0.000 untyped_passes.py:562(PrintIRCFG)
        1    0.000    0.000    0.000    0.000 errors.py:81(HeaderDefect)
        5    0.000    0.000    0.000    0.000 models.py:251(from_return)
        1    0.000    0.000    0.000    0.000 ir.py:1057(FreeVar)
        1    0.000    0.000    0.000    0.000 loader.py:11(BaseLoader)
        1    0.000    0.000    0.000    0.000 value.py:446(_ArgumentsIterator)
        1    0.000    0.000    0.000    0.000 utils.py:774(threadsafe_cached_property)
        1    0.000    0.000    0.000    0.000 pytables.py:3337(FrameFixed)
        1    0.000    0.000    0.000    0.000 calendar.py:31(IllegalMonthError)
        1    0.000    0.000    0.000    0.000 six.py:91(_LazyDescr)
        1    0.000    0.000    0.000    0.000 _mathtext.py:939(ComputerModernFontConstants)
        1    0.000    0.000    0.000    0.000 ticker.py:1687(FixedLocator)
        1    0.000    0.000    0.000    0.000 colors.py:2119(NoNorm)
        1    0.000    0.000    0.000    0.000 {built-in method numpy._set_promotion_state}
        1    0.000    0.000    0.000    0.000 c_ast.py:1070(Union)
        1    0.000    0.000    0.000    0.000 collections.py:28(SequenceBool)
        1    0.000    0.000    0.000    0.000 builtins.py:113(PairFirst)
        1    0.000    0.000    0.000    0.000 patches.py:3595(Simple)
        1    0.000    0.000    0.000    0.000 hatch.py:31(VerticalHatch)
        1    0.000    0.000    0.000    0.000 listobject.py:64(ListIterModel)
        1    0.000    0.000    0.000    0.000 arpack.py:310(_ArpackParams)
        1    0.000    0.000    0.000    0.000 decorator.py:254(ContextManager)
        1    0.000    0.000    0.000    0.000 listobj.py:130(ListPayloadAccessor)
        1    0.000    0.000    0.000    0.000 arrayobj.py:4243(_ol_array_allocate)
        1    0.000    0.000    0.000    0.000 indexing.py:501(ExplicitlyIndexed)
        1    0.000    0.000    0.000    0.000 typeinfer.py:191(Propagate)
        1    0.000    0.000    0.000    0.000 typeinfer.py:712(GetAttrConstraint)
        1    0.000    0.000    0.000    0.000 tarfile.py:710(ExFileObject)
        1    0.000    0.000    0.000    0.000 nanops.py:98(bottleneck_switch)
        1    0.000    0.000    0.000    0.000 __init__.py:572(UndefinedVariableError)
        1    0.000    0.000    0.000    0.000 _adapters.py:20(TraversableResourcesLoader)
        1    0.000    0.000    0.000    0.000 ElementTree.py:107(ParseError)
        1    0.000    0.000    0.000    0.000 values.py:774(GlobalValue)
        3    0.000    0.000    0.000    0.000 builder.py:83(_uniop_intrinsic_int)
        1    0.000    0.000    0.000    0.000 cyaml.py:16(CBaseLoader)
        1    0.000    0.000    0.000    0.000 _array_like.py:39(_SupportsArray)
        1    0.000    0.000    0.000    0.000 _linalg.py:32(SlogdetResult)
        1    0.000    0.000    0.000    0.000 typed_passes.py:349(__init__)
        1    0.000    0.000    0.000    0.000 typed_passes.py:853(DeadCodeElimination)
        1    0.000    0.000    0.000    0.000 wrappers.py:688(_ArrayArgLoader)
        1    0.000    0.000    0.000    0.000 intrinsics.py:8(_DivmodFixer)
        1    0.000    0.000    0.000    0.000 ir.py:340(Stmt)
        1    0.000    0.000    0.000    0.000 containers.py:220(__len__)
        1    0.000    0.000    0.000    0.000 misc.py:349(SliceLiteral)
        1    0.000    0.000    0.000    0.000 _pep440.py:129(InvalidVersion)
        1    0.000    0.000    0.000    0.000 indexing.py:248(GroupByPositionalSelector)
        1    0.000    0.000    0.000    0.000 info.py:823(_DataFrameTableBuilderNonVerbose)
        1    0.000    0.000    0.000    0.000 indexing.py:109(_IndexSlice)
        1    0.000    0.000    0.000    0.000 patches.py:2905(Arc)
        1    0.000    0.000    0.000    0.000 {built-in method numpy.core._multiarray_umath.set_typeDict}
        1    0.000    0.000    0.000    0.000 scalars.py:12(Boolean)
        1    0.000    0.000    0.000    0.000 executionengine.py:227(_ObjectCacheRef)
        1    0.000    0.000    0.000    0.000 pytables.py:637(TermValue)
        1    0.000    0.000    0.000    0.000 unicode.py:158(Greek)
        5    0.000    0.000    0.000    0.000 __init__.py:609(__missing__)
        1    0.000    0.000    0.000    0.000 dictobject.py:98(DictIterModel)
        1    0.000    0.000    0.000    0.000 _special_sparse_arrays.py:835(MikotaPair)
        1    0.000    0.000    0.000    0.000 unicode.py:102(UnicodeIteratorModel)
        1    0.000    0.000    0.000    0.000 hashing.py:396(SIPHASH)
        1    0.000    0.000    0.000    0.000 c_ast.py:1012(Typedef)
        1    0.000    0.000    0.000    0.000 strings.py:116(CharacterArrayCoder)
        1    0.000    0.000    0.000    0.000 cftime_offsets.py:369(MonthBegin)
        1    0.000    0.000    0.000    0.000 wrappers.py:603(GUArrayArg)
        1    0.000    0.000    0.000    0.000 ufuncbuilder.py:251(_BaseUFuncBuilder)
        1    0.000    0.000    0.000    0.000 untyped_passes.py:1684(LiteralUnroll)
        1    0.000    0.000    0.000    0.000 ssa.py:292(_FreshVarHandler)
        1    0.000    0.000    0.000    0.000 pylowering.py:24(_Undefined)
        1    0.000    0.000    0.000    0.000 codegen.py:948(AOTCodeLibrary)
        1    0.000    0.000    0.000    0.000 __init__.py:346(DeprecatedNonAbstract)
        1    0.000    0.000    0.000    0.000 typeinfer.py:1772(NullDebug)
        1    0.000    0.000    0.000    0.000 builtins.py:22(Print)
        1    0.000    0.000    0.000    0.000 builtins.py:91(GetIter)
        3    0.000    0.000    0.000    0.000 ir.py:1027(infer_constant)
        1    0.000    0.000    0.000    0.000 ir.py:726(Raise)
        1    0.000    0.000    0.000    0.000 types.py:150(VoidType)
        1    0.000    0.000    0.000    0.000 passmanagers.py:38(_c_PruneStats)
        1    0.000    0.000    0.000    0.000 tarfile.py:743(AbsoluteLinkError)
        1    0.000    0.000    0.000    0.000 __init__.py:30(NullFrequencyError)
        1    0.000    0.000    0.000    0.000 polar.py:241(ThetaFormatter)
        1    0.000    0.000    0.000    0.000 calendar.py:578(different_locale)
        1    0.000    0.000    0.000    0.000 _mathtext.py:1428(_GlueSpec)
        1    0.000    0.000    0.000    0.000 core.py:3599(LineEnd)
        1    0.000    0.000    0.000    0.000 error.py:5(CDefError)
        1    0.000    0.000    0.000    0.000 pathlib.py:1425(WindowsPath)
        1    0.000    0.000    0.000    0.000 _interface.py:792(MatrixLinearOperator)
        1    0.000    0.000    0.000    0.000 untyped_passes.py:72(TranslateByteCode)
        1    0.000    0.000    0.000    0.000 cpu.py:28(EnvBody)
        1    0.000    0.000    0.000    0.000 utils.py:484(UniqueDict)
        2    0.000    0.000    0.000    0.000 containers.py:330(key)
        1    0.000    0.000    0.000    0.000 generator_core.py:31(NumPyRandomGeneratorTypeModel)
        1    0.000    0.000    0.000    0.000 c_ast.py:232(Alignas)
        1    0.000    0.000    0.000    0.000 c_ast.py:271(Break)
        1    0.000    0.000    0.000    0.000 cffi_utils.py:184(FFI_from_buffer)
        1    0.000    0.000    0.000    0.000 withcontexts.py:59(_ByPassContextType)
        1    0.000    0.000    0.000    0.000 untyped_passes.py:262(__init__)
        1    0.000    0.000    0.000    0.000 special.py:14(prange)
        1    0.000    0.000    0.000    0.000 templates.py:950(_IntrinsicTemplate)
        1    0.000    0.000    0.000    0.000 dumper.py:9(BaseDumper)
        1    0.000    0.000    0.000    0.000 selectn.py:75(SelectNSeries)
        1    0.000    0.000    0.000    0.000 engines.py:124(PythonEngine)
        1    0.000    0.000    0.000    0.000 results.py:98(List)
        1    0.000    0.000    0.000    0.000 Image.py:3494(register_save_all)
        1    0.000    0.000    0.000    0.000 builtins.py:1116(DeferredAttribute)
        4    0.000    0.000    0.000    0.000 series.py:1480(_clear_item_cache)
        1    0.000    0.000    0.000    0.000 patches.py:3473(BracketA)
        1    0.000    0.000    0.000    0.000 base.py:258(ConstructorTemplate)
        1    0.000    0.000    0.000    0.000 c_ast.py:1110(Pragma)
        1    0.000    0.000    0.000    0.000 values.py:514(FormattedConstant)
        1    0.000    0.000    0.000    0.000 __init__.py:819(_Tellable)
        1    0.000    0.000    0.000    0.000 compressors.py:52(BZ2File)
        1    0.000    0.000    0.000    0.000 exceptions.py:19(DuplicateConstraint)
        2    0.000    0.000    0.000    0.000 _onenormest.py:121(_blocked_elementwise)
        1    0.000    0.000    0.000    0.000 c_ast.py:791(Label)
        1    0.000    0.000    0.000    0.000 c_ast.py:924(StructRef)
        1    0.000    0.000    0.000    0.000 context.py:303(ForkContext)
        1    0.000    0.000    0.000    0.000 ssa.py:220(_BaseHandler)
        1    0.000    0.000    0.000    0.000 ssa.py:330(__init__)
        1    0.000    0.000    0.000    0.000 typed_passes.py:219(NopythonRewrites)
        1    0.000    0.000    0.000    0.000 builtins.py:1138(IndexValue)
        1    0.000    0.000    0.000    0.000 values.py:789(GlobalVariable)
        1    0.000    0.000    0.000    0.000 values.py:417(Value)
        1    0.000    0.000    0.000    0.000 sql.py:1518(BaseEngine)
        3    0.000    0.000    0.000    0.000 base_parser.py:1447(is_index_col)
        1    0.000    0.000    0.000    0.000 _compute_docstrings.py:1(<module>)
        1    0.000    0.000    0.000    0.000 _tzpath.py:176(InvalidTZPathWarning)
        1    0.000    0.000    0.000    0.000 tz.py:373(_tzfile)
        1    0.000    0.000    0.000    0.000 backend_bases.py:3484(ShowBase)
        1    0.000    0.000    0.000    0.000 uuid.py:78(SafeUUID)
        1    0.000    0.000    0.000    0.000 model.py:85(VoidType)
        1    0.000    0.000    0.000    0.000 pathlib.py:241(_DoubleRecursiveWildcardSelector)
        2    0.000    0.000    0.000    0.000 unicode.py:1421(generate_splitlines_func)
        1    0.000    0.000    0.000    0.000 yacc.py:127(NullLogger)
        1    0.000    0.000    0.000    0.000 patches.py:2325(Square)
        1    0.000    0.000    0.000    0.000 c_ast.py:716(ID)
        1    0.000    0.000    0.000    0.000 c_ast.py:1089(While)
        1    0.000    0.000    0.000    0.000 c_ast.py:249(BinaryOp)
        1    0.000    0.000    0.000    0.000 cftime_offsets.py:189(Tick)
        1    0.000    0.000    0.000    0.000 indexing.py:405(OuterIndexer)
        1    0.000    0.000    0.000    0.000 datatree_render.py:47(ContStyle)
        1    0.000    0.000    0.000    0.000 untyped_passes.py:450(CanonicalizeLoopExit)
        1    0.000    0.000    0.000    0.000 message.py:1200(EmailMessage)
        1    0.000    0.000    0.000    0.000 static_getitem.py:49(RewriteStringLiteralGetitems)
        1    0.000    0.000    0.000    0.000 cgutils.py:238(DataStructProxy)
        1    0.000    0.000    0.000    0.000 errors.py:100(NumbaPedanticWarning)
        1    0.000    0.000    0.000    0.000 blocks.py:2599(NumericBlock)
        1    0.000    0.000    0.000    0.000 _typing.py:282(ReadBuffer)
        1    0.000    0.000    0.000    0.000 backend_bases.py:1288(DrawEvent)
        1    0.000    0.000    0.000    0.000 unicode.py:133(BasicMultilingualPlane)
        2    0.000    0.000    0.000    0.000 index_tricks.py:761(__init__)
        1    0.000    0.000    0.000    0.000 dtypes.py:23(AlwaysLessThan)
        1    0.000    0.000    0.000    0.000 utils.py:423(__init__)
        1    0.000    0.000    0.000    0.000 models.py:722(ComplexModel)
        1    0.000    0.000    0.000    0.000 accessor.py:196(CachedAccessor)
        4    0.000    0.000    0.000    0.000 core.py:5852(postParse)
        1    0.000    0.000    0.000    0.000 {method 'deleter' of 'property' objects}
        1    0.000    0.000    0.000    0.000 _lil.py:492(lil_array)
        1    0.000    0.000    0.000    0.000 arpack.py:283(ArpackNoConvergence)
        2    0.000    0.000    0.000    0.000 unicode.py:2042(_is_upper)
        1    0.000    0.000    0.000    0.000 c_ast.py:464(DoWhile)
        1    0.000    0.000    0.000    0.000 _typing.py:285(_sparsearrayfunction)
        1    0.000    0.000    0.000    0.000 fastmathpass.py:22(FastFloatCallVisitor)
        1    0.000    0.000    0.000    0.000 byteflow.py:75(_lazy_pformat)
        1    0.000    0.000    0.000    0.000 builtins.py:32(PrintItem)
        1    0.000    0.000    0.000    0.000 extending.py:561(BoundLiteralArgs)
        1    0.000    0.000    0.000    0.000 instructions.py:776(CmpXchg)
        1    0.000    0.000    0.000    0.000 npytypes.py:628(NumPyRandomBitGeneratorType)
        1    0.000    0.000    0.000    0.000 utils.py:534(BenchmarkResult)
        1    0.000    0.000    0.000    0.000 ffi.py:86(__init__)
        1    0.000    0.000    0.000    0.000 blocks.py:2633(DatetimeTZBlock)
        1    0.000    0.000    0.000    0.000 pydoc.py:2308(ModuleScanner)
        1    0.000    0.000    0.000    0.000 axis.py:564(_LazyTickList)
        1    0.000    0.000    0.000    0.000 core.py:2437(_SingleCharLiteral)
        1    0.000    0.000    0.000    0.000 model.py:88(__init__)
        1    0.000    0.000    0.000    0.000 PngImagePlugin.py:1075(_idat)
        1    0.000    0.000    0.000    0.000 __init__.py:402(PyDLL)
        1    0.000    0.000    0.000    0.000 arrayprint.py:1341(SubArrayFormat)
        1    0.000    0.000    0.000    0.000 exceptions.py:47(ComplexWarning)
        2    0.000    0.000    0.000    0.000 byteflow.py:1748(peek)
        1    0.000    0.000    0.000    0.000 untyped_passes.py:1751(ReconstructSSA)
        1    0.000    0.000    0.000    0.000 caching.py:209(_InTreeCacheLocator)
        1    0.000    0.000    0.000    0.000 templates.py:342(AbstractTemplate)
        1    0.000    0.000    0.000    0.000 arpack.py:598(_UnsymmetricArpackParams)
        1    0.000    0.000    0.000    0.000 dictdecl.py:24(DictBuiltin)
        1    0.000    0.000    0.000    0.000 c_ast.py:384(Continue)
        1    0.000    0.000    0.000    0.000 c_ast.py:632(FuncCall)
        1    0.000    0.000    0.000    0.000 c_ast.py:674(FuncDef)
        1    0.000    0.000    0.000    0.000 c_ast.py:748(If)
        1    0.000    0.000    0.000    0.000 enumdecl.py:62(EnumNe)
        1    0.000    0.000    0.000    0.000 listdecl.py:127(ListCompare)
        1    0.000    0.000    0.000    0.000 accessor_dt.py:610(CombinedDatetimelikeAccessor)
        1    0.000    0.000    0.000    0.000 variable.py:81(MissingDimensionsError)
        1    0.000    0.000    0.000    0.000 untyped_passes.py:301(__init__)
        1    0.000    0.000    0.000    0.000 untyped_passes.py:640(__init__)
        1    0.000    0.000    0.000    0.000 untyped_passes.py:237(GenericRewrites)
        1    0.000    0.000    0.000    0.000 typeinfer.py:774(SetItemConstraint)
        1    0.000    0.000    0.000    0.000 transforms.py:36(CallVisitor)
        1    0.000    0.000    0.000    0.000 ir.py:963(EnterWith)
        1    0.000    0.000    0.000    0.000 errors.py:664(UntypedAttributeError)
        1    0.000    0.000    0.000    0.000 emitter.py:17(ScalarAnalysis)
        1    0.000    0.000    0.000    0.000 module.py:255(_TypesIterator)
        1    0.000    0.000    0.000    0.000 engines.py:107(NumExprEngine)
        1    0.000    0.000    0.000    0.000 __init__.py:627(PyperclipWindowsException)
        1    0.000    0.000    0.000    0.000 _mathtext.py:1563(AutoWidthChar)
        1    0.000    0.000    0.000    0.000 ImageFile.py:607(PyCodecState)
        3    0.000    0.000    0.000    0.000 core.py:867(__init__)
        1    0.000    0.000    0.000    0.000 core.py:1125(_DomainedBinaryOperation)
        1    0.000    0.000    0.000    0.000 c_ast.py:398(Decl)
        2    0.000    0.000    0.000    0.000 rcsetup.py:341(validate_aspect)
        2    0.000    0.000    0.000    0.000 arrayprint.py:493(_recursive_guard)
        1    0.000    0.000    0.000    0.000 core.py:4592(_Indent)
        1    0.000    0.000    0.000    0.000 {built-in method _imp.get_frozen_object}
        1    0.000    0.000    0.000    0.000 <decorator-gen-0>:1(<module>)
        1    0.000    0.000    0.000    0.000 arpack.py:910(SpLuInv)
        1    0.000    0.000    0.000    0.000 c_ast.py:531(Enumerator)
        1    0.000    0.000    0.000    0.000 c_ast.py:809(NamedInitializer)
        1    0.000    0.000    0.000    0.000 listdecl.py:16(ListBuiltin)
        1    0.000    0.000    0.000    0.000 ops.py:305(IncludeNumpySameMethods)
        1    0.000    0.000    0.000    0.000 __init__.py:706(Lookup)
        1    0.000    0.000    0.000    0.000 postproc.py:16(GeneratorInfo)
        1    0.000    0.000    0.000    0.000 models.py:291(EnumModel)
        1    0.000    0.000    0.000    0.000 instructions.py:200(Terminator)
        1    0.000    0.000    0.000    0.000 instructions.py:418(CastInstr)
        1    0.000    0.000    0.000    0.000 targetconfig.py:85(_MetaTargetConfig)
        1    0.000    0.000    0.000    0.000 ir.py:1366(Loop)
        1    0.000    0.000    0.000    0.000 ir.py:1038(Global)
        1    0.000    0.000    0.000    0.000 common.py:90(key)
        1    0.000    0.000    0.000    0.000 nodes.py:25(ScalarNode)
        1    0.000    0.000    0.000    0.000 module.py:233(_GlobalsIterator)
        1    0.000    0.000    0.000    0.000 value.py:402(_AttributeIterator)
        1    0.000    0.000    0.000    0.000 exceptions.py:11(Error)
        1    0.000    0.000    0.000    0.000 container.py:109(StemContainer)
        1    0.000    0.000    0.000    0.000 _blocking_input.py:1(<module>)
        1    0.000    0.000    0.000    0.000 patches.py:3533(BarAB)
        1    0.000    0.000    0.000    0.000 artist.py:111(_Unset)
        1    0.000    0.000    0.000    0.000 core.py:5717(Dict)
        1    0.000    0.000    0.000    0.000 core.py:822(_DomainTan)
        1    0.000    0.000    0.000    0.000 index_tricks.py:717(IndexExpression)
        2    0.000    0.000    0.000    0.000 builtins.py:128(gen_non_eq)
        3    0.000    0.000    0.000    0.000 typeinfer.py:799(get_call_signature)
        1    0.000    0.000    0.000    0.000 pythonapi.py:96(NativeValue)
        1    0.000    0.000    0.000    0.000 yacc.py:217(YaccSymbol)
        1    0.000    0.000    0.000    0.000 variables.py:612(EndianCoder)
        1    0.000    0.000    0.000    0.000 ufuncbuilder.py:34(UFuncTargetOptions)
        1    0.000    0.000    0.000    0.000 options.py:14(Mapping)
        1    0.000    0.000    0.000    0.000 templates.py:505(_EmptyImplementationEntry)
        1    0.000    0.000    0.000    0.000 ir.py:877(Jump)
        1    0.000    0.000    0.000    0.000 misc.py:10(PyObject)
        1    0.000    0.000    0.000    0.000 containers.py:292(UnionType)
        1    0.000    0.000    0.000    0.000 stata.py:957(StataParser)
        1    0.000    0.000    0.000    0.000 __init__.py:372(_CountryNameDict)
        1    0.000    0.000    0.000    0.000 ticker.py:304(FuncFormatter)
        2    0.000    0.000    0.000    0.000 npdatetime.py:371(_create_timedelta_comparison_impl)
        1    0.000    0.000    0.000    0.000 c_ast.py:1052(UnaryOp)
        1    0.000    0.000    0.000    0.000 {built-in method _codecs.lookup_error}
        1    0.000    0.000    0.000    0.000 c_ast.py:773(InitList)
        1    0.000    0.000    0.000    0.000 c_ast.py:831(ParamList)
        1    0.000    0.000    0.000    0.000 c_ast.py:867(Return)
        1    0.000    0.000    0.000    0.000 c_ast.py:946(Switch)
        1    0.000    0.000    0.000    0.000 collections.py:18(ContainerLen)
        1    0.000    0.000    0.000    0.000 cftime_offsets.py:576(YearEnd)
        1    0.000    0.000    0.000    0.000 variables.py:301(CFMaskCoder)
        1    0.000    0.000    0.000    0.000 missing.py:123(ScipyInterpolator)
        1    0.000    0.000    0.000    0.000 parallel.py:284(_nop)
        1    0.000    0.000    0.000    0.000 typed_passes.py:289(ParforPass)
        1    0.000    0.000    0.000    0.000 caching.py:699(FunctionCache)
        1    0.000    0.000    0.000    0.000 builtins.py:772(NPDatetimeAttribute)
        1    0.000    0.000    0.000    0.000 tokens.py:31(StreamStartToken)
        1    0.000    0.000    0.000    0.000 describe.py:124(SeriesDescriber)
        1    0.000    0.000    0.000    0.000 expressions.py:45(set_use_numexpr)
        1    0.000    0.000    0.000    0.000 lazy.py:121(LazySet)
        1    0.000    0.000    0.000    0.000 legend_handler.py:719(HandlerTuple)
        1    0.000    0.000    0.000    0.000 calendar.py:38(IllegalWeekdayError)
        1    0.000    0.000    0.000    0.000 offsetbox.py:499(HPacker)
        1    0.000    0.000    0.000    0.000 patches.py:2801(Angle3)
        1    0.000    0.000    0.000    0.000 patches.py:3434(Curve)
        1    0.000    0.000    0.000    0.000 hatch.py:9(HatchPatternBase)
        1    0.000    0.000    0.000    0.000 ticker.py:187(TickHelper)
        1    0.000    0.000    0.000    0.000 model.py:239(FunctionPtrType)
        1    0.000    0.000    0.000    0.000 ticker.py:2852(AutoLocator)
        1    0.000    0.000    0.000    0.000 __init__.py:346(ExecutableNotFoundError)
        1    0.000    0.000    0.000    0.000 pathlib.py:801(PurePosixPath)
        1    0.000    0.000    0.000    0.000 arpack.py:959(IterInv)
        1    0.000    0.000    0.000    0.000 builtins.py:811(NumberClassAttribute)
        1    0.000    0.000    0.000    0.000 ansi.py:25(AnsiCodes)
        1    0.000    0.000    0.000    0.000 __init__.py:18(IntCastingNaNError)
        1    0.000    0.000    0.000    0.000 arraydecl.py:217(SetItemBuffer)
        1    0.000    0.000    0.000    0.000 c_ast.py:446(Default)
        1    0.000    0.000    0.000    0.000 c_ast.py:485(EllipsisParam)
        1    0.000    0.000    0.000    0.000 c_ast.py:567(ExprList)
        1    0.000    0.000    0.000    0.000 c_ast.py:603(For)
        1    0.000    0.000    0.000    0.000 c_ast.py:732(IdentifierType)
        1    0.000    0.000    0.000    0.000 npdatetime.py:230(DatetimeMinusDatetime)
        1    0.000    0.000    0.000    0.000 process.py:349(AuthenticationString)
        1    0.000    0.000    0.000    0.000 times.py:1001(CFTimedeltaCoder)
        1    0.000    0.000    0.000    0.000 untyped_passes.py:435(FindLiterallyCalls)
        1    0.000    0.000    0.000    0.000 untyped_passes.py:577(MakeFunctionToJitFunction)
        1    0.000    0.000    0.000    0.000 registry.py:44(CPUDispatcher)
        1    0.000    0.000    0.000    0.000 containers.py:179(BaseAnonymousTuple)
        1    0.000    0.000    0.000    0.000 scanner.py:35(SimpleKey)
        1    0.000    0.000    0.000    0.000 __init__.py:128(InvalidVersion)
        1    0.000    0.000    0.000    0.000 patches.py:2763(Arc3)
        1    0.000    0.000    0.000    0.000 bezier.py:25(NonIntersectingPathException)
        1    0.000    0.000    0.000    0.000 util.py:80(_UnboundedCache)
        1    0.000    0.000    0.000    0.000 pathlib.py:174(_TerminatingSelector)
        1    0.000    0.000    0.000    0.000 pathlib.py:180(_ParentSelector)
        1    0.000    0.000    0.000    0.000 npdatetime.py:275(DatetimeCmpGE)
        2    0.000    0.000    0.000    0.000 unicode.py:2314(_gen_ascii_upper_or_lower)
        1    0.000    0.000    0.000    0.000 c_ast.py:653(FuncDecl)
        1    0.000    0.000    0.000    0.000 npdatetime.py:115(TimedeltaUnaryPos)
        1    0.000    0.000    0.000    0.000 parallel.py:181(ParallelUFuncBuilder)
        1    0.000    0.000    0.000    0.000 untyped_passes.py:1735(SimplifyCFG)
        1    0.000    0.000    0.000    0.000 callconv.py:910(ErrorModel)
        1    0.000    0.000    0.000    0.000 builtins.py:1150(IndexValueType)
        1    0.000    0.000    0.000    0.000 cloudpickle.py:490(instance)
        1    0.000    0.000    0.000    0.000 models.py:897(NestedArrayModel)
        1    0.000    0.000    0.000    0.000 imputils.py:124(RegistryLoader)
        1    0.000    0.000    0.000    0.000 ir.py:307(Inst)
        1    0.000    0.000    0.000    0.000 types.py:352(_Repeat)
        1    0.000    0.000    0.000    0.000 errors.py:604(NotDefinedError)
        1    0.000    0.000    0.000    0.000 tokens.py:17(DirectiveToken)
        1    0.000    0.000    0.000    0.000 tokens.py:75(AliasToken)
        1    0.000    0.000    0.000    0.000 dumper.py:27(SafeDumper)
        1    0.000    0.000    0.000    0.000 format.py:1513(_ExtensionArrayFormatter)
        1    0.000    0.000    0.000    0.000 _typing.py:303(WriteExcelBuffer)
        1    0.000    0.000    0.000    0.000 _triinterpolate.py:1061(_DOF_estimator_user)
        1    0.000    0.000    0.000    0.000 _factories.py:25(_TzOffsetFactory)
        1    0.000    0.000    0.000    0.000 hatch.py:148(SmallFilledCircles)
        1    0.000    0.000    0.000    0.000 core.py:3622(StringStart)
        1    0.000    0.000    0.000    0.000 GimpGradientFile.py:101(GimpGradientFile)
        1    0.000    0.000    0.000    0.000 deprecation.py:20(MatplotlibDeprecationWarning)
        1    0.000    0.000    0.000    0.000 rcsetup.py:747(_DunderChecker)
        1    0.000    0.000    0.000    0.000 core.py:893(_MaskedUFunc)
        1    0.000    0.000    0.000    0.000 polyutils.py:47(RankWarning)
        1    0.000    0.000    0.000    0.000 __init__.py:241(c_char_p)
        1    0.000    0.000    0.000    0.000 arrayprint.py:1235(BoolFormat)
        1    0.000    0.000    0.000    0.000 arraydecl.py:707(NestedArrayAttribute)
        2    0.000    0.000    0.000    0.000 core.py:883(__init__)
        1    0.000    0.000    0.000    0.000 parser.py:122(BytesHeaderParser)
        1    0.000    0.000    0.000    0.000 compiler.py:346(_EarlyPipelineCompletion)
        1    0.000    0.000    0.000    0.000 values.py:1118(Argument)
        1    0.000    0.000    0.000    0.000 _docstring.py:50(_ArtistKwdocLoader)
        4    0.000    0.000    0.000    0.000 <frozen importlib._bootstrap>:1014(is_package)
        1    0.000    0.000    0.000    0.000 function_type.py:48(FunctionModel)
        1    0.000    0.000    0.000    0.000 arpack.py:934(LuInv)
        1    0.000    0.000    0.000    0.000 c_ast.py:585(FileAST)
        1    0.000    0.000    0.000    0.000 c_ast.py:884(StaticAssert)
        1    0.000    0.000    0.000    0.000 c_ast.py:992(TypeDecl)
        1    0.000    0.000    0.000    0.000 variables.py:627(NonStringCoder)
        1    0.000    0.000    0.000    0.000 variables.py:453(CFScaleOffsetCoder)
        1    0.000    0.000    0.000    0.000 builtins.py:856(TypeRefAttribute)
        1    0.000    0.000    0.000    0.000 ir.py:858(Return)
        1    0.000    0.000    0.000    0.000 csv.py:67(excel_tab)
        1    0.000    0.000    0.000    0.000 _typing.py:298(ReadPickleBuffer)
        1    0.000    0.000    0.000    0.000 unicode.py:198(Cyrillic)
        1    0.000    0.000    0.000    0.000 unicode.py:305(Thai)
        1    0.000    0.000    0.000    0.000 ticker.py:1046(LogFormatterMathtext)
        1    0.000    0.000    0.000    0.000 parse.py:144(_ResultMixinBytes)
        1    0.000    0.000    0.000    0.000 typing.py:1462(__repr__)
        2    0.000    0.000    0.000    0.000 unicode.py:2291(_gen_unicode_upper_or_lower)
        1    0.000    0.000    0.000    0.000 missing.py:180(SplineInterpolator)
        1    0.000    0.000    0.000    0.000 arraydecl.py:606(StaticGetItemRecord)
        1    0.000    0.000    0.000    0.000 c_ast.py:967(TernaryOp)
        1    0.000    0.000    0.000    0.000 npdatetime.py:119(TimedeltaUnaryNeg)
        1    0.000    0.000    0.000    0.000 untyped_passes.py:111(FixupArgs)
        1    0.000    0.000    0.000    0.000 caching.py:720(CustomCodeLibraryCacheImpl)
        1    0.000    0.000    0.000    0.000 stencilparfor.py:870(DummyPipeline)
        1    0.000    0.000    0.000    0.000 npydecl.py:547(BaseStackTemplate)
        1    0.000    0.000    0.000    0.000 npydecl.py:566(MatMulTyperMixin)
        1    0.000    0.000    0.000    0.000 byteflow.py:2035(AdaptCFBlock)
        1    0.000    0.000    0.000    0.000 static_getitem.py:139(RewriteConstSetitems)
        1    0.000    0.000    0.000    0.000 models.py:354(IntegerModel)
        2    0.000    0.000    0.000    0.000 misc.py:344(key)
        1    0.000    0.000    0.000    0.000 functions.py:476(_PickleableWeakRef)
        1    0.000    0.000    0.000    0.000 containers.py:674(ListTypeIterableType)
        1    0.000    0.000    0.000    0.000 pytables.py:340(JointFilterBinOp)
        1    0.000    0.000    0.000    0.000 accessors.py:608(CombinedDatetimelikeProperties)
        1    0.000    0.000    0.000    0.000 ops.py:1170(SeriesSplitter)
        1    0.000    0.000    0.000    0.000 common.py:529(is_string_or_object_np_dtype)
        1    0.000    0.000    0.000    0.000 hatch.py:87(Shapes)
        1    0.000    0.000    0.000    0.000 unicode.py:139(Latin1)
        3    0.000    0.000    0.000    0.000 core.py:2430(_generateDefaultName)
        1    0.000    0.000    0.000    0.000 __init__.py:1311(PlaceHolder)
        1    0.000    0.000    0.000    0.000 __init__.py:1861(RootLogger)
        1    0.000    0.000    0.000    0.000 pickle.py:97(_Stop)
        1    0.000    0.000    0.000    0.000 _misc.py:9(LinAlgWarning)
        1    0.000    0.000    0.000    0.000 untyped_passes.py:1796(RewriteDynamicRaises)
        1    0.000    0.000    0.000    0.000 models.py:1366(StructPayloadModel)
        1    0.000    0.000    0.000    0.000 _parser.py:661(_result)
        1    0.000    0.000    0.000    0.000 <string>:1(<module>)
        1    0.000    0.000    0.000    0.000 setdecl.py:77(SetOperator)
        1    0.000    0.000    0.000    0.000 arraydecl.py:861(CmpOpEqArray)
        1    0.000    0.000    0.000    0.000 npdatetime.py:245(DatetimeCmpOp)
        1    0.000    0.000    0.000    0.000 c_ast.py:499(EmptyStatement)
        1    0.000    0.000    0.000    0.000 collections.py:39(GetItemSequence)
        1    0.000    0.000    0.000    0.000 npdatetime.py:165(TimedeltaCmpLt)
        1    0.000    0.000    0.000    0.000 wrappers.py:668(_ScalarArgLoader)
        1    0.000    0.000    0.000    0.000 externals.py:118(_ExternalMathFunctions)
        1    0.000    0.000    0.000    0.000 npydecl.py:664(NdIndex)
        1    0.000    0.000    0.000    0.000 parfor.py:124(internal_prange)
        1    0.000    0.000    0.000    0.000 templates.py:475(ConcreteTemplate)
        1    0.000    0.000    0.000    0.000 ir.py:615(SetItem)
        1    0.000    0.000    0.000    0.000 _utils.py:62(_HasMetadata)
        1    0.000    0.000    0.000    0.000 errors.py:677(ByteCodeSupportError)
        1    0.000    0.000    0.000    0.000 events.py:36(StreamStartEvent)
        1    0.000    0.000    0.000    0.000 pydoc.py:2073(__init__)
        2    0.000    0.000    0.000    0.000 lazy.py:91(LazyList)
        1    0.000    0.000    0.000    0.000 dates.py:1683(SecondLocator)
        1    0.000    0.000    0.000    0.000 unicode.py:280(Hangul)
        1    0.000    0.000    0.000    0.000 core.py:3639(StringEnd)
        1    0.000    0.000    0.000    0.000 util.py:101(_FifoCache)
        1    0.000    0.000    0.000    0.000 __init__.py:77(UnidentifiedImageError)
        1    0.000    0.000    0.000    0.000 version.py:57(InvalidVersion)
        1    0.000    0.000    0.000    0.000 extras.py:263(_fromnxfunction_single)
        1    0.000    0.000    0.000    0.000 _internal.py:244(c_void_p)
        1    0.000    0.000    0.000    0.000 npytypes.py:517(box_type)
        1    0.000    0.000    0.000    0.000 _adapters.py:25(__init__)
        1    0.000    0.000    0.000    0.000 context.py:14(ProcessError)
        1    0.000    0.000    0.000    0.000 variables.py:673(NativeEnumCoder)
        1    0.000    0.000    0.000    0.000 indexing.py:1548(NdArrayLikeIndexingAdapter)
        1    0.000    0.000    0.000    0.000 ssa.py:260(_GatherDefsHandler)
        1    0.000    0.000    0.000    0.000 typed_passes.py:549(IRLegalization)
        1    0.000    0.000    0.000    0.000 __init__.py:338(FileHash)
        1    0.000    0.000    0.000    0.000 byteflow.py:1922(set_kw_names)
        1    0.000    0.000    0.000    0.000 typeinfer.py:459(StaticGetItemConstraint)
        1    0.000    0.000    0.000    0.000 ir.py:814(StaticTryRaise)
        1    0.000    0.000    0.000    0.000 ir.py:948(Yield)
        1    0.000    0.000    0.000    0.000 ir.py:894(Branch)
        1    0.000    0.000    0.000    0.000 _version.py:9(get_versions)
        1    0.000    0.000    0.000    0.000 format.py:1657(_Datetime64TZFormatter)
        1    0.000    0.000    0.000    0.000 docscrape.py:107(ParseError)
        1    0.000    0.000    0.000    0.000 isoparser.py:43(__init__)
        1    0.000    0.000    0.000    0.000 _factories.py:55(_TzStrFactory)
        1    0.000    0.000    0.000    0.000 patches.py:3511(BracketAB)
        1    0.000    0.000    0.000    0.000 _mathtext.py:950(STIXFontConstants)
        1    0.000    0.000    0.000    0.000 _mathtext.py:1523(AutoHeightChar)
        1    0.000    0.000    0.000    0.000 hatch.py:132(SmallCircles)
        1    0.000    0.000    0.000    0.000 core.py:4598(_IndentGreater)
        1    0.000    0.000    0.000    0.000 model.py:261(PointerType)
        1    0.000    0.000    0.000    0.000 core.py:840(_DomainSafeDivide)
        1    0.000    0.000    0.000    0.000 ipaddress.py:1127(_BaseConstants)
        1    0.000    0.000    0.000    0.000 models.py:374(PointerModel)
        2    0.000    0.000    0.000    0.000 blocks.py:718(dtype)
        1    0.000    0.000    0.000    0.000 patches.py:3674(Fancy)
        1    0.000    0.000    0.000    0.000 error.py:2(FFIError)
        1    0.000    0.000    0.000    0.000 datatree_mapping.py:17(TreeIsomorphismError)
        1    0.000    0.000    0.000    0.000 extras.py:1637(mr_class)
        1    0.000    0.000    0.000    0.000 arrayobj.py:4433(ol_array_zero_fill)
        1    0.000    0.000    0.000    0.000 extensions.py:10(AccessorRegistrationWarning)
        1    0.000    0.000    0.000    0.000 <string>:1(__create_fn__)
        1    0.000    0.000    0.000    0.000 abc.py:186(FileLoader)
        1    0.000    0.000    0.000    0.000 builtins.py:102(IterNext)
        1    0.000    0.000    0.000    0.000 ir.py:1682(UndefinedType)
        1    0.000    0.000    0.000    0.000 _utils.py:52(_StringReferenceCaching)
        1    0.000    0.000    0.000    0.000 errors.py:702(InternalError)
        1    0.000    0.000    0.000    0.000 ops.py:613(FuncNode)
        1    0.000    0.000    0.000    0.000 ops.py:520(Div)
        1    0.000    0.000    0.000    0.000 docscrape.py:602(ObjDoc)
        1    0.000    0.000    0.000    0.000 tz.py:1156(_tzicalvtzcomp)
        1    0.000    0.000    0.000    0.000 _factories.py:19(_TzFactory)
        1    0.000    0.000    0.000    0.000 units.py:161(Registry)
        1    0.000    0.000    0.000    0.000 patches.py:2439(DArrow)
        1    0.000    0.000    0.000    0.000 unicode.py:146(LatinA)
        1    0.000    0.000    0.000    0.000 unicode.py:211(Chinese)
        1    0.000    0.000    0.000    0.000 core.py:3509(PositionToken)
        1    0.000    0.000    0.000    0.000 _bsr.py:643(bsr_array)
        1    0.000    0.000    0.000    0.000 npdatetime.py:31(TimedeltaBinOp)
        4    0.000    0.000    0.000    0.000 _pep440.py:426(_parse_local_version)
        1    0.000    0.000    0.000    0.000 tarfile.py:738(SpecialFileError)
        1    0.000    0.000    0.000    0.000 exceptions.py:15(UnknownTimeZoneError)
        1    0.000    0.000    0.000    0.000 cftime_offsets.py:488(QuarterEnd)
        1    0.000    0.000    0.000    0.000 variables.py:23(SerializationWarning)
        1    0.000    0.000    0.000    0.000 variables.py:509(UnsignedIntegerCoder)
        1    0.000    0.000    0.000    0.000 indexing.py:451(VectorizedIndexer)
        1    0.000    0.000    0.000    0.000 untyped_passes.py:205(InlineClosureLikes)
        1    0.000    0.000    0.000    0.000 typed_passes.py:402(DumpParforDiagnostics)
        1    0.000    0.000    0.000    0.000 errors.py:8(MessageError)
        1    0.000    0.000    0.000    0.000 typeinfer.py:888(PrintConstraint)
        1    0.000    0.000    0.000    0.000 builtins.py:127(PairSecond)
        1    0.000    0.000    0.000    0.000 builtins.py:898(MinMaxBase)
        1    0.000    0.000    0.000    0.000 typeinfer.py:35(NOTSET)
        1    0.000    0.000    0.000    0.000 typeinfer.py:322(BuildMapConstraint)
        1    0.000    0.000    0.000    0.000 typeinfer.py:835(DelItemConstraint)
        1    0.000    0.000    0.000    0.000 targetconfig.py:132(_NotSetType)
        1    0.000    0.000    0.000    0.000 misc.py:272(NoneType)
        1    0.000    0.000    0.000    0.000 functions.py:342(Function)
        1    0.000    0.000    0.000    0.000 values.py:426(_Undefined)
        1    0.000    0.000    0.000    0.000 common.py:9(Opaque)
        1    0.000    0.000    0.000    0.000 misc.py:26(Undefined)
        1    0.000    0.000    0.000    0.000 emitter.py:14(EmitterError)
        1    0.000    0.000    0.000    0.000 cyaml.py:23(CSafeLoader)
        1    0.000    0.000    0.000    0.000 frequencies.py:411(_TimedeltaFrequencyInferer)
        1    0.000    0.000    0.000    0.000 config.py:109(OptionError)
        1    0.000    0.000    0.000    0.000 compressors.py:67(LZMAFile)
        1    0.000    0.000    0.000    0.000 patches.py:3762(Wedge)
        1    0.000    0.000    0.000    0.000 ticker.py:1732(NullLocator)
        1    0.000    0.000    0.000    0.000 gzip.py:120(BadGzipFile)
        1    0.000    0.000    0.000    0.000 linalg.py:67(LinAlgError)
        2    0.000    0.000    0.000    0.000 inline_closurecall.py:127(<lambda>)
        2    0.000    0.000    0.000    0.000 npdatetime.py:697(_gen_datetime_max_impl)
        1    0.000    0.000    0.000    0.000 errors.py:634(LoweringError)
        1    0.000    0.000    0.000    0.000 ops.py:1179(FrameSplitter)
        1    0.000    0.000    0.000    0.000 ticker.py:262(NullFormatter)
        1    0.000    0.000    0.000    0.000 lex.py:93(NullLogger)
        1    0.000    0.000    0.000    0.000 context.py:307(SpawnContext)
        1    0.000    0.000    0.000    0.000 withcontexts.py:79(_CallContextType)
        1    0.000    0.000    0.000    0.000 untyped_passes.py:153(RewriteSemanticConstants)
        1    0.000    0.000    0.000    0.000 {built-in method numba.core.runtime._nrt_python.memsys_use_cpython_allocator}
        1    0.000    0.000    0.000    0.000 codegen.py:973(JITCodeLibrary)
        1    0.000    0.000    0.000    0.000 npydecl.py:645(NdIter)
        1    0.000    0.000    0.000    0.000 builtins.py:525(CmpOpIsNot)
        1    0.000    0.000    0.000    0.000 instructions.py:432(LoadInstr)
        1    0.000    0.000    0.000    0.000 instructions.py:532(GEPInstr)
        1    0.000    0.000    0.000    0.000 ir.py:634(StaticSetItem)
        1    0.000    0.000    0.000    0.000 types.py:334(DoubleType)
        1    0.000    0.000    0.000    0.000 npytypes.py:640(PolynomialType)
        1    0.000    0.000    0.000    0.000 types.py:100(LabelType)
        1    0.000    0.000    0.000    0.000 _utils.py:36(_StrCaching)
        1    0.000    0.000    0.000    0.000 abstract.py:248(Number)
        1    0.000    0.000    0.000    0.000 errors.py:63(NumbaDeprecationWarning)
        1    0.000    0.000    0.000    0.000 events.py:15(NodeEvent)
        1    0.000    0.000    0.000    0.000 representer.py:10(RepresenterError)
        1    0.000    0.000    0.000    0.000 value.py:435(_BlocksIterator)
        1    0.000    0.000    0.000    0.000 typeref.py:151(_TypeListIterator)
        1    0.000    0.000    0.000    0.000 context.py:20(GlobalContextRef)
        1    0.000    0.000    0.000    0.000 backend_bases.py:2574(NonGuiException)
        1    0.000    0.000    0.000    0.000 core.py:4984(OneOrMore)
        1    0.000    0.000    0.000    0.000 __init__.py:769(Filter)
        1    0.000    0.000    0.000    0.000 shutil.py:73(SpecialFileError)
        1    0.000    0.000    0.000    0.000 builtins.py:657(StaticGetItemClass)
        1    0.000    0.000    0.000    0.000 index_tricks.py:435(RClass)
        1    0.000    0.000    0.000    0.000 {method '_varname_from_oparg' of 'code' objects}
        1    0.000    0.000    0.000    0.000 _threadsafety.py:9(ReentrancyError)
        1    0.000    0.000    0.000    0.000 process.py:397(_MainProcess)
        1    0.000    0.000    0.000    0.000 cftime_offsets.py:611(Hour)
        1    0.000    0.000    0.000    0.000 arithmetic.py:108(DatasetArithmetic)
        1    0.000    0.000    0.000    0.000 untyped_passes.py:258(WithLifting)
        1    0.000    0.000    0.000    0.000 typed_passes.py:344(ParforFusionPass)
        1    0.000    0.000    0.000    0.000 array_analysis.py:1043(WrapIndexMeta)
        1    0.000    0.000    0.000    0.000 builtins.py:1171(IndexValueModel)
        1    0.000    0.000    0.000    0.000 parfor.py:3053(ParforPreLoweringPass)
        1    0.000    0.000    0.000    0.000 typeinfer.py:391(ExhaustIterConstraint)
        1    0.000    0.000    0.000    0.000 typeinfer.py:860(SetAttrConstraint)
        1    0.000    0.000    0.000    0.000 compiler.py:523(Compiler)
        1    0.000    0.000    0.000    0.000 models.py:795(ListIterModel)
        1    0.000    0.000    0.000    0.000 models.py:1124(ZipType)
        1    0.000    0.000    0.000    0.000 ir.py:355(Terminator)
        1    0.000    0.000    0.000    0.000 ir.py:914(Assign)
        1    0.000    0.000    0.000    0.000 ir.py:1000(Arg)
        1    0.000    0.000    0.000    0.000 loader.py:21(FullLoader)
        1    0.000    0.000    0.000    0.000 serializer.py:8(SerializerError)
        1    0.000    0.000    0.000    0.000 cloudpickle.py:476(instance)
        1    0.000    0.000    0.000    0.000 dates.py:1551(MonthLocator)
        1    0.000    0.000    0.000    0.000 __init__.py:72(__init__)
        1    0.000    0.000    0.000    0.000 patches.py:3551(BracketCurve)
        1    0.000    0.000    0.000    0.000 _mathtext.py:1476(HCentered)
        1    0.000    0.000    0.000    0.000 core.py:5115(_NullToken)
        1    0.000    0.000    0.000    0.000 exceptions.py:253(ParseException)
        1    0.000    0.000    0.000    0.000 core.py:148(MAError)
        1    0.000    0.000    0.000    0.000 parse.py:331(SplitResult)
        1    0.000    0.000    0.000    0.000 pathlib.py:811(PureWindowsPath)
        1    0.000    0.000    0.000    0.000 npdatetime.py:133(TimedeltaBinMult)
        1    0.000    0.000    0.000    0.000 exceptions.py:38(InvalidTimeError)
        1    0.000    0.000    0.000    0.000 model.py:285(NamedPointerType)
        1    0.000    0.000    0.000    0.000 __init__.py:257(c_wchar_p)
        1    0.000    0.000    0.000    0.000 _matfuncs_sqrtm.py:20(SqrtmError)
        1    0.000    0.000    0.000    0.000 npdatetime.py:46(TimedeltaCmpOp)
        1    0.000    0.000    0.000    0.000 enumdecl.py:56(EnumEq)
        1    0.000    0.000    0.000    0.000 {built-in method _cffi_backend._get_types}
        1    0.000    0.000    0.000    0.000 treenode.py:22(NotFoundInTreeError)
        1    0.000    0.000    0.000    0.000 compiler_machinery.py:117(FunctionPass)
        1    0.000    0.000    0.000    0.000 builtins.py:1011(Complex)
        1    0.000    0.000    0.000    0.000 typeinfer.py:215(ArgConstraint)
        1    0.000    0.000    0.000    0.000 typeinfer.py:748(SetItemRefinement)
        1    0.000    0.000    0.000    0.000 static_getitem.py:95(RewriteStringLiteralSetitems)
        1    0.000    0.000    0.000    0.000 ir.py:672(SetAttr)
        1    0.000    0.000    0.000    0.000 iterators.py:92(ArrayIterator)
        2    0.000    0.000    0.000    0.000 values.py:911(personality)
        1    0.000    0.000    0.000    0.000 containers.py:96(Bytes)
        1    0.000    0.000    0.000    0.000 nodes.py:35(CollectionNode)
        1    0.000    0.000    0.000    0.000 tz.py:1818(_get_supported_offset)
        1    0.000    0.000    0.000    0.000 patches.py:2348(Circle)
        1    0.000    0.000    0.000    0.000 patches.py:3001(Bar)
        1    0.000    0.000    0.000    0.000 hatch.py:157(Stars)
        1    0.000    0.000    0.000    0.000 unicode.py:237(Kanji)
        1    0.000    0.000    0.000    0.000 _array_like.py:160(_UnknownType)
        1    0.000    0.000    0.000    0.000 _endian.py:48(BigEndianStructure)
        1    0.000    0.000    0.000    0.000 index_tricks.py:262(OGridClass)
        1    0.000    0.000    0.000    0.000 _ufunc_config.py:360(_unspecified)
        1    0.000    0.000    0.000    0.000 pathlib.py:191(_WildcardSelector)
        1    0.000    0.000    0.000    0.000 npdatetime.py:138(TimedeltaTrueDiv)
        1    0.000    0.000    0.000    0.000 yacc.py:1968(VersionError)
        1    0.000    0.000    0.000    0.000 typed_passes.py:252(PreParforPass)
        1    0.000    0.000    0.000    0.000 instructions.py:612(InsertElement)
        1    0.000    0.000    0.000    0.000 scalars.py:98(BooleanLiteral)
        1    0.000    0.000    0.000    0.000 patches.py:2476(Round)
        1    0.000    0.000    0.000    0.000 patches.py:2841(Angle)
        1    0.000    0.000    0.000    0.000 {method 'pop' of 'collections.OrderedDict' objects}
        1    0.000    0.000    0.000    0.000 npdatetime.py:123(TimedeltaBinAdd)
        1    0.000    0.000    0.000    0.000 common.py:476(WritableCFDataStore)
        1    0.000    0.000    0.000    0.000 array_analysis.py:1273(AnalyzeResult)
        1    0.000    0.000    0.000    0.000 builtins.py:542(GetItemCPointer)
        1    0.000    0.000    0.000    0.000 builtins.py:1067(Iter)
        1    0.000    0.000    0.000    0.000 models.py:185(get_value_type)
        1    0.000    0.000    0.000    0.000 models.py:1198(ArrayCTypesModel)
        1    0.000    0.000    0.000    0.000 context.py:698(Context)
        1    0.000    0.000    0.000    0.000 winterm.py:23(WinStyle)
        1    0.000    0.000    0.000    0.000 parser.py:69(ParserError)
        1    0.000    0.000    0.000    0.000 cyaml.py:51(CBaseDumper)
        1    0.000    0.000    0.000    0.000 _testutils.py:27(FPUModeChangeWarning)
        1    0.000    0.000    0.000    0.000 error.py:45(YAMLError)
        1    0.000    0.000    0.000    0.000 _adapters.py:141(__init__)
        1    0.000    0.000    0.000    0.000 patches.py:2397(LArrow)
        1    0.000    0.000    0.000    0.000 dviread.py:782(Tfm)
        1    0.000    0.000    0.000    0.000 backend_bases.py:1533(KeyEvent)
        1    0.000    0.000    0.000    0.000 exceptions.py:33(UnknownConstraint)
        1    0.000    0.000    0.000    0.000 unicode.py:256(Katakana)
        1    0.000    0.000    0.000    0.000 core.py:4823(Located)
        1    0.000    0.000    0.000    0.000 util.py:168(UnboundedMemo)
        1    0.000    0.000    0.000    0.000 model.py:204(BaseFunctionType)
        1    0.000    0.000    0.000    0.000 core.py:2378(__init__)
        1    0.000    0.000    0.000    0.000 __init__.py:166(c_short)
        1    0.000    0.000    0.000    0.000 arrayprint.py:1336(TimedeltaFormat)
        1    0.000    0.000    0.000    0.000 ipaddress.py:20(AddressValueError)
        1    0.000    0.000    0.000    0.000 npdatetime.py:128(TimedeltaBinSub)
        1    0.000    0.000    0.000    0.000 instructions.py:804(_LandingPadClause)
        1    0.000    0.000    0.000    0.000 containers.py:850(DictItemsIterableType)
        1    0.000    0.000    0.000    0.000 tarfile.py:726(AbsolutePathError)
        1    0.000    0.000    0.000    0.000 _mathtext.py:959(STIXSansFontConstants)
        1    0.000    0.000    0.000    0.000 error.py:17(VerificationError)
        1    0.000    0.000    0.000    0.000 _lil.py:557(lil_matrix)
        1    0.000    0.000    0.000    0.000 _dok.py:539(dok_array)
        1    0.000    0.000    0.000    0.000 arraydecl.py:646(StaticSetItemRecord)
        1    0.000    0.000    0.000    0.000 listdecl.py:87(AddList)
        1    0.000    0.000    0.000    0.000 typed_passes.py:373(ParforPreLoweringPass)
        1    0.000    0.000    0.000    0.000 nrt.py:16(__init__)
        1    0.000    0.000    0.000    0.000 builtins.py:435(ConstOpEq)
        1    0.000    0.000    0.000    0.000 builtins.py:677(GenericNotIn)
        1    0.000    0.000    0.000    0.000 typeinfer.py:493(TypedGetItemConstraint)
        1    0.000    0.000    0.000    0.000 typeinfer.py:803(StaticSetItemConstraint)
        1    0.000    0.000    0.000    0.000 instructions.py:754(AtomicRMW)
        1    0.000    0.000    0.000    0.000 typeof.py:115(_typeof_bool)
        1    0.000    0.000    0.000    0.000 types.py:320(FloatType)
        1    0.000    0.000    0.000    0.000 _utils.py:4(DuplicatedNameError)
        2    0.000    0.000    0.000    0.000 values.py:902(alignstack)
        1    0.000    0.000    0.000    0.000 constructor.py:16(ConstructorError)
        1    0.000    0.000    0.000    0.000 resolver.py:9(ResolverError)
        1    0.000    0.000    0.000    0.000 __init__.py:678(LZMADecompressor)
        1    0.000    0.000    0.000    0.000 managers.py:246(items)
        1    0.000    0.000    0.000    0.000 indexing.py:2589(_iAtIndexer)
        1    0.000    0.000    0.000    0.000 base.py:517(__init__)
        2    0.000    0.000    0.000    0.000 lazy.py:144(LazySet)
        1    0.000    0.000    0.000    0.000 backend_tools.py:627(ConfigureSubplotsBase)
        1    0.000    0.000    0.000    0.000 backend_bases.py:1315(ResizeEvent)
        1    0.000    0.000    0.000    0.000 exceptions.py:15(BadRequiredStrength)
        1    0.000    0.000    0.000    0.000 core.py:861(_DomainGreater)
        1    0.000    0.000    0.000    0.000 core.py:84(MaskedArrayFutureWarning)
        1    0.000    0.000    0.000    0.000 npdatetime.py:255(DatetimeCmpEq)
        1    0.000    0.000    0.000    0.000 cpu.py:292(CPUTargetOptions)
        1    0.000    0.000    0.000    0.000 typeinfer.py:238(BuildTupleConstraint)
        2    0.000    0.000    0.000    0.000 builder.py:114(_uniop_intrinsic_with_flag)
        1    0.000    0.000    0.000    0.000 unicode.py:244(Hiragana)
        1    0.000    0.000    0.000    0.000 model.py:192(UnknownFloatType)
        1    0.000    0.000    0.000    0.000 linsolve.py:25(MatrixRankWarning)
        1    0.000    0.000    0.000    0.000 _coo.py:740(coo_matrix)
        1    0.000    0.000    0.000    0.000 _coo.py:629(coo_array)
        1    0.000    0.000    0.000    0.000 _base.py:17(SparseWarning)
        1    0.000    0.000    0.000    0.000 npdatetime.py:173(TimedeltaCmpGt)
        1    0.000    0.000    0.000    0.000 collections.py:54(SetItemSequence)
        1    0.000    0.000    0.000    0.000 builtins.py:334(BitwiseAnd)
        1    0.000    0.000    0.000    0.000 instructions.py:475(LoadAtomicInstr)
        1    0.000    0.000    0.000    0.000 templates.py:897(_TemplateTargetHelperMixin)
        1    0.000    0.000    0.000    0.000 ir.py:800(TryRaise)
        1    0.000    0.000    0.000    0.000 containers.py:878(DictValuesIterableType)
        1    0.000    0.000    0.000    0.000 tokens.py:96(ScalarToken)
        1    0.000    0.000    0.000    0.000 events.py:21(CollectionStartEvent)
        1    0.000    0.000    0.000    0.000 value.py:426(_AttributeSetIterator)
        1    0.000    0.000    0.000    0.000 format.py:1475(_IntArrayFormatter)
        1    0.000    0.000    0.000    0.000 function.py:64(__call__)
        2    0.000    0.000    0.000    0.000 calendar.py:99(__init__)
        1    0.000    0.000    0.000    0.000 patches.py:3492(BracketB)
        1    0.000    0.000    0.000    0.000 extras.py:319(_fromnxfunction_allargs)
        1    0.000    0.000    0.000    0.000 exceptions.py:58(ModuleDeprecationWarning)
        1    0.000    0.000    0.000    0.000 _base.py:21(SparseFormatWarning)
        1    0.000    0.000    0.000    0.000 errors.py:87(InvalidHeaderDefect)
        1    0.000    0.000    0.000    0.000 builtins.py:601(StaticGetItemTuple)
        1    0.000    0.000    0.000    0.000 misc.py:53(StringLiteral)
        1    0.000    0.000    0.000    0.000 scanner.py:32(ScannerError)
        1    0.000    0.000    0.000    0.000 pydoc.py:1630(_PlainTextDoc)
        1    0.000    0.000    0.000    0.000 transforms.py:2607(BboxTransformToMaxOnly)
        1    0.000    0.000    0.000    0.000 pickle.py:77(PicklingError)
        2    0.000    0.000    0.000    0.000 npdatetime.py:569(_datetime_timedelta_arith)
        1    0.000    0.000    0.000    0.000 decorator.py:46(get_init)
        1    0.000    0.000    0.000    0.000 npdatetime.py:143(TimedeltaFloorDiv)
        1    0.000    0.000    0.000    0.000 npdatetime.py:169(TimedeltaCmpLE)
        1    0.000    0.000    0.000    0.000 npdatetime.py:177(TimedeltaCmpGE)
        1    0.000    0.000    0.000    0.000 collections.py:69(DelItemSequence)
        1    0.000    0.000    0.000    0.000 untyped_passes.py:131(IRProcessing)
        1    0.000    0.000    0.000    0.000 npydecl.py:633(NdEnumerate)
        1    0.000    0.000    0.000    0.000 typeinfer.py:424(PairFirstConstraint)
        1    0.000    0.000    0.000    0.000 instructions.py:454(StoreInstr)
        1    0.000    0.000    0.000    0.000 instructions.py:665(ExtractValue)
        1    0.000    0.000    0.000    0.000 targetconfig.py:47(_FlagsStack)
        1    0.000    0.000    0.000    0.000 containers.py:263(UniTupleIter)
        1    0.000    0.000    0.000    0.000 errors.py:693(ConstantInferenceError)
        1    0.000    0.000    0.000    0.000 tarfile.py:270(TarError)
        1    0.000    0.000    0.000    0.000 _common.py:163(ZoneInfoNotFoundError)
        2    0.000    0.000    0.000    0.000 _common.py:170(_)
        1    0.000    0.000    0.000    0.000 unicode.py:312(Arabic)
        1    0.000    0.000    0.000    0.000 exceptions.py:189(DTypePromotionError)
        1    0.000    0.000    0.000    0.000 npdatetime.py:93(TimedeltaDivOp)
        1    0.000    0.000    0.000    0.000 cftime_offsets.py:382(MonthEnd)
        1    0.000    0.000    0.000    0.000 variables.py:563(DefaultFillvalueCoder)
        1    0.000    0.000    0.000    0.000 builtins.py:344(BitwiseOr)
        1    0.000    0.000    0.000    0.000 models.py:745(UnionModel)
        1    0.000    0.000    0.000    0.000 instructions.py:819(FilterClause)
        1    0.000    0.000    0.000    0.000 npytypes.py:634(NumPyRandomGeneratorType)
        1    0.000    0.000    0.000    0.000 instructions.py:213(PredictableInstr)
        1    0.000    0.000    0.000    0.000 events.py:45(DocumentStartEvent)
        1    0.000    0.000    0.000    0.000 _mathtext.py:1410(Hrule)
        1    0.000    0.000    0.000    0.000 _mathtext.py:1420(Vrule)
        1    0.000    0.000    0.000    0.000 unicode.py:152(LatinB)
        2    0.000    0.000    0.000    0.000 npdatetime.py:760(_gen_timedelta_min_impl)
        1    0.000    0.000    0.000    0.000 arraydecl.py:622(StaticGetItemLiteralRecord)
        1    0.000    0.000    0.000    0.000 npdatetime.py:153(TimedeltaCmpNe)
        1    0.000    0.000    0.000    0.000 listdecl.py:99(InplaceAddList)
        1    0.000    0.000    0.000    0.000 arithmetic.py:142(CoarsenArithmetic)
        1    0.000    0.000    0.000    0.000 npydecl.py:686(DtypeEq)
        1    0.000    0.000    0.000    0.000 typeinfer.py:258(_BuildContainerConstraint)
        1    0.000    0.000    0.000    0.000 models.py:423(ExternalFuncPointerModel)
        1    0.000    0.000    0.000    0.000 models.py:888(ArrayFlagsModel)
        1    0.000    0.000    0.000    0.000 models.py:1375(StructRefModel)
        1    0.000    0.000    0.000    0.000 ir.py:700(StoreMap)
        1    0.000    0.000    0.000    0.000 containers.py:374(StarArgUniTuple)
        1    0.000    0.000    0.000    0.000 containers.py:361(StarArgTuple)
        1    0.000    0.000    0.000    0.000 ansi.py:93(AnsiStyle)
        1    0.000    0.000    0.000    0.000 tokens.py:51(FlowSequenceStartToken)
        2    0.000    0.000    0.000    0.000 readers.py:527(validate_integer)
        1    0.000    0.000    0.000    0.000 dtypes.py:149(CategoricalDtypeType)
        1    0.000    0.000    0.000    0.000 legend_handler.py:772(HandlerPolyCollection)
        1    0.000    0.000    0.000    0.000 unicode.py:320(Hebrew)
        1    0.000    0.000    0.000    0.000 PngImagePlugin.py:1086(_fdat)
        1    0.000    0.000    0.000    0.000 core.py:877(_DomainGreaterEqual)
        1    0.000    0.000    0.000    0.000 ipaddress.py:24(NetmaskValueError)
        2    0.000    0.000    0.000    0.000 npdatetime.py:739(_gen_timedelta_max_impl)
        1    0.000    0.000    0.000    0.000 npdatetime.py:68(TimedeltaMixOp)
        1    0.000    0.000    0.000    0.000 wrappers.py:731(_ArrayAsScalarArgLoader)
        1    0.000    0.000    0.000    0.000 builtins.py:514(CmpOpIdentity)
        1    0.000    0.000    0.000    0.000 builtins.py:638(StaticGetItemLiteralStrKeyDict)
        1    0.000    0.000    0.000    0.000 models.py:1115(EnumerateType)
        1    0.000    0.000    0.000    0.000 base_parser.py:986(_validate_usecols_arg)
        1    0.000    0.000    0.000    0.000 tarfile.py:748(LinkOutsideDestinationError)
        1    0.000    0.000    0.000    0.000 units.py:52(ConversionError)
        1    0.000    0.000    0.000    0.000 patches.py:2711(SimpleEvent)
        1    0.000    0.000    0.000    0.000 npdatetime.py:149(TimedeltaCmpEq)
        1    0.000    0.000    0.000    0.000 npdatetime.py:263(DatetimeCmpLt)
        1    0.000    0.000    0.000    0.000 listdecl.py:110(MulList)
        1    0.000    0.000    0.000    0.000 cftime_offsets.py:621(Minute)
        1    0.000    0.000    0.000    0.000 callconv.py:924(PythonErrorModel)
        1    0.000    0.000    0.000    0.000 builtins.py:990(Float)
        1    0.000    0.000    0.000    0.000 typeinfer.py:442(PairSecondConstraint)
        1    0.000    0.000    0.000    0.000 models.py:362(FloatModel)
        1    0.000    0.000    0.000    0.000 instructions.py:494(StoreAtomicInstr)
        1    0.000    0.000    0.000    0.000 misc.py:551(UnicodeIteratorType)
        1    0.000    0.000    0.000    0.000 ir.py:687(DelAttr)
        1    0.000    0.000    0.000    0.000 ir.py:930(Print)
        1    0.000    0.000    0.000    0.000 containers.py:687(ListTypeIteratorType)
        1    0.000    0.000    0.000    0.000 misc.py:497(ClassDataType)
        1    0.000    0.000    0.000    0.000 composer.py:8(ComposerError)
        1    0.000    0.000    0.000    0.000 value.py:457(_InstructionsIterator)
        1    0.000    0.000    0.000    0.000 tokens.py:28(DocumentEndToken)
        1    0.000    0.000    0.000    0.000 six.py:340(Module_six_moves_urllib_parse)
        1    0.000    0.000    0.000    0.000 six.py:245(_MovedItems)
        1    0.000    0.000    0.000    0.000 patches.py:2369(Ellipse)
        1    0.000    0.000    0.000    0.000 patches.py:3573(CurveBracket)
        1    0.000    0.000    0.000    0.000 hatch.py:48(NorthEastHatch)
        1    0.000    0.000    0.000    0.000 ticker.py:355(StrMethodFormatter)
        1    0.000    0.000    0.000    0.000 ticker.py:1093(LogFormatterSciNotation)
        1    0.000    0.000    0.000    0.000 extras.py:281(_fromnxfunction_seq)
        1    0.000    0.000    0.000    0.000 copyreg.py:22(constructor)
        1    0.000    0.000    0.000    0.000 _bsr.py:750(bsr_matrix)
        1    0.000    0.000    0.000    0.000 variables.py:661(ObjectVLenStringCoder)
        1    0.000    0.000    0.000    0.000 compiler_machinery.py:129(LoweringPass)
        1    0.000    0.000    0.000    0.000 builtins.py:583(Contains)
        1    0.000    0.000    0.000    0.000 builtins.py:592(TupleBool)
        1    0.000    0.000    0.000    0.000 instructions.py:633(ShuffleVector)
        1    0.000    0.000    0.000    0.000 ir.py:836(DynamicTryRaise)
        1    0.000    0.000    0.000    0.000 abstract.py:235(Dummy)
        1    0.000    0.000    0.000    0.000 tarfile.py:297(InvalidHeaderError)
        1    0.000    0.000    0.000    0.000 _parser.py:1378(_attr)
        1    0.000    0.000    0.000    0.000 shutil.py:67(Error)
        1    0.000    0.000    0.000    0.000 {built-in method sys.getdefaultencoding}
        1    0.000    0.000    0.000    0.000 _csc.py:176(csc_array)
        1    0.000    0.000    0.000    0.000 arraydecl.py:670(StaticSetItemLiteralRecord)
        1    0.000    0.000    0.000    0.000 npdatetime.py:280(DatetimeMinMax)
        1    0.000    0.000    0.000    0.000 cftime_offsets.py:641(Millisecond)
        1    0.000    0.000    0.000    0.000 compiler_machinery.py:110(SSACompliantMixin)
        1    0.000    0.000    0.000    0.000 builtins.py:459(TupleCompare)
        1    0.000    0.000    0.000    0.000 builtins.py:570(TupleConstructor)
        1    0.000    0.000    0.000    0.000 builtins.py:622(StaticGetItemLiteralList)
        1    0.000    0.000    0.000    0.000 instructions.py:514(AllocaInstr)
        1    0.000    0.000    0.000    0.000 instructions.py:692(InsertValue)
        1    0.000    0.000    0.000    0.000 functions.py:649(key)
        1    0.000    0.000    0.000    0.000 containers.py:533(ListIter)
        1    0.000    0.000    0.000    0.000 containers.py:864(DictKeysIterableType)
        1    0.000    0.000    0.000    0.000 events.py:64(ScalarEvent)
        1    0.000    0.000    0.000    0.000 value.py:479(_IncomingBlocksIterator)
        1    0.000    0.000    0.000    0.000 tarfile.py:731(OutsideDestinationError)
        1    0.000    0.000    0.000    0.000 blocks.py:2605(ObjectBlock)
        1    0.000    0.000    0.000    0.000 abc.py:58(TraversalError)
        1    0.000    0.000    0.000    0.000 patches.py:2429(RArrow)
        1    0.000    0.000    0.000    0.000 _mathtext.py:1061(Hbox)
        1    0.000    0.000    0.000    0.000 exceptions.py:17(_ExceptionWordUnicodeSet)
        1    0.000    0.000    0.000    0.000 model.py:482(StructType)
        1    0.000    0.000    0.000    0.000 Image.py:70(DecompressionBombWarning)
        1    0.000    0.000    0.000    0.000 npdatetime.py:259(DatetimeCmpNe)
        1    0.000    0.000    0.000    0.000 builtins.py:502(TupleAdd)
        1    0.000    0.000    0.000    0.000 models.py:1050(CContiguousFlatIter)
        1    0.000    0.000    0.000    0.000 templates.py:1301(BaseRegistryLoader)
        3    0.000    0.000    0.000    0.000 models.py:242(as_return)
        1    0.000    0.000    0.000    0.000 ir.py:715(Del)
        1    0.000    0.000    0.000    0.000 values.py:642(NamedMetaData)
        1    0.000    0.000    0.000    0.000 containers.py:892(DictIteratorType)
        1    0.000    0.000    0.000    0.000 tokens.py:82(AnchorToken)
        1    0.000    0.000    0.000    0.000 legend_handler.py:238(HandlerLine2DCompound)
        1    0.000    0.000    0.000    0.000 colors.py:1796(FuncNorm)
        1    0.000    0.000    0.000    0.000 {built-in method gc.enable}
        1    0.000    0.000    0.000    0.000 _csr.py:247(csr_array)
        1    0.000    0.000    0.000    0.000 setdecl.py:88(SetComparison)
        1    0.000    0.000    0.000    0.000 cftime_offsets.py:631(Second)
        1    0.000    0.000    0.000    0.000 arithmetic.py:97(VariableArithmetic)
        1    0.000    0.000    0.000    0.000 merge.py:76(MergeError)
        1    0.000    0.000    0.000    0.000 typed_passes.py:172(NopythonTypeInference)
        1    0.000    0.000    0.000    0.000 instructions.py:722(Unreachable)
        1    0.000    0.000    0.000    0.000 ir.py:655(DelItem)
        1    0.000    0.000    0.000    0.000 functions.py:472(MakeFunctionLiteral)
        1    0.000    0.000    0.000    0.000 errors.py:56(NumbaPerformanceWarning)
        1    0.000    0.000    0.000    0.000 pytables.py:394(JointConditionBinOp)
        1    0.000    0.000    0.000    0.000 tokens.py:25(DocumentStartToken)
        1    0.000    0.000    0.000    0.000 nodes.py:44(SequenceNode)
        1    0.000    0.000    0.000    0.000 socket.py:212(_GiveupOnSendfile)
        1    0.000    0.000    0.000    0.000 __init__.py:14(SubplotBase)
        1    0.000    0.000    0.000    0.000 ticker.py:1030(LogFormatterExponent)
        1    0.000    0.000    0.000    0.000 exceptions.py:273(ParseFatalException)
        1    0.000    0.000    0.000    0.000 subprocess.py:123(SubprocessError)
        1    0.000    0.000    0.000    0.000 npdatetime.py:56(TimedeltaOrderedCmpOp)
        1    0.000    0.000    0.000    0.000 cftime_offsets.py:651(Microsecond)
        1    0.000    0.000    0.000    0.000 builtins.py:1091(TypeBuiltin)
        1    0.000    0.000    0.000    0.000 models.py:1066(FlatIter)
        1    0.000    0.000    0.000    0.000 value.py:468(_OperandsIterator)
        1    0.000    0.000    0.000    0.000 __init__.py:39(BadZipFile)
        1    0.000    0.000    0.000    0.000 hatch.py:140(LargeCircles)
        1    0.000    0.000    0.000    0.000 rcsetup.py:874(_ignorecase)
        1    0.000    0.000    0.000    0.000 parse.py:336(ParseResult)
        1    0.000    0.000    0.000    0.000 typed_passes.py:177(PartialTypeInference)
        1    0.000    0.000    0.000    0.000 builtins.py:968(Int)
        1    0.000    0.000    0.000    0.000 interpreter.py:3329(INTRINSIC_STOPITERATION_ERROR)
        1    0.000    0.000    0.000    0.000 models.py:852(SetIterModel)
        1    0.000    0.000    0.000    0.000 models.py:866(ArrayModel)
        1    0.000    0.000    0.000    0.000 ir_utils.py:1531(GuardException)
        1    0.000    0.000    0.000    0.000 models.py:1106(ArrayIterator)
        1    0.000    0.000    0.000    0.000 abstract.py:354(Container)
        1    0.000    0.000    0.000    0.000 errors.py:94(NumbaInvalidConfigWarning)
        1    0.000    0.000    0.000    0.000 errors.py:781(LiteralTypingError)
        1    0.000    0.000    0.000    0.000 misc.py:36(UndefVar)
        1    0.000    0.000    0.000    0.000 dumper.py:45(Dumper)
        1    0.000    0.000    0.000    0.000 __init__.py:398(epoch)
        1    0.000    0.000    0.000    0.000 dates.py:1605(DayLocator)
        1    0.000    0.000    0.000    0.000 exceptions.py:40(UnknownEditVariable)
        1    0.000    0.000    0.000    0.000 {built-in method numpy.core._multiarray_umath._set_madvise_hugepage}
        1    0.000    0.000    0.000    0.000 models.py:765(ListPayloadModel)
        2    0.000    0.000    0.000    0.000 calendar.py:109(__len__)
        1    0.000    0.000    0.000    0.000 _base.py:1506(sparray)
        1    0.000    0.000    0.000    0.000 npdatetime.py:271(DatetimeCmpGt)
        1    0.000    0.000    0.000    0.000 variables.py:583(BooleanCoder)
        1    0.000    0.000    0.000    0.000 errors.py:104(ObsoleteHeaderDefect)
        1    0.000    0.000    0.000    0.000 builtins.py:560(Len)
        1    0.000    0.000    0.000    0.000 builtins.py:1039(Enumerate)
        1    0.000    0.000    0.000    0.000 models.py:757(PairModel)
        1    0.000    0.000    0.000    0.000 models.py:840(SetModel)
        1    0.000    0.000    0.000    0.000 models.py:1098(NPDatetimeModel)
        1    0.000    0.000    0.000    0.000 types.py:418(Aggregate)
        1    0.000    0.000    0.000    0.000 containers.py:541(ListPayload)
        1    0.000    0.000    0.000    0.000 containers.py:593(SetIter)
        1    0.000    0.000    0.000    0.000 resolver.py:167(Resolver)
        1    0.000    0.000    0.000    0.000 cyaml.py:85(CDumper)
        1    0.000    0.000    0.000    0.000 __init__.py:46(PerformanceWarning)
        1    0.000    0.000    0.000    0.000 dates.py:1633(HourLocator)
        1    0.000    0.000    0.000    0.000 _mathtext.py:864(StixSansFonts)
        1    0.000    0.000    0.000    0.000 cmathdecl.py:34(CMath_isfinite)
        1    0.000    0.000    0.000    0.000 target_extension.py:143(CUDA)
        1    0.000    0.000    0.000    0.000 builtins.py:304(BitwiseLeftShift)
        1    0.000    0.000    0.000    0.000 builtins.py:1057(Zip)
        1    0.000    0.000    0.000    0.000 builtins.py:1125(MinValInfer)
        1    0.000    0.000    0.000    0.000 models.py:808(SetEntryModel)
        1    0.000    0.000    0.000    0.000 typeof.py:120(_typeof_float)
        1    0.000    0.000    0.000    0.000 errors.py:157(__init__)
        1    0.000    0.000    0.000    0.000 errors.py:794(NumbaValueError)
        1    0.000    0.000    0.000    0.000 dates.py:1658(MinuteLocator)
        1    0.000    0.000    0.000    0.000 _mathtext.py:1486(VCentered)
        1    0.000    0.000    0.000    0.000 unicode.py:334(Devanagari)
        1    0.000    0.000    0.000    0.000 index_tricks.py:537(CClass)
        1    0.000    0.000    0.000    0.000 parse.py:355(ParseResultBytes)
        1    0.000    0.000    0.000    0.000 npdatetime.py:267(DatetimeCmpLE)
        1    0.000    0.000    0.000    0.000 yacc.py:135(YaccError)
        1    0.000    0.000    0.000    0.000 models.py:1132(RangeIteratorType)
        1    0.000    0.000    0.000    0.000 loader.py:41(Loader)
        1    0.000    0.000    0.000    0.000 accessors.py:541(PeriodProperties)
        1    0.000    0.000    0.000    0.000 calendar.py:201(setfirstweekday)
        1    0.000    0.000    0.000    0.000 exceptions.py:47(UnsatisfiableConstraint)
        1    0.000    0.000    0.000    0.000 common.py:71(NotSupportedError)
        1    0.000    0.000    0.000    0.000 setdecl.py:105(ConcreteInplaceSetOperator)
        1    0.000    0.000    0.000    0.000 errors.py:12(MessageParseError)
        1    0.000    0.000    0.000    0.000 builtins.py:279(PowerBuiltin)
        1    0.000    0.000    0.000    0.000 builtins.py:551(SetItemCPointer)
        1    0.000    0.000    0.000    0.000 models.py:782(ListModel)
        1    0.000    0.000    0.000    0.000 models.py:1207(RangeModel)
        1    0.000    0.000    0.000    0.000 dates.py:1578(WeekdayLocator)
        1    0.000    0.000    0.000    0.000 legend_handler.py:503(HandlerPathCollection)
        1    0.000    0.000    0.000    0.000 _iotools.py:421(ConverterError)
        1    0.000    0.000    0.000    0.000 __init__.py:70(_128Bit)
        1    0.000    0.000    0.000    0.000 models.py:734(TupleModel)
        1    0.000    0.000    0.000    0.000 scalars.py:181(NPTimedelta)
        1    0.000    0.000    0.000    0.000 ir.py:301(AbstractRHS)
        1    0.000    0.000    0.000    0.000 values.py:701(DIToken)
        1    0.000    0.000    0.000    0.000 hatch.py:67(SouthEastHatch)
        1    0.000    0.000    0.000    0.000 core.py:830(__init__)
        1    0.000    0.000    0.000    0.000 parse.py:342(DefragResultBytes)
        3    0.000    0.000    0.000    0.000 <frozen importlib._bootstrap_external>:1408(exec_module)
        1    0.000    0.000    0.000    0.000 mathdecl.py:100(Math_isfinite)
        1    0.000    0.000    0.000    0.000 listdecl.py:122(InplaceMulList)
        1    0.000    0.000    0.000    0.000 models.py:820(SetPayloadModel)
        1    0.000    0.000    0.000    0.000 values.py:1132(ReturnValue)
        1    0.000    0.000    0.000    0.000 cyaml.py:68(CSafeDumper)
        1    0.000    0.000    0.000    0.000 readers.py:28(files)
        1    0.000    0.000    0.000    0.000 _ccallback.py:9(CData)
        1    0.000    0.000    0.000    0.000 events.py:78(SequenceEndEvent)
        1    0.000    0.000    0.000    0.000 plyparser.py:31(ParseError)
        1    0.000    0.000    0.000    0.000 builtins.py:383(UnaryNegate)
        1    0.000    0.000    0.000    0.000 builtins.py:1078(Next)
        1    0.000    0.000    0.000    0.000 models.py:1079(UniTupleIter)
        1    0.000    0.000    0.000    0.000 models.py:1219(NdIndexModel)
        1    0.000    0.000    0.000    0.000 instructions.py:253(ConditionalBranch)
        1    0.000    0.000    0.000    0.000 builder.py:99(_uniop_intrinsic_float)
        1    0.000    0.000    0.000    0.000 errors.py:577(UnsupportedError)
        1    0.000    0.000    0.000    0.000 loader.py:55(UnsafeLoader)
        1    0.000    0.000    0.000    0.000 cyaml.py:44(CLoader)
        1    0.000    0.000    0.000    0.000 _pep440.py:141(<lambda>)
        1    0.000    0.000    0.000    0.000 __init__.py:43(LargeZipFile)
        1    0.000    0.000    0.000    0.000 __init__.py:662(PossibleDataLossError)
        1    0.000    0.000    0.000    0.000 __init__.py:417(dev)
        1    0.000    0.000    0.000    0.000 patches.py:2642(Roundtooth)
        1    0.000    0.000    0.000    0.000 shutil.py:70(SameFileError)
        1    0.000    0.000    0.000    0.000 __init__.py:67(_256Bit)
        1    0.000    0.000    0.000    0.000 mathdecl.py:65(Math_floor_ceil)
        1    0.000    0.000    0.000    0.000 npdatetime.py:182(TimedeltaAbs)
        1    0.000    0.000    0.000    0.000 listdecl.py:138(ListEq)
        1    0.000    0.000    0.000    0.000 builtins.py:414(CmpOpLt)
        1    0.000    0.000    0.000    0.000 models.py:1087(SliceModel)
        1    0.000    0.000    0.000    0.000 misc.py:19(Phantom)
        1    0.000    0.000    0.000    0.000 loader.py:31(SafeLoader)
        1    0.000    0.000    0.000    0.000 constructor.py:747(Constructor)
        1    0.000    0.000    0.000    0.000 cyaml.py:30(CFullLoader)
        1    0.000    0.000    0.000    0.000 tarfile.py:273(ExtractError)
        1    0.000    0.000    0.000    0.000 tarfile.py:279(CompressionError)
        1    0.000    0.000    0.000    0.000 _endian.py:34(_swapped_struct_meta)
        1    0.000    0.000    0.000    0.000 errors.py:616(VerificationError)
        1    0.000    0.000    0.000    0.000 events.py:54(DocumentEndEvent)
        1    0.000    0.000    0.000    0.000 __init__.py:553(NumExprClobberingError)
        1    0.000    0.000    0.000    0.000 legend_handler.py:275(HandlerLine2D)
        1    0.000    0.000    0.000    0.000 model.py:486(UnionType)
        1    0.000    0.000    0.000    0.000 extras.py:294(_fromnxfunction_args)
        1    0.000    0.000    0.000    0.000 _iotools.py:437(ConversionWarning)
        1    0.000    0.000    0.000    0.000 exceptions.py:74(VisibleDeprecationWarning)
        1    0.000    0.000    0.000    0.000 _dia.py:418(dia_array)
        1    0.000    0.000    0.000    0.000 lru_cache.py:92(maxsize)
        1    0.000    0.000    0.000    0.000 context.py:17(BufferTooShort)
        1    0.000    0.000    0.000    0.000 context.py:23(AuthenticationError)
        1    0.000    0.000    0.000    0.000 builtins.py:180(BinOpAdd)
        1    0.000    0.000    0.000    0.000 errors.py:822(NumbaRuntimeError)
        1    0.000    0.000    0.000    0.000 tokens.py:89(TagToken)
        1    0.000    0.000    0.000    0.000 _pep440.py:150(<lambda>)
        1    0.000    0.000    0.000    0.000 nodes.py:47(MappingNode)
        1    0.000    0.000    0.000    0.000 __init__.py:212(ParserWarning)
        1    0.000    0.000    0.000    0.000 __init__.py:11(DeprecatedTzFormatWarning)
        1    0.000    0.000    0.000    0.000 parse.py:350(SplitResultBytes)
        1    0.000    0.000    0.000    0.000 compiler_machinery.py:123(AnalysisPass)
        1    0.000    0.000    0.000    0.000 models.py:1250(NdIter)
        1    0.000    0.000    0.000    0.000 containers.py:106(ByteArray)
        1    0.000    0.000    0.000    0.000 cyaml.py:37(CUnsafeLoader)
        1    0.000    0.000    0.000    0.000 pytables.py:2670(GenericDataIndexableCol)
        1    0.000    0.000    0.000    0.000 tarfile.py:276(ReadError)
        1    0.000    0.000    0.000    0.000 patches.py:3443(CurveA)
        1    0.000    0.000    0.000    0.000 __init__.py:247(c_void_p)
        1    0.000    0.000    0.000    0.000 pickle.py:84(UnpicklingError)
        1    0.000    0.000    0.000    0.000 errors.py:44(StartBoundaryNotFoundDefect)
        2    0.000    0.000    0.000    0.000 _functools.py:83(<lambda>)
        1    0.000    0.000    0.000    0.000 models.py:507(CompositeModel)
        1    0.000    0.000    0.000    0.000 containers.py:114(PyArray)
        1    0.000    0.000    0.000    0.000 __init__.py:641(CSSWarning)
        1    0.000    0.000    0.000    0.000 exceptions.py:42(AmbiguousTimeError)
        1    0.000    0.000    0.000    0.000 errors.py:16(HeaderParseError)
        1    0.000    0.000    0.000    0.000 builtins.py:185(BinOpSub)
        1    0.000    0.000    0.000    0.000 abstract.py:242(Hashable)
        1    0.000    0.000    0.000    0.000 abstract.py:317(Sized)
        1    0.000    0.000    0.000    0.000 errors.py:657(TypingError)
        1    0.000    0.000    0.000    0.000 errors.py:686(CompilerError)
        1    0.000    0.000    0.000    0.000 events.py:31(CollectionEndEvent)
        1    0.000    0.000    0.000    0.000 __init__.py:72(UnsupportedFunctionCall)
        1    0.000    0.000    0.000    0.000 __init__.py:253(MergeError)
        1    0.000    0.000    0.000    0.000 __init__.py:347(InvalidIndexError)
        1    0.000    0.000    0.000    0.000 exceptions.py:53(NonExistentTimeError)
        1    0.000    0.000    0.000    0.000 exceptions.py:280(ParseSyntaxException)
        1    0.000    0.000    0.000    0.000 error.py:28(PkgConfigError)
        1    0.000    0.000    0.000    0.000 __init__.py:170(c_ushort)
        1    0.000    0.000    0.000    0.000 yacc.py:1470(GrammarError)
        1    0.000    0.000    0.000    0.000 errors.py:41(NoBoundaryInMultipartDefect)
        1    0.000    0.000    0.000    0.000 builtins.py:175(BinOpAdd)
        1    0.000    0.000    0.000    0.000 abstract.py:360(Sequence)
        1    0.000    0.000    0.000    0.000 errors.py:798(NumbaTypeError)
        1    0.000    0.000    0.000    0.000 ffi.py:231(_DeadPointer)
        1    0.000    0.000    0.000    0.000 error.py:22(VerificationMissing)
        1    0.000    0.000    0.000    0.000 _endian.py:55(BigEndianUnion)
        1    0.000    0.000    0.000    0.000 parse.py:421(_checknetloc)
        1    0.000    0.000    0.000    0.000 _base.py:25(SparseEfficiencyWarning)
        1    0.000    0.000    0.000    0.000 target_extension.py:132(CPU)
        1    0.000    0.000    0.000    0.000 instructions.py:815(CatchClause)
        1    0.000    0.000    0.000    0.000 containers.py:122(MemoryView)
        1    0.000    0.000    0.000    0.000 errors.py:584(UnsupportedRewriteError)
        1    0.000    0.000    0.000    0.000 errors.py:723(RequireLiteralValue)
        1    0.000    0.000    0.000    0.000 pytables.py:401(UnaryOp)
        1    0.000    0.000    0.000    0.000 readers.py:559(_validate_names)
        1    0.000    0.000    0.000    0.000 tarfile.py:282(StreamError)
        1    0.000    0.000    0.000    0.000 common.py:192(<genexpr>)
        1    0.000    0.000    0.000    0.000 _endian.py:35(_swapped_union_meta)
        1    0.000    0.000    0.000    0.000 builtins.py:195(BinOpMul)
        1    0.000    0.000    0.000    0.000 builtins.py:318(BitwiseRightShift)
        1    0.000    0.000    0.000    0.000 builtins.py:329(BitwiseAnd)
        1    0.000    0.000    0.000    0.000 typeof.py:125(_typeof_complex)
        1    0.000    0.000    0.000    0.000 errors.py:69(NumbaPendingDeprecationWarning)
        1    0.000    0.000    0.000    0.000 containers.py:601(SetPayload)
        1    0.000    0.000    0.000    0.000 __init__.py:403(release)
        1    0.000    0.000    0.000    0.000 patches.py:3453(CurveAB)
        1    0.000    0.000    0.000    0.000 dataset_plot.py:695(wrapper)
        1    0.000    0.000    0.000    0.000 models.py:174(from_argument)
        1    0.000    0.000    0.000    0.000 __init__.py:187(c_int)
        1    0.000    0.000    0.000    0.000 __init__.py:224(c_ubyte)
        1    0.000    0.000    0.000    0.000 _csc.py:271(csc_matrix)
        1    0.000    0.000    0.000    0.000 yacc.py:2089(LALRError)
        1    0.000    0.000    0.000    0.000 context.py:20(TimeoutError)
        1    0.000    0.000    0.000    0.000 arithmetic.py:128(DataArrayGroupbyArithmetic)
        1    0.000    0.000    0.000    0.000 errors.py:53(MisplacedEnvelopeHeaderDefect)
        1    0.000    0.000    0.000    0.000 errors.py:90(HeaderMissingRequiredValue)
        1    0.000    0.000    0.000    0.000 builtins.py:339(BitwiseOr)
        1    0.000    0.000    0.000    0.000 templates.py:1326(RegistryLoader)
        1    0.000    0.000    0.000    0.000 misc.py:47(RawPointer)
        1    0.000    0.000    0.000    0.000 misc.py:186(EphemeralPointer)
        1    0.000    0.000    0.000    0.000 misc.py:286(EllipsisType)
        1    0.000    0.000    0.000    0.000 errors.py:108(NumbaIRAssumptionWarning)
        1    0.000    0.000    0.000    0.000 errors.py:590(IRError)
        1    0.000    0.000    0.000    0.000 tarfile.py:285(HeaderError)
        1    0.000    0.000    0.000    0.000 __init__.py:118(ParserError)
        1    0.000    0.000    0.000    0.000 unicode.py:302(CJK)
        1    0.000    0.000    0.000    0.000 rcsetup.py:350(validate_fontsize_None)
        1    0.000    0.000    0.000    0.000 __init__.py:174(c_long)
        1    0.000    0.000    0.000    0.000 errors.py:28(CharsetError)
        1    0.000    0.000    0.000    0.000 callconv.py:931(NumpyErrorModel)
        1    0.000    0.000    0.000    0.000 builtins.py:313(BitwiseRightShift)
        1    0.000    0.000    0.000    0.000 builtins.py:477(TupleNe)
        1    0.000    0.000    0.000    0.000 builder.py:16(_unop)
        1    0.000    0.000    0.000    0.000 tokens.py:39(StreamEndToken)
        1    0.000    0.000    0.000    0.000 events.py:61(AliasEvent)
        1    0.000    0.000    0.000    0.000 legend_handler.py:513(HandlerCircleCollection)
        1    0.000    0.000    0.000    0.000 _mathtext.py:966(DejaVuSerifFontConstants)
        1    0.000    0.000    0.000    0.000 __init__.py:178(c_ulong)
        1    0.000    0.000    0.000    0.000 arithmetic.py:117(DataArrayArithmetic)
        1    0.000    0.000    0.000    0.000 target_extension.py:126(Generic)
        1    0.000    0.000    0.000    0.000 errors.py:61(MultipartInvariantViolationDefect)
        1    0.000    0.000    0.000    0.000 base.py:1114(get_preferred_array_alignment)
        1    0.000    0.000    0.000    0.000 builtins.py:354(BitwiseXor)
        1    0.000    0.000    0.000    0.000 builtins.py:482(TupleGe)
        1    0.000    0.000    0.000    0.000 typeinfer.py:831(get_call_signature)
        1    0.000    0.000    0.000    0.000 scalars.py:185(NPDatetime)
        1    0.000    0.000    0.000    0.000 functions.py:589(ObjModeDispatcher)
        1    0.000    0.000    0.000    0.000 range.py:216(_validate_dtype)
        1    0.000    0.000    0.000    0.000 __init__.py:143(DtypeWarning)
        1    0.000    0.000    0.000    0.000 _parser.py:1608(UnknownTimezoneWarning)
        1    0.000    0.000    0.000    0.000 six.py:454(Module_six_moves_urllib_response)
        1    0.000    0.000    0.000    0.000 _iotools.py:429(ConverterLockError)
        1    0.000    0.000    0.000    0.000 __init__.py:191(c_uint)
        1    0.000    0.000    0.000    0.000 __init__.py:252(c_bool)
        1    0.000    0.000    0.000    0.000 errors.py:20(BoundaryError)
        1    0.000    0.000    0.000    0.000 errors.py:112(InvalidDateDefect)
        1    0.000    0.000    0.000    0.000 builtins.py:454(CmpOpNe)
        1    0.000    0.000    0.000    0.000 errors.py:82(NumbaTypeSafetyWarning)
        1    0.000    0.000    0.000    0.000 errors.py:802(NumbaAttributeError)
        1    0.000    0.000    0.000    0.000 tokens.py:54(FlowMappingStartToken)
        1    0.000    0.000    0.000    0.000 events.py:42(StreamEndEvent)
        1    0.000    0.000    0.000    0.000 tarfile.py:288(EmptyHeaderError)
        1    0.000    0.000    0.000    0.000 nanops.py:57(set_use_bottleneck)
        1    0.000    0.000    0.000    0.000 __init__.py:311(NumbaUtilError)
        1    0.000    0.000    0.000    0.000 __init__.py:598(IndexingError)
        1    0.000    0.000    0.000    0.000 six.py:402(Module_six_moves_urllib_request)
        1    0.000    0.000    0.000    0.000 shutil.py:87(_GiveupOnFastCopy)
        1    0.000    0.000    0.000    0.000 __init__.py:231(c_byte)
        1    0.000    0.000    0.000    0.000 _dia.py:493(dia_matrix)
        1    0.000    0.000    0.000    0.000 errors.py:64(InvalidMultipartContentTransferEncodingDefect)
        1    0.000    0.000    0.000    0.000 builtins.py:200(BinOpMul)
        1    0.000    0.000    0.000    0.000 builtins.py:424(CmpOpGt)
        1    0.000    0.000    0.000    0.000 builtins.py:449(CmpOpEq)
        1    0.000    0.000    0.000    0.000 builtins.py:487(TupleGt)
        1    0.000    0.000    0.000    0.000 builtins.py:936(Min)
        1    0.000    0.000    0.000    0.000 typeof.py:153(_typeof_str)
        1    0.000    0.000    0.000    0.000 errors.py:597(RedefinedError)
        1    0.000    0.000    0.000    0.000 errors.py:650(ForbiddenConstruct)
        1    0.000    0.000    0.000    0.000 events.py:75(SequenceStartEvent)
        1    0.000    0.000    0.000    0.000 series.py:660(_constructor)
        1    0.000    0.000    0.000    0.000 tarfile.py:723(FilterError)
        1    0.000    0.000    0.000    0.000 managers.py:913(__init__)
        1    0.000    0.000    0.000    0.000 __init__.py:674(ClosedFileError)
        1    0.000    0.000    0.000    0.000 six.py:475(Module_six_moves_urllib_robotparser)
        1    0.000    0.000    0.000    0.000 patches.py:3458(CurveFilledA)
        1    0.000    0.000    0.000    0.000 __init__.py:199(c_double)
        2    0.000    0.000    0.000    0.000 parse.py:108(_noop)
        1    0.000    0.000    0.000    0.000 arithmetic.py:135(DatasetGroupbyArithmetic)
        1    0.000    0.000    0.000    0.000 errors.py:50(FirstHeaderLineIsContinuationDefect)
        1    0.000    0.000    0.000    0.000 builtins.py:308(BitwiseLeftShift)
        1    0.000    0.000    0.000    0.000 builtins.py:520(CmpOpIs)
        1    0.000    0.000    0.000    0.000 errors.py:627(DeprecationError)
        1    0.000    0.000    0.000    0.000 errors.py:806(NumbaAssertionError)
        1    0.000    0.000    0.000    0.000 __init__.py:198(EmptyDataError)
        1    0.000    0.000    0.000    0.000 __init__.py:367(DataError)
        1    0.000    0.000    0.000    0.000 config_init.py:656(register_plotting_backend_cb)
        1    0.000    0.000    0.000    0.000 six.py:382(Module_six_moves_urllib_error)
        1    0.000    0.000    0.000    0.000 patches.py:3448(CurveB)
        1    0.000    0.000    0.000    0.000 __init__.py:195(c_float)
        1    0.000    0.000    0.000    0.000 __init__.py:88(_8Bit)
        1    0.000    0.000    0.000    0.000 {built-in method numpy._using_numpy2_behavior}
        1    0.000    0.000    0.000    0.000 errors.py:24(MultipartConversionError)
        1    0.000    0.000    0.000    0.000 containers.py:379(BaseNamedTuple)
        1    0.000    0.000    0.000    0.000 errors.py:75(NumbaParallelSafetyWarning)
        1    0.000    0.000    0.000    0.000 errors.py:643(UnsupportedParforsError)
        1    0.000    0.000    0.000    0.000 tarfile.py:300(SubsequentHeaderError)
        1    0.000    0.000    0.000    0.000 missing.py:1073(clean_reindex_fill_method)
        1    0.000    0.000    0.000    0.000 __init__.py:91(UnsortedIndexError)
        1    0.000    0.000    0.000    0.000 patches.py:3468(CurveFilledAB)
        1    0.000    0.000    0.000    0.000 backend_bases.py:1335(CloseEvent)
        1    0.000    0.000    0.000    0.000 core.py:156(MaskError)
        1    0.000    0.000    0.000    0.000 contextlib.py:65(_recreate_cm)
        1    0.000    0.000    0.000    0.000 target_extension.py:148(NPyUfunc)
        1    0.000    0.000    0.000    0.000 errors.py:67(UndecodableBytesDefect)
        1    0.000    0.000    0.000    0.000 errors.py:107(NonASCIILocalPartDefect)
        1    0.000    0.000    0.000    0.000 instructions.py:249(Branch)
        1    0.000    0.000    0.000    0.000 instructions.py:311(Resume)
        1    0.000    0.000    0.000    0.000 models.py:171(as_argument)
        1    0.000    0.000    0.000    0.000 builder.py:134(_triop_intrinsic)
        1    0.000    0.000    0.000    0.000 errors.py:88(NumbaExperimentalFeatureWarning)
        1    0.000    0.000    0.000    0.000 tokens.py:72(FlowEntryToken)
        1    0.000    0.000    0.000    0.000 patches.py:3463(CurveFilledB)
        1    0.000    0.000    0.000    0.000 _mathtext.py:970(DejaVuSansFontConstants)
        1    0.000    0.000    0.000    0.000 __init__.py:262(c_wchar)
        1    0.000    0.000    0.000    0.000 __init__.py:82(_32Bit)
        1    0.000    0.000    0.000    0.000 target_extension.py:137(GPU)
        1    0.000    0.000    0.000    0.000 errors.py:56(MissingHeaderBodySeparatorDefect)
        1    0.000    0.000    0.000    0.000 errors.py:70(InvalidBase64PaddingDefect)
        1    0.000    0.000    0.000    0.000 errors.py:76(InvalidBase64LengthDefect)
        1    0.000    0.000    0.000    0.000 builtins.py:349(BitwiseXor)
        1    0.000    0.000    0.000    0.000 builtins.py:419(CmpOpLe)
        1    0.000    0.000    0.000    0.000 builtins.py:444(ConstOpNotEq)
        1    0.000    0.000    0.000    0.000 builtins.py:472(TupleEq)
        1    0.000    0.000    0.000    0.000 builtins.py:492(TupleLe)
        1    0.000    0.000    0.000    0.000 builtins.py:931(Max)
        1    0.000    0.000    0.000    0.000 errors.py:114(NumbaDebugInfoWarning)
        1    0.000    0.000    0.000    0.000 errors.py:120(NumbaSystemWarning)
        1    0.000    0.000    0.000    0.000 errors.py:810(NumbaNotImplementedError)
        1    0.000    0.000    0.000    0.000 errors.py:814(NumbaKeyError)
        1    0.000    0.000    0.000    0.000 __init__.py:328(DuplicateLabelError)
        1    0.000    0.000    0.000    0.000 __init__.py:383(SpecificationError)
        1    0.000    0.000    0.000    0.000 __init__.py:619(PyperclipException)
        1    0.000    0.000    0.000    0.000 streamplot.py:434(InvalidIndexError)
        1    0.000    0.000    0.000    0.000 streamplot.py:510(OutOfBounds)
        1    0.000    0.000    0.000    0.000 Image.py:74(DecompressionBombError)
        1    0.000    0.000    0.000    0.000 __init__.py:203(c_longdouble)
        1    0.000    0.000    0.000    0.000 errors.py:73(InvalidBase64CharactersDefect)
        1    0.000    0.000    0.000    0.000 builtins.py:429(CmpOpGe)
        1    0.000    0.000    0.000    0.000 builtins.py:497(TupleLt)
        1    0.000    0.000    0.000    0.000 tokens.py:63(KeyToken)
        1    0.000    0.000    0.000    0.000 tokens.py:69(BlockEntryToken)
        1    0.000    0.000    0.000    0.000 events.py:81(MappingStartEvent)
        1    0.000    0.000    0.000    0.000 tarfile.py:291(TruncatedHeaderError)
        1    0.000    0.000    0.000    0.000 tarfile.py:294(EOFHeaderError)
        1    0.000    0.000    0.000    0.000 __init__.py:783(LossySetitemError)
        1    0.000    0.000    0.000    0.000 __init__.py:236(c_char)
        1    0.000    0.000    0.000    0.000 __init__.py:76(_80Bit)
        1    0.000    0.000    0.000    0.000 errors.py:47(CloseBoundaryNotFoundDefect)
        1    0.000    0.000    0.000    0.000 builtins.py:190(BinOpSub)
        1    0.000    0.000    0.000    0.000 builtins.py:388(UnaryPositive)
        1    0.000    0.000    0.000    0.000 abstract.py:367(MutableSequence)
        1    0.000    0.000    0.000    0.000 errors.py:818(NumbaIndexError)
        1    0.000    0.000    0.000    0.000 tokens.py:48(BlockEndToken)
        1    0.000    0.000    0.000    0.000 events.py:84(MappingEndEvent)
        1    0.000    0.000    0.000    0.000 __init__.py:727(PossiblePrecisionLoss)
        1    0.000    0.000    0.000    0.000 __init__.py:769(CategoricalConversionWarning)
        1    0.000    0.000    0.000    0.000 shutil.py:77(ExecError)
        1    0.000    0.000    0.000    0.000 shutil.py:80(ReadError)
        1    0.000    0.000    0.000    0.000 shutil.py:83(RegistryError)
        1    0.000    0.000    0.000    0.000 tokens.py:42(BlockSequenceStartToken)
        1    0.000    0.000    0.000    0.000 __init__.py:455(ChainedAssignmentError)
        1    0.000    0.000    0.000    0.000 __init__.py:687(IncompatibilityWarning)
        1    0.000    0.000    0.000    0.000 streamplot.py:438(TerminateTrajectory)
        1    0.000    0.000    0.000    0.000 tokens.py:57(FlowSequenceEndToken)
        1    0.000    0.000    0.000    0.000 tokens.py:60(FlowMappingEndToken)
        1    0.000    0.000    0.000    0.000 tokens.py:66(ValueToken)
        1    0.000    0.000    0.000    0.000 readers.py:1987(__enter__)
        1    0.000    0.000    0.000    0.000 managers.py:1828(ndim)
        1    0.000    0.000    0.000    0.000 __init__.py:411(SettingWithCopyError)
        1    0.000    0.000    0.000    0.000 __init__.py:433(SettingWithCopyWarning)
        1    0.000    0.000    0.000    0.000 __init__.py:742(ValueLabelTypeMismatch)
        1    0.000    0.000    0.000    0.000 _csr.py:370(csr_matrix)
        1    0.000    0.000    0.000    0.000 tokens.py:45(BlockMappingStartToken)
        1    0.000    0.000    0.000    0.000 __init__.py:793(NoBufferPresent)
        1    0.000    0.000    0.000    0.000 __init__.py:799(InvalidComparison)
        1    0.000    0.000    0.000    0.000 __init__.py:73(_96Bit)
        1    0.000    0.000    0.000    0.000 __init__.py:714(DatabaseError)
        1    0.000    0.000    0.000    0.000 __init__.py:754(InvalidColumnName)
        1    0.000    0.000    0.000    0.000 random.py:903(seed)
        1    0.000    0.000    0.000    0.000 __init__.py:693(AttributeConflictWarning)
        1    0.000    0.000    0.000    0.000 values.py:957(basic_blocks)
        1    0.000    0.000    0.000    0.000 __init__.py:85(_16Bit)
        1    0.000    0.000    0.000    0.000 copy.py:102(_copy_immutable)
        1    0.000    0.000    0.000    0.000 interpreter.py:2318(op_COPY_FREE_VARS)
        1    0.000    0.000    0.000    0.000 six.py:239(exec_module)
        1    0.000    0.000    0.000    0.000 __init__.py:79(_64Bit)
        1    0.000    0.000    0.000    0.000 utils.py:187(<lambda>)


