Setting constant concentration for Diatoms @ 20
Setting constant concentration for HAB @ 20
No initial condition for this pressure gradient --> using default!
Using initial condition from initial_condition/initial_condition-pressure=2.00e-07.csv
Total time = 346.168000
         233408533 function calls (232510377 primitive calls) in 371.927 seconds

   Ordered by: cumulative time

   ncalls  tottime  percall  cumtime  percall filename:lineno(function)
   1262/1    0.019    0.000  371.978  371.978 {built-in method builtins.exec}
        1    1.155    1.155  371.978  371.978 watercolumn-sw_2species.py:1(<module>)
   259199   38.465    0.000  341.703    0.001 watercolumn-sw_2species.py:282(wc_advance)
  1295995  128.610    0.000  129.008    0.000 watercolumn_lib.py:86(TDMA)
   259199   23.174    0.000   86.294    0.000 phytoplankton.py:111(self_shading)
 20735924   13.624    0.000   61.227    0.000 fromnumeric.py:2177(sum)
 20747424   17.021    0.000   45.411    0.000 fromnumeric.py:71(_wrapreduction)
   259199   26.689    0.000   28.501    0.000 watercolumn-sw_2species.py:184(calculate_brunt_vaisala)
 20794379   25.905    0.000   25.905    0.000 {method 'reduce' of 'numpy.ufunc' objects}
      145    0.003    0.000   19.104    0.132 __init__.py:1(<module>)
     1725    0.022    0.000   15.645    0.009 concat.py:65(concat)
     1725    0.484    0.000   15.619    0.009 concat.py:476(_dataset_concat)
      863    0.267    0.000   15.192    0.018 watercolumn_run_lib.py:78(save_2d_data)
      863    0.011    0.000   13.342    0.015 watercolumn_run_lib.py:65(save_1d_data)
3003/1747    0.009    0.000   10.035    0.006 <frozen importlib._bootstrap>:1349(_find_and_load)
  1249/21    0.005    0.000   10.031    0.478 <frozen importlib._bootstrap>:1304(_find_and_load_unlocked)
  2834/35    0.002    0.000    9.945    0.284 <frozen importlib._bootstrap>:480(_call_with_frames_removed)
  1196/18    0.004    0.000    9.775    0.543 <frozen importlib._bootstrap>:911(_load_unlocked)
  1062/17    0.003    0.000    9.773    0.575 <frozen importlib._bootstrap_external>:989(exec_module)
   518398    8.667    0.000    9.514    0.000 watercolumn_lib.py:332(advance_algae)
        4    0.000    0.000    9.419    2.355 watercolumn_run_lib.py:111(plot_profiles)
     1726    0.010    0.000    8.625    0.005 generic.py:3249(to_xarray)
     1726    0.042    0.000    8.518    0.005 dataset.py:7375(from_dataframe)
        5    0.000    0.000    8.068    1.614 figure.py:3234(savefig)
        5    0.000    0.000    8.068    1.614 backend_bases.py:2052(print_figure)
        6    0.077    0.013    7.788    1.298 watercolumn_run_lib.py:162(add_profile_to_axis)
        9    0.000    0.000    7.597    0.844 artist.py:93(draw_wrapper)
  16446/9    0.031    0.000    7.597    0.844 artist.py:54(draw_wrapper)
        9    0.000    0.000    7.597    0.844 figure.py:3134(draw)
     22/9    0.006    0.000    7.590    0.843 image.py:114(_draw_list_compositing_images)
   610/85    0.001    0.000    7.515    0.088 {built-in method builtins.__import__}
       13    0.000    0.000    7.436    0.572 _base.py:3005(draw)
    14670    0.154    0.000    7.407    0.001 merge.py:627(merge_core)
     1726    0.077    0.000    7.019    0.004 dataset.py:7338(_set_numpy_data_from_dataframe)
    12945    0.169    0.000    6.949    0.001 alignment.py:38(reindex_variables)
    12945    0.030    0.000    6.922    0.001 dataset.py:1583(__setitem__)
    12945    0.034    0.000    6.864    0.001 dataset.py:5666(update)
    12945    0.061    0.000    6.758    0.001 merge.py:1032(dataset_update_method)
      980    6.708    0.007    6.708    0.007 {method 'set_text' of 'matplotlib.ft2font.FT2Font' objects}
    12945    0.110    0.000    6.601    0.001 variable.py:810(_getitem_with_mask)
3255/2357    0.004    0.000    6.563    0.003 <frozen importlib._bootstrap>:1390(_handle_fromlist)
        9    0.000    0.000    6.503    0.723 backend_bases.py:2043(<lambda>)
        9    0.000    0.000    6.503    0.723 backend_agg.py:450(print_png)
        9    0.000    0.000    6.503    0.723 backend_agg.py:440(_print_pil)
        9    0.000    0.000    6.037    0.671 backend_agg.py:381(draw)
    18121    0.035    0.000    5.717    0.000 alignment.py:678(align)
    18121    0.065    0.000    5.111    0.000 alignment.py:564(align)
   259199    4.617    0.000    5.077    0.000 watercolumn_lib.py:374(advance_velocity)
      786    0.003    0.000    4.948    0.006 backend_agg.py:208(get_text_width_height_descent)
    16396    0.144    0.000    4.896    0.000 alignment.py:886(deep_align)
     8060    0.050    0.000    4.643    0.001 _axes.py:1479(plot)
29270019/29265695    3.623    0.000    4.577    0.000 {built-in method builtins.isinstance}
     1062    0.008    0.000    4.419    0.004 <frozen importlib._bootstrap_external>:1062(get_code)
       12    0.000    0.000    4.262    0.355 legend.py:751(draw)
     1062    0.003    0.000    3.901    0.004 <frozen importlib._bootstrap_external>:1183(get_data)
  2332791    1.453    0.000    3.513    0.000 watercolumn_lib.py:79(initialize_abcd)
  654/268    0.011    0.000    3.450    0.013 offsetbox.py:505(_get_bbox_and_child_offsets)
      614    0.005    0.000    3.392    0.006 offsetbox.py:794(get_bbox)
    16395    0.031    0.000    3.377    0.000 alignment.py:556(reindex_all)
   378/12    0.001    0.000    3.357    0.280 artist.py:31(draw_wrapper)
   150/12    0.001    0.000    3.357    0.280 offsetbox.py:406(draw)
    32790    0.019    0.000    3.346    0.000 alignment.py:557(<genexpr>)
    19846    0.013    0.000    3.340    0.000 dataset.py:1266(copy)
    16395    0.026    0.000    3.327    0.000 alignment.py:538(_reindex_one)
    19846    0.165    0.000    3.326    0.000 dataset.py:1365(_copy)
        1    0.000    0.000    3.301    3.301 watercolumn_run_lib.py:95(save_dataset)
        1    0.000    0.000    3.301    3.301 dataset.py:2231(to_netcdf)
        1    0.000    0.000    3.301    3.301 api.py:1241(to_netcdf)
    12945    2.924    0.000    3.268    0.000 duck_array_ops.py:341(where)
     1246    0.009    0.000    3.253    0.003 <frozen importlib._bootstrap>:1240(_find_spec)
     4967    3.234    0.001    3.234    0.001 {built-in method posix.stat}
     1241    0.001    0.000    3.234    0.003 <frozen importlib._bootstrap_external>:1520(find_spec)
     1241    0.003    0.000    3.233    0.003 <frozen importlib._bootstrap_external>:1491(_get_spec)
       11    0.001    0.000    3.213    0.292 core.py:1(<module>)
     4839    0.002    0.000    3.145    0.001 <frozen importlib._bootstrap_external>:140(_path_stat)
     1878    0.015    0.000    3.142    0.002 <frozen importlib._bootstrap_external>:1593(find_spec)
    80/52    0.002    0.000    3.029    0.058 offsetbox.py:473(_get_bbox_and_child_offsets)
  584/154    0.001    0.000    3.027    0.020 offsetbox.py:364(get_bbox)
   259200    3.018    0.000    3.018    0.000 watercolumn-sw_2species.py:175(calculate_sm)
        2    0.000    0.000    2.969    1.485 locks.py:139(_get_scheduler)
        2    0.000    0.000    2.966    1.483 base.py:1430(get_scheduler)
    12945    0.055    0.000    2.952    0.000 frame.py:4271(__setitem__)
 22156531    2.887    0.000    2.887    0.000 {method 'items' of 'dict' objects}
   518398    0.884    0.000    2.856    0.000 phytoplankton.py:87(get_loss_and_growth)
    16395    0.100    0.000    2.789    0.000 dataset.py:3434(_reindex_callback)
     1593    0.045    0.000    2.785    0.002 text.py:358(_get_layout)
    12945    0.023    0.000    2.743    0.000 frame.py:4514(_set_item)
 11415154    2.681    0.000    2.681    0.000 {built-in method numpy.zeros}
      526    0.008    0.000    2.659    0.005 text.py:734(draw)
     3186    0.007    0.000    2.644    0.001 text.py:65(_get_text_metrics_with_cache)
     9783    0.043    0.000    2.636    0.000 dataarray.py:1430(isel)
        4    0.000    0.000    2.625    0.656 pyplot.py:2591(tight_layout)
        4    0.000    0.000    2.625    0.656 figure.py:3508(tight_layout)
        4    0.000    0.000    2.625    0.656 layout_engine.py:163(execute)
   274332    2.576    0.000    2.618    0.000 {built-in method builtins.sum}
        4    0.000    0.000    2.606    0.652 _tight_layout.py:194(get_tight_layout_figure)
        4    0.000    0.000    2.606    0.651 _tight_layout.py:20(_auto_adjust_subplotpars)
     12/4    0.000    0.000    2.605    0.651 artist.py:1404(_get_tightbbox_for_layout_only)
        4    0.000    0.000    2.605    0.651 deprecation.py:443(wrapper)
        4    0.000    0.000    2.605    0.651 _base.py:4338(get_tightbbox)
 23337305    2.596    0.000    2.596    0.000 {built-in method builtins.abs}
      172    0.000    0.000    2.574    0.015 text.py:73(_get_text_metrics_with_cache_impl)
    16120    0.054    0.000    2.528    0.000 _base.py:233(__call__)
        1    0.000    0.000    2.494    2.494 watercolumn_lib.py:1(<module>)
        1    0.000    0.000    2.486    2.486 actor.py:1(<module>)
      200    0.002    0.000    2.486    0.012 backend_agg.py:187(draw_text)
        1    0.003    0.003    2.466    2.466 watercolumn_run_lib.py:197(plot_phasing)
        2    0.000    0.000    2.395    1.197 client.py:1(<module>)
     8060    0.101    0.000    2.388    0.000 _base.py:401(_plot_args)
    12945    0.065    0.000    2.352    0.000 frame.py:4481(_set_item_mgr)
   358716    0.419    0.000    2.323    0.000 variable.py:370(__init__)
     1765    0.002    0.000    2.135    0.001 <frozen importlib._bootstrap_external>:150(_path_is_mode_type)
    12945    0.114    0.000    2.101    0.000 managers.py:1347(insert)
     1629    0.001    0.000    2.096    0.001 <frozen importlib._bootstrap_external>:159(_path_isfile)
     8056    0.153    0.000    2.090    0.000 dataset.py:3008(_isel_fancy)
     1062    2.020    0.002    2.020    0.002 {built-in method _io.open_code}
   518398    1.972    0.000    1.972    0.000 phytoplankton.py:66(monod_growth_rate)
    25875    0.061    0.000    1.969    0.000 variable.py:2934(concat)
     8060    0.045    0.000    1.964    0.000 _base.py:2300(add_line)
   229226    0.289    0.000    1.803    0.000 variable.py:941(_replace)
 20735924    1.750    0.000    1.750    0.000 fromnumeric.py:2172(_sum_dispatcher)
    32512    0.148    0.000    1.728    0.000 variable.py:600(_broadcast_indexes)
      743    0.006    0.000    1.700    0.002 text.py:915(get_window_extent)
    21572    0.085    0.000    1.696    0.000 indexes.py:1612(copy_indexes)
    44878    0.275    0.000    1.679    0.000 base.py:475(__new__)
    25875    0.148    0.000    1.676    0.000 variable.py:1671(concat)
       16    0.000    0.000    1.674    0.105 offsetbox.py:395(get_window_extent)
     1068    1.642    0.002    1.642    0.002 {method 'read' of '_io.BufferedReader' objects}
    15561    0.165    0.000    1.622    0.000 lines.py:738(draw)
       10    0.000    0.000    1.575    0.157 api.py:1(<module>)
      114    0.000    0.000    1.542    0.014 offsetbox.py:817(draw)
   169964    0.187    0.000    1.519    0.000 variable.py:907(_copy)
   779656    1.511    0.000    1.511    0.000 _methods.py:90(_clip)
   259199    0.617    0.000    1.505    0.000 watercolumn_lib.py:66(diurnal_light)
    16120    0.020    0.000    1.462    0.000 _base.py:532(<genexpr>)
     8060    0.038    0.000    1.441    0.000 _base.py:342(_makeline)
14671/12945    0.113    0.000    1.433    0.000 base.py:6956(insert)
     8604    0.157    0.000    1.430    0.000 lines.py:287(__init__)
    31065    0.181    0.000    1.345    0.000 merge.py:307(collect_variables_and_indexes)
   520457    0.318    0.000    1.327    0.000 {method 'clip' of 'numpy.ndarray' objects}
   259200    1.326    0.000    1.326    0.000 watercolumn-sw_2species.py:181(calculate_sh)
       25    0.001    0.000    1.310    0.052 axis.py:1320(get_tightbbox)
   261258    0.282    0.000    1.282    0.000 fromnumeric.py:2100(clip)
    25875    0.724    0.000    1.232    0.000 duck_array_ops.py:360(concatenate)
    12945    0.064    0.000    1.208    0.000 base.py:3820(get_indexer)
        1    0.000    0.000    1.206    1.206 pyplot.py:1(<module>)
   277429    0.210    0.000    1.115    0.000 fromnumeric.py:53(_wrapfunc)
    12947    0.056    0.000    1.101    0.000 variable.py:702(_broadcast_indexes_outer)
   358718    0.173    0.000    1.100    0.000 core.py:257(__init__)
        3    0.000    0.000    1.081    0.360 pickle.py:1(<module>)
        1    0.000    0.000    1.059    1.059 serialize.py:1(<module>)
    98694    0.052    0.000    1.030    0.000 utils.py:93(is_duck_dask_array)
    34516    0.310    0.000    1.002    0.000 alignment.py:180(_normalize_indexes)
    81402    0.095    0.000    0.999    0.000 variable.py:2622(__init__)
    19567    0.061    0.000    0.995    0.000 variable.py:1000(isel)
   526415    0.339    0.000    0.992    0.000 {built-in method builtins.any}
     1726    0.012    0.000    0.980    0.001 watercolumn_run_lib.py:244(diurnal_light)
     1725    0.011    0.000    0.962    0.001 dataset.py:688(__init__)
    32512    0.032    0.000    0.958    0.000 indexing.py:1019(apply_indexer)
     8060    0.031    0.000    0.949    0.000 _base.py:2328(_update_line_limits)
    84884    0.086    0.000    0.938    0.000 utils.py:67(is_dask_collection)
     1725    0.009    0.000    0.937    0.001 dataset.py:415(merge_data_and_coords)
       26    0.000    0.000    0.932    0.036 axis.py:1379(draw)
   358718    0.440    0.000    0.927    0.000 core.py:487(_parse_dimensions)
    16396    0.083    0.000    0.906    0.000 base.py:674(_with_infer)
   259199    0.385    0.000    0.887    0.000 {method 'clip' of 'numpy.generic' objects}
    36250    0.019    0.000    0.880    0.000 variable.py:704(<genexpr>)
    23303    0.008    0.000    0.856    0.000 pycompat.py:95(is_0d_dask_array)
    64743    0.284    0.000    0.854    0.000 construction.py:517(sanitize_array)
    19567    0.034    0.000    0.852    0.000 variable.py:784(__getitem__)
    38820    0.153    0.000    0.837    0.000 duck_array_ops.py:223(as_shared_dtype)
305284/282546    0.231    0.000    0.820    0.000 {built-in method numpy.asarray}
    39694    0.110    0.000    0.817    0.000 indexes.py:687(create_variables)
    16395    0.129    0.000    0.815    0.000 alignment.py:242(find_matching_indexes)
    12945    0.033    0.000    0.789    0.000 indexing.py:1366(create_mask)
    47445    0.079    0.000    0.780    0.000 dataset.py:1559(__getitem__)
        1    0.000    0.000    0.773    0.773 figure.py:1(<module>)
       17    0.001    0.000    0.772    0.045 _base.py:2943(_update_title_position)
        4    0.000    0.000    0.771    0.193 legend.py:1070(get_tightbbox)
     8256    0.038    0.000    0.770    0.000 artist.py:772(set_clip_path)
   362168    0.371    0.000    0.756    0.000 variable.py:259(as_compatible_data)
3840594/3246459    0.543    0.000    0.739    0.000 {built-in method builtins.len}
1196/1190    0.002    0.000    0.737    0.001 <frozen importlib._bootstrap>:806(module_from_spec)
     8283    0.011    0.000    0.733    0.000 backend_agg.py:95(draw_path)
    12947    0.008    0.000    0.731    0.000 indexing.py:365(__getitem__)
    65873    0.148    0.000    0.729    0.000 indexes.py:1581(group_by_index)
    12947    0.699    0.000    0.723    0.000 indexing.py:1499(_oindex_get)
        3    0.000    0.000    0.721    0.240 generic.py:1(<module>)
     8283    0.416    0.000    0.713    0.000 {method 'draw_path' of 'matplotlib.backends._backend_agg.RendererAgg' objects}
  118/117    0.000    0.000    0.712    0.006 <frozen importlib._bootstrap_external>:1287(create_module)
  118/117    0.684    0.006    0.711    0.006 {built-in method _imp.create_dynamic}
   107012    0.426    0.000    0.711    0.000 variable.py:2989(calculate_dimensions)
   762109    0.456    0.000    0.706    0.000 copy.py:61(copy)
    39694    0.043    0.000    0.691    0.000 indexes.py:578(__init__)
      100    0.001    0.000    0.684    0.007 axis.py:1311(_get_ticklabel_bboxes)
    39121    0.290    0.000    0.652    0.000 merge.py:196(merge_collected)
   172875    0.383    0.000    0.650    0.000 indexes.py:1423(__init__)
    38258    0.050    0.000    0.646    0.000 variable.py:2740(copy)
       50    0.000    0.000    0.643    0.013 axis.py:2143(_get_tick_boxes_siblings)
    35377    0.017    0.000    0.642    0.000 indexes.py:844(_copy)
        6    0.000    0.000    0.639    0.107 mathtext.py:62(parse)
        3    0.000    0.000    0.639    0.213 mathtext.py:81(_parse_cached)
    55215    0.078    0.000    0.636    0.000 variable.py:88(as_variable)
    11715    0.064    0.000    0.627    0.000 artist.py:1176(_update_props)
695470/695462    0.151    0.000    0.627    0.000 <frozen abc>:117(__instancecheck__)
    35380    0.031    0.000    0.626    0.000 indexes.py:594(_replace)
    11237    0.007    0.000    0.622    0.000 artist.py:1212(_internal_update)
        1    0.000    0.000    0.611    0.611 watercolumn_run_lib.py:1(<module>)
      161    0.001    0.000    0.606    0.004 axis.py:287(draw)
    18121    0.042    0.000    0.571    0.000 alignment.py:132(__init__)
    45719    0.203    0.000    0.562    0.000 dataset.py:1469(_construct_dataarray)
       19    0.001    0.000    0.559    0.029 utils.py:1(<module>)
        1    0.000    0.000    0.556    0.556 _axes.py:1(<module>)
   108152    0.119    0.000    0.550    0.000 dataset.py:1984(xindexes)
     8331    0.012    0.000    0.537    0.000 patches.py:259(get_transform)
    31071    0.050    0.000    0.535    0.000 generic.py:6284(__getattr__)
     1727    0.017    0.000    0.532    0.000 frame.py:694(__init__)
     8604    0.120    0.000    0.527    0.000 lines.py:666(recache)
22198/22184    0.074    0.000    0.521    0.000 transforms.py:1106(get_points)
        2    0.000    0.000    0.520    0.260 sizeof.py:1(<module>)
        1    0.000    0.000    0.520    0.520 sizeof.py:261(_register_entry_point_plugins)
        1    0.000    0.000    0.520    0.520 __init__.py:901(entry_points)
      216    0.000    0.000    0.519    0.002 __init__.py:910(<genexpr>)
     8226    0.007    0.000    0.511    0.000 lines.py:1029(get_path)
    39694    0.049    0.000    0.509    0.000 base.py:1250(copy)
   477810    0.202    0.000    0.505    0.000 core.py:407(ndim)
     3452    0.021    0.000    0.501    0.000 computation.py:897(apply_ufunc)
      863    0.005    0.000    0.500    0.001 multi.py:474(from_arrays)
      217    0.001    0.000    0.492    0.002 __init__.py:811(read_text)
      215    0.000    0.000    0.492    0.002 __init__.py:469(entry_points)
1795418/1795238    0.370    0.000    0.492    0.000 {built-in method builtins.getattr}
      217    0.000    0.000    0.489    0.002 pathlib.py:1022(read_text)
    16395    0.046    0.000    0.486    0.000 alignment.py:515(_get_indexes_and_vars)
    26754    0.151    0.000    0.486    0.000 base.py:2313(is_unique)
3167/3048    0.036    0.000    0.479    0.000 {built-in method builtins.__build_class__}
695470/695462    0.210    0.000    0.475    0.000 {built-in method _abc._abc_instancecheck}
    25890    0.023    0.000    0.471    0.000 base.py:5437(_can_hold_identifiers_and_holds_name)
     8211    0.054    0.000    0.471    0.000 patches.py:746(get_patch_transform)
        1    0.000    0.000    0.467    0.467 pyarrow.py:1(<module>)
        5    0.000    0.000    0.466    0.093 image.py:1531(imsave)
   814402    0.189    0.000    0.461    0.000 core.py:449(shape)
      863    0.004    0.000    0.460    0.001 categorical.py:3048(factorize_from_iterables)
     2589    0.002    0.000    0.456    0.000 categorical.py:3069(<genexpr>)
     1727    0.016    0.000    0.455    0.000 construction.py:423(dict_to_mgr)
        5    0.000    0.000    0.455    0.091 Image.py:2376(save)
     1726    0.009    0.000    0.454    0.000 categorical.py:3005(factorize_from_iterable)
    18420    0.096    0.000    0.444    0.000 common.py:278(__getattr__)
    33667    0.032    0.000    0.444    0.000 base.py:7593(ensure_index)
850895/850484    0.142    0.000    0.442    0.000 {built-in method builtins.hasattr}
     1726    0.023    0.000    0.434    0.000 categorical.py:371(__init__)
    43/40    0.000    0.000    0.431    0.011 core.py:1135(parse_string)
  148/145    0.000    0.000    0.430    0.003 util.py:251(_inner)
  1196/40    0.003    0.000    0.429    0.011 core.py:811(_parseNoCache)
   363/40    0.001    0.000    0.428    0.011 core.py:3994(parseImpl)
   982/32    0.003    0.000    0.427    0.013 core.py:962(_parseCache)
61264/31193    0.203    0.000    0.426    0.000 transforms.py:2431(get_affine)
    16157    0.012    0.000    0.425    0.000 axis.py:1700(update_units)
    14670    0.034    0.000    0.418    0.000 merge.py:494(_get_priority_vars_and_indexes)
32322/16159    0.106    0.000    0.413    0.000 units.py:164(get_converter)
1782/1761    0.002    0.000    0.407    0.000 __init__.py:73(import_module)
      148    0.405    0.003    0.405    0.003 {built-in method posix.listdir}
1782/1761    0.001    0.000    0.404    0.000 <frozen importlib._bootstrap>:1375(_gcd_import)
        2    0.000    0.000    0.398    0.199 array.py:1(<module>)
    12945    0.007    0.000    0.389    0.000 base.py:6679(_maybe_cast_listlike_indexer)
    14671    0.013    0.000    0.388    0.000 frame.py:1496(items)
        1    0.000    0.000    0.383    0.383 rcsetup.py:1(<module>)
     1726    0.003    0.000    0.383    0.000 range.py:917(insert)
    12945    0.089    0.000    0.382    0.000 indexing.py:882(_outer_to_vectorized_indexer)
     3452    0.028    0.000    0.381    0.000 computation.py:276(apply_dataarray_vfunc)
      135    0.001    0.000    0.377    0.003 <frozen importlib._bootstrap_external>:1644(_fill_cache)
63940/47631    0.030    0.000    0.377    0.000 deprecation.py:289(wrapper)
    16193    0.027    0.000    0.376    0.000 transforms.py:1472(transform)
        1    0.000    0.000    0.374    0.374 frame.py:1(<module>)
   118/82    0.000    0.000    0.373    0.005 <frozen importlib._bootstrap_external>:1295(exec_module)
    20712    0.027    0.000    0.373    0.000 multi.py:1322(__contains__)
   118/82    0.050    0.000    0.373    0.005 {built-in method _imp.exec_dynamic}
     6907    0.025    0.000    0.372    0.000 dataarray.py:4711(_binary_op)
    12954    0.029    0.000    0.371    0.000 frame.py:4626(_get_item_cache)
    16395    0.054    0.000    0.365    0.000 alignment.py:276(find_matching_unindexed_dims)
        1    0.000    0.000    0.363    0.363 __config__.py:1(<module>)
        1    0.000    0.000    0.362    0.362 assertions.py:1(<module>)
       16    0.000    0.000    0.358    0.022 axis.py:2358(_update_label_position)
    90/75    0.000    0.000    0.353    0.005 core.py:4930(parseImpl)
    77/73    0.000    0.000    0.352    0.005 core.py:5040(parseImpl)
     8059    0.020    0.000    0.349    0.000 transforms.py:1400(contains_branch_seperately)
    12945    0.055    0.000    0.348    0.000 indexing.py:1341(_masked_result_drop_slice)
    19845    0.100    0.000    0.347    0.000 merge.py:340(append_all)
       34    0.000    0.000    0.346    0.010 axis.py:2599(_update_label_position)
856344/838224    0.332    0.000    0.344    0.000 common.py:307(__setattr__)
    20712    0.020    0.000    0.343    0.000 multi.py:2982(get_loc)
     8056    0.209    0.000    0.343    0.000 colors.py:701(__call__)
        4    0.000    0.000    0.342    0.086 config.py:1(<module>)
        3    0.000    0.000    0.342    0.114 _mathtext.py:2151(parse)
    41/24    0.000    0.000    0.341    0.014 core.py:289(wrapper)
     1062    0.001    0.000    0.338    0.000 <frozen importlib._bootstrap_external>:1202(path_stats)
    50920    0.098    0.000    0.337    0.000 dataset.py:1081(_construct_direct)
   124273    0.079    0.000    0.332    0.000 {method 'update' of 'set' objects}
        4    0.009    0.002    0.331    0.083 _base.py:4306(get_default_bbox_extra_artists)
     1726    0.004    0.000    0.330    0.000 common.py:424(clip)
   466106    0.134    0.000    0.329    0.000 generic.py:42(_instancecheck)
     8059    0.013    0.000    0.321    0.000 transforms.py:1381(contains_branch)
     6928    0.025    0.000    0.318    0.000 artist.py:860(_fully_clipped_to_axes)
    50629    0.074    0.000    0.318    0.000 dataset.py:1109(_replace)
    16395    0.128    0.000    0.316    0.000 alignment.py:383(align_indexes)
   363038    0.088    0.000    0.315    0.000 indexing.py:1683(shape)
     8259    0.012    0.000    0.314    0.000 artist.py:1001(set_alpha)
    44885    0.112    0.000    0.311    0.000 base.py:3777(get_loc)
    12954    0.023    0.000    0.310    0.000 frame.py:3983(_ixs)
      166    0.006    0.000    0.308    0.002 axis.py:1270(_update_ticks)
    38820    0.165    0.000    0.304    0.000 dtypes.py:169(result_type)
    20712    0.030    0.000    0.304    0.000 multi.py:3308(_get_level_indexer)
    12945    0.135    0.000    0.304    0.000 function_base.py:5369(insert)
        1    0.000    0.000    0.302    0.302 profile.py:1(<module>)
     1148    0.005    0.000    0.301    0.000 font_manager.py:1233(findfont)
        1    0.000    0.000    0.298    0.298 colorbar.py:1(<module>)
    12945    0.034    0.000    0.296    0.000 frame.py:5242(_sanitize_column)
    27617    0.113    0.000    0.295    0.000 base.py:842(_engine)
   111032    0.172    0.000    0.293    0.000 indexes.py:1481(_id_coord_names)
       99    0.001    0.000    0.293    0.003 _mathtext.py:373(_get_info)
    14670    0.053    0.000    0.291    0.000 merge.py:421(determine_coords)
    16193    0.011    0.000    0.289    0.000 transforms.py:2406(transform_affine)
      164    0.000    0.000    0.287    0.002 _mathtext.py:261(get_metrics)
     8191    0.005    0.000    0.280    0.000 transforms.py:239(__array__)
      279    0.275    0.001    0.279    0.001 {built-in method _io.open}
   175180    0.087    0.000    0.279    0.000 indexes.py:1475(_id_index)
       29    0.010    0.000    0.277    0.010 font_manager.py:1393(_findfont_cached)
        1    0.000    0.000    0.275    0.275 colors.py:1(<module>)
     1726    0.011    0.000    0.275    0.000 arithmetic.py:43(__array_ufunc__)
     9785    0.007    0.000    0.274    0.000 indexes.py:1800(isel_indexes)
       99    0.274    0.003    0.274    0.003 {method 'load_char' of 'matplotlib.ft2font.FT2Font' objects}
5181/3454    0.044    0.000    0.271    0.000 series.py:389(__init__)
    75647    0.114    0.000    0.268    0.000 dataarray.py:412(__init__)
    93203    0.199    0.000    0.268    0.000 base.py:649(_simple_new)
        3    0.000    0.000    0.268    0.089 _mathtext.py:675(__init__)
     9785    0.061    0.000    0.267    0.000 indexes.py:1776(_apply_indexes)
12227/9397    0.254    0.000    0.266    0.000 <frozen abc>:121(__subclasscheck__)
    13808    0.008    0.000    0.263    0.000 transforms.py:374(extents)
   117/59    0.000    0.000    0.263    0.004 core.py:4512(parseImpl)
    66/30    0.000    0.000    0.262    0.009 core.py:4242(parseImpl)
     1727    0.001    0.000    0.261    0.000 common.py:192(_iter)
     1727    0.002    0.000    0.260    0.000 dataarray.py:870(__getitem__)
     1725    0.015    0.000    0.258    0.000 concat.py:322(_calc_concat_over)
    40557    0.105    0.000    0.256    0.000 base.py:1697(_validate_names)
     1159    0.255    0.000    0.255    0.000 {method '__exit__' of '_io._IOBase' objects}
185666/185665    0.110    0.000    0.255    0.000 {built-in method builtins.all}
       63    0.254    0.004    0.254    0.004 {method 'read' of '_io.TextIOWrapper' objects}
    15231    0.009    0.000    0.254    0.000 transforms.py:2770(get_transformed_path_and_affine)
   516625    0.160    0.000    0.253    0.000 <frozen _collections_abc>:892(__iter__)
    21004    0.014    0.000    0.252    0.000 variable.py:806(_finalize_indexing_result)
    25890    0.010    0.000    0.250    0.000 core.py:375(copy)
    12945    0.007    0.000    0.247    0.000 base.py:6312(_index_as_unique)
        1    0.000    0.000    0.246    0.246 __init__.py:19(_register_transports)
    16112    0.016    0.000    0.245    0.000 dataset.py:1159(_replace_with_new_dims)
    28768    0.010    0.000    0.244    0.000 utils.py:514(__getitem__)
    63557    0.186    0.000    0.242    0.000 indexes.py:1814(filter_indexes_from_coords)
   287541    0.099    0.000    0.239    0.000 utils.py:77(is_duck_array)
  1397484    0.237    0.000    0.237    0.000 {method 'get' of 'dict' objects}
    18410    0.008    0.000    0.234    0.000 coordinates.py:834(__getitem__)
    20712    0.016    0.000    0.234    0.000 multi.py:2957(_get_loc_single_level_index)
   245898    0.108    0.000    0.233    0.000 __init__.py:741(__getitem__)
      105    0.003    0.000    0.232    0.002 artist.py:159(_update_set_signature_and_docstring)
        1    0.000    0.000    0.231    0.231 masked.py:1(<module>)
        5    0.000    0.000    0.230    0.046 Image.py:315(preinit)
36346/32318    0.109    0.000    0.230    0.000 cbook.py:1685(_safe_first_finite)
      104    0.000    0.000    0.228    0.002 artist.py:126(__init_subclass__)
      217    0.000    0.000    0.228    0.001 pathlib.py:1005(open)
      161    0.000    0.000    0.228    0.001 _mathtext.py:1081(__init__)
      161    0.000    0.000    0.227    0.001 _mathtext.py:1096(_update_metrics)
    49679    0.059    0.000    0.226    0.000 colors.py:268(to_rgba)
    79388    0.089    0.000    0.226    0.000 indexes.py:432(safe_cast_to_index)
    18410    0.039    0.000    0.225    0.000 dataarray.py:859(_getitem_coord)
    12945    0.062    0.000    0.224    0.000 indexing.py:463(__init__)
    60398    0.030    0.000    0.222    0.000 coordinates.py:94(__iter__)
     1725    0.026    0.000    0.216    0.000 concat.py:442(_parse_datasets)
        1    0.000    0.000    0.215    0.215 diskutils.py:1(<module>)
    87286    0.085    0.000    0.215    0.000 transforms.py:1889(__init__)
  1254358    0.212    0.000    0.212    0.000 {method 'append' of 'list' objects}
34847/33433    0.018    0.000    0.211    0.000 {built-in method builtins.next}
    64680    0.087    0.000    0.208    0.000 concat.py:574(ensure_common_dims)
        1    0.000    0.000    0.207    0.207 contour.py:1(<module>)
    25580    0.014    0.000    0.206    0.000 transforms.py:1340(__add__)
    45736    0.017    0.000    0.205    0.000 missing.py:101(isna)
    16120    0.015    0.000    0.200    0.000 cbook.py:1348(_check_1d)
     6907    0.032    0.000    0.198    0.000 variable.py:2306(_binary_op)
    15398    0.006    0.000    0.196    0.000 transforms.py:2786(get_affine)
        2    0.000    0.000    0.195    0.097 local.py:1(<module>)
   466106    0.121    0.000    0.194    0.000 generic.py:37(_check)
        1    0.000    0.000    0.193    0.193 __init__.py:240(_check_versions)
        1    0.000    0.000    0.193    0.193 backend_bases.py:1(<module>)
        3    0.000    0.000    0.190    0.063 _mathtext.py:2188(math_string)
     3450    0.018    0.000    0.189    0.000 concat.py:345(process_subset_opt)
    25580    0.026    0.000    0.188    0.000 transforms.py:2498(composite_transform_factory)
    45736    0.038    0.000    0.187    0.000 missing.py:184(_isna)
        5    0.000    0.000    0.185    0.037 PngImagePlugin.py:1233(_save)
     8058    0.005    0.000    0.184    0.000 dataarray.py:568(_to_temp_dataset)
        8    0.000    0.000    0.184    0.023 base.py:1(<module>)
        6    0.000    0.000    0.184    0.031 _mathtext.py:779(__init__)
    12945    0.007    0.000    0.183    0.000 indexing.py:1337(_logical_any)
     31/6    0.000    0.000    0.183    0.031 core.py:5443(parseImpl)
    12945    0.125    0.000    0.181    0.000 base.py:3955(_get_indexer)
    65873    0.117    0.000    0.180    0.000 indexes.py:1507(get_unique)
     8058    0.028    0.000    0.179    0.000 dataarray.py:611(_to_dataset_whole)
      117    0.000    0.000    0.179    0.002 artist.py:1837(kwdoc)
     3452    0.002    0.000    0.179    0.000 _typed_ops.py:309(__rmul__)
    12965    0.112    0.000    0.177    0.000 {built-in method _functools.reduce}
        5    0.000    0.000    0.177    0.035 ImageFile.py:517(_save)
        5    0.000    0.000    0.177    0.035 ImageFile.py:545(_encode_tile)
    18121    0.076    0.000    0.175    0.000 coordinates.py:727(variables)
    43146    0.018    0.000    0.175    0.000 base.py:782(_rename)
    25888    0.034    0.000    0.175    0.000 indexes.py:1495(dims)
     8059    0.022    0.000    0.174    0.000 _base.py:120(_process_plot_format)
    48322    0.046    0.000    0.173    0.000 base.py:773(_view)
    63548    0.026    0.000    0.173    0.000 artist.py:416(pchanged)
24190/16131    0.014    0.000    0.173    0.000 transforms.py:2384(__eq__)
    54482    0.042    0.000    0.172    0.000 __init__.py:280(_compile)
        1    0.000    0.000    0.172    0.172 api.py:1362(dump_to_store)
       10    0.172    0.017    0.172    0.017 {method 'encode' of 'ImagingEncoder' objects}
        1    0.000    0.000    0.172    0.172 common.py:362(store)
   515790    0.113    0.000    0.170    0.000 base.py:909(__len__)
        1    0.000    0.000    0.170    0.170 common.py:414(set_variables)
        1    0.000    0.000    0.169    0.169 spec.py:1(<module>)
       36    0.000    0.000    0.169    0.005 <frozen posixpath>:431(realpath)
    65/36    0.001    0.000    0.169    0.005 <frozen posixpath>:440(_joinrealpath)
300913/254215    0.082    0.000    0.169    0.000 artist.py:317(stale)
    12954    0.020    0.000    0.168    0.000 frame.py:4608(_box_col_values)
     9302    0.009    0.000    0.166    0.000 markers.py:225(__init__)
      523    0.166    0.000    0.166    0.000 {built-in method posix.lstat}
       17    0.000    0.000    0.165    0.010 common.py:275(add)
       17    0.163    0.010    0.165    0.010 netCDF4_.py:77(__setitem__)
        1    0.000    0.000    0.164    0.164 scheduler.py:1(<module>)
        1    0.000    0.000    0.163    0.163 Image.py:1(<module>)
    11219    0.034    0.000    0.160    0.000 managers.py:1412(_insert_update_blklocs_and_blknos)
13355/12960    0.010    0.000    0.160    0.000 contextlib.py:132(__enter__)
        1    0.000    0.000    0.159    0.159 worker.py:1(<module>)
    56094    0.053    0.000    0.158    0.000 common.py:1081(is_numeric_dtype)
   114777    0.067    0.000    0.158    0.000 common.py:1434(_is_dtype_type)
    11924    0.023    0.000    0.158    0.000 transforms.py:813(from_extents)
    11508    0.019    0.000    0.157    0.000 indexing.py:1767(__getitem__)
     3452    0.041    0.000    0.156    0.000 computation.py:707(apply_variable_ufunc)
     8059    0.004    0.000    0.156    0.000 transforms.py:1710(__eq__)
     8211    0.011    0.000    0.156    0.000 patches.py:880(get_bbox)
     8058    0.042    0.000    0.155    0.000 dataarray.py:508(_replace_maybe_drop_dims)
  1403149    0.154    0.000    0.154    0.000 core.py:478(dims)
    12948    0.094    0.000    0.153    0.000 cast.py:1157(maybe_infer_to_datetimelike)
     1062    0.039    0.000    0.153    0.000 <frozen importlib._bootstrap_external>:751(_compile_bytecode)
      158    0.001    0.000    0.153    0.001 axis.py:1555(_get_tick)
      117    0.004    0.000    0.152    0.001 artist.py:1598(pprint_setters)
     8059    0.009    0.000    0.152    0.000 transforms.py:2162(__eq__)
      166    0.000    0.000    0.151    0.001 axis.py:1606(get_major_ticks)
     1726    0.008    0.000    0.151    0.000 algorithms.py:610(factorize)
   140951    0.049    0.000    0.150    0.000 utils.py:106(is_dict_like)
    39694    0.049    0.000    0.150    0.000 indexing.py:1656(__init__)
        6    0.000    0.000    0.149    0.025 _mathtext.py:2196(non_math)
        2    0.000    0.000    0.148    0.074 dates.py:1(<module>)
    12947    0.056    0.000    0.148    0.000 indexing.py:416(__init__)
    25198    0.039    0.000    0.148    0.000 transforms.py:2348(__init__)
16843/16834    0.055    0.000    0.147    0.000 transforms.py:1777(__eq__)
    63602    0.083    0.000    0.147    0.000 cbook.py:285(process)
        1    0.000    0.000    0.146    0.146 datasets.py:1(<module>)
        1    0.000    0.000    0.145    0.145 delayed.py:1(<module>)
        1    0.000    0.000    0.144    0.144 rrule.py:1(<module>)
    40562    0.050    0.000    0.144    0.000 base.py:5170(_get_engine_target)
     6904    0.003    0.000    0.141    0.000 dtypes.py:220(__init__)
     1727    0.001    0.000    0.141    0.000 series.py:5773(isna)
    11508    0.013    0.000    0.140    0.000 variable.py:2678(_finalize_indexing_result)
     1725    0.010    0.000    0.140    0.000 indexes.py:671(concat)
     1727    0.002    0.000    0.140    0.000 generic.py:8693(isna)
    44878    0.035    0.000    0.140    0.000 base.py:609(_dtype_to_subclass)
       28    0.000    0.000    0.140    0.005 font_manager.py:1518(_cached_realpath)
    50934    0.131    0.000    0.139    0.000 transforms.py:182(set_children)
    12945    0.023    0.000    0.138    0.000 base.py:6394(_should_compare)
    19565    0.041    0.000    0.138    0.000 variable.py:659(_broadcast_indexes_basic)
        1    0.000    0.000    0.138    0.138 api.py:133(_get_default_engine)
        1    0.000    0.000    0.138    0.138 api.py:114(_get_default_engine_netcdf)
     6904    0.006    0.000    0.138    0.000 dtypes.py:373(_finalize)
    39121    0.110    0.000    0.137    0.000 merge.py:164(_assert_prioritized_valid)
    48442    0.024    0.000    0.137    0.000 cbook.py:2309(_unpack_to_numpy)
    52715    0.060    0.000    0.137    0.000 numerictypes.py:357(issubdtype)
    26476    0.039    0.000    0.136    0.000 dataarray.py:491(_replace)
        1    0.000    0.000    0.135    0.135 text.py:1(<module>)
    24163    0.082    0.000    0.135    0.000 function_base.py:5563(append)
     9302    0.021    0.000    0.133    0.000 markers.py:306(_set_marker)
    38281    0.028    0.000    0.133    0.000 pycompat.py:91(is_chunked_array)
    15532    0.022    0.000    0.132    0.000 base.py:5552(equals)
        1    0.000    0.000    0.131    0.131 highlevelgraph.py:1(<module>)
    50923    0.034    0.000    0.131    0.000 base.py:7688(maybe_extract_name)
        3    0.000    0.000    0.131    0.044 numeric.py:1(<module>)
     3452    0.012    0.000    0.130    0.000 dtypes.py:550(validate_categories)
    79388    0.075    0.000    0.129    0.000 indexes.py:420(_maybe_cast_to_cftimeindex)
    12945    0.043    0.000    0.128    0.000 numeric.py:1393(moveaxis)
   458212    0.097    0.000    0.128    0.000 indexes.py:1454(<genexpr>)
    14671    0.055    0.000    0.127    0.000 common.py:231(asarray_tuplesafe)
   246216    0.071    0.000    0.125    0.000 __init__.py:690(_get)
        1    0.000    0.000    0.125    0.125 _build_tlz.py:1(<module>)
    13379    0.006    0.000    0.124    0.000 __init__.py:226(compile)
     4252    0.009    0.000    0.124    0.000 artist.py:1470(get_valid_values)
   113049    0.093    0.000    0.123    0.000 frozen.py:76(__getitem__)
     8749    0.062    0.000    0.123    0.000 colors.py:310(_to_rgba_no_colorcycle)
    77640    0.051    0.000    0.123    0.000 common.py:1277(is_extension_array_dtype)
    16112    0.041    0.000    0.122    0.000 dataset.py:2749(_validate_indexers)
    15780    0.009    0.000    0.121    0.000 backend_bases.py:690(new_gc)
        2    0.000    0.000    0.121    0.061 widgets.py:1(<module>)
        2    0.000    0.000    0.120    0.060 shape_base.py:1(<module>)
   186355    0.091    0.000    0.120    0.000 merge.py:337(append)
   115820    0.084    0.000    0.119    0.000 transforms.py:1769(__init__)
     8059    0.008    0.000    0.118    0.000 transforms.py:2391(_iter_break_from_left_to_right)
    56094    0.045    0.000    0.118    0.000 common.py:137(is_object_dtype)
     1727    0.006    0.000    0.118    0.000 series.py:607(_init_dict)
        1    0.000    0.000    0.118    0.118 tutorial.py:1(<module>)
    22695    0.047    0.000    0.117    0.000 transforms.py:758(__init__)
        1    0.000    0.000    0.116    0.116 fromnumeric.py:1(<module>)
      158    0.004    0.000    0.115    0.001 axis.py:65(__init__)
   159895    0.115    0.000    0.115    0.000 {method 'copy' of 'numpy.ndarray' objects}
        9    0.000    0.000    0.115    0.013 figure.py:658(add_subplot)
       12    0.000    0.000    0.114    0.010 common.py:1(<module>)
        9    0.000    0.000    0.114    0.013 _base.py:569(__init__)
    34239    0.082    0.000    0.113    0.000 indexing.py:209(expanded_indexer)
     1726    0.007    0.000    0.113    0.000 base.py:1045(astype)
     1725    0.017    0.000    0.112    0.000 coordinates.py:661(copy)
    15780    0.031    0.000    0.112    0.000 backend_bases.py:766(__init__)
        1    0.000    0.000    0.112    0.112 _methods.py:1(<module>)
     1062    0.112    0.000    0.112    0.000 {built-in method marshal.loads}
    24163    0.022    0.000    0.111    0.000 alignment.py:327(_need_reindex)
   103515    0.031    0.000    0.111    0.000 duck_array_ops.py:225(<genexpr>)
    16059    0.017    0.000    0.110    0.000 artist.py:1093(set_label)
     8056    0.024    0.000    0.110    0.000 dataset.py:2815(_get_indexers_coords_and_indexes)
     1729    0.001    0.000    0.110    0.000 _typed_ops.py:257(__truediv__)
    24990    0.094    0.000    0.109    0.000 cbook.py:2011(_setattr_cm)
        3    0.000    0.000    0.109    0.036 indexing.py:1(<module>)
   703192    0.108    0.000    0.108    0.000 {built-in method builtins.issubclass}
   456527    0.072    0.000    0.108    0.000 base.py:3809(<genexpr>)
      352    0.001    0.000    0.108    0.000 _compiler.py:740(compile)
     1725    0.014    0.000    0.107    0.000 coordinates.py:271(__init__)
        2    0.000    0.000    0.107    0.054 accessors.py:1(<module>)
    12950    0.033    0.000    0.107    0.000 warnings.py:131(filterwarnings)
     8860    0.015    0.000    0.107    0.000 path.py:99(__init__)
      8/5    0.000    0.000    0.107    0.021 __init__.py:64(__getattr__)
   177742    0.085    0.000    0.106    0.000 merge.py:565(merge_attrs)
    47462    0.030    0.000    0.105    0.000 common.py:1571(validate_all_hashable)
    85081    0.045    0.000    0.104    0.000 {built-in method numpy.asanyarray}
   125479    0.104    0.000    0.104    0.000 {method 'astype' of 'numpy.ndarray' objects}
    87/82    0.000    0.000    0.104    0.001 core.py:5173(parseImpl)
   518399    0.103    0.000    0.103    0.000 {built-in method math.sqrt}
     1729    0.011    0.000    0.103    0.000 _optional.py:85(import_optional_dependency)
    11508    0.009    0.000    0.103    0.000 indexing.py:1715(_handle_result)
        1    0.000    0.000    0.103    0.103 compute.py:1(<module>)
    16112    0.018    0.000    0.101    0.000 variable.py:546(to_base_variable)
        1    0.000    0.000    0.101    0.101 dataarray.py:1(<module>)
6904/3452    0.010    0.000    0.101    0.000 {built-in method _operator.mul}
     1726    0.003    0.000    0.100    0.000 indexes.py:885(remove_unused_levels_categories)
     1724    0.002    0.000    0.100    0.000 variable.py:2782(equals)
        2    0.000    0.000    0.099    0.050 _parser.py:1(<module>)
     3452    0.002    0.000    0.099    0.000 _typed_ops.py:629(__rmul__)
     8059    0.006    0.000    0.099    0.000 dataarray.py:791(to_numpy)
    18295    0.018    0.000    0.099    0.000 {method 'any' of 'numpy.ndarray' objects}
    16395    0.085    0.000    0.099    0.000 alignment.py:286(assert_no_index_conflict)
    71613    0.019    0.000    0.098    0.000 alignment.py:906(is_alignable)
   127382    0.098    0.000    0.098    0.000 {built-in method numpy.array}
      801    0.002    0.000    0.098    0.000 font_manager.py:595(__init__)
        3    0.000    0.000    0.098    0.033 _base.py:1(<module>)
        1    0.000    0.000    0.098    0.098 environment.py:1(<module>)
    27622    0.065    0.000    0.097    0.000 numeric.py:274(full)
    19700    0.014    0.000    0.097    0.000 artist.py:103(_stale_axes_callback)
     9078    0.010    0.000    0.096    0.000 lines.py:647(set_data)
        1    0.000    0.000    0.095    0.095 index_tricks.py:1(<module>)
     1725    0.004    0.000    0.095    0.000 indexes.py:649(_concat_indexes)
    41368    0.068    0.000    0.095    0.000 __init__.py:64(check_isinstance)
    30330    0.042    0.000    0.095    0.000 _ufunc_config.py:33(seterr)
    27601    0.013    0.000    0.095    0.000 utils.py:535(__init__)
    38820    0.029    0.000    0.095    0.000 utils.py:559(update)
        9    0.000    0.000    0.094    0.010 _base.py:1381(clear)
        9    0.000    0.000    0.094    0.010 _base.py:1254(__clear)
        1    0.000    0.000    0.093    0.093 coordinates.py:1(<module>)
    56998    0.061    0.000    0.092    0.000 generic.py:6301(__setattr__)
        1    0.000    0.000    0.092    0.092 ws.py:1(<module>)
     1519    0.001    0.000    0.092    0.000 font_manager.py:615(_from_any)
     8059    0.005    0.000    0.092    0.000 core.py:825(to_numpy)
    11508    0.025    0.000    0.092    0.000 indexing.py:1687(_convert_scalar)
     7305    0.050    0.000    0.090    0.000 inspect.py:875(cleandoc)
    19466    0.014    0.000    0.090    0.000 {method 'all' of 'numpy.ndarray' objects}
     8604    0.023    0.000    0.090    0.000 stride_tricks.py:480(broadcast_arrays)
    24163    0.027    0.000    0.090    0.000 indexes.py:1738(indexes_all_equal)
     1725    0.006    0.000    0.089    0.000 base.py:5455(append)
        1    0.000    0.000    0.089    0.089 base_events.py:1(<module>)
156518/156348    0.071    0.000    0.089    0.000 {method 'update' of 'dict' objects}
       35    0.000    0.000    0.089    0.003 _fontconfig_pattern.py:80(parse_fontconfig_pattern)
     9560    0.042    0.000    0.088    0.000 artist.py:180(__init__)
     1726    0.001    0.000    0.088    0.000 _typed_ops.py:248(__sub__)
    11219    0.041    0.000    0.087    0.000 managers.py:1402(_insert_update_mgr_locs)
      863    0.027    0.000    0.087    0.000 multi.py:2083(remove_unused_levels)
     8059    0.028    0.000    0.087    0.000 pycompat.py:99(to_numpy)
     2070    0.001    0.000    0.087    0.000 <frozen importlib._bootstrap_external>:1469(_path_importer_cache)
    39694    0.019    0.000    0.087    0.000 variable.py:245(_possibly_convert_datetime_or_timedelta_index)
    11924    0.008    0.000    0.087    0.000 fromnumeric.py:200(reshape)
       30    0.025    0.001    0.086    0.003 __init__.py:847(_rc_params_in_file)
     1726    0.030    0.000    0.086    0.000 algorithms.py:548(factorize_array)
    12945    0.021    0.000    0.086    0.000 base.py:6324(_maybe_downcast_for_indexing)
        1    0.000    0.000    0.085    0.085 _fontconfig_pattern.py:1(<module>)
      134    0.001    0.000    0.085    0.001 <frozen importlib._bootstrap_external>:1456(_path_hooks)
       25    0.000    0.000    0.085    0.003 font_manager.py:851(set_fontconfig_pattern)
    57524    0.023    0.000    0.085    0.000 dataarray.py:898(_attr_sources)
     7315    0.005    0.000    0.085    0.000 inspect.py:856(getdoc)
    66421    0.025    0.000    0.085    0.000 duck_array_ops.py:219(asarray)
        1    0.000    0.000    0.085    0.085 numerictypes.py:1(<module>)
        1    0.000    0.000    0.085    0.085 alignment.py:1(<module>)
        1    0.000    0.000    0.084    0.084 ucx.py:1(<module>)
     8087    0.018    0.000    0.084    0.000 _base.py:1171(_set_artist_props)
    14757    0.035    0.000    0.084    0.000 fromnumeric.py:40(_wrapit)
    64146    0.061    0.000    0.084    0.000 indexes.py:1469(_coord_name_id)
    14670    0.044    0.000    0.084    0.000 merge.py:459(coerce_pandas_values)
   138171    0.054    0.000    0.084    0.000 <frozen _collections_abc>:804(get)
    26998    0.011    0.000    0.083    0.000 figure.py:68(_stale_figure_callback)
    11506    0.006    0.000    0.082    0.000 dataarray.py:772(values)
    17259    0.007    0.000    0.082    0.000 coordinates.py:77(xindexes)
     1725    0.004    0.000    0.082    0.000 base.py:5491(_concat)
   124511    0.064    0.000    0.081    0.000 dataset.py:739(variables)
    18295    0.010    0.000    0.081    0.000 _methods.py:55(_any)
        6    0.000    0.000    0.080    0.013 _mathtext.py:2255(symbol)
    12954    0.014    0.000    0.080    0.000 frame.py:678(_constructor_sliced_from_mgr)
   334371    0.052    0.000    0.080    0.000 cbook.py:1695(safe_isfinite)
    64695    0.046    0.000    0.080    0.000 duck_array_ops.py:209(astype)
215100/214478    0.072    0.000    0.080    0.000 {built-in method __new__ of type object at 0x55de1ecd3660}
   448269    0.079    0.000    0.079    0.000 {method 'values' of 'dict' objects}
    25879    0.016    0.000    0.079    0.000 core.py:659(get_axis_num)
    19565    0.046    0.000    0.079    0.000 indexing.py:386(__init__)
    12945    0.007    0.000    0.079    0.000 dtypes.py:93(get_fill_value)
      332    0.001    0.000    0.078    0.000 ticker.py:2138(__call__)
     1266    0.078    0.000    0.078    0.000 results.py:148(__new__)
      427    0.001    0.000    0.078    0.000 results.py:554(copy)
       80    0.001    0.000    0.077    0.001 axis.py:469(__init__)
     6907    0.025    0.000    0.077    0.000 coordinates.py:461(_merge_raw)
    10356    0.003    0.000    0.077    0.000 computation.py:1252(<genexpr>)
   256028    0.077    0.000    0.077    0.000 variable.py:890(encoding)
        1    0.000    0.000    0.077    0.077 duck_array_ops.py:1(<module>)
        1    0.000    0.000    0.076    0.076 versions.py:1(<module>)
        1    0.000    0.000    0.076    0.076 defmatrix.py:1(<module>)
    19466    0.009    0.000    0.076    0.000 _methods.py:61(_all)
321850/313165    0.053    0.000    0.076    0.000 {built-in method builtins.hash}
    11508    0.006    0.000    0.076    0.000 variable.py:537(values)
       78    0.001    0.000    0.075    0.001 axis.py:412(__init__)
     1726    0.023    0.000    0.075    0.000 dataset.py:1426(_copy_listed)
        2    0.000    0.000    0.075    0.037 variable.py:1(<module>)
    15780    0.011    0.000    0.075    0.000 artist.py:923(_set_gc_clip)
     8799    0.057    0.000    0.074    0.000 shape_base.py:612(column_stack)
        2    0.000    0.000    0.074    0.037 collections.py:1(<module>)
    12945    0.011    0.000    0.074    0.000 base.py:6415(_is_comparable_dtype)
   106287    0.048    0.000    0.074    0.000 enum.py:726(__call__)
        1    0.000    0.000    0.073    0.073 _type_aliases.py:1(<module>)
   595678    0.073    0.000    0.073    0.000 {built-in method builtins.id}
   166543    0.048    0.000    0.073    0.000 utils.py:429(__iter__)
    12954    0.055    0.000    0.073    0.000 managers.py:1012(iget)
     3469    0.029    0.000    0.073    0.000 __init__.py:339(__init__)
        5    0.000    0.000    0.073    0.015 _mathtext.py:2437(subsuper)
        3    0.000    0.000    0.073    0.024 _mathtext.py:404(get_xheight)
    15165    0.015    0.000    0.072    0.000 _ufunc_config.py:430(__enter__)
     8536    0.010    0.000    0.072    0.000 transforms.py:794(unit)
    10899    0.056    0.000    0.072    0.000 cbook.py:1743(normalize_kwargs)
        2    0.000    0.000    0.072    0.036 core.py:206(read_style_directory)
        2    0.000    0.000    0.071    0.036 _pickle.py:1(<module>)
   105430    0.041    0.000    0.071    0.000 numerictypes.py:283(issubclass_)
    12945    0.027    0.000    0.071    0.000 dtypes.py:48(maybe_promote)
    31931    0.022    0.000    0.070    0.000 multi.py:830(__len__)
    11508    0.007    0.000    0.070    0.000 variable.py:324(_as_array_or_item)
      980    0.003    0.000    0.070    0.000 backend_agg.py:250(_prepare_font)
        1    0.000    0.000    0.070    0.070 worker_memory.py:1(<module>)
       66    0.001    0.000    0.070    0.001 spines.py:142(get_window_extent)
        1    0.000    0.000    0.068    0.068 _merge.py:1(<module>)
        1    0.000    0.000    0.068    0.068 ioloop.py:1(<module>)
     1726    0.008    0.000    0.068    0.000 multi.py:325(__new__)
    96922    0.051    0.000    0.068    0.000 __init__.py:99(check_in_list)
        1    0.000    0.000    0.067    0.067 requirements.py:1(<module>)
   186535    0.041    0.000    0.067    0.000 <frozen _collections_abc>:868(__iter__)
    25812    0.030    0.000    0.067    0.000 lines.py:1197(_set_markercolor)
        8    0.000    0.000    0.066    0.008 _axes.py:204(legend)
      862    0.002    0.000    0.066    0.000 variable.py:2794(_data_equals)
    43441    0.020    0.000    0.066    0.000 utils.py:573(ndim)
        1    0.000    0.000    0.066    0.066 spill.py:1(<module>)
     1724    0.002    0.000    0.065    0.000 indexes.py:795(equals)
        1    0.000    0.000    0.065    0.065 linalg.py:1(<module>)
     2587    0.019    0.000    0.065    0.000 missing.py:466(array_equivalent)
    15563    0.016    0.000    0.064    0.000 transforms.py:1833(frozen)
    36246    0.064    0.000    0.064    0.000 indexing.py:1362(<genexpr>)
    11228    0.043    0.000    0.064    0.000 base.py:5323(__contains__)
        1    0.000    0.000    0.064    0.064 web.py:1(<module>)
    12945    0.024    0.000    0.064    0.000 blocks.py:2703(new_block_2d)
        1    0.000    0.000    0.063    0.063 concurrent.py:1(<module>)
      352    0.001    0.000    0.063    0.000 _parser.py:969(parse)
     1726    0.001    0.000    0.063    0.000 dataarray.py:1205(copy)
     8604    0.031    0.000    0.062    0.000 lines.py:1138(set_linestyle)
     8056    0.016    0.000    0.062    0.000 merge.py:385(merge_coordinates_without_align)
        1    0.000    0.000    0.062    0.062 dask_array_ops.py:1(<module>)
      332    0.001    0.000    0.062    0.000 ticker.py:2142(tick_values)
    15780    0.011    0.000    0.062    0.000 backend_bases.py:934(set_clip_path)
     1726    0.006    0.000    0.062    0.000 dataarray.py:1275(_copy)
    25890    0.047    0.000    0.062    0.000 numeric.py:1330(normalize_axis_tuple)
    87470    0.043    0.000    0.062    0.000 variable.py:181(_maybe_wrap_data)
        3    0.000    0.000    0.062    0.021 shape_base.py:23(atleast_1d)
      223    0.000    0.000    0.061    0.000 artist.py:1422(__init__)
        2    0.000    0.000    0.061    0.031 category.py:1(<module>)
     2361    0.002    0.000    0.061    0.000 artist.py:147(<lambda>)
  951/352    0.003    0.000    0.061    0.000 _parser.py:452(_parse_sub)
    25877    0.026    0.000    0.061    0.000 core.py:677(_get_axis_num)
    14682    0.043    0.000    0.061    0.000 generic.py:6236(__finalize__)
    89756    0.049    0.000    0.061    0.000 common.py:1331(is_ea_or_datetimelike_dtype)
      223    0.019    0.000    0.061    0.000 artist.py:1442(get_aliases)
    60428    0.040    0.000    0.060    0.000 construction.py:696(_sanitize_ndim)
 1953/374    0.023    0.000    0.060    0.000 _parser.py:512(_parse)
   321874    0.056    0.000    0.060    0.000 {built-in method builtins.iter}
     2361    0.002    0.000    0.060    0.000 artist.py:1223(set)
   486616    0.054    0.000    0.060    0.000 utils.py:426(__getitem__)
      863    0.041    0.000    0.059    0.000 multi.py:1193(_engine)
        1    0.000    0.000    0.059    0.059 py3k.py:1(<module>)
    26056    0.012    0.000    0.059    0.000 artist.py:269(convert_xunits)
        2    0.000    0.000    0.059    0.030 log.py:1(<module>)
     3456    0.003    0.000    0.059    0.000 coordinates.py:733(__getitem__)
        4    0.000    0.000    0.058    0.015 pyplot.py:2538(gca)
        4    0.000    0.000    0.058    0.015 figure.py:1647(gca)
    19675    0.008    0.000    0.058    0.000 transforms.py:1782(transform)
25882/479    0.025    0.000    0.058    0.000 copy.py:118(deepcopy)
     3452    0.019    0.000    0.058    0.000 computation.py:205(build_output_coords_and_indexes)
        2    0.000    0.000    0.058    0.029 _adapters.py:1(<module>)
      382    0.001    0.000    0.057    0.000 lines.py:1336(update_from)
   126889    0.039    0.000    0.057    0.000 inference.py:334(is_hashable)
     8058    0.007    0.000    0.057    0.000 dataarray.py:571(_from_temp_dataset)
 1722/479    0.007    0.000    0.057    0.000 copy.py:217(_deepcopy_dict)
    27013    0.014    0.000    0.057    0.000 pyplot.py:966(_auto_draw_if_interactive)
    41595    0.031    0.000    0.057    0.000 {built-in method fromkeys}
    84958    0.037    0.000    0.057    0.000 base.py:209(is_dask_collection)
        1    0.000    0.000    0.057    0.057 algorithms.py:1(<module>)
      332    0.009    0.000    0.056    0.000 ticker.py:2077(_raw_ticks)
    16712    0.008    0.000    0.056    0.000 axis.py:1758(convert_units)
      9/2    0.000    0.000    0.056    0.028 _build_tlz.py:54(exec_module)
    86298    0.032    0.000    0.056    0.000 pycompat.py:81(array_type)
        1    0.000    0.000    0.055    0.055 multiarray.py:1(<module>)
     8059    0.010    0.000    0.055    0.000 transforms.py:858(update_from_path)
    65367    0.055    0.000    0.055    0.000 {method 'reshape' of 'numpy.ndarray' objects}
    39114    0.032    0.000    0.055    0.000 dataarray.py:904(_item_sources)
13354/13042    0.011    0.000    0.055    0.000 contextlib.py:141(__exit__)
3458/1729    0.007    0.000    0.055    0.000 {built-in method _operator.truediv}
    92048    0.042    0.000    0.055    0.000 <frozen _collections_abc>:823(items)
        1    0.000    0.000    0.055    0.055 describe.py:1(<module>)
     9804    0.009    0.000    0.054    0.000 transforms.py:1998(rotate_deg)
     1729    0.001    0.000    0.054    0.000 _typed_ops.py:499(__truediv__)
    45153    0.019    0.000    0.054    0.000 transforms.py:158(invalidate)
   180605    0.054    0.000    0.054    0.000 transforms.py:113(__init__)
   246219    0.054    0.000    0.054    0.000 {function RcParams.__getitem__ at 0x7fb1fa366020}
    38835    0.010    0.000    0.054    0.000 base.py:2776(_is_multi)
    10373    0.022    0.000    0.054    0.000 common.py:1596(pandas_dtype)
        3    0.000    0.000    0.053    0.018 datetimes.py:1(<module>)
    54/36    0.000    0.000    0.053    0.001 axis.py:575(__get__)
    15398    0.005    0.000    0.053    0.000 lines.py:726(_get_transformed_path)
    10755    0.014    0.000    0.053    0.000 lines.py:1270(set_xdata)
        1    0.000    0.000    0.053    0.053 axes3d.py:1(<module>)
    37419    0.041    0.000    0.052    0.000 base.py:5373(__getitem__)
    15165    0.014    0.000    0.052    0.000 _ufunc_config.py:435(__exit__)
46269/46265    0.013    0.000    0.052    0.000 transforms.py:2592(get_matrix)
        1    0.000    0.000    0.052    0.052 overrides.py:1(<module>)
   289641    0.052    0.000    0.052    0.000 {method 'add' of 'set' objects}
    33155    0.016    0.000    0.052    0.000 __init__.py:164(match)
    19863    0.043    0.000    0.051    0.000 generic.py:278(__init__)
    13812    0.012    0.000    0.051    0.000 dataarray.py:966(xindexes)
        1    0.000    0.000    0.051    0.051 _tokenizer.py:1(<module>)
     2453    0.009    0.000    0.051    0.000 <frozen importlib._bootstrap>:304(acquire)
     8860    0.030    0.000    0.051    0.000 __init__.py:132(check_shape)
      104    0.000    0.000    0.051    0.000 axis.py:1576(_copy_tick_props)
    15398    0.014    0.000    0.051    0.000 transforms.py:2746(_revalidate)
     8215    0.017    0.000    0.050    0.000 transforms.py:1084(__init__)
     1726    0.006    0.000    0.050    0.000 base.py:6370(_find_common_type_compat)
        3    0.000    0.000    0.050    0.017 __init__.py:117(safe_load)
        3    0.000    0.000    0.050    0.017 __init__.py:74(load)
     1726    0.002    0.000    0.050    0.000 algorithms.py:262(_get_hashtable_algo)
3186/2952    0.003    0.000    0.050    0.000 typing.py:392(inner)
   250549    0.050    0.000    0.050    0.000 core.py:505(attrs)
    59243    0.024    0.000    0.050    0.000 colors.py:216(_is_nth_color)
   264722    0.050    0.000    0.050    0.000 {method 'copy' of 'dict' objects}
    27625    0.040    0.000    0.050    0.000 utils.py:806(drop_dims_from_indexers)
    90231    0.048    0.000    0.049    0.000 {built-in method builtins.min}
     3696    0.003    0.000    0.049    0.000 transforms.py:804(from_bounds)
3452/1726    0.005    0.000    0.049    0.000 {built-in method _operator.sub}
     8097    0.025    0.000    0.049    0.000 _base.py:2516(_process_unit_info)
        3    0.000    0.000    0.049    0.016 constructor.py:47(get_single_data)
    11508    0.013    0.000    0.049    0.000 utils.py:323(to_0d_array)
     8604    0.009    0.000    0.049    0.000 lines.py:1053(set_color)
    79388    0.036    0.000    0.049    0.000 base.py:1765(_get_names)
       94    0.001    0.000    0.049    0.001 axis.py:944(set_tick_params)
        3    0.000    0.000    0.049    0.016 _mathtext.py:451(__init__)
      166    0.002    0.000    0.049    0.000 axis.py:1497(get_minorticklocs)
     1726    0.001    0.000    0.049    0.000 _typed_ops.py:472(__sub__)
     8446    0.008    0.000    0.048    0.000 lines.py:711(_transform_path)
    12945    0.025    0.000    0.048    0.000 base.py:3996(_check_indexing_method)
    16712    0.017    0.000    0.048    0.000 units.py:56(_is_natively_supported)
    49670    0.041    0.000    0.048    0.000 {built-in method builtins.max}
    57820    0.032    0.000    0.048    0.000 common.py:131(<lambda>)
        9    0.000    0.000    0.048    0.005 _build_tlz.py:15(_load_toolz)
        3    0.000    0.000    0.047    0.016 composer.py:29(get_single_node)
        8    0.001    0.000    0.047    0.006 legend.py:354(__init__)
      863    0.001    0.000    0.047    0.000 multi.py:1316(view)
        1    0.000    0.000    0.047    0.047 tcp.py:1(<module>)
        2    0.000    0.000    0.047    0.023 composer.py:50(compose_document)
    529/2    0.001    0.000    0.047    0.023 composer.py:63(compose_node)
     69/2    0.000    0.000    0.046    0.023 composer.py:117(compose_mapping_node)
    95787    0.023    0.000    0.046    0.000 common.py:1590(<genexpr>)
      863    0.004    0.000    0.046    0.000 multi.py:1248(copy)
      999    0.004    0.000    0.046    0.000 font_manager.py:1525(get_font)
   544091    0.046    0.000    0.046    0.000 copy.py:102(_copy_immutable)
     1210    0.001    0.000    0.046    0.000 inspect.py:3308(signature)
      166    0.000    0.000    0.046    0.000 axis.py:1493(get_majorticklocs)
      458    0.001    0.000    0.045    0.000 text.py:104(__init__)
        1    0.000    0.000    0.045    0.045 pyplot.py:1459(subplots)
     1210    0.001    0.000    0.045    0.000 inspect.py:3050(from_callable)
    12955    0.011    0.000    0.045    0.000 generic.py:339(_from_mgr)
        1    0.000    0.000    0.045    0.045 figure.py:799(subplots)
        1    0.000    0.000    0.045    0.045 gridspec.py:264(subplots)
        1    0.000    0.000    0.045    0.045 string_.py:1(<module>)
     4900    0.003    0.000    0.045    0.000 font_manager.py:899(copy)
     1250    0.001    0.000    0.045    0.000 <frozen importlib._bootstrap>:416(__enter__)
        1    0.000    0.000    0.044    0.044 secrets.py:1(<module>)
        1    0.001    0.001    0.044    0.044 compute.py:306(_make_global_functions)
       27    0.000    0.000    0.044    0.002 _base.py:3157(grid)
        1    0.000    0.000    0.044    0.044 message.py:1(<module>)
     8059    0.041    0.000    0.044    0.000 {built-in method matplotlib._path.update_path_extents}
       54    0.000    0.000    0.044    0.001 axis.py:1658(grid)
     8604    0.043    0.000    0.044    0.000 stride_tricks.py:416(_broadcast_shape)
        8    0.001    0.000    0.044    0.006 legend.py:854(_init_legend_box)
1612/1210    0.007    0.000    0.044    0.000 inspect.py:2470(_signature_from_callable)
        3    0.000    0.000    0.044    0.015 dtypes.py:1(<module>)
      261    0.001    0.000    0.044    0.000 compute.py:290(_wrap_function)
    16120    0.027    0.000    0.044    0.000 _base.py:852(_request_autoscale_view)
     1593    0.001    0.000    0.043    0.000 parser.py:94(check_event)
        1    0.000    0.000    0.043    0.043 _json.py:1(<module>)
        1    0.000    0.000    0.043    0.043 series.py:1(<module>)
        1    0.000    0.000    0.043    0.043 patches.py:1(<module>)
    16422    0.022    0.000    0.043    0.000 warnings.py:182(_add_filter)
      134    0.001    0.000    0.043    0.000 <frozen zipimport>:64(__init__)
     9804    0.023    0.000    0.043    0.000 transforms.py:1975(rotate)
    27014    0.010    0.000    0.043    0.000 __init__.py:1285(is_interactive)
    59157    0.043    0.000    0.043    0.000 {method 'ravel' of 'numpy.ndarray' objects}
    11219    0.032    0.000    0.043    0.000 managers.py:2311(_fast_count_smallints)
     9789    0.014    0.000    0.043    0.000 indexing.py:1670(__array__)
        1    0.000    0.000    0.043    0.043 ewm.py:1(<module>)
    17026    0.033    0.000    0.043    0.000 transforms.py:2043(scale)
      352    0.001    0.000    0.042    0.000 _compiler.py:573(_code)
     1729    0.024    0.000    0.042    0.000 cast.py:124(maybe_convert_platform)
    16394    0.016    0.000    0.042    0.000 inference.py:273(is_dict_like)
       60    0.000    0.000    0.042    0.001 __init__.py:829(_open_file_or_url)
        1    0.000    0.000    0.042    0.042 file_manager.py:1(<module>)
      134    0.000    0.000    0.042    0.000 <frozen importlib._bootstrap_external>:1685(path_hook_for_FileFinder)
     9152    0.007    0.000    0.042    0.000 colors.py:240(_check_color_like)
    24163    0.018    0.000    0.042    0.000 fromnumeric.py:1768(ravel)
     6572    0.011    0.000    0.041    0.000 copy.py:247(_reconstruct)
    11940    0.011    0.000    0.041    0.000 lines.py:1291(set_ydata)
   261258    0.041    0.000    0.041    0.000 fromnumeric.py:2096(_clip_dispatcher)
    66053    0.024    0.000    0.041    0.000 function_base.py:348(iterable)
     8231    0.013    0.000    0.041    0.000 transforms.py:2576(__init__)
     1726    0.008    0.000    0.041    0.000 algorithms.py:1452(safe_sort)
       33    0.000    0.000    0.041    0.001 <frozen genericpath>:27(isfile)
    12945    0.007    0.000    0.041    0.000 frame.py:1643(__len__)
    19753    0.017    0.000    0.041    0.000 transforms.py:1849(transform_affine)
      136    0.000    0.000    0.041    0.000 <frozen importlib._bootstrap_external>:164(_path_isdir)
    29352    0.023    0.000    0.041    0.000 utils.py:182(either_dict_or_kwargs)
    26050    0.010    0.000    0.040    0.000 artist.py:281(convert_yunits)
        2    0.000    0.000    0.040    0.020 format.py:1(<module>)
    12236    0.026    0.000    0.040    0.000 font_manager.py:638(__hash__)
   435976    0.040    0.000    0.040    0.000 typing.py:2154(cast)
    16650    0.021    0.000    0.040    0.000 transforms.py:2030(translate)
        2    0.000    0.000    0.040    0.020 system.py:1(<module>)
      223    0.012    0.000    0.040    0.000 artist.py:1517(get_setters)
    83436    0.029    0.000    0.040    0.000 variable.py:630(<genexpr>)
        1    0.000    0.000    0.039    0.039 dataset.py:1(<module>)
        3    0.000    0.000    0.039    0.013 locks.py:1(<module>)
        1    0.000    0.000    0.039    0.039 font_manager.py:1(<module>)
      980    0.003    0.000    0.039    0.000 font_manager.py:1303(_find_fonts_by_props)
    32512    0.024    0.000    0.039    0.000 indexing.py:860(as_indexable)
     1726    0.004    0.000    0.038    0.000 cast.py:1284(find_result_type)
   211973    0.038    0.000    0.038    0.000 indexes.py:1662(__getitem__)
    85437    0.030    0.000    0.038    0.000 managers.py:1392(<genexpr>)
        1    0.000    0.000    0.038    0.038 specifiers.py:1(<module>)
     1724    0.001    0.000    0.038    0.000 indexes.py:1765(<genexpr>)
     8625    0.019    0.000    0.037    0.000 missing.py:261(_isna_array)
   268337    0.037    0.000    0.037    0.000 utils.py:423(__init__)
    62135    0.028    0.000    0.037    0.000 <frozen _collections_abc>:819(keys)
    12947    0.025    0.000    0.037    0.000 variable.py:665(_validate_indexers)
    53791    0.027    0.000    0.037    0.000 merge.py:156(_assert_compat_valid)
    45705    0.017    0.000    0.037    0.000 concat.py:342(<genexpr>)
     8560    0.012    0.000    0.037    0.000 transforms.py:2731(__init__)
        1    0.000    0.000    0.037    0.037 PngImagePlugin.py:1(<module>)
    14245    0.037    0.000    0.037    0.000 {built-in method numpy.arange}
     8604    0.005    0.000    0.037    0.000 lines.py:1221(set_markerfacecolor)
    63003    0.030    0.000    0.036    0.000 construction.py:481(ensure_wrapped_if_datetimelike)
        2    0.000    0.000    0.036    0.018 _core.py:1(<module>)
        1    0.000    0.000    0.036    0.036 datatree.py:1(<module>)
     1496    0.005    0.000    0.036    0.000 textwrap.py:419(dedent)
     4126    0.003    0.000    0.036    0.000 scanner.py:113(check_token)
    60428    0.027    0.000    0.036    0.000 construction.py:735(_sanitize_str_dtypes)
     3454    0.014    0.000    0.036    0.000 managers.py:1863(from_array)
     9564    0.008    0.000    0.036    0.000 colors.py:221(is_color_like)
    12945    0.017    0.000    0.036    0.000 blocks.py:2811(ensure_block_shape)
     2453    0.003    0.000    0.036    0.000 <frozen importlib._bootstrap>:162(__enter__)
     5770    0.003    0.000    0.036    0.000 __init__.py:174(search)
     3356    0.003    0.000    0.036    0.000 fromnumeric.py:2512(cumsum)
    12945    0.007    0.000    0.036    0.000 frame.py:4585(_ensure_valid_index)
     8920    0.015    0.000    0.035    0.000 markers.py:257(_recache)
     9625    0.009    0.000    0.035    0.000 artist.py:730(set_figure)
60050/45153    0.028    0.000    0.035    0.000 transforms.py:167(_invalidate_internal)
    16399    0.019    0.000    0.035    0.000 blocks.py:2645(maybe_coerce_values)
    66469    0.028    0.000    0.035    0.000 construction.py:416(extract_array)
    64462    0.025    0.000    0.035    0.000 utils.py:218(__hash__)
    73335    0.022    0.000    0.035    0.000 utils.py:700(hashable)
        2    0.000    0.000    0.035    0.017 testing.py:1(<module>)
    24179    0.009    0.000    0.035    0.000 cbook.py:1735(sanitize_sequence)
     9785    0.014    0.000    0.034    0.000 indexes.py:711(isel)
        1    0.000    0.000    0.034    0.034 pathlib.py:1(<module>)
     1724    0.003    0.000    0.034    0.000 variable.py:2803(_to_index)
        3    0.000    0.000    0.034    0.011 readers.py:1(<module>)
        2    0.000    0.000    0.034    0.017 loader.py:1(<module>)
    98367    0.025    0.000    0.034    0.000 merge.py:83(unique_variable)
    27620    0.018    0.000    0.034    0.000 coordinates.py:103(__contains__)
     8225    0.012    0.000    0.034    0.000 patches.py:738(_convert_units)
     8674    0.007    0.000    0.034    0.000 lines.py:732(set_transform)
        1    0.000    0.000    0.033    0.033 compression.py:1(<module>)
     8860    0.012    0.000    0.033    0.000 path.py:202(_update_values)
        9    0.000    0.000    0.033    0.004 _base.py:729(__init_subclass__)
 2980/352    0.012    0.000    0.033    0.000 _compiler.py:37(_compile)
        1    0.000    0.000    0.033    0.033 array_ops.py:1(<module>)
    96656    0.033    0.000    0.033    0.000 base.py:831(_reset_identity)
    12221    0.006    0.000    0.032    0.000 variable.py:433(data)
    30330    0.029    0.000    0.032    0.000 _ufunc_config.py:132(geterr)
   239903    0.026    0.000    0.032    0.000 base.py:5144(_values)
    47175    0.024    0.000    0.032    0.000 dataset.py:784(dims)
        1    0.000    0.000    0.032    0.032 nputils.py:1(<module>)
    31117    0.028    0.000    0.032    0.000 warnings.py:482(__enter__)
    34856    0.018    0.000    0.032    0.000 cbook.py:1337(_to_unmasked_float_array)
     2453    0.026    0.000    0.032    0.000 <frozen importlib._bootstrap>:124(setdefault)
      862    0.002    0.000    0.031    0.000 variable.py:1761(equals)
        4    0.000    0.000    0.031    0.008 utils.py:38(module_available)
        2    0.000    0.000    0.031    0.015 __init__.py:882(version)
    12954    0.012    0.000    0.031    0.000 series.py:1471(_set_as_cached)
        1    0.000    0.000    0.031    0.031 scale.py:1(<module>)
     8060    0.010    0.000    0.031    0.000 _base.py:314(_getdefaults)
    50192    0.031    0.000    0.031    0.000 {built-in method numpy.empty}
      862    0.002    0.000    0.031    0.000 indexes.py:1699(indexes_equal)
        3    0.000    0.000    0.030    0.010 subprocess.py:1(<module>)
        2    0.000    0.000    0.030    0.015 __init__.py:12(__getattr__)
    27617    0.020    0.000    0.030    0.000 base.py:456(_engine_type)
       59    0.000    0.000    0.030    0.001 dataclasses.py:1257(wrap)
       59    0.002    0.000    0.030    0.001 dataclasses.py:921(_process_class)
      261    0.002    0.000    0.030    0.000 compute.py:120(_decorate_compute_function)
    44878    0.030    0.000    0.030    0.000 base.py:591(_ensure_array)
    16126    0.024    0.000    0.030    0.000 core.py:671(getdata)
    12098    0.005    0.000    0.030    0.000 common.py:568(require_length_match)
        2    0.000    0.000    0.029    0.015 categorical.py:1(<module>)
      204    0.001    0.000    0.029    0.000 _mathtext.py:347(_get_font)
    62560    0.029    0.000    0.029    0.000 {method 'match' of 're.Pattern' objects}
    14671    0.016    0.000    0.029    0.000 base.py:5295(_validate_fill_value)
     9286    0.006    0.000    0.029    0.000 artist.py:437(set_transform)
    18413    0.023    0.000    0.029    0.000 indexing.py:347(as_integer_slice)
    13359    0.011    0.000    0.029    0.000 contextlib.py:299(helper)
     4017    0.002    0.000    0.029    0.000 font_manager.py:649(__eq__)
      758    0.002    0.000    0.029    0.000 scanner.py:156(fetch_more_tokens)
     1726    0.010    0.000    0.029    0.000 cast.py:1433(find_common_type)
     1726    0.003    0.000    0.029    0.000 astype.py:157(astype_array)
   245748    0.028    0.000    0.028    0.000 {built-in method builtins.callable}
    13441    0.028    0.000    0.028    0.000 {method 'search' of 're.Pattern' objects}
   334371    0.028    0.000    0.028    0.000 {built-in method math.isfinite}
        1    0.000    0.000    0.028    0.028 textpath.py:1(<module>)
     1195    0.009    0.000    0.028    0.000 inspect.py:2366(_signature_from_function)
8293/8289    0.026    0.000    0.028    0.000 transforms.py:368(bounds)
    12945    0.013    0.000    0.028    0.000 series.py:978(__array__)
       18    0.000    0.000    0.028    0.002 axis.py:1108(set_clip_path)
    41139    0.022    0.000    0.028    0.000 dataset.py:1991(coords)
    30189    0.028    0.000    0.028    0.000 {method 'fill' of 'numpy.ndarray' objects}
     1724    0.006    0.000    0.028    0.000 base.py:1809(set_names)
    16398    0.010    0.000    0.028    0.000 missing.py:728(is_valid_na_for_dtype)
     5183    0.006    0.000    0.027    0.000 config.py:145(_get_option)
      216    0.001    0.000    0.027    0.000 _itertools.py:4(unique_everseen)
    83436    0.018    0.000    0.027    0.000 variable.py:625(<genexpr>)
     4315    0.009    0.000    0.027    0.000 cast.py:1519(construct_1d_arraylike_from_scalar)
     7236    0.005    0.000    0.027    0.000 fromnumeric.py:2421(all)
    51780    0.016    0.000    0.027    0.000 generic.py:667(_info_axis)
     1726    0.008    0.000    0.027    0.000 multi.py:903(_set_levels)
        1    0.000    0.000    0.027    0.027 async_buffer.py:1(<module>)
     1726    0.005    0.000    0.027    0.000 algorithms.py:106(_ensure_data)
   180350    0.027    0.000    0.027    0.000 base.py:1671(name)
        2    0.000    0.000    0.027    0.013 formatting.py:1(<module>)
      494    0.003    0.000    0.027    0.000 text.py:157(_reset_visual_defaults)
   103515    0.020    0.000    0.027    0.000 duck_array_ops.py:239(<genexpr>)
      332    0.002    0.000    0.027    0.000 ticker.py:213(format_ticks)
    32512    0.012    0.000    0.027    0.000 variable.py:594(_item_key_to_tuple)
    17369    0.011    0.000    0.026    0.000 lines.py:75(_scale_dashes)
        1    0.000    0.000    0.026    0.026 eval.py:1(<module>)
        1    0.000    0.000    0.026    0.026 numpy_.py:1(<module>)
    38545    0.017    0.000    0.026    0.000 dataarray.py:831(dims)
        1    0.000    0.000    0.026    0.026 compiler.py:1(<module>)
       70    0.000    0.000    0.026    0.000 legend_handler.py:103(legend_artist)
     5175    0.014    0.000    0.026    0.000 concat.py:411(<genexpr>)
     8604    0.011    0.000    0.026    0.000 lines.py:1123(set_linewidth)
    36827    0.021    0.000    0.026    0.000 dataarray.py:973(coords)
        1    0.000    0.000    0.026    0.026 ticker.py:1(<module>)
        1    0.000    0.000    0.026    0.026 axis.py:1(<module>)
    11608    0.012    0.000    0.026    0.000 numeric.py:1855(isscalar)
       20    0.000    0.000    0.026    0.001 __init__.py:794(<genexpr>)
       19    0.000    0.000    0.026    0.001 __init__.py:692(search)
      136    0.000    0.000    0.026    0.000 _docstring.py:38(__call__)
    47190    0.020    0.000    0.026    0.000 variable.py:1032(<genexpr>)
     1727    0.005    0.000    0.025    0.000 series.py:6459(any)
     8604    0.013    0.000    0.025    0.000 lines.py:1407(set_dash_capstyle)
  126/115    0.000    0.000    0.025    0.000 _docstring.py:79(__call__)
       70    0.001    0.000    0.025    0.000 legend_handler.py:285(create_artists)
   161360    0.025    0.000    0.025    0.000 core.py:512(attrs)
        1    0.000    0.000    0.025    0.025 art3d.py:1(<module>)
     1726    0.010    0.000    0.025    0.000 astype.py:56(_astype_nansafe)
     1726    0.005    0.000    0.025    0.000 dtypes.py:586(update_dtype)
     8604    0.003    0.000    0.025    0.000 lines.py:1211(set_markeredgecolor)
    95724    0.020    0.000    0.025    0.000 concat.py:578(<genexpr>)
    16395    0.017    0.000    0.025    0.000 alignment.py:500(_get_dim_pos_indexers)
    31117    0.021    0.000    0.025    0.000 warnings.py:503(__exit__)
    36246    0.020    0.000    0.025    0.000 alignment.py:72(<genexpr>)
1197/1148    0.004    0.000    0.025    0.000 _base.py:833(_unstale_viewLim)
      180    0.000    0.000    0.025    0.000 core.py:3066(parseImpl)
  668/494    0.000    0.000    0.024    0.000 typing.py:508(__getitem__)
    86298    0.017    0.000    0.024    0.000 pycompat.py:72(_get_cached_duck_array_module)
       24    0.000    0.000    0.024    0.001 <frozen genericpath>:16(exists)
   141784    0.024    0.000    0.024    0.000 utils.py:435(__contains__)
    10356    0.003    0.000    0.024    0.000 computation.py:739(<genexpr>)
   106282    0.024    0.000    0.024    0.000 enum.py:1129(__new__)
1184/1148    0.001    0.000    0.024    0.000 _base.py:847(viewLim)
     9302    0.009    0.000    0.024    0.000 markers.py:282(_set_fillstyle)
    25890    0.022    0.000    0.024    0.000 base.py:2744(inferred_type)
    63207    0.019    0.000    0.024    0.000 {method 'pop' of 'dict' objects}
      220    0.002    0.000    0.024    0.000 axis.py:2757(get_tick_space)
1012/1004    0.001    0.000    0.024    0.000 axis.py:2265(getter)
       34    0.000    0.000    0.024    0.001 traceback.py:399(_extract_from_extended_frame_gen)
    34/17    0.000    0.000    0.023    0.001 functools.py:979(__get__)
    12947    0.016    0.000    0.023    0.000 indexing.py:919(_outer_to_numpy_indexer)
        1    0.000    0.000    0.023    0.023 buffer.py:1(<module>)
       17    0.000    0.000    0.023    0.001 core.py:3055(re_match)
     1727    0.004    0.000    0.023    0.000 construction.py:96(arrays_to_mgr)
       17    0.000    0.000    0.023    0.001 core.py:3045(re)
    25877    0.017    0.000    0.023    0.000 core.py:1135(_raise_if_any_duplicate_dimensions)
    12945    0.004    0.000    0.023    0.000 series.py:707(dtype)
        1    0.000    0.000    0.023    0.023 calendar_ops.py:1(<module>)
    70489    0.014    0.000    0.023    0.000 variable.py:634(<genexpr>)
     1726    0.003    0.000    0.023    0.000 take.py:59(take_nd)
    45457    0.023    0.000    0.023    0.000 indexing.py:326(__init__)
        5    0.000    0.000    0.023    0.005 pyplot.py:777(figure)
        2    0.000    0.000    0.023    0.011 datetimelike.py:1(<module>)
        1    0.000    0.000    0.022    0.022 _mathtext.py:1974(__init__)
        5    0.000    0.000    0.022    0.004 pyplot.py:462(new_figure_manager)
     3454    0.002    0.000    0.022    0.000 generic.py:511(_validate_dtype)
        1    0.000    0.000    0.022    0.022 shutil.py:1(<module>)
        2    0.000    0.000    0.022    0.011 ElementTree.py:1(<module>)
       97    0.000    0.000    0.022    0.000 compute.py:113(_scrape_options_class_doc)
       59    0.000    0.000    0.022    0.000 dataclasses.py:1240(dataclass)
   157006    0.022    0.000    0.022    0.000 dataset.py:442(<genexpr>)
        1    0.000    0.000    0.022    0.022 _internal.py:1(<module>)
      307    0.001    0.000    0.022    0.000 parser.py:427(parse_block_mapping_key)
    89214    0.022    0.000    0.022    0.000 __init__.py:34(using_copy_on_write)
     1196    0.004    0.000    0.022    0.000 <frozen importlib._bootstrap>:733(_init_module_attrs)
      489    0.002    0.000    0.022    0.000 typing.py:687(Union)
       97    0.000    0.000    0.022    0.000 docscrape.py:146(__init__)
   141964    0.022    0.000    0.022    0.000 {method 'startswith' of 'str' objects}
     1134    0.004    0.000    0.022    0.000 typing.py:1242(__init__)
      624    0.001    0.000    0.022    0.000 artist.py:1229(_cm_set)
        1    0.000    0.000    0.022    0.022 multiprocessing.py:1(<module>)
   154241    0.022    0.000    0.022    0.000 <frozen _collections_abc>:845(__init__)
        1    0.000    0.000    0.022    0.022 _comms.py:1(<module>)
    16260    0.021    0.000    0.021    0.000 {method '__copy__' of 'numpy.ndarray' objects}
        2    0.000    0.000    0.021    0.011 transforms.py:1(<module>)
     1726    0.006    0.000    0.021    0.000 algorithms.py:280(_check_object_for_strings)
      165    0.002    0.000    0.021    0.000 transforms.py:651(union)
    56957    0.014    0.000    0.021    0.000 common.py:123(<lambda>)
    10504    0.011    0.000    0.021    0.000 cbook.py:1324(is_math_text)
     6907    0.009    0.000    0.021    0.000 variable.py:2909(_broadcast_compat_data)
32236/16118    0.017    0.000    0.021    0.000 transforms.py:2397(<lambda>)
     3454    0.009    0.000    0.021    0.000 _dtype.py:346(_name_get)
    52934    0.014    0.000    0.021    0.000 indexes.py:1653(__iter__)
        2    0.000    0.000    0.021    0.010 events.py:1(<module>)
        1    0.000    0.000    0.021    0.021 worker_state_machine.py:1(<module>)
       12    0.000    0.000    0.021    0.002 _docstring.py:51(__missing__)
        1    0.000    0.000    0.021    0.021 tags.py:1(<module>)
    27617    0.014    0.000    0.020    0.000 common.py:1040(needs_i8_conversion)
     1726    0.005    0.000    0.020    0.000 multi.py:1085(_set_codes)
    31065    0.016    0.000    0.020    0.000 indexes.py:1491(variables)
     2124    0.007    0.000    0.020    0.000 <frozen importlib._bootstrap_external>:482(cache_from_source)
    15306    0.007    0.000    0.020    0.000 artist.py:625(get_snap)
        3    0.000    0.000    0.020    0.007 types.py:1(<module>)
        1    0.000    0.000    0.020    0.020 initialise.py:1(<module>)
        9    0.000    0.000    0.020    0.002 pyplot.py:439(_warn_if_gui_out_of_main_thread)
       23    0.000    0.000    0.020    0.001 pyplot.py:270(_get_backend_mod)
     5181    0.006    0.000    0.020    0.000 generic.py:807(_set_axis)
      2/1    0.000    0.000    0.020    0.020 pyplot.py:284(switch_backend)
        1    0.000    0.000    0.020    0.020 _base.py:1435(ExcelFile)
     1203    0.002    0.000    0.020    0.000 <frozen importlib._bootstrap>:463(_lock_unlock_module)
       12    0.000    0.000    0.020    0.002 __init__.py:701(lookup)
       12    0.001    0.000    0.020    0.002 __init__.py:707(__init__)
      114    0.001    0.000    0.020    0.000 offsetbox.py:683(draw)
     1726    0.002    0.000    0.020    0.000 base.py:2817(hasnans)
        1    0.000    0.000    0.019    0.019 threaded.py:1(<module>)
     1727    0.004    0.000    0.019    0.000 series.py:6418(_reduce)
      166    0.000    0.000    0.019    0.000 ticker.py:699(set_locs)
     8398    0.010    0.000    0.019    0.000 _base.py:559(_axis_map)
        1    0.000    0.000    0.019    0.019 cftime_offsets.py:1(<module>)
     1726    0.011    0.000    0.019    0.000 take.py:120(_take_nd_ndarray)
    12945    0.014    0.000    0.019    0.000 managers.py:1993(dtype)
    77640    0.014    0.000    0.019    0.000 dtypes.py:190(<genexpr>)
     9387    0.006    0.000    0.019    0.000 transforms.py:1355(_iter_break_from_left_to_right)
     8467    0.010    0.000    0.019    0.000 inspect.py:2712(__init__)
        8    0.000    0.000    0.019    0.002 legend.py:1297(_parse_legend_args)
        1    0.000    0.000    0.019    0.019 defaults.py:1(<module>)
        8    0.004    0.000    0.019    0.002 legend.py:1285(_get_legend_handles_labels)
    12945    0.011    0.000    0.019    0.000 generic.py:4402(_check_setitem_copy)
        1    0.000    0.000    0.019    0.019 ImagePalette.py:1(<module>)
     5181    0.006    0.000    0.019    0.000 series.py:784(name)
    10352    0.014    0.000    0.019    0.000 dataset.py:187(_get_virtual_variable)
     1726    0.002    0.000    0.019    0.000 utils.py:718(iterable_of_hashable)
        4    0.000    0.000    0.019    0.005 ops.py:1(<module>)
     8057    0.014    0.000    0.018    0.000 indexing.py:1507(__getitem__)
   194716    0.018    0.000    0.018    0.000 coordinates.py:701(_names)
    13359    0.015    0.000    0.018    0.000 contextlib.py:104(__init__)
        1    0.000    0.000    0.018    0.018 _constants.py:1(<module>)
        1    0.000    0.000    0.018    0.018 netutil.py:1(<module>)
       19    0.000    0.000    0.018    0.001 traceback.py:221(extract_stack)
    12945    0.009    0.000    0.018    0.000 core.py:418(size)
        1    0.000    0.000    0.018    0.018 config.py:529(refresh)
       19    0.000    0.000    0.018    0.001 traceback.py:377(extract)
        1    0.000    0.000    0.018    0.018 config.py:502(collect)
       20    0.000    0.000    0.018    0.001 artist.py:350(get_tightbbox)
     6041    0.013    0.000    0.018    0.000 cast.py:775(infer_dtype_from_scalar)
    53334    0.016    0.000    0.018    0.000 {built-in method builtins.setattr}
       18    0.000    0.000    0.018    0.001 axis.py:882(clear)
     8056    0.008    0.000    0.018    0.000 coordinates.py:932(assert_coordinate_consistent)
    12945    0.012    0.000    0.018    0.000 base.py:7723(_unpack_nested_dtype)
    15472    0.008    0.000    0.018    0.000 backend_bases.py:989(set_joinstyle)
     9782    0.018    0.000    0.018    0.000 {method 'take' of 'numpy.ndarray' objects}
        1    0.001    0.001    0.018    0.018 helpers.py:1(<module>)
    21580    0.008    0.000    0.017    0.000 series.py:831(_values)
    24253    0.010    0.000    0.017    0.000 transforms.py:2411(transform_non_affine)
    32787    0.010    0.000    0.017    0.000 inference.py:300(<genexpr>)
       99    0.000    0.000    0.017    0.000 _mathtext.py:696(_get_glyph)
     1726    0.005    0.000    0.017    0.000 multi.py:844(levels)
   158480    0.017    0.000    0.017    0.000 dataarray.py:689(variable)
        1    0.000    0.000    0.017    0.017 _disk.py:1(<module>)
     5178    0.003    0.000    0.017    0.000 common.py:536(is_string_dtype)
     9784    0.004    0.000    0.017    0.000 utils.py:306(is_scalar)
        1    0.000    0.000    0.017    0.017 config.py:212(collect_yaml)
    89259    0.017    0.000    0.017    0.000 variable.py:883(encoding)
    16172    0.012    0.000    0.017    0.000 __init__.py:167(check_getitem)
      478    0.001    0.000    0.017    0.000 text.py:194(update)
     8880    0.006    0.000    0.017    0.000 path.py:162(_fast_from_codes_and_verts)
        1    0.000    0.000    0.017    0.017 _axes.py:46(Axes)
     6905    0.012    0.000    0.017    0.000 base.py:836(__iter__)
      862    0.001    0.000    0.017    0.000 variable.py:979(compute)
       12    0.000    0.000    0.017    0.001 __init__.py:678(children)
     8604    0.010    0.000    0.017    0.000 lines.py:1065(set_drawstyle)
    20712    0.010    0.000    0.017    0.000 multi.py:2738(_check_indexing_error)
    16401    0.011    0.000    0.016    0.000 blocks.py:2674(get_block_type)
      196    0.001    0.000    0.016    0.000 dataclasses.py:449(_create_fn)
    10140    0.010    0.000    0.016    0.000 <frozen importlib._bootstrap_external>:126(_path_join)
        2    0.000    0.000    0.016    0.008 __init__.py:856(distribution)
        2    0.000    0.000    0.016    0.008 __init__.py:383(from_name)
        3    0.016    0.005    0.016    0.005 font_manager.py:1493(_get_font)
       43    0.000    0.000    0.016    0.000 _base.py:1126(_set_position)
     3672    0.016    0.000    0.016    0.000 {method 'sub' of 're.Pattern' objects}
     1727    0.004    0.000    0.016    0.000 dataarray.py:853(_item_key_to_dict)
       11    0.000    0.000    0.016    0.001 exceptions.py:1(<module>)
    19753    0.016    0.000    0.016    0.000 {built-in method matplotlib._path.affine_transform}
     8604    0.003    0.000    0.016    0.000 lines.py:1231(set_markerfacecoloralt)
        1    0.000    0.000    0.016    0.016 httpserver.py:1(<module>)
        2    0.000    0.000    0.016    0.008 watercolumn_run_lib.py:128(add_time_series_to_axis)
     3452    0.003    0.000    0.016    0.000 base.py:294(is_dtype)
        1    0.000    0.000    0.016    0.016 lines.py:1(<module>)
    27622    0.013    0.000    0.016    0.000 variable.py:660(<genexpr>)
       60    0.000    0.000    0.016    0.000 transforms.py:1054(set)
    11510    0.005    0.000    0.016    0.000 dataarray.py:1499(<genexpr>)
     1727    0.006    0.000    0.016    0.000 managers.py:2121(create_block_manager_from_column_arrays)
        4    0.000    0.000    0.016    0.004 figure.py:1315(subplots_adjust)
        1    0.000    0.000    0.016    0.016 ansitowin32.py:1(<module>)
      241    0.000    0.000    0.016    0.000 parser.py:446(parse_block_mapping_value)
        1    0.000    0.000    0.016    0.016 geo.py:1(<module>)
    30331    0.016    0.000    0.016    0.000 {built-in method numpy.seterrobj}
      467    0.015    0.000    0.015    0.000 {built-in method builtins.dir}
        1    0.000    0.000    0.015    0.015 hmac.py:1(<module>)
    18924    0.015    0.000    0.015    0.000 {method 'remove' of 'list' objects}
    18120    0.009    0.000    0.015    0.000 dataset.py:768(encoding)
     8604    0.007    0.000    0.015    0.000 lines.py:1359(set_dash_joinstyle)
        1    0.000    0.000    0.015    0.015 staggered.py:1(<module>)
     5178    0.003    0.000    0.015    0.000 multi.py:924(<genexpr>)
       17    0.000    0.000    0.015    0.001 _functools.py:75(wrapper)
     2242    0.001    0.000    0.015    0.000 <frozen importlib._bootstrap>:632(cached)
        1    0.000    0.000    0.015    0.015 websocket.py:1(<module>)
   113049    0.015    0.000    0.015    0.000 {function FrozenList.__getitem__ at 0x7fb1ef4c5e40}
    12945    0.015    0.000    0.015    0.000 __init__.py:470(_asdict)
        1    0.000    0.000    0.015    0.015 dataarray_plot.py:1(<module>)
    25972    0.011    0.000    0.015    0.000 artist.py:450(get_transform)
        1    0.000    0.000    0.015    0.015 engines.py:1(<module>)
     1726    0.004    0.000    0.015    0.000 dtypes.py:243(_from_values_or_dtype)
      976    0.001    0.000    0.015    0.000 __init__.py:711(__setitem__)
        1    0.000    0.000    0.015    0.015 apply.py:1(<module>)
        1    0.000    0.000    0.015    0.015 offsetbox.py:1(<module>)
    15394    0.010    0.000    0.015    0.000 markers.py:273(__bool__)
28473/28448    0.011    0.000    0.015    0.000 {method 'join' of 'str' objects}
     2350    0.005    0.000    0.015    0.000 typing.py:175(_type_check)
      758    0.006    0.000    0.015    0.000 scanner.py:752(scan_to_next_token)
        1    0.000    0.000    0.015    0.015 _pslinux.py:1(<module>)
        1    0.000    0.000    0.015    0.015 datatree_ops.py:1(<module>)
        3    0.000    0.000    0.015    0.005 datatree_ops.py:173(_wrap_then_attach_to_cls)
        2    0.000    0.000    0.015    0.007 interval.py:1(<module>)
1063/1060    0.001    0.000    0.015    0.000 <frozen importlib._bootstrap_external>:643(_check_name_wrapper)
    16118    0.013    0.000    0.015    0.000 _base.py:322(<genexpr>)
     3456    0.002    0.000    0.015    0.000 {method 'min' of 'numpy.ndarray' objects}
        2    0.000    0.000    0.015    0.007 __init__.py:464(version)
        1    0.000    0.000    0.014    0.014 cftimeindex.py:1(<module>)
        2    0.000    0.000    0.014    0.007 __init__.py:436(metadata)
   117823    0.014    0.000    0.014    0.000 artist.py:293(axes)
        1    0.000    0.000    0.014    0.014 layout_engine.py:1(<module>)
    31050    0.014    0.000    0.014    0.000 concat.py:592(get_indexes)
        1    0.000    0.000    0.014    0.014 netCDF4_.py:577(close)
        1    0.014    0.014    0.014    0.014 file_manager.py:226(close)
        8    0.008    0.001    0.014    0.002 _base.py:2815(autoscale_view)
        1    0.000    0.000    0.014    0.014 main.py:1(<module>)
        1    0.000    0.000    0.014    0.014 array_manager.py:1(<module>)
       70    0.000    0.000    0.014    0.000 legend_handler.py:86(update_prop)
     6041    0.004    0.000    0.014    0.000 common.py:1375(_is_dtype)
        1    0.000    0.000    0.014    0.014 charset.py:1(<module>)
     1180    0.002    0.000    0.014    0.000 <frozen importlib._bootstrap_external>:611(_get_cached)
     8604    0.006    0.000    0.014    0.000 lines.py:1241(set_markeredgewidth)
    15472    0.006    0.000    0.014    0.000 backend_bases.py:919(set_capstyle)
      382    0.000    0.000    0.014    0.000 path.py:279(__deepcopy__)
     3452    0.007    0.000    0.014    0.000 computation.py:621(unified_dim_sizes)
     3364    0.014    0.000    0.014    0.000 {method 'cumsum' of 'numpy.ndarray' objects}
    25875    0.008    0.000    0.014    0.000 variable.py:2983(<genexpr>)
      602    0.012    0.000    0.014    0.000 _compiler.py:243(_optimize_charset)
      270    0.001    0.000    0.014    0.000 _decorators.py:363(decorator)
        1    0.000    0.000    0.014    0.014 layers.py:1(<module>)
        1    0.000    0.000    0.014    0.014 backend_tools.py:1(<module>)
     8068    0.005    0.000    0.014    0.000 legend.py:1251(_get_legend_handles)
     5178    0.003    0.000    0.014    0.000 multi.py:1102(<genexpr>)
     8604    0.005    0.000    0.013    0.000 lines.py:505(set_pickradius)
    27601    0.009    0.000    0.013    0.000 utils.py:545(__iter__)
      125    0.000    0.000    0.013    0.000 datatree_ops.py:220(insert_doc_addendum)
        1    0.000    0.000    0.013    0.013 core.py:21(where)
    23309    0.011    0.000    0.013    0.000 dataset.py:2002(data_vars)
    32957    0.013    0.000    0.013    0.000 {method 'split' of 'str' objects}
    18016    0.013    0.000    0.013    0.000 {built-in method builtins.sorted}
     5183    0.006    0.000    0.013    0.000 config.py:127(_get_single_key)
        1    0.000    0.000    0.013    0.013 _common.py:33(wrapper)
        1    0.000    0.000    0.013    0.013 _common.py:51(files)
7310/7042    0.003    0.000    0.013    0.000 transforms.py:2377(_invalidate_internal)
        1    0.000    0.000    0.013    0.013 _common.py:107(from_package)
        1    0.000    0.000    0.013    0.013 _adapters.py:28(get_resource_reader)
        1    0.000    0.000    0.013    0.013 _adapters.py:149(_native)
        1    0.000    0.000    0.013    0.013 _adapters.py:144(_reader)
        1    0.000    0.000    0.013    0.013 <frozen importlib._bootstrap_external>:1192(get_resource_reader)
    12947    0.011    0.000    0.013    0.000 indexing.py:553(oindex)
      954    0.002    0.000    0.013    0.000 axis.py:508(update_position)
     6908    0.005    0.000    0.013    0.000 series.py:734(name)
     3472    0.004    0.000    0.013    0.000 warnings.py:166(simplefilter)
        6    0.000    0.000    0.013    0.002 util.py:1(<module>)
       18    0.000    0.000    0.013    0.001 axis.py:794(_set_scale)
    89080    0.013    0.000    0.013    0.000 path.py:211(vertices)
       69    0.000    0.000    0.013    0.000 watercolumn_run_lib.py:100(seconds2hours)
       18    0.000    0.000    0.013    0.001 scale.py:103(set_default_locators_and_formatters)
        4    0.000    0.000    0.013    0.003 accessor.py:1(<module>)
     9784    0.008    0.000    0.013    0.000 utils.py:268(_is_scalar)
        1    0.000    0.000    0.013    0.013 GifImagePlugin.py:1(<module>)
    90835    0.013    0.000    0.013    0.000 transforms.py:1929(get_matrix)
    57820    0.013    0.000    0.013    0.000 common.py:126(_classes_and_not_datetimelike)
       85    0.002    0.000    0.013    0.000 enum.py:528(__new__)
     1733    0.001    0.000    0.013    0.000 indexing.py:1680(get_duck_array)
       42    0.000    0.000    0.013    0.000 linecache.py:52(checkcache)
        1    0.000    0.000    0.013    0.013 legend.py:1(<module>)
12227/9397    0.011    0.000    0.013    0.000 {built-in method _abc._abc_subclasscheck}
        1    0.000    0.000    0.012    0.012 _base.py:4446(twinx)
      112    0.001    0.000    0.012    0.000 axis.py:2514(get_tick_space)
        1    0.000    0.000    0.012    0.012 <frozen importlib._bootstrap>:1171(exec_module)
        1    0.000    0.000    0.012    0.012 <frozen ntpath>:1(<module>)
    39416    0.009    0.000    0.012    0.000 contextlib.py:446(__exit__)
     3456    0.001    0.000    0.012    0.000 _methods.py:43(_amin)
      478    0.000    0.000    0.012    0.000 artist.py:1201(update)
     1727    0.012    0.000    0.012    0.000 missing.py:305(_isna_string_dtype)
       12    0.000    0.000    0.012    0.001 _mathtext.py:335(__init__)
     8604    0.006    0.000    0.012    0.000 lines.py:1423(set_solid_capstyle)
        1    0.000    0.000    0.012    0.012 h5netcdf_.py:1(<module>)
      120    0.005    0.000    0.012    0.000 __init__.py:355(namedtuple)
        1    0.000    0.000    0.012    0.012 docscrape.py:1(<module>)
        2    0.000    0.000    0.012    0.006 groupby.py:1(<module>)
      437    0.001    0.000    0.012    0.000 artist.py:1536(number_of_parameters)
     1960    0.001    0.000    0.012    0.000 font_manager.py:1549(<genexpr>)
    60428    0.011    0.000    0.012    0.000 construction.py:758(_maybe_repeat)
        1    0.000    0.000    0.012    0.012 pool.py:1(<module>)
      174    0.001    0.000    0.012    0.000 axis.py:347(_apply_params)
       97    0.001    0.000    0.012    0.000 docscrape.py:384(_parse)
      127    0.000    0.000    0.012    0.000 textwrap.py:386(fill)
     1727    0.001    0.000    0.012    0.000 nanops.py:482(nanany)
        1    0.000    0.000    0.012    0.012 polar.py:1(<module>)
      502    0.001    0.000    0.012    0.000 text.py:1303(set_fontproperties)
     4028    0.002    0.000    0.012    0.000 cbook.py:1675(safe_first_element)
     5181    0.002    0.000    0.012    0.000 managers.py:236(set_axis)
     2164    0.001    0.000    0.012    0.000 __init__.py:179(sub)
      127    0.000    0.000    0.012    0.000 textwrap.py:361(fill)
        1    0.000    0.000    0.012    0.012 _base.py:4426(_make_twin_axes)
      143    0.000    0.000    0.012    0.000 _decorators.py:484(__call__)
     1725    0.003    0.000    0.012    0.000 indexes.py:1527(get_all_coords)
     3469    0.011    0.000    0.012    0.000 __init__.py:520(_cmpkey)
        1    0.000    0.000    0.011    0.011 filters.py:1(<module>)
      127    0.000    0.000    0.011    0.000 textwrap.py:347(wrap)
      261    0.001    0.000    0.011    0.000 compute.py:267(_make_signature)
     8604    0.006    0.000    0.011    0.000 lines.py:1375(set_solid_joinstyle)
       70    0.000    0.000    0.011    0.000 legend_handler.py:77(_update_prop)
       70    0.000    0.000    0.011    0.000 legend_handler.py:83(_default_update_prop)
    31117    0.011    0.000    0.011    0.000 warnings.py:456(__init__)
    13817    0.011    0.000    0.011    0.000 {method 'flatten' of 'numpy.ndarray' objects}
49287/47733    0.011    0.000    0.011    0.000 transforms.py:2398(<lambda>)
        1    0.000    0.000    0.011    0.011 npyio.py:1(<module>)
        1    0.000    0.000    0.011    0.011 http1connection.py:1(<module>)
    56957    0.011    0.000    0.011    0.000 common.py:121(classes)
        1    0.000    0.000    0.011    0.011 image.py:1(<module>)
        1    0.000    0.000    0.011    0.011 random.py:1(<module>)
     7384    0.006    0.000    0.011    0.000 typing.py:1188(__setattr__)
     9785    0.007    0.000    0.011    0.000 indexing.py:1469(is_fancy_indexer)
    29057    0.011    0.000    0.011    0.000 {method 'item' of 'numpy.ndarray' objects}
        1    0.000    0.000    0.011    0.011 dumper.py:1(<module>)
    28464    0.007    0.000    0.011    0.000 utils.py:548(__len__)
        1    0.000    0.000    0.011    0.011 cbook.py:1(<module>)
       18    0.000    0.000    0.011    0.001 ticker.py:425(__init__)
    15532    0.008    0.000    0.011    0.000 base.py:791(is_)
        1    0.000    0.000    0.011    0.011 mathtext.py:1(<module>)
  496/495    0.000    0.000    0.011    0.000 {method 'encode' of 'str' objects}
    37416    0.011    0.000    0.011    0.000 common.py:152(cast_scalar_indexer)
        1    0.000    0.000    0.011    0.011 cm.py:1(<module>)
       22    0.000    0.000    0.011    0.000 __init__.py:213(__getattr__)
        1    0.000    0.000    0.011    0.011 __init__.py:235(<lambda>)
        1    0.000    0.000    0.011    0.011 __init__.py:213(_get_version)
        1    0.000    0.000    0.011    0.011 _globals.py:1(<module>)
     1725    0.003    0.000    0.011    0.000 coordinates.py:336(_construct_direct)
       18    0.000    0.000    0.011    0.001 ticker.py:537(set_useMathText)
        1    0.000    0.000    0.011    0.011 __init__.py:71(search_function)
        2    0.000    0.000    0.011    0.005 __init__.py:40(__getattr__)
      332    0.001    0.000    0.011    0.000 transforms.py:1418(__sub__)
       94    0.001    0.000    0.011    0.000 __init__.py:1391(_preprocess_data)
    16395    0.008    0.000    0.011    0.000 alignment.py:464(assert_unindexed_dim_sizes_equal)
    53768    0.011    0.000    0.011    0.000 {method 'keys' of 'dict' objects}
      332    0.002    0.000    0.011    0.000 transforms.py:463(transformed)
     1726    0.006    0.000    0.011    0.000 multi.py:1574(_set_names)
      734    0.002    0.000    0.011    0.000 offsetbox.py:157(_get_aligned_offsets)
        1    0.000    0.000    0.011    0.011 config.py:839(_initialize)
      224    0.000    0.000    0.010    0.000 traceback.py:318(line)
     1496    0.010    0.000    0.010    0.000 {method 'findall' of 're.Pattern' objects}
        1    0.000    0.000    0.010    0.010 tz.py:1(<module>)
        2    0.000    0.000    0.010    0.005 times.py:1(<module>)
    36246    0.008    0.000    0.010    0.000 indexing.py:1390(<genexpr>)
    78458    0.010    0.000    0.010    0.000 {method 'lstrip' of 'str' objects}
    56095    0.010    0.000    0.010    0.000 multi.py:1081(codes)
        5    0.000    0.000    0.010    0.002 _common.py:1(<module>)
      863    0.001    0.000    0.010    0.000 base.py:2804(_isnan)
       53    0.000    0.000    0.010    0.000 linecache.py:26(getline)
       78    0.000    0.000    0.010    0.000 offsetbox.py:716(__init__)
       53    0.000    0.000    0.010    0.000 linecache.py:36(getlines)
        3    0.000    0.000    0.010    0.003 linecache.py:80(updatecache)
    36246    0.008    0.000    0.010    0.000 indexing.py:1342(<genexpr>)
        8    0.000    0.000    0.010    0.001 core.py:5381(__init__)
        2    0.000    0.000    0.010    0.005 _signatures.py:661(create_signature_registry)
     8799    0.004    0.000    0.010    0.000 shape_base.py:608(_column_stack_dispatcher)
      190    0.007    0.000    0.010    0.000 {built-in method builtins.eval}
     3454    0.006    0.000    0.010    0.000 blocks.py:2716(new_block)
    21008    0.010    0.000    0.010    0.000 {method 'count' of 'str' objects}
     3452    0.003    0.000    0.010    0.000 algorithms.py:184(_reconstruct_data)
    10299    0.008    0.000    0.010    0.000 transforms.py:242(x0)
     3452    0.007    0.000    0.010    0.000 computation.py:80(__init__)
    25175    0.006    0.000    0.010    0.000 _parser.py:261(get)
      954    0.000    0.000    0.010    0.000 artist.py:1542(is_alias)
     1759    0.005    0.000    0.010    0.000 functools.py:35(update_wrapper)
     1857    0.007    0.000    0.010    0.000 inspect.py:2998(__init__)
     9789    0.005    0.000    0.010    0.000 base.py:5088(values)
   107232    0.010    0.000    0.010    0.000 multiarray.py:669(result_type)
     9615    0.010    0.000    0.010    0.000 cbook.py:181(__init__)
    15032    0.006    0.000    0.010    0.000 core.py:587(filled)
        1    0.000    0.000    0.010    0.010 pathlib.py:1228(resolve)
     4179    0.002    0.000    0.010    0.000 {method 'max' of 'numpy.ndarray' objects}
     8662    0.007    0.000    0.010    0.000 lines.py:33(_get_dash_pattern)
    36250    0.007    0.000    0.010    0.000 variable.py:641(<genexpr>)
        2    0.000    0.000    0.010    0.005 __init__.py:31(message_from_string)
       86    0.000    0.000    0.010    0.000 patches.py:579(draw)
      215    0.001    0.000    0.010    0.000 __init__.py:826(_normalized_name)
        1    0.000    0.000    0.010    0.010 __init__.py:588(matplotlib_fname)
    71349    0.010    0.000    0.010    0.000 indexing.py:331(tuple)
    14211    0.007    0.000    0.010    0.000 enum.py:202(__get__)
    19847    0.010    0.000    0.010    0.000 dataset.py:441(__iter__)
      533    0.001    0.000    0.010    0.000 pathlib.py:437(__str__)
    14671    0.005    0.000    0.010    0.000 utils.py:724(<genexpr>)
    13804    0.006    0.000    0.010    0.000 dataarray.py:921(attrs)
    36923    0.009    0.000    0.010    0.000 {method 'extend' of 'list' objects}
      863    0.006    0.000    0.010    0.000 multi.py:136(_codes_to_ints)
      585    0.000    0.000    0.010    0.000 _signatures.py:667(<genexpr>)
    11553    0.009    0.000    0.009    0.000 {method 'nonzero' of 'numpy.ndarray' objects}
        1    0.000    0.000    0.009    0.009 cast.py:1(<module>)
     1739    0.009    0.000    0.009    0.000 concat.py:52(concat_compat)
      734    0.002    0.000    0.009    0.000 offsetbox.py:76(_get_packed_offsets)
     8056    0.004    0.000    0.009    0.000 core.py:6677(is_masked)
      313    0.000    0.000    0.009    0.000 _signatures.py:624(expand_sig)
        2    0.000    0.000    0.009    0.005 nodes.py:1(<module>)
        1    0.000    0.000    0.009    0.009 units.py:1(<module>)
      432    0.000    0.000    0.009    0.000 scanner.py:668(fetch_plain)
     8625    0.004    0.000    0.009    0.000 coordinates.py:408(variables)
    25905    0.006    0.000    0.009    0.000 range.py:999(__len__)
      357    0.001    0.000    0.009    0.000 <frozen abc>:105(__new__)
    78656    0.009    0.000    0.009    0.000 {built-in method _warnings._filters_mutated}
    31466    0.009    0.000    0.009    0.000 {method 'insert' of 'list' objects}
    21580    0.009    0.000    0.009    0.000 managers.py:2004(internal_values)
    18112    0.005    0.000    0.009    0.000 transforms.py:198(<lambda>)
      166    0.001    0.000    0.009    0.000 numeric.py:2249(isclose)
     5181    0.003    0.000    0.009    0.000 base.py:86(_validate_set_axis)
    14672    0.007    0.000    0.009    0.000 cast.py:1763(np_can_hold_element)
      352    0.001    0.000    0.009    0.000 _compiler.py:511(_compile_info)
     3452    0.005    0.000    0.009    0.000 multi.py:4120(_coerce_indexer_frozen)
     5178    0.005    0.000    0.009    0.000 cast.py:973(coerce_indexer_dtype)
    26704    0.006    0.000    0.009    0.000 _parser.py:168(__getitem__)
        1    0.000    0.000    0.009    0.009 melt.py:1(<module>)
    53664    0.009    0.000    0.009    0.000 transforms.py:1036(get_points)
      166    0.003    0.000    0.009    0.000 ticker.py:781(_set_format)
     2581    0.008    0.000    0.009    0.000 font_manager.py:1173(score_stretch)
     3452    0.002    0.000    0.009    0.000 cast.py:762(infer_dtype_from)
     1730    0.006    0.000    0.009    0.000 cast.py:1580(construct_1d_object_array_from_listlike)
     2589    0.004    0.000    0.009    0.000 utils.py:120(get_valid_numpy_dtype)
     3454    0.003    0.000    0.009    0.000 _dtype.py:330(_name_includes_bit_suffix)
      166    0.000    0.000    0.009    0.000 offsetbox.py:54(get_offset)
     4252    0.004    0.000    0.009    0.000 artist.py:1555(aliased_name)
    42016    0.009    0.000    0.009    0.000 {method 'group' of 're.Match' objects}
    44881    0.009    0.000    0.009    0.000 base.py:974(dtype)
    21004    0.007    0.000    0.009    0.000 indexing.py:1487(__init__)
    14086    0.007    0.000    0.009    0.000 reader.py:99(forward)
        1    0.000    0.000    0.009    0.009 decoder.py:1(<module>)
        1    0.000    0.000    0.009    0.009 sslproto.py:1(<module>)
    60662    0.008    0.000    0.008    0.000 {built-in method numpy.geterrobj}
    19863    0.008    0.000    0.008    0.000 flags.py:51(__init__)
    12947    0.008    0.000    0.008    0.000 blocks.py:214(is_extension)
     3452    0.006    0.000    0.008    0.000 computation.py:193(_get_coords_list)
       54    0.000    0.000    0.008    0.000 axis.py:237(set_clip_path)
        1    0.000    0.000    0.008    0.008 cyaml.py:1(<module>)
      174    0.000    0.000    0.008    0.000 typing.py:740(Optional)
     1762    0.007    0.000    0.008    0.000 numeric.py:136(ones)
        3    0.000    0.000    0.008    0.003 _typing.py:1(<module>)
     2589    0.003    0.000    0.008    0.000 <frozen _collections_abc>:594(__ge__)
     1726    0.002    0.000    0.008    0.000 range.py:393(__contains__)
     6888    0.003    0.000    0.008    0.000 font_manager.py:1289(<genexpr>)
      332    0.001    0.000    0.008    0.000 axis.py:1564(_get_tick_label_size)
    11508    0.006    0.000    0.008    0.000 indexing.py:1707(_prepare_key)
    25026    0.008    0.000    0.008    0.000 alignment.py:250(<lambda>)
     5183    0.006    0.000    0.008    0.000 config.py:635(_get_root)
        1    0.000    0.000    0.008    0.008 progressbar.py:1(<module>)
        1    0.000    0.000    0.008    0.008 watercolumn_lib.py:46(check_initial_condition)
    12945    0.008    0.000    0.008    0.000 {method 'transpose' of 'numpy.ndarray' objects}
        2    0.000    0.000    0.008    0.004 context.py:1(<module>)
     1181    0.002    0.000    0.008    0.000 <frozen importlib._bootstrap_external>:1588(_get_spec)
    33124    0.008    0.000    0.008    0.000 {method 'lower' of 'str' objects}
        2    0.000    0.000    0.008    0.004 polynomial.py:1(<module>)
     2073    0.001    0.000    0.008    0.000 fromnumeric.py:2836(min)
     1134    0.001    0.000    0.008    0.000 typing.py:1147(__init__)
        1    0.000    0.000    0.008    0.008 bz2.py:1(<module>)
        1    0.000    0.000    0.008    0.008 axis3d.py:1(<module>)
    29345    0.008    0.000    0.008    0.000 __init__.py:55(using_pyarrow_string_dtype)
      614    0.001    0.000    0.008    0.000 offsetbox.py:665(get_bbox)
        1    0.000    0.000    0.008    0.008 scimath.py:1(<module>)
        1    0.000    0.000    0.008    0.008 unix_events.py:1(<module>)
        1    0.000    0.000    0.008    0.008 netCDF4_.py:1(<module>)
      432    0.003    0.000    0.008    0.000 scanner.py:1270(scan_plain)
      501    0.001    0.000    0.008    0.000 pathlib.py:551(drive)
        5    0.008    0.002    0.008    0.002 {method 'flush' of '_io.BufferedRandom' objects}
        1    0.000    0.000    0.008    0.008 lexer.py:1(<module>)
     4179    0.001    0.000    0.008    0.000 _methods.py:39(_amax)
        1    0.000    0.000    0.008    0.008 _manylinux.py:1(<module>)
    47464    0.008    0.000    0.008    0.000 indexes.py:1758(<genexpr>)
    12080    0.005    0.000    0.008    0.000 dataarray.py:706(shape)
    91846    0.008    0.000    0.008    0.000 transforms.py:1809(get_affine)
        3    0.000    0.000    0.008    0.003 version.py:1(<module>)
     6572    0.007    0.000    0.008    0.000 {method '__reduce_ex__' of 'object' objects}
      559    0.001    0.000    0.008    0.000 axis.py:447(update_position)
    61488    0.008    0.000    0.008    0.000 multiarray.py:153(concatenate)
      529    0.002    0.000    0.008    0.000 parser.py:273(parse_node)
    26580    0.008    0.000    0.008    0.000 __init__.py:152(<genexpr>)
       39    0.001    0.000    0.008    0.000 typing.py:2780(__new__)
        1    0.000    0.000    0.008    0.008 quiver.py:1(<module>)
     1726    0.007    0.000    0.008    0.000 cast.py:1392(np_find_common_type)
    12954    0.008    0.000    0.008    0.000 blocks.py:1253(iget)
        4    0.000    0.000    0.008    0.002 <frozen importlib.util>:71(find_spec)
        1    0.000    0.000    0.007    0.007 datatree_ops.py:270(MappedDatasetMethodsMixin)
     3454    0.002    0.000    0.007    0.000 dataarray.py:740(ndim)
     1900    0.003    0.000    0.007    0.000 text.py:1279(_preprocess_math)
     2124    0.003    0.000    0.007    0.000 <frozen importlib._bootstrap_external>:132(_path_split)
        2    0.000    0.000    0.007    0.004 sysconfig.py:735(get_config_var)
      4/3    0.000    0.000    0.007    0.002 sysconfig.py:705(get_config_vars)
        1    0.000    0.000    0.007    0.007 sysconfig.py:639(_init_config_vars)
     2113    0.001    0.000    0.007    0.000 fromnumeric.py:2692(max)
       83    0.000    0.000    0.007    0.000 netCDF4_.py:411(_acquire)
      127    0.004    0.000    0.007    0.000 textwrap.py:238(_wrap_chunks)
    47736    0.007    0.000    0.007    0.000 __init__.py:78(<genexpr>)
        1    0.000    0.000    0.007    0.007 ssl.py:1(<module>)
        1    0.000    0.000    0.007    0.007 escape.py:1(<module>)
    25923    0.007    0.000    0.007    0.000 {method 'index' of 'tuple' objects}
      313    0.000    0.000    0.007    0.000 _signatures.py:617(signature_or_spec)
      617    0.004    0.000    0.007    0.000 enum.py:254(__set_name__)
      472    0.001    0.000    0.007    0.000 pathlib.py:407(_load_parts)
        9    0.000    0.000    0.007    0.001 _base.py:810(_init_axis)
       59    0.000    0.000    0.007    0.000 dataclasses.py:568(_init_fn)
     2453    0.005    0.000    0.007    0.000 <frozen importlib._bootstrap>:372(release)
    14682    0.007    0.000    0.007    0.000 flags.py:87(allows_duplicate_labels)
     2453    0.005    0.000    0.007    0.000 <frozen importlib._bootstrap>:426(_get_module_lock)
      482    0.000    0.000    0.007    0.000 parser.py:270(parse_block_node_or_indentless_sequence)
      166    0.000    0.000    0.007    0.000 offsetbox.py:297(get_offset)
     5178    0.005    0.000    0.007    0.000 common.py:572(condition)
        3    0.000    0.000    0.007    0.002 pycompat.py:34(__init__)
        1    0.000    0.000    0.007    0.007 popen_spawn_posix.py:1(<module>)
        2    0.000    0.000    0.007    0.004 hashing.py:1(<module>)
       28    0.000    0.000    0.007    0.000 legend.py:734(_findoffset)
       18    0.000    0.000    0.007    0.000 rcsetup.py:799(validate_cycler)
     2581    0.002    0.000    0.007    0.000 font_manager.py:1191(score_weight)
      217    0.003    0.000    0.007    0.000 __init__.py:347(__new__)
        1    0.000    0.000    0.007    0.007 httputil.py:1(<module>)
        1    0.000    0.000    0.007    0.007 expressions.py:1(<module>)
        1    0.000    0.000    0.007    0.007 take.py:1(<module>)
        2    0.000    0.000    0.007    0.003 ssl.py:683(create_default_context)
        1    0.000    0.000    0.007    0.007 ExifTags.py:1(<module>)
       49    0.000    0.000    0.007    0.000 netCDF4_.py:416(ds)
    11216    0.005    0.000    0.007    0.000 dataset.py:802(sizes)
     8093    0.004    0.000    0.007    0.000 transforms.py:2421(transform_path_non_affine)
      166    0.000    0.000    0.007    0.000 file_manager.py:196(acquire_context)
     2638    0.001    0.000    0.007    0.000 typing.py:166(_type_convert)
        6    0.000    0.000    0.007    0.001 _mathtext.py:1592(ship)
      224    0.001    0.000    0.007    0.000 typing.py:1449(__getitem__)
     44/6    0.000    0.000    0.007    0.001 _mathtext.py:1612(hlist_out)
        1    0.000    0.000    0.007    0.007 readers.py:868(read_csv)
       83    0.006    0.000    0.007    0.000 file_manager.py:207(_acquire_with_cache_info)
        1    0.000    0.000    0.007    0.007 readers.py:583(_read)
        1    0.000    0.000    0.007    0.007 facetgrid.py:1(<module>)
        1    0.000    0.000    0.007    0.007 common.py:8(pyparsing_common)
    13810    0.007    0.000    0.007    0.000 {built-in method math.prod}
        1    0.000    0.000    0.007    0.007 _ufunc_config.py:1(<module>)
     6907    0.005    0.000    0.007    0.000 dataarray.py:4675(_result_name)
        1    0.000    0.000    0.007    0.007 parse.py:1(<module>)
        1    0.000    0.000    0.007    0.007 frame.py:509(DataFrame)
    18339    0.007    0.000    0.007    0.000 artist.py:298(axes)
        1    0.000    0.000    0.007    0.007 _mathtext.py:1(<module>)
        5    0.007    0.001    0.007    0.001 {method 'close' of '_io.BufferedRandom' objects}
    10389    0.007    0.000    0.007    0.000 {method 'indices' of 'slice' objects}
    25899    0.007    0.000    0.007    0.000 __init__.py:42(warn_copy_on_write)
     1717    0.001    0.000    0.007    0.000 typing.py:723(<genexpr>)
       75    0.001    0.000    0.007    0.000 patches.py:530(_draw_paths_with_artist_properties)
     8799    0.004    0.000    0.006    0.000 shape_base.py:207(_arrays_for_stack_dispatcher)
    38820    0.006    0.000    0.006    0.000 indexes.py:1659(__contains__)
    175/6    0.001    0.000    0.006    0.001 core.py:3791(streamline)
    123/9    0.001    0.000    0.006    0.001 core.py:3944(streamline)
    25575    0.006    0.000    0.006    0.000 stride_tricks.py:542(<genexpr>)
      798    0.004    0.000    0.006    0.000 transforms.py:608(padded)
      322    0.000    0.000    0.006    0.000 _mathtext.py:1125(render)
    10359    0.005    0.000    0.006    0.000 coordinates.py:861(variables)
    55239    0.006    0.000    0.006    0.000 indexing.py:343(as_integer_or_none)
        1    0.000    0.000    0.006    0.006 _mixins.py:1(<module>)
    16402    0.004    0.000    0.006    0.000 dataset.py:750(attrs)
       39    0.000    0.000    0.006    0.000 typing.py:2761(_make_nmtuple)
     8233    0.003    0.000    0.006    0.000 typing.py:1134(_is_dunder)
        2    0.000    0.000    0.006    0.003 sysconfig.py:190(_safe_realpath)
      322    0.000    0.000    0.006    0.000 _mathtext.py:289(render_glyph)
     3452    0.006    0.000    0.006    0.000 {method 'argsort' of 'numpy.ndarray' objects}
    15780    0.006    0.000    0.006    0.000 backend_bases.py:914(set_antialiased)
     9804    0.006    0.000    0.006    0.000 {method 'tolist' of 'numpy.ndarray' objects}
     8604    0.005    0.000    0.006    0.000 lines.py:1256(set_markersize)
        1    0.000    0.000    0.006    0.006 netCDF4_.py:362(open)
    12954    0.004    0.000    0.006    0.000 common.py:372(apply_if_callable)
     1724    0.003    0.000    0.006    0.000 base.py:1768(_set_names)
     51/8    0.000    0.000    0.006    0.001 core.py:4550(streamline)
     1726    0.002    0.000    0.006    0.000 range.py:237(_data)
      688    0.004    0.000    0.006    0.000 transforms.py:626(translated)
    61492    0.006    0.000    0.006    0.000 multiarray.py:741(dot)
    12959    0.004    0.000    0.006    0.000 common.py:1270(is_1d_only_ea_dtype)
        1    0.000    0.000    0.006    0.006 netCDF4_.py:336(__init__)
      242    0.000    0.000    0.006    0.000 offsetbox.py:217(__init__)
    13803    0.006    0.000    0.006    0.000 common.py:529(is_string_or_object_np_dtype)
        1    0.000    0.000    0.006    0.006 datatree_ops.py:298(DataTreeArithmeticMixin)
     1726    0.002    0.000    0.006    0.000 common.py:633(is_integer_dtype)
 3405/797    0.004    0.000    0.006    0.000 _parser.py:178(getwidth)
    13873    0.006    0.000    0.006    0.000 __init__.py:348(<genexpr>)
     1726    0.002    0.000    0.006    0.000 api.py:386(default_index)
    37/32    0.000    0.000    0.006    0.000 axis.py:1189(_set_lim)
      862    0.001    0.000    0.006    0.000 duck_array_ops.py:258(lazy_array_equiv)
      316    0.000    0.000    0.006    0.000 lines.py:1183(set_marker)
     2581    0.004    0.000    0.006    0.000 font_manager.py:1115(score_family)
     1181    0.003    0.000    0.006    0.000 <frozen importlib._bootstrap_external>:802(spec_from_file_location)
    24173    0.006    0.000    0.006    0.000 managers.py:180(blknos)
    12947    0.004    0.000    0.006    0.000 duck_array_ops.py:58(get_array_namespace)
        1    0.000    0.000    0.006    0.006 result.py:1(<module>)
        2    0.000    0.000    0.006    0.003 pytables.py:1(<module>)
     6652    0.003    0.000    0.006    0.000 scanner.py:145(need_more_tokens)
        4    0.000    0.000    0.006    0.001 parser.py:1(<module>)
     1727    0.001    0.000    0.006    0.000 managers.py:1782(_consolidate_inplace)
       19    0.000    0.000    0.006    0.000 __init__.py:695(mtime)
      166    0.002    0.000    0.006    0.000 numeric.py:2330(within_tol)
        1    0.000    0.000    0.006    0.006 winterm.py:1(<module>)
     3452    0.002    0.000    0.006    0.000 computation.py:648(broadcast_compat_data)
      317    0.001    0.000    0.006    0.000 overrides.py:142(decorator)
      166    0.002    0.000    0.006    0.000 ticker.py:708(_compute_offset)
      382    0.000    0.000    0.006    0.000 copy.py:225(_deepcopy_method)
        1    0.000    0.000    0.006    0.006 asserters.py:1(<module>)
    10361    0.004    0.000    0.006    0.000 options.py:153(_get_keep_attrs)
        1    0.000    0.000    0.006    0.006 ssl.py:529(load_default_certs)
        1    0.006    0.006    0.006    0.006 {method 'set_default_verify_paths' of '_ssl._SSLContext' objects}
        1    0.000    0.000    0.006    0.006 adaptive.py:1(<module>)
        1    0.000    0.000    0.006    0.006 specifiers.py:97(Specifier)
       97    0.001    0.000    0.006    0.000 docscrape.py:228(_parse_param_list)
     6904    0.004    0.000    0.006    0.000 computation.py:54(_all_of_type)
     1728    0.006    0.000    0.006    0.000 common.py:91(ensure_python_int)
      310    0.000    0.000    0.006    0.000 typing.py:1458(copy_with)
     57/5    0.000    0.000    0.006    0.001 core.py:4226(streamline)
     8130    0.005    0.000    0.006    0.000 legend.py:828(get_legend_handler)
     1728    0.002    0.000    0.006    0.000 common.py:1198(is_bool_dtype)
    41139    0.006    0.000    0.006    0.000 coordinates.py:698(__init__)
       15    0.000    0.000    0.006    0.000 traceback.py:61(extract_tb)
      401    0.003    0.000    0.006    0.000 transforms.py:2817(nonsingular)
      420    0.001    0.000    0.006    0.000 typing.py:885(__init__)
       48    0.000    0.000    0.006    0.000 __init__.py:1347(_add_data_doc)
     1231    0.002    0.000    0.005    0.000 typing.py:262(_collect_parameters)
        4    0.000    0.000    0.005    0.001 legend.py:1160(_find_best_position)
        1    0.000    0.000    0.005    0.005 generic.py:244(NDFrame)
     1726    0.004    0.000    0.005    0.000 categorical.py:862(codes)
      844    0.003    0.000    0.005    0.000 enum.py:390(__setitem__)
    32239    0.005    0.000    0.005    0.000 _base.py:459(<genexpr>)
        1    0.000    0.000    0.005    0.005 pydoc.py:1(<module>)
       75    0.000    0.000    0.005    0.000 core.py:618(set_parse_action)
     1355    0.001    0.000    0.005    0.000 ticker.py:572(__call__)
      443    0.005    0.000    0.005    0.000 {built-in method builtins.compile}
     5178    0.003    0.000    0.005    0.000 base.py:122(_reset_cache)
        1    0.000    0.000    0.005    0.005 _io.py:1(<module>)
    25908    0.005    0.000    0.005    0.000 {built-in method numpy.core._multiarray_umath.normalize_axis_index}
        1    0.000    0.000    0.005    0.005 artist.py:1(<module>)
     1250    0.001    0.000    0.005    0.000 <frozen importlib._bootstrap>:420(__exit__)
        1    0.000    0.000    0.005    0.005 _shuffle.py:1(<module>)
        1    0.000    0.000    0.005    0.005 threadpoolexecutor.py:1(<module>)
    36827    0.005    0.000    0.005    0.000 coordinates.py:811(__init__)
        3    0.000    0.000    0.005    0.002 patches.py:2211(__init_subclass__)
    14670    0.005    0.000    0.005    0.000 {method 'intersection' of 'set' objects}
        1    0.000    0.000    0.005    0.005 font_manager.py:1564(_load_fontmanager)
        1    0.000    0.000    0.005    0.005 uuid.py:1(<module>)
        1    0.000    0.000    0.005    0.005 cm.py:32(_gen_cmap_registry)
        1    0.000    0.000    0.005    0.005 socket.py:1(<module>)
     8604    0.004    0.000    0.005    0.000 lines.py:1041(set_antialiased)
        6    0.000    0.000    0.005    0.001 patches.py:2253(pprint_styles)
     31/1    0.000    0.000    0.005    0.005 core.py:5545(streamline)
       79    0.000    0.000    0.005    0.000 core.py:269(_trim_arity)
     1726    0.001    0.000    0.005    0.000 take.py:564(_take_preprocess_indexer_and_fill_value)
       70    0.000    0.000    0.005    0.000 patches.py:600(get_window_extent)
     6572    0.003    0.000    0.005    0.000 copyreg.py:98(__newobj__)
    19849    0.005    0.000    0.005    0.000 {method 'copy' of 'set' objects}
        1    0.000    0.000    0.005    0.005 managers.py:1(<module>)
     1727    0.001    0.000    0.005    0.000 managers.py:1764(is_consolidated)
     8056    0.005    0.000    0.005    0.000 merge.py:370(collect_from_coordinates)
    44885    0.005    0.000    0.005    0.000 base.py:6672(_maybe_cast_indexer)
     8059    0.003    0.000    0.005    0.000 core.py:1362(getmask)
        1    0.000    0.000    0.005    0.005 _pocketfft.py:1(<module>)
    23150    0.004    0.000    0.005    0.000 transforms.py:2308(get_matrix)
        1    0.000    0.000    0.005    0.005 from_dataframe.py:1(<module>)
        1    0.000    0.000    0.005    0.005 floating.py:1(<module>)
     8604    0.003    0.000    0.005    0.000 lines.py:1100(set_gapcolor)
        1    0.000    0.000    0.005    0.005 idna.py:1(<module>)
    24173    0.005    0.000    0.005    0.000 managers.py:196(blklocs)
        1    0.000    0.000    0.005    0.005 case.py:1(<module>)
       30    0.000    0.000    0.005    0.000 PngImagePlugin.py:1064(putchunk)
        1    0.000    0.000    0.005    0.005 connection.py:1(<module>)
        1    0.000    0.000    0.005    0.005 lru.py:1(<module>)
        1    0.000    0.000    0.005    0.005 path.py:1(<module>)
        1    0.000    0.000    0.005    0.005 preloading.py:1(<module>)
     2642    0.002    0.000    0.005    0.000 cbook.py:909(get_siblings)
        1    0.000    0.000    0.005    0.005 reader.py:1(<module>)
    30462    0.005    0.000    0.005    0.000 lines.py:1455(is_dashed)
        1    0.000    0.000    0.005    0.005 base64.py:1(<module>)
        1    0.000    0.000    0.005    0.005 graph_layout.py:1(<module>)
      477    0.003    0.000    0.005    0.000 pathlib.py:387(_parse_path)
        1    0.000    0.000    0.005    0.005 reader.py:45(Reader)
    29119    0.005    0.000    0.005    0.000 _parser.py:240(__next)
        1    0.000    0.000    0.005    0.005 sysconfig.py:532(_init_posix)
       10    0.000    0.000    0.005    0.000 PngImagePlugin.py:1082(write)
      259    0.000    0.000    0.005    0.000 pathlib.py:447(__fspath__)
        1    0.000    0.000    0.005    0.005 table.py:1(<module>)
     1726    0.002    0.000    0.005    0.000 range.py:408(get_loc)
    24858    0.005    0.000    0.005    0.000 {method 'pop' of 'list' objects}
       20    0.002    0.000    0.005    0.000 enum.py:1708(convert_class)
      590    0.002    0.000    0.005    0.000 artist.py:1155(update_from)
       58    0.000    0.000    0.005    0.000 dataclasses.py:661(_cmp_fn)
       58    0.000    0.000    0.005    0.000 dataclasses.py:627(_repr_fn)
       13    0.001    0.000    0.005    0.000 enum.py:919(_convert_)
    29458    0.005    0.000    0.005    0.000 multiarray.py:1080(copyto)
      917    0.001    0.000    0.005    0.000 transforms.py:317(ymax)
     5183    0.003    0.000    0.004    0.000 config.py:676(_translate_key)
     1726    0.001    0.000    0.004    0.000 algorithms.py:217(_ensure_arraylike)
        1    0.000    0.000    0.004    0.004 expr.py:1(<module>)
       18    0.000    0.000    0.004    0.000 composer.py:99(compose_sequence_node)
       52    0.000    0.000    0.004    0.000 spines.py:292(draw)
        2    0.000    0.000    0.004    0.002 function_base.py:1(<module>)
        1    0.000    0.000    0.004    0.004 functoolz.py:1(<module>)
       18    0.000    0.000    0.004    0.000 axis.py:647(__init__)
       18    0.000    0.000    0.004    0.000 _base.py:3316(tick_params)
        8    0.000    0.000    0.004    0.001 pathlib.py:835(stat)
        1    0.000    0.000    0.004    0.004 expat.py:1(<module>)
       95    0.004    0.000    0.004    0.000 {method 'write' of '_io.BufferedRandom' objects}
        1    0.000    0.000    0.004    0.004 lzma.py:1(<module>)
        1    0.000    0.000    0.004    0.004 JpegImagePlugin.py:1(<module>)
      826    0.001    0.000    0.004    0.000 transforms.py:302(xmin)
    10055    0.003    0.000    0.004    0.000 _parser.py:176(append)
    12727    0.004    0.000    0.004    0.000 {built-in method builtins.delattr}
     8351    0.003    0.000    0.004    0.000 transforms.py:252(y0)
        9    0.000    0.000    0.004    0.000 _base.py:1198(_gen_axes_spines)
      166    0.002    0.000    0.004    0.000 ticker.py:747(_set_order_of_magnitude)
        4    0.000    0.000    0.004    0.001 queues.py:1(<module>)
        1    0.000    0.000    0.004    0.004 _policybase.py:1(<module>)
       17    0.003    0.000    0.004    0.000 netCDF4_.py:501(prepare_variable)
       36    0.000    0.000    0.004    0.000 spines.py:432(linear_spine)
     1062    0.002    0.000    0.004    0.000 <frozen importlib._bootstrap_external>:666(_classify_pyc)
        1    0.000    0.000    0.004    0.004 nanny.py:1(<module>)
        1    0.000    0.000    0.004    0.004 readers.py:1575(__init__)
    24374    0.004    0.000    0.004    0.000 transforms.py:2119(get_matrix)
        1    0.000    0.000    0.004    0.004 sysconfig.py:1(<module>)
     6904    0.002    0.000    0.004    0.000 computation.py:723(<genexpr>)
       30    0.000    0.000    0.004    0.000 pathlib.py:1081(glob)
        1    0.000    0.000    0.004    0.004 readers.py:1848(_make_engine)
        4    0.000    0.000    0.004    0.001 missing.py:1(<module>)
      123    0.000    0.000    0.004    0.000 __init__.py:331(wrapper)
      215    0.001    0.000    0.004    0.000 __init__.py:310(_from_text_for)
      502    0.001    0.000    0.004    0.000 core.py:522(copy)
    24749    0.004    0.000    0.004    0.000 {method 'rstrip' of 'str' objects}
        1    0.000    0.000    0.004    0.004 arithmetic.py:1(<module>)
     1355    0.004    0.000    0.004    0.000 transforms.py:2897(_interval_contains_close)
        1    0.000    0.000    0.004    0.004 align.py:1(<module>)
      208    0.000    0.000    0.004    0.000 text.py:342(update_from)
       70    0.000    0.000    0.004    0.000 path.py:607(get_extents)
        1    0.000    0.000    0.004    0.004 _secondary_axes.py:1(<module>)
        1    0.000    0.000    0.004    0.004 metrics.py:1(<module>)
        1    0.000    0.000    0.004    0.004 _buffer.py:1(<module>)
        1    0.000    0.000    0.004    0.004 grouper.py:1(<module>)
        2    0.000    0.000    0.004    0.002 __init__.py:514(_get_config_or_cache_dir)
    28768    0.004    0.000    0.004    0.000 utils.py:510(__init__)
        1    0.000    0.000    0.004    0.004 heapq.py:1(<module>)
        1    0.000    0.000    0.004    0.004 _array_like.py:1(<module>)
     1727    0.004    0.000    0.004    0.000 managers.py:2190(_form_blocks)
      115    0.000    0.000    0.004    0.000 typing.py:514(__getitem__)
        1    0.000    0.000    0.004    0.004 cluster_dump.py:1(<module>)
      127    0.000    0.000    0.004    0.000 textwrap.py:341(_split_chunks)
     3452    0.003    0.000    0.004    0.000 core.py:726(sizes)
     1727    0.002    0.000    0.004    0.000 construction.py:769(_try_cast)
       13    0.000    0.000    0.004    0.000 rcsetup.py:401(validate_font_properties)
        1    0.000    0.000    0.004    0.004 spans.py:1(<module>)
     8598    0.003    0.000    0.004    0.000 backend_bases.py:1031(get_hatch_path)
       24    0.000    0.000    0.004    0.000 utils.py:1429(_bind_operator)
       58    0.000    0.000    0.004    0.000 patches.py:48(__init__)
        1    0.000    0.000    0.004    0.004 datetime.py:1(<module>)
        1    0.000    0.000    0.004    0.004 arrow_parser_wrapper.py:1(<module>)
      877    0.001    0.000    0.004    0.000 transforms.py:307(ymin)
    16409    0.004    0.000    0.004    0.000 managers.py:1837(__init__)
      115    0.004    0.000    0.004    0.000 {method 'draw_markers' of 'matplotlib.backends._backend_agg.RendererAgg' objects}
    23301    0.004    0.000    0.004    0.000 alignment.py:76(<genexpr>)
      548    0.001    0.000    0.004    0.000 text.py:982(set_color)
       10    0.000    0.000    0.004    0.000 core.py:5642(__init__)
        1    0.000    0.000    0.004    0.004 font_manager.py:970(json_load)
     1206    0.003    0.000    0.004    0.000 font_manager.py:814(set_size)
        1    0.000    0.000    0.004    0.004 _afm.py:1(<module>)
    39416    0.004    0.000    0.004    0.000 contextlib.py:440(__init__)
        1    0.000    0.000    0.004    0.004 _triinterpolate.py:1(<module>)
     3452    0.003    0.000    0.004    0.000 computation.py:87(all_input_core_dims)
     5586    0.003    0.000    0.004    0.000 copy.py:231(_keep_alive)
     8057    0.002    0.000    0.004    0.000 indexing.py:546(_check_and_raise_if_non_basic_indexer)
        1    0.000    0.000    0.004    0.004 locale.py:1(<module>)
    25777    0.004    0.000    0.004    0.000 transforms.py:1758(<lambda>)
    18121    0.003    0.000    0.004    0.000 dataset.py:761(encoding)
        1    0.000    0.000    0.004    0.004 helpers.py:412(nested_expr)
        1    0.000    0.000    0.004    0.004 idtracking.py:1(<module>)
      317    0.000    0.000    0.004    0.000 function_base.py:497(add_newdoc)
       13    0.000    0.000    0.004    0.000 backend_agg.py:393(get_renderer)
       37    0.000    0.000    0.004    0.000 delayed.py:654(_get_binary_operator)
        9    0.001    0.000    0.004    0.000 figure.py:215(_get_draw_artists)
     30/9    0.000    0.000    0.004    0.000 core.py:4524(leave_whitespace)
        2    0.000    0.000    0.004    0.002 scanner.py:1(<module>)
        1    0.000    0.000    0.004    0.004 _add_newdocs.py:1(<module>)
    48354    0.004    0.000    0.004    0.000 transforms.py:1367(depth)
      200    0.004    0.000    0.004    0.000 {method 'draw_text_image' of 'matplotlib.backends._backend_agg.RendererAgg' objects}
    34544    0.004    0.000    0.004    0.000 indexing.py:1666(dtype)
        8    0.004    0.000    0.004    0.000 {method 'readlines' of '_io._IOBase' objects}
    15473    0.004    0.000    0.004    0.000 backend_bases.py:1000(set_linewidth)
        1    0.000    0.000    0.004    0.004 type_check.py:1(<module>)
        1    0.000    0.000    0.004    0.004 tasks.py:1(<module>)
        1    0.000    0.000    0.004    0.004 conventions.py:1(<module>)
     3593    0.004    0.000    0.004    0.000 {method 'format' of 'str' objects}
       37    0.000    0.000    0.004    0.000 delayed.py:278(delayed)
      109    0.000    0.000    0.004    0.000 typing.py:746(Literal)
        4    0.000    0.000    0.004    0.001 concat.py:1(<module>)
      154    0.000    0.000    0.004    0.000 core.py:1417(__add__)
     8604    0.003    0.000    0.004    0.000 lines.py:550(set_markevery)
     8513    0.003    0.000    0.004    0.000 transforms.py:1773(__array__)
     1727    0.000    0.000    0.004    0.000 series.py:914(__len__)
      826    0.001    0.000    0.004    0.000 transforms.py:312(xmax)
        1    0.000    0.000    0.004    0.004 _constrained_layout.py:1(<module>)
     1726    0.004    0.000    0.004    0.000 cast.py:551(maybe_promote)
        3    0.000    0.000    0.004    0.001 tokenize.py:445(open)
       36    0.000    0.000    0.004    0.000 spines.py:35(__init__)
      704    0.001    0.000    0.004    0.000 enum.py:1562(__and__)
     7475    0.004    0.000    0.004    0.000 {method 'expandtabs' of 'str' objects}
        1    0.000    0.000    0.004    0.004 tcpserver.py:1(<module>)
        1    0.000    0.000    0.004    0.004 twodim_base.py:1(<module>)
        1    0.000    0.000    0.004    0.004 relativedelta.py:1(<module>)
        2    0.000    0.000    0.004    0.002 iterators.py:1(<module>)
    29364    0.004    0.000    0.004    0.000 generic.py:405(flags)
     1727    0.002    0.000    0.004    0.000 range.py:201(_simple_new)
    10356    0.003    0.000    0.004    0.000 computation.py:119(num_outputs)
      409    0.000    0.000    0.004    0.000 rcsetup.py:307(validate_color)
        1    0.000    0.000    0.004    0.004 resolver.py:1(<module>)
        1    0.000    0.000    0.004    0.004 ImageFile.py:1(<module>)
     1355    0.001    0.000    0.004    0.000 ticker.py:514(_format_maybe_minus_and_locale)
        9    0.000    0.000    0.004    0.000 axis.py:2294(__init__)
        2    0.000    0.000    0.004    0.002 construction.py:1(<module>)
    10004    0.004    0.000    0.004    0.000 {built-in method math.cos}
        1    0.000    0.000    0.004    0.004 node.py:1(<module>)
       16    0.000    0.000    0.004    0.000 _base.py:2874(handle_single_axis)
        5    0.003    0.001    0.004    0.001 backend_agg.py:64(__init__)
       51    0.000    0.000    0.004    0.000 parser.py:381(parse_block_sequence_entry)
        1    0.000    0.000    0.004    0.004 _text.py:1(<module>)
     1727    0.003    0.000    0.004    0.000 managers.py:1772(_consolidate_check)
        9    0.000    0.000    0.004    0.000 axis.py:2532(__init__)
        1    0.000    0.000    0.004    0.004 decimal.py:1(<module>)
    16162    0.003    0.000    0.004    0.000 backend_bases.py:969(set_foreground)
     7769    0.002    0.000    0.004    0.000 common.py:1399(_get_dtype)
        1    0.000    0.000    0.004    0.004 ElementTree.py:36(_get_py3_cls)
     3468    0.002    0.000    0.004    0.000 base.py:549(find)
        1    0.000    0.000    0.004    0.004 runner.py:1(<module>)
     1726    0.001    0.000    0.003    0.000 common.py:164(__array__)
    14672    0.003    0.000    0.003    0.000 managers.py:246(items)
     8058    0.003    0.000    0.003    0.000 coordinates.py:830(_names)
        1    0.000    0.000    0.003    0.003 addressing.py:1(<module>)
     2453    0.002    0.000    0.003    0.000 <frozen importlib._bootstrap>:74(__new__)
      956    0.001    0.000    0.003    0.000 transforms.py:1966(clear)
     3186    0.002    0.000    0.003    0.000 <frozen importlib._bootstrap_external>:84(_unpack_uint32)
       80    0.000    0.000    0.003    0.000 axis.py:497(_apply_tickdir)
     11/9    0.000    0.000    0.003    0.000 _base.py:3588(set_xlim)
      127    0.000    0.000    0.003    0.000 textwrap.py:157(_split)
        4    0.000    0.000    0.003    0.001 process.py:1(<module>)
    25994    0.003    0.000    0.003    0.000 {built-in method _operator.index}
      111    0.000    0.000    0.003    0.000 rcsetup.py:88(f)
        1    0.000    0.000    0.003    0.003 object_array.py:1(<module>)
     3452    0.003    0.000    0.003    0.000 dataarray.py:926(attrs)
     1113    0.002    0.000    0.003    0.000 <frozen posixpath>:71(join)
        1    0.000    0.000    0.003    0.003 itertoolz.py:1(<module>)
    32892    0.003    0.000    0.003    0.000 artist.py:960(get_agg_filter)
       12    0.000    0.000    0.003    0.000 duck_array_ops.py:396(_create_nan_agg_method)
       78    0.000    0.000    0.003    0.000 axis.py:440(_apply_tickdir)
    14840    0.003    0.000    0.003    0.000 core.py:437(dtype)
        1    0.000    0.000    0.003    0.003 series.py:263(Series)
        1    0.000    0.000    0.003    0.003 ImageMath.py:1(<module>)
      202    0.000    0.000    0.003    0.000 typing.py:1519(__getitem__)
    10356    0.002    0.000    0.003    0.000 computation.py:1234(<genexpr>)
        1    0.000    0.000    0.003    0.003 string_arrow.py:1(<module>)
        1    0.000    0.000    0.003    0.003 hashlib.py:1(<module>)
        1    0.000    0.000    0.003    0.003 check.py:1(<module>)
      310    0.003    0.000    0.003    0.000 stride_tricks.py:340(_broadcast_to)
    12947    0.003    0.000    0.003    0.000 blocks.py:718(dtype)
       14    0.000    0.000    0.003    0.000 hashlib.py:126(__get_openssl_constructor)
    39416    0.003    0.000    0.003    0.000 contextlib.py:443(__enter__)
        1    0.000    0.000    0.003    0.003 common.py:664(get_handle)
        5    0.000    0.000    0.003    0.001 Image.py:593(_ensure_mutable)
      409    0.000    0.000    0.003    0.000 __init__.py:312(<genexpr>)
        5    0.000    0.000    0.003    0.001 Image.py:587(_copy)
    28306    0.003    0.000    0.003    0.000 artist.py:841(get_visible)
    32892    0.003    0.000    0.003    0.000 artist.py:933(get_rasterized)
        5    0.003    0.001    0.003    0.001 {method 'copy' of 'ImagingCore' objects}
        1    0.000    0.000    0.003    0.003 tarfile.py:1(<module>)
        2    0.000    0.000    0.003    0.002 hashlib.py:82(__get_builtin_constructor)
       86    0.000    0.000    0.003    0.000 typing.py:1548(__getitem__)
       99    0.001    0.000    0.003    0.000 typing.py:1047(_generic_class_getitem)
     1254    0.002    0.000    0.003    0.000 inspect.py:175(get_annotations)
        6    0.000    0.000    0.003    0.001 pathlib.py:870(is_dir)
     1062    0.001    0.000    0.003    0.000 <frozen importlib._bootstrap_external>:699(_validate_timestamp_pyc)
        1    0.000    0.000    0.003    0.003 mimetypes.py:1(<module>)
       32    0.000    0.000    0.003    0.000 colors.py:1036(from_list)
      155    0.001    0.000    0.003    0.000 core.py:3909(__init__)
    15142    0.002    0.000    0.003    0.000 image.py:124(<genexpr>)
       97    0.000    0.000    0.003    0.000 docscrape.py:362(_parse_summary)
    24163    0.003    0.000    0.003    0.000 function_base.py:5559(_append_dispatcher)
       18    0.000    0.000    0.003    0.000 rcsetup.py:662(cycler)
 1058/451    0.000    0.000    0.003    0.000 core.py:1908(name)
       37    0.000    0.000    0.003    0.000 delayed.py:257(tokenize)
    24163    0.003    0.000    0.003    0.000 fromnumeric.py:1764(_ravel_dispatcher)
      141    0.003    0.000    0.003    0.000 {method 'split' of 're.Pattern' objects}
       30    0.000    0.000    0.003    0.000 functools.py:852(register)
       37    0.000    0.000    0.003    0.000 base.py:1012(tokenize)
     6907    0.002    0.000    0.003    0.000 variable.py:2920(<genexpr>)
        1    0.000    0.000    0.003    0.003 csv.py:1(<module>)
        7    0.000    0.000    0.003    0.000 core.py:2768(__init__)
      489    0.001    0.000    0.003    0.000 typing.py:345(_remove_dups_flatten)
     62/9    0.000    0.000    0.003    0.000 core.py:3751(leave_whitespace)
        1    0.000    0.000    0.003    0.003 message.py:135(Message)
    37/33    0.000    0.000    0.003    0.000 axis.py:2269(setter)
       13    0.000    0.000    0.003    0.000 _mathtext.py:1789(cmd)
       24    0.000    0.000    0.003    0.000 functools.py:936(register)
   133/64    0.000    0.000    0.003    0.000 core.py:3843(copy)
        3    0.000    0.000    0.003    0.001 __init__.py:609(gen_candidates)
    21870    0.003    0.000    0.003    0.000 dataarray.py:680(name)
    13493    0.003    0.000    0.003    0.000 enum.py:1292(value)
     2674    0.002    0.000    0.003    0.000 cbook.py:405(_strip_comment)
        1    0.000    0.000    0.003    0.003 __init__.py:552(get_configdir)
  712/324    0.000    0.000    0.003    0.000 core.py:1878(default_name)
        1    0.000    0.000    0.003    0.003 queue.py:1(<module>)
      278    0.001    0.000    0.003    0.000 overrides.py:83(verify_matching_signatures)
  668/632    0.001    0.000    0.003    0.000 spines.py:339(get_spine_transform)
      409    0.000    0.000    0.003    0.000 __init__.py:316(<genexpr>)
        1    0.000    0.000    0.003    0.003 struct.py:1(<module>)
      434    0.001    0.000    0.003    0.000 transforms.py:1612(transform_path_non_affine)
      436    0.000    0.000    0.003    0.000 _parser.py:98(closegroup)
    10831    0.003    0.000    0.003    0.000 <frozen importlib._bootstrap>:491(_verbose_message)
     8334    0.003    0.000    0.003    0.000 {method 'rpartition' of 'str' objects}
      790    0.000    0.000    0.003    0.000 axis.py:338(_set_artist_props)
       18    0.000    0.000    0.003    0.000 axis.py:2536(_init)
      433    0.001    0.000    0.003    0.000 scanner.py:1311(scan_plain_spaces)
        1    0.000    0.000    0.003    0.003 rmm.py:1(<module>)
       16    0.000    0.000    0.003    0.000 axis.py:2398(_update_offset_text_position)
     1555    0.001    0.000    0.003    0.000 axis.py:786(get_transform)
    24185    0.003    0.000    0.003    0.000 artist.py:1089(get_label)
        1    0.000    0.000    0.003    0.003 worker_state_machine.py:1060(WorkerState)
    23309    0.003    0.000    0.003    0.000 dataset.py:438(__init__)
      743    0.001    0.000    0.003    0.000 text.py:890(get_unitless_position)
     1727    0.001    0.000    0.003    0.000 common.py:301(maybe_iterable_to_list)
      241    0.000    0.000    0.003    0.000 rcsetup.py:279(validate_color_for_prop_cycle)
       19    0.000    0.000    0.003    0.000 _decorators.py:294(decorate)
      541    0.000    0.000    0.003    0.000 fromnumeric.py:3269(round)
        1    0.000    0.000    0.003    0.003 _tricontour.py:1(<module>)
    45/12    0.000    0.000    0.003    0.000 typing.py:1267(__getitem__)
      303    0.000    0.000    0.003    0.000 docscrape.py:558(dedent_lines)
        1    0.000    0.000    0.003    0.003 spines.py:1(<module>)
    24586    0.003    0.000    0.003    0.000 reader.py:87(peek)
        1    0.000    0.000    0.003    0.003 _dtype_like.py:1(<module>)
     2122    0.001    0.000    0.003    0.000 font_manager.py:722(set_family)
       90    0.000    0.000    0.003    0.000 typing.py:1533(__getitem_inner__)
        1    0.000    0.000    0.003    0.003 _signatures.py:167(update_signature_registry)
     9642    0.003    0.000    0.003    0.000 {method 'endswith' of 'str' objects}
       78    0.000    0.000    0.003    0.000 legend.py:1186(<genexpr>)
       26    0.000    0.000    0.003    0.000 typing.py:2186(get_type_hints)
       53    0.000    0.000    0.003    0.000 util.py:240(replaced_by_pep8)
     4248    0.002    0.000    0.003    0.000 <frozen importlib._bootstrap_external>:134(<genexpr>)
     1721    0.001    0.000    0.003    0.000 scale.py:115(get_transform)
       78    0.001    0.000    0.003    0.000 transforms.py:569(count_contains)
      197    0.003    0.000    0.003    0.000 {method 'draw_glyphs_to_bitmap' of 'matplotlib.ft2font.FT2Font' objects}
    16408    0.003    0.000    0.003    0.000 managers.py:1940(_block)
    15166    0.003    0.000    0.003    0.000 _ufunc_config.py:426(__init__)
     1725    0.002    0.000    0.003    0.000 utils.py:200(peek_at)
        1    0.000    0.000    0.003    0.003 contextvars.py:1(<module>)
      430    0.001    0.000    0.003    0.000 docscrape.py:74(read_to_condition)
        2    0.000    0.000    0.003    0.001 pathlib.py:1306(mkdir)
     1727    0.001    0.000    0.003    0.000 base.py:74(__len__)
        5    0.000    0.000    0.003    0.001 backend_bases.py:3404(new_figure_manager)
        2    0.000    0.000    0.002    0.001 nanops.py:1(<module>)
        8    0.002    0.000    0.002    0.000 {method 'readline' of '_io.BufferedReader' objects}
        1    0.000    0.000    0.002    0.002 bisect.py:1(<module>)
       94    0.000    0.000    0.002    0.000 offsetbox.py:421(__init__)
    10204    0.002    0.000    0.002    0.000 {built-in method math.radians}
       24    0.001    0.000    0.002    0.000 util.py:186(_collapse_string_to_ranges)
        1    0.000    0.000    0.002    0.002 axes3d.py:42(Axes3D)
      494    0.001    0.000    0.002    0.000 text.py:1027(set_linespacing)
        2    0.000    0.000    0.002    0.001 objects.py:1(<module>)
      100    0.002    0.000    0.002    0.000 function_base.py:24(linspace)
     1355    0.001    0.000    0.002    0.000 ticker.py:245(fix_minus)
      196    0.001    0.000    0.002    0.000 dataclasses.py:760(_get_field)
        8    0.000    0.000    0.002    0.000 core.py:5408(__ilshift__)
        1    0.000    0.000    0.002    0.002 version.py:159(Version)
        1    0.000    0.000    0.002    0.002 core.py:394(ParserElement)
    12947    0.002    0.000    0.002    0.000 indexing.py:359(__init__)
      863    0.000    0.000    0.002    0.000 base.py:7535(shape)
    10004    0.002    0.000    0.002    0.000 {built-in method math.sin}
       70    0.000    0.000    0.002    0.000 offsetbox.py:603(__init__)
     1407    0.002    0.000    0.002    0.000 inspect.py:747(unwrap)
        8    0.000    0.000    0.002    0.000 core.py:5386(__lshift__)
        1    0.000    0.000    0.002    0.002 backend_agg.py:1(<module>)
      356    0.001    0.000    0.002    0.000 inspect.py:794(_finddoc)
    15306    0.002    0.000    0.002    0.000 backend_bases.py:939(set_dashes)
      806    0.001    0.000    0.002    0.000 font_manager.py:736(set_style)
       17    0.000    0.000    0.002    0.000 gridspec.py:658(get_position)
    15013    0.002    0.000    0.002    0.000 transforms.py:2646(get_matrix)
        1    0.000    0.000    0.002    0.002 __init__.py:336(Version)
     2609    0.001    0.000    0.002    0.000 colors.py:394(<genexpr>)
    18666    0.002    0.000    0.002    0.000 artist.py:1128(sticky_edges)
      194    0.000    0.000    0.002    0.000 docscrape.py:216(_read_sections)
      983    0.001    0.000    0.002    0.000 backend_agg.py:42(get_hinting_flag)
       78    0.000    0.000    0.002    0.000 transforms.py:1593(transform_path)
      409    0.000    0.000    0.002    0.000 __init__.py:103(<genexpr>)
        1    0.000    0.000    0.002    0.002 config.py:176(_load_config_file)
       18    0.000    0.000    0.002    0.000 axis.py:2298(_init)
     7615    0.002    0.000    0.002    0.000 _parser.py:256(match)
      217    0.001    0.000    0.002    0.000 core.py:3717(__init__)
     2292    0.001    0.000    0.002    0.000 copy.py:252(<genexpr>)
     2644    0.002    0.000    0.002    0.000 weakref.py:451(get)
     2453    0.002    0.000    0.002    0.000 <frozen importlib._bootstrap>:82(remove)
        4    0.000    0.000    0.002    0.001 figure.py:2752(_get_renderer)
     1243    0.001    0.000    0.002    0.000 <frozen importlib._bootstrap>:445(cb)
    14671    0.002    0.000    0.002    0.000 multiarray.py:346(where)
      397    0.000    0.000    0.002    0.000 text.py:1095(set_fontsize)
        1    0.000    0.000    0.002    0.002 nvml.py:1(<module>)
    15797    0.002    0.000    0.002    0.000 font_manager.py:655(get_family)
     5047    0.001    0.000    0.002    0.000 <frozen importlib._bootstrap>:1226(__exit__)
        1    0.000    0.000    0.002    0.002 readers.py:1907(read)
    76/37    0.000    0.000    0.002    0.000 base.py:1145(_normalize_seq_func)
     2530    0.002    0.000    0.002    0.000 offsetbox.py:190(<genexpr>)
      167    0.000    0.000    0.002    0.000 transforms.py:2759(get_transformed_points_and_affine)
     8060    0.002    0.000    0.002    0.000 _base.py:333(_setdefaults)
        1    0.000    0.000    0.002    0.002 accessor.py:157(StringMethods)
        5    0.000    0.000    0.002    0.000 figure.py:2398(__init__)
5182/5181    0.002    0.000    0.002    0.000 {method 'view' of 'numpy.ndarray' objects}
     1727    0.002    0.000    0.002    0.000 cast.py:922(_maybe_infer_dtype_type)
       67    0.001    0.000    0.002    0.000 deprecation.py:128(deprecate)
     1724    0.000    0.000    0.002    0.000 common.py:155(__float__)
        1    0.000    0.000    0.002    0.002 platform.py:1(<module>)
     6904    0.002    0.000    0.002    0.000 dtypes.py:531(validate_ordered)
     6866    0.002    0.000    0.002    0.000 scanner.py:279(stale_possible_simple_keys)
       54    0.000    0.000    0.002    0.000 core.py:1705(__call__)
    15776    0.002    0.000    0.002    0.000 artist.py:723(get_path_effects)
      332    0.002    0.000    0.002    0.000 ticker.py:1904(scale_range)
     4315    0.002    0.000    0.002    0.000 multi.py:1571(_get_names)
    14682    0.002    0.000    0.002    0.000 generic.py:363(attrs)
        1    0.000    0.000    0.002    0.002 _pslinux.py:1729(Process)
      432    0.000    0.000    0.002    0.000 __init__.py:757(normalize)
     1246    0.001    0.000    0.002    0.000 __init__.py:82(find_spec)
    12945    0.002    0.000    0.002    0.000 {built-in method sys.getrefcount}
     2453    0.002    0.000    0.002    0.000 <frozen importlib._bootstrap>:79(__init__)
      506    0.000    0.000    0.002    0.000 typing.py:1454(<genexpr>)
    12945    0.002    0.000    0.002    0.000 function_base.py:5365(_insert_dispatcher)
       51    0.000    0.000    0.002    0.000 core.py:585(_setResultsName)
     8077    0.002    0.000    0.002    0.000 transforms.py:1757(<lambda>)
      321    0.001    0.000    0.002    0.000 docscrape.py:174(_is_at_section)
    10361    0.002    0.000    0.002    0.000 options.py:140(_get_boolean_with_default)
    10356    0.002    0.000    0.002    0.000 computation.py:81(<genexpr>)
       29    0.001    0.000    0.002    0.000 pathlib.py:200(_select_from)
     1725    0.001    0.000    0.002    0.000 coordinates.py:391(sizes)
       64    0.000    0.000    0.002    0.000 legend.py:1141(_get_anchored_bbox)
      114    0.000    0.000    0.002    0.000 offsetbox.py:647(set_offset)
     8068    0.001    0.000    0.002    0.000 legend.py:1256(<genexpr>)
        7    0.000    0.000    0.002    0.000 reader.py:177(update_raw)
    17219    0.002    0.000    0.002    0.000 path.py:223(codes)
      364    0.000    0.000    0.002    0.000 {method 'sum' of 'numpy.ndarray' objects}
      295    0.000    0.000    0.002    0.000 inspect.py:3066(replace)
        1    0.000    0.000    0.002    0.002 cookies.py:1(<module>)
        2    0.000    0.000    0.002    0.001 pathlib.py:164(select_from)
        1    0.000    0.000    0.002    0.002 __init__.py:274(load)
     1242    0.001    0.000    0.002    0.000 <frozen importlib._bootstrap>:1128(find_spec)
     1253    0.001    0.000    0.002    0.000 artist.py:1043(set_visible)
      508    0.000    0.000    0.002    0.000 pathlib.py:1157(__init__)
        1    0.000    0.000    0.002    0.002 rolling.py:1(<module>)
    16422    0.002    0.000    0.002    0.000 patches.py:767(rotation_point)
      556    0.001    0.000    0.002    0.000 dataclasses.py:701(_is_type)
        2    0.000    0.000    0.002    0.001 common.py:1165(_is_binary_mode)
     2386    0.001    0.000    0.002    0.000 <frozen importlib._bootstrap>:645(parent)
        2    0.000    0.000    0.002    0.001 constructor.py:54(construct_document)
     2589    0.001    0.000    0.002    0.000 dataset.py:7350(<genexpr>)
    15780    0.002    0.000    0.002    0.000 backend_bases.py:1004(set_url)
    14682    0.002    0.000    0.002    0.000 flags.py:55(allows_duplicate_labels)
    12945    0.002    0.000    0.002    0.000 multiarray.py:892(bincount)
        2    0.000    0.000    0.002    0.001 __init__.py:1658(cpu_times)
     5047    0.001    0.000    0.002    0.000 <frozen importlib._bootstrap>:1222(__enter__)
       71    0.000    0.000    0.002    0.000 text.py:239(_get_xy_display)
       64    0.000    0.000    0.002    0.000 offsetbox.py:1086(_get_anchored_bbox)
        2    0.002    0.001    0.002    0.001 {built-in method posix.mkdir}
     5849    0.001    0.000    0.002    0.000 _parser.py:164(__len__)
      605    0.001    0.000    0.002    0.000 _inspect.py:96(getargspec)
     1148    0.001    0.000    0.002    0.000 scanner.py:135(get_token)
       99    0.000    0.000    0.002    0.000 _mathtext.py:601(_get_glyph)
    12945    0.002    0.000    0.002    0.000 numeric.py:1389(_moveaxis_dispatcher)
      118    0.000    0.000    0.002    0.000 spines.py:234(_adjust_location)
    21685    0.002    0.000    0.002    0.000 backend_bases.py:754(<lambda>)
      541    0.002    0.000    0.002    0.000 {method 'round' of 'numpy.ndarray' objects}
    16624    0.002    0.000    0.002    0.000 path.py:242(simplify_threshold)
      104    0.000    0.000    0.002    0.000 docscrape.py:205(_read_to_next_section)
  773/166    0.000    0.000    0.002    0.000 core.py:1913(__str__)
    15121    0.002    0.000    0.002    0.000 backend_bases.py:930(set_clip_rectangle)
     2453    0.001    0.000    0.002    0.000 <frozen importlib._bootstrap>:173(__exit__)
        1    0.000    0.000    0.002    0.002 _identifier.py:1(<module>)
    15398    0.002    0.000    0.002    0.000 artist.py:597(get_url)
      588    0.000    0.000    0.002    0.000 inspect.py:2001(_signature_get_user_defined_method)
     1900    0.001    0.000    0.002    0.000 text.py:683(_get_wrapped_text)
        2    0.000    0.000    0.002    0.001 _aggregations.py:1(<module>)
  720/390    0.000    0.000    0.002    0.000 _base.py:909(get_xaxis_transform)
    12946    0.002    0.000    0.002    0.000 missing.py:1073(clean_reindex_fill_method)
        1    0.000    0.000    0.002    0.002 common.py:1186(_get_binary_io_classes)
     2020    0.002    0.000    0.002    0.000 transforms.py:341(intervaly)
  738/400    0.000    0.000    0.002    0.000 _base.py:989(get_yaxis_transform)
      370    0.000    0.000    0.002    0.000 artist.py:1112(set_zorder)
    89/37    0.000    0.000    0.002    0.000 utils.py:768(__call__)
    11296    0.002    0.000    0.002    0.000 {method 'strip' of 'str' objects}
        2    0.000    0.000    0.002    0.001 core.py:5932(srange)
    15472    0.002    0.000    0.002    0.000 backend_bases.py:1012(set_snap)
      215    0.000    0.000    0.002    0.000 _functools.py:89(pass_none)
    45/12    0.000    0.000    0.002    0.000 typing.py:1299(_determine_new_args)
     9407    0.002    0.000    0.002    0.000 {method 'isidentifier' of 'str' objects}
        1    0.000    0.000    0.002    0.002 docscrape.py:118(NumpyDocString)
     5183    0.002    0.000    0.002    0.000 config.py:617(_select_options)
      241    0.001    0.000    0.002    0.000 scanner.py:545(fetch_value)
      863    0.001    0.000    0.002    0.000 common.py:1163(is_float_dtype)
    45/12    0.000    0.000    0.002    0.000 typing.py:1328(_make_substitution)
      801    0.001    0.000    0.002    0.000 font_manager.py:749(set_variant)
   138/72    0.000    0.000    0.002    0.000 constructor.py:410(construct_yaml_map)
        2    0.000    0.000    0.002    0.001 <frozen genericpath>:39(isdir)
       16    0.000    0.000    0.002    0.000 typing.py:2854(__new__)
        1    0.000    0.000    0.002    0.002 _char_codes.py:1(<module>)
    16144    0.002    0.000    0.002    0.000 font_manager.py:700(get_size)
        1    0.000    0.000    0.002    0.002 common.py:479(encode)
     1726    0.002    0.000    0.002    0.000 {method 'union' of 'set' objects}
      224    0.000    0.000    0.002    0.000 docscrape.py:84(read_to_next_empty_line)
     2589    0.002    0.000    0.002    0.000 utils.py:314(is_valid_numpy_dtype)
    16624    0.002    0.000    0.002    0.000 path.py:254(should_simplify)
     5178    0.001    0.000    0.002    0.000 cast.py:1463(<genexpr>)
       78    0.000    0.000    0.002    0.000 transforms.py:1602(transform_path_affine)
     4039    0.001    0.000    0.002    0.000 cbook.py:1851(_str_equal)
      442    0.001    0.000    0.002    0.000 composer.py:88(compose_scalar_node)
    15473    0.002    0.000    0.002    0.000 artist.py:664(get_sketch_params)
    11924    0.002    0.000    0.002    0.000 fromnumeric.py:195(_reshape_dispatcher)
        1    0.000    0.000    0.002    0.002 ExifTags.py:21(Base)
       80    0.000    0.000    0.002    0.000 axis.py:491(_get_text1_transform)
       69    0.000    0.000    0.002    0.000 constructor.py:215(construct_mapping)
      849    0.001    0.000    0.002    0.000 typing.py:1178(__getattr__)
        1    0.000    0.000    0.002    0.002 _rechunk.py:1(<module>)
      262    0.000    0.000    0.002    0.000 pathlib.py:380(with_segments)
       78    0.000    0.000    0.002    0.000 axis.py:434(_get_text1_transform)
       40    0.000    0.000    0.002    0.000 typing.py:1822(__new__)
     4506    0.001    0.000    0.002    0.000 inspect.py:3045(<genexpr>)
     1315    0.000    0.000    0.002    0.000 <frozen importlib._bootstrap_external>:185(_path_abspath)
      184    0.000    0.000    0.002    0.000 offsetbox.py:636(get_transform)
       67    0.002    0.000    0.002    0.000 colors.py:1089(reversed)
      205    0.001    0.000    0.002    0.000 inspect.py:2095(_signature_bound_method)
      227    0.000    0.000    0.002    0.000 pathlib.py:711(joinpath)
      364    0.000    0.000    0.002    0.000 _methods.py:47(_sum)
    14817    0.002    0.000    0.002    0.000 font_manager.py:671(get_style)
      114    0.000    0.000    0.002    0.000 offsetbox.py:776(set_offset)
      863    0.001    0.000    0.002    0.000 base.py:1686(name)
        8    0.000    0.000    0.002    0.000 dataclasses.py:638(_frozen_get_del_attr)
      891    0.001    0.000    0.002    0.000 text.py:1246(set_verticalalignment)
      511    0.001    0.000    0.002    0.000 core.py:461(__init__)
     1225    0.000    0.000    0.002    0.000 transforms.py:2255(get_affine)
        1    0.000    0.000    0.002    0.002 requirements.py:33(__init__)
       17    0.001    0.000    0.002    0.000 utils.py:81(_StartCountStride)
        9    0.000    0.000    0.002    0.000 _base.py:785(set_subplotspec)
       80    0.000    0.000    0.002    0.000 _base.py:1017(get_yaxis_text1_transform)
     1726    0.001    0.000    0.002    0.000 missing.py:673(na_value_for_dtype)
       90    0.000    0.000    0.002    0.000 typing.py:1515(copy_with)
     1056    0.001    0.000    0.002    0.000 _compiler.py:398(_simple)
     2515    0.001    0.000    0.002    0.000 text.py:1203(set_y)
       78    0.000    0.000    0.002    0.000 _base.py:937(get_xaxis_text1_transform)
    15996    0.002    0.000    0.002    0.000 artist.py:611(get_gid)
        5    0.000    0.000    0.002    0.000 enum.py:863(_create_)
       17    0.000    0.000    0.002    0.000 deprecation.py:379(wrapper)
    15780    0.002    0.000    0.002    0.000 backend_bases.py:807(restore)
       66    0.000    0.000    0.002    0.000 parser.py:422(parse_block_mapping_first_key)
     1062    0.002    0.000    0.002    0.000 {built-in method _imp._fix_co_filename}
        1    0.000    0.000    0.002    0.002 ipaddress.py:1(<module>)
     5175    0.001    0.000    0.002    0.000 concat.py:496(<genexpr>)
     1243    0.001    0.000    0.002    0.000 <frozen importlib._bootstrap>:232(__init__)
      598    0.000    0.000    0.002    0.000 typing.py:317(_deduplicate)
        4    0.000    0.000    0.002    0.000 tokenize.py:352(detect_encoding)
    15008    0.002    0.000    0.002    0.000 artist.py:892(get_clip_path)
     1726    0.001    0.000    0.002    0.000 categorical.py:764(categories)
      627    0.001    0.000    0.002    0.000 transforms.py:362(size)
    14817    0.002    0.000    0.002    0.000 font_manager.py:677(get_variant)
      148    0.001    0.000    0.002    0.000 typing.py:1096(_generic_init_subclass)
     1181    0.001    0.000    0.002    0.000 scanner.py:1416(scan_line_break)
        1    0.001    0.001    0.002    0.002 _pslinux.py:628(per_cpu_times)
      968    0.001    0.000    0.002    0.000 util.py:113(set_)
     3896    0.001    0.000    0.002    0.000 text.py:1262(set_text)
      262    0.001    0.000    0.002    0.000 transforms.py:2452(__init__)
       17    0.000    0.000    0.002    0.000 gridspec.py:144(get_grid_positions)
       70    0.000    0.000    0.002    0.000 deprecation.py:257(rename_parameter)
      401    0.000    0.000    0.002    0.000 getlimits.py:612(tiny)
        6    0.000    0.000    0.002    0.000 tokenize.py:376(read_or_stop)
    10407    0.001    0.000    0.001    0.000 __init__.py:470(_parse_letter_version)
       69    0.000    0.000    0.001    0.000 constructor.py:132(construct_mapping)
        1    0.000    0.000    0.001    0.001 proctitle.py:1(<module>)
     1882    0.001    0.000    0.001    0.000 reader.py:114(get_mark)
     2474    0.001    0.000    0.001    0.000 offsetbox.py:193(<genexpr>)
       97    0.000    0.000    0.001    0.000 inspect.py:3262(__str__)
       80    0.000    0.000    0.001    0.000 axis.py:494(_get_text2_transform)
    14817    0.001    0.000    0.001    0.000 font_manager.py:683(get_weight)
      401    0.001    0.000    0.001    0.000 {built-in method builtins.round}
     1726    0.001    0.000    0.001    0.000 base.py:2220(_can_hold_na)
     1717    0.001    0.000    0.001    0.000 text.py:1192(set_x)
      357    0.001    0.000    0.001    0.000 {built-in method _abc._abc_init}
    14817    0.001    0.000    0.001    0.000 font_manager.py:692(get_stretch)
     2051    0.001    0.000    0.001    0.000 transforms.py:2123(transform)
       41    0.000    0.000    0.001    0.000 colors.py:409(to_rgba_array)
      215    0.000    0.000    0.001    0.000 _functools.py:99(wrapper)
     2163    0.001    0.000    0.001    0.000 enum.py:1544(_get_value)
        8    0.000    0.000    0.001    0.000 _axes.py:104(set_title)
      508    0.001    0.000    0.001    0.000 pathlib.py:358(__init__)
     4753    0.001    0.000    0.001    0.000 {method 'replace' of 'str' objects}
        1    0.000    0.000    0.001    0.001 counter.py:1(<module>)
    12265    0.001    0.000    0.001    0.000 font_manager.py:706(get_file)
       25    0.000    0.000    0.001    0.000 deprecation_helpers.py:79(_decorator)
       78    0.000    0.000    0.001    0.000 axis.py:437(_get_text2_transform)
     8743    0.001    0.000    0.001    0.000 {built-in method _imp.release_lock}
     8604    0.001    0.000    0.001    0.000 cbook.py:1633(<lambda>)
        1    0.000    0.000    0.001    0.001 _parser.py:63(parse_requirement)
      333    0.000    0.000    0.001    0.000 transforms.py:2668(__init__)
       65    0.000    0.000    0.001    0.000 enum.py:513(__prepare__)
        2    0.000    0.000    0.001    0.001 pickling_support.py:75(install)
       16    0.000    0.000    0.001    0.000 reader.py:146(update)
       26    0.000    0.000    0.001    0.000 deprecation.py:416(make_keyword_only)
     6101    0.001    0.000    0.001    0.000 {built-in method sys.intern}
       17    0.000    0.000    0.001    0.000 core.py:5589(_setResultsName)
     9299    0.001    0.000    0.001    0.000 {method '__contains__' of 'frozenset' objects}
    13356    0.001    0.000    0.001    0.000 {built-in method builtins.ord}
     1113    0.001    0.000    0.001    0.000 enum.py:850(__setattr__)
       78    0.000    0.000    0.001    0.000 transforms.py:1800(transform_path_affine)
     1246    0.001    0.000    0.001    0.000 <frozen importlib._bootstrap>:982(find_spec)
      107    0.000    0.000    0.001    0.000 __init__.py:2149(getLogger)
     5185    0.001    0.000    0.001    0.000 config.py:649(_get_deprecated_option)
    12239    0.001    0.000    0.001    0.000 font_manager.py:864(get_math_fontfamily)
        1    0.000    0.000    0.001    0.001 rolling.py:1855(Rolling)
     3202    0.001    0.000    0.001    0.000 _parser.py:293(tell)
    19150    0.001    0.000    0.001    0.000 copy.py:172(_deepcopy_atomic)
       80    0.000    0.000    0.001    0.000 _base.py:1043(get_yaxis_text2_transform)
      205    0.000    0.000    0.001    0.000 text.py:1181(set_position)
     8743    0.001    0.000    0.001    0.000 {built-in method _imp.acquire_lock}
     1604    0.000    0.000    0.001    0.000 __init__.py:1297(_val_or_rc)
      109    0.000    0.000    0.001    0.000 <frozen abc>:110(register)
        1    0.000    0.000    0.001    0.001 constructor.py:1(<module>)
       17    0.000    0.000    0.001    0.000 core.py:5581(copy)
       14    0.000    0.000    0.001    0.000 core.py:115(doc_note)
     3452    0.001    0.000    0.001    0.000 computation.py:45(_first_of_type)
     8601    0.001    0.000    0.001    0.000 markers.py:458(_set_nothing)
      884    0.001    0.000    0.001    0.000 offsetbox.py:338(get_visible_children)
       78    0.000    0.000    0.001    0.000 legend.py:639(_set_artist_props)
       78    0.000    0.000    0.001    0.000 _base.py:963(get_xaxis_text2_transform)
        1    0.000    0.000    0.001    0.001 _tokenizer.py:95(__init__)
        1    0.000    0.000    0.001    0.001 expanding.py:1(<module>)
      401    0.001    0.000    0.001    0.000 getlimits.py:589(smallest_normal)
      512    0.001    0.000    0.001    0.000 text.py:1214(set_rotation)
       13    0.000    0.000    0.001    0.000 base.py:1179(normalize_partial)
        2    0.000    0.000    0.001    0.001 parser.py:56(parsestr)
     5521    0.001    0.000    0.001    0.000 {method 'clear' of 'dict' objects}
     1701    0.001    0.000    0.001    0.000 transforms.py:350(width)
     1736    0.001    0.000    0.001    0.000 __init__.py:149(__lt__)
      450    0.001    0.000    0.001    0.000 _parser.py:449(_uniq)
        2    0.000    0.000    0.001    0.001 dataclasses.py:1443(make_dataclass)
      905    0.001    0.000    0.001    0.000 text.py:997(set_horizontalalignment)
        2    0.000    0.000    0.001    0.001 parser.py:41(parse)
        1    0.000    0.000    0.001    0.001 runtime.py:1(<module>)
        8    0.000    0.000    0.001    0.000 _base.py:3513(set_xbound)
      134    0.001    0.000    0.001    0.000 <frozen importlib._bootstrap_external>:1567(__init__)
        1    0.000    0.000    0.001    0.001 conventions.py:765(cf_encoder)
      791    0.000    0.000    0.001    0.000 transforms.py:2214(<lambda>)
   256/18    0.000    0.000    0.001    0.000 ast.py:403(visit)
     1726    0.001    0.000    0.001    0.000 take.py:325(_get_take_nd_function)
        1    0.000    0.000    0.001    0.001 expanding.py:51(Expanding)
       50    0.000    0.000    0.001    0.000 axis.py:1345(<genexpr>)
     1726    0.001    0.000    0.001    0.000 dataarray.py:694(dtype)
        1    0.000    0.000    0.001    0.001 helpers.py:603(make_html_tags)
        1    0.000    0.000    0.001    0.001 helpers.py:545(_makeTags)
      206    0.000    0.000    0.001    0.000 docscrape.py:92(read_to_next_unindented_line)
       22    0.000    0.000    0.001    0.000 _mathtext.py:1209(__init__)
     3452    0.001    0.000    0.001    0.000 computation.py:1265(<genexpr>)
   256/18    0.000    0.000    0.001    0.000 ast.py:409(generic_visit)
     1725    0.001    0.000    0.001    0.000 concat.py:295(_calc_concat_dim_index)
        2    0.000    0.000    0.001    0.001 core.py:5414(__or__)
     2647    0.001    0.000    0.001    0.000 __init__.py:1517(debug)
        1    0.000    0.000    0.001    0.001 environment.py:144(Environment)
      109    0.000    0.000    0.001    0.000 __init__.py:1377(getLogger)
     5428    0.001    0.000    0.001    0.000 {method '__exit__' of '_thread.RLock' objects}
      166    0.000    0.000    0.001    0.000 fromnumeric.py:2593(ptp)
        1    0.001    0.001    0.001    0.001 gen.py:1(<module>)
        1    0.000    0.000    0.001    0.001 constructor.py:171(SafeConstructor)
        1    0.000    0.000    0.001    0.001 extras.py:1(<module>)
      529    0.000    0.000    0.001    0.000 constructor.py:67(construct_object)
     8598    0.001    0.000    0.001    0.000 backend_bases.py:834(get_clip_path)
     2589    0.001    0.000    0.001    0.000 indexes.py:893(<genexpr>)
      109    0.000    0.000    0.001    0.000 {built-in method _abc._abc_register}
        1    0.000    0.000    0.001    0.001 config_init.py:1(<module>)
    97/89    0.000    0.000    0.001    0.000 core.py:4037(_generateDefaultName)
     3452    0.001    0.000    0.001    0.000 multi.py:1046(nlevels)
     1726    0.001    0.000    0.001    0.000 common.py:520(convert_to_list_like)
     8598    0.001    0.000    0.001    0.000 backend_bases.py:849(get_dashes)
       14    0.000    0.000    0.001    0.000 patches.py:694(__init__)
       30    0.000    0.000    0.001    0.000 _base.py:1871(apply_aspect)
     1725    0.001    0.000    0.001    0.000 coordinates.py:100(__len__)
    242/8    0.000    0.000    0.001    0.000 offsetbox.py:227(set_figure)
     1315    0.001    0.000    0.001    0.000 <frozen importlib._bootstrap_external>:180(_path_isabs)
      230    0.001    0.000    0.001    0.000 transforms.py:2487(get_matrix)
       44    0.000    0.000    0.001    0.000 _base.py:66(__set_name__)
        1    0.000    0.000    0.001    0.001 __init__.py:571(get_cachedir)
     3634    0.001    0.000    0.001    0.000 typing.py:1252(__eq__)
       17    0.000    0.000    0.001    0.000 conventions.py:161(encode_cf_variable)
      4/2    0.000    0.000    0.001    0.001 deprecation_helpers.py:94(inner)
        3    0.000    0.000    0.001    0.000 feedparser.py:171(feed)
      980    0.001    0.000    0.001    0.000 {method 'clear' of 'matplotlib.ft2font.FT2Font' objects}
        2    0.000    0.000    0.001    0.001 dataarray.py:3313(dropna)
      356    0.000    0.000    0.001    0.000 inspect.py:784(_findclass)
        2    0.000    0.000    0.001    0.001 _strptime.py:173(__init__)
     1082    0.001    0.000    0.001    0.000 {method 'set_size' of 'matplotlib.ft2font.FT2Font' objects}
     8157    0.001    0.000    0.001    0.000 artist.py:429(is_transform_set)
        2    0.000    0.000    0.001    0.001 ssl.py:430(__new__)
   572/56    0.000    0.000    0.001    0.000 typing.py:406(_eval_type)
        1    0.000    0.000    0.001    0.001 config.py:250(collect_env)
      103    0.000    0.000    0.001    0.000 patches.py:347(set_facecolor)
6598/6595    0.001    0.000    0.001    0.000 {built-in method posix.fspath}
       17    0.000    0.000    0.001    0.000 _base.py:1515(_set_title_offset_trans)
     1900    0.001    0.000    0.001    0.000 text.py:284(get_rotation)
        4    0.000    0.000    0.001    0.000 __init__.py:299(loads)
      166    0.000    0.000    0.001    0.000 markers.py:354(get_transform)
      851    0.000    0.000    0.001    0.000 font_manager.py:762(set_weight)
     1065    0.001    0.000    0.001    0.000 <frozen importlib._bootstrap>:48(_new_module)
       59    0.000    0.000    0.001    0.000 core.py:1569(__or__)
        1    0.000    0.000    0.001    0.001 resample.py:1(<module>)
      268    0.000    0.000    0.001    0.000 typing.py:1557(<genexpr>)
      111    0.000    0.000    0.001    0.000 patches.py:340(_set_facecolor)
       52    0.000    0.000    0.001    0.000 typing.py:909(_evaluate)
        1    0.000    0.000    0.001    0.001 TiffTags.py:1(<module>)
      166    0.001    0.000    0.001    0.000 __init__.py:278(select_matching_signature)
        1    0.000    0.000    0.001    0.001 dviread.py:1(<module>)
        4    0.000    0.000    0.001    0.000 decoder.py:332(decode)
       50    0.000    0.000    0.001    0.000 base.py:1199(normalize_object)
     3470    0.001    0.000    0.001    0.000 _dtype.py:24(_kind_name)
      409    0.001    0.000    0.001    0.000 __init__.py:109(read)
     5926    0.001    0.000    0.001    0.000 {built-in method _thread.get_ident}
       47    0.001    0.000    0.001    0.000 _base.py:4283(get_children)
        5    0.000    0.000    0.001    0.000 feedparser.py:176(_call_parse)
        2    0.000    0.000    0.001    0.001 dataset.py:6322(dropna)
      750    0.000    0.000    0.001    0.000 transforms.py:2222(transform_non_affine)
      411    0.000    0.000    0.001    0.000 inspect.py:1816(getattr_static)
        1    0.000    0.000    0.001    0.001 getlimits.py:162(_register_known_types)
        1    0.000    0.000    0.001    0.001 dataarray.py:255(DataArray)
        4    0.000    0.000    0.001    0.000 decoder.py:343(raw_decode)
     3061    0.001    0.000    0.001    0.000 {method 'rfind' of 'str' objects}
1304/1096    0.001    0.000    0.001    0.000 typing.py:1258(__hash__)
        5    0.000    0.000    0.001    0.000 feedparser.py:216(_parsegen)
     1427    0.001    0.000    0.001    0.000 reader.py:94(prefix)
        1    0.000    0.000    0.001    0.001 datatree_ops.py:284(MappedDataWithCoords)
       72    0.000    0.000    0.001    0.000 config.py:811(inner)
        1    0.000    0.000    0.001    0.001 httpclient.py:1(<module>)
     8630    0.001    0.000    0.001    0.000 dtypes.py:619(categories)
        2    0.000    0.000    0.001    0.001 _strptime.py:1(<module>)
      982    0.000    0.000    0.001    0.000 util.py:110(get)
     8598    0.001    0.000    0.001    0.000 backend_bases.py:1038(get_hatch_color)
     1726    0.001    0.000    0.001    0.000 base.py:448(size)
       18    0.000    0.000    0.001    0.000 ticker.py:2858(__init__)
     8087    0.001    0.000    0.001    0.000 artist.py:1371(get_mouseover)
     8604    0.001    0.000    0.001    0.000 stride_tricks.py:476(_broadcast_arrays_dispatcher)
        8    0.000    0.000    0.001    0.000 _base.py:3766(set_ybound)
        2    0.000    0.000    0.001    0.001 _compat.py:1(<module>)
      121    0.000    0.000    0.001    0.000 artist.py:754(set_clip_box)
     3005    0.001    0.000    0.001    0.000 inspect.py:371(isfunction)
     3211    0.001    0.000    0.001    0.000 {built-in method from_bytes}
       69    0.000    0.000    0.001    0.000 nodes.py:59(__new__)
      746    0.000    0.000    0.001    0.000 font_manager.py:1094(get_default_size)
     6904    0.001    0.000    0.001    0.000 computation.py:82(<genexpr>)
     1158    0.001    0.000    0.001    0.000 enum.py:79(_is_private)
        1    0.000    0.000    0.001    0.001 defchararray.py:1(<module>)
      105    0.000    0.000    0.001    0.000 transforms.py:788(frozen)
        1    0.000    0.000    0.001    0.001 dataframe_protocol.py:1(<module>)
        6    0.000    0.000    0.001    0.000 util.py:260(_inner)
     8598    0.001    0.000    0.001    0.000 backend_bases.py:886(get_snap)
     8630    0.001    0.000    0.001    0.000 range.py:376(dtype)
     1726    0.001    0.000    0.001    0.000 _optional.py:74(get_version)
     1084    0.001    0.000    0.001    0.000 {method 'translate' of 'str' objects}
      602    0.001    0.000    0.001    0.000 _compiler.py:216(_compile_charset)
      529    0.001    0.000    0.001    0.000 resolver.py:143(resolve)
        9    0.000    0.000    0.001    0.000 _base.py:819(set_figure)
     5457    0.001    0.000    0.001    0.000 {method 'find' of 'str' objects}
      100    0.000    0.000    0.001    0.000 core.py:4486(__init__)
        3    0.000    0.000    0.001    0.000 loader.py:33(__init__)
      215    0.000    0.000    0.001    0.000 __init__.py:675(joinpath)
      921    0.000    0.000    0.001    0.000 __init__.py:255(escape)
     8077    0.001    0.000    0.001    0.000 transforms.py:1756(<lambda>)
      522    0.001    0.000    0.001    0.000 compute.py:106(_get_arg_names)
        8    0.000    0.000    0.001    0.000 patches.py:3823(__init__)
       18    0.000    0.000    0.001    0.000 ticker.py:1974(__init__)
     8625    0.001    0.000    0.001    0.000 coordinates.py:382(_names)
     3456    0.001    0.000    0.001    0.000 dataset.py:453(__contains__)
        5    0.000    0.000    0.001    0.000 helpers.py:151(one_of)
       72    0.000    0.000    0.001    0.000 config.py:491(register_option)
       64    0.000    0.000    0.001    0.000 transforms.py:482(anchored)
        1    0.000    0.000    0.001    0.001 __init__.py:469(StrFormatStyle)
     1782    0.001    0.000    0.001    0.000 <frozen importlib._bootstrap>:1285(_sanity_check)
       50    0.000    0.000    0.001    0.000 base.py:1236(_normalize_pickle)
     8598    0.001    0.000    0.001    0.000 backend_bases.py:1027(get_hatch)
    10561    0.001    0.000    0.001    0.000 inspect.py:2777(kind)
        2    0.000    0.000    0.001    0.000 config.py:647(update_defaults)
     85/5    0.000    0.000    0.001    0.000 config.py:83(update)
      586    0.001    0.000    0.001    0.000 _inspect.py:65(getargs)
     6948    0.001    0.000    0.001    0.000 artist.py:888(get_clip_box)
      146    0.000    0.000    0.001    0.000 offsetbox.py:279(set_offset)
       90    0.000    0.000    0.001    0.000 contextlib.py:272(contextmanager)
       78    0.000    0.000    0.001    0.000 markers.py:785(_set_tickdown)
       59    0.000    0.000    0.001    0.000 core.py:4218(__init__)
     2933    0.001    0.000    0.001    0.000 typing.py:935(__eq__)
     1628    0.001    0.000    0.001    0.000 functools.py:65(wraps)
        2    0.000    0.000    0.001    0.000 operator.py:1(<module>)
      787    0.001    0.000    0.001    0.000 pickling_support.py:66(_get_subclasses)
        1    0.000    0.000    0.001    0.001 termui.py:1(<module>)
      122    0.000    0.000    0.001    0.000 core.py:2399(__init__)
     8598    0.001    0.000    0.001    0.000 backend_bases.py:1046(get_hatch_linewidth)
        2    0.000    0.000    0.001    0.000 routing.py:1(<module>)
        3    0.000    0.000    0.001    0.000 __init__.py:685(zip_children)
       80    0.000    0.000    0.001    0.000 markers.py:765(_set_tickleft)
        1    0.000    0.000    0.001    0.001 mock.py:1(<module>)
      128    0.000    0.000    0.001    0.000 datatree_mapping.py:74(map_over_subtree)
     2686    0.001    0.000    0.001    0.000 util.py:189(is_consecutive)
       18    0.000    0.000    0.001    0.000 ticker.py:2034(set_params)
        3    0.000    0.000    0.001    0.000 reader.py:59(__init__)
      282    0.000    0.000    0.001    0.000 _signatures.py:598(num_pos_args)
        3    0.000    0.000    0.001    0.000 __init__.py:255(__init__)
     8135    0.001    0.000    0.001    0.000 {method 'mro' of 'type' objects}
       15    0.000    0.000    0.001    0.000 core.py:1476(__rsub__)
1266/1193    0.000    0.000    0.001    0.000 results.py:171(__init__)
     2589    0.001    0.000    0.001    0.000 dataset.py:7432(<genexpr>)
        1    0.001    0.001    0.001    0.001 c_parser_wrapper.py:60(__init__)
      801    0.000    0.000    0.001    0.000 font_manager.py:872(set_math_fontfamily)
        6    0.000    0.000    0.001    0.000 getlimits.py:34(__init__)
  406/382    0.000    0.000    0.001    0.000 core.py:4038(<genexpr>)
      166    0.000    0.000    0.001    0.000 _methods.py:218(_ptp)
        3    0.000    0.000    0.001    0.000 __init__.py:131(make)
     5178    0.001    0.000    0.001    0.000 cast.py:1479(<genexpr>)
      801    0.000    0.000    0.001    0.000 font_manager.py:788(set_stretch)
       18    0.000    0.000    0.001    0.000 core.py:1466(__sub__)
        3    0.000    0.000    0.001    0.000 __init__.py:73(__init__)
  606/511    0.000    0.000    0.001    0.000 typing.py:1573(__hash__)
        1    0.000    0.000    0.001    0.001 signal.py:1(<module>)
        2    0.000    0.000    0.001    0.000 reader.py:122(determine_encoding)
      392    0.000    0.000    0.001    0.000 inspect.py:2133(_signature_is_functionlike)
        1    0.000    0.000    0.001    0.001 interval.py:186(IntervalArray)
      533    0.001    0.000    0.001    0.000 _parser.py:372(_escape)
        1    0.001    0.001    0.001    0.001 unicode.py:1(<module>)
      215    0.000    0.000    0.001    0.000 __init__.py:838(_name_from_stem)
     7236    0.001    0.000    0.001    0.000 fromnumeric.py:2416(_all_dispatcher)
     1727    0.001    0.000    0.001    0.000 construction.py:596(_homogenize)
    10734    0.001    0.000    0.001    0.000 inspect.py:2765(name)
        1    0.000    0.000    0.001    0.001 calendar.py:1(<module>)
 3538/834    0.001    0.000    0.001    0.000 __init__.py:353(recursive_subclasses)
        2    0.000    0.000    0.001    0.000 core.py:3172(__init__)
        3    0.000    0.000    0.001    0.000 __init__.py:1292(__init__)
     3452    0.001    0.000    0.001    0.000 computation.py:90(<genexpr>)
   520/56    0.000    0.000    0.001    0.000 typing.py:2285(_strip_annotations)
      334    0.000    0.000    0.001    0.000 fromnumeric.py:1881(nonzero)
        1    0.000    0.000    0.001    0.001 groupby.py:1225(GroupBy)
      242    0.000    0.000    0.001    0.000 artist.py:906(set_clip_on)
     1727    0.001    0.000    0.001    0.000 construction.py:196(mgr_to_mgr)
     1730    0.001    0.000    0.001    0.000 construction.py:688(_sanitize_non_ordered)
        1    0.000    0.000    0.001    0.001 pathlib.py:1059(_scandir)
        1    0.000    0.000    0.001    0.001 pathlib.py:852(exists)
     1727    0.001    0.000    0.001    0.000 _validators.py:226(validate_bool_kwarg)
     8744    0.001    0.000    0.001    0.000 backend_bases.py:187(close_group)
        1    0.000    0.000    0.001    0.001 _psposix.py:1(<module>)
        1    0.001    0.001    0.001    0.001 {built-in method posix.scandir}
      494    0.000    0.000    0.001    0.000 text.py:1317(set_usetex)
     5175    0.001    0.000    0.001    0.000 indexes.py:656(<genexpr>)
        1    0.000    0.000    0.001    0.001 decorators.py:1(<module>)
     6937    0.001    0.000    0.001    0.000 __init__.py:534(<lambda>)
      105    0.001    0.000    0.001    0.000 _compiler.py:386(_mk_bitmap)
       54    0.000    0.000    0.001    0.000 utils.py:759(log_errors)
     4087    0.001    0.000    0.001    0.000 {method 'get' of 'mappingproxy' objects}
     1246    0.001    0.000    0.001    0.000 {built-in method _imp.is_builtin}
     8744    0.001    0.000    0.001    0.000 backend_bases.py:180(open_group)
      456    0.000    0.000    0.001    0.000 scanner.py:295(save_possible_simple_key)
       12    0.000    0.000    0.001    0.000 __init__.py:223(define_aliases)
  484/250    0.000    0.000    0.001    0.000 offsetbox.py:239(axes)
      863    0.001    0.000    0.001    0.000 multi.py:1331(dtype)
     1726    0.001    0.000    0.001    0.000 cast.py:1472(<genexpr>)
       36    0.000    0.000    0.001    0.000 rcsetup.py:744(<genexpr>)
     8598    0.001    0.000    0.001    0.000 backend_bases.py:1050(get_sketch_params)
      316    0.000    0.000    0.001    0.000 text.py:1041(set_fontfamily)
       18    0.000    0.000    0.001    0.000 __init__.py:482(cycler)
       85    0.000    0.000    0.001    0.000 functools.py:518(decorating_function)
      401    0.001    0.000    0.001    0.000 getlimits.py:484(__new__)
       99    0.000    0.000    0.001    0.000 transforms.py:2324(blended_transform_factory)
      436    0.000    0.000    0.001    0.000 _parser.py:86(opengroup)
      131    0.001    0.000    0.001    0.000 functoolz.py:196(__init__)
       12    0.000    0.000    0.001    0.000 typing.py:1562(copy_with)
     1358    0.001    0.000    0.001    0.000 copy.py:191(_deepcopy_list)
        8    0.000    0.000    0.001    0.000 core.py:2886(_generateDefaultName)
       44    0.000    0.000    0.001    0.000 _base.py:51(__init__)
        1    0.000    0.000    0.001    0.001 string.py:1(<module>)
       53    0.000    0.000    0.001    0.000 ticker.py:1633(nonsingular)
       83    0.000    0.000    0.001    0.000 cbook.py:215(connect)
     10/3    0.000    0.000    0.001    0.000 unicode.py:14(__get__)
        2    0.000    0.000    0.001    0.000 platform.py:1143(python_implementation)
        1    0.000    0.000    0.001    0.001 iostream.py:1(<module>)
     6108    0.001    0.000    0.001    0.000 scanner.py:264(next_possible_simple_key)
        8    0.000    0.000    0.001    0.000 _base.py:3822(set_ylim)
     1724    0.001    0.000    0.001    0.000 variable.py:2850(name)
      392    0.000    0.000    0.001    0.000 _weakrefset.py:63(__iter__)
      194    0.000    0.000    0.001    0.000 core.py:2345(__init__)
        2    0.000    0.000    0.001    0.000 platform.py:1045(_sys_version)
       18    0.000    0.000    0.001    0.000 __init__.py:546(_cycler)
       11    0.000    0.000    0.001    0.000 core.py:2887(charsAsStr)
        1    0.000    0.000    0.001    0.001 template.py:1(<module>)
      151    0.000    0.000    0.001    0.000 font_manager.py:928(_json_decode)
      191    0.000    0.000    0.001    0.000 typing.py:1609(__hash__)
      105    0.000    0.000    0.001    0.000 transforms.py:235(frozen)
     2540    0.001    0.000    0.001    0.000 docscrape.py:71(eof)
        1    0.000    0.000    0.001    0.001 base.py:320(Index)
        3    0.000    0.000    0.001    0.000 _mathtext.py:142(to_raster)
       15    0.000    0.000    0.001    0.000 core.py:1453(__radd__)
     4154    0.001    0.000    0.001    0.000 typing.py:1246(<genexpr>)
     4887    0.001    0.000    0.001    0.000 _base.py:837(<genexpr>)
      940    0.001    0.000    0.001    0.000 transforms.py:332(intervalx)
   171/66    0.000    0.000    0.001    0.000 typing.py:2297(<genexpr>)
     3110    0.001    0.000    0.001    0.000 {method 'setdefault' of 'dict' objects}
       18    0.000    0.000    0.001    0.000 __init__.py:226(_from_iter)
        1    0.000    0.000    0.001    0.001 web.py:183(RequestHandler)
       99    0.001    0.000    0.001    0.000 _mathtext.py:362(_get_offset)
      426    0.000    0.000    0.001    0.000 <frozen os>:680(__getitem__)
     4952    0.001    0.000    0.001    0.000 figure.py:2758(_get_dpi)
      244    0.000    0.000    0.001    0.000 inspect.py:2781(replace)
        1    0.000    0.000    0.001    0.001 config.py:372(BaseConfigurator)
        2    0.000    0.000    0.001    0.000 merge.py:1(<module>)
        1    0.000    0.000    0.001    0.001 TiffTags.py:429(_populate)
        1    0.001    0.001    0.001    0.001 c_parser_wrapper.py:222(read)
        1    0.000    0.000    0.001    0.001 loaders.py:1(<module>)
      577    0.001    0.000    0.001    0.000 typing.py:2476(overload)
        1    0.000    0.000    0.001    0.001 _base.py:542(_AxesBase)
      332    0.000    0.000    0.001    0.000 ticker.py:1947(le)
        1    0.000    0.000    0.001    0.001 resample.py:121(Resampler)
     6928    0.001    0.000    0.001    0.000 artist.py:849(get_in_layout)
     1257    0.001    0.000    0.001    0.000 <frozen importlib._bootstrap>:599(__init__)
      250    0.000    0.000    0.001    0.000 dataclasses.py:864(_set_new_attribute)
      620    0.000    0.000    0.001    0.000 scanner.py:125(peek_token)
      340    0.000    0.000    0.001    0.000 lines.py:962(_get_markerfacecolor)
      596    0.001    0.000    0.001    0.000 {method '__deepcopy__' of 'numpy.ndarray' objects}
       10    0.000    0.000    0.001    0.000 extras.py:233(__init__)
     2019    0.000    0.000    0.001    0.000 core.py:1982(__hash__)
      358    0.000    0.000    0.001    0.000 inspect.py:2799(__str__)
       34    0.000    0.000    0.001    0.000 axis.py:2638(_update_offset_text_position)
       10    0.000    0.000    0.001    0.000 extras.py:237(getdoc)
        2    0.001    0.000    0.001    0.000 {built-in method posix.access}
       54    0.000    0.000    0.001    0.000 utils.py:825(__call__)
       22    0.000    0.000    0.001    0.000 _mathtext.py:1217(kern)
        1    0.000    0.000    0.001    0.001 generic.py:154(SeriesGroupBy)
        1    0.000    0.000    0.001    0.001 typing.py:1(<module>)
        1    0.000    0.000    0.001    0.001 header.py:1(<module>)
     1628    0.000    0.000    0.001    0.000 <frozen posixpath>:41(_get_sep)
        1    0.000    0.000    0.001    0.001 compiler.py:300(CodeGenerator)
        1    0.000    0.000    0.001    0.001 feedparser.py:1(<module>)
      313    0.000    0.000    0.001    0.000 _signatures.py:605(get_exclude_keywords)
      261    0.001    0.000    0.001    0.000 compute.py:203(_get_options_class)
      937    0.001    0.000    0.001    0.000 enum.py:785(__delattr__)
      940    0.000    0.000    0.001    0.000 enum.py:38(_is_descriptor)
      135    0.000    0.000    0.001    0.000 enum.py:967(_get_mixins_)
        1    0.000    0.000    0.001    0.001 system.py:44(cpu_count)
        9    0.000    0.000    0.001    0.000 _base.py:1069(_update_transScale)
       34    0.000    0.000    0.001    0.000 netCDF4_.py:91(get_array)
        1    0.000    0.000    0.001    0.001 _text_helpers.py:1(<module>)
        1    0.000    0.000    0.001    0.001 string.py:69(__init_subclass__)
        1    0.000    0.000    0.001    0.001 multi.py:1(<module>)
        1    0.000    0.000    0.001    0.001 stata.py:1(<module>)
        3    0.000    0.000    0.001    0.000 parser.py:139(parse_implicit_document_start)
   570/66    0.000    0.000    0.001    0.000 typing.py:428(<genexpr>)
        9    0.000    0.000    0.001    0.000 _base.py:1181(_gen_axes_patch)
      993    0.001    0.000    0.001    0.000 transforms.py:356(height)
     2454    0.001    0.000    0.001    0.000 {built-in method _weakref._remove_dead_weakref}
     1690    0.000    0.000    0.001    0.000 typing.py:1565(__eq__)
       23    0.000    0.000    0.001    0.000 ast.py:34(parse)
       63    0.000    0.000    0.001    0.000 cbook.py:229(_connect_picklable)
       33    0.000    0.000    0.001    0.000 typing.py:1390(copy_with)
     3133    0.001    0.000    0.001    0.000 _parser.py:113(__init__)
     1242    0.001    0.000    0.001    0.000 {built-in method _imp.find_frozen}
       18    0.001    0.000    0.001    0.000 __init__.py:150(__init__)
  668/632    0.000    0.000    0.001    0.000 spines.py:202(_ensure_position_is_set)
       40    0.000    0.000    0.001    0.000 typing.py:1966(__init_subclass__)
       27    0.000    0.000    0.001    0.000 transforms.py:1719(set)
      545    0.000    0.000    0.001    0.000 docscrape.py:64(seek_next_non_empty_line)
     1726    0.001    0.000    0.001    0.000 cast.py:1355(common_dtype_categorical_compat)
     4798    0.001    0.000    0.001    0.000 artist.py:1563(<genexpr>)
        1    0.000    0.000    0.001    0.001 dataset.py:513(Dataset)
      316    0.000    0.000    0.001    0.000 core.py:1973(__eq__)
      382    0.001    0.000    0.001    0.000 transforms.py:132(__getstate__)
      411    0.000    0.000    0.001    0.000 inspect.py:1795(_check_class)
        1    0.000    0.000    0.001    0.001 info.py:1(<module>)
        2    0.000    0.000    0.001    0.000 markers.py:1(<module>)
       63    0.000    0.000    0.001    0.000 __init__.py:416(by_key)
        1    0.000    0.000    0.001    0.001 _fontconfig_pattern.py:57(_make_fontconfig_parser)
     1870    0.001    0.000    0.001    0.000 backend_agg.py:260(points_to_pixels)
     5178    0.001    0.000    0.001    0.000 dtypes.py:632(ordered)
       37    0.000    0.000    0.001    0.000 getlimits.py:111(_float_to_str)
       18    0.000    0.000    0.001    0.000 ticker.py:2013(_validate_steps)
      132    0.000    0.000    0.001    0.000 ast.py:419(visit_Constant)
       58    0.000    0.000    0.001    0.000 dataclasses.py:250(_recursive_repr)
       52    0.000    0.000    0.001    0.000 {built-in method _pickle.dumps}
        1    0.000    0.000    0.001    0.001 figure.py:181(FigureBase)
       81    0.000    0.000    0.001    0.000 transforms.py:2282(__init__)
     2072    0.001    0.000    0.001    0.000 {method 'find' of 'bytearray' objects}
      226    0.000    0.000    0.001    0.000 <frozen posixpath>:117(splitext)
      147    0.000    0.000    0.001    0.000 TiffTags.py:35(__new__)
       46    0.000    0.000    0.001    0.000 parser.py:264(parse_block_node)
        1    0.000    0.000    0.001    0.001 ElementPath.py:1(<module>)
      549    0.000    0.000    0.001    0.000 docscrape.py:93(is_unindented)
        1    0.000    0.000    0.001    0.001 core.py:1781(Group)
       17    0.000    0.000    0.001    0.000 utils.py:958(broadcasted_shape)
       49    0.000    0.000    0.001    0.000 core.py:2999(__init__)
     6944    0.001    0.000    0.001    0.000 artist.py:884(get_clip_on)
        1    0.000    0.000    0.001    0.001 _enums.py:1(<module>)
        2    0.000    0.000    0.001    0.000 dataset.py:2853(isel)
      477    0.000    0.000    0.001    0.000 <frozen posixpath>:138(splitroot)
     3356    0.001    0.000    0.001    0.000 fromnumeric.py:2508(_cumsum_dispatcher)
       80    0.000    0.000    0.001    0.000 markers.py:771(_set_tickright)
       84    0.000    0.000    0.001    0.000 __init__.py:244(make_alias)
        1    0.000    0.000    0.001    0.001 unicode.py:80(alphanums)
  387/340    0.000    0.000    0.001    0.000 _compiler.py:436(_get_literal_prefix)
        2    0.000    0.000    0.001    0.000 period.py:1(<module>)
     1135    0.000    0.000    0.001    0.000 enum.py:48(_is_dunder)
        1    0.000    0.000    0.001    0.001 core.py:160(Context)
       40    0.000    0.000    0.001    0.000 typing.py:1841(__init__)
        2    0.000    0.000    0.001    0.000 abc.py:1(<module>)
       78    0.000    0.000    0.001    0.000 fromnumeric.py:2322(any)
        1    0.000    0.000    0.001    0.001 ipaddress.py:2265(_IPv6Constants)
        9    0.000    0.000    0.001    0.000 backend_agg.py:274(clear)
        9    0.000    0.000    0.001    0.000 _base.py:873(_set_lim_and_transforms)
        1    0.000    0.000    0.001    0.001 _add_docstring.py:1(<module>)
        1    0.000    0.000    0.001    0.001 httpclient.py:339(HTTPRequest)
        9    0.001    0.000    0.001    0.000 {method 'clear' of 'matplotlib.backends._backend_agg.RendererAgg' objects}
        1    0.000    0.000    0.001    0.001 timeouts.py:1(<module>)
       78    0.000    0.000    0.001    0.000 markers.py:779(_set_tickup)
      159    0.000    0.000    0.001    0.000 axis.py:744(_get_axis_name)
        1    0.000    0.000    0.001    0.001 six.py:1(<module>)
        1    0.000    0.000    0.001    0.001 _elffile.py:1(<module>)
     3078    0.001    0.000    0.001    0.000 {method 'copy' of 'list' objects}
        1    0.000    0.000    0.001    0.001 __init__.py:436(PercentStyle)
     4414    0.001    0.000    0.001    0.000 text.py:1331(get_usetex)
       28    0.000    0.000    0.001    0.000 ipaddress.py:2189(__init__)
        1    0.000    0.000    0.001    0.001 _scalars.py:1(<module>)
       36    0.000    0.000    0.001    0.000 spines.py:299(set_position)
        1    0.000    0.000    0.001    0.001 __init__.py:152(EntryPoint)
     1585    0.000    0.000    0.001    0.000 _parser.py:83(groups)
        1    0.000    0.000    0.001    0.001 _add_docstring.py:27(_parse_docstrings)
        3    0.000    0.000    0.001    0.000 _common.py:439(wrapper)
   399/63    0.000    0.000    0.001    0.000 typing.py:2292(<genexpr>)
        1    0.000    0.000    0.001    0.001 active_memory_manager.py:1(<module>)
        7    0.000    0.000    0.001    0.000 parser.py:376(parse_block_sequence_first_entry)
       78    0.000    0.000    0.001    0.000 legend.py:1190(<genexpr>)
        1    0.000    0.000    0.001    0.001 unicode.py:70(alphas)
       37    0.000    0.000    0.001    0.000 functools.py:651(cache)
        1    0.000    0.000    0.001    0.001 multi.py:227(MultiIndex)
       23    0.000    0.000    0.001    0.000 version.py:186(__init__)
      473    0.000    0.000    0.001    0.000 pathlib.py:429(_format_parsed_parts)
        1    0.000    0.000    0.001    0.001 xml.py:1(<module>)
        1    0.000    0.000    0.001    0.001 __init__.py:29(Markup)
     1158    0.000    0.000    0.001    0.000 enum.py:59(_is_sunder)
     5182    0.001    0.000    0.001    0.000 series.py:1480(_clear_item_cache)
        1    0.000    0.000    0.001    0.001 datetimes.py:106(DatetimeIndex)
       37    0.000    0.000    0.001    0.000 base.py:1189(normalize_builtin_function_or_method)
       16    0.000    0.000    0.001    0.000 _mathtext.py:1743(Error)
        1    0.000    0.000    0.001    0.001 core.py:238(reload_library)
        1    0.000    0.000    0.001    0.001 _pslinux.py:265(set_scputimes_ntuple)
        1    0.000    0.000    0.001    0.001 __init__.py:289(select)
     1724    0.001    0.000    0.001    0.000 indexes.py:1762(<genexpr>)
        1    0.000    0.000    0.001    0.001 patches.py:2658(ConnectionStyle)
        1    0.000    0.000    0.001    0.001 _core.py:639(PlotAccessor)
        1    0.000    0.000    0.001    0.001 __init__.py:294(<genexpr>)
        1    0.000    0.000    0.001    0.001 core.py:198(update_user_library)
      213    0.000    0.000    0.001    0.000 results.py:449(__iadd__)
       10    0.000    0.000    0.001    0.000 backend_bases.py:1989(_switch_canvas_and_return_print_method)
       74    0.000    0.000    0.001    0.000 _base.py:3569(_validate_converted_limits)
        1    0.000    0.000    0.001    0.001 __init__.py:322(__init__)
        2    0.000    0.000    0.001    0.000 unicode.py:55(_chars_for_ranges)
      103    0.000    0.000    0.001    0.000 patches.py:329(set_edgecolor)
        1    0.000    0.000    0.001    0.001 __init__.py:325(_init)
      127    0.000    0.000    0.001    0.000 textwrap.py:143(_munge_whitespace)
       17    0.000    0.000    0.001    0.000 netCDF4_.py:60(__init__)
      3/2    0.000    0.000    0.001    0.000 _pslinux.py:1711(wrapper)
       52    0.000    0.000    0.001    0.000 path.py:657(intersects_bbox)
        4    0.000    0.000    0.001    0.000 backend_bases.py:1619(_get_renderer)
     2453    0.001    0.000    0.001    0.000 <frozen importlib._bootstrap>:158(__init__)
      332    0.000    0.000    0.001    0.000 ticker.py:1954(ge)
      158    0.000    0.000    0.001    0.000 axis.py:207(_apply_tickdir)
        1    0.000    0.000    0.000    0.000 __init__.py:746(create_time)
        1    0.000    0.000    0.000    0.000 html.py:1(<module>)
      336    0.000    0.000    0.000    0.000 transforms.py:1872(inverted)
     1726    0.000    0.000    0.000    0.000 categorical.py:494(dtype)
       64    0.000    0.000    0.000    0.000 common.py:37(wrapper)
        1    0.000    0.000    0.000    0.000 core.py:2012(Parameter)
      354    0.000    0.000    0.000    0.000 _parser.py:231(__init__)
        1    0.000    0.000    0.000    0.000 _pslinux.py:1943(create_time)
      264    0.000    0.000    0.000    0.000 _parser.py:312(_class_escape)
    58/51    0.000    0.000    0.000    0.000 core.py:4280(_generateDefaultName)
        9    0.000    0.000    0.000    0.000 frame.py:4062(__getitem__)
     1727    0.000    0.000    0.000    0.000 function.py:64(__call__)
       24    0.000    0.000    0.000    0.000 dtypes.py:66(_add_dtype_helper)
       36    0.000    0.000    0.000    0.000 typing.py:1721(_get_protocol_attrs)
       16    0.000    0.000    0.000    0.000 doc.py:93(window_agg_numba_parameters)
       81    0.000    0.000    0.000    0.000 core.py:1013(reset_cache)
      135    0.000    0.000    0.000    0.000 enum.py:1008(_find_data_type_)
        2    0.000    0.000    0.000    0.000 _strptime.py:49(__init__)
        1    0.000    0.000    0.000    0.000 ewm.py:133(ExponentialMovingWindow)
        2    0.000    0.000    0.000    0.000 axis.py:2667(set_ticks_position)
     1728    0.000    0.000    0.000    0.000 generic.py:572(_get_axis_number)
       34    0.000    0.000    0.000    0.000 core.py:5618(__init__)
        1    0.000    0.000    0.000    0.000 pivot.py:1(<module>)
        1    0.000    0.000    0.000    0.000 dtypes.py:1164(IntervalDtype)
       13    0.000    0.000    0.000    0.000 accessor.py:176(add_delegate_accessors)
     2615    0.000    0.000    0.000    0.000 colors.py:404(<genexpr>)
     2464    0.000    0.000    0.000    0.000 typing.py:1599(<genexpr>)
        2    0.000    0.000    0.000    0.000 _mathtext.py:1977(set_names_and_parse_actions)
     1116    0.000    0.000    0.000    0.000 _parser.py:172(__setitem__)
       18    0.000    0.000    0.000    0.000 arrayprint.py:1595(_array_str_implementation)
       10    0.000    0.000    0.000    0.000 deprecation.py:316(delete_parameter)
     3469    0.000    0.000    0.000    0.000 __init__.py:508(_parse_local_version)
      111    0.000    0.000    0.000    0.000 patches.py:314(_set_edgecolor)
        5    0.000    0.000    0.000    0.000 watercolumn_run_lib.py:103(get_plot_indices)
       64    0.000    0.000    0.000    0.000 common.py:43(_unpack_zerodim_and_defer)
        8    0.000    0.000    0.000    0.000 colors.py:1630(make_norm_from_scale)
        1    0.000    0.000    0.000    0.000 managers.py:108(BaseBlockManager)
        1    0.000    0.000    0.000    0.000 ipaddress.py:1542(_IPv4Constants)
      356    0.000    0.000    0.000    0.000 font_manager.py:1107(_expand_aliases)
      202    0.000    0.000    0.000    0.000 {built-in method posix.getcwd}
     1726    0.000    0.000    0.000    0.000 cast.py:1474(<genexpr>)
        3    0.000    0.000    0.000    0.000 utils.py:1926(__init__)
      365    0.000    0.000    0.000    0.000 spines.py:565(__getitem__)
        1    0.000    0.000    0.000    0.000 axis.py:2702(tick_right)
     3389    0.000    0.000    0.000    0.000 text.py:904(get_text)
       13    0.000    0.000    0.000    0.000 accessor.py:63(_add_delegate_accessors)
        1    0.000    0.000    0.000    0.000 tz.py:386(tzfile)
      783    0.000    0.000    0.000    0.000 {method 'get_width_height' of 'matplotlib.ft2font.FT2Font' objects}
      199    0.000    0.000    0.000    0.000 inspect.py:2121(_signature_is_builtin)
        6    0.000    0.000    0.000    0.000 _common.py:13(tzname_in_python2)
      332    0.000    0.000    0.000    0.000 _ufunc_config.py:452(_no_nep50_warning)
     2647    0.000    0.000    0.000    0.000 __init__.py:1790(isEnabledFor)
        6    0.000    0.000    0.000    0.000 _strptime.py:238(pattern)
       18    0.000    0.000    0.000    0.000 arrayprint.py:506(wrapper)
       34    0.000    0.000    0.000    0.000 stride_tricks.py:38(as_strided)
       57    0.000    0.000    0.000    0.000 axis.py:2485(get_ticks_position)
        3    0.000    0.000    0.000    0.000 timedeltas.py:1(<module>)
      508    0.000    0.000    0.000    0.000 pathlib.py:1164(__new__)
        1    0.000    0.000    0.000    0.000 httputil.py:247(HTTPServerRequest)
      317    0.000    0.000    0.000    0.000 function_base.py:483(_add_docstring)
        1    0.000    0.000    0.000    0.000 iostream.py:207(BaseIOStream)
      866    0.000    0.000    0.000    0.000 transforms.py:2678(get_matrix)
     1726    0.000    0.000    0.000    0.000 generic.py:696(ndim)
        1    0.000    0.000    0.000    0.000 encoder.py:1(<module>)
     3452    0.000    0.000    0.000    0.000 computation.py:725(<genexpr>)
     1242    0.000    0.000    0.000    0.000 inspect.py:295(isclass)
     1180    0.000    0.000    0.000    0.000 docscrape.py:87(is_empty)
       19    0.000    0.000    0.000    0.000 ipaddress.py:1475(__init__)
      404    0.000    0.000    0.000    0.000 {built-in method builtins.locals}
        1    0.000    0.000    0.000    0.000 _add_newdocs_scalars.py:1(<module>)
      190    0.000    0.000    0.000    0.000 <frozen codecs>:319(decode)
      227    0.000    0.000    0.000    0.000 <frozen posixpath>:169(basename)
     2589    0.000    0.000    0.000    0.000 utils.py:542(__contains__)
       37    0.000    0.000    0.000    0.000 transforms.py:1324(__init_subclass__)
      109    0.000    0.000    0.000    0.000 typing.py:361(_flatten_literal_params)
      664    0.000    0.000    0.000    0.000 ticker.py:1937(closeto)
        1    0.000    0.000    0.000    0.000 ansitowin32.py:72(AnsiToWin32)
        1    0.000    0.000    0.000    0.000 tcpclient.py:1(<module>)
        8    0.000    0.000    0.000    0.000 shape_base.py:731(array_split)
        1    0.000    0.000    0.000    0.000 __init__.py:805(copy)
      258    0.000    0.000    0.000    0.000 core.py:3946(<genexpr>)
       22    0.000    0.000    0.000    0.000 _mathtext.py:1242(hpack)
       17    0.000    0.000    0.000    0.000 netCDF4_.py:493(encode_variable)
        8    0.000    0.000    0.000    0.000 nanops.py:68(__init__)
      194    0.000    0.000    0.000    0.000 __init__.py:457(_replace)
     1292    0.000    0.000    0.000    0.000 __init__.py:670(_set)
        1    0.000    0.000    0.000    0.000 sysconfig.py:224(is_python_build)
       12    0.000    0.000    0.000    0.000 axis.py:1799(set_label_text)
        1    0.000    0.000    0.000    0.000 nodes.py:105(Node)
      382    0.000    0.000    0.000    0.000 transforms.py:137(__setstate__)
        1    0.000    0.000    0.000    0.000 client.py:741(Client)
      215    0.000    0.000    0.000    0.000 __init__.py:314(_from_text)
        1    0.000    0.000    0.000    0.000 _pslinux.py:1629(boot_time)
        1    0.000    0.000    0.000    0.000 artist.py:1416(ArtistInspector)
      194    0.000    0.000    0.000    0.000 _collections.py:28(parse)
     1882    0.000    0.000    0.000    0.000 error.py:6(__init__)
     1275    0.000    0.000    0.000    0.000 {built-in method _thread.allocate_lock}
       83    0.000    0.000    0.000    0.000 cbook.py:110(_weak_or_strong_ref)
        1    0.000    0.000    0.000    0.000 masked.py:107(BaseMaskedArray)
        2    0.000    0.000    0.000    0.000 feedparser.py:469(_parse_headers)
       49    0.000    0.000    0.000    0.000 core.py:131(get_object_signature)
      316    0.000    0.000    0.000    0.000 <frozen _collections_abc>:911(__iter__)
       18    0.000    0.000    0.000    0.000 arrayprint.py:1588(_guarded_repr_or_str)
        1    0.000    0.000    0.000    0.000 nanfunctions.py:1(<module>)
      442    0.000    0.000    0.000    0.000 constructor.py:173(construct_scalar)
      217    0.000    0.000    0.000    0.000 typing.py:1061(<genexpr>)
        1    0.000    0.000    0.000    0.000 axis.py:2715(tick_left)
        4    0.000    0.000    0.000    0.000 core.py:1486(__mul__)
       72    0.000    0.000    0.000    0.000 axis.py:734(_get_shared_axes)
       23    0.000    0.000    0.000    0.000 nanops.py:70(<genexpr>)
       13    0.000    0.000    0.000    0.000 transforms.py:1573(get_matrix)
        1    0.000    0.000    0.000    0.000 _meta.py:1(<module>)
        1    0.000    0.000    0.000    0.000 interval.py:159(IntervalIndex)
        4    0.000    0.000    0.000    0.000 legend.py:954(_auto_legend_data)
      194    0.000    0.000    0.000    0.000 typing.py:1542(<genexpr>)
      338    0.000    0.000    0.000    0.000 constructor.py:402(construct_yaml_str)
        1    0.000    0.000    0.000    0.000 datetimelike.py:1940(TimelikeOps)
      708    0.000    0.000    0.000    0.000 _signatures.py:600(<genexpr>)
        1    0.000    0.000    0.000    0.000 argparse.py:1(<module>)
        2    0.000    0.000    0.000    0.000 _aggregations.py:28(count)
       94    0.000    0.000    0.000    0.000 axis.py:1043(_translate_tick_params)
        1    0.000    0.000    0.000    0.000 ctypeslib.py:1(<module>)
        1    0.000    0.000    0.000    0.000 entities.py:1(<module>)
        1    0.000    0.000    0.000    0.000 _mathtext.py:1814(Parser)
        1    0.000    0.000    0.000    0.000 range.py:1(<module>)
        1    0.000    0.000    0.000    0.000 _distributor_init.py:1(<module>)
       93    0.000    0.000    0.000    0.000 __init__.py:1428(_fixupParents)
     3452    0.000    0.000    0.000    0.000 base.py:363(ndim)
       26    0.000    0.000    0.000    0.000 core.py:6855(__init__)
        1    0.000    0.000    0.000    0.000 parquet.py:1(<module>)
        1    0.000    0.000    0.000    0.000 array.py:237(ArrowExtensionArray)
      603    0.000    0.000    0.000    0.000 core.py:792(preParse)
        2    0.000    0.000    0.000    0.000 variable.py:1614(reduce)
      291    0.000    0.000    0.000    0.000 _compiler.py:467(_get_charset_prefix)
       17    0.000    0.000    0.000    0.000 netCDF4_.py:128(_encode_nc4_variable)
      395    0.000    0.000    0.000    0.000 cbook.py:1862(_str_lower_equal)
       16    0.000    0.000    0.000    0.000 version.py:45(parse)
      194    0.000    0.000    0.000    0.000 __init__.py:228(matches)
        4    0.000    0.000    0.000    0.000 arraysetops.py:766(isin)
      103    0.000    0.000    0.000    0.000 patches.py:381(set_linewidth)
      841    0.000    0.000    0.000    0.000 exceptions.py:46(__init__)
        1    0.000    0.000    0.000    0.000 markers.py:155(MarkerStyle)
       57    0.000    0.000    0.000    0.000 axis.py:2202(_get_ticks_position)
       26    0.000    0.000    0.000    0.000 core.py:6860(getdoc)
  306/285    0.000    0.000    0.000    0.000 core.py:4281(<genexpr>)
      158    0.000    0.000    0.000    0.000 axis.py:195(_set_labelrotation)
        3    0.000    0.000    0.000    0.000 config.py:154(merge)
      257    0.000    0.000    0.000    0.000 <frozen posixpath>:60(isabs)
     2581    0.000    0.000    0.000    0.000 font_manager.py:1145(score_style)
      352    0.000    0.000    0.000    0.000 {built-in method _sre.compile}
        2    0.000    0.000    0.000    0.000 sysconfig.py:631(get_path)
      118    0.000    0.000    0.000    0.000 spines.py:135(get_patch_transform)
     1123    0.000    0.000    0.000    0.000 {method 'partition' of 'str' objects}
        2    0.000    0.000    0.000    0.000 sysconfig.py:619(get_paths)
        1    0.000    0.000    0.000    0.000 ioloop.py:72(IOLoop)
        1    0.000    0.000    0.000    0.000 parser.py:48(Parser)
        1    0.000    0.000    0.000    0.000 _pslinux.py:612(cpu_times)
        1    0.000    0.000    0.000    0.000 sql.py:1(<module>)
       52    0.000    0.000    0.000    0.000 {built-in method matplotlib._path.path_intersects_rectangle}
        2    0.000    0.000    0.000    0.000 sysconfig.py:266(_expand_vars)
     1795    0.000    0.000    0.000    0.000 {built-in method builtins.vars}
       40    0.000    0.000    0.000    0.000 core.py:2425(__init__)
      226    0.000    0.000    0.000    0.000 <frozen genericpath>:133(_splitext)
      108    0.000    0.000    0.000    0.000 <frozen _collections_abc>:811(__contains__)
        4    0.000    0.000    0.000    0.000 arraysetops.py:524(in1d)
       13    0.000    0.000    0.000    0.000 expr.py:188(_filter_nodes)
       17    0.000    0.000    0.000    0.000 core.py:5835(__init__)
      798    0.000    0.000    0.000    0.000 __init__.py:966(<lambda>)
      513    0.000    0.000    0.000    0.000 text.py:298(set_rotation_mode)
     2082    0.000    0.000    0.000    0.000 docscrape.py:50(__getitem__)
       52    0.000    0.000    0.000    0.000 core.py:894(__init__)
      161    0.000    0.000    0.000    0.000 _mathtext.py:1109(get_kerning)
        5    0.000    0.000    0.000    0.000 dataclasses.py:882(_hash_add)
       23    0.000    0.000    0.000    0.000 overrides.py:177(decorator)
      134    0.000    0.000    0.000    0.000 _weakrefset.py:27(__exit__)
        1    0.000    0.000    0.000    0.000 conventions.py:743(encode_dataset_coordinates)
     12/2    0.000    0.000    0.000    0.000 core.py:1546(makeOptionalList)
       52    0.000    0.000    0.000    0.000 accessor.py:126(_forbid_nonstring_types)
        1    0.000    0.000    0.000    0.000 tcpclient.py:41(_Connector)
        9    0.000    0.000    0.000    0.000 linalg.py:492(inv)
      170    0.000    0.000    0.000    0.000 cm.py:89(__getitem__)
        1    0.000    0.000    0.000    0.000 difflib.py:1(<module>)
        2    0.000    0.000    0.000    0.000 core.py:834(reduce)
     1726    0.000    0.000    0.000    0.000 categorical.py:2139(_codes)
        1    0.000    0.000    0.000    0.000 simple_httpclient.py:1(<module>)
       90    0.000    0.000    0.000    0.000 functools.py:479(lru_cache)
        1    0.000    0.000    0.000    0.000 order.py:1(<module>)
      844    0.000    0.000    0.000    0.000 enum.py:70(_is_internal_class)
       17    0.000    0.000    0.000    0.000 gridspec.py:412(get_subplot_params)
        8    0.000    0.000    0.000    0.000 backend_bases.py:745(_draw_disabled)
        1    0.000    0.000    0.000    0.000 blocks.py:1(<module>)
        5    0.000    0.000    0.000    0.000 dataclasses.py:675(_hash_fn)
       30    0.000    0.000    0.000    0.000 _base.py:1074(get_position)
       65    0.000    0.000    0.000    0.000 enum.py:1035(_find_new_)
      471    0.000    0.000    0.000    0.000 docscrape.py:97(peek)
      704    0.000    0.000    0.000    0.000 _compiler.py:570(isstring)
      130    0.000    0.000    0.000    0.000 results.py:219(__setitem__)
       36    0.000    0.000    0.000    0.000 deprecation.py:187(finalize)
       13    0.000    0.000    0.000    0.000 base.py:1164(normalize_seq)
     2581    0.000    0.000    0.000    0.000 font_manager.py:1209(score_size)
      123    0.000    0.000    0.000    0.000 expr.py:192(<genexpr>)
        1    0.000    0.000    0.000    0.000 arrayprint.py:1(<module>)
       36    0.000    0.000    0.000    0.000 axis.py:1867(_set_formatter)
        1    0.000    0.000    0.000    0.000 socketserver.py:1(<module>)
      681    0.000    0.000    0.000    0.000 {built-in method math.log10}
      432    0.000    0.000    0.000    0.000 <frozen os>:762(encode)
      761    0.000    0.000    0.000    0.000 scanner.py:325(unwind_indent)
      196    0.000    0.000    0.000    0.000 inspect.py:2461(_descriptor_get)
        1    0.000    0.000    0.000    0.000 watercolumn_run_lib.py:57(save_run_info)
      382    0.000    0.000    0.000    0.000 backend_bases.py:897(set_alpha)
      249    0.000    0.000    0.000    0.000 core.py:2383(__new__)
       42    0.000    0.000    0.000    0.000 docstrings.py:7(make_flex_doc)
     1593    0.000    0.000    0.000    0.000 text.py:246(_get_multialignment)
       51    0.000    0.000    0.000    0.000 util.py:58(decorator)
      863    0.000    0.000    0.000    0.000 common.py:686(<lambda>)
       58    0.000    0.000    0.000    0.000 patches.py:396(set_linestyle)
        1    0.000    0.000    0.000    0.000 inproc.py:1(<module>)
       70    0.000    0.000    0.000    0.000 numeric.py:341(full_like)
        1    0.000    0.000    0.000    0.000 environment.py:1133(Template)
        1    0.000    0.000    0.000    0.000 rolling.py:884(Window)
        1    0.000    0.000    0.000    0.000 selectors.py:1(<module>)
        1    0.000    0.000    0.000    0.000 common.py:629(assign_attrs)
        1    0.000    0.000    0.000    0.000 legend.py:342(Legend)
        5    0.000    0.000    0.000    0.000 figure.py:186(__init__)
        1    0.000    0.000    0.000    0.000 base_parser.py:1(<module>)
      166    0.000    0.000    0.000    0.000 markers.py:297(get_joinstyle)
      831    0.000    0.000    0.000    0.000 __init__.py:259(__iter__)
        1    0.000    0.000    0.000    0.000 dtypes.py:690(DatetimeTZDtype)
      726    0.000    0.000    0.000    0.000 offsetbox.py:342(get_children)
        5    0.000    0.000    0.000    0.000 backend_bases.py:3413(new_figure_manager_given_figure)
     1900    0.000    0.000    0.000    0.000 text.py:601(get_wrap)
      105    0.000    0.000    0.000    0.000 _parser.py:274(getuntil)
       67    0.000    0.000    0.000    0.000 util.py:119(clear)
     1726    0.000    0.000    0.000    0.000 range.py:280(start)
        1    0.000    0.000    0.000    0.000 range.py:66(RangeIndex)
       28    0.000    0.000    0.000    0.000 pathlib.py:1065(_make_child_relpath)
       43    0.000    0.000    0.000    0.000 ipaddress.py:1886(__init__)
       29    0.000    0.000    0.000    0.000 {built-in method posix.readlink}
     1506    0.000    0.000    0.000    0.000 figure.py:2761(_set_dpi)
        8    0.000    0.000    0.000    0.000 legend.py:1031(set_title)
        5    0.000    0.000    0.000    0.000 backend_bases.py:1774(new_manager)
        1    0.000    0.000    0.000    0.000 generic.py:1329(DataFrameGroupBy)
        1    0.000    0.000    0.000    0.000 conventions.py:646(_encode_coordinates)
        1    0.000    0.000    0.000    0.000 _color_data.py:1(<module>)
        1    0.000    0.000    0.000    0.000 errors.py:1(<module>)
        1    0.000    0.000    0.000    0.000 stealing.py:1(<module>)
     1727    0.000    0.000    0.000    0.000 managers.py:913(__init__)
        1    0.000    0.000    0.000    0.000 common.py:36(_normalize_path)
       17    0.000    0.000    0.000    0.000 generic.py:36(create_pandas_abc_type)
     1900    0.000    0.000    0.000    0.000 text.py:292(get_transform_rotates_text)
     1056    0.000    0.000    0.000    0.000 {method 'values' of 'mappingproxy' objects}
       51    0.000    0.000    0.000    0.000 text.py:586(set_clip_box)
        1    0.000    0.000    0.000    0.000 scale.py:737(_get_scale_docs)
      752    0.000    0.000    0.000    0.000 <frozen os>:766(decode)
        1    0.000    0.000    0.000    0.000 ctypeslib.py:360(_get_scalar_type_map)
        1    0.000    0.000    0.000    0.000 common.py:401(set_attributes)
      170    0.000    0.000    0.000    0.000 colors.py:953(copy)
       17    0.000    0.000    0.000    0.000 variables.py:566(encode)
     2581    0.000    0.000    0.000    0.000 font_manager.py:1162(score_variant)
        1    0.000    0.000    0.000    0.000 runners.py:1(<module>)
        1    0.000    0.000    0.000    0.000 web.py:2038(Application)
      656    0.000    0.000    0.000    0.000 core.py:3730(<genexpr>)
       60    0.000    0.000    0.000    0.000 PngImagePlugin.py:143(_crc32)
       51    0.000    0.000    0.000    0.000 _base.py:72(wrapper)
       37    0.000    0.000    0.000    0.000 delayed.py:694(__init__)
       29    0.000    0.000    0.000    0.000 core.py:5165(__init__)
       10    0.000    0.000    0.000    0.000 netCDF4_.py:484(set_attribute)
        2    0.000    0.000    0.000    0.000 glob.py:1(<module>)
       12    0.000    0.000    0.000    0.000 extension.py:125(wrapper)
        1    0.000    0.000    0.000    0.000 mlab.py:1(<module>)
        1    0.000    0.000    0.000    0.000 results.py:1(<module>)
        3    0.000    0.000    0.000    0.000 _exceptions.py:1(<module>)
        2    0.000    0.000    0.000    0.000 utils.py:641(is_remote_uri)
        5    0.000    0.000    0.000    0.000 backend_bases.py:2682(create_with_canvas)
     1607    0.000    0.000    0.000    0.000 {method '__subclasses__' of 'type' objects}
       19    0.000    0.000    0.000    0.000 cbook.py:539(_get_data_path)
        1    0.000    0.000    0.000    0.000 accessor_dt.py:1(<module>)
      357    0.000    0.000    0.000    0.000 feedparser.py:127(__next__)
        6    0.000    0.000    0.000    0.000 _base.py:3685(set_ylabel)
        1    0.000    0.000    0.000    0.000 websocket.py:1343(WebSocketClientConnection)
        4    0.000    0.000    0.000    0.000 __init__.py:415(<genexpr>)
     1250    0.000    0.000    0.000    0.000 <frozen importlib._bootstrap>:412(__init__)
      802    0.000    0.000    0.000    0.000 helpers.py:211(<lambda>)
      332    0.000    0.000    0.000    0.000 ticker.py:1615(raise_if_exceeds)
      201    0.000    0.000    0.000    0.000 results.py:210(__getitem__)
       14    0.000    0.000    0.000    0.000 contextlib.py:567(__exit__)
        1    0.000    0.000    0.000    0.000 config.py:171(initialize_logging)
      200    0.000    0.000    0.000    0.000 pyplot.py:164(_copy_docstring_and_deprecators)
       11    0.000    0.000    0.000    0.000 parser.py:471(parse_flow_sequence_first_entry)
        1    0.000    0.000    0.000    0.000 arraylike.py:1(<module>)
        8    0.000    0.000    0.000    0.000 core.py:5840(__add__)
        1    0.000    0.000    0.000    0.000 numbers.py:1(<module>)
        1    0.000    0.000    0.000    0.000 scheduler.py:3454(Scheduler)
      683    0.000    0.000    0.000    0.000 {built-in method builtins.repr}
        1    0.000    0.000    0.000    0.000 readers.py:1990(__exit__)
        1    0.000    0.000    0.000    0.000 datetimelike.py:87(DatetimeIndexOpsMixin)
       18    0.000    0.000    0.000    0.000 api.py:1302(<genexpr>)
     1593    0.000    0.000    0.000    0.000 text.py:317(get_rotation_mode)
        1    0.000    0.000    0.000    0.000 model.py:1(<module>)
      237    0.000    0.000    0.000    0.000 _collections.py:20(__missing__)
        1    0.000    0.000    0.000    0.000 readers.py:1622(close)
        1    0.000    0.000    0.000    0.000 config.py:86(_initialize_logging_old_style)
       94    0.000    0.000    0.000    0.000 patches.py:453(set_capstyle)
     1878    0.000    0.000    0.000    0.000 <frozen importlib._bootstrap_external>:71(_relax_case)
      120    0.000    0.000    0.000    0.000 patches.py:270(get_patch_transform)
       30    0.000    0.000    0.000    0.000 ipaddress.py:1282(__init__)
      254    0.000    0.000    0.000    0.000 dataclasses.py:857(_set_qualname)
        1    0.000    0.000    0.000    0.000 _calamine.py:1(<module>)
        1    0.000    0.000    0.000    0.000 _mixins.py:92(NDArrayBackedExtensionArray)
       16    0.000    0.000    0.000    0.000 fromnumeric.py:537(swapaxes)
     1726    0.000    0.000    0.000    0.000 arithmetic.py:71(<genexpr>)
       14    0.000    0.000    0.000    0.000 __init__.py:199(split)
        1    0.000    0.000    0.000    0.000 common.py:131(close)
       10    0.000    0.000    0.000    0.000 scanner.py:657(fetch_flow_scalar)
       83    0.000    0.000    0.000    0.000 weakref.py:46(__new__)
      332    0.000    0.000    0.000    0.000 ticker.py:1922(__init__)
      494    0.000    0.000    0.000    0.000 text.py:321(set_antialiased)
        1    0.000    0.000    0.000    0.000 pdcompat.py:1(<module>)
       18    0.000    0.000    0.000    0.000 transforms.py:1701(__init__)
      161    0.000    0.000    0.000    0.000 {method 'draw_glyph_to_bitmap' of 'matplotlib.ft2font.FT2Font' objects}
      104    0.000    0.000    0.000    0.000 functoolz.py:290(__hash__)
      790    0.000    0.000    0.000    0.000 copyreg.py:12(pickle)
       63    0.000    0.000    0.000    0.000 core.py:3063(_generateDefaultName)
        1    0.000    0.000    0.000    0.000 {method 'close' of '_io.TextIOWrapper' objects}
       50    0.000    0.000    0.000    0.000 hashing.py:94(hash_buffer_hex)
        3    0.000    0.000    0.000    0.000 <frozen importlib._bootstrap_external>:1544(find_distributions)
        1    0.000    0.000    0.000    0.000 _cm_listed.py:1(<module>)
        1    0.000    0.000    0.000    0.000 core.py:1160(Command)
       60    0.000    0.000    0.000    0.000 {built-in method zlib.crc32}
       85    0.000    0.000    0.000    0.000 variables.py:187(unpack_for_encoding)
       40    0.000    0.000    0.000    0.000 <frozen posixpath>:416(abspath)
       17    0.000    0.000    0.000    0.000 strings.py:119(encode)
        6    0.000    0.000    0.000    0.000 _base.py:3432(set_xlabel)
        1    0.000    0.000    0.000    0.000 plugin.py:1(<module>)
       44    0.000    0.000    0.000    0.000 scanner.py:484(fetch_block_entry)
        1    0.000    0.000    0.000    0.000 common.py:304(_get_filepath_or_buffer)
      170    0.000    0.000    0.000    0.000 colors.py:771(__copy__)
        8    0.000    0.000    0.000    0.000 legend.py:1098(set_bbox_to_anchor)
        1    0.000    0.000    0.000    0.000 inspect.py:2350(_signature_from_builtin)
       32    0.000    0.000    0.000    0.000 transforms.py:322(min)
       27    0.000    0.000    0.000    0.000 artist.py:45(allow_rasterization)
        3    0.000    0.000    0.000    0.000 backend_agg.py:175(draw_mathtext)
        1    0.000    0.000    0.000    0.000 dtypes.py:945(PeriodDtype)
        1    0.000    0.000    0.000    0.000 indexes.py:1(<module>)
        1    0.000    0.000    0.000    0.000 template.py:252(Template)
     2418    0.000    0.000    0.000    0.000 {built-in method builtins.chr}
        1    0.000    0.000    0.000    0.000 selector_events.py:1(<module>)
        3    0.000    0.000    0.000    0.000 expr.py:280(disallowed)
       98    0.000    0.000    0.000    0.000 typing.py:1415(__mro_entries__)
        1    0.000    0.000    0.000    0.000 figure.py:2360(Figure)
        1    0.000    0.000    0.000    0.000 isoparser.py:1(<module>)
      739    0.000    0.000    0.000    0.000 <frozen _collections_abc>:435(__subclasshook__)
        5    0.000    0.000    0.000    0.000 contextlib.py:511(enter_context)
     1727    0.000    0.000    0.000    0.000 series.py:660(_constructor)
      151    0.000    0.000    0.000    0.000 _parser.py:893(_parse_flags)
      196    0.000    0.000    0.000    0.000 dataclasses.py:404(field)
       19    0.000    0.000    0.000    0.000 typing.py:1871(__instancecheck__)
      604    0.000    0.000    0.000    0.000 transforms.py:272(y1)
       26    0.000    0.000    0.000    0.000 transforms.py:585(count_overlaps)
      155    0.000    0.000    0.000    0.000 inspect.py:1456(formatannotation)
      605    0.000    0.000    0.000    0.000 _inspect.py:13(ismethod)
      100    0.000    0.000    0.000    0.000 {method 'strftime' of 'datetime.date' objects}
       58    0.000    0.000    0.000    0.000 inspect.py:420(iscoroutinefunction)
       37    0.000    0.000    0.000    0.000 delayed.py:59(unpack_collections)
        1    0.000    0.000    0.000    0.000 axis3d.py:38(Axis)
        1    0.000    0.000    0.000    0.000 actions.py:1(<module>)
        1    0.000    0.000    0.000    0.000 arraylike.py:31(OpsMixin)
       22    0.000    0.000    0.000    0.000 core.py:4909(__init__)
      194    0.000    0.000    0.000    0.000 __init__.py:196(__init__)
       18    0.000    0.000    0.000    0.000 _base.py:222(__init__)
        3    0.000    0.000    0.000    0.000 _fontconfig_pattern.py:59(comma_separated)
        3    0.000    0.000    0.000    0.000 __init__.py:777(find_distributions)
        1    0.000    0.000    0.000    0.000 traceback.py:1(<module>)
        1    0.000    0.000    0.000    0.000 treenode.py:1(<module>)
       13    0.000    0.000    0.000    0.000 functoolz.py:825(_check_sigspec)
       12    0.000    0.000    0.000    0.000 parser.py:476(parse_flow_sequence_entry)
      208    0.000    0.000    0.000    0.000 __init__.py:447(_make)
       10    0.000    0.000    0.000    0.000 scanner.py:1134(scan_flow_scalar)
      371    0.000    0.000    0.000    0.000 <frozen os>:703(__iter__)
        1    0.000    0.000    0.000    0.000 timeouts.py:26(Timeout)
      171    0.000    0.000    0.000    0.000 axis.py:2218(<genexpr>)
        1    0.000    0.000    0.000    0.000 inspect.py:2208(_signature_fromstr)
      537    0.000    0.000    0.000    0.000 rcsetup.py:180(validator)
        5    0.000    0.000    0.000    0.000 backend_bases.py:2645(__init__)
        6    0.000    0.000    0.000    0.000 deprecation.py:242(__set_name__)
       17    0.000    0.000    0.000    0.000 core.py:684(chunks)
      733    0.000    0.000    0.000    0.000 _signatures.py:609(<genexpr>)
      243    0.000    0.000    0.000    0.000 dataclasses.py:489(_field_init)
       74    0.000    0.000    0.000    0.000 base.py:1056(_ensure_deterministic_ctx)
       85    0.000    0.000    0.000    0.000 lru_cache.py:53(__getitem__)
      352    0.000    0.000    0.000    0.000 _parser.py:953(fix_flags)
      680    0.000    0.000    0.000    0.000 {built-in method builtins.divmod}
        1    0.000    0.000    0.000    0.000 backend_bases.py:2802(NavigationToolbar2)
       30    0.000    0.000    0.000    0.000 _inspect.py:140(formatargspec)
        1    0.000    0.000    0.000    0.000 ExifTags.py:305(GPS)
       24    0.000    0.000    0.000    0.000 _add_newdocs_scalars.py:71(add_newdoc_for_scalar_type)
        1    0.000    0.000    0.000    0.000 pkgutil.py:1(<module>)
        1    0.000    0.000    0.000    0.000 _meta.py:8(PackageMetadata)
      317    0.000    0.000    0.000    0.000 function_base.py:465(_needs_add_docstring)
      698    0.000    0.000    0.000    0.000 ast.py:257(iter_fields)
       18    0.000    0.000    0.000    0.000 _base.py:226(set_prop_cycle)
      494    0.000    0.000    0.000    0.000 text.py:1335(set_parse_math)
        1    0.000    0.000    0.000    0.000 colors.py:1173(_init)
        1    0.000    0.000    0.000    0.000 datetimelike.py:196(DatetimeLikeArrayMixin)
       10    0.000    0.000    0.000    0.000 path.py:191(_create_closed)
        3    0.000    0.000    0.000    0.000 __init__.py:790(_search_paths)
        1    0.000    0.000    0.000    0.000 handlers.py:1(<module>)
     1072    0.000    0.000    0.000    0.000 <frozen importlib._bootstrap_external>:1573(<genexpr>)
       94    0.000    0.000    0.000    0.000 __init__.py:1497(__init__)
     1063    0.000    0.000    0.000    0.000 <frozen importlib._bootstrap_external>:1153(__init__)
        1    0.000    0.000    0.000    0.000 lmdb.py:1(<module>)
        1    0.000    0.000    0.000    0.000 utils.py:76(_PassArg)
       59    0.000    0.000    0.000    0.000 dataclasses.py:428(_fields_in_init_order)
        1    0.000    0.000    0.000    0.000 system.py:14(memory_limit)
     1386    0.000    0.000    0.000    0.000 {method 'isupper' of 'str' objects}
     1900    0.000    0.000    0.000    0.000 text.py:1347(get_parse_math)
       35    0.000    0.000    0.000    0.000 _pslinux.py:1706(wrap_exceptions)
     1407    0.000    0.000    0.000    0.000 {built-in method sys.getrecursionlimit}
        1    0.000    0.000    0.000    0.000 _musllinux.py:1(<module>)
     2113    0.000    0.000    0.000    0.000 fromnumeric.py:2687(_max_dispatcher)
     2073    0.000    0.000    0.000    0.000 fromnumeric.py:2831(_min_dispatcher)
        1    0.000    0.000    0.000    0.000 isoparser.py:42(isoparser)
      133    0.000    0.000    0.000    0.000 expr.py:181(<genexpr>)
     1724    0.000    0.000    0.000    0.000 variable.py:2639(load)
        1    0.000    0.000    0.000    0.000 optimization.py:1(<module>)
        1    0.000    0.000    0.000    0.000 sortedlist.py:1(<module>)
        1    0.000    0.000    0.000    0.000 widgets.py:344(Slider)
      474    0.000    0.000    0.000    0.000 inspect.py:1813(_shadowed_dict)
       56    0.000    0.000    0.000    0.000 <frozen posixpath>:256(expanduser)
       13    0.000    0.000    0.000    0.000 textwrap.py:470(indent)
       17    0.000    0.000    0.000    0.000 enum.py:1551(__or__)
      190    0.000    0.000    0.000    0.000 {built-in method _codecs.utf_8_decode}
       33    0.000    0.000    0.000    0.000 {method '__typing_subst__' of 'typing.TypeVar' objects}
        1    0.000    0.000    0.000    0.000 _openpyxl.py:1(<module>)
        1    0.000    0.000    0.000    0.000 runtime.py:392(LoopContext)
      980    0.000    0.000    0.000    0.000 {method 'get_descent' of 'matplotlib.ft2font.FT2Font' objects}
        3    0.000    0.000    0.000    0.000 __init__.py:750(__init__)
        1    0.000    0.000    0.000    0.000 gzip.py:1(<module>)
        1    0.000    0.000    0.000    0.000 idtracking.py:30(Symbols)
        1    0.000    0.000    0.000    0.000 arraysetops.py:1(<module>)
       20    0.000    0.000    0.000    0.000 ipaddress.py:1183(_ip_int_from_string)
        1    0.000    0.000    0.000    0.000 base_parser.py:101(ParserBase)
       97    0.000    0.000    0.000    0.000 docscrape.py:192(_strip)
        1    0.000    0.000    0.000    0.000 exceptions.py:18(TemplateNotFound)
       80    0.000    0.000    0.000    0.000 calendar.py:102(__getitem__)
      465    0.000    0.000    0.000    0.000 config.py:60(canonical_name)
      215    0.000    0.000    0.000    0.000 __init__.py:101(section_pairs)
        1    0.000    0.000    0.000    0.000 timedeltas.py:103(TimedeltaArray)
        1    0.000    0.000    0.000    0.000 dviread.py:238(Dvi)
        1    0.000    0.000    0.000    0.000 _typed_ops.py:1(<module>)
        1    0.000    0.000    0.000    0.000 worker.py:264(Worker)
       62    0.000    0.000    0.000    0.000 {method 'sort' of 'list' objects}
        1    0.000    0.000    0.000    0.000 _base.py:1216(sharex)
     1724    0.000    0.000    0.000    0.000 base.py:1979(nlevels)
       18    0.000    0.000    0.000    0.000 axis.py:1827(set_major_formatter)
        1    0.000    0.000    0.000    0.000 constants.py:1(<module>)
        9    0.000    0.000    0.000    0.000 _base.py:3123(set_axisbelow)
        1    0.000    0.000    0.000    0.000 pathlib.py:81(_make_selector)
        1    0.000    0.000    0.000    0.000 parallelcompat.py:1(<module>)
        1    0.000    0.000    0.000    0.000 sysconfig.py:448(get_makefile_filename)
       32    0.000    0.000    0.000    0.000 __init__.py:667(__init__)
     1726    0.000    0.000    0.000    0.000 range.py:298(stop)
       44    0.000    0.000    0.000    0.000 typing.py:977(_typevar_subst)
    379/1    0.000    0.000    0.000    0.000 __config__.py:19(_cleanup)
        3    0.000    0.000    0.000    0.000 pathlib.py:1197(home)
        1    0.000    0.000    0.000    0.000 laguerre.py:1(<module>)
        1    0.000    0.000    0.000    0.000 pathlib.py:193(__init__)
        1    0.000    0.000    0.000    0.000 patches.py:3086(ArrowStyle)
        1    0.000    0.000    0.000    0.000 categorical.py:246(Categorical)
        4    0.000    0.000    0.000    0.000 arraysetops.py:373(intersect1d)
        1    0.000    0.000    0.000    0.000 legend_handler.py:1(<module>)
      240    0.000    0.000    0.000    0.000 {method 'set' of '_contextvars.ContextVar' objects}
        1    0.000    0.000    0.000    0.000 gridspec.py:1(<module>)
        4    0.000    0.000    0.000    0.000 colors.py:1679(_make_norm_from_scale)
        1    0.000    0.000    0.000    0.000 ansi.py:1(<module>)
      432    0.000    0.000    0.000    0.000 scanner.py:731(check_plain)
       16    0.000    0.000    0.000    0.000 ticker.py:2159(view_limits)
        1    0.000    0.000    0.000    0.000 ticker.py:2240(LogLocator)
     2234    0.000    0.000    0.000    0.000 inspect.py:2769(default)
        1    0.000    0.000    0.000    0.000 _nested_sequence.py:1(<module>)
        1    0.000    0.000    0.000    0.000 core.py:3712(ParseExpression)
        1    0.000    0.000    0.000    0.000 datetimelike.py:430(DatetimeTimedeltaMixin)
      167    0.000    0.000    0.000    0.000 lines.py:936(get_markeredgecolor)
       18    0.000    0.000    0.000    0.000 function_base.py:1324(diff)
      206    0.000    0.000    0.000    0.000 docscrape.py:56(read)
        1    0.000    0.000    0.000    0.000 runtime.py:144(Context)
        1    0.000    0.000    0.000    0.000 pyplot.py:2585(suptitle)
        1    0.000    0.000    0.000    0.000 proj3d.py:1(<module>)
       95    0.000    0.000    0.000    0.000 accessor.py:94(_create_delegator_property)
      150    0.000    0.000    0.000    0.000 _mathtext.py:422(get_kern)
        9    0.000    0.000    0.000    0.000 core.py:4958(_setResultsName)
        1    0.000    0.000    0.000    0.000 tempfile.py:1(<module>)
       16    0.000    0.000    0.000    0.000 axis.py:1152(get_inverted)
       20    0.000    0.000    0.000    0.000 colors.py:1189(reversed)
        1    0.000    0.000    0.000    0.000 async_utils.py:1(<module>)
       17    0.000    0.000    0.000    0.000 variables.py:460(encode)
        1    0.000    0.000    0.000    0.000 pydoc.py:485(Doc)
        1    0.000    0.000    0.000    0.000 pathlib.py:106(_compile_pattern)
      325    0.000    0.000    0.000    0.000 socket.py:94(<lambda>)
        1    0.000    0.000    0.000    0.000 _encoded_words.py:1(<module>)
        1    0.000    0.000    0.000    0.000 period.py:80(PeriodIndex)
      267    0.000    0.000    0.000    0.000 <frozen abc>:7(abstractmethod)
        3    0.000    0.000    0.000    0.000 _mathtext.py:1992(csnames)
       54    0.000    0.000    0.000    0.000 axis.py:924(reset_ticks)
       26    0.000    0.000    0.000    0.000 core.py:921(__init__)
      166    0.000    0.000    0.000    0.000 offsetbox.py:52(<lambda>)
     1768    0.000    0.000    0.000    0.000 inspect.py:3058(parameters)
      439    0.000    0.000    0.000    0.000 inspect.py:299(ismethod)
       40    0.000    0.000    0.000    0.000 colors.py:1149(__init__)
      309    0.000    0.000    0.000    0.000 types.py:192(__init__)
      106    0.000    0.000    0.000    0.000 extension.py:32(_inherit_from_data)
       12    0.000    0.000    0.000    0.000 _strptime.py:219(__seqToRE)
        1    0.000    0.000    0.000    0.000 cache.py:1(<module>)
       37    0.000    0.000    0.000    0.000 delayed.py:537(__init__)
       32    0.000    0.000    0.000    0.000 transforms.py:327(max)
        1    0.000    0.000    0.000    0.000 widgets.py:2533(SpanSelector)
        1    0.000    0.000    0.000    0.000 figure.py:392(suptitle)
       18    0.000    0.000    0.000    0.000 axis.py:1893(set_major_locator)
       20    0.000    0.000    0.000    0.000 compiler.py:45(optimizeconst)
        1    0.000    0.000    0.000    0.000 specifiers.py:703(__init__)
      357    0.000    0.000    0.000    0.000 feedparser.py:77(readline)
        1    0.000    0.000    0.000    0.000 widgets.py:1341(TextBox)
        1    0.000    0.000    0.000    0.000 variables.py:1(<module>)
      132    0.000    0.000    0.000    0.000 _weakrefset.py:53(_commit_removals)
     1726    0.000    0.000    0.000    0.000 range.py:315(step)
      206    0.000    0.000    0.000    0.000 docscrape.py:21(strip_blank_lines)
       78    0.000    0.000    0.000    0.000 <frozen posixpath>:408(normpath)
      322    0.000    0.000    0.000    0.000 socket.py:79(<lambda>)
       28    0.000    0.000    0.000    0.000 ipaddress.py:1617(_ip_int_from_string)
      323    0.000    0.000    0.000    0.000 socket.py:84(<lambda>)
        1    0.000    0.000    0.000    0.000 integer.py:1(<module>)
       33    0.000    0.000    0.000    0.000 _mathtext.py:1809(<genexpr>)
        1    0.000    0.000    0.000    0.000 datatree_render.py:1(<module>)
        9    0.000    0.000    0.000    0.000 scanner.py:654(fetch_double)
        2    0.000    0.000    0.000    0.000 parallel.py:1(<module>)
      324    0.000    0.000    0.000    0.000 socket.py:89(<lambda>)
      370    0.000    0.000    0.000    0.000 typing.py:944(__hash__)
        1    0.000    0.000    0.000    0.000 transforms.py:2106(IdentityTransform)
        5    0.000    0.000    0.000    0.000 Image.py:3016(frombuffer)
      166    0.000    0.000    0.000    0.000 axis.py:1632(get_minor_ticks)
        1    0.000    0.000    0.000    0.000 figure.py:312(_suplabels)
      285    0.000    0.000    0.000    0.000 typing.py:295(_check_generic)
      605    0.000    0.000    0.000    0.000 _inspect.py:26(isfunction)
        8    0.000    0.000    0.000    0.000 patches.py:374(set_alpha)
      115    0.000    0.000    0.000    0.000 dataclasses.py:437(_tuple_str)
      171    0.000    0.000    0.000    0.000 rcsetup.py:140(validate_bool)
        2    0.000    0.000    0.000    0.000 sysconfig.py:258(_extend_dict)
     1355    0.000    0.000    0.000    0.000 axis.py:283(get_loc)
        2    0.000    0.000    0.000    0.000 lazy.py:84(__new__)
       17    0.000    0.000    0.000    0.000 netCDF4_.py:239(_extract_nc4_variable_encoding)
      194    0.000    0.000    0.000    0.000 __init__.py:224(_for)
       15    0.000    0.000    0.000    0.000 core.py:5030(__init__)
      166    0.000    0.000    0.000    0.000 markers.py:300(get_capstyle)
        1    0.000    0.000    0.000    0.000 runtime.py:589(AsyncLoopContext)
        1    0.000    0.000    0.000    0.000 stata.py:823(StataMissingValue)
       11    0.000    0.000    0.000    0.000 async_utils.py:13(decorator)
      240    0.000    0.000    0.000    0.000 {method 'reset' of '_contextvars.ContextVar' objects}
      703    0.000    0.000    0.000    0.000 tokens.py:3(__init__)
       98    0.000    0.000    0.000    0.000 _policybase.py:293(header_source_parse)
       13    0.000    0.000    0.000    0.000 core.py:8389(__init__)
       19    0.000    0.000    0.000    0.000 artist.py:24(_prevent_rasterization)
        1    0.000    0.000    0.000    0.000 core.py:456(DebugActions)
        1    0.000    0.000    0.000    0.000 widgets.py:615(RangeSlider)
        1    0.000    0.000    0.000    0.000 streams.py:1(<module>)
        1    0.000    0.000    0.000    0.000 unicode.py:121(pyparsing_unicode)
        1    0.000    0.000    0.000    0.000 transforms.py:84(TransformNode)
       18    0.000    0.000    0.000    0.000 core.py:3902(__init__)
        1    0.000    0.000    0.000    0.000 loaders.py:152(FileSystemLoader)
        1    0.000    0.000    0.000    0.000 tz.py:1552(__call__)
      528    0.000    0.000    0.000    0.000 typing.py:2534(final)
      130    0.000    0.000    0.000    0.000 colors.py:967(__init__)
        2    0.000    0.000    0.000    0.000 _strptime.py:88(__calc_month)
        3    0.000    0.000    0.000    0.000 pathlib.py:1398(expanduser)
        1    0.000    0.000    0.000    0.000 shlex.py:1(<module>)
        1    0.000    0.000    0.000    0.000 ext.py:1(<module>)
     1196    0.000    0.000    0.000    0.000 <frozen importlib._bootstrap>:653(has_location)
       15    0.000    0.000    0.000    0.000 backend_bases.py:2243(mpl_connect)
        8    0.000    0.000    0.000    0.000 legend.py:649(set_loc)
        5    0.000    0.000    0.000    0.000 functoolz.py:884(has_keywords)
        1    0.000    0.000    0.000    0.000 daskmanager.py:1(<module>)
      194    0.000    0.000    0.000    0.000 docscrape.py:35(__init__)
        3    0.000    0.000    0.000    0.000 numba_.py:1(<module>)
        1    0.000    0.000    0.000    0.000 bccache.py:1(<module>)
       58    0.000    0.000    0.000    0.000 inspect.py:384(_has_code_flag)
        1    0.000    0.000    0.000    0.000 _iotools.py:1(<module>)
        1    0.000    0.000    0.000    0.000 _odfreader.py:1(<module>)
       34    0.000    0.000    0.000    0.000 generic.py:13611(make_doc)
        1    0.000    0.000    0.000    0.000 common.py:515(get_compression_method)
        1    0.000    0.000    0.000    0.000 axis.py:596(Axis)
      313    0.000    0.000    0.000    0.000 functoolz.py:158(__get__)
      586    0.000    0.000    0.000    0.000 _inspect.py:41(iscode)
        2    0.000    0.000    0.000    0.000 config.py:727(rename)
        1    0.000    0.000    0.000    0.000 figure.py:1155(text)
        1    0.000    0.000    0.000    0.000 _xlrd.py:1(<module>)
       50    0.000    0.000    0.000    0.000 hashing.py:73(hash_buffer)
        1    0.000    0.000    0.000    0.000 reduction.py:1(<module>)
        3    0.000    0.000    0.000    0.000 lines.py:121(_mark_every_path)
        1    0.000    0.000    0.000    0.000 loaders.py:431(FunctionLoader)
      283    0.000    0.000    0.000    0.000 __init__.py:120(valid)
      171    0.000    0.000    0.000    0.000 traceback.py:299(__getitem__)
       50    0.000    0.000    0.000    0.000 _internal.py:872(_ufunc_doc_signature_formatter)
        1    0.000    0.000    0.000    0.000 sortedset.py:1(<module>)
        2    0.000    0.000    0.000    0.000 specifiers.py:328(__hash__)
       32    0.000    0.000    0.000    0.000 <frozen _collections_abc>:974(update)
        1    0.000    0.000    0.000    0.000 python_parser.py:1(<module>)
      810    0.000    0.000    0.000    0.000 {method 'decode' of 'bytes' objects}
      183    0.000    0.000    0.000    0.000 textwrap.py:482(prefixed_lines)
        1    0.000    0.000    0.000    0.000 contour.py:716(ContourSet)
       24    0.000    0.000    0.000    0.000 dviread.py:220(decorate)
        1    0.000    0.000    0.000    0.000 base.py:284(IndexOpsMixin)
       36    0.000    0.000    0.000    0.000 axis.py:1265(_set_artist_props)
        5    0.000    0.000    0.000    0.000 serialize.py:201(register_serialization_family)
       65    0.000    0.000    0.000    0.000 enum.py:957(_check_for_existing_members_)
        2    0.000    0.000    0.000    0.000 specifiers.py:320(_canonical_spec)
        3    0.000    0.000    0.000    0.000 functoolz.py:917(is_arity)
        2    0.000    0.000    0.000    0.000 _adapters.py:46(__init__)
        1    0.000    0.000    0.000    0.000 sieve.py:1(<module>)
        1    0.000    0.000    0.000    0.000 httpclient.py:140(AsyncHTTPClient)
       56    0.000    0.000    0.000    0.000 config.py:568(get)
       13    0.000    0.000    0.000    0.000 core.py:8394(getdoc)
        1    0.000    0.000    0.000    0.000 collections.py:27(Collection)
       47    0.000    0.000    0.000    0.000 ipaddress.py:533(_split_addr_prefix)
        1    0.000    0.000    0.000    0.000 geo.py:294(HammerAxes)
     1062    0.000    0.000    0.000    0.000 <frozen importlib._bootstrap_external>:1178(get_filename)
   134/33    0.000    0.000    0.000    0.000 _mathtext.py:1801(names)
        1    0.000    0.000    0.000    0.000 series.py:5136(reindex)
        1    0.000    0.000    0.000    0.000 contour.py:72(ContourLabeler)
      468    0.000    0.000    0.000    0.000 colors.py:348(<genexpr>)
        1    0.000    0.000    0.000    0.000 websocket.py:132(WebSocketHandler)
        1    0.000    0.000    0.000    0.000 axis.py:43(Tick)
        2    0.000    0.000    0.000    0.000 _adapters.py:63(_repair_headers)
       20    0.000    0.000    0.000    0.000 common.py:118(locked)
        1    0.000    0.000    0.000    0.000 sorteddict.py:1(<module>)
       18    0.000    0.000    0.000    0.000 axis.py:1853(set_minor_formatter)
      128    0.000    0.000    0.000    0.000 __init__.py:234(_acquireLock)
      259    0.000    0.000    0.000    0.000 core.py:1753(set_whitespace_chars)
        9    0.000    0.000    0.000    0.000 gridspec.py:561(_from_subplot_args)
        2    0.000    0.000    0.000    0.000 utils.py:55(canonicalize_version)
      716    0.000    0.000    0.000    0.000 enum.py:1287(name)
       18    0.000    0.000    0.000    0.000 ticker.py:2028(_staircase)
      716    0.000    0.000    0.000    0.000 dataclasses.py:461(<genexpr>)
        1    0.000    0.000    0.000    0.000 types.py:764(Path)
        1    0.000    0.000    0.000    0.000 _collections.py:1(<module>)
        1    0.000    0.000    0.000    0.000 pickle_compat.py:1(<module>)
        1    0.000    0.000    0.000    0.000 zip.py:1(<module>)
        2    0.000    0.000    0.000    0.000 _signatures.py:1(<module>)
       81    0.000    0.000    0.000    0.000 typing.py:961(_is_unpacked_typevartuple)
        4    0.000    0.000    0.000    0.000 utils.py:1264(has_keyword)
        1    0.000    0.000    0.000    0.000 __init__.py:1964(virtual_memory)
        1    0.000    0.000    0.000    0.000 combine.py:1(<module>)
       12    0.000    0.000    0.000    0.000 message.py:494(get)
        1    0.000    0.000    0.000    0.000 tokens.py:1(<module>)
        1    0.000    0.000    0.000    0.000 exceptions.py:27(ParseBaseException)
      480    0.000    0.000    0.000    0.000 typing.py:1603(__eq__)
        2    0.000    0.000    0.000    0.000 _strptime.py:80(__calc_weekday)
      261    0.000    0.000    0.000    0.000 compute.py:236(_make_generic_wrapper)
        1    0.000    0.000    0.000    0.000 tests.py:1(<module>)
       64    0.000    0.000    0.000    0.000 _decorators.py:443(__call__)
        1    0.000    0.000    0.000    0.000 generic.py:5343(reindex)
       23    0.000    0.000    0.000    0.000 figure.py:2611(set_layout_engine)
     1876    0.000    0.000    0.000    0.000 __init__.py:847(<lambda>)
       46    0.000    0.000    0.000    0.000 transforms.py:955(x0)
       19    0.000    0.000    0.000    0.000 __init__.py:19(_simple_escaping_wrapper)
      668    0.000    0.000    0.000    0.000 spines.py:558(__getattr__)
        1    0.000    0.000    0.000    0.000 types.py:23(ParamType)
      316    0.000    0.000    0.000    0.000 rcsetup.py:878(_convert_validator_spec)
      626    0.000    0.000    0.000    0.000 parser.py:114(get_event)
      222    0.000    0.000    0.000    0.000 transforms.py:1329(<genexpr>)
        1    0.000    0.000    0.000    0.000 netutil.py:314(Resolver)
        1    0.000    0.000    0.000    0.000 core.py:6550(__new__)
       18    0.000    0.000    0.000    0.000 core.py:997(__init__)
        1    0.000    0.000    0.000    0.000 widgets.py:3738(LassoSelector)
        1    0.000    0.000    0.000    0.000 ExifTags.py:360(LightSource)
       18    0.000    0.000    0.000    0.000 axis.py:1909(set_minor_locator)
      517    0.000    0.000    0.000    0.000 _compiler.py:31(_combine_flags)
        1    0.000    0.000    0.000    0.000 cloudpickle.py:1(<module>)
        1    0.000    0.000    0.000    0.000 web.py:3454(_UIModuleNamespace)
        1    0.000    0.000    0.000    0.000 locale.py:224(Locale)
        1    0.000    0.000    0.000    0.000 _pslinux.py:419(virtual_memory)
       59    0.000    0.000    0.000    0.000 <frozen abc>:146(update_abstractmethods)
        1    0.000    0.000    0.000    0.000 _parser.py:58(_timelex)
       92    0.000    0.000    0.000    0.000 <frozen codecs>:309(__init__)
       17    0.000    0.000    0.000    0.000 times.py:962(encode)
        7    0.000    0.000    0.000    0.000 _mathtext.py:2181(push_state)
        1    0.000    0.000    0.000    0.000 geo.py:246(AitoffAxes)
       58    0.000    0.000    0.000    0.000 patches.py:493(set_hatch)
        1    0.000    0.000    0.000    0.000 websocket.py:790(WebSocketProtocol13)
        1    0.000    0.000    0.000    0.000 geo.py:413(LambertAxes)
       65    0.000    0.000    0.000    0.000 enum.py:383(__init__)
        9    0.000    0.000    0.000    0.000 _base.py:3547(get_xlim)
       80    0.000    0.000    0.000    0.000 ipaddress.py:1209(_parse_octet)
      659    0.000    0.000    0.000    0.000 markers.py:279(get_fillstyle)
        1    0.000    0.000    0.000    0.000 core.py:1472(MultiCommand)
        2    0.000    0.000    0.000    0.000 mixins.py:1(<module>)
        4    0.000    0.000    0.000    0.000 colors.py:1697(Norm)
      344    0.000    0.000    0.000    0.000 stride_tricks.py:25(_maybe_view_as_subclass)
        1    0.000    0.000    0.000    0.000 geo.py:341(MollweideAxes)
       89    0.000    0.000    0.000    0.000 utils.py:743(dispatch)
        1    0.000    0.000    0.000    0.000 _compression.py:1(<module>)
        8    0.000    0.000    0.000    0.000 arraysetops.py:138(unique)
        1    0.000    0.000    0.000    0.000 tcpserver.py:43(TCPServer)
      162    0.000    0.000    0.000    0.000 core.py:4234(<genexpr>)
        1    0.000    0.000    0.000    0.000 _datasource.py:1(<module>)
        9    0.000    0.000    0.000    0.000 compiler.py:61(_make_binop)
       20    0.000    0.000    0.000    0.000 _weakrefset.py:37(__init__)
       38    0.000    0.000    0.000    0.000 getlimits.py:91(_float_to_float)
        1    0.000    0.000    0.000    0.000 tz.py:1590(nocache)
        1    0.000    0.000    0.000    0.000 __init__.py:495(_get_xdg_config_dir)
      801    0.000    0.000    0.000    0.000 font_manager.py:844(set_file)
        1    0.000    0.000    0.000    0.000 computation.py:1(<module>)
        6    0.000    0.000    0.000    0.000 enum.py:1414(_missing_)
        1    0.000    0.000    0.000    0.000 pytables.py:4836(AppendableMultiFrameTable)
       52    0.000    0.000    0.000    0.000 config.py:624(pop)
        9    0.000    0.000    0.000    0.000 figure.py:786(_add_axes_internal)
      199    0.000    0.000    0.000    0.000 inspect.py:303(ismethoddescriptor)
        1    0.000    0.000    0.000    0.000 semaphore.py:1(<module>)
        1    0.000    0.000    0.000    0.000 _polybase.py:1(<module>)
        1    0.000    0.000    0.000    0.000 lexer.py:471(Lexer)
       19    0.000    0.000    0.000    0.000 __init__.py:728(search)
     1062    0.000    0.000    0.000    0.000 <frozen importlib._bootstrap_external>:986(create_module)
        1    0.000    0.000    0.000    0.000 einsumfunc.py:1(<module>)
        1    0.000    0.000    0.000    0.000 hatch.py:1(<module>)
        1    0.000    0.000    0.000    0.000 _mathtext_data.py:1(<module>)
      229    0.000    0.000    0.000    0.000 {method 'splitlines' of 'str' objects}
       36    0.000    0.000    0.000    0.000 constructor.py:405(construct_yaml_seq)
      307    0.000    0.000    0.000    0.000 backend_agg.py:246(get_canvas_width_height)
        1    0.000    0.000    0.000    0.000 http1connection.py:104(HTTP1Connection)
        1    0.000    0.000    0.000    0.000 feather_format.py:1(<module>)
       90    0.000    0.000    0.000    0.000 transforms.py:1837(is_separable)
      352    0.000    0.000    0.000    0.000 _parser.py:77(__init__)
        1    0.000    0.000    0.000    0.000 records.py:1(<module>)
        1    0.000    0.000    0.000    0.000 _legacy.py:1(<module>)
        1    0.000    0.000    0.000    0.000 simple_httpclient.py:252(_HTTPConnection)
       25    0.000    0.000    0.000    0.000 _compiler.py:391(_bytes_to_codes)
       50    0.000    0.000    0.000    0.000 hashing.py:63(_hash_sha1)
        1    0.000    0.000    0.000    0.000 core.py:4481(ParseElementEnhance)
        1    0.000    0.000    0.000    0.000 publish.py:1(<module>)
       30    0.000    0.000    0.000    0.000 rcsetup.py:52(__init__)
        4    0.000    0.000    0.000    0.000 pyplot.py:482(show)
      226    0.000    0.000    0.000    0.000 base.py:1081(_seen_ctx)
       12    0.000    0.000    0.000    0.000 patches.py:4022(set_bounds)
        1    0.000    0.000    0.000    0.000 texmanager.py:1(<module>)
      870    0.000    0.000    0.000    0.000 axis.py:355(<genexpr>)
    14/13    0.000    0.000    0.000    0.000 core.py:5046(_generateDefaultName)
        1    0.000    0.000    0.000    0.000 core.py:2449(Option)
        1    0.000    0.000    0.000    0.000 template.py:503(_Node)
        1    0.000    0.000    0.000    0.000 doc.py:1(<module>)
        8    0.000    0.000    0.000    0.000 _base.py:3497(get_xbound)
        1    0.000    0.000    0.000    0.000 lines.py:216(Line2D)
        1    0.000    0.000    0.000    0.000 stride_tricks.py:1(<module>)
        3    0.000    0.000    0.000    0.000 ansi.py:26(__init__)
        1    0.000    0.000    0.000    0.000 types.py:642(File)
        1    0.000    0.000    0.000    0.000 blockwise.py:1(<module>)
      159    0.000    0.000    0.000    0.000 core.py:2438(parseImpl)
        7    0.000    0.000    0.000    0.000 _mathtext.py:1770(copy)
        1    0.000    0.000    0.000    0.000 event.py:1(<module>)
      617    0.000    0.000    0.000    0.000 enum.py:251(__init__)
        1    0.000    0.000    0.000    0.000 func.py:1(<module>)
      100    0.000    0.000    0.000    0.000 _strptime.py:234(<genexpr>)
        1    0.000    0.000    0.000    0.000 parser.py:253(OptionParser)
      241    0.000    0.000    0.000    0.000 scanner.py:721(check_value)
        8    0.000    0.000    0.000    0.000 message.py:596(get_content_type)
        1    0.000    0.000    0.000    0.000 ipc.py:1(<module>)
        1    0.000    0.000    0.000    0.000 printing.py:1(<module>)
        1    0.000    0.000    0.000    0.000 period.py:121(PeriodArray)
      134    0.000    0.000    0.000    0.000 _weakrefset.py:21(__enter__)
        1    0.000    0.000    0.000    0.000 system.py:15(_try_extract_cgroup_cpu_quota)
      112    0.000    0.000    0.000    0.000 typing.py:2310(get_origin)
      632    0.000    0.000    0.000    0.000 __init__.py:429(<genexpr>)
        1    0.000    0.000    0.000    0.000 chebyshev.py:1(<module>)
       70    0.000    0.000    0.000    0.000 offsetbox.py:672(add_artist)
        5    0.000    0.000    0.000    0.000 typing.py:643(ClassVar)
       17    0.000    0.000    0.000    0.000 typing.py:2112(runtime_checkable)
        1    0.000    0.000    0.000    0.000 _compat_pickle.py:1(<module>)
        1    0.000    0.000    0.000    0.000 _type_aliases.py:94(_add_aliases)
      442    0.000    0.000    0.000    0.000 constructor.py:117(construct_scalar)
      166    0.000    0.000    0.000    0.000 ticker.py:1737(__call__)
        1    0.000    0.000    0.000    0.000 widgets.py:3814(PolygonSelector)
       17    0.000    0.000    0.000    0.000 utils.py:451(_out_array_shape)
        1    0.000    0.000    0.000    0.000 base.py:110(ExtensionArray)
        1    0.000    0.000    0.000    0.000 iostream.py:1055(IOStream)
        1    0.000    0.000    0.000    0.000 emitter.py:1(<module>)
        1    0.000    0.000    0.000    0.000 backend_tools.py:29(Cursors)
        1    0.000    0.000    0.000    0.000 hermite_e.py:1(<module>)
        1    0.000    0.000    0.000    0.000 sortedlist.py:85(SortedList)
      318    0.000    0.000    0.000    0.000 __init__.py:781(__iter__)
        1    0.000    0.000    0.000    0.000 representer.py:1(<module>)
        1    0.000    0.000    0.000    0.000 legendre.py:1(<module>)
        1    0.000    0.000    0.000    0.000 _adapters.py:19(Message)
        1    0.000    0.000    0.000    0.000 unicode.py:99(identbodychars)
      863    0.000    0.000    0.000    0.000 range.py:380(is_unique)
        1    0.000    0.000    0.000    0.000 lazy.py:1(<module>)
        3    0.000    0.000    0.000    0.000 feedparser.py:100(push)
        2    0.000    0.000    0.000    0.000 functools.py:904(wrapper)
        1    0.000    0.000    0.000    0.000 histograms.py:1(<module>)
        1    0.000    0.000    0.000    0.000 getlimits.py:1(<module>)
       12    0.000    0.000    0.000    0.000 datetimelike.py:164(_make_unpacked_invalid_op)
        8    0.000    0.000    0.000    0.000 gridspec.py:227(__getitem__)
        1    0.000    0.000    0.000    0.000 dataset_plot.py:1(<module>)
        1    0.000    0.000    0.000    0.000 _endian.py:1(<module>)
        1    0.000    0.000    0.000    0.000 BmpImagePlugin.py:1(<module>)
        3    0.000    0.000    0.000    0.000 markers.py:520(_set_circle)
       17    0.000    0.000    0.000    0.000 scanner.py:1185(scan_flow_scalar_non_spaces)
        1    0.000    0.000    0.000    0.000 simple_httpclient.py:79(SimpleAsyncHTTPClient)
       55    0.000    0.000    0.000    0.000 functools.py:841(_is_union_type)
        1    0.000    0.000    0.000    0.000 sasreader.py:1(<module>)
      370    0.000    0.000    0.000    0.000 dataclasses.py:683(_is_classvar)
       10    0.000    0.000    0.000    0.000 utils.py:1846(parse_timedelta)
        2    0.000    0.000    0.000    0.000 error.py:1(<module>)
        1    0.000    0.000    0.000    0.000 httpclient.py:574(HTTPResponse)
        2    0.000    0.000    0.000    0.000 frequencies.py:1(<module>)
       69    0.000    0.000    0.000    0.000 constructor.py:180(flatten_mapping)
       28    0.000    0.000    0.000    0.000 calendar.py:121(__getitem__)
        1    0.000    0.000    0.000    0.000 _adapters.py:40(CompatibilityFiles)
        1    0.000    0.000    0.000    0.000 quoprimime.py:1(<module>)
      678    0.000    0.000    0.000    0.000 _compiler.py:428(_get_iscased)
        1    0.000    0.000    0.000    0.000 sortedset.py:36(SortedSet)
        1    0.000    0.000    0.000    0.000 version.py:36(_Version)
        1    0.000    0.000    0.000    0.000 hermite.py:1(<module>)
        1    0.000    0.000    0.000    0.000 futures.py:1(<module>)
        2    0.000    0.000    0.000    0.000 patches.py:3950(get_path)
        1    0.000    0.000    0.000    0.000 patches.py:4054(FancyArrowPatch)
        1    0.000    0.000    0.000    0.000 _worker_plugin.py:1(<module>)
        1    0.000    0.000    0.000    0.000 zarr.py:1(<module>)
       18    0.000    0.000    0.000    0.000 constructor.py:124(construct_sequence)
      342    0.000    0.000    0.000    0.000 {built-in method numpy.core._multiarray_umath.add_docstring}
        8    0.000    0.000    0.000    0.000 arraysetops.py:323(_unique1d)
        1    0.000    0.000    0.000    0.000 ioloop.py:854(PeriodicCallback)
        8    0.000    0.000    0.000    0.000 patches.py:3875(set_boxstyle)
       63    0.000    0.000    0.000    0.000 patches.py:301(set_antialiased)
        5    0.000    0.000    0.000    0.000 __init__.py:1510(setLevel)
      853    0.000    0.000    0.000    0.000 typing.py:774(<genexpr>)
        1    0.000    0.000    0.000    0.000 lexer.py:465(_Rule)
        2    0.000    0.000    0.000    0.000 __init__.py:331(_compile_template)
        1    0.000    0.000    0.000    0.000 globals.py:1(<module>)
        1    0.000    0.000    0.000    0.000 c_parser_wrapper.py:355(_concatenate_chunks)
      170    0.000    0.000    0.000    0.000 colors.py:677(__init__)
        1    0.000    0.000    0.000    0.000 expr.py:324(f)
        8    0.000    0.000    0.000    0.000 cftime_offsets.py:661(_generate_anchored_offsets)
      259    0.000    0.000    0.000    0.000 delayed.py:613(__setattr__)
        6    0.000    0.000    0.000    0.000 numeric.py:2507(extend_all)
        1    0.000    0.000    0.000    0.000 core.py:5051(__init__)
        8    0.000    0.000    0.000    0.000 _base.py:3750(get_ybound)
       10    0.000    0.000    0.000    0.000 _text.py:79(__hash__)
        1    0.000    0.000    0.000    0.000 results.py:34(ParseResults)
        1    0.000    0.000    0.000    0.000 conventions.py:338(_update_bounds_encoding)
        1    0.000    0.000    0.000    0.000 gridspec.py:26(GridSpecBase)
        1    0.000    0.000    0.000    0.000 base_subprocess.py:1(<module>)
       17    0.000    0.000    0.000    0.000 netCDF4_.py:145(_get_datatype)
        1    0.000    0.000    0.000    0.000 nodes.py:425(FromImport)
       13    0.000    0.000    0.000    0.000 base.py:1127(normalize_dict)
       52    0.000    0.000    0.000    0.000 results.py:344(get)
        5    0.000    0.000    0.000    0.000 Image.py:2936(new)
        1    0.000    0.000    0.000    0.000 contextlib.py:78(inner)
        1    0.000    0.000    0.000    0.000 patches.py:2293(BoxStyle)
        2    0.000    0.000    0.000    0.000 lazy.py:139(__new__)
        1    0.000    0.000    0.000    0.000 transports.py:1(<module>)
       16    0.000    0.000    0.000    0.000 sysconfig.py:249(_subst_vars)
        1    0.000    0.000    0.000    0.000 nvml.py:18(NVMLState)
      314    0.000    0.000    0.000    0.000 {method 'split' of 'bytes' objects}
       58    0.000    0.000    0.000    0.000 patches.py:473(set_joinstyle)
        1    0.000    0.000    0.000    0.000 _pyxlsb.py:1(<module>)
        1    0.000    0.000    0.000    0.000 groupby.py:790(GroupBy)
        1    0.000    0.000    0.000    0.000 common.py:441(set_dimensions)
       34    0.000    0.000    0.000    0.000 constructor.py:237(construct_yaml_int)
      198    0.000    0.000    0.000    0.000 {method 'get_char_index' of 'matplotlib.ft2font.FT2Font' objects}
       37    0.000    0.000    0.000    0.000 axis.py:848(limit_range_for_scale)
        1    0.000    0.000    0.000    0.000 _multiarray_umath.py:1(<module>)
        1    0.000    0.000    0.000    0.000 groupby.py:764(BaseGroupBy)
        1    0.000    0.000    0.000    0.000 extension_array.py:1(<module>)
      317    0.000    0.000    0.000    0.000 overrides.py:105(array_function_dispatch)
        5    0.000    0.000    0.000    0.000 __init__.py:1465(_clear_cache)
        1    0.000    0.000    0.000    0.000 registry.py:1(<module>)
        8    0.000    0.000    0.000    0.000 legend.py:716(_set_loc)
      198    0.000    0.000    0.000    0.000 _mathtext.py:53(get_unicode_index)
        1    0.000    0.000    0.000    0.000 bezier.py:1(<module>)
      527    0.000    0.000    0.000    0.000 {method 'startswith' of 'bytes' objects}
        1    0.000    0.000    0.000    0.000 streamplot.py:1(<module>)
      310    0.000    0.000    0.000    0.000 {method '__exit__' of 'numpy.nditer' objects}
      197    0.000    0.000    0.000    0.000 {method 'get_bitmap_offset' of 'matplotlib.ft2font.FT2Font' objects}
        1    0.000    0.000    0.000    0.000 core.py:5352(Forward)
        2    0.000    0.000    0.000    0.000 worker.py:2731(get_client)
        1    0.000    0.000    0.000    0.000 variable.py:347(Variable)
      852    0.000    0.000    0.000    0.000 {built-in method _sre.unicode_iscased}
        1    0.000    0.000    0.000    0.000 tz.py:458(__init__)
        1    0.000    0.000    0.000    0.000 suite.py:1(<module>)
        1    0.000    0.000    0.000    0.000 file.py:1(<module>)
      539    0.000    0.000    0.000    0.000 pathlib.py:569(_tail)
      191    0.000    0.000    0.000    0.000 doc.py:11(create_section_header)
        1    0.000    0.000    0.000    0.000 calendar.py:58(Month)
        1    0.000    0.000    0.000    0.000 __init__.py:60(Sectioned)
        8    0.000    0.000    0.000    0.000 _base.py:3800(get_ylim)
      494    0.000    0.000    0.000    0.000 text.py:605(set_wrap)
        1    0.000    0.000    0.000    0.000 core.py:77(Status)
       16    0.000    0.000    0.000    0.000 weakref.py:104(__init__)
        1    0.000    0.000    0.000    0.000 ImageOps.py:1(<module>)
       28    0.000    0.000    0.000    0.000 ipaddress.py:1597(_make_netmask)
        3    0.000    0.000    0.000    0.000 _mathtext.py:2185(main)
        2    0.000    0.000    0.000    0.000 functools.py:818(dispatch)
       26    0.000    0.000    0.000    0.000 {built-in method matplotlib._path.count_bboxes_overlapping_bbox}
        1    0.000    0.000    0.000    0.000 inspect.py:2158(_signature_strip_non_python_syntax)
       17    0.000    0.000    0.000    0.000 locks.py:233(__exit__)
        1    0.000    0.000    0.000    0.000 _limiter.py:1(<module>)
        2    0.000    0.000    0.000    0.000 _parser.py:996(parse_template)
        1    0.000    0.000    0.000    0.000 table.py:37(Cell)
       64    0.000    0.000    0.000    0.000 helpers.py:250(<genexpr>)
      194    0.000    0.000    0.000    0.000 __init__.py:248(<genexpr>)
      4/3    0.000    0.000    0.000    0.000 core.py:5567(_generateDefaultName)
        6    0.000    0.000    0.000    0.000 functools.py:800(singledispatch)
        1    0.000    0.000    0.000    0.000 accessor.py:30(DataArrayPlotAccessor)
        1    0.000    0.000    0.000    0.000 httpserver.py:46(HTTPServer)
      920    0.000    0.000    0.000    0.000 enum.py:1185(__init__)
       16    0.000    0.000    0.000    0.000 _type_aliases.py:58(bitname)
      614    0.000    0.000    0.000    0.000 text.py:883(get_horizontalalignment)
      166    0.000    0.000    0.000    0.000 ticker.py:236(set_locs)
      102    0.000    0.000    0.000    0.000 core.py:1890(set_name)
        2    0.000    0.000    0.000    0.000 lock.py:1(<module>)
       30    0.000    0.000    0.000    0.000 traceback.py:351(_walk_tb_with_full_positions)
      442    0.000    0.000    0.000    0.000 events.py:65(__init__)
        6    0.000    0.000    0.000    0.000 message.py:620(get_content_maintype)
        1    0.000    0.000    0.000    0.000 _scheduler_plugin.py:1(<module>)
      128    0.000    0.000    0.000    0.000 __init__.py:243(_releaseLock)
        1    0.000    0.000    0.000    0.000 _sysconfigdata__linux_x86_64-linux-gnu.py:1(<module>)
        1    0.000    0.000    0.000    0.000 pubsub.py:1(<module>)
        1    0.000    0.000    0.000    0.000 specifiers.py:696(SpecifierSet)
        1    0.000    0.000    0.000    0.000 core.py:4908(_MultipleMatch)
      194    0.000    0.000    0.000    0.000 docscrape.py:403(<genexpr>)
        1    0.000    0.000    0.000    0.000 netutil.py:439(ExecutorResolver)
        1    0.000    0.000    0.000    0.000 web.py:2599(StaticFileHandler)
      135    0.000    0.000    0.000    0.000 core.py:2409(_generateDefaultName)
      143    0.000    0.000    0.000    0.000 _decorators.py:477(__init__)
        1    0.000    0.000    0.000    0.000 widgets.py:1949(Cursor)
      168    0.000    0.000    0.000    0.000 file_manager.py:169(_optional_lock)
      366    0.000    0.000    0.000    0.000 dataclasses.py:691(_is_initvar)
        1    0.000    0.000    0.000    0.000 transforms.py:211(BboxBase)
        1    0.000    0.000    0.000    0.000 variable.py:21(VariableExtension)
        1    0.000    0.000    0.000    0.000 widgets.py:3056(ToolHandles)
      146    0.000    0.000    0.000    0.000 _mathtext.py:1510(__init__)
       17    0.000    0.000    0.000    0.000 strings.py:55(encode)
      620    0.000    0.000    0.000    0.000 stride_tricks.py:345(<genexpr>)
      158    0.000    0.000    0.000    0.000 axis.py:223(get_tick_padding)
        1    0.000    0.000    0.000    0.000 string_arrow.py:82(ArrowStringArray)
      190    0.000    0.000    0.000    0.000 expr.py:183(<genexpr>)
        1    0.000    0.000    0.000    0.000 core.py:134(ParameterSource)
       17    0.000    0.000    0.000    0.000 netCDF4_.py:161(_nc4_dtype)
        6    0.000    0.000    0.000    0.000 _common.py:787(open_binary)
      523    0.000    0.000    0.000    0.000 {built-in method _stat.S_ISLNK}
        1    0.000    0.000    0.000    0.000 utils.py:420(LRUCache)
        4    0.000    0.000    0.000    0.000 ast.py:56(literal_eval)
        1    0.000    0.000    0.000    0.000 progress.py:1(<module>)
      529    0.000    0.000    0.000    0.000 resolver.py:91(descend_resolver)
       52    0.000    0.000    0.000    0.000 utils.py:1640(__getattr__)
       70    0.000    0.000    0.000    0.000 legend_handler.py:193(get_xdata)
        1    0.000    0.000    0.000    0.000 extension.py:1(<module>)
        2    0.000    0.000    0.000    0.000 core.py:3849(_setResultsName)
       26    0.000    0.000    0.000    0.000 shape_base.py:139(atleast_3d)
        1    0.000    0.000    0.000    0.000 groupby.py:217(_DummyGroup)
      300    0.000    0.000    0.000    0.000 typing.py:1598(_value_and_type_iter)
        1    0.000    0.000    0.000    0.000 cluster.py:1(<module>)
        2    0.000    0.000    0.000    0.000 _strptime.py:107(__calc_date_time)
        6    0.000    0.000    0.000    0.000 sortedlist.py:1546(__make_cmp)
        1    0.000    0.000    0.000    0.000 tzinfo.py:1(<module>)
       87    0.000    0.000    0.000    0.000 {method 'groups' of 're.Match' objects}
       56    0.000    0.000    0.000    0.000 functools.py:845(_is_valid_dispatch_type)
      350    0.000    0.000    0.000    0.000 core.py:1919(streamline)
       22    0.000    0.000    0.000    0.000 version.py:503(_cmpkey)
        1    0.000    0.000    0.000    0.000 core.py:834(BaseCommand)
       45    0.000    0.000    0.000    0.000 text.py:1147(set_fontweight)
        1    0.000    0.000    0.000    0.000 PpmImagePlugin.py:1(<module>)
        1    0.000    0.000    0.000    0.000 _triinterpolate.py:578(_ReducedHCT_Element)
        1    0.000    0.000    0.000    0.000 unicode.py:85(identchars)
        4    0.000    0.000    0.000    0.000 backend_bases.py:3430(show)
        1    0.000    0.000    0.000    0.000 umath.py:1(<module>)
      529    0.000    0.000    0.000    0.000 resolver.py:114(ascend_resolver)
      159    0.000    0.000    0.000    0.000 {method 'setter' of 'property' objects}
        6    0.000    0.000    0.000    0.000 reader.py:138(check_printable)
        1    0.000    0.000    0.000    0.000 image.py:1034(NonUniformImage)
        1    0.000    0.000    0.000    0.000 transforms.py:2338(CompositeGenericTransform)
        6    0.000    0.000    0.000    0.000 abc.py:41(_register)
        1    0.000    0.000    0.000    0.000 file_manager.py:54(CachingFileManager)
        1    0.000    0.000    0.000    0.000 patches.py:3807(FancyBboxPatch)
       28    0.000    0.000    0.000    0.000 pathlib.py:618(stem)
      229    0.000    0.000    0.000    0.000 dataclasses.py:549(_init_param)
        1    0.000    0.000    0.000    0.000 routing.py:300(RuleRouter)
        6    0.000    0.000    0.000    0.000 sortedset.py:269(__make_cmp)
       17    0.000    0.000    0.000    0.000 variables.py:304(encode)
       10    0.000    0.000    0.000    0.000 backend_bases.py:1719(__init__)
        1    0.000    0.000    0.000    0.000 widgets.py:2945(ToolLineHandles)
        1    0.000    0.000    0.000    0.000 __init__.py:505(_get_xdg_cache_dir)
       47    0.000    0.000    0.000    0.000 <frozen _collections_abc>:848(__len__)
       17    0.000    0.000    0.000    0.000 times.py:1002(encode)
       46    0.000    0.000    0.000    0.000 transforms.py:965(x1)
       20    0.000    0.000    0.000    0.000 transforms.py:985(intervalx)
        1    0.000    0.000    0.000    0.000 scope.py:1(<module>)
       58    0.000    0.000    0.000    0.000 <frozen _collections_abc>:827(values)
        1    0.000    0.000    0.000    0.000 multi_lock.py:1(<module>)
       49    0.000    0.000    0.000    0.000 _compiler.py:407(_generate_overlap_table)
        1    0.000    0.000    0.000    0.000 scanner.py:651(fetch_single)
        1    0.000    0.000    0.000    0.000 backend_bases.py:1671(FigureCanvasBase)
        1    0.000    0.000    0.000    0.000 string_.py:275(StringArray)
        1    0.000    0.000    0.000    0.000 {function SeedSequence.generate_state at 0x7fb1fba6fec0}
       45    0.000    0.000    0.000    0.000 typing.py:307(_unpack_args)
      551    0.000    0.000    0.000    0.000 axis.py:541(locator)
        1    0.000    0.000    0.000    0.000 stringprep.py:1(<module>)
        1    0.000    0.000    0.000    0.000 locks.py:177(get_write_lock)
      442    0.000    0.000    0.000    0.000 tokens.py:98(__init__)
        1    0.000    0.000    0.000    0.000 offsetbox.py:208(OffsetBox)
      442    0.000    0.000    0.000    0.000 nodes.py:27(__init__)
       22    0.000    0.000    0.000    0.000 copyreg.py:107(_slotnames)
        1    0.000    0.000    0.000    0.000 accessor_str.py:1(<module>)
       11    0.000    0.000    0.000    0.000 rcsetup.py:336(_validate_cmap)
        1    0.000    0.000    0.000    0.000 httpclient.py:59(HTTPClient)
        1    0.000    0.000    0.000    0.000 types.py:949(Tuple)
        1    0.000    0.000    0.000    0.000 httputil.py:517(HTTPMessageDelegate)
        1    0.000    0.000    0.000    0.000 routing.py:229(_RoutingDelegate)
       62    0.000    0.000    0.000    0.000 __init__.py:26(__new__)
      105    0.000    0.000    0.000    0.000 _parser.py:304(checkgroupname)
        2    0.000    0.000    0.000    0.000 cbook.py:873(join)
      248    0.000    0.000    0.000    0.000 patches.py:2271(<genexpr>)
        1    0.000    0.000    0.000    0.000 loaders.py:42(BaseLoader)
        1    0.000    0.000    0.000    0.000 array.py:287(SparseArray)
        1    0.000    0.000    0.000    0.000 widgets.py:996(CheckButtons)
      436    0.000    0.000    0.000    0.000 axis.py:552(formatter)
      270    0.000    0.000    0.000    0.000 _decorators.py:343(doc)
        1    0.000    0.000    0.000    0.000 contexts.py:1(<module>)
        1    0.000    0.000    0.000    0.000 core.py:138(Diagnostics)
        1    0.000    0.000    0.000    0.000 patches.py:1259(Arrow)
        1    0.000    0.000    0.000    0.000 patches.py:4394(ConnectionPatch)
      285    0.000    0.000    0.000    0.000 scanner.py:349(add_indent)
        1    0.000    0.000    0.000    0.000 win.py:1(<module>)
        1    0.000    0.000    0.000    0.000 _parser.py:67(_parse_requirement)
        1    0.000    0.000    0.000    0.000 core.py:2808(__new__)
      764    0.000    0.000    0.000    0.000 enum.py:1273(__deepcopy__)
       50    0.000    0.000    0.000    0.000 config.py:780(config_prefix)
        1    0.000    0.000    0.000    0.000 cuda.py:1(<module>)
        1    0.000    0.000    0.000    0.000 lexer.py:319(TokenStream)
       24    0.000    0.000    0.000    0.000 transforms.py:960(y0)
        1    0.000    0.000    0.000    0.000 _common.py:487(wrapper)
       65    0.000    0.000    0.000    0.000 enum.py:986(_find_data_repr_)
        1    0.000    0.000    0.000    0.000 functools.py:774(_find_impl)
        1    0.000    0.000    0.000    0.000 core.py:1957(CommandCollection)
        1    0.000    0.000    0.000    0.000 ssh.py:1(<module>)
        5    0.000    0.000    0.000    0.000 _pylab_helpers.py:105(_set_new_active_manager)
        4    0.000    0.000    0.000    0.000 gridspec.py:206(_check_gridspec_exists)
        8    0.000    0.000    0.000    0.000 patches.py:2230(__new__)
        1    0.000    0.000    0.000    0.000 httputil.py:76(HTTPHeaders)
        1    0.000    0.000    0.000    0.000 polynomial.py:1472(Polynomial)
        1    0.000    0.000    0.000    0.000 offsetbox.py:1212(AnnotationBbox)
        1    0.000    0.000    0.000    0.000 ipaddress.py:383(_IPAddressBase)
        1    0.000    0.000    0.000    0.000 api.py:164(_validate_attrs)
        2    0.000    0.000    0.000    0.000 feedparser.py:182(close)
       87    0.000    0.000    0.000    0.000 dataclasses.py:1294(is_dataclass)
        1    0.000    0.000    0.000    0.000 widgets.py:4182(Lasso)
       31    0.000    0.000    0.000    0.000 weakref.py:367(__init__)
        6    0.000    0.000    0.000    0.000 utils.py:1591(parse_bytes)
      529    0.000    0.000    0.000    0.000 parser.py:107(peek_event)
      688    0.000    0.000    0.000    0.000 {built-in method _sre.unicode_tolower}
      222    0.000    0.000    0.000    0.000 transforms.py:1335(<genexpr>)
        1    0.000    0.000    0.000    0.000 boolean.py:1(<module>)
        1    0.000    0.000    0.000    0.000 tempfile.py:432(_TemporaryFileCloser)
        9    0.000    0.000    0.000    0.000 accessor.py:145(_map_and_wrap)
        2    0.000    0.000    0.000    0.000 generic.py:5598(<genexpr>)
        1    0.000    0.000    0.000    0.000 collections.py:1176(PolyCollection)
        1    0.000    0.000    0.000    0.000 display.py:1(<module>)
       10    0.000    0.000    0.000    0.000 deprecation_helpers.py:122(deprecate_dims)
       36    0.000    0.000    0.000    0.000 spines.py:208(register_axis)
       98    0.000    0.000    0.000    0.000 _adapters.py:64(redent)
        1    0.000    0.000    0.000    0.000 scipy_.py:1(<module>)
        1    0.000    0.000    0.000    0.000 taskgroups.py:1(<module>)
        1    0.000    0.000    0.000    0.000 exceptions.py:86(BadParameter)
        1    0.000    0.000    0.000    0.000 mixins.py:59(NDArrayOperatorsMixin)
        1    0.000    0.000    0.000    0.000 __init__.py:289(Process)
       19    0.000    0.000    0.000    0.000 ipaddress.py:1157(_make_netmask)
        1    0.000    0.000    0.000    0.000 dataclasses.py:1185(_add_slots)
       15    0.000    0.000    0.000    0.000 cbook.py:849(__init__)
        1    0.000    0.000    0.000    0.000 thread.py:1(<module>)
        1    0.000    0.000    0.000    0.000 _pslinux.py:1766(_parse_stat_file)
        4    0.000    0.000    0.000    0.000 core.py:4890(__init__)
       14    0.000    0.000    0.000    0.000 scanner.py:453(fetch_flow_collection_end)
       12    0.000    0.000    0.000    0.000 core.py:3510(__init__)
        9    0.000    0.000    0.000    0.000 pathlib.py:719(__truediv__)
       33    0.000    0.000    0.000    0.000 getlimits.py:685(__init__)
        1    0.000    0.000    0.000    0.000 compressors.py:1(<module>)
        2    0.000    0.000    0.000    0.000 core.py:551(set_results_name)
       25    0.000    0.000    0.000    0.000 patches.py:734(get_path)
        1    0.000    0.000    0.000    0.000 _docstring.py:1(<module>)
       99    0.000    0.000    0.000    0.000 rcsetup.py:66(__call__)
        1    0.000    0.000    0.000    0.000 abc.py:62(Traversable)
      541    0.000    0.000    0.000    0.000 fromnumeric.py:3265(_round_dispatcher)
        1    0.000    0.000    0.000    0.000 functools.py:732(_compose_mro)
      199    0.000    0.000    0.000    0.000 inspect.py:517(isbuiltin)
        5    0.000    0.000    0.000    0.000 gridspec.py:328(__init__)
        1    0.000    0.000    0.000    0.000 helper.py:1(<module>)
       14    0.000    0.000    0.000    0.000 scanner.py:430(fetch_flow_collection_start)
        1    0.000    0.000    0.000    0.000 quiver.py:443(Quiver)
        1    0.000    0.000    0.000    0.000 function.py:1(<module>)
        1    0.000    0.000    0.000    0.000 info.py:359(_BaseInfo)
        1    0.000    0.000    0.000    0.000 nodes.py:458(AssignBlock)
       18    0.000    0.000    0.000    0.000 dataset.py:1490(_attr_sources)
        1    0.000    0.000    0.000    0.000 __init__.py:582(get_data_path)
        3    0.000    0.000    0.000    0.000 typing.py:1846(__subclasscheck__)
        3    0.000    0.000    0.000    0.000 _mathtext.py:2191(math)
        1    0.000    0.000    0.000    0.000 utils_perf.py:1(<module>)
      501    0.000    0.000    0.000    0.000 pathlib.py:560(root)
        1    0.000    0.000    0.000    0.000 core.py:2697(MaskedArray)
      230    0.000    0.000    0.000    0.000 dataclasses.py:477(_field_assign)
        1    0.000    0.000    0.000    0.000 _enums.py:27(JoinStyle)
      187    0.000    0.000    0.000    0.000 variables.py:207(pop_to)
      802    0.000    0.000    0.000    0.000 helpers.py:210(<lambda>)
        1    0.000    0.000    0.000    0.000 batched.py:1(<module>)
      548    0.000    0.000    0.000    0.000 {built-in method builtins.globals}
        1    0.000    0.000    0.000    0.000 datetimes.py:166(DatetimeArray)
        3    0.000    0.000    0.000    0.000 six.py:882(wrapper)
        3    0.000    0.000    0.000    0.000 _util.py:1(<module>)
        1    0.000    0.000    0.000    0.000 loaders.py:476(PrefixLoader)
       16    0.000    0.000    0.000    0.000 tokenize.py:460(tokenize)
        1    0.000    0.000    0.000    0.000 publish.py:12(PublishExtension)
      105    0.000    0.000    0.000    0.000 {method 'translate' of 'bytearray' objects}
       76    0.000    0.000    0.000    0.000 signal.py:9(<lambda>)
        4    0.000    0.000    0.000    0.000 inspect.py:3090(__hash__)
      505    0.000    0.000    0.000    0.000 <frozen _collections_abc>:341(__subclasshook__)
        1    0.000    0.000    0.000    0.000 patches.py:27(Patch)
        1    0.000    0.000    0.000    0.000 nodes.py:655(Dict)
        1    0.000    0.000    0.000    0.000 dataframe_protocol.py:25(DlpackDeviceType)
        1    0.000    0.000    0.000    0.000 text.py:1615(Annotation)
        6    0.000    0.000    0.000    0.000 contextlib.py:77(__call__)
        2    0.000    0.000    0.000    0.000 locks.py:49(__init__)
        1    0.000    0.000    0.000    0.000 strings.py:1(<module>)
      201    0.000    0.000    0.000    0.000 docscrape.py:162(__setitem__)
        1    0.000    0.000    0.000    0.000 websocket.py:613(WebSocketProtocol)
        3    0.000    0.000    0.000    0.000 path.py:804(unit_circle)
        1    0.000    0.000    0.000    0.000 pydap_.py:1(<module>)
        6    0.000    0.000    0.000    0.000 core.py:5701(__init__)
       11    0.000    0.000    0.000    0.000 scanner.py:447(fetch_flow_sequence_end)
       47    0.000    0.000    0.000    0.000 ipaddress.py:156(_split_optional_netmask)
      346    0.000    0.000    0.000    0.000 scanner.py:312(remove_possible_simple_key)
        1    0.000    0.000    0.000    0.000 pytables.py:3342(Table)
        1    0.000    0.000    0.000    0.000 lru_cache.py:1(<module>)
        1    0.000    0.000    0.000    0.000 base.py:5651(identical)
        1    0.000    0.000    0.000    0.000 pydoc.py:1897(Helper)
        1    0.000    0.000    0.000    0.000 _parser.py:569(__init__)
        1    0.000    0.000    0.000    0.000 backend_managers.py:1(<module>)
       78    0.000    0.000    0.000    0.000 {built-in method posix._path_normpath}
        5    0.000    0.000    0.000    0.000 figure.py:126(__init__)
      170    0.000    0.000    0.000    0.000 textwrap.py:479(predicate)
       22    0.000    0.000    0.000    0.000 rcsetup.py:152(validate_axisbelow)
        4    0.000    0.000    0.000    0.000 uuid.py:723(uuid4)
        1    0.000    0.000    0.000    0.000 results.py:17(_ParseResultsWithOffset)
       17    0.000    0.000    0.000    0.000 locks.py:229(__enter__)
      196    0.000    0.000    0.000    0.000 dataclasses.py:309(__init__)
        1    0.000    0.000    0.000    0.000 dataframe_protocol.py:365(DataFrame)
       29    0.000    0.000    0.000    0.000 <frozen _collections_abc>:966(clear)
        1    0.000    0.000    0.000    0.000 semaphore.py:22(SemaphoreExtension)
        8    0.000    0.000    0.000    0.000 core.py:5964(<genexpr>)
        1    0.000    0.000    0.000    0.000 event.py:17(EventExtension)
       11    0.000    0.000    0.000    0.000 scanner.py:424(fetch_flow_sequence_start)
        1    0.000    0.000    0.000    0.000 blocks.py:181(Block)
       14    0.000    0.000    0.000    0.000 core.py:4576(_generateDefaultName)
      130    0.000    0.000    0.000    0.000 unicode.py:105(<genexpr>)
        6    0.000    0.000    0.000    0.000 categorical.py:122(_cat_compare_op)
        1    0.000    0.000    0.000    0.000 compiler.py:165(Frame)
        1    0.000    0.000    0.000    0.000 getlimits.py:540(_init)
        6    0.000    0.000    0.000    0.000 pathlib.py:420(_from_parsed_parts)
       38    0.000    0.000    0.000    0.000 getlimits.py:24(_fr1)
       12    0.000    0.000    0.000    0.000 patches.py:3919(set_mutation_scale)
       17    0.000    0.000    0.000    0.000 <frozen posixpath>:100(split)
        1    0.000    0.000    0.000    0.000 calendar.py:75(Day)
        1    0.000    0.000    0.000    0.000 __init__.py:1266(ZipFile)
        2    0.000    0.000    0.000    0.000 __init__.py:343(__init__)
        1    0.000    0.000    0.000    0.000 _typed_ops.py:449(VariableOpsMixin)
       18    0.000    0.000    0.000    0.000 scale.py:707(scale_factory)
      217    0.000    0.000    0.000    0.000 inspect.py:741(getmro)
        1    0.000    0.000    0.000    0.000 Image.py:143(Transpose)
        1    0.000    0.000    0.000    0.000 generic.py:6662(copy)
       15    0.000    0.000    0.000    0.000 traceback.py:365(_get_code_position)
        1    0.000    0.000    0.000    0.000 loaders.py:407(DictLoader)
        1    0.000    0.000    0.000    0.000 _parser.py:294(__init__)
        1    0.000    0.000    0.000    0.000 arraypad.py:1(<module>)
        1    0.000    0.000    0.000    0.000 _enums.py:119(CapStyle)
      128    0.000    0.000    0.000    0.000 {method 'acquire' of '_thread.RLock' objects}
        1    0.000    0.000    0.000    0.000 _factories.py:1(<module>)
        1    0.000    0.000    0.000    0.000 deprecation.py:1(<module>)
        1    0.000    0.000    0.000    0.000 category.py:51(CategoricalIndex)
       28    0.000    0.000    0.000    0.000 rcsetup.py:462(_validate_linestyle)
        1    0.000    0.000    0.000    0.000 memory_sampler.py:1(<module>)
        5    0.000    0.000    0.000    0.000 figure.py:2142(_set_artist_props)
        1    0.000    0.000    0.000    0.000 constants.py:38(_SendfileMode)
      443    0.000    0.000    0.000    0.000 enum.py:820(<genexpr>)
       36    0.000    0.000    0.000    0.000 {built-in method unicodedata.name}
        1    0.000    0.000    0.000    0.000 deprecation_helpers.py:1(<module>)
        1    0.000    0.000    0.000    0.000 specifiers.py:42(BaseSpecifier)
      378    0.000    0.000    0.000    0.000 offsetbox.py:71(_bbox_artist)
       58    0.000    0.000    0.000    0.000 hatch.py:182(_validate_hatch_pattern)
        6    0.000    0.000    0.000    0.000 core.py:5958(<lambda>)
      7/1    0.000    0.000    0.000    0.000 functools.py:687(_c3_mro)
        1    0.000    0.000    0.000    0.000 util.py:356(ArgReplacer)
      153    0.000    0.000    0.000    0.000 __init__.py:185(keys)
        1    0.000    0.000    0.000    0.000 template.py:392(BaseLoader)
        9    0.000    0.000    0.000    0.000 transforms.py:799(null)
        1    0.000    0.000    0.000    0.000 path.py:816(circle)
        1    0.000    0.000    0.000    0.000 ufunclike.py:1(<module>)
        2    0.000    0.000    0.000    0.000 duck_array_ops.py:326(count)
      332    0.000    0.000    0.000    0.000 {built-in method math.floor}
        1    0.000    0.000    0.000    0.000 _dtype_like.py:65(_DTypeDictBase)
       80    0.000    0.000    0.000    0.000 _binary.py:111(o32be)
        6    0.000    0.000    0.000    0.000 nanops.py:103(__call__)
      524    0.000    0.000    0.000    0.000 core.py:807(postParse)
        1    0.000    0.000    0.000    0.000 _tzpath.py:1(<module>)
        1    0.000    0.000    0.000    0.000 backend_bases.py:153(RendererBase)
        1    0.000    0.000    0.000    0.000 _trifinder.py:1(<module>)
        1    0.000    0.000    0.000    0.000 _cm.py:1(<module>)
       17    0.000    0.000    0.000    0.000 transforms.py:990(intervaly)
      434    0.000    0.000    0.000    0.000 {built-in method _io.text_encoding}
        1    0.000    0.000    0.000    0.000 memmap.py:1(<module>)
        8    0.000    0.000    0.000    0.000 shape_base.py:1185(tile)
      222    0.000    0.000    0.000    0.000 patches.py:2264(<genexpr>)
        1    0.000    0.000    0.000    0.000 polar.py:18(PolarTransform)
        1    0.000    0.000    0.000    0.000 _strptime.py:17(__init__)
        1    0.000    0.000    0.000    0.000 pprint.py:1(<module>)
        1    0.000    0.000    0.000    0.000 protocols.py:1(<module>)
       22    0.000    0.000    0.000    0.000 _mathtext.py:1165(__init__)
        1    0.000    0.000    0.000    0.000 spines.py:14(Spine)
      200    0.000    0.000    0.000    0.000 backend_bases.py:820(get_antialiased)
      179    0.000    0.000    0.000    0.000 typing.py:487(__repr__)
        1    0.000    0.000    0.000    0.000 selectn.py:1(<module>)
      150    0.000    0.000    0.000    0.000 {method 'get_kerning' of 'matplotlib.ft2font.FT2Font' objects}
        5    0.000    0.000    0.000    0.000 gridspec.py:32(__init__)
        1    0.000    0.000    0.000    0.000 backend_bases.py:1339(LocationEvent)
        3    0.000    0.000    0.000    0.000 parser.py:537(parse_flow_mapping_first_key)
      214    0.000    0.000    0.000    0.000 _decorators.py:316(<lambda>)
       13    0.000    0.000    0.000    0.000 _dtype_ctypes.py:100(dtype_from_ctypes_type)
       47    0.000    0.000    0.000    0.000 rcsetup.py:357(validate_fontsize)
      102    0.000    0.000    0.000    0.000 __init__.py:208(_checkLevel)
        1    0.000    0.000    0.000    0.000 web.py:3306(UIModule)
      285    0.000    0.000    0.000    0.000 scanner.py:38(__init__)
        1    0.000    0.000    0.000    0.000 formatting.py:102(HelpFormatter)
        9    0.000    0.000    0.000    0.000 backend_bases.py:1269(_process)
        2    0.000    0.000    0.000    0.000 rcsetup.py:441(_validate_papersize)
        1    0.000    0.000    0.000    0.000 transforms.py:1763(AffineBase)
        1    0.000    0.000    0.000    0.000 _shape.py:1(<module>)
        1    0.000    0.000    0.000    0.000 exceptions.py:197(NoSuchOption)
        1    0.000    0.000    0.000    0.000 typing.py:1264(__ror__)
        9    0.000    0.000    0.000    0.000 figure.py:1641(sca)
       38    0.000    0.000    0.000    0.000 traceback.py:391(extended_frame_gen)
        1    0.000    0.000    0.000    0.000 tile.py:1(<module>)
        1    0.000    0.000    0.000    0.000 path.py:24(Path)
       17    0.000    0.000    0.000    0.000 rcsetup.py:273(validate_color_or_auto)
      146    0.000    0.000    0.000    0.000 cbook.py:106(__hash__)
        1    0.000    0.000    0.000    0.000 _memory.py:1(<module>)
        1    0.000    0.000    0.000    0.000 container.py:1(<module>)
        1    0.000    0.000    0.000    0.000 argparse.py:1041(_AppendAction)
        1    0.000    0.000    0.000    0.000 utils_comm.py:1(<module>)
        1    0.000    0.000    0.000    0.000 <string>:1(<module>)
        1    0.000    0.000    0.000    0.000 adaptive_core.py:1(<module>)
        1    0.000    0.000    0.000    0.000 types.py:404(_NumberParamTypeBase)
       18    0.000    0.000    0.000    0.000 transforms.py:2190(__init__)
        3    0.000    0.000    0.000    0.000 _decorators.py:492(indent)
        1    0.000    0.000    0.000    0.000 nanny.py:69(Nanny)
        1    0.000    0.000    0.000    0.000 _common.py:838(bcat)
        8    0.000    0.000    0.000    0.000 nanops.py:75(__call__)
        8    0.000    0.000    0.000    0.000 uuid.py:139(__init__)
        4    0.000    0.000    0.000    0.000 _tight_layout.py:160(get_subplotspec_list)
        1    0.000    0.000    0.000    0.000 patches.py:1922(Arc)
        1    0.000    0.000    0.000    0.000 dataframe_protocol.py:38(DtypeKind)
        1    0.000    0.000    0.000    0.000 parser.py:213(Argument)
        2    0.000    0.000    0.000    0.000 phytoplankton.py:100(save_total_mass)
        1    0.000    0.000    0.000    0.000 stata.py:1116(StataReader)
        2    0.000    0.000    0.000    0.000 types.py:66(new_class)
        1    0.000    0.000    0.000    0.000 polyutils.py:1(<module>)
       88    0.000    0.000    0.000    0.000 six.py:146(__init__)
       27    0.000    0.000    0.000    0.000 deprecation.py:154(_deprecated_property)
        2    0.000    0.000    0.000    0.000 core.py:2978(__array_finalize__)
        3    0.000    0.000    0.000    0.000 core.py:1595(__xor__)
       45    0.000    0.000    0.000    0.000 accessor.py:110(_create_delegator_method)
      201    0.000    0.000    0.000    0.000 rcsetup.py:59(func)
       10    0.000    0.000    0.000    0.000 backend_bases.py:2739(show)
       84    0.000    0.000    0.000    0.000 typing.py:1070(<genexpr>)
        1    0.000    0.000    0.000    0.000 tcpclient.py:202(TCPClient)
      307    0.000    0.000    0.000    0.000 text.py:805(get_color)
        1    0.000    0.000    0.000    0.000 ImageColor.py:1(<module>)
      219    0.000    0.000    0.000    0.000 results.py:264(__bool__)
        1    0.000    0.000    0.000    0.000 Image.py:163(Resampling)
        1    0.000    0.000    0.000    0.000 base_tasks.py:1(<module>)
        3    0.000    0.000    0.000    0.000 _version.py:20(get_versions)
       12    0.000    0.000    0.000    0.000 dataset.py:1496(_item_sources)
        5    0.000    0.000    0.000    0.000 backend_bases.py:173(__init__)
        1    0.000    0.000    0.000    0.000 cfexecutor.py:1(<module>)
        1    0.000    0.000    0.000    0.000 <frozen os>:44(_get_exports_list)
        2    0.000    0.000    0.000    0.000 core.py:173(from_array)
      334    0.000    0.000    0.000    0.000 _mathtext.py:1013(__init__)
        2    0.000    0.000    0.000    0.000 _strptime.py:41(__seqToRE)
        1    0.000    0.000    0.000    0.000 readers.py:17(__init__)
       32    0.000    0.000    0.000    0.000 {method 'searchsorted' of 'numpy.ndarray' objects}
        1    0.000    0.000    0.000    0.000 optimizer.py:1(<module>)
        1    0.000    0.000    0.000    0.000 _common.py:821(cat)
       18    0.000    0.000    0.000    0.000 typing.py:1554(<genexpr>)
        1    0.000    0.000    0.000    0.000 __init__.py:806(Filterer)
      102    0.000    0.000    0.000    0.000 typing.py:1293(<genexpr>)
        1    0.000    0.000    0.000    0.000 runtime.py:660(Macro)
        1    0.000    0.000    0.000    0.000 routing.py:190(Router)
        1    0.000    0.000    0.000    0.000 routing.py:552(PathMatches)
        1    0.000    0.000    0.000    0.000 config.py:21(_get_paths)
        1    0.000    0.000    0.000    0.000 tz.py:488(_read_tzfile)
       80    0.000    0.000    0.000    0.000 core.py:2412(parseImpl)
      256    0.000    0.000    0.000    0.000 text.py:898(get_position)
      427    0.000    0.000    0.000    0.000 results.py:24(__getitem__)
        1    0.000    0.000    0.000    0.000 runtime.py:344(BlockReference)
        1    0.000    0.000    0.000    0.000 ops.py:1128(DataSplitter)
        9    0.000    0.000    0.000    0.000 _base.py:1761(set_box_aspect)
       13    0.000    0.000    0.000    0.000 core.py:8406(_replace_return_type)
        1    0.000    0.000    0.000    0.000 _table_schema.py:1(<module>)
       44    0.000    0.000    0.000    0.000 getlimits.py:101(_float_conv)
        1    0.000    0.000    0.000    0.000 _tritools.py:1(<module>)
        1    0.000    0.000    0.000    0.000 callbacks.py:1(<module>)
        3    0.000    0.000    0.000    0.000 core.py:1635(__invert__)
      370    0.000    0.000    0.000    0.000 dataclasses.py:697(_is_kw_only)
       50    0.000    0.000    0.000    0.000 ticker.py:672(get_offset)
        4    0.000    0.000    0.000    0.000 layout_engine.py:140(__init__)
       18    0.000    0.000    0.000    0.000 __init__.py:62(_process_keys)
        5    0.000    0.000    0.000    0.000 Image.py:413(_getencoder)
        1    0.000    0.000    0.000    0.000 sslproto.py:23(SSLProtocolState)
        7    0.000    0.000    0.000    0.000 _legacy.py:15(deprecated)
       29    0.000    0.000    0.000    0.000 pathlib.py:583(name)
        1    0.000    0.000    0.000    0.000 executor.py:1(<module>)
        2    0.000    0.000    0.000    0.000 patches.py:2492(__call__)
        1    0.000    0.000    0.000    0.000 environment.py:1579(TemplateStream)
       27    0.000    0.000    0.000    0.000 deprecation.py:176(finalize)
       23    0.000    0.000    0.000    0.000 config.py:882(is_one_of_factory)
        1    0.000    0.000    0.000    0.000 _parser.py:52(ParsedRequirement)
       52    0.000    0.000    0.000    0.000 _add_newdocs.py:6754(refer_to_array_attribute)
       51    0.000    0.000    0.000    0.000 {built-in method _hashlib.openssl_sha1}
        1    0.000    0.000    0.000    0.000 queues.py:81(Queue)
        1    0.000    0.000    0.000    0.000 bccache.py:331(MemcachedBytecodeCache)
        1    0.000    0.000    0.000    0.000 pathlib.py:628(with_name)
      188    0.000    0.000    0.000    0.000 {built-in method _struct.pack}
        7    0.000    0.000    0.000    0.000 _common.py:460(memoize_when_activated)
      100    0.000    0.000    0.000    0.000 transforms.py:262(x1)
        4    0.000    0.000    0.000    0.000 worker.py:196(fail_hard)
        1    0.000    0.000    0.000    0.000 scale.py:381(InvertedSymmetricalLogTransform)
        9    0.000    0.000    0.000    0.000 dicttoolz.py:19(merge)
        1    0.000    0.000    0.000    0.000 testing.py:17(pyparsing_test)
        1    0.000    0.000    0.000    0.000 __init__.py:351(_sanity_check)
    60/38    0.000    0.000    0.000    0.000 utils.py:721(wrapper)
       16    0.000    0.000    0.000    0.000 fromnumeric.py:865(sort)
      116    0.000    0.000    0.000    0.000 utils.py:32(_find_dim)
      134    0.000    0.000    0.000    0.000 _weakrefset.py:17(__init__)
        1    0.000    0.000    0.000    0.000 scale.py:201(LogTransform)
        1    0.000    0.000    0.000    0.000 _pslinux.py:122(IOPriority)
      309    0.000    0.000    0.000    0.000 enum.py:241(__set_name__)
       16    0.000    0.000    0.000    0.000 weakref.py:289(update)
        1    0.000    0.000    0.000    0.000 ucx.py:211(UCX)
        1    0.000    0.000    0.000    0.000 _xlsxwriter.py:1(<module>)
        9    0.000    0.000    0.000    0.000 pyplot.py:987(gcf)
        1    0.000    0.000    0.000    0.000 file_manager.py:82(__init__)
       52    0.000    0.000    0.000    0.000 accessor.py:76(forbid_nonstring_types)
       53    0.000    0.000    0.000    0.000 linecache.py:147(lazycache)
        1    0.000    0.000    0.000    0.000 timeouts.py:18(_State)
        7    0.000    0.000    0.000    0.000 _parser.py:309(_convert)
      334    0.000    0.000    0.000    0.000 fromnumeric.py:1877(_nonzero_dispatcher)
        1    0.000    0.000    0.000    0.000 geo.py:297(HammerTransform)
        1    0.000    0.000    0.000    0.000 geo.py:249(AitoffTransform)
        1    0.000    0.000    0.000    0.000 recreate_tasks.py:1(<module>)
        1    0.000    0.000    0.000    0.000 ExifTags.py:344(Interop)
        1    0.000    0.000    0.000    0.000 composer.py:1(<module>)
        1    0.000    0.000    0.000    0.000 _policybase.py:99(_extend_docstrings)
        1    0.000    0.000    0.000    0.000 _normalize.py:1(<module>)
        1    0.000    0.000    0.000    0.000 quiver.py:870(Barbs)
        1    0.000    0.000    0.000    0.000 core.py:2974(Regex)
        1    0.000    0.000    0.000    0.000 backend_agg.py:368(FigureCanvasAgg)
        1    0.000    0.000    0.000    0.000 backend_bases.py:2789(_Mode)
        1    0.000    0.000    0.000    0.000 iostream.py:117(_StreamBuffer)
        1    0.000    0.000    0.000    0.000 polar.py:188(InvertedPolarTransform)
        7    0.000    0.000    0.000    0.000 core.py:3644(__init__)
        5    0.000    0.000    0.000    0.000 gen.py:177(coroutine)
        2    0.000    0.000    0.000    0.000 client.py:1069(current)
        1    0.000    0.000    0.000    0.000 geo.py:344(MollweideTransform)
        6    0.000    0.000    0.000    0.000 dataarray.py:751(__len__)
       31    0.000    0.000    0.000    0.000 ipaddress.py:1721(_parse_hextet)
        1    0.000    0.000    0.000    0.000 _odswriter.py:1(<module>)
        4    0.000    0.000    0.000    0.000 <frozen importlib._bootstrap>:989(create_module)
        1    0.000    0.000    0.000    0.000 _misc.py:1(<module>)
        1    0.000    0.000    0.000    0.000 utils.py:106(LazyFile)
        1    0.000    0.000    0.000    0.000 backend_bases.py:1401(MouseButton)
        1    0.000    0.000    0.000    0.000 _parser.py:88(_parse_requirement_details)
      307    0.000    0.000    0.000    0.000 backend_bases.py:672(flipy)
        1    0.000    0.000    0.000    0.000 locale.py:485(CSVLocale)
        1    0.000    0.000    0.000    0.000 nodes.py:303(Output)
       17    0.000    0.000    0.000    0.000 ticker.py:732(<genexpr>)
        1    0.000    0.000    0.000    0.000 geo.py:416(LambertTransform)
        1    0.000    0.000    0.000    0.000 store.py:1(<module>)
        5    0.000    0.000    0.000    0.000 figure.py:3228(add_axobserver)
        1    0.000    0.000    0.000    0.000 types.py:333(DateTime)
        4    0.000    0.000    0.000    0.000 common.py:250(__init_subclass__)
        1    0.000    0.000    0.000    0.000 patches.py:1314(FancyArrow)
        3    0.000    0.000    0.000    0.000 parser.py:542(parse_flow_mapping_key)
        1    0.000    0.000    0.000    0.000 _globals.py:65(_CopyMode)
        1    0.000    0.000    0.000    0.000 transforms.py:2177(BlendedGenericTransform)
      211    0.000    0.000    0.000    0.000 core.py:3743(recurse)
        6    0.000    0.000    0.000    0.000 core.py:1146(__init__)
        3    0.000    0.000    0.000    0.000 core.py:4063(__init__)
        1    0.000    0.000    0.000    0.000 ExifTags.py:352(IFD)
        1    0.000    0.000    0.000    0.000 serializer.py:1(<module>)
        3    0.000    0.000    0.000    0.000 cftimeindex.py:95(build_pattern)
       25    0.000    0.000    0.000    0.000 {method 'tolist' of 'memoryview' objects}
        2    0.000    0.000    0.000    0.000 random.py:126(__init__)
       34    0.000    0.000    0.000    0.000 common.py:2070(contains_cftime_datetimes)
        5    0.000    0.000    0.000    0.000 ops.py:308(__init_subclass__)
        2    0.000    0.000    0.000    0.000 message.py:243(get_payload)
       12    0.000    0.000    0.000    0.000 __init__.py:264(get_aliased_and_aliases)
        1    0.000    0.000    0.000    0.000 nodes.py:911(Compare)
        1    0.000    0.000    0.000    0.000 Image.py:154(Transform)
        1    0.000    0.000    0.000    0.000 loaders.py:241(PackageLoader)
       13    0.000    0.000    0.000    0.000 enum.py:1404(_iter_member_by_def_)
      171    0.000    0.000    0.000    0.000 typing.py:417(<genexpr>)
        1    0.000    0.000    0.000    0.000 routing.py:517(HostMatches)
      150    0.000    0.000    0.000    0.000 core.py:697(<genexpr>)
        1    0.000    0.000    0.000    0.000 transforms.py:1814(Affine2DBase)
        1    0.000    0.000    0.000    0.000 nodes.py:696(CondExpr)
       36    0.000    0.000    0.000    0.000 constructor.py:220(construct_yaml_null)
      307    0.000    0.000    0.000    0.000 artist.py:834(get_alpha)
        6    0.000    0.000    0.000    0.000 assertions.py:21(ensure_warnings)
        1    0.000    0.000    0.000    0.000 _polybase.py:18(ABCPolyBase)
        1    0.000    0.000    0.000    0.000 _compatibility.py:1(<module>)
       98    0.000    0.000    0.000    0.000 message.py:511(set_raw)
        1    0.000    0.000    0.000    0.000 _concurrent_futures_thread.py:1(<module>)
        1    0.000    0.000    0.000    0.000 locks.py:438(_BarrierState)
      291    0.000    0.000    0.000    0.000 docscrape.py:53(reset)
        1    0.000    0.000    0.000    0.000 geo.py:316(InvertedHammerTransform)
        1    0.000    0.000    0.000    0.000 GifImagePlugin.py:48(LoadingStrategy)
        4    0.000    0.000    0.000    0.000 _common.py:415(memoize)
      288    0.000    0.000    0.000    0.000 dataclasses.py:432(<genexpr>)
        1    0.000    0.000    0.000    0.000 nodes.py:337(If)
        8    0.000    0.000    0.000    0.000 resolver.py:25(add_implicit_resolver)
        1    0.000    0.000    0.000    0.000 _layoutgrid.py:1(<module>)
        1    0.000    0.000    0.000    0.000 lru.py:17(LRU)
        1    0.000    0.000    0.000    0.000 client.py:174(Future)
        3    0.000    0.000    0.000    0.000 __init__.py:36(__deprecate_private_class)
      126    0.000    0.000    0.000    0.000 ssl.py:125(<lambda>)
       57    0.000    0.000    0.000    0.000 inspect.py:2507(<lambda>)
        2    0.000    0.000    0.000    0.000 client.py:5768(default_client)
        1    0.000    0.000    0.000    0.000 http1connection.py:71(HTTP1ConnectionParameters)
        1    0.000    0.000    0.000    0.000 backend_agg.py:58(RendererAgg)
        1    0.000    0.000    0.000    0.000 cast.py:606(_maybe_promote_cached)
        1    0.000    0.000    0.000    0.000 _mathtext.py:1823(_MathStyle)
        1    0.000    0.000    0.000    0.000 visitor.py:1(<module>)
        1    0.000    0.000    0.000    0.000 _scheduler_plugin.py:38(ShuffleSchedulerPlugin)
       25    0.000    0.000    0.000    0.000 ipaddress.py:474(_prefix_from_prefix_string)
        1    0.000    0.000    0.000    0.000 _elffile.py:31(EMachine)
        3    0.000    0.000    0.000    0.000 axis.py:2654(set_offset_position)
        1    0.000    0.000    0.000    0.000 rrule.py:1307(rruleset)
        1    0.000    0.000    0.000    0.000 indexing.py:971(IndexingSupport)
        2    0.000    0.000    0.000    0.000 fnmatch.py:74(translate)
        1    0.000    0.000    0.000    0.000 template.py:781(_TemplateReader)
       64    0.000    0.000    0.000    0.000 transforms.py:282(p0)
        6    0.000    0.000    0.000    0.000 deprecation.py:506(suppress_matplotlib_deprecation_warning)
        2    0.000    0.000    0.000    0.000 netCDF4_.py:479(set_dimension)
        1    0.000    0.000    0.000    0.000 _parser.py:205(_parse_specifier)
       16    0.000    0.000    0.000    0.000 _type_aliases.py:44(_bits_of)
      215    0.000    0.000    0.000    0.000 {function FreezableDefaultDict.__missing__ at 0x7fb1ee7eda80}
       24    0.000    0.000    0.000    0.000 transforms.py:970(y1)
        4    0.000    0.000    0.000    0.000 sortedlist.py:61(decorating_function)
        1    0.000    0.000    0.000    0.000 backend_bases.py:763(GraphicsContextBase)
       22    0.000    0.000    0.000    0.000 constructor.py:233(construct_yaml_bool)
        1    0.000    0.000    0.000    0.000 scale.py:609(LogisticTransform)
      118    0.000    0.000    0.000    0.000 {method 'items' of 'mappingproxy' objects}
      126    0.000    0.000    0.000    0.000 ssl.py:135(<lambda>)
        6    0.000    0.000    0.000    0.000 textpath.py:26(__init__)
        1    0.000    0.000    0.000    0.000 scale.py:243(InvertedLogTransform)
        1    0.000    0.000    0.000    0.000 distributed.py:1(<module>)
      133    0.000    0.000    0.000    0.000 expr.py:196(<genexpr>)
        1    0.000    0.000    0.000    0.000 util.py:14(__config_flags)
        9    0.000    0.000    0.000    0.000 transforms.py:2634(__init__)
        9    0.000    0.000    0.000    0.000 <frozen posixpath>:179(dirname)
        1    0.000    0.000    0.000    0.000 dataframe_protocol.py:69(ColumnNullType)
       97    0.000    0.000    0.000    0.000 {method 'capitalize' of 'str' objects}
        1    0.000    0.000    0.000    0.000 log.py:81(LogFormatter)
        5    0.000    0.000    0.000    0.000 figure.py:3125(clear)
      127    0.000    0.000    0.000    0.000 textwrap.py:112(__init__)
        1    0.000    0.000    0.000    0.000 formatting_html.py:1(<module>)
        1    0.000    0.000    0.000    0.000 nodes.py:319(For)
        5    0.000    0.000    0.000    0.000 dataarray_plot.py:1273(_plot2d)
      126    0.000    0.000    0.000    0.000 ssl.py:140(<lambda>)
        1    0.000    0.000    0.000    0.000 stealing.py:71(WorkStealing)
        1    0.000    0.000    0.000    0.000 sslproto.py:31(AppProtocolState)
       36    0.000    0.000    0.000    0.000 <frozen _collections_abc>:104(_check_methods)
        4    0.000    0.000    0.000    0.000 functools.py:188(total_ordering)
       11    0.000    0.000    0.000    0.000 mathtext.py:48(__init__)
        9    0.000    0.000    0.000    0.000 series.py:789(values)
        1    0.000    0.000    0.000    0.000 scale.py:348(SymmetricalLogTransform)
        1    0.000    0.000    0.000    0.000 random.py:135(seed)
        9    0.000    0.000    0.000    0.000 linalg.py:159(_commonType)
        4    0.000    0.000    0.000    0.000 deprecation.py:139(finalize)
        1    0.000    0.000    0.000    0.000 process.py:188(Subprocess)
        1    0.000    0.000    0.000    0.000 numerictypes.py:589(_register_types)
        1    0.000    0.000    0.000    0.000 core.py:5262(__init__)
        1    0.000    0.000    0.000    0.000 core.py:3127(view)
       37    0.000    0.000    0.000    0.000 getlimits.py:16(_fr0)
       25    0.000    0.000    0.000    0.000 path.py:734(unit_rectangle)
        1    0.000    0.000    0.000    0.000 common.py:64(ImplementsArrayReduce)
        1    0.000    0.000    0.000    0.000 nodes.py:347(Macro)
        1    0.000    0.000    0.000    0.000 exceptions.py:53(TemplatesNotFound)
      352    0.000    0.000    0.000    0.000 {method 'popleft' of 'collections.deque' objects}
       13    0.000    0.000    0.000    0.000 mixins.py:44(_numeric_methods)
       34    0.000    0.000    0.000    0.000 strings.py:41(is_unicode_dtype)
        1    0.000    0.000    0.000    0.000 buffer.py:14(Buffer)
       50    0.000    0.000    0.000    0.000 {method 'digest' of '_hashlib.HASH' objects}
        1    0.000    0.000    0.000    0.000 _decorators.py:1(<module>)
        4    0.000    0.000    0.000    0.000 inspect.py:3081(_hash_basis)
        1    0.000    0.000    0.000    0.000 pickle.py:1129(_Unpickler)
        4    0.000    0.000    0.000    0.000 core.py:1725(suppress)
        1    0.000    0.000    0.000    0.000 Image.py:182(Dither)
        1    0.000    0.000    0.000    0.000 patches.py:670(Rectangle)
        1    0.000    0.000    0.000    0.000 inspect.py:2019(_signature_get_partial)
        2    0.000    0.000    0.000    0.000 ssl.py:556(options)
        4    0.000    0.000    0.000    0.000 transforms.py:1560(transform_bbox)
       61    0.000    0.000    0.000    0.000 _inspect.py:144(<lambda>)
        1    0.000    0.000    0.000    0.000 concurrent.py:81(run_on_executor)
        1    0.000    0.000    0.000    0.000 scale.py:464(AsinhTransform)
       22    0.000    0.000    0.000    0.000 inspect.py:405(_has_coroutine_mark)
        1    0.000    0.000    0.000    0.000 geo.py:272(InvertedAitoffTransform)
        1    0.000    0.000    0.000    0.000 _parseaddr.py:1(<module>)
        3    0.000    0.000    0.000    0.000 utils.py:108(alias)
        2    0.000    0.000    0.000    0.000 __init__.py:928(__init__)
        1    0.000    0.000    0.000    0.000 locks.py:282(Semaphore)
        1    0.000    0.000    0.000    0.000 widgets.py:1602(RadioButtons)
      126    0.000    0.000    0.000    0.000 ssl.py:130(<lambda>)
        1    0.000    0.000    0.000    0.000 base_parser.py:115(__init__)
        2    0.000    0.000    0.000    0.000 __init__.py:73(CFUNCTYPE)
      126    0.000    0.000    0.000    0.000 ssl.py:145(<lambda>)
        1    0.000    0.000    0.000    0.000 geo.py:456(InvertedLambertTransform)
      217    0.000    0.000    0.000    0.000 __init__.py:804(__init__)
        1    0.000    0.000    0.000    0.000 ImageMode.py:1(<module>)
        2    0.000    0.000    0.000    0.000 client.py:144(_get_global_client)
        1    0.000    0.000    0.000    0.000 _machar.py:1(<module>)
        1    0.000    0.000    0.000    0.000 runners.py:14(_State)
      126    0.000    0.000    0.000    0.000 ssl.py:150(<lambda>)
        2    0.000    0.000    0.000    0.000 nanops.py:1082(_nanminmax)
        1    0.000    0.000    0.000    0.000 extensions.py:1(<module>)
        1    0.000    0.000    0.000    0.000 Image.py:195(Quantize)
        1    0.000    0.000    0.000    0.000 indexing.py:1214(_LocIndexer)
        1    0.000    0.000    0.000    0.000 _pyxlsb.py:24(PyxlsbReader)
        4    0.000    0.000    0.000    0.000 {built-in method _imp.create_builtin}
        1    0.000    0.000    0.000    0.000 GimpGradientFile.py:1(<module>)
      288    0.000    0.000    0.000    0.000 dataclasses.py:1142(<genexpr>)
        5    0.000    0.000    0.000    0.000 {built-in method PIL._imaging.fill}
        1    0.000    0.000    0.000    0.000 accessor.py:908(DatasetPlotAccessor)
        1    0.000    0.000    0.000    0.000 _mathtext.py:2400(group)
        1    0.000    0.000    0.000    0.000 docstrings.py:1(<module>)
        4    0.000    0.000    0.000    0.000 nanops.py:448(maybe_operate_rowwise)
        1    0.000    0.000    0.000    0.000 _common.py:144(NicDuplex)
       38    0.000    0.000    0.000    0.000 {built-in method _hashlib.openssl_md5}
      166    0.000    0.000    0.000    0.000 axis.py:755(get_remove_overlapping_locs)
        1    0.000    0.000    0.000    0.000 cast.py:614(_maybe_promote)
      194    0.000    0.000    0.000    0.000 docscrape.py:159(__getitem__)
        1    0.000    0.000    0.000    0.000 pathlib.py:731(parent)
       33    0.000    0.000    0.000    0.000 _base.py:2898(<genexpr>)
        5    0.000    0.000    0.000    0.000 PngImagePlugin.py:314(add_text)
    60/46    0.000    0.000    0.000    0.000 utils.py:718(register)
        6    0.000    0.000    0.000    0.000 <frozen importlib._bootstrap>:662(spec_from_loader)
        1    0.000    0.000    0.000    0.000 scale.py:583(LogitTransform)
        1    0.000    0.000    0.000    0.000 geo.py:386(InvertedMollweideTransform)
        1    0.000    0.000    0.000    0.000 datatree.py:304(DataTree)
       26    0.000    0.000    0.000    0.000 _build_tlz.py:46(find_spec)
      148    0.000    0.000    0.000    0.000 {method 'reverse' of 'list' objects}
        1    0.000    0.000    0.000    0.000 abc.py:153(TraversableResources)
        1    0.000    0.000    0.000    0.000 base_parser.py:102(BadLineHandleMethod)
        1    0.000    0.000    0.000    0.000 patches.py:610(Shadow)
        1    0.000    0.000    0.000    0.000 sorteddict.py:43(SortedDict)
       15    0.000    0.000    0.000    0.000 tokenize.py:569(_generate_tokens_from_c_tokenizer)
        1    0.000    0.000    0.000    0.000 dates.py:208(__getattr__)
        1    0.000    0.000    0.000    0.000 patches.py:1693(Annulus)
        1    0.000    0.000    0.000    0.000 base_futures.py:1(<module>)
        2    0.000    0.000    0.000    0.000 __init__.py:188(caching_module_getattr)
       30    0.000    0.000    0.000    0.000 figure.py:2736(axes)
        3    0.000    0.000    0.000    0.000 utils.py:120(decorator)
       68    0.000    0.000    0.000    0.000 _base.py:2998(<genexpr>)
        1    0.000    0.000    0.000    0.000 texmanager.py:56(TexManager)
        1    0.000    0.000    0.000    0.000 scale.py:483(InvertedAsinhTransform)
       26    0.000    0.000    0.000    0.000 _strptime.py:56(<genexpr>)
       75    0.000    0.000    0.000    0.000 config.py:810(wrap)
        1    0.000    0.000    0.000    0.000 runtime.py:794(Undefined)
        4    0.000    0.000    0.000    0.000 _strptime.py:26(_getlang)
        1    0.000    0.000    0.000    0.000 _openpyxl.py:533(OpenpyxlReader)
        1    0.000    0.000    0.000    0.000 lock.py:16(LockExtension)
        3    0.000    0.000    0.000    0.000 scanner.py:48(__init__)
        1    0.000    0.000    0.000    0.000 _trirefine.py:1(<module>)
        1    0.000    0.000    0.000    0.000 PngImagePlugin.py:99(Disposal)
       10    0.000    0.000    0.000    0.000 Image.py:527(_new)
        5    0.000    0.000    0.000    0.000 ops.py:288(inject_numpy_same)
        1    0.000    0.000    0.000    0.000 patches.py:2698(_Base)
        1    0.000    0.000    0.000    0.000 tcp.py:157(TCP)
        1    0.000    0.000    0.000    0.000 frozen.py:1(<module>)
        1    0.000    0.000    0.000    0.000 string_.py:254(BaseStringArray)
        1    0.000    0.000    0.000    0.000 loaders.py:539(ChoiceLoader)
        1    0.000    0.000    0.000    0.000 core.py:3468(__init__)
        3    0.000    0.000    0.000    0.000 typing.py:1905(_proto_hook)
      273    0.000    0.000    0.000    0.000 core.py:4233(<genexpr>)
       85    0.000    0.000    0.000    0.000 version.py:205(<genexpr>)
        1    0.000    0.000    0.000    0.000 nodes.py:1094(MarkSafeIfAutoescape)
      177    0.000    0.000    0.000    0.000 _mathtext.py:2173(get_state)
        1    0.000    0.000    0.000    0.000 file.py:12(File)
        1    0.000    0.000    0.000    0.000 security.py:1(<module>)
      204    0.000    0.000    0.000    0.000 {method 'ljust' of 'str' objects}
        1    0.000    0.000    0.000    0.000 numerictypes.py:441(_construct_lookups)
        1    0.000    0.000    0.000    0.000 cluster.py:36(Cluster)
        1    0.000    0.000    0.000    0.000 _calamine.py:40(CalamineReader)
        1    0.000    0.000    0.000    0.000 common.py:160(is_url)
        1    0.000    0.000    0.000    0.000 ssl.py:415(Purpose)
      171    0.000    0.000    0.000    0.000 expr.py:253(_node_not_implemented)
       53    0.000    0.000    0.000    0.000 axis.py:1590(get_major_locator)
      181    0.000    0.000    0.000    0.000 core.py:3931(<genexpr>)
        8    0.000    0.000    0.000    0.000 _version.py:1(<module>)
        1    0.000    0.000    0.000    0.000 c_parser_wrapper.py:1(<module>)
       27    0.000    0.000    0.000    0.000 _mathtext.py:1036(__init__)
       29    0.000    0.000    0.000    0.000 weakref.py:495(popitem)
       19    0.000    0.000    0.000    0.000 _parser.py:265(getwhile)
      119    0.000    0.000    0.000    0.000 {method 'get' of '_contextvars.ContextVar' objects}
      138    0.000    0.000    0.000    0.000 {method 'remove' of 'set' objects}
        1    0.000    0.000    0.000    0.000 artist.py:117(Artist)
       10    0.000    0.000    0.000    0.000 util.py:177(_escape_regex_range_chars)
        9    0.000    0.000    0.000    0.000 managers.py:2000(external_values)
      147    0.000    0.000    0.000    0.000 core.py:4509(recurse)
        3    0.000    0.000    0.000    0.000 runtime.py:136(_dict_method_all)
        1    0.000    0.000    0.000    0.000 helpers.py:658(OpAssoc)
        9    0.000    0.000    0.000    0.000 figure.py:1693(_process_projection_requirements)
        1    0.000    0.000    0.000    0.000 format_helpers.py:1(<module>)
       21    0.000    0.000    0.000    0.000 _docstring.py:43(update)
        1    0.000    0.000    0.000    0.000 base.py:21(BaseStringArrayMethods)
        1    0.000    0.000    0.000    0.000 orc.py:1(<module>)
        1    0.000    0.000    0.000    0.000 __init__.py:265(_reset_cache)
        6    0.000    0.000    0.000    0.000 _weakrefset.py:120(update)
      191    0.000    0.000    0.000    0.000 core.py:1742(leave_whitespace)
       38    0.000    0.000    0.000    0.000 traceback.py:327(walk_stack)
       93    0.000    0.000    0.000    0.000 _inspect.py:131(strseq)
       92    0.000    0.000    0.000    0.000 {built-in method sys._getframemodulename}
        1    0.000    0.000    0.000    0.000 {function Random.seed at 0x7fb1fbaa68e0}
       12    0.000    0.000    0.000    0.000 constructor.py:270(construct_yaml_float)
      4/3    0.000    0.000    0.000    0.000 _mathtext.py:1197(shrink)
       27    0.000    0.000    0.000    0.000 lexer.py:146(<genexpr>)
        1    0.000    0.000    0.000    0.000 _pylab_helpers.py:1(<module>)
      100    0.000    0.000    0.000    0.000 fromnumeric.py:3176(ndim)
       15    0.000    0.000    0.000    0.000 dtypes.py:831(construct_from_string)
        3    0.000    0.000    0.000    0.000 __init__.py:401(discover)
        1    0.000    0.000    0.000    0.000 httpclient.py:690(HTTPClientError)
        1    0.000    0.000    0.000    0.000 clipboards.py:1(<module>)
        1    0.000    0.000    0.000    0.000 _asarray.py:1(<module>)
        2    0.000    0.000    0.000    0.000 common.py:97(is_bool_indexer)
        2    0.000    0.000    0.000    0.000 functools.py:929(__init__)
        1    0.000    0.000    0.000    0.000 core.py:4586(IndentedBlock)
        1    0.000    0.000    0.000    0.000 _xlrd.py:25(XlrdReader)
       21    0.000    0.000    0.000    0.000 enum.py:1394(_iter_member_by_value_)
        1    0.000    0.000    0.000    0.000 patches.py:887(RegularPolygon)
        1    0.000    0.000    0.000    0.000 version.py:67(_BaseVersion)
        1    0.000    0.000    0.000    0.000 patches.py:964(StepPatch)
        1    0.000    0.000    0.000    0.000 ops.py:105(WrappedCythonOp)
      267    0.000    0.000    0.000    0.000 core.py:1924(recurse)
       18    0.000    0.000    0.000    0.000 utils.py:89(internalcode)
        1    0.000    0.000    0.000    0.000 compiler.py:157(MacroRef)
        1    0.000    0.000    0.000    0.000 core.py:6568(__array_finalize__)
       56    0.000    0.000    0.000    0.000 spines.py:591(__iter__)
        1    0.000    0.000    0.000    0.000 web.py:3154(OutputTransform)
        1    0.000    0.000    0.000    0.000 multi_lock.py:18(MultiLockExtension)
       28    0.000    0.000    0.000    0.000 {method 'sort' of 'numpy.ndarray' objects}
        1    0.000    0.000    0.000    0.000 objects.py:46(BaseIndexer)
       18    0.000    0.000    0.000    0.000 axis.py:1925(set_pickradius)
       23    0.000    0.000    0.000    0.000 _tokenizer.py:113(check)
      128    0.000    0.000    0.000    0.000 {method 'release' of '_thread.RLock' objects}
        1    0.000    0.000    0.000    0.000 __init__.py:260(EscapeFormatter)
        1    0.000    0.000    0.000    0.000 _type_aliases.py:211(_set_array_types)
       18    0.000    0.000    0.000    0.000 base.py:478(register_extension_dtype)
        1    0.000    0.000    0.000    0.000 _structures.py:1(<module>)
        3    0.000    0.000    0.000    0.000 __init__.py:509(PYFUNCTYPE)
        1    0.000    0.000    0.000    0.000 filecmp.py:1(<module>)
        3    0.000    0.000    0.000    0.000 parser.py:127(parse_stream_start)
        1    0.000    0.000    0.000    0.000 typing.py:419(_NoDefault)
       70    0.000    0.000    0.000    0.000 legend_handler.py:94(adjust_drawing_area)
      110    0.000    0.000    0.000    0.000 {method 'end' of 're.Match' objects}
       10    0.000    0.000    0.000    0.000 api.py:178(check_attr)
        1    0.000    0.000    0.000    0.000 options.py:1(<module>)
        1    0.000    0.000    0.000    0.000 result.py:24(TestResult)
        5    0.000    0.000    0.000    0.000 figure.py:977(clear)
        3    0.000    0.000    0.000    0.000 _common.py:132(_validate_fromutc_inputs)
        9    0.000    0.000    0.000    0.000 _pylab_helpers.py:100(get_active)
        4    0.000    0.000    0.000    0.000 nanops.py:383(_datetimelike_compat)
        4    0.000    0.000    0.000    0.000 locale.py:582(getlocale)
        1    0.000    0.000    0.000    0.000 _asyncio.py:1(<module>)
        4    0.000    0.000    0.000    0.000 ssl.py:399(__new__)
       46    0.000    0.000    0.000    0.000 six.py:194(find_spec)
        1    0.000    0.000    0.000    0.000 _comms.py:14(CommShardsBuffer)
        1    0.000    0.000    0.000    0.000 parse.py:374(urlparse)
        1    0.000    0.000    0.000    0.000 concurrent.py:56(DummyExecutor)
        1    0.000    0.000    0.000    0.000 sieve.py:12(Sieve)
        1    0.000    0.000    0.000    0.000 core.py:218(NamedArray)
        2    0.000    0.000    0.000    0.000 config.py:273(__call__)
        1    0.000    0.000    0.000    0.000 __config__.py:14(DisplayModes)
        1    0.000    0.000    0.000    0.000 unicode.py:234(Japanese)
       12    0.000    0.000    0.000    0.000 core.py:5915(<lambda>)
        4    0.000    0.000    0.000    0.000 isoparser.py:22(_takes_ascii)
       41    0.000    0.000    0.000    0.000 core.py:3648(parseImpl)
        4    0.000    0.000    0.000    0.000 function_base.py:2285(__init__)
       62    0.000    0.000    0.000    0.000 patches.py:2285(_register_style)
        1    0.000    0.000    0.000    0.000 case.py:345(TestCase)
        1    0.000    0.000    0.000    0.000 pdcompat.py:55(_NoDefault)
      166    0.000    0.000    0.000    0.000 fromnumeric.py:2589(_ptp_dispatcher)
        1    0.000    0.000    0.000    0.000 common.py:103(ImplementsDatasetReduce)
        1    0.000    0.000    0.000    0.000 active_memory_manager.py:35(ActiveMemoryManagerExtension)
        1    0.000    0.000    0.000    0.000 netcdf3.py:1(<module>)
       15    0.000    0.000    0.000    0.000 rcsetup.py:85(_listify_validator)
        1    0.000    0.000    0.000    0.000 async_buffer.py:15(AsyncBuffer)
        8    0.000    0.000    0.000    0.000 typing.py:1166(__mro_entries__)
       24    0.000    0.000    0.000    0.000 numerictypes.py:514(_scalar_type_key)
        1    0.000    0.000    0.000    0.000 _typed_ops.py:25(DatasetOpsMixin)
       81    0.000    0.000    0.000    0.000 __init__.py:25(decorator)
       67    0.000    0.000    0.000    0.000 deprecation.py:99(deprecated)
        1    0.000    0.000    0.000    0.000 patches.py:1513(Ellipse)
        1    0.000    0.000    0.000    0.000 managers.py:557(copy)
        2    0.000    0.000    0.000    0.000 core.py:267(__init_subclass__)
        1    0.000    0.000    0.000    0.000 _mathtext.py:2393(start_group)
       80    0.000    0.000    0.000    0.000 functools.py:421(_unwrap_partial)
        1    0.000    0.000    0.000    0.000 datatree_mapping.py:1(<module>)
        1    0.000    0.000    0.000    0.000 nodes.py:623(Tuple)
        5    0.000    0.000    0.000    0.000 contextlib.py:543(_push_cm_exit)
       28    0.000    0.000    0.000    0.000 ipaddress.py:1851(_split_scope_id)
        1    0.000    0.000    0.000    0.000 ssl.py:944(SSLSocket)
        1    0.000    0.000    0.000    0.000 range.py:137(__new__)
        1    0.000    0.000    0.000    0.000 _triangulation.py:1(<module>)
        4    0.000    0.000    0.000    0.000 datetimelike.py:169(_period_dispatch)
       87    0.000    0.000    0.000    0.000 events.py:22(__init__)
        5    0.000    0.000    0.000    0.000 pyplot.py:469(draw_if_interactive)
        3    0.000    0.000    0.000    0.000 _mixins.py:72(ravel_compat)
        3    0.000    0.000    0.000    0.000 core.py:3604(__init__)
        1    0.000    0.000    0.000    0.000 text.py:80(Text)
      166    0.000    0.000    0.000    0.000 markers.py:383(get_snap_threshold)
       18    0.000    0.000    0.000    0.000 <frozen importlib._bootstrap_external>:1163(__hash__)
        1    0.000    0.000    0.000    0.000 _parser.py:1371(_tzparser)
        1    0.000    0.000    0.000    0.000 pycompat.py:1(<module>)
        1    0.000    0.000    0.000    0.000 _elffile.py:21(EIClass)
        1    0.000    0.000    0.000    0.000 nodes.py:294(Template)
        6    0.000    0.000    0.000    0.000 core.py:431(__len__)
       37    0.000    0.000    0.000    0.000 {method 'hexdigest' of '_hashlib.HASH' objects}
        4    0.000    0.000    0.000    0.000 missing.py:913(_datetimelike_compat)
      122    0.000    0.000    0.000    0.000 {method '__exit__' of '_thread.lock' objects}
       57    0.000    0.000    0.000    0.000 results.py:267(__iter__)
        1    0.000    0.000    0.000    0.000 ipaddress.py:1276(IPv4Address)
        1    0.000    0.000    0.000    0.000 objects.py:123(VariableWindowIndexer)
        1    0.000    0.000    0.000    0.000 worker_memory.py:74(WorkerMemoryManager)
        1    0.000    0.000    0.000    0.000 objects.py:93(FixedWindowIndexer)
       17    0.000    0.000    0.000    0.000 inspect.py:1786(_check_instance)
        1    0.000    0.000    0.000    0.000 PngImagePlugin.py:120(Blend)
        1    0.000    0.000    0.000    0.000 getopt.py:1(<module>)
       97    0.000    0.000    0.000    0.000 core.py:5961(<genexpr>)
        1    0.000    0.000    0.000    0.000 _dtype_like.py:71(_DTypeDict)
        3    0.000    0.000    0.000    0.000 scanner.py:359(fetch_stream_start)
        1    0.000    0.000    0.000    0.000 _worker_plugin.py:36(_ShuffleRunManager)
        1    0.000    0.000    0.000    0.000 ioloop.py:825(_Timeout)
        1    0.000    0.000    0.000    0.000 core.py:3573(__init__)
        1    0.000    0.000    0.000    0.000 _core.py:415(ShuffleType)
        1    0.000    0.000    0.000    0.000 metrics.py:160(ContextMeter)
      147    0.000    0.000    0.000    0.000 core.py:3991(<genexpr>)
        7    0.000    0.000    0.000    0.000 config.py:856(is_instance_factory)
        1    0.000    0.000    0.000    0.000 unicode.py:75(nums)
        1    0.000    0.000    0.000    0.000 system_monitor.py:1(<module>)
        1    0.000    0.000    0.000    0.000 _common.py:157(BatteryTime)
        1    0.000    0.000    0.000    0.000 compat.py:1(<module>)
        1    0.000    0.000    0.000    0.000 common.py:19(__init_subclass__)
        1    0.000    0.000    0.000    0.000 optimization.py:445(Default)
      170    0.000    0.000    0.000    0.000 _mathtext.py:1773(font)
        1    0.000    0.000    0.000    0.000 table.py:239(Table)
        1    0.000    0.000    0.000    0.000 linalg.py:97(_determine_error_states)
      166    0.000    0.000    0.000    0.000 ticker.py:1740(tick_values)
       15    0.000    0.000    0.000    0.000 dtypes.py:1305(construct_from_string)
        2    0.000    0.000    0.000    0.000 core.py:6744(__init__)
       20    0.000    0.000    0.000    0.000 axis.py:2498(get_minpos)
        7    0.000    0.000    0.000    0.000 functools.py:660(_c3_merge)
      200    0.000    0.000    0.000    0.000 __init__.py:89(<lambda>)
        4    0.000    0.000    0.000    0.000 rrule.py:80(_invalidates_cache)
       15    0.000    0.000    0.000    0.000 dtypes.py:1054(construct_from_string)
       34    0.000    0.000    0.000    0.000 common.py:2055(_contains_cftime_datetimes)
        1    0.000    0.000    0.000    0.000 _warnings.py:1(<module>)
       88    0.000    0.000    0.000    0.000 {method 'move_to_end' of 'collections.OrderedDict' objects}
       15    0.000    0.000    0.000    0.000 weakref.py:510(update)
        1    0.000    0.000    0.000    0.000 _string_helpers.py:1(<module>)
        4    0.000    0.000    0.000    0.000 weakref.py:164(__setitem__)
        1    0.000    0.000    0.000    0.000 worker_state_machine.py:207(TaskState)
       14    0.000    0.000    0.000    0.000 __init__.py:145(_check_size)
        1    0.000    0.000    0.000    0.000 variable.py:2606(IndexVariable)
        1    0.000    0.000    0.000    0.000 cbook.py:815(Grouper)
      166    0.000    0.000    0.000    0.000 numeric.py:2245(_isclose_dispatcher)
       99    0.000    0.000    0.000    0.000 {method 'groupdict' of 're.Match' objects}
      166    0.000    0.000    0.000    0.000 markers.py:364(get_alt_path)
        1    0.000    0.000    0.000    0.000 _elffile.py:26(EIData)
      167    0.000    0.000    0.000    0.000 {method '__init_subclass__' of 'object' objects}
      166    0.000    0.000    0.000    0.000 lines.py:609(get_markevery)
        1    0.000    0.000    0.000    0.000 signals.py:1(<module>)
        1    0.000    0.000    0.000    0.000 _dtype.py:1(<module>)
       44    0.000    0.000    0.000    0.000 dataclasses.py:349(__set_name__)
        2    0.000    0.000    0.000    0.000 phytoplankton.py:51(set_initial_concentration)
        1    0.000    0.000    0.000    0.000 template.py:574(_IncludeBlock)
        1    0.000    0.000    0.000    0.000 __future__.py:1(<module>)
     16/4    0.000    0.000    0.000    0.000 ast.py:86(_convert)
        1    0.000    0.000    0.000    0.000 gen.py:723(Runner)
        6    0.000    0.000    0.000    0.000 {built-in method posix.urandom}
        1    0.000    0.000    0.000    0.000 _typing.py:36(Default)
        1    0.000    0.000    0.000    0.000 _iotools.py:450(StringConverter)
      121    0.000    0.000    0.000    0.000 {method 'isdigit' of 'str' objects}
        2    0.000    0.000    0.000    0.000 {built-in method _ctypes.POINTER}
       92    0.000    0.000    0.000    0.000 file_manager.py:335(__hash__)
       24    0.000    0.000    0.000    0.000 ops.py:270(get_op)
      158    0.000    0.000    0.000    0.000 core.py:4221(<genexpr>)
        1    0.000    0.000    0.000    0.000 _arrow_string_mixins.py:1(<module>)
        9    0.000    0.000    0.000    0.000 core.py:5189(_generateDefaultName)
        7    0.000    0.000    0.000    0.000 __init__.py:1812(getChild)
        1    0.000    0.000    0.000    0.000 cache.py:10(Cache)
      139    0.000    0.000    0.000    0.000 {method 'pop' of 'collections.deque' objects}
       47    0.000    0.000    0.000    0.000 spines.py:594(__len__)
       32    0.000    0.000    0.000    0.000 enum.py:1188(_generate_next_value_)
        1    0.000    0.000    0.000    0.000 numeric.py:2123(identity)
        1    0.000    0.000    0.000    0.000 spawn.py:1(<module>)
        1    0.000    0.000    0.000    0.000 memory_sampler.py:20(MemorySampler)
      118    0.000    0.000    0.000    0.000 <frozen importlib._bootstrap_external>:1276(__init__)
       18    0.000    0.000    0.000    0.000 transforms.py:56(_make_str_method)
        2    0.000    0.000    0.000    0.000 phytoplankton.py:45(set_vertical_grid)
       46    0.000    0.000    0.000    0.000 typing.py:966(_is_typevar_like)
      166    0.000    0.000    0.000    0.000 markers.py:303(get_marker)
        4    0.000    0.000    0.000    0.000 numeric.py:67(zeros_like)
       46    0.000    0.000    0.000    0.000 six.py:110(__init__)
        1    0.000    0.000    0.000    0.000 objects.py:149(VariableOffsetWindowIndexer)
        8    0.000    0.000    0.000    0.000 layout_engine.py:120(__init__)
        1    0.000    0.000    0.000    0.000 apply.py:770(FrameApply)
        1    0.000    0.000    0.000    0.000 queues.py:73(_QueueIterator)
        1    0.000    0.000    0.000    0.000 threads.py:1(<module>)
        1    0.000    0.000    0.000    0.000 ops.py:560(BaseGrouper)
        1    0.000    0.000    0.000    0.000 nodes.py:739(_FilterTestCommon)
        1    0.000    0.000    0.000    0.000 take.py:287(_get_take_nd_function_cached)
        1    0.000    0.000    0.000    0.000 objects.py:279(ExpandingIndexer)
      140    0.000    0.000    0.000    0.000 legend_handler.py:187(get_numpoints)
       17    0.000    0.000    0.000    0.000 netCDF4_.py:216(_force_native_endianness)
       38    0.000    0.000    0.000    0.000 __init__.py:23(<genexpr>)
       58    0.000    0.000    0.000    0.000 colors.py:234(_has_alpha_channel)
        1    0.000    0.000    0.000    0.000 _parser.py:222(_parse_version_many)
        1    0.000    0.000    0.000    0.000 plugins.py:1(<module>)
        8    0.000    0.000    0.000    0.000 helpers.py:248(<genexpr>)
        1    0.000    0.000    0.000    0.000 memory.py:1(<module>)
        1    0.000    0.000    0.000    0.000 core.py:3373(__init__)
        1    0.000    0.000    0.000    0.000 _enums.py:17(_AutoStringNameEnum)
      166    0.000    0.000    0.000    0.000 enum.py:942(<lambda>)
        1    0.000    0.000    0.000    0.000 coordinates.py:188(Coordinates)
        1    0.000    0.000    0.000    0.000 backend_bases.py:3461(export)
        1    0.000    0.000    0.000    0.000 timeit.py:1(<module>)
        1    0.000    0.000    0.000    0.000 ImageSequence.py:1(<module>)
        3    0.000    0.000    0.000    0.000 contextlib.py:305(asynccontextmanager)
        1    0.000    0.000    0.000    0.000 nodes.py:817(Call)
        1    0.000    0.000    0.000    0.000 Image.py:190(Palette)
        1    0.000    0.000    0.000    0.000 flags.py:1(<module>)
        1    0.000    0.000    0.000    0.000 objects.py:297(FixedForwardWindowIndexer)
       18    0.000    0.000    0.000    0.000 ticker.py:498(set_useLocale)
        5    0.000    0.000    0.000    0.000 {built-in method PIL._imaging.zip_encoder}
        1    0.000    0.000    0.000    0.000 trsock.py:1(<module>)
      114    0.000    0.000    0.000    0.000 {built-in method _struct.unpack}
        1    0.000    0.000    0.000    0.000 objects.py:348(GroupbyIndexer)
        1    0.000    0.000    0.000    0.000 {built-in method posix.cpu_count}
        1    0.000    0.000    0.000    0.000 objects.py:441(ExponentialMovingWindowIndexer)
      122    0.000    0.000    0.000    0.000 results.py:258(__contains__)
        1    0.000    0.000    0.000    0.000 adaptive.py:18(Adaptive)
       11    0.000    0.000    0.000    0.000 functoolz.py:119(instanceproperty)
        2    0.000    0.000    0.000    0.000 weakref.py:218(keys)
        1    0.000    0.000    0.000    0.000 popen_fork.py:1(<module>)
        1    0.000    0.000    0.000    0.000 __init__.py:1293(__init__)
        1    0.000    0.000    0.000    0.000 core.py:718(add_condition)
      138    0.000    0.000    0.000    0.000 __init__.py:247(<genexpr>)
      130    0.000    0.000    0.000    0.000 results.py:21(__init__)
        1    0.000    0.000    0.000    0.000 scheduler.py:1555(SchedulerState)
        2    0.000    0.000    0.000    0.000 _decorators.py:172(_deprecate_kwarg)
      127    0.000    0.000    0.000    0.000 core.py:2396(__getnewargs__)
        1    0.000    0.000    0.000    0.000 lexer.py:254(Failure)
        1    0.000    0.000    0.000    0.000 subprocess.py:749(Popen)
        1    0.000    0.000    0.000    0.000 cloudpickle.py:1156(Pickler)
        1    0.000    0.000    0.000    0.000 core.py:3883(And)
        9    0.000    0.000    0.000    0.000 blocks.py:249(external_values)
        1    0.000    0.000    0.000    0.000 bccache.py:103(BytecodeCache)
       22    0.000    0.000    0.000    0.000 getlimits.py:709(max)
       53    0.000    0.000    0.000    0.000 axis.py:790(get_scale)
        1    0.000    0.000    0.000    0.000 cast.py:1955(np_can_cast_scalar)
        1    0.000    0.000    0.000    0.000 _parser.py:568(parser)
        1    0.000    0.000    0.000    0.000 core.py:285(Server)
        1    0.000    0.000    0.000    0.000 widgets.py:2042(MultiCursor)
      166    0.000    0.000    0.000    0.000 markers.py:345(get_path)
       92    0.000    0.000    0.000    0.000 <frozen codecs>:260(__init__)
       34    0.000    0.000    0.000    0.000 locks.py:66(__exit__)
       53    0.000    0.000    0.000    0.000 six.py:182(_add_module)
        1    0.000    0.000    0.000    0.000 patches.py:1073(Polygon)
        1    0.000    0.000    0.000    0.000 _core.py:62(ShuffleRun)
        1    0.000    0.000    0.000    0.000 readers.py:1685(_clean_options)
        1    0.000    0.000    0.000    0.000 pathlib.py:292(PurePath)
        1    0.000    0.000    0.000    0.000 tz.py:1470(__get_gettz)
      105    0.000    0.000    0.000    0.000 _docstring.py:88(do_copy)
        2    0.000    0.000    0.000    0.000 __init__.py:592(__init__)
        5    0.000    0.000    0.000    0.000 backend_agg.py:86(_update_methods)
        1    0.000    0.000    0.000    0.000 _dtype_ctypes.py:1(<module>)
        1    0.000    0.000    0.000    0.000 Image.py:483(Image)
        3    0.000    0.000    0.000    0.000 result.py:12(failfast)
        1    0.000    0.000    0.000    0.000 fnmatch.py:1(<module>)
       81    0.000    0.000    0.000    0.000 __init__.py:14(set_module)
        1    0.000    0.000    0.000    0.000 __init__.py:119(Cycler)
        3    0.000    0.000    0.000    0.000 inspect.py:2292(p)
       26    0.000    0.000    0.000    0.000 figure.py:156(update)
        1    0.000    0.000    0.000    0.000 spill.py:69(SpillBuffer)
        1    0.000    0.000    0.000    0.000 GimpPaletteFile.py:1(<module>)
       87    0.000    0.000    0.000    0.000 nodes.py:36(__init__)
        1    0.000    0.000    0.000    0.000 base_events.py:409(BaseEventLoop)
       24    0.000    0.000    0.000    0.000 _collections.py:23(freeze)
        1    0.000    0.000    0.000    0.000 _add_newdocs_scalars.py:18(numeric_type_aliases)
        1    0.000    0.000    0.000    0.000 common.py:24(NoDefault)
        1    0.000    0.000    0.000    0.000 arrayterator.py:1(<module>)
        1    0.000    0.000    0.000    0.000 _tzpath.py:5(_reset_tzpath)
       10    0.000    0.000    0.000    0.000 <frozen importlib._bootstrap>:1231(_resolve_name)
        1    0.000    0.000    0.000    0.000 batched.py:20(BatchedSend)
        1    0.000    0.000    0.000    0.000 template.py:535(_ChunkList)
        2    0.000    0.000    0.000    0.000 dataset_plot.py:38(_dsplot)
        9    0.000    0.000    0.000    0.000 backend_bases.py:1310(__init__)
      167    0.000    0.000    0.000    0.000 lines.py:896(get_drawstyle)
        1    0.000    0.000    0.000    0.000 _disk.py:97(DiskShardsBuffer)
       96    0.000    0.000    0.000    0.000 __init__.py:811(__init__)
        3    0.000    0.000    0.000    0.000 functoolz.py:866(num_required_args)
        7    0.000    0.000    0.000    0.000 scanner.py:1228(scan_flow_scalar_spaces)
        3    0.000    0.000    0.000    0.000 scanner.py:371(fetch_stream_end)
        1    0.000    0.000    0.000    0.000 template.py:617(_ControlBlock)
       10    0.000    0.000    0.000    0.000 Image.py:835(load)
        1    0.000    0.000    0.000    0.000 phytoplankton.py:1(<module>)
        1    0.000    0.000    0.000    0.000 treenode.py:47(TreeNode)
     21/3    0.000    0.000    0.000    0.000 cftimeindex.py:89(trailing_optional)
       83    0.000    0.000    0.000    0.000 netCDF4_.py:178(_nc4_require_group)
        1    0.000    0.000    0.000    0.000 geo.py:15(GeoAxes)
        1    0.000    0.000    0.000    0.000 __init__.py:850(cpu_affinity)
      109    0.000    0.000    0.000    0.000 {method 'isascii' of 'str' objects}
        1    0.000    0.000    0.000    0.000 ipaddress.py:671(_BaseNetwork)
       34    0.000    0.000    0.000    0.000 locks.py:63(__enter__)
       12    0.000    0.000    0.000    0.000 layout_engine.py:62(__init__)
       10    0.000    0.000    0.000    0.000 base.py:461(__str__)
       17    0.000    0.000    0.000    0.000 axis.py:2741(get_minpos)
        1    0.000    0.000    0.000    0.000 managers.py:317(apply)
        6    0.000    0.000    0.000    0.000 __init__.py:312(_logged_cached)
        2    0.000    0.000    0.000    0.000 metrics.py:23(_psutil_caller)
        1    0.000    0.000    0.000    0.000 _disk.py:21(ReadWriteLock)
       72    0.000    0.000    0.000    0.000 ticker.py:190(set_axis)
      161    0.000    0.000    0.000    0.000 util.py:200(escape_re_range_char)
       87    0.000    0.000    0.000    0.000 {method 'pop' of 'set' objects}
        4    0.000    0.000    0.000    0.000 layout_engine.py:190(set)
        9    0.000    0.000    0.000    0.000 parse.py:825(__getattr__)
        1    0.000    0.000    0.000    0.000 utils.py:1026(Default)
       36    0.000    0.000    0.000    0.000 _string_helpers.py:16(english_lower)
        1    0.000    0.000    0.000    0.000 mock.py:409(NonCallableMock)
        6    0.000    0.000    0.000    0.000 core.py:3301(parseImpl)
        5    0.000    0.000    0.000    0.000 {method 'read' of '_io.StringIO' objects}
       41    0.000    0.000    0.000    0.000 _add_newdocs_scalars.py:83(<genexpr>)
        1    0.000    0.000    0.000    0.000 _tokenizer.py:88(Tokenizer)
        1    0.000    0.000    0.000    0.000 image.py:231(_ImageBase)
       44    0.000    0.000    0.000    0.000 scanner.py:706(check_block_entry)
        1    0.000    0.000    0.000    0.000 functoolz.py:168(curry)
      118    0.000    0.000    0.000    0.000 spines.py:199(get_path)
        1    0.000    0.000    0.000    0.000 laguerre.py:1606(Laguerre)
        1    0.000    0.000    0.000    0.000 scheduler.py:1174(TaskState)
        1    0.000    0.000    0.000    0.000 worker_client.py:1(<module>)
        1    0.000    0.000    0.000    0.000 ipaddress.py:1880(IPv6Address)
        9    0.000    0.000    0.000    0.000 spines.py:548(from_dict)
        1    0.000    0.000    0.000    0.000 localization.py:1(<module>)
       84    0.000    0.000    0.000    0.000 lazy.py:149(lazy)
        6    0.000    0.000    0.000    0.000 rcsetup.py:266(validate_color_or_inherit)
        4    0.000    0.000    0.000    0.000 <frozen importlib._bootstrap>:997(exec_module)
        2    0.000    0.000    0.000    0.000 duck_array_ops.py:143(isnull)
        3    0.000    0.000    0.000    0.000 core.py:706(add_parse_action)
      257    0.000    0.000    0.000    0.000 hmac.py:19(<genexpr>)
        6    0.000    0.000    0.000    0.000 tokenize.py:382(find_cookie)
      145    0.000    0.000    0.000    0.000 core.py:4222(<genexpr>)
        1    0.000    0.000    0.000    0.000 _worker_plugin.py:254(ShuffleWorkerPlugin)
        1    0.000    0.000    0.000    0.000 ssl.py:422(SSLContext)
       10    0.000    0.000    0.000    0.000 ops.py:203(_values_method_wrapper)
        1    0.000    0.000    0.000    0.000 platform.py:983(system)
       30    0.000    0.000    0.000    0.000 _type_aliases.py:203(_add_array_type)
        2    0.000    0.000    0.000    0.000 core.py:3408(_generateDefaultName)
        2    0.000    0.000    0.000    0.000 _strptime.py:152(__calc_timezone)
       13    0.000    0.000    0.000    0.000 _dtype_ctypes.py:71(_from_ctypes_scalar)
        1    0.000    0.000    0.000    0.000 online.py:1(<module>)
       62    0.000    0.000    0.000    0.000 lazy.py:96(lazy)
        1    0.000    0.000    0.000    0.000 PaletteFile.py:1(<module>)
        1    0.000    0.000    0.000    0.000 cftimeindex.py:285(CFTimeIndex)
        1    0.000    0.000    0.000    0.000 mimetypes.py:402(_default_mime_types)
       53    0.000    0.000    0.000    0.000 traceback.py:265(__init__)
        1    0.000    0.000    0.000    0.000 _memory.py:14(MemoryShardsBuffer)
        1    0.000    0.000    0.000    0.000 inspect.py:3244(bind_partial)
        1    0.000    0.000    0.000    0.000 _typed_ops.py:237(DataArrayOpsMixin)
        1    0.000    0.000    0.000    0.000 process.py:71(BaseProcess)
        1    0.000    0.000    0.000    0.000 tarfile.py:846(TarInfo)
        4    0.000    0.000    0.000    0.000 utils.py:1324(iscoroutinefunction)
        1    0.000    0.000    0.000    0.000 pprint.py:106(PrettyPrinter)
        1    0.000    0.000    0.000    0.000 twodim_base.py:158(eye)
       18    0.000    0.000    0.000    0.000 _base.py:2452(_unit_change_handler)
        8    0.000    0.000    0.000    0.000 gridspec.py:637(colspan)
       20    0.000    0.000    0.000    0.000 mixins.py:16(_binary_method)
       15    0.000    0.000    0.000    0.000 dtypes.py:1835(construct_from_string)
        4    0.000    0.000    0.000    0.000 {built-in method _ssl.txt2obj}
        2    0.000    0.000    0.000    0.000 _base.py:1697(set_adjustable)
        1    0.000    0.000    0.000    0.000 sql.py:1602(SQLDatabase)
        1    0.000    0.000    0.000    0.000 netCDF4_.py:469(get_dimensions)
        1    0.000    0.000    0.000    0.000 patches.py:1172(Wedge)
        3    0.000    0.000    0.000    0.000 parser.py:159(parse_document_start)
       15    0.000    0.000    0.000    0.000 dtypes.py:2228(construct_from_string)
        9    0.000    0.000    0.000    0.000 overrides.py:23(set_array_function_like_doc)
        3    0.000    0.000    0.000    0.000 {built-in method _csv.register_dialect}
        1    0.000    0.000    0.000    0.000 dataset_plot.py:653(_update_doc_to_dataset)
       18    0.000    0.000    0.000    0.000 base.py:520(register)
        1    0.000    0.000    0.000    0.000 events.py:211(AbstractEventLoop)
      105    0.000    0.000    0.000    0.000 _docstring.py:86(copy)
        8    0.000    0.000    0.000    0.000 <frozen _collections_abc>:288(__subclasshook__)
       80    0.000    0.000    0.000    0.000 {method 'discard' of 'set' objects}
       64    0.000    0.000    0.000    0.000 typing.py:213(_should_unflatten_callable_args)
        1    0.000    0.000    0.000    0.000 _locale_data.py:1(<module>)
        1    0.000    0.000    0.000    0.000 patches.py:1880(Circle)
        2    0.000    0.000    0.000    0.000 <frozen os>:694(__delitem__)
      257    0.000    0.000    0.000    0.000 hmac.py:20(<genexpr>)
        1    0.000    0.000    0.000    0.000 __init__.py:1126(__init__)
       11    0.000    0.000    0.000    0.000 utils.py:81(from_obj)
       38    0.000    0.000    0.000    0.000 inspect.py:291(ismodule)
        1    0.000    0.000    0.000    0.000 linalg.py:55(SVDResult)
       25    0.000    0.000    0.000    0.000 {method 'count' of 'list' objects}
        1    0.000    0.000    0.000    0.000 _type_aliases.py:123(_add_integer_aliases)
       79    0.000    0.000    0.000    0.000 {method 'removeprefix' of 'str' objects}
        1    0.000    0.000    0.000    0.000 readers.py:1627(_get_options_with_defaults)
        1    0.000    0.000    0.000    0.000 _misc.py:608(_Options)
        5    0.000    0.000    0.000    0.000 {built-in method PIL._imaging.map_buffer}
        1    0.000    0.000    0.000    0.000 sortedlist.py:1691(SortedKeyList)
       18    0.000    0.000    0.000    0.000 __init__.py:334(__len__)
        1    0.000    0.000    0.000    0.000 transforms.py:677(Bbox)
        1    0.000    0.000    0.000    0.000 loaders.py:591(ModuleLoader)
        1    0.000    0.000    0.000    0.000 _optional.py:1(<module>)
        1    0.000    0.000    0.000    0.000 parse.py:452(urlsplit)
        1    0.000    0.000    0.000    0.000 cbook.py:120(CallbackRegistry)
        2    0.000    0.000    0.000    0.000 core.py:2952(_update_from)
        1    0.000    0.000    0.000    0.000 astype.py:1(<module>)
       36    0.000    0.000    0.000    0.000 axis.py:545(locator)
        4    0.000    0.000    0.000    0.000 locale.py:464(_parse_localename)
      104    0.000    0.000    0.000    0.000 functoolz.py:230(func)
        1    0.000    0.000    0.000    0.000 pathlib.py:277(__getitem__)
        1    0.000    0.000    0.000    0.000 pool.py:173(Pool)
       24    0.000    0.000    0.000    0.000 {built-in method _struct.calcsize}
        3    0.000    0.000    0.000    0.000 Image.py:3517(register_extensions)
        1    0.000    0.000    0.000    0.000 core.py:326(condition_as_parse_action)
        1    0.000    0.000    0.000    0.000 core.py:1086(enable_packrat)
        1    0.000    0.000    0.000    0.000 mock.py:1792(_patch_dict)
        9    0.000    0.000    0.000    0.000 blocks.py:2827(external_values)
        1    0.000    0.000    0.000    0.000 __init__.py:659(FastPath)
        1    0.000    0.000    0.000    0.000 tcp.py:530(BaseTCPConnector)
      115    0.000    0.000    0.000    0.000 {method 'isalpha' of 'str' objects}
        2    0.000    0.000    0.000    0.000 rcsetup.py:421(validate_whiskers)
       17    0.000    0.000    0.000    0.000 figure.py:2592(_check_layout_engines_compat)
        1    0.000    0.000    0.000    0.000 linalg.py:39(EigResult)
        1    0.000    0.000    0.000    0.000 file_manager.py:236(__del__)
       36    0.000    0.000    0.000    0.000 axis.py:556(formatter)
        2    0.000    0.000    0.000    0.000 managers.py:2246(_stack_arrays)
       18    0.000    0.000    0.000    0.000 _add_newdocs_scalars.py:19(type_aliases_gen)
       10    0.000    0.000    0.000    0.000 dtypes.py:2171(name)
       90    0.000    0.000    0.000    0.000 events.py:5(__init__)
        1    0.000    0.000    0.000    0.000 hermite_e.py:1650(HermiteE)
        3    0.000    0.000    0.000    0.000 compiler.py:82(_make_unop)
        2    0.000    0.000    0.000    0.000 common.py:1204(is_potential_multi_index)
        1    0.000    0.000    0.000    0.000 patches.py:1488(CirclePolygon)
        2    0.000    0.000    0.000    0.000 config.py:227(<genexpr>)
        1    0.000    0.000    0.000    0.000 facetgrid.py:62(FacetGrid)
        1    0.000    0.000    0.000    0.000 _validators.py:1(<module>)
       59    0.000    0.000    0.000    0.000 dataclasses.py:372(__init__)
       18    0.000    0.000    0.000    0.000 enum.py:816(__iter__)
        1    0.000    0.000    0.000    0.000 common.py:31(ZictBase)
        3    0.000    0.000    0.000    0.000 six.py:96(__get__)
        1    0.000    0.000    0.000    0.000 numbers.py:57(Complex)
        1    0.000    0.000    0.000    0.000 unicode.py:31(unicode_set)
        1    0.000    0.000    0.000    0.000 numpy_.py:48(NumpyExtensionArray)
        2    0.000    0.000    0.000    0.000 offsetbox.py:45(_compat_get_offset)
       44    0.000    0.000    0.000    0.000 unicode.py:17(<genexpr>)
        2    0.000    0.000    0.000    0.000 __init__.py:958(createLock)
       38    0.000    0.000    0.000    0.000 ansi.py:12(code_to_chars)
        3    0.000    0.000    0.000    0.000 typing.py:1778(_allow_reckless_class_checks)
       78    0.000    0.000    0.000    0.000 _internal.py:883(<genexpr>)
        1    0.000    0.000    0.000    0.000 expr.py:338(BaseExprVisitor)
        2    0.000    0.000    0.000    0.000 feedparser.py:137(__init__)
        1    0.000    0.000    0.000    0.000 api.py:142(_validate_dataset_names)
        1    0.000    0.000    0.000    0.000 grouper.py:66(Grouper)
        1    0.000    0.000    0.000    0.000 _pytesttester.py:1(<module>)
        1    0.000    0.000    0.000    0.000 defchararray.py:1922(chararray)
        5    0.000    0.000    0.000    0.000 core.py:5012(_generateDefaultName)
       48    0.000    0.000    0.000    0.000 {method 'issuperset' of 'set' objects}
       50    0.000    0.000    0.000    0.000 {built-in method binascii.b2a_hex}
        1    0.000    0.000    0.000    0.000 _type_aliases.py:74(_add_types)
        1    0.000    0.000    0.000    0.000 common.py:550(infer_compression)
        1    0.000    0.000    0.000    0.000 quiver.py:235(QuiverKey)
       30    0.000    0.000    0.000    0.000 figure.py:86(as_list)
       75    0.000    0.000    0.000    0.000 {method 'upper' of 'str' objects}
        1    0.000    0.000    0.000    0.000 thread.py:126(__init__)
       59    0.000    0.000    0.000    0.000 dataclasses.py:433(<genexpr>)
        1    0.000    0.000    0.000    0.000 font_manager.py:982(FontManager)
        9    0.000    0.000    0.000    0.000 linalg.py:135(_makearray)
        6    0.000    0.000    0.000    0.000 pyplot.py:1023(get_fignums)
       23    0.000    0.000    0.000    0.000 figure.py:227(<genexpr>)
        1    0.000    0.000    0.000    0.000 {method 'disable' of '_lsprof.Profiler' objects}
        1    0.000    0.000    0.000    0.000 web.py:2356(_HandlerDelegate)
       99    0.000    0.000    0.000    0.000 _mathtext.py:597(_map_virtual_font)
       14    0.000    0.000    0.000    0.000 Image.py:3506(register_extension)
        1    0.000    0.000    0.000    0.000 pathlib.py:824(Path)
       78    0.000    0.000    0.000    0.000 typing.py:2786(<genexpr>)
      105    0.000    0.000    0.000    0.000 transforms.py:1003(minpos)
        1    0.000    0.000    0.000    0.000 missing.py:564(_array_equivalent_object)
        1    0.000    0.000    0.000    0.000 merge.py:713(_MergeOperation)
        1    0.000    0.000    0.000    0.000 _mathtext.py:749(StixFonts)
        1    0.000    0.000    0.000    0.000 sorting.py:1(<module>)
        1    0.000    0.000    0.000    0.000 Image.py:3624(_apply_env_variables)
       16    0.000    0.000    0.000    0.000 {built-in method time.strftime}
       51    0.000    0.000    0.000    0.000 {method '__enter__' of '_thread.lock' objects}
        1    0.000    0.000    0.000    0.000 __init__.py:611(DistributionFinder)
        2    0.000    0.000    0.000    0.000 selectors.py:588(_can_use)
        2    0.000    0.000    0.000    0.000 _adapters.py:53(__getitem__)
        1    0.000    0.000    0.000    0.000 dtypes.py:155(CategoricalDtype)
        1    0.000    0.000    0.000    0.000 tz.py:41(tzutc)
        1    0.000    0.000    0.000    0.000 base.py:65(DataManager)
        1    0.000    0.000    0.000    0.000 __init__.py:365(Distribution)
        1    0.000    0.000    0.000    0.000 _parser.py:1373(_result)
        2    0.000    0.000    0.000    0.000 enum.py:1677(global_enum)
       22    0.000    0.000    0.000    0.000 core.py:4924(stopOn)
      100    0.000    0.000    0.000    0.000 fromnumeric.py:3172(_ndim_dispatcher)
       94    0.000    0.000    0.000    0.000 ipaddress.py:574(__int__)
        1    0.000    0.000    0.000    0.000 art3d.py:641(Path3DCollection)
        2    0.000    0.000    0.000    0.000 arrayprint.py:503(decorating_function)
        1    0.000    0.000    0.000    0.000 linalg.py:43(EighResult)
       10    0.000    0.000    0.000    0.000 netCDF4_.py:314(_is_list_of_strings)
        1    0.000    0.000    0.000    0.000 patches.py:936(PathPatch)
        1    0.000    0.000    0.000    0.000 encoding.py:1(<module>)
        8    0.000    0.000    0.000    0.000 <frozen _collections_abc>:388(__subclasshook__)
       17    0.000    0.000    0.000    0.000 core.py:6485(isMaskedArray)
      100    0.000    0.000    0.000    0.000 function_base.py:19(_linspace_dispatcher)
        3    0.000    0.000    0.000    0.000 scanner.py:450(fetch_flow_mapping_end)
        1    0.000    0.000    0.000    0.000 apply.py:1240(FrameColumnApply)
        1    0.000    0.000    0.000    0.000 offsetbox.py:906(AnchoredOffsetbox)
        1    0.000    0.000    0.000    0.000 figure.py:1502(add_gridspec)
       37    0.000    0.000    0.000    0.000 utils.py:2227(is_namedtuple_instance)
        1    0.000    0.000    0.000    0.000 chebyshev.py:1995(Chebyshev)
        2    0.000    0.000    0.000    0.000 _asarray.py:27(require)
        3    0.000    0.000    0.000    0.000 scanner.py:427(fetch_flow_mapping_start)
        1    0.000    0.000    0.000    0.000 web.py:1999(_ApplicationRouter)
        2    0.000    0.000    0.000    0.000 common.py:248(stringify_path)
       10    0.000    0.000    0.000    0.000 dtypes.py:2093(__init__)
        1    0.000    0.000    0.000    0.000 accessor_str.py:143(StringAccessor)
        1    0.000    0.000    0.000    0.000 argparse.py:157(HelpFormatter)
        2    0.000    0.000    0.000    0.000 <frozen os>:688(__setitem__)
        6    0.000    0.000    0.000    0.000 Image.py:3448(register_open)
        1    0.000    0.000    0.000    0.000 platform.py:894(uname)
       37    0.000    0.000    0.000    0.000 axis.py:1755(have_units)
        5    0.000    0.000    0.000    0.000 _mathtext.py:1064(__init__)
        1    0.000    0.000    0.000    0.000 getlimits.py:86(_str_smallest_subnormal)
       30    0.000    0.000    0.000    0.000 enum.py:467(<genexpr>)
        1    0.000    0.000    0.000    0.000 art3d.py:183(Line3D)
       25    0.000    0.000    0.000    0.000 ipaddress.py:431(_ip_int_from_prefix)
        2    0.000    0.000    0.000    0.000 locks.py:263(combine_locks)
       64    0.000    0.000    0.000    0.000 {method 'removesuffix' of 'str' objects}
       25    0.000    0.000    0.000    0.000 {method 'cast' of 'memoryview' objects}
        1    0.000    0.000    0.000    0.000 compatibility.py:1(<module>)
        1    0.000    0.000    0.000    0.000 calendar.py:94(_localized_month)
       37    0.000    0.000    0.000    0.000 {method 'rsplit' of 'str' objects}
        2    0.000    0.000    0.000    0.000 sysconfig.py:110(_getuserbase)
        4    0.000    0.000    0.000    0.000 core.py:4904(_generateDefaultName)
       86    0.000    0.000    0.000    0.000 core.py:4232(<genexpr>)
        4    0.000    0.000    0.000    0.000 cftime_offsets.py:712(_generate_anchored_deprecated_frequencies)
       29    0.000    0.000    0.000    0.000 {method 'popitem' of 'dict' objects}
        1    0.000    0.000    0.000    0.000 numbers.py:319(Integral)
        4    0.000    0.000    0.000    0.000 {built-in method _imp.exec_builtin}
        8    0.000    0.000    0.000    0.000 gridspec.py:631(rowspan)
       30    0.000    0.000    0.000    0.000 dataclasses.py:643(<genexpr>)
        1    0.000    0.000    0.000    0.000 indexing.py:725(_LocationIndexer)
        1    0.000    0.000    0.000    0.000 mathtext.py:37(MathTextParser)
       64    0.000    0.000    0.000    0.000 _decorators.py:437(__init__)
        1    0.000    0.000    0.000    0.000 context.py:30(BaseContext)
        1    0.000    0.000    0.000    0.000 mock.py:1287(_patch)
        1    0.000    0.000    0.000    0.000 representer.py:134(SafeRepresenter)
       64    0.000    0.000    0.000    0.000 common.py:24(unpack_zerodim_and_defer)
        1    0.000    0.000    0.000    0.000 core.py:33(Comm)
       17    0.000    0.000    0.000    0.000 strings.py:105(ensure_fixed_length_bytes)
        1    0.000    0.000    0.000    0.000 accessor_dt.py:305(DatetimeAccessor)
        1    0.000    0.000    0.000    0.000 pydoc.py:585(HTMLDoc)
        1    0.000    0.000    0.000    0.000 core.py:5759(__init__)
        1    0.000    0.000    0.000    0.000 inspect.py:3102(_bind)
        1    0.000    0.000    0.000    0.000 masked_accumulations.py:1(<module>)
        1    0.000    0.000    0.000    0.000 boolean.py:239(BooleanArray)
       34    0.000    0.000    0.000    0.000 invalid.py:44(make_invalid_op)
        1    0.000    0.000    0.000    0.000 parser.py:267(parse_flow_node)
        1    0.000    0.000    0.000    0.000 ipaddress.py:1577(_BaseV6)
        1    0.000    0.000    0.000    0.000 polynomial.py:1077(poly1d)
        1    0.000    0.000    0.000    0.000 collections.py:1909(TriMesh)
       36    0.000    0.000    0.000    0.000 <frozen _collections_abc>:309(__subclasshook__)
      136    0.000    0.000    0.000    0.000 inspect.py:3062(return_annotation)
       10    0.000    0.000    0.000    0.000 Image.py:2915(_check_size)
       78    0.000    0.000    0.000    0.000 fromnumeric.py:2317(_any_dispatcher)
        2    0.000    0.000    0.000    0.000 <frozen os>:779(getenv)
       23    0.000    0.000    0.000    0.000 enum.py:828(__members__)
        1    0.000    0.000    0.000    0.000 spec.py:128(SpecCluster)
        1    0.000    0.000    0.000    0.000 delayed.py:529(Delayed)
        1    0.000    0.000    0.000    0.000 multi.py:208(names_compat)
        1    0.000    0.000    0.000    0.000 _tester.py:1(<module>)
        5    0.000    0.000    0.000    0.000 typing.py:1767(_caller)
       12    0.000    0.000    0.000    0.000 gridspec.py:231(_normalize)
        1    0.000    0.000    0.000    0.000 colorbar.py:195(Colorbar)
        1    0.000    0.000    0.000    0.000 inference.py:1(<module>)
        1    0.000    0.000    0.000    0.000 process.py:70(AsyncProcess)
        8    0.000    0.000    0.000    0.000 gridspec.py:551(__init__)
       52    0.000    0.000    0.000    0.000 enum.py:93(_is_single_bit)
        1    0.000    0.000    0.000    0.000 linalg.py:47(QRResult)
        1    0.000    0.000    0.000    0.000 routing.py:404(ReversibleRuleRouter)
        4    0.000    0.000    0.000    0.000 gridspec.py:435(locally_modified_subplot_params)
       64    0.000    0.000    0.000    0.000 legend.py:1091(get_bbox_to_anchor)
       30    0.000    0.000    0.000    0.000 {method 'join' of 'bytes' objects}
        3    0.000    0.000    0.000    0.000 _mathtext.py:999(_get_font_constant_set)
        1    0.000    0.000    0.000    0.000 masked_reductions.py:1(<module>)
       24    0.000    0.000    0.000    0.000 patches.py:2269(<genexpr>)
        1    0.000    0.000    0.000    0.000 utils.py:1348(_Normalize)
        1    0.000    0.000    0.000    0.000 functoolz.py:473(Compose)
        6    0.000    0.000    0.000    0.000 rcsetup.py:174(_make_type_validator)
        1    0.000    0.000    0.000    0.000 _json.py:818(JsonReader)
        1    0.000    0.000    0.000    0.000 subprocess.py:695(_use_posix_spawn)
        1    0.000    0.000    0.000    0.000 spans.py:74(Span)
        1    0.000    0.000    0.000    0.000 scanner.py:46(Scanner)
        1    0.000    0.000    0.000    0.000 legendre.py:1619(Legendre)
        7    0.000    0.000    0.000    0.000 legend_handler.py:171(__init__)
        1    0.000    0.000    0.000    0.000 _asyncio.py:8(RLock)
        6    0.000    0.000    0.000    0.000 lines.py:971(get_markerfacecolor)
       23    0.000    0.000    0.000    0.000 worker_state_machine.py:585(__init_subclass__)
        1    0.000    0.000    0.000    0.000 groupby.py:401(ResolvedGrouper)
        4    0.000    0.000    0.000    0.000 figure.py:3047(get_size_inches)
        8    0.000    0.000    0.000    0.000 __init__.py:56(__init_subclass__)
        1    0.000    0.000    0.000    0.000 getlimits.py:307(_get_machar)
        1    0.000    0.000    0.000    0.000 events.py:652(BaseDefaultEventLoopPolicy)
        4    0.000    0.000    0.000    0.000 legend_handler.py:214(__init__)
       15    0.000    0.000    0.000    0.000 dtypes.py:342(construct_from_string)
        1    0.000    0.000    0.000    0.000 case.py:45(_Outcome)
        1    0.000    0.000    0.000    0.000 locks.py:15(SerializableLock)
        1    0.000    0.000    0.000    0.000 _common.py:149(_tzinfo)
        1    0.000    0.000    0.000    0.000 {method 'dot' of 'numpy.ndarray' objects}
       29    0.000    0.000    0.000    0.000 transforms.py:1014(minposx)
        1    0.000    0.000    0.000    0.000 datatree.py:104(DatasetView)
        9    0.000    0.000    0.000    0.000 __init__.py:110(get_projection_class)
        4    0.000    0.000    0.000    0.000 reprlib.py:12(decorating_function)
       39    0.000    0.000    0.000    0.000 typing.py:2846(_namedtuple_mro_entries)
        1    0.000    0.000    0.000    0.000 alignment.py:99(Aligner)
        2    0.000    0.000    0.000    0.000 charset.py:206(__init__)
       58    0.000    0.000    0.000    0.000 typing.py:1971(<genexpr>)
        1    0.000    0.000    0.000    0.000 pytables.py:485(HDFStore)
        2    0.000    0.000    0.000    0.000 <frozen importlib._bootstrap_external>:1332(__init__)
        1    0.000    0.000    0.000    0.000 format.py:415(DataFrameFormatter)
       17    0.000    0.000    0.000    0.000 variables.py:510(encode)
      104    0.000    0.000    0.000    0.000 functoolz.py:276(keywords)
        1    0.000    0.000    0.000    0.000 selector_events.py:53(BaseSelectorEventLoop)
        1    0.000    0.000    0.000    0.000 _ranges.py:1(<module>)
       11    0.000    0.000    0.000    0.000 threading.py:124(RLock)
       16    0.000    0.000    0.000    0.000 _type_aliases.py:46(<genexpr>)
        1    0.000    0.000    0.000    0.000 blocks.py:164(maybe_split)
        1    0.000    0.000    0.000    0.000 cookies.py:254(Morsel)
        1    0.000    0.000    0.000    0.000 apply.py:1134(FrameRowApply)
       13    0.000    0.000    0.000    0.000 {built-in method unicodedata.category}
        5    0.000    0.000    0.000    0.000 deprecation.py:350(<genexpr>)
        1    0.000    0.000    0.000    0.000 core.py:116(__diag__)
      134    0.000    0.000    0.000    0.000 six.py:93(__init__)
       32    0.000    0.000    0.000    0.000 typing.py:2867(<genexpr>)
        2    0.000    0.000    0.000    0.000 _strptime.py:95(__calc_am_pm)
        2    0.000    0.000    0.000    0.000 getlimits.py:62(smallest_subnormal)
        1    0.000    0.000    0.000    0.000 linalg.py:51(SlogdetResult)
      104    0.000    0.000    0.000    0.000 functoolz.py:272(args)
        5    0.000    0.000    0.000    0.000 backend_bases.py:3418(draw_if_interactive)
        1    0.000    0.000    0.000    0.000 tarfile.py:1613(TarFile)
       38    0.000    0.000    0.000    0.000 __init__.py:772(__bool__)
        5    0.000    0.000    0.000    0.000 backend_agg.py:421(buffer_rgba)
        2    0.000    0.000    0.000    0.000 message.py:410(__getitem__)
        1    0.000    0.000    0.000    0.000 types.py:275(coroutine)
        1    0.000    0.000    0.000    0.000 object_array.py:35(ObjectStringArrayMixin)
        2    0.000    0.000    0.000    0.000 functoolz.py:876(has_varargs)
        1    0.000    0.000    0.000    0.000 datatree_render.py:69(RenderDataTree)
       21    0.000    0.000    0.000    0.000 enum.py:117(_iter_bits_lsb)
        3    0.000    0.000    0.000    0.000 rcsetup.py:249(validate_backend)
        1    0.000    0.000    0.000    0.000 itertools.py:1(<module>)
        1    0.000    0.000    0.000    0.000 argparse.py:1176(_SubParsersAction)
        9    0.000    0.000    0.000    0.000 _tokenizer.py:108(consume)
        8    0.000    0.000    0.000    0.000 gridspec.py:695(__hash__)
        1    0.000    0.000    0.000    0.000 __init__.py:865(distributions)
       76    0.000    0.000    0.000    0.000 legend.py:729(_get_loc)
        1    0.000    0.000    0.000    0.000 testing.py:126(TestParseResultsAsserts)
        1    0.000    0.000    0.000    0.000 collections.py:1302(RegularPolyCollection)
       14    0.000    0.000    0.000    0.000 managers.py:2177(_grouping_func)
        6    0.000    0.000    0.000    0.000 _policybase.py:94(_append_doc)
        1    0.000    0.000    0.000    0.000 datetimelike_accumulations.py:1(<module>)
        1    0.000    0.000    0.000    0.000 concurrent.py:123(run_on_executor_decorator)
       85    0.000    0.000    0.000    0.000 _compat_pickle.py:167(<genexpr>)
        1    0.000    0.000    0.000    0.000 queues.py:35(Queue)
        1    0.000    0.000    0.000    0.000 sql.py:2642(SQLiteDatabase)
        5    0.000    0.000    0.000    0.000 contextlib.py:548(_push_exit_callback)
       66    0.000    0.000    0.000    0.000 version.py:452(_parse_letter_version)
        9    0.000    0.000    0.000    0.000 __init__.py:183(__new__)
        1    0.000    0.000    0.000    0.000 colors.py:1216(Normalize)
        1    0.000    0.000    0.000    0.000 c_parser_wrapper.py:201(_set_noconvert_columns)
        1    0.000    0.000    0.000    0.000 base.py:181(SelectionMixin)
        1    0.000    0.000    0.000    0.000 dtypes.py:1610(SparseDtype)
        1    0.000    0.000    0.000    0.000 tz.py:132(tzoffset)
        1    0.000    0.000    0.000    0.000 groupby.py:604(TimeResampler)
       25    0.000    0.000    0.000    0.000 constructor.py:159(add_constructor)
        1    0.000    0.000    0.000    0.000 emitter.py:31(Emitter)
       31    0.000    0.000    0.000    0.000 {method 'issuperset' of 'frozenset' objects}
        1    0.000    0.000    0.000    0.000 dataclasses.py:1271(fields)
        4    0.000    0.000    0.000    0.000 <frozen importlib._bootstrap_external>:1349(_get_parent_path)
        1    0.000    0.000    0.000    0.000 dviread.py:831(PsfontsMap)
        9    0.000    0.000    0.000    0.000 indexing.py:2765(check_dict_or_set_indexers)
       10    0.000    0.000    0.000    0.000 getlimits.py:696(min)
        1    0.000    0.000    0.000    0.000 series.py:664(_constructor_from_mgr)
       15    0.000    0.000    0.000    0.000 __init__.py:431(<genexpr>)
       36    0.000    0.000    0.000    0.000 axis.py:706(isDefault_majloc)
        1    0.000    0.000    0.000    0.000 base_parser.py:191(_validate_parse_dates_presence)
        5    0.000    0.000    0.000    0.000 rcsetup.py:212(_validate_pathlike)
        1    0.000    0.000    0.000    0.000 pickling_support.py:1(<module>)
       14    0.000    0.000    0.000    0.000 figure.py:228(<lambda>)
        1    0.000    0.000    0.000    0.000 dataarray_plot.py:715(_plot1d)
        1    0.000    0.000    0.000    0.000 collections.py:34(HeapSet)
        1    0.000    0.000    0.000    0.000 __init__.py:21(__deprecated_private_func)
        1    0.000    0.000    0.000    0.000 axis.py:2584(set_label_position)
       15    0.000    0.000    0.000    0.000 ssl.py:938(_sslcopydoc)
       17    0.000    0.000    0.000    0.000 variables.py:586(encode)
        1    0.000    0.000    0.000    0.000 pickle.py:401(_Pickler)
        9    0.000    0.000    0.000    0.000 functoolz.py:153(__init__)
        1    0.000    0.000    0.000    0.000 _typed_ops.py:769(DatasetGroupByOpsMixin)
        1    0.000    0.000    0.000    0.000 scheduler.py:407(WorkerState)
        8    0.000    0.000    0.000    0.000 rrule.py:77(<genexpr>)
        1    0.000    0.000    0.000    0.000 core.py:2969(Argument)
        1    0.000    0.000    0.000    0.000 tempfile.py:685(SpooledTemporaryFile)
        1    0.000    0.000    0.000    0.000 inproc.py:31(__init__)
        1    0.000    0.000    0.000    0.000 tempfile.py:860(TemporaryDirectory)
        1    0.000    0.000    0.000    0.000 _pslinux.py:2195(cpu_affinity_get)
        1    0.000    0.000    0.000    0.000 hermite.py:1658(Hermite)
        1    0.000    0.000    0.000    0.000 uuid.py:85(UUID)
        9    0.000    0.000    0.000    0.000 figure.py:283(get_children)
        1    0.000    0.000    0.000    0.000 grouper.py:488(Grouping)
        1    0.000    0.000    0.000    0.000 collections.py:1768(EllipseCollection)
        1    0.000    0.000    0.000    0.000 ipaddress.py:1460(IPv4Network)
        2    0.000    0.000    0.000    0.000 specifiers.py:220(__init__)
        1    0.000    0.000    0.000    0.000 _pylab_helpers.py:9(Gcf)
        1    0.000    0.000    0.000    0.000 locks.py:93(_get_threaded_lock)
        2    0.000    0.000    0.000    0.000 __init__.py:450(validate)
        1    0.000    0.000    0.000    0.000 _typing.py:127(_arrayfunction)
        4    0.000    0.000    0.000    0.000 _pylab_helpers.py:90(get_all_fig_managers)
        1    0.000    0.000    0.000    0.000 cbook.py:35(_get_running_interactive_framework)
        1    0.000    0.000    0.000    0.000 numbers.py:172(Real)
        3    0.000    0.000    0.000    0.000 legend_handler.py:433(__init__)
        8    0.000    0.000    0.000    0.000 _weakrefset.py:85(add)
        2    0.000    0.000    0.000    0.000 expr.py:127(_compose)
       46    0.000    0.000    0.000    0.000 netCDF4_.py:291(<genexpr>)
        1    0.000    0.000    0.000    0.000 _factories.py:26(__init__)
       17    0.000    0.000    0.000    0.000 conventions.py:86(ensure_not_multiindex)
       17    0.000    0.000    0.000    0.000 conventions.py:111(ensure_dtype_not_object)
        2    0.000    0.000    0.000    0.000 _adapters.py:41(__new__)
        7    0.000    0.000    0.000    0.000 core.py:2544(_arraymethod)
       12    0.000    0.000    0.000    0.000 functoolz.py:888(<genexpr>)
        1    0.000    0.000    0.000    0.000 _elffile.py:39(ELFFile)
        5    0.000    0.000    0.000    0.000 __init__.py:634(__init__)
        3    0.000    0.000    0.000    0.000 <frozen _collections_abc>:469(__new__)
        1    0.000    0.000    0.000    0.000 art3d.py:76(Text3D)
        1    0.000    0.000    0.000    0.000 futures.py:30(Future)
        1    0.000    0.000    0.000    0.000 collections.py:2126(QuadMesh)
        2    0.000    0.000    0.000    0.000 feedparser.py:195(_new_message)
        2    0.000    0.000    0.000    0.000 _tokenizer.py:134(expect)
        2    0.000    0.000    0.000    0.000 <frozen importlib._bootstrap_external>:1367(__iter__)
        1    0.000    0.000    0.000    0.000 highlevelgraph.py:341(HighLevelGraph)
        1    0.000    0.000    0.000    0.000 managers.py:903(BlockManager)
        1    0.000    0.000    0.000    0.000 rcsetup.py:256(_validate_toolbar)
        1    0.000    0.000    0.000    0.000 python_parser.py:71(PythonParser)
        1    0.000    0.000    0.000    0.000 win32.py:1(<module>)
        1    0.000    0.000    0.000    0.000 _common.py:21(package_to_anchor)
        1    0.000    0.000    0.000    0.000 idtracking.py:174(RootVisitor)
        1    0.000    0.000    0.000    0.000 random.py:110(Random)
       11    0.000    0.000    0.000    0.000 __init__.py:53(__get__)
       33    0.000    0.000    0.000    0.000 {method 'index' of 'list' objects}
        1    0.000    0.000    0.000    0.000 replace.py:1(<module>)
        1    0.000    0.000    0.000    0.000 base.py:264(_maybe_return_indexers)
        1    0.000    0.000    0.000    0.000 client.py:817(HTTPConnection)
        1    0.000    0.000    0.000    0.000 pytables.py:2359(DataCol)
        1    0.000    0.000    0.000    0.000 types.py:164(FuncParamType)
        1    0.000    0.000    0.000    0.000 core.py:5200(SkipTo)
       17    0.000    0.000    0.000    0.000 inspect.py:2824(__hash__)
        1    0.000    0.000    0.000    0.000 pytables.py:2674(Fixed)
       51    0.000    0.000    0.000    0.000 strings.py:33(check_vlen_dtype)
        2    0.000    0.000    0.000    0.000 __init__.py:892(_addHandlerRef)
        1    0.000    0.000    0.000    0.000 align.py:68(_filter_special_cases)
        1    0.000    0.000    0.000    0.000 httpserver.py:260(_CallableAdapter)
        2    0.000    0.000    0.000    0.000 parser.py:190(parse_document_end)
        8    0.000    0.000    0.000    0.000 relativedelta.py:13(<genexpr>)
        1    0.000    0.000    0.000    0.000 queue.py:28(Queue)
        1    0.000    0.000    0.000    0.000 process.py:399(__init__)
       54    0.000    0.000    0.000    0.000 utils.py:821(__init__)
        2    0.000    0.000    0.000    0.000 {built-in method posix.unsetenv}
       57    0.000    0.000    0.000    0.000 __init__.py:265(<genexpr>)
        1    0.000    0.000    0.000    0.000 indexes.py:34(Index)
       57    0.000    0.000    0.000    0.000 axis.py:2239(get_label_position)
       19    0.000    0.000    0.000    0.000 datetimes.py:124(_field_accessor)
       14    0.000    0.000    0.000    0.000 contextlib.py:481(__init__)
        8    0.000    0.000    0.000    0.000 mock.py:329(_delegating_property)
        1    0.000    0.000    0.000    0.000 array_manager.py:101(BaseArrayManager)
        1    0.000    0.000    0.000    0.000 api.py:23(FFI)
        4    0.000    0.000    0.000    0.000 __init__.py:1452(_fixupChildren)
        1    0.000    0.000    0.000    0.000 accessor.py:19(DirNamesMixin)
       14    0.000    0.000    0.000    0.000 mixins.py:26(_reflected_binary_method)
        1    0.000    0.000    0.000    0.000 _triinterpolate.py:286(CubicTriInterpolator)
       51    0.000    0.000    0.000    0.000 text.py:579(_update_clip_properties)
        1    0.000    0.000    0.000    0.000 util.py:259(__new__)
        1    0.000    0.000    0.000    0.000 _openpyxl.py:40(OpenpyxlWriter)
        4    0.000    0.000    0.000    0.000 {method 'write' of '_io.StringIO' objects}
        1    0.000    0.000    0.000    0.000 __init__.py:1878(LoggerAdapter)
        1    0.000    0.000    0.000    0.000 sql.py:2089(ADBCDatabase)
        4    0.000    0.000    0.000    0.000 rcsetup.py:221(validate_fonttype)
        5    0.000    0.000    0.000    0.000 {method 'setimage' of 'ImagingEncoder' objects}
        2    0.000    0.000    0.000    0.000 types.py:97(prepare_class)
        1    0.000    0.000    0.000    0.000 managers.py:1825(SingleBlockManager)
        1    0.000    0.000    0.000    0.000 metrics.py:337(DelayedMetricsLedger)
       56    0.000    0.000    0.000    0.000 utils.py:731(register_lazy)
        1    0.000    0.000    0.000    0.000 putmask.py:1(<module>)
        2    0.000    0.000    0.000    0.000 __init__.py:262(_register_at_fork_reinit_lock)
        1    0.000    0.000    0.000    0.000 core.py:4727(__init__)
        4    0.000    0.000    0.000    0.000 locale.py:381(normalize)
        1    0.000    0.000    0.000    0.000 indexing.py:42(IndexSelResult)
        1    0.000    0.000    0.000    0.000 bccache.py:46(Bucket)
        1    0.000    0.000    0.000    0.000 widgets.py:3210(RectangleSelector)
       73    0.000    0.000    0.000    0.000 cbook.py:97(__init__)
       19    0.000    0.000    0.000    0.000 representer.py:65(add_representer)
        1    0.000    0.000    0.000    0.000 __init__.py:389(__getattr__)
        7    0.000    0.000    0.000    0.000 _mathtext.py:1517(shrink)
        1    0.000    0.000    0.000    0.000 pyplot.py:1062(close)
       20    0.000    0.000    0.000    0.000 inspect.py:3082(<genexpr>)
        1    0.000    0.000    0.000    0.000 _mathtext.py:434(BakomaFonts)
        2    0.000    0.000    0.000    0.000 ssl.py:670(verify_mode)
        1    0.000    0.000    0.000    0.000 base.py:5425(_getitem_slice)
        2    0.000    0.000    0.000    0.000 decoder.py:284(__init__)
        1    0.000    0.000    0.000    0.000 dicttoolz.py:1(<module>)
        4    0.000    0.000    0.000    0.000 gridspec.py:674(get_topmost_subplotspec)
        8    0.000    0.000    0.000    0.000 legend.py:822(get_legend_handler_map)
        1    0.000    0.000    0.000    0.000 common.py:147(AbstractArray)
        1    0.000    0.000    0.000    0.000 base_parser.py:362(_make_index)
        5    0.000    0.000    0.000    0.000 __init__.py:1702(addHandler)
        1    0.000    0.000    0.000    0.000 defmatrix.py:73(matrix)
        1    0.000    0.000    0.000    0.000 _base.py:325(Future)
        1    0.000    0.000    0.000    0.000 _typed_ops.py:895(DataArrayGroupByOpsMixin)
       12    0.000    0.000    0.000    0.000 _mathtext.py:230(__init__)
        1    0.000    0.000    0.000    0.000 polar.py:804(PolarAxes)
        1    0.000    0.000    0.000    0.000 collections.py:961(_CollectionWithSizes)
        1    0.000    0.000    0.000    0.000 base.py:43(ExtensionDtype)
       25    0.000    0.000    0.000    0.000 transforms.py:1025(minposy)
       46    0.000    0.000    0.000    0.000 gridspec.py:74(get_geometry)
        1    0.000    0.000    0.000    0.000 {built-in method psutil._psutil_linux.proc_cpu_affinity_get}
        1    0.000    0.000    0.000    0.000 filecmp.py:88(dircmp)
        1    0.000    0.000    0.000    0.000 _internal.py:240(_missing_ctypes)
       61    0.000    0.000    0.000    0.000 _base.py:794(get_window_extent)
        1    0.000    0.000    0.000    0.000 _compat.py:454(_AtomicFile)
        5    0.000    0.000    0.000    0.000 feedparser.py:121(pushlines)
        1    0.000    0.000    0.000    0.000 selectors.py:206(_BaseSelectorImpl)
       31    0.000    0.000    0.000    0.000 {built-in method _stat.S_ISREG}
        3    0.000    0.000    0.000    0.000 common.py:188(_expand_user)
       16    0.000    0.000    0.000    0.000 {method 'swapaxes' of 'numpy.ndarray' objects}
        1    0.000    0.000    0.000    0.000 _odswriter.py:31(ODSWriter)
       10    0.000    0.000    0.000    0.000 axis.py:2259(_make_getset_interval)
        5    0.000    0.000    0.000    0.000 core.py:5969(token_map)
        2    0.000    0.000    0.000    0.000 {built-in method time.tzset}
       13    0.000    0.000    0.000    0.000 mixins.py:36(_inplace_binary_method)
        1    0.000    0.000    0.000    0.000 ssl.py:783(SSLObject)
       34    0.000    0.000    0.000    0.000 utils.py:206(<genexpr>)
        1    0.000    0.000    0.000    0.000 utils.py:1291(SerializableLock)
       50    0.000    0.000    0.000    0.000 results.py:455(<lambda>)
        1    0.000    0.000    0.000    0.000 _secondary_axes.py:11(SecondaryAxis)
        1    0.000    0.000    0.000    0.000 iostream.py:1319(SSLIOStream)
        1    0.000    0.000    0.000    0.000 utils.py:194(KeepOpenFile)
        1    0.000    0.000    0.000    0.000 sslproto.py:263(SSLProtocol)
        1    0.000    0.000    0.000    0.000 utils.py:496(LoopRunner)
        1    0.000    0.000    0.000    0.000 font_manager.py:532(FontProperties)
        9    0.000    0.000    0.000    0.000 _base.py:3410(set_axis_on)
        1    0.000    0.000    0.000    0.000 parse.py:152(_NetlocResultMixinBase)
        1    0.000    0.000    0.000    0.000 indexes.py:912(PandasMultiIndex)
       70    0.000    0.000    0.000    0.000 numeric.py:337(_full_like_dispatcher)
        1    0.000    0.000    0.000    0.000 axis.py:2289(XAxis)
        3    0.000    0.000    0.000    0.000 <frozen os>:1087(__subclasshook__)
        1    0.000    0.000    0.000    0.000 socket.py:215(socket)
        1    0.000    0.000    0.000    0.000 rcsetup.py:286(_validate_color_or_linecolor)
       74    0.000    0.000    0.000    0.000 multiarray.py:85(empty_like)
        1    0.000    0.000    0.000    0.000 ImageChops.py:1(<module>)
        1    0.000    0.000    0.000    0.000 pytables.py:2846(GenericFixed)
        3    0.000    0.000    0.000    0.000 _compat.py:578(_make_cached_stream_func)
        1    0.000    0.000    0.000    0.000 widgets.py:2177(_SelectorWidget)
        9    0.000    0.000    0.000    0.000 cbook.py:2056(__init__)
        1    0.000    0.000    0.000    0.000 _type_aliases.py:151(_set_up_aliases)
        1    0.000    0.000    0.000    0.000 _common.py:653(outer)
        2    0.000    0.000    0.000    0.000 core.py:3490(_generateDefaultName)
        1    0.000    0.000    0.000    0.000 stata.py:2250(StataWriter)
        1    0.000    0.000    0.000    0.000 dataframe_protocol.py:174(Column)
        1    0.000    0.000    0.000    0.000 _tzpath.py:36(_parse_python_tzpath)
        1    0.000    0.000    0.000    0.000 idna.py:308(getregentry)
       22    0.000    0.000    0.000    0.000 _collections.py:24(<lambda>)
        1    0.000    0.000    0.000    0.000 tz.py:482(_set_tzdata)
       56    0.000    0.000    0.000    0.000 utils.py:737(wrapper)
        3    0.000    0.000    0.000    0.000 __init__.py:245(method)
       70    0.000    0.000    0.000    0.000 transforms.py:1805(transform_path_non_affine)
       17    0.000    0.000    0.000    0.000 __init__.py:1323(append)
        8    0.000    0.000    0.000    0.000 _tight_layout.py:238(<genexpr>)
        1    0.000    0.000    0.000    0.000 parallelcompat.py:174(ChunkManagerEntrypoint)
        1    0.000    0.000    0.000    0.000 index_tricks.py:310(AxisConcatenator)
        1    0.000    0.000    0.000    0.000 connection.py:115(_ConnectionBase)
       56    0.000    0.000    0.000    0.000 accessors.py:169(<lambda>)
        1    0.000    0.000    0.000    0.000 frequencies.py:159(_FrequencyInferer)
        1    0.000    0.000    0.000    0.000 offsets.py:1(<module>)
       24    0.000    0.000    0.000    0.000 backend_bases.py:1740(<lambda>)
       43    0.000    0.000    0.000    0.000 _compat_pickle.py:165(<genexpr>)
        1    0.000    0.000    0.000    0.000 numeric.py:43(NumericDtype)
        6    0.000    0.000    0.000    0.000 results.py:505(as_list)
        7    0.000    0.000    0.000    0.000 __init__.py:668(__new__)
        1    0.000    0.000    0.000    0.000 ast.py:78(_convert_signed_num)
        1    0.000    0.000    0.000    0.000 _aggregations.py:6711(DataArrayResampleAggregations)
        1    0.000    0.000    0.000    0.000 info.py:841(_TableBuilderVerboseMixin)
       14    0.000    0.000    0.000    0.000 {built-in method sys.exc_info}
       77    0.000    0.000    0.000    0.000 traceback.py:309(__len__)
        1    0.000    0.000    0.000    0.000 apply.py:118(Apply)
       51    0.000    0.000    0.000    0.000 util.py:36(doc)
        1    0.000    0.000    0.000    0.000 _common.py:403(usage_percent)
        1    0.000    0.000    0.000    0.000 httpserver.py:376(_ProxyAdapter)
        1    0.000    0.000    0.000    0.000 utils.py:1841(Deadline)
        1    0.000    0.000    0.000    0.000 dviread.py:1033(_LuatexKpsewhich)
        4    0.000    0.000    0.000    0.000 figure.py:105(current)
        1    0.000    0.000    0.000    0.000 _utils.py:1(<module>)
        1    0.000    0.000    0.000    0.000 _print_versions.py:1(<module>)
        1    0.000    0.000    0.000    0.000 gzip.py:139(GzipFile)
        1    0.000    0.000    0.000    0.000 worker_state_machine.py:737(ComputeTaskEvent)
       26    0.000    0.000    0.000    0.000 lexer.py:146(<lambda>)
        1    0.000    0.000    0.000    0.000 lru_cache.py:67(__setitem__)
        1    0.000    0.000    0.000    0.000 ipaddress.py:2098(IPv6Interface)
        1    0.000    0.000    0.000    0.000 enum.py:1612(unique)
        1    0.000    0.000    0.000    0.000 util.py:102(__init__)
        1    0.000    0.000    0.000    0.000 file_manager.py:158(_make_key)
        1    0.000    0.000    0.000    0.000 integer.py:16(IntegerDtype)
        1    0.000    0.000    0.000    0.000 blocks.py:2003(EABackedBlock)
        1    0.000    0.000    0.000    0.000 transforms.py:1077(TransformedBbox)
        1    0.000    0.000    0.000    0.000 pytables.py:2034(IndexCol)
       20    0.000    0.000    0.000    0.000 enum.py:1692(_simple_enum)
        1    0.000    0.000    0.000    0.000 JpegPresets.py:1(<module>)
        1    0.000    0.000    0.000    0.000 common.py:1233(dedup_names)
        1    0.000    0.000    0.000    0.000 pydoc.py:1220(TextDoc)
        1    0.000    0.000    0.000    0.000 file_manager.py:339(DummyFileManager)
        1    0.000    0.000    0.000    0.000 _base.py:927(ExcelWriter)
       11    0.000    0.000    0.000    0.000 {method 'difference' of 'set' objects}
       34    0.000    0.000    0.000    0.000 stride_tricks.py:20(__init__)
        3    0.000    0.000    0.000    0.000 {built-in method posix.uname}
       17    0.000    0.000    0.000    0.000 {built-in method math.copysign}
        1    0.000    0.000    0.000    0.000 rolling.py:120(BaseWindow)
        1    0.000    0.000    0.000    0.000 tasks.py:83(Task)
        1    0.000    0.000    0.000    0.000 core.py:1427(ConnectionPool)
        2    0.000    0.000    0.000    0.000 feedparser.py:69(close)
        1    0.000    0.000    0.000    0.000 base.py:501(Registry)
        1    0.000    0.000    0.000    0.000 locks.py:53(Condition)
        1    0.000    0.000    0.000    0.000 readers.py:56(MultiplexedPath)
        1    0.000    0.000    0.000    0.000 sysconfig.py:461(_get_sysconfigdata_name)
        2    0.000    0.000    0.000    0.000 typing.py:3083(__init__)
        4    0.000    0.000    0.000    0.000 <frozen importlib._bootstrap>:501(_requires_builtin_wrapper)
        1    0.000    0.000    0.000    0.000 indexes.py:569(PandasIndex)
        1    0.000    0.000    0.000    0.000 selectn.py:43(SelectN)
        8    0.000    0.000    0.000    0.000 <frozen _collections_abc>:407(__subclasshook__)
        1    0.000    0.000    0.000    0.000 locks.py:487(Lock)
        1    0.000    0.000    0.000    0.000 _text.py:7(FoldedCase)
        1    0.000    0.000    0.000    0.000 ops.py:75(Term)
       36    0.000    0.000    0.000    0.000 axis.py:535(__init__)
        5    0.000    0.000    0.000    0.000 {built-in method builtins.print}
        1    0.000    0.000    0.000    0.000 _aggregations.py:22(DatasetAggregations)
        1    0.000    0.000    0.000    0.000 ext.py:19(Timestamp)
        9    0.000    0.000    0.000    0.000 figure.py:100(add)
       13    0.000    0.000    0.000    0.000 _internal.py:920(npy_ctypes_check)
        1    0.000    0.000    0.000    0.000 sslproto.py:82(_SSLProtocolTransport)
        9    0.000    0.000    0.000    0.000 figure.py:3232(<lambda>)
        1    0.000    0.000    0.000    0.000 dtypes.py:107(PandasExtensionDtype)
        1    0.000    0.000    0.000    0.000 _factories.py:56(__init__)
        6    0.000    0.000    0.000    0.000 _exceptions.py:17(_display_as_base)
        5    0.000    0.000    0.000    0.000 _pylab_helpers.py:118(set_active)
        1    0.000    0.000    0.000    0.000 difflib.py:44(SequenceMatcher)
        1    0.000    0.000    0.000    0.000 array_manager.py:599(ArrayManager)
        6    0.000    0.000    0.000    0.000 dataset.py:456(__getitem__)
        1    0.000    0.000    0.000    0.000 _aggregations.py:2316(DatasetGroupByAggregations)
       53    0.000    0.000    0.000    0.000 gridspec.py:617(get_gridspec)
        6    0.000    0.000    0.000    0.000 six.py:131(__init__)
        2    0.000    0.000    0.000    0.000 model.py:264(__init__)
       25    0.000    0.000    0.000    0.000 ipaddress.py:415(_check_int_address)
        3    0.000    0.000    0.000    0.000 uuid.py:280(__str__)
        1    0.000    0.000    0.000    0.000 watercolumn_lib.py:98(SavedProfiles)
        1    0.000    0.000    0.000    0.000 gridspec.py:531(SubplotSpec)
        1    0.000    0.000    0.000    0.000 constructor.py:19(BaseConstructor)
        1    0.000    0.000    0.000    0.000 datetimelike.py:1737(DatelikeOps)
       77    0.000    0.000    0.000    0.000 signal.py:16(<lambda>)
        4    0.000    0.000    0.000    0.000 _tight_layout.py:76(<genexpr>)
       32    0.000    0.000    0.000    0.000 layout_engine.py:72(colorbar_gridspec)
        1    0.000    0.000    0.000    0.000 functools.py:861(<lambda>)
        1    0.000    0.000    0.000    0.000 __init__.py:6(HTTPStatus)
       22    0.000    0.000    0.000    0.000 core.py:5706(postParse)
        1    0.000    0.000    0.000    0.000 actor.py:22(Actor)
        6    0.000    0.000    0.000    0.000 deprecation.py:239(__init__)
       92    0.000    0.000    0.000    0.000 accessor.py:141(<lambda>)
        1    0.000    0.000    0.000    0.000 core.py:215(Listener)
        1    0.000    0.000    0.000    0.000 base_parser.py:871(_do_date_conversions)
        1    0.000    0.000    0.000    0.000 common.py:383(DataWithCoords)
        2    0.000    0.000    0.000    0.000 sysconfig.py:316(get_default_scheme)
        1    0.000    0.000    0.000    0.000 __init__.py:776(MetadataPathFinder)
        1    0.000    0.000    0.000    0.000 legend_handler.py:633(__init__)
        1    0.000    0.000    0.000    0.000 mock.py:2212(AsyncMockMixin)
        1    0.000    0.000    0.000    0.000 handlers.py:734(SysLogHandler)
        1    0.000    0.000    0.000    0.000 client.py:252(HTTPResponse)
        1    0.000    0.000    0.000    0.000 groupby.py:380(EncodedGroups)
       10    0.000    0.000    0.000    0.000 cftimeindex.py:194(_field_accessor)
        5    0.000    0.000    0.000    0.000 core.py:3269(<genexpr>)
        1    0.000    0.000    0.000    0.000 array_manager.py:1068(SingleArrayManager)
        1    0.000    0.000    0.000    0.000 __init__.py:43(normalize_encoding)
        1    0.000    0.000    0.000    0.000 idtracking.py:232(FrameSymbolVisitor)
        9    0.000    0.000    0.000    0.000 linalg.py:153(_realType)
        1    0.000    0.000    0.000    0.000 colors.py:62(__init__)
        3    0.000    0.000    0.000    0.000 ops.py:212(_method_wrapper)
        1    0.000    0.000    0.000    0.000 threading.py:457(__init__)
        1    0.000    0.000    0.000    0.000 ImageMath.py:27(_Operand)
       53    0.000    0.000    0.000    0.000 scale.py:78(limit_range_for_scale)
        1    0.000    0.000    0.000    0.000 cm.py:390(ScalarMappable)
       70    0.000    0.000    0.000    0.000 transforms.py:1791(transform_non_affine)
        1    0.000    0.000    0.000    0.000 util.py:221(Configurable)
       10    0.000    0.000    0.000    0.000 _text.py:90(lower)
        1    0.000    0.000    0.000    0.000 ipaddress.py:1393(IPv4Interface)
        1    0.000    0.000    0.000    0.000 _core.py:432(ShuffleSpec)
        1    0.000    0.000    0.000    0.000 queues.py:21(Queue)
        1    0.000    0.000    0.000    0.000 loader.py:63(TestLoader)
        1    0.000    0.000    0.000    0.000 backend_managers.py:32(ToolManager)
        1    0.000    0.000    0.000    0.000 _deprecate.py:1(<module>)
        1    0.000    0.000    0.000    0.000 _binary.py:1(<module>)
        1    0.000    0.000    0.000    0.000 _limiter.py:11(ResourceLimiter)
        1    0.000    0.000    0.000    0.000 _afm.py:358(AFM)
        1    0.000    0.000    0.000    0.000 parser.py:72(Parser)
       23    0.000    0.000    0.000    0.000 config.py:849(inner)
       18    0.000    0.000    0.000    0.000 linalg.py:140(isComplexType)
        1    0.000    0.000    0.000    0.000 _common.py:80(_)
       16    0.000    0.000    0.000    0.000 take.py:352(_view_wrapper)
        5    0.000    0.000    0.000    0.000 PngImagePlugin.py:271(add)
        1    0.000    0.000    0.000    0.000 spss.py:1(<module>)
        1    0.000    0.000    0.000    0.000 functoolz.py:740(excepts)
        1    0.000    0.000    0.000    0.000 _layoutgrid.py:31(LayoutGrid)
        3    0.000    0.000    0.000    0.000 {method 'get_sfnt_table' of 'matplotlib.ft2font.FT2Font' objects}
       25    0.000    0.000    0.000    0.000 deprecation_helpers.py:49(_deprecate_positional_args)
        1    0.000    0.000    0.000    0.000 indexes.py:1398(Indexes)
        1    0.000    0.000    0.000    0.000 http1connection.py:711(_GzipMessageDelegate)
        1    0.000    0.000    0.000    0.000 __init__.py:175(Path)
        1    0.000    0.000    0.000    0.000 ipaddress.py:1135(_BaseV4)
        2    0.000    0.000    0.000    0.000 <frozen importlib._bootstrap_external>:1353(_recalculate)
        1    0.000    0.000    0.000    0.000 httpserver.py:298(_HTTPRequestContext)
        1    0.000    0.000    0.000    0.000 base.py:82(shape)
       12    0.000    0.000    0.000    0.000 legend_handler.py:62(__init__)
        1    0.000    0.000    0.000    0.000 trsock.py:4(TransportSocket)
        1    0.000    0.000    0.000    0.000 _typing.py:122(SequenceNotStr)
        1    0.000    0.000    0.000    0.000 _tight_layout.py:1(<module>)
        1    0.000    0.000    0.000    0.000 transforms.py:1884(Affine2D)
        1    0.000    0.000    0.000    0.000 relativedelta.py:18(relativedelta)
       13    0.000    0.000    0.000    0.000 delayed.py:515(right)
        1    0.000    0.000    0.000    0.000 tz.py:381(__init__)
        1    0.000    0.000    0.000    0.000 _mathtext.py:1390(Rule)
        1    0.000    0.000    0.000    0.000 mimetypes.py:64(MimeTypes)
        1    0.000    0.000    0.000    0.000 dtypes.py:1433(NumpyEADtype)
        1    0.000    0.000    0.000    0.000 random.py:889(getrandbits)
        1    0.000    0.000    0.000    0.000 sample.py:1(<module>)
       16    0.000    0.000    0.000    0.000 __init__.py:1317(__init__)
       14    0.000    0.000    0.000    0.000 patches.py:772(rotation_point)
        4    0.000    0.000    0.000    0.000 utils.py:51(_has_surrogates)
        1    0.000    0.000    0.000    0.000 calendar.py:189(Calendar)
        1    0.000    0.000    0.000    0.000 colors.py:665(Colormap)
       26    0.000    0.000    0.000    0.000 {method 'index' of 'str' objects}
       17    0.000    0.000    0.000    0.000 variables.py:676(encode)
        1    0.000    0.000    0.000    0.000 netutil.py:539(OverrideResolver)
       56    0.000    0.000    0.000    0.000 pathlib.py:176(_select_from)
        8    0.000    0.000    0.000    0.000 functoolz.py:871(<genexpr>)
        5    0.000    0.000    0.000    0.000 _pylab_helpers.py:33(get_fig_manager)
        1    0.000    0.000    0.000    0.000 BmpImagePlugin.py:62(BmpImageFile)
        1    0.000    0.000    0.000    0.000 stata.py:3204(StataWriter117)
        8    0.000    0.000    0.000    0.000 _build_tlz.py:51(create_module)
        1    0.000    0.000    0.000    0.000 tzfile.py:1(<module>)
       15    0.000    0.000    0.000    0.000 Image.py:499(__init__)
        1    0.000    0.000    0.000    0.000 bz2.py:26(BZ2File)
       17    0.000    0.000    0.000    0.000 results.py:261(__len__)
        1    0.000    0.000    0.000    0.000 backend_tools.py:73(ToolBase)
        1    0.000    0.000    0.000    0.000 csv.py:83(DictReader)
        1    0.000    0.000    0.000    0.000 requirements.py:20(Requirement)
        1    0.000    0.000    0.000    0.000 web.py:3383(TemplateModule)
        1    0.000    0.000    0.000    0.000 PngImagePlugin.py:700(PngImageFile)
        1    0.000    0.000    0.000    0.000 ast.py:74(_convert_num)
       44    0.000    0.000    0.000    0.000 scanner.py:690(check_document_start)
        1    0.000    0.000    0.000    0.000 utils.py:446(FrozenMappingWarningOnValuesAccess)
        1    0.000    0.000    0.000    0.000 resample.py:1626(_GroupByMixin)
        4    0.000    0.000    0.000    0.000 config.py:835(is_type_factory)
        1    0.000    0.000    0.000    0.000 common.py:14(TreeAttrAccessMixin)
        6    0.000    0.000    0.000    0.000 utils.py:1623(<genexpr>)
        1    0.000    0.000    0.000    0.000 abc.py:16(ResourceReader)
       11    0.000    0.000    0.000    0.000 _mathtext.py:2427(is_dropsub)
        1    0.000    0.000    0.000    0.000 typing.py:105(DaskCollection)
        1    0.000    0.000    0.000    0.000 backend_bases.py:1090(TimerBase)
        1    0.000    0.000    0.000    0.000 transforms.py:1153(LockableBbox)
        1    0.000    0.000    0.000    0.000 websocket.py:704(_PerMessageDeflateCompressor)
        3    0.000    0.000    0.000    0.000 __init__.py:1938(__del__)
        3    0.000    0.000    0.000    0.000 mock.py:305(__getattr__)
       74    0.000    0.000    0.000    0.000 util.py:203(no_escape_re_range_char)
        1    0.000    0.000    0.000    0.000 message.py:977(MIMEPart)
       23    0.000    0.000    0.000    0.000 overrides.py:173(array_function_from_dispatcher)
        1    0.000    0.000    0.000    0.000 _common.py:267(tzrangebase)
        1    0.000    0.000    0.000    0.000 _tripcolor.py:1(<module>)
        1    0.000    0.000    0.000    0.000 core.py:3627(__init__)
        1    0.000    0.000    0.000    0.000 base_parser.py:350(_maybe_make_multi_index_columns)
       10    0.000    0.000    0.000    0.000 {method 'pixel_access' of 'ImagingCore' objects}
        9    0.000    0.000    0.000    0.000 enum.py:1267(__hash__)
        1    0.000    0.000    0.000    0.000 security.py:57(Security)
       78    0.000    0.000    0.000    0.000 signal.py:21(<lambda>)
        1    0.000    0.000    0.000    0.000 print_versions.py:1(<module>)
        1    0.000    0.000    0.000    0.000 weakref.py:568(__init__)
       39    0.000    0.000    0.000    0.000 figure.py:2678(get_layout_engine)
        1    0.000    0.000    0.000    0.000 core.py:2447(Keyword)
        5    0.000    0.000    0.000    0.000 _policybase.py:104(<genexpr>)
       41    0.000    0.000    0.000    0.000 gridspec.py:609(num2)
       12    0.000    0.000    0.000    0.000 layout_engine.py:82(adjust_compatible)
        9    0.000    0.000    0.000    0.000 linalg.py:209(_assert_stacked_square)
       36    0.000    0.000    0.000    0.000 axis.py:714(isDefault_majfmt)
        1    0.000    0.000    0.000    0.000 coroutines.py:1(<module>)
        1    0.000    0.000    0.000    0.000 http1connection.py:47(_ExceptionLoggingContext)
        1    0.000    0.000    0.000    0.000 _base.py:543(BaseExcelReader)
       18    0.000    0.000    0.000    0.000 ticker.py:452(set_useOffset)
       34    0.000    0.000    0.000    0.000 axis.py:851(_get_autoscale_on)
        1    0.000    0.000    0.000    0.000 utils.py:1226(DequeHandler)
        1    0.000    0.000    0.000    0.000 figure.py:2149(SubFigure)
        1    0.000    0.000    0.000    0.000 core.py:3130(QuotedString)
        1    0.000    0.000    0.000    0.000 iostream.py:1571(PipeIOStream)
        4    0.000    0.000    0.000    0.000 _mathtext.py:2177(pop_state)
       19    0.000    0.000    0.000    0.000 {built-in method sys._getframe}
        1    0.000    0.000    0.000    0.000 client.py:5494(as_completed)
        2    0.000    0.000    0.000    0.000 {built-in method posix.putenv}
        1    0.000    0.000    0.000    0.000 transforms.py:2627(BboxTransformFrom)
        1    0.000    0.000    0.000    0.000 compiler.py:1365(_FinalizeInfo)
        1    0.000    0.000    0.000    0.000 _odfreader.py:30(ODFReader)
        1    0.000    0.000    0.000    0.000 adaptive_core.py:26(AdaptiveCore)
        1    0.000    0.000    0.000    0.000 model.py:102(PrimitiveType)
        1    0.000    0.000    0.000    0.000 ticker.py:1305(EngFormatter)
        1    0.000    0.000    0.000    0.000 _arrow_utils.py:1(<module>)
        1    0.000    0.000    0.000    0.000 tz.py:1545(__init__)
        1    0.000    0.000    0.000    0.000 mask_ops.py:1(<module>)
        1    0.000    0.000    0.000    0.000 __init__.py:396(__getitem__)
        9    0.000    0.000    0.000    0.000 linalg.py:130(get_linalg_error_extobj)
        1    0.000    0.000    0.000    0.000 flags.py:10(Flags)
        1    0.000    0.000    0.000    0.000 core.py:1107(decorator)
        1    0.000    0.000    0.000    0.000 pathlib.py:741(parents)
        1    0.000    0.000    0.000    0.000 utils.py:9(InsertionSortedSet)
       19    0.000    0.000    0.000    0.000 netCDF4_.py:200(_ensure_no_forward_slash_in_name)
        1    0.000    0.000    0.000    0.000 lzma.py:38(LZMAFile)
        2    0.000    0.000    0.000    0.000 worker.py:2707(get_worker)
        1    0.000    0.000    0.000    0.000 core.py:1201(rpc)
        1    0.000    0.000    0.000    0.000 core.py:5016(ZeroOrMore)
        1    0.000    0.000    0.000    0.000 _core.py:420(ShuffleRunSpec)
        1    0.000    0.000    0.000    0.000 utils.py:495(PacifyFlushWrapper)
        1    0.000    0.000    0.000    0.000 resolver.py:12(BaseResolver)
        9    0.000    0.000    0.000    0.000 dicttoolz.py:11(_get_factory)
        1    0.000    0.000    0.000    0.000 _pylab_helpers.py:77(destroy_all)
        3    0.000    0.000    0.000    0.000 constructor.py:24(__init__)
        1    0.000    0.000    0.000    0.000 backend_bases.py:2579(FigureManagerBase)
       22    0.000    0.000    0.000    0.000 _parser.py:166(__delitem__)
        1    0.000    0.000    0.000    0.000 _adapters.py:163(wrap_spec)
        1    0.000    0.000    0.000    0.000 _arrow.py:1(<module>)
        1    0.000    0.000    0.000    0.000 <frozen _collections_abc>:940(pop)
        1    0.000    0.000    0.000    0.000 routing.py:535(DefaultHostMatches)
        1    0.000    0.000    0.000    0.000 template.py:547(_NamedBlock)
        1    0.000    0.000    0.000    0.000 ops.py:953(BinGrouper)
        1    0.000    0.000    0.000    0.000 blocks.py:790(copy)
       15    0.000    0.000    0.000    0.000 stealing.py:78(<genexpr>)
       14    0.000    0.000    0.000    0.000 mock.py:1985(<genexpr>)
        1    0.000    0.000    0.000    0.000 nodes.py:877(Slice)
        2    0.000    0.000    0.000    0.000 feedparser.py:52(__init__)
        1    0.000    0.000    0.000    0.000 readers.py:1568(TextFileReader)
       12    0.000    0.000    0.000    0.000 period.py:108(_field_accessor)
        7    0.000    0.000    0.000    0.000 rrule.py:70(__init__)
        1    0.000    0.000    0.000    0.000 plugin.py:833(_ForwardingLogHandler)
       17    0.000    0.000    0.000    0.000 variables.py:630(encode)
       17    0.000    0.000    0.000    0.000 api.py:145(check_name)
        1    0.000    0.000    0.000    0.000 core.py:3432(White)
        5    0.000    0.000    0.000    0.000 {built-in method posix.register_at_fork}
        1    0.000    0.000    0.000    0.000 __init__.py:919(Handler)
       11    0.000    0.000    0.000    0.000 {built-in method atexit.register}
        1    0.000    0.000    0.000    0.000 exceptions.py:24(ClickException)
        2    0.000    0.000    0.000    0.000 phytoplankton.py:32(__init__)
        1    0.000    0.000    0.000    0.000 unix_events.py:460(_UnixReadPipeTransport)
        1    0.000    0.000    0.000    0.000 scipy_.py:142(ScipyDataStore)
        1    0.000    0.000    0.000    0.000 types.py:226(Choice)
        1    0.000    0.000    0.000    0.000 semaphore.py:250(Semaphore)
        1    0.000    0.000    0.000    0.000 coordinates.py:686(DatasetCoordinates)
        1    0.000    0.000    0.000    0.000 ssh.py:48(Worker)
        2    0.000    0.000    0.000    0.000 _policybase.py:311(header_fetch_parse)
       10    0.000    0.000    0.000    0.000 __init__.py:44(__init__)
       22    0.000    0.000    0.000    0.000 {built-in method from_iterable}
        1    0.000    0.000    0.000    0.000 cluster_dump.py:111(DumpArtefact)
        1    0.000    0.000    0.000    0.000 _add_newdocs_scalars.py:54(_get_platform_and_machine)
        1    0.000    0.000    0.000    0.000 scope.py:121(Scope)
        1    0.000    0.000    0.000    0.000 ucx.py:478(UCXListener)
        1    0.000    0.000    0.000    0.000 socketserver.py:155(BaseServer)
        1    0.000    0.000    0.000    0.000 __init__.py:432(base_version)
        1    0.000    0.000    0.000    0.000 _aggregations.py:14(NamedArrayAggregations)
        1    0.000    0.000    0.000    0.000 scheduler.py:260(MemoryState)
        1    0.000    0.000    0.000    0.000 iterators.py:11(LevelOrderIter)
       49    0.000    0.000    0.000    0.000 dataclasses.py:879(_hash_set_none)
       19    0.000    0.000    0.000    0.000 _decorators.py:258(future_version_msg)
       30    0.000    0.000    0.000    0.000 _base.py:1603(get_aspect)
        1    0.000    0.000    0.000    0.000 types.py:422(_NumberRangeBase)
        1    0.000    0.000    0.000    0.000 locks.py:445(Barrier)
        1    0.000    0.000    0.000    0.000 axis.py:2527(YAxis)
        1    0.000    0.000    0.000    0.000 platform.py:847(uname_result)
        1    0.000    0.000    0.000    0.000 stackplot.py:1(<module>)
        1    0.000    0.000    0.000    0.000 daskmanager.py:30(DaskManager)
        1    0.000    0.000    0.000    0.000 reduction.py:33(ForkingPickler)
        1    0.000    0.000    0.000    0.000 layers.py:1090(DataFrameTreeReduction)
        1    0.000    0.000    0.000    0.000 unix_events.py:57(_UnixSelectorEventLoop)
        1    0.000    0.000    0.000    0.000 readers.py:2133(_refine_defaults_read)
        1    0.000    0.000    0.000    0.000 _buffer.py:26(ShardsBuffer)
        1    0.000    0.000    0.000    0.000 traceback.py:374(StackSummary)
       19    0.000    0.000    0.000    0.000 _decorators.py:266(deprecate_nonkeyword_arguments)
        5    0.000    0.000    0.000    0.000 backend_agg.py:264(buffer_rgba)
        5    0.000    0.000    0.000    0.000 __init__.py:1776(getEffectiveLevel)
       16    0.000    0.000    0.000    0.000 {method 'values' of 'collections.OrderedDict' objects}
        1    0.000    0.000    0.000    0.000 worker_state_machine.py:880(ExecuteFailureEvent)
        5    0.000    0.000    0.000    0.000 _util.py:9(is_path)
        1    0.000    0.000    0.000    0.000 worker_state_machine.py:3589(BaseWorker)
        1    0.000    0.000    0.000    0.000 artist.py:88(_finalize_rasterization)
        1    0.000    0.000    0.000    0.000 base_subprocess.py:10(BaseSubprocessTransport)
       34    0.000    0.000    0.000    0.000 _base.py:1165(get_axes_locator)
        1    0.000    0.000    0.000    0.000 common.py:942(_BufferedWriter)
        1    0.000    0.000    0.000    0.000 core.py:1329(make_mask_descr)
        1    0.000    0.000    0.000    0.000 dtypes.py:2046(ArrowDtype)
        1    0.000    0.000    0.000    0.000 cm.py:59(ColormapRegistry)
        1    0.000    0.000    0.000    0.000 {built-in method _hashlib.openssl_sha3_224}
        1    0.000    0.000    0.000    0.000 transforms.py:1685(TransformWrapper)
        1    0.000    0.000    0.000    0.000 selector_events.py:931(_SelectorSocketTransport)
        3    0.000    0.000    0.000    0.000 {built-in method posix.sysconf}
        1    0.000    0.000    0.000    0.000 queues.py:128(Queue)
        1    0.000    0.000    0.000    0.000 _json.py:1125(Parser)
        1    0.000    0.000    0.000    0.000 collections.py:1565(EventCollection)
        3    0.000    0.000    0.000    0.000 rcsetup.py:576(_validate_greaterequal0_lessequal1)
       18    0.000    0.000    0.000    0.000 cftimeindex.py:81(named)
       36    0.000    0.000    0.000    0.000 spines.py:225(_clear)
        1    0.000    0.000    0.000    0.000 template.py:723(_CodeWriter)
        1    0.000    0.000    0.000    0.000 blocks.py:2288(ExtensionBlock)
       36    0.000    0.000    0.000    0.000 axis.py:730(isDefault_minfmt)
        8    0.000    0.000    0.000    0.000 _tight_layout.py:239(<genexpr>)
        8    0.000    0.000    0.000    0.000 artist.py:636(set_snap)
        1    0.000    0.000    0.000    0.000 worker_state_machine.py:829(ExecuteSuccessEvent)
        1    0.000    0.000    0.000    0.000 pydoc.py:545(__init__)
        3    0.000    0.000    0.000    0.000 _mathtext.py:2420(is_overunder)
        1    0.000    0.000    0.000    0.000 core.py:93(__compat__)
        1    0.000    0.000    0.000    0.000 utils.py:666(Cycler)
        1    0.000    0.000    0.000    0.000 ImagePalette.py:26(ImagePalette)
        6    0.000    0.000    0.000    0.000 signal.py:51(decorator)
        1    0.000    0.000    0.000    0.000 websocket.py:118(_WebSocketParams)
        1    0.000    0.000    0.000    0.000 utils.py:428(__init__)
       36    0.000    0.000    0.000    0.000 axis.py:722(isDefault_minloc)
        1    0.000    0.000    0.000    0.000 gen.py:310(WaitIterator)
        4    0.000    0.000    0.000    0.000 _mathtext.py:1130(shrink)
        1    0.000    0.000    0.000    0.000 base.py:327(SingleDataManager)
        1    0.000    0.000    0.000    0.000 file_manager.py:307(increment)
        1    0.000    0.000    0.000    0.000 ticker.py:375(ScalarFormatter)
        2    0.000    0.000    0.000    0.000 config.py:566(deprecate_option)
        1    0.000    0.000    0.000    0.000 integer.py:214(Int16Dtype)
        1    0.000    0.000    0.000    0.000 display.py:17(detect_console_encoding)
        1    0.000    0.000    0.000    0.000 apply.py:1372(SeriesApply)
        1    0.000    0.000    0.000    0.000 _mathtext.py:1751(ParserState)
        3    0.000    0.000    0.000    0.000 case.py:388(__init_subclass__)
        1    0.000    0.000    0.000    0.000 __init__.py:442(LibraryLoader)
        1    0.000    0.000    0.000    0.000 resample.py:2078(TimeGrouper)
        1    0.000    0.000    0.000    0.000 floating.py:163(Float64Dtype)
        9    0.000    0.000    0.000    0.000 figure.py:94(bubble)
        1    0.000    0.000    0.000    0.000 datatree_render.py:48(__init__)
        1    0.000    0.000    0.000    0.000 axis3d.py:732(XAxis)
        1    0.000    0.000    0.000    0.000 common.py:110(IOHandles)
        3    0.000    0.000    0.000    0.000 inspect.py:1801(_shadowed_dict_from_mro_tuple)
        1    0.000    0.000    0.000    0.000 _core.py:470(SchedulerShuffleState)
        1    0.000    0.000    0.000    0.000 netCDF4_.py:581(NetCDF4BackendEntrypoint)
        5    0.000    0.000    0.000    0.000 {method 'extend' of 'collections.deque' objects}
        1    0.000    0.000    0.000    0.000 ws.py:199(WS)
        1    0.000    0.000    0.000    0.000 recipes.py:1(<module>)
        1    0.000    0.000    0.000    0.000 info.py:442(DataFrameInfo)
        1    0.000    0.000    0.000    0.000 indexing.py:1563(_iLocIndexer)
        1    0.000    0.000    0.000    0.000 expr.py:753(PandasExprVisitor)
        1    0.000    0.000    0.000    0.000 floating.py:16(FloatingDtype)
        1    0.000    0.000    0.000    0.000 zarr.py:402(ZarrStore)
        1    0.000    0.000    0.000    0.000 common.py:196(__iter__)
        5    0.000    0.000    0.000    0.000 {method 'islower' of 'bytes' objects}
       21    0.000    0.000    0.000    0.000 deprecation.py:171(__set_name__)
        1    0.000    0.000    0.000    0.000 _aggregations.py:3817(DatasetResampleAggregations)
        6    0.000    0.000    0.000    0.000 Image.py:3483(register_save)
        4    0.000    0.000    0.000    0.000 weakref.py:347(__new__)
       24    0.000    0.000    0.000    0.000 dviread.py:188(_dispatch)
        8    0.000    0.000    0.000    0.000 arraysetops.py:125(_unpack_tuple)
        1    0.000    0.000    0.000    0.000 file_manager.py:312(decrement)
        1    0.000    0.000    0.000    0.000 locks.py:158(Event)
        1    0.000    0.000    0.000    0.000 model.py:294(ArrayType)
        1    0.000    0.000    0.000    0.000 coordinates.py:45(AbstractCoordinates)
       10    0.000    0.000    0.000    0.000 cbook.py:103(__eq__)
       35    0.000    0.000    0.000    0.000 version.py:518(<lambda>)
        1    0.000    0.000    0.000    0.000 _internal.py:249(_ctypes)
        9    0.000    0.000    0.000    0.000 linalg.py:203(_assert_stacked_2d)
        1    0.000    0.000    0.000    0.000 _merge.py:198(HashJoinP2PLayer)
        1    0.000    0.000    0.000    0.000 routing.py:441(Rule)
        6    0.000    0.000    0.000    0.000 version.py:76(__lt__)
       15    0.000    0.000    0.000    0.000 {method 'co_positions' of 'code' objects}
        2    0.000    0.000    0.000    0.000 base.py:5676(<genexpr>)
        1    0.000    0.000    0.000    0.000 boolean.py:40(BooleanDtype)
        2    0.000    0.000    0.000    0.000 sysconfig.py:304(get_preferred_scheme)
        1    0.000    0.000    0.000    0.000 frozen.py:24(FrozenList)
        1    0.000    0.000    0.000    0.000 transforms.py:1276(Transform)
        1    0.000    0.000    0.000    0.000 dataset.py:435(DataVariables)
        1    0.000    0.000    0.000    0.000 exceptions.py:88(TemplateSyntaxError)
        1    0.000    0.000    0.000    0.000 parsing.py:1(<module>)
        1    0.000    0.000    0.000    0.000 __init__.py:839(ZipExtFile)
        1    0.000    0.000    0.000    0.000 six.py:493(Module_six_moves_urllib)
        1    0.000    0.000    0.000    0.000 ast.py:69(_raise_malformed_node)
        1    0.000    0.000    0.000    0.000 _arrow_string_mixins.py:14(ArrowStringArrayMixin)
       38    0.000    0.000    0.000    0.000 core.py:2430(_generateDefaultName)
        4    0.000    0.000    0.000    0.000 <frozen importlib._bootstrap_external>:1339(_find_parent_path_names)
        1    0.000    0.000    0.000    0.000 __init__.py:803(PathDistribution)
        1    0.000    0.000    0.000    0.000 base64mime.py:1(<module>)
        1    0.000    0.000    0.000    0.000 Image.py:3666(Exif)
        1    0.000    0.000    0.000    0.000 exceptions.py:47(UsageError)
       13    0.000    0.000    0.000    0.000 utils.py:63(pass_environment)
        1    0.000    0.000    0.000    0.000 pool.py:745(ApplyResult)
        2    0.000    0.000    0.000    0.000 _functools.py:6(method_cache)
        1    0.000    0.000    0.000    0.000 __init__.py:1867(__init__)
       23    0.000    0.000    0.000    0.000 config.py:886(inner)
        1    0.000    0.000    0.000    0.000 exceptions.py:7(TemplateError)
        1    0.000    0.000    0.000    0.000 _triangulation.py:8(Triangulation)
        1    0.000    0.000    0.000    0.000 contour.py:1481(QuadContourSet)
        1    0.000    0.000    0.000    0.000 ssl.py:678(verify_mode)
        1    0.000    0.000    0.000    0.000 netCDF4_.py:319(NetCDF4DataStore)
        1    0.000    0.000    0.000    0.000 __init__.py:546(Formatter)
        1    0.000    0.000    0.000    0.000 signals.py:9(_InterruptHandler)
        1    0.000    0.000    0.000    0.000 header.py:536(_Accumulator)
        1    0.000    0.000    0.000    0.000 html.py:154(_HtmlFrameParser)
        1    0.000    0.000    0.000    0.000 pyplot.py:366(backend_mod)
        5    0.000    0.000    0.000    0.000 <frozen os>:824(fsdecode)
        1    0.000    0.000    0.000    0.000 __init__.py:1117(StreamHandler)
        1    0.000    0.000    0.000    0.000 image.py:848(AxesImage)
        1    0.000    0.000    0.000    0.000 inproc.py:155(InProc)
        1    0.000    0.000    0.000    0.000 nodes.py:577(Const)
        1    0.000    0.000    0.000    0.000 util.py:85(GzipDecompressor)
        1    0.000    0.000    0.000    0.000 _aggregations.py:5318(DataArrayGroupByAggregations)
        1    0.000    0.000    0.000    0.000 queues.py:359(SimpleQueue)
        1    0.000    0.000    0.000    0.000 six.py:236(create_module)
        1    0.000    0.000    0.000    0.000 routing.py:649(URLSpec)
        1    0.000    0.000    0.000    0.000 initialise.py:9(_wipe_internal_state_for_tests)
        1    0.000    0.000    0.000    0.000 highlevelgraph.py:48(Layer)
        1    0.000    0.000    0.000    0.000 subprocess.py:470(CompletedProcess)
       11    0.000    0.000    0.000    0.000 helpers.py:227(<genexpr>)
        1    0.000    0.000    0.000    0.000 PngImagePlugin.py:346(PngStream)
        5    0.000    0.000    0.000    0.000 rcsetup.py:568(_validate_greaterthan_minushalf)
        1    0.000    0.000    0.000    0.000 accessors.py:36(ArrowAccessor)
        1    0.000    0.000    0.000    0.000 offsetbox.py:1458(DraggableBase)
       21    0.000    0.000    0.000    0.000 axis.py:855(_set_autoscale_on)
        1    0.000    0.000    0.000    0.000 _rechunk.py:552(ArrayRechunkRun)
        1    0.000    0.000    0.000    0.000 spawn.py:36(set_executable)
       39    0.000    0.000    0.000    0.000 {built-in method _ctypes.sizeof}
        1    0.000    0.000    0.000    0.000 integer.py:207(Int8Dtype)
        1    0.000    0.000    0.000    0.000 _ufunc_config.py:441(_setdef)
        1    0.000    0.000    0.000    0.000 tzinfo.py:18(memorized_timedelta)
        1    0.000    0.000    0.000    0.000 __init__.py:1482(Logger)
        1    0.000    0.000    0.000    0.000 core.py:2701(Word)
        1    0.000    0.000    0.000    0.000 core.py:2614(CloseMatch)
        1    0.000    0.000    0.000    0.000 core.py:1369(PooledRPCCall)
        1    0.000    0.000    0.000    0.000 worker_state_machine.py:459(TaskErredMsg)
        1    0.000    0.000    0.000    0.000 locks.py:218(Condition)
        1    0.000    0.000    0.000    0.000 _parser.py:241(parserinfo)
        1    0.000    0.000    0.000    0.000 web.py:3178(GZipContentEncoding)
        1    0.000    0.000    0.000    0.000 polar.py:140(PolarAffine)
        1    0.000    0.000    0.000    0.000 sql.py:1443(PandasSQL)
       36    0.000    0.000    0.000    0.000 core.py:3906(_generateDefaultName)
        1    0.000    0.000    0.000    0.000 _xlsxwriter.py:180(XlsxWriter)
        1    0.000    0.000    0.000    0.000 core.py:1315(_replace_dtype_fields)
        1    0.000    0.000    0.000    0.000 backend_bases.py:3380(_Backend)
        1    0.000    0.000    0.000    0.000 _inspect.py:1(<module>)
        8    0.000    0.000    0.000    0.000 functools.py:965(__init__)
        1    0.000    0.000    0.000    0.000 thread.py:46(_WorkItem)
        1    0.000    0.000    0.000    0.000 legend_handler.py:361(HandlerStepPatch)
        6    0.000    0.000    0.000    0.000 _mathtext.py:1777(font)
        3    0.000    0.000    0.000    0.000 _parser.py:1004(addliteral)
        1    0.000    0.000    0.000    0.000 idna.py:155(encode)
        1    0.000    0.000    0.000    0.000 diskutils.py:112(WorkSpace)
        1    0.000    0.000    0.000    0.000 indexing.py:1603(DaskIndexingAdapter)
        1    0.000    0.000    0.000    0.000 process.py:655(ProcessPoolExecutor)
        1    0.000    0.000    0.000    0.000 indexing.py:820(MemoryCachedArray)
        1    0.000    0.000    0.000    0.000 handlers.py:1093(NTEventLogHandler)
        1    0.000    0.000    0.000    0.000 streams.py:180(StreamReaderProtocol)
        4    0.000    0.000    0.000    0.000 dataset.py:2971(<genexpr>)
        1    0.000    0.000    0.000    0.000 docscrape.py:610(ClassDoc)
       10    0.000    0.000    0.000    0.000 figure.py:2904(set_canvas)
        1    0.000    0.000    0.000    0.000 spec.py:44(ProcessInterface)
        1    0.000    0.000    0.000    0.000 expr.py:779(Expr)
        1    0.000    0.000    0.000    0.000 shlex.py:19(shlex)
        1    0.000    0.000    0.000    0.000 __init__.py:645(RcParams)
        3    0.000    0.000    0.000    0.000 _mathtext.py:2432(is_slanted)
        1    0.000    0.000    0.000    0.000 scheduler.py:924(TaskPrefix)
        1    0.000    0.000    0.000    0.000 base.py:2412(ExtensionOpsMixin)
        2    0.000    0.000    0.000    0.000 threading.py:1548(_register_atexit)
        1    0.000    0.000    0.000    0.000 pool.py:921(ThreadPool)
        1    0.000    0.000    0.000    0.000 gbq.py:1(<module>)
        1    0.000    0.000    0.000    0.000 tz.py:332(__init__)
        4    0.000    0.000    0.000    0.000 timedeltas.py:81(_field_accessor)
        9    0.000    0.000    0.000    0.000 __init__.py:81(get_projection_class)
        1    0.000    0.000    0.000    0.000 art3d.py:844(Poly3DCollection)
        1    0.000    0.000    0.000    0.000 axis.py:405(XTick)
        1    0.000    0.000    0.000    0.000 model.py:279(ConstPointerType)
       24    0.000    0.000    0.000    0.000 ops.py:266(op_str)
        1    0.000    0.000    0.000    0.000 numeric.py:234(NumericArray)
        1    0.000    0.000    0.000    0.000 watercolumn_run_lib.py:51(WCRun)
        1    0.000    0.000    0.000    0.000 quopri.py:1(<module>)
        3    0.000    0.000    0.000    0.000 __init__.py:428(_discover_resolvers)
        1    0.000    0.000    0.000    0.000 _policybase.py:112(Policy)
        1    0.000    0.000    0.000    0.000 getlimits.py:32(MachArLike)
        1    0.000    0.000    0.000    0.000 winterm.py:28(WinTerm)
        1    0.000    0.000    0.000    0.000 offsetbox.py:595(DrawingArea)
        1    0.000    0.000    0.000    0.000 colors.py:1512(CenteredNorm)
        6    0.000    0.000    0.000    0.000 Image.py:3468(register_mime)
        1    0.000    0.000    0.000    0.000 JpegImagePlugin.py:356(JpegImageFile)
        3    0.000    0.000    0.000    0.000 __init__.py:637(path)
        1    0.000    0.000    0.000    0.000 tz.py:1475(GettzFunc)
        1    0.000    0.000    0.000    0.000 sasreader.py:35(ReaderBase)
        1    0.000    0.000    0.000    0.000 collections.py:2239(PolyQuadMesh)
        1    0.000    0.000    0.000    0.000 core.py:4200(MatchFirst)
        1    0.000    0.000    0.000    0.000 node.py:21(ServerNode)
        5    0.000    0.000    0.000    0.000 expr.py:120(_compose2)
       24    0.000    0.000    0.000    0.000 patches.py:2265(<genexpr>)
        2    0.000    0.000    0.000    0.000 six.py:119(_resolve)
        1    0.000    0.000    0.000    0.000 _aggregations.py:1218(DataArrayAggregations)
        1    0.000    0.000    0.000    0.000 utils.py:1918(RateLimiterFilter)
        1    0.000    0.000    0.000    0.000 lru_cache.py:12(LRUCache)
        1    0.000    0.000    0.000    0.000 __init__.py:186(LegacyVersion)
        1    0.000    0.000    0.000    0.000 parser.py:159(Option)
        1    0.000    0.000    0.000    0.000 parquet.py:148(BaseImpl)
        1    0.000    0.000    0.000    0.000 category.py:26(StrCategoryConverter)
        1    0.000    0.000    0.000    0.000 colors.py:97(ColorSequenceRegistry)
        1    0.000    0.000    0.000    0.000 sorteddict.py:657(SortedKeysView)
        1    0.000    0.000    0.000    0.000 calendar.py:113(_localized_day)
        1    0.000    0.000    0.000    0.000 arrayterator.py:16(Arrayterator)
        1    0.000    0.000    0.000    0.000 groupby.py:563(BinGrouper)
        4    0.000    0.000    0.000    0.000 _mathtext.py:1042(shrink)
        1    0.000    0.000    0.000    0.000 common.py:968(_BytesTarFile)
        1    0.000    0.000    0.000    0.000 environment.py:1520(TemplateModule)
        9    0.000    0.000    0.000    0.000 backend_bases.py:1263(__init__)
        1    0.000    0.000    0.000    0.000 constructor.py:482(FullConstructor)
       30    0.000    0.000    0.000    0.000 enum.py:183(__init__)
        1    0.000    0.000    0.000    0.000 timedeltas.py:38(TimedeltaIndex)
        1    0.000    0.000    0.000    0.000 nanny.py:660(WorkerProcess)
        1    0.000    0.000    0.000    0.000 scheduler.py:865(Computation)
        1    0.000    0.000    0.000    0.000 markers.py:193(Marker)
        1    0.000    0.000    0.000    0.000 __init__.py:68(InitializedState)
        1    0.000    0.000    0.000    0.000 nodes.py:71(EvalContext)
        1    0.000    0.000    0.000    0.000 web.py:3126(FallbackHandler)
        1    0.000    0.000    0.000    0.000 context.py:220(Process)
        1    0.000    0.000    0.000    0.000 ops.py:298(__init_subclass__)
        1    0.000    0.000    0.000    0.000 feedparser.py:134(FeedParser)
        1    0.000    0.000    0.000    0.000 base.py:449(StorageExtensionDtype)
        4    0.000    0.000    0.000    0.000 {built-in method _locale.setlocale}
        2    0.000    0.000    0.000    0.000 reprlib.py:39(__init__)
        1    0.000    0.000    0.000    0.000 common.py:207(validate_header_arg)
        2    0.000    0.000    0.000    0.000 calendar.py:45(__getattr__)
        1    0.000    0.000    0.000    0.000 {built-in method _hashlib.openssl_sha224}
        1    0.000    0.000    0.000    0.000 {method 'title' of 'str' objects}
        1    0.000    0.000    0.000    0.000 locale.py:521(GettextLocale)
        1    0.000    0.000    0.000    0.000 pydap_.py:84(PydapDataStore)
        1    0.000    0.000    0.000    0.000 pytables.py:282(FilterBinOp)
        1    0.000    0.000    0.000    0.000 ElementTree.py:1773(C14NWriterTarget)
        1    0.000    0.000    0.000    0.000 __init__.py:299(_MarkupEscapeHelper)
        5    0.000    0.000    0.000    0.000 constructor.py:165(add_multi_constructor)
        1    0.000    0.000    0.000    0.000 streams.py:418(StreamReader)
        1    0.000    0.000    0.000    0.000 {built-in method time.localtime}
        1    0.000    0.000    0.000    0.000 axis.py:523(Ticker)
        1    0.000    0.000    0.000    0.000 treenode.py:570(NamedNode)
        1    0.000    0.000    0.000    0.000 core.py:6540(MaskedConstant)
       12    0.000    0.000    0.000    0.000 extension.py:110(inherit_names)
        2    0.000    0.000    0.000    0.000 rcsetup.py:765(_validate_legend_loc)
        1    0.000    0.000    0.000    0.000 pytables.py:4769(GenericTable)
        9    0.000    0.000    0.000    0.000 config.py:899(is_nonnegative_int)
        1    0.000    0.000    0.000    0.000 _triplot.py:1(<module>)
        2    0.000    0.000    0.000    0.000 rcsetup.py:406(_validate_mathtext_fallback)
       32    0.000    0.000    0.000    0.000 dataclasses.py:1286(<genexpr>)
        1    0.000    0.000    0.000    0.000 ImageFile.py:105(ImageFile)
        1    0.000    0.000    0.000    0.000 worker_state_machine.py:566(StateMachineEvent)
        1    0.000    0.000    0.000    0.000 selectors.py:80(BaseSelector)
        1    0.000    0.000    0.000    0.000 layers.py:718(BroadcastJoinLayer)
        1    0.000    0.000    0.000    0.000 __init__.py:75(Traceback)
        1    0.000    0.000    0.000    0.000 dates.py:995(rrulewrapper)
        1    0.000    0.000    0.000    0.000 case.py:244(_AssertRaisesContext)
        1    0.000    0.000    0.000    0.000 subprocess.py:163(TimeoutExpired)
        2    0.000    0.000    0.000    0.000 pathlib.py:52(_ignore_error)
        2    0.000    0.000    0.000    0.000 dataclasses.py:1504(exec_body_callback)
        1    0.000    0.000    0.000    0.000 ElementTree.py:126(Element)
        1    0.000    0.000    0.000    0.000 blockwise.py:325(Blockwise)
        1    0.000    0.000    0.000    0.000 computation.py:59(_UFuncSignature)
        1    0.000    0.000    0.000    0.000 scheduler.py:8883(KilledWorker)
        1    0.000    0.000    0.000    0.000 textpath.py:20(TextToPath)
       15    0.000    0.000    0.000    0.000 _signatures.py:614(<genexpr>)
        2    0.000    0.000    0.000    0.000 config.py:688(_warn_if_deprecated)
        1    0.000    0.000    0.000    0.000 exceptions.py:128(MissingParameter)
        1    0.000    0.000    0.000    0.000 lru_cache.py:34(__init__)
        1    0.000    0.000    0.000    0.000 docscrape.py:30(Reader)
        1    0.000    0.000    0.000    0.000 client.py:548(FutureState)
        1    0.000    0.000    0.000    0.000 axis3d.py:740(YAxis)
        1    0.000    0.000    0.000    0.000 coordinates.py:799(DataArrayCoordinates)
        1    0.000    0.000    0.000    0.000 axis3d.py:748(ZAxis)
        1    0.000    0.000    0.000    0.000 floating.py:156(Float32Dtype)
        1    0.000    0.000    0.000    0.000 patches.py:2204(_Style)
        1    0.000    0.000    0.000    0.000 worker_state_machine.py:694(GatherDepFailureEvent)
        1    0.000    0.000    0.000    0.000 representer.py:13(BaseRepresenter)
       12    0.000    0.000    0.000    0.000 arraysetops.py:630(<genexpr>)
        4    0.000    0.000    0.000    0.000 {built-in method posix.getpid}
        4    0.000    0.000    0.000    0.000 core.py:3415(parseImpl)
        1    0.000    0.000    0.000    0.000 groupby.py:1470(DataArrayGroupByBase)
        1    0.000    0.000    0.000    0.000 encoder.py:74(JSONEncoder)
        1    0.000    0.000    0.000    0.000 suite.py:92(TestSuite)
        1    0.000    0.000    0.000    0.000 pytables.py:4702(AppendableSeriesTable)
        1    0.000    0.000    0.000    0.000 _pslinux.py:812(Connections)
        1    0.000    0.000    0.000    0.000 quantile.py:1(<module>)
        1    0.000    0.000    0.000    0.000 config.py:415(__init__)
        1    0.000    0.000    0.000    0.000 variables.py:53(_ElementwiseFunctionArray)
        1    0.000    0.000    0.000    0.000 _structures.py:35(NegativeInfinityType)
       17    0.000    0.000    0.000    0.000 common.py:122(_encode_variable_name)
        1    0.000    0.000    0.000    0.000 core.py:4650(AtStringStart)
        1    0.000    0.000    0.000    0.000 {method 'close' of 'select.epoll' objects}
        2    0.000    0.000    0.000    0.000 config.py:159(_find_logging_config)
       24    0.000    0.000    0.000    0.000 function.py:52(__init__)
        4    0.000    0.000    0.000    0.000 weakref.py:352(__init__)
        1    0.000    0.000    0.000    0.000 abc.py:96(InspectLoader)
        1    0.000    0.000    0.000    0.000 extras.py:1607(MAxisConcatenator)
        1    0.000    0.000    0.000    0.000 tzinfo.py:79(StaticTzInfo)
        4    0.000    0.000    0.000    0.000 {method 'cache_clear' of 'functools._lru_cache_wrapper' objects}
        1    0.000    0.000    0.000    0.000 GifImagePlugin.py:72(GifImageFile)
        1    0.000    0.000    0.000    0.000 legend_handler.py:524(__init__)
        1    0.000    0.000    0.000    0.000 cbook.py:570(Stack)
        1    0.000    0.000    0.000    0.000 _shuffle.py:159(P2PShuffleLayer)
        1    0.000    0.000    0.000    0.000 tarfile.py:331(_Stream)
        1    0.000    0.000    0.000    0.000 colors.py:848(_set_extremes)
        1    0.000    0.000    0.000    0.000 visitor.py:16(NodeVisitor)
        1    0.000    0.000    0.000    0.000 __init__.py:273(EntryPoints)
        1    0.000    0.000    0.000    0.000 dtypes.py:1533(BaseMaskedDtype)
        2    0.000    0.000    0.000    0.000 {built-in method _ctypes.dlopen}
        1    0.000    0.000    0.000    0.000 __init__.py:362(YAMLObject)
        1    0.000    0.000    0.000    0.000 ticker.py:1962(MaxNLocator)
        1    0.000    0.000    0.000    0.000 _datasource.py:536(Repository)
        2    0.000    0.000    0.000    0.000 message.py:150(__init__)
        1    0.000    0.000    0.000    0.000 colors.py:548(ColorConverter)
        1    0.000    0.000    0.000    0.000 preloading.py:154(Preload)
       18    0.000    0.000    0.000    0.000 cftimeindex.py:85(optional)
        1    0.000    0.000    0.000    0.000 indexing.py:514(ExplicitlyIndexedNDArrayMixin)
        1    0.000    0.000    0.000    0.000 nanops.py:98(bottleneck_switch)
        1    0.000    0.000    0.000    0.000 core.py:5286(_update_ignorer)
        1    0.000    0.000    0.000    0.000 colors.py:958(LinearSegmentedColormap)
        2    0.000    0.000    0.000    0.000 locks.py:219(__init__)
        1    0.000    0.000    0.000    0.000 _compat.py:52(_NonClosingTextIOWrapper)
       13    0.000    0.000    0.000    0.000 accessor.py:136(delegate_names)
        1    0.000    0.000    0.000    0.000 ElementTree.py:466(QName)
        1    0.000    0.000    0.000    0.000 _parser.py:1012(addgroup)
        5    0.000    0.000    0.000    0.000 gridspec.py:122(set_height_ratios)
        1    0.000    0.000    0.000    0.000 __init__.py:86(CompleteDirs)
        1    0.000    0.000    0.000    0.000 core.py:2299(_PendingSkip)
       16    0.000    0.000    0.000    0.000 {method 'isdisjoint' of 'set' objects}
        1    0.000    0.000    0.000    0.000 _triinterpolate.py:1215(_Sparse_Matrix_coo)
        5    0.000    0.000    0.000    0.000 figure.py:82(__init__)
        1    0.000    0.000    0.000    0.000 utils.py:1001(UncachedAccessor)
        1    0.000    0.000    0.000    0.000 pickle.py:194(_Framer)
        1    0.000    0.000    0.000    0.000 tags.py:45(Tag)
       19    0.000    0.000    0.000    0.000 __init__.py:672(__init__)
        1    0.000    0.000    0.000    0.000 base_parser.py:601(_set_noconvert_dtype_columns)
        1    0.000    0.000    0.000    0.000 text.py:1444(_AnnotationBase)
        1    0.000    0.000    0.000    0.000 dataframe_protocol.py:121(Buffer)
        1    0.000    0.000    0.000    0.000 argparse.py:1742(ArgumentParser)
        1    0.000    0.000    0.000    0.000 nodes.py:608(TemplateData)
        2    0.000    0.000    0.000    0.000 _policybase.py:281(_sanitize_header)
       22    0.000    0.000    0.000    0.000 expr.py:294(_op_maker)
        1    0.000    0.000    0.000    0.000 charset.py:162(Charset)
        1    0.000    0.000    0.000    0.000 config.py:220(DictWrapper)
        3    0.000    0.000    0.000    0.000 parser.py:81(__init__)
        8    0.000    0.000    0.000    0.000 utils.py:46(pass_eval_context)
        1    0.000    0.000    0.000    0.000 pubsub.py:357(Sub)
        1    0.000    0.000    0.000    0.000 subprocess.py:118(Process)
        8    0.000    0.000    0.000    0.000 unicode.py:9(__init__)
        1    0.000    0.000    0.000    0.000 base.py:1008(TokenizationError)
        1    0.000    0.000    0.000    0.000 base_events.py:208(_SendfileFallbackProtocol)
        1    0.000    0.000    0.000    0.000 indexing.py:1804(PandasMultiIndexingAdapter)
        1    0.000    0.000    0.000    0.000 ticker.py:1752(LinearLocator)
       18    0.000    0.000    0.000    0.000 __init__.py:190(change_key)
        1    0.000    0.000    0.000    0.000 scheduler.py:197(ClientState)
        1    0.000    0.000    0.000    0.000 string_.py:71(StringDtype)
        1    0.000    0.000    0.000    0.000 collections.py:18(__init__)
        1    0.000    0.000    0.000    0.000 multi_lock.py:138(MultiLock)
        1    0.000    0.000    0.000    0.000 rrule.py:1418(_rrulestr)
        1    0.000    0.000    0.000    0.000 _parseaddr.py:211(AddrlistClass)
        1    0.000    0.000    0.000    0.000 utils.py:1424(OperatorMethodMixin)
        1    0.000    0.000    0.000    0.000 accessor.py:234(SparseFrameAccessor)
        1    0.000    0.000    0.000    0.000 getlimits.py:378(finfo)
        1    0.000    0.000    0.000    0.000 pytables.py:108(BinOp)
       18    0.000    0.000    0.000    0.000 function_base.py:1320(_diff_dispatcher)
        1    0.000    0.000    0.000    0.000 argparse.py:1362(_ActionsContainer)
        2    0.000    0.000    0.000    0.000 blocks.py:219(_can_consolidate)
        1    0.000    0.000    0.000    0.000 <frozen codecs>:94(__new__)
        1    0.000    0.000    0.000    0.000 websocket.py:752(_PerMessageDeflateDecompressor)
        1    0.000    0.000    0.000    0.000 _version.py:14(NumpyVersion)
       12    0.000    0.000    0.000    0.000 nputils.py:177(_create_method)
        6    0.000    0.000    0.000    0.000 utils.py:712(__init__)
        1    0.000    0.000    0.000    0.000 encoders.py:1(<module>)
       22    0.000    0.000    0.000    0.000 version.py:491(_parse_local_version)
        1    0.000    0.000    0.000    0.000 concat.py:398(_Concatenator)
       21    0.000    0.000    0.000    0.000 accessors.py:176(<lambda>)
        1    0.000    0.000    0.000    0.000 traceback.py:679(TracebackException)
        2    0.000    0.000    0.000    0.000 weakref.py:507(setdefault)
        1    0.000    0.000    0.000    0.000 h5netcdf_.py:96(H5NetCDFStore)
        2    0.000    0.000    0.000    0.000 weakref.py:414(__getitem__)
       10    0.000    0.000    0.000    0.000 _docstring.py:33(__init__)
        1    0.000    0.000    0.000    0.000 __init__.py:360(ZipInfo)
        1    0.000    0.000    0.000    0.000 core.py:5050(DelimitedList)
        2    0.000    0.000    0.000    0.000 core.py:6643(__setattr__)
        1    0.000    0.000    0.000    0.000 common.py:292(is_fsspec_url)
       22    0.000    0.000    0.000    0.000 core.py:3472(<genexpr>)
        1    0.000    0.000    0.000    0.000 ElementTree.py:1381(TreeBuilder)
        1    0.000    0.000    0.000    0.000 _meta.py:47(SimplePath)
        1    0.000    0.000    0.000    0.000 __init__.py:322(PackagePath)
        1    0.000    0.000    0.000    0.000 _xlsxwriter.py:24(_XlsxStyler)
        1    0.000    0.000    0.000    0.000 events.py:169(AbstractServer)
        1    0.000    0.000    0.000    0.000 roperator.py:1(<module>)
        9    0.000    0.000    0.000    0.000 _base.py:3986(set_navigate)
        1    0.000    0.000    0.000    0.000 callbacks.py:10(Callback)
       11    0.000    0.000    0.000    0.000 helpers.py:246(<genexpr>)
        3    0.000    0.000    0.000    0.000 base.py:84(<genexpr>)
        1    0.000    0.000    0.000    0.000 streamplot.py:259(DomainMap)
        1    0.000    0.000    0.000    0.000 zip.py:15(Zip)
        1    0.000    0.000    0.000    0.000 _strptime.py:14(TimeRE)
        1    0.000    0.000    0.000    0.000 info.py:716(_TableBuilderAbstract)
        1    0.000    0.000    0.000    0.000 threading.py:277(__init__)
       17    0.000    0.000    0.000    0.000 times.py:959(__init__)
        1    0.000    0.000    0.000    0.000 registry.py:29(Backend)
        1    0.000    0.000    0.000    0.000 utils.py:442(FrozenDict)
        1    0.000    0.000    0.000    0.000 {built-in method _hashlib.openssl_shake_128}
       16    0.000    0.000    0.000    0.000 legend.py:807(get_default_handler_map)
        3    0.000    0.000    0.000    0.000 six.py:85(_import_module)
       14    0.000    0.000    0.000    0.000 artist.py:1108(get_zorder)
        1    0.000    0.000    0.000    0.000 {method 'view' of 'numpy.generic' objects}
        1    0.000    0.000    0.000    0.000 template.py:594(_ApplyBlock)
        1    0.000    0.000    0.000    0.000 client.py:1452(HTTPSConnection)
       15    0.000    0.000    0.000    0.000 _mathtext.py:1022(shrink)
        2    0.000    0.000    0.000    0.000 version.py:94(__ge__)
        1    0.000    0.000    0.000    0.000 missing.py:63(BaseInterpolator)
        4    0.000    0.000    0.000    0.000 weakref.py:427(__setitem__)
        1    0.000    0.000    0.000    0.000 locks.py:467(BoundedSemaphore)
        1    0.000    0.000    0.000    0.000 backend_bases.py:3225(ToolContainerBase)
        1    0.000    0.000    0.000    0.000 queue.py:258(_PySimpleQueue)
        1    0.000    0.000    0.000    0.000 routing.py:490(Matcher)
        1    0.000    0.000    0.000    0.000 httpclient.py:735(_RequestProxy)
        1    0.000    0.000    0.000    0.000 utils.py:709(Dispatch)
        1    0.000    0.000    0.000    0.000 units.py:108(ConversionInterface)
        1    0.000    0.000    0.000    0.000 _machar.py:17(MachAr)
        1    0.000    0.000    0.000    0.000 thread.py:121(ThreadPoolExecutor)
        1    0.000    0.000    0.000    0.000 {built-in method gc.isenabled}
        1    0.000    0.000    0.000    0.000 _json.py:226(Writer)
        1    0.000    0.000    0.000    0.000 _adapters.py:81(ChildPath)
        1    0.000    0.000    0.000    0.000 _tritools.py:11(TriAnalyzer)
        1    0.000    0.000    0.000    0.000 scheduler.py:1034(TaskGroup)
        1    0.000    0.000    0.000    0.000 worker_state_machine.py:348(Instruction)
        1    0.000    0.000    0.000    0.000 accessor.py:49(PandasDelegate)
        1    0.000    0.000    0.000    0.000 backend_tools.py:360(ToolQuit)
        1    0.000    0.000    0.000    0.000 string_arrow.py:598(ArrowStringArrayNumpySemantics)
        5    0.000    0.000    0.000    0.000 _tokenizer.py:143(read)
        1    0.000    0.000    0.000    0.000 util.py:185(Finalize)
        1    0.000    0.000    0.000    0.000 readers.py:1674(_check_file_or_buffer)
        4    0.000    0.000    0.000    0.000 __init__.py:167(__ge__)
        3    0.000    0.000    0.000    0.000 _util.py:34(register_writer)
        1    0.000    0.000    0.000    0.000 serializer.py:11(Serializer)
        1    0.000    0.000    0.000    0.000 _typing.py:308(ReadCsvBuffer)
        6    0.000    0.000    0.000    0.000 connection.py:838(<genexpr>)
        1    0.000    0.000    0.000    0.000 timeit.py:86(Timer)
        1    0.000    0.000    0.000    0.000 polar.py:498(_ThetaShift)
        1    0.000    0.000    0.000    0.000 base_parser.py:1123(_make_date_converter)
        4    0.000    0.000    0.000    0.000 backend_bases.py:1632(_draw)
        1    0.000    0.000    0.000    0.000 mock.py:2455(_ANY)
        1    0.000    0.000    0.000    0.000 version.py:420(major)
       14    0.000    0.000    0.000    0.000 typing.py:3013(<lambda>)
        1    0.000    0.000    0.000    0.000 collections.py:1972(_MeshData)
        1    0.000    0.000    0.000    0.000 backend_tools.py:830(ToolPan)
        1    0.000    0.000    0.000    0.000 ticker.py:159(_DummyAxis)
        1    0.000    0.000    0.000    0.000 progress.py:344(GroupTiming)
        1    0.000    0.000    0.000    0.000 unix_events.py:833(AbstractChildWatcher)
        8    0.000    0.000    0.000    0.000 config.py:875(inner)
        1    0.000    0.000    0.000    0.000 polar.py:748(_WedgeBbox)
        2    0.000    0.000    0.000    0.000 scale.py:702(get_scale_names)
        1    0.000    0.000    0.000    0.000 html.py:695(_LxmlFrameParser)
       22    0.000    0.000    0.000    0.000 backend_agg.py:277(option_image_nocomposite)
        1    0.000    0.000    0.000    0.000 netutil.py:401(DefaultExecutorResolver)
        1    0.000    0.000    0.000    0.000 traceback.py:248(FrameSummary)
        1    0.000    0.000    0.000    0.000 memory.py:11(InMemoryDataStore)
        1    0.000    0.000    0.000    0.000 _adapters.py:16(__getattr__)
        1    0.000    0.000    0.000    0.000 backend_tools.py:457(ToolViewsPositions)
        1    0.000    0.000    0.000    0.000 selectors.py:341(_PollLikeSelector)
        1    0.000    0.000    0.000    0.000 {method 'newbyteorder' of 'numpy.generic' objects}
        4    0.000    0.000    0.000    0.000 _weakrefset.py:72(__len__)
        1    0.000    0.000    0.000    0.000 spines.py:522(Spines)
        1    0.000    0.000    0.000    0.000 {built-in method _codecs.lookup}
        1    0.000    0.000    0.000    0.000 web.py:2551(RedirectHandler)
        1    0.000    0.000    0.000    0.000 rrule.py:305(rrule)
        1    0.000    0.000    0.000    0.000 _adapters.py:12(__init__)
        1    0.000    0.000    0.000    0.000 _iotools.py:229(NameValidator)
        1    0.000    0.000    0.000    0.000 generic.py:586(_get_axis)
        4    0.000    0.000    0.000    0.000 transforms.py:292(p1)
        1    0.000    0.000    0.000    0.000 __init__.py:1353(Manager)
        1    0.000    0.000    0.000    0.000 base_parser.py:1426(_validate_parse_dates_arg)
        1    0.000    0.000    0.000    0.000 indexing.py:1651(PandasIndexingAdapter)
        1    0.000    0.000    0.000    0.000 weakref.py:105(remove)
        1    0.000    0.000    0.000    0.000 optimization.py:956(SubgraphCallable)
        1    0.000    0.000    0.000    0.000 xml.py:62(_XMLFrameParser)
        3    0.000    0.000    0.000    0.000 core.py:3293(_generateDefaultName)
        1    0.000    0.000    0.000    0.000 worker_state_machine.py:3934(DeprecatedWorkerStateAttribute)
        1    0.000    0.000    0.000    0.000 six.py:205(load_module)
        1    0.000    0.000    0.000    0.000 __init__.py:1358(__init__)
        1    0.000    0.000    0.000    0.000 _exceptions.py:116(_ArrayMemoryError)
        1    0.000    0.000    0.000    0.000 _pslinux.py:824(__init__)
        1    0.000    0.000    0.000    0.000 accessor_dt.py:237(TimeAccessor)
        1    0.000    0.000    0.000    0.000 http1connection.py:773(HTTP1ServerConnection)
        1    0.000    0.000    0.000    0.000 zarr.py:66(ZarrArrayWrapper)
       13    0.000    0.000    0.000    0.000 backend_bases.py:1795(is_saving)
        1    0.000    0.000    0.000    0.000 main.py:57(TestProgram)
        1    0.000    0.000    0.000    0.000 transports.py:197(SubprocessTransport)
        1    0.000    0.000    0.000    0.000 _datasource.py:74(_FileOpeners)
        1    0.000    0.000    0.000    0.000 hmac.py:27(HMAC)
        1    0.000    0.000    0.000    0.000 dispatch.py:1(<module>)
        1    0.000    0.000    0.000    0.000 cftime_offsets.py:102(BaseCFTimeOffset)
        1    0.000    0.000    0.000    0.000 ticker.py:2704(LogitLocator)
        1    0.000    0.000    0.000    0.000 progressbar.py:116(TextProgressBar)
        1    0.000    0.000    0.000    0.000 _stories.py:1(<module>)
        1    0.000    0.000    0.000    0.000 groupby.py:1773(DatasetGroupByBase)
        1    0.000    0.000    0.000    0.000 context.py:56(GlobalMethod)
        4    0.000    0.000    0.000    0.000 _base.py:1734(<genexpr>)
        1    0.000    0.000    0.000    0.000 invalid.py:1(<module>)
       32    0.000    0.000    0.000    0.000 dataclasses.py:1195(<genexpr>)
        2    0.000    0.000    0.000    0.000 results.py:436(__getattr__)
        1    0.000    0.000    0.000    0.000 console.py:1(<module>)
        1    0.000    0.000    0.000    0.000 iostream.py:84(StreamClosedError)
        1    0.000    0.000    0.000    0.000 pathlib.py:268(__init__)
        1    0.000    0.000    0.000    0.000 collections.py:1378(LineCollection)
        1    0.000    0.000    0.000    0.000 system_monitor.py:18(SystemMonitor)
        1    0.000    0.000    0.000    0.000 categorical.py:2774(CategoricalAccessor)
        1    0.000    0.000    0.000    0.000 polar.py:699(RadialAxis)
        1    0.000    0.000    0.000    0.000 layout_engine.py:27(LayoutEngine)
        2    0.000    0.000    0.000    0.000 rcsetup.py:858(validate_hist_bins)
        1    0.000    0.000    0.000    0.000 numbers.py:292(Rational)
        2    0.000    0.000    0.000    0.000 weakref.py:152(__contains__)
       29    0.000    0.000    0.000    0.000 worker_state_machine.py:3938(__init__)
        1    0.000    0.000    0.000    0.000 diskutils.py:36(WorkDir)
        1    0.000    0.000    0.000    0.000 _tokenizer.py:16(ParserSyntaxError)
        1    0.000    0.000    0.000    0.000 context.py:17(globalmethod)
        1    0.000    0.000    0.000    0.000 tz.py:201(tzlocal)
        1    0.000    0.000    0.000    0.000 groupby.py:490(UniqueGrouper)
        1    0.000    0.000    0.000    0.000 metrics.py:197(__init__)
        2    0.000    0.000    0.000    0.000 parse.py:119(_coerce_args)
        1    0.000    0.000    0.000    0.000 types.py:96(Alignable)
        1    0.000    0.000    0.000    0.000 sql.py:922(SQLTable)
        1    0.000    0.000    0.000    0.000 cm.py:83(__init__)
        1    0.000    0.000    0.000    0.000 netutil.py:496(ThreadedResolver)
        1    0.000    0.000    0.000    0.000 process.py:364(_ParentProcess)
        1    0.000    0.000    0.000    0.000 resample.py:1997(PeriodIndexResamplerGroupby)
        1    0.000    0.000    0.000    0.000 shared_docs.py:1(<module>)
        1    0.000    0.000    0.000    0.000 describe.py:136(DataFrameDescriber)
        1    0.000    0.000    0.000    0.000 {built-in method _hashlib.openssl_sha384}
        1    0.000    0.000    0.000    0.000 visitor.py:50(NodeTransformer)
        9    0.000    0.000    0.000    0.000 _base.py:4002(set_navigate_mode)
       10    0.000    0.000    0.000    0.000 rcsetup.py:374(validate_fontweight)
        1    0.000    0.000    0.000    0.000 pytables.py:2643(DataIndexableCol)
        1    0.000    0.000    0.000    0.000 core.py:5680(Group)
        1    0.000    0.000    0.000    0.000 ticker.py:198(Formatter)
        3    0.000    0.000    0.000    0.000 __init__.py:817(addFilter)
        1    0.000    0.000    0.000    0.000 bezier.py:189(BezierSegment)
        1    0.000    0.000    0.000    0.000 tz.py:328(_ttinfo)
        1    0.000    0.000    0.000    0.000 subprocess.py:126(CalledProcessError)
        2    0.000    0.000    0.000    0.000 weakref.py:121(_commit_removals)
        1    0.000    0.000    0.000    0.000 blockwise.py:182(BlockIndex)
        1    0.000    0.000    0.000    0.000 tcp.py:737(BaseTCPBackend)
        8    0.000    0.000    0.000    0.000 legend.py:1210(set_draggable)
        1    0.000    0.000    0.000    0.000 mock.py:2489(_Call)
        1    0.000    0.000    0.000    0.000 _concurrent_futures_thread.py:95(ThreadPoolExecutor)
        1    0.000    0.000    0.000    0.000 unix_events.py:1030(SafeChildWatcher)
        2    0.000    0.000    0.000    0.000 _itertools.py:1(<module>)
        1    0.000    0.000    0.000    0.000 common.py:245(AttrAccessMixin)
        1    0.000    0.000    0.000    0.000 ticker.py:815(LogFormatter)
       13    0.000    0.000    0.000    0.000 _base.py:781(get_subplotspec)
        1    0.000    0.000    0.000    0.000 datatree_render.py:22(__init__)
        1    0.000    0.000    0.000    0.000 dates.py:1866(_SwitchableDateConverter)
        5    0.000    0.000    0.000    0.000 contextlib.py:471(_create_exit_wrapper)
        1    0.000    0.000    0.000    0.000 unix_events.py:1349(ThreadedChildWatcher)
       10    0.000    0.000    0.000    0.000 _pytesttester.py:76(__init__)
       16    0.000    0.000    0.000    0.000 fromnumeric.py:861(_sort_dispatcher)
        1    0.000    0.000    0.000    0.000 pydoc.py:1190(__init__)
        3    0.000    0.000    0.000    0.000 inspect.py:2240(parse_name)
        1    0.000    0.000    0.000    0.000 mock.py:395(_MockIter)
        2    0.000    0.000    0.000    0.000 legend_handler.py:319(__init__)
        1    0.000    0.000    0.000    0.000 _trirefine.py:47(UniformTriRefiner)
        2    0.000    0.000    0.000    0.000 __init__.py:75(register)
       26    0.000    0.000    0.000    0.000 shape_base.py:135(_atleast_3d_dispatcher)
       11    0.000    0.000    0.000    0.000 async_utils.py:12(async_variant)
        5    0.000    0.000    0.000    0.000 dataclasses.py:604(<genexpr>)
        1    0.000    0.000    0.000    0.000 managers.py:1850(from_blocks)
       16    0.000    0.000    0.000    0.000 shape_base.py:1257(<genexpr>)
       14    0.000    0.000    0.000    0.000 _common.py:9(__init__)
        1    0.000    0.000    0.000    0.000 tcp.py:597(BaseTCPListener)
        1    0.000    0.000    0.000    0.000 nodes.py:644(List)
        1    0.000    0.000    0.000    0.000 core.py:2589(MaskedIterator)
       10    0.000    0.000    0.000    0.000 <frozen codecs>:331(getstate)
        9    0.000    0.000    0.000    0.000 spines.py:545(__init__)
        1    0.000    0.000    0.000    0.000 httputil.py:563(HTTPConnection)
        1    0.000    0.000    0.000    0.000 netutil.py:420(DefaultLoopResolver)
        2    0.000    0.000    0.000    0.000 weakref.py:147(__len__)
        1    0.000    0.000    0.000    0.000 _mathtext.py:2409(end_group)
       14    0.000    0.000    0.000    0.000 mock.py:1986(<genexpr>)
        1    0.000    0.000    0.000    0.000 indexing.py:32(GroupByIndexingMixin)
        1    0.000    0.000    0.000    0.000 dviread.py:65(Text)
        1    0.000    0.000    0.000    0.000 _tight_bbox.py:1(<module>)
        1    0.000    0.000    0.000    0.000 weakref.py:585(__call__)
        1    0.000    0.000    0.000    0.000 plugin.py:33(SchedulerPlugin)
       15    0.000    0.000    0.000    0.000 Image.py:519(size)
        1    0.000    0.000    0.000    0.000 arrayprint.py:905(FloatingFormat)
        1    0.000    0.000    0.000    0.000 multiprocessing.py:53(RemoteException)
        9    0.000    0.000    0.000    0.000 enum.py:1411(<lambda>)
       20    0.000    0.000    0.000    0.000 Image.py:523(mode)
        1    0.000    0.000    0.000    0.000 bccache.py:188(FileSystemBytecodeCache)
        1    0.000    0.000    0.000    0.000 string.py:57(Template)
        3    0.000    0.000    0.000    0.000 markers.py:517(_half_fill)
        1    0.000    0.000    0.000    0.000 arrayprint.py:1367(StructuredVoidFormat)
        1    0.000    0.000    0.000    0.000 pyplot.py:200(install_repl_displayhook)
        1    0.000    0.000    0.000    0.000 case.py:1423(_SubTest)
        1    0.000    0.000    0.000    0.000 types.py:550(FloatRange)
        1    0.000    0.000    0.000    0.000 ssl.py:394(_ASN1Object)
        1    0.000    0.000    0.000    0.000 integer.py:221(Int32Dtype)
       16    0.000    0.000    0.000    0.000 _add_newdocs_scalars.py:79(<genexpr>)
       23    0.000    0.000    0.000    0.000 _mathtext.py:1019(get_kerning)
        1    0.000    0.000    0.000    0.000 rolling.py:1466(RollingAndExpandingMixin)
        5    0.000    0.000    0.000    0.000 _common.py:862(get_procfs_path)
        1    0.000    0.000    0.000    0.000 progressbar.py:341(MultiProgressWidget)
        2    0.000    0.000    0.000    0.000 ssl.py:560(options)
        1    0.000    0.000    0.000    0.000 worker_state_machine.py:439(TaskFinishedMsg)
        6    0.000    0.000    0.000    0.000 reduction.py:43(register)
        1    0.000    0.000    0.000    0.000 ops.py:208(Op)
        1    0.000    0.000    0.000    0.000 _util.py:18(DeferredError)
        3    0.000    0.000    0.000    0.000 index_tricks.py:320(__init__)
        1    0.000    0.000    0.000    0.000 ws.py:108(WSHandlerComm)
        1    0.000    0.000    0.000    0.000 core.py:173(AsyncTaskGroup)
       18    0.000    0.000    0.000    0.000 ticker.py:257(_set_locator)
        1    0.000    0.000    0.000    0.000 groupby.py:348(Grouper)
        1    0.000    0.000    0.000    0.000 streams.py:315(StreamWriter)
        1    0.000    0.000    0.000    0.000 pytables.py:532(PyTablesExpr)
        1    0.000    0.000    0.000    0.000 argparse.py:892(BooleanOptionalAction)
        9    0.000    0.000    0.000    0.000 {method '__array_prepare__' of 'numpy.ndarray' objects}
        1    0.000    0.000    0.000    0.000 nodes.py:684(Keyword)
        1    0.000    0.000    0.000    0.000 connection.py:364(Connection)
        1    0.000    0.000    0.000    0.000 accessor.py:37(SparseAccessor)
        1    0.000    0.000    0.000    0.000 core.py:903(_MaskedUnaryOperation)
       17    0.000    0.000    0.000    0.000 strings.py:52(__init__)
        1    0.000    0.000    0.000    0.000 func.py:11(Func)
        1    0.000    0.000    0.000    0.000 nodes.py:670(Pair)
        1    0.000    0.000    0.000    0.000 colors.py:2278(LightSource)
        1    0.000    0.000    0.000    0.000 <frozen importlib._bootstrap>:1103(_resolve_filename)
        1    0.000    0.000    0.000    0.000 __init__.py:99(version_info)
        1    0.000    0.000    0.000    0.000 socketserver.py:640(_Threads)
        1    0.000    0.000    0.000    0.000 mock.py:1110(CallableMixin)
        1    0.000    0.000    0.000    0.000 platform.py:799(_Processor)
        1    0.000    0.000    0.000    0.000 integer.py:235(UInt8Dtype)
        1    0.000    0.000    0.000    0.000 _common.py:127(_TZifHeader)
        1    0.000    0.000    0.000    0.000 socket.py:664(SocketIO)
        2    0.000    0.000    0.000    0.000 types.py:76(resolve_bases)
        1    0.000    0.000    0.000    0.000 ImageSequence.py:24(Iterator)
        1    0.000    0.000    0.000    0.000 utils.py:434(_postinit)
        1    0.000    0.000    0.000    0.000 frequencies.py:105(_CFTimeFrequencyInferer)
        3    0.000    0.000    0.000    0.000 resolver.py:21(__init__)
        1    0.000    0.000    0.000    0.000 array_manager.py:1240(NullArrayProxy)
        1    0.000    0.000    0.000    0.000 template.py:481(DictLoader)
        1    0.000    0.000    0.000    0.000 base_events.py:276(Server)
        1    0.000    0.000    0.000    0.000 locks.py:258(_ReleasingContextManager)
        1    0.000    0.000    0.000    0.000 _base.py:111(_AllCompletedWaiter)
        1    0.000    0.000    0.000    0.000 cftime_offsets.py:513(YearOffset)
        1    0.000    0.000    0.000    0.000 transforms.py:2445(CompositeAffine2D)
        3    0.000    0.000    0.000    0.000 _parser.py:295(seek)
        7    0.000    0.000    0.000    0.000 getlimits.py:157(_register_type)
        1    0.000    0.000    0.000    0.000 scale.py:159(FuncScale)
        1    0.000    0.000    0.000    0.000 selector_events.py:769(_SelectorTransport)
       12    0.000    0.000    0.000    0.000 {method 'islower' of 'str' objects}
        1    0.000    0.000    0.000    0.000 {method 'clear' of 'collections.OrderedDict' objects}
        1    0.000    0.000    0.000    0.000 difflib.py:1666(HtmlDiff)
        1    0.000    0.000    0.000    0.000 handlers.py:451(WatchedFileHandler)
        2    0.000    0.000    0.000    0.000 common.py:1229(<genexpr>)
        1    0.000    0.000    0.000    0.000 widgets.py:66(Widget)
        1    0.000    0.000    0.000    0.000 base.py:147(NoNewAttributesMixin)
        9    0.000    0.000    0.000    0.000 contextlib.py:772(__init__)
        1    0.000    0.000    0.000    0.000 inproc.py:353(InProcBackend)
        1    0.000    0.000    0.000    0.000 subprocess.py:29(Subprocess)
        1    0.000    0.000    0.000    0.000 _structures.py:6(InfinityType)
        1    0.000    0.000    0.000    0.000 scope.py:26(DeepChainMap)
        1    0.000    0.000    0.000    0.000 dates.py:1268(AutoDateLocator)
        1    0.000    0.000    0.000    0.000 backend_tools.py:896(ToolHelpBase)
        1    0.000    0.000    0.000    0.000 _parser.py:394(_ymd)
        1    0.000    0.000    0.000    0.000 six.py:129(_LazyModule)
        3    0.000    0.000    0.000    0.000 threading.py:1483(current_thread)
        1    0.000    0.000    0.000    0.000 events.py:4(Event)
        1    0.000    0.000    0.000    0.000 accessors.py:53(Properties)
        1    0.000    0.000    0.000    0.000 csv.py:137(DictWriter)
        1    0.000    0.000    0.000    0.000 runner.py:30(TextTestResult)
        1    0.000    0.000    0.000    0.000 integer.py:249(UInt32Dtype)
        1    0.000    0.000    0.000    0.000 core.py:6345(mvoid)
        1    0.000    0.000    0.000    0.000 utils.py:2270(shorten_traceback)
        1    0.000    0.000    0.000    0.000 abc.py:28(__getattr__)
        1    0.000    0.000    0.000    0.000 layers.py:327(SimpleShuffleLayer)
        6    0.000    0.000    0.000    0.000 _mathtext.py:128(__init__)
        3    0.000    0.000    0.000    0.000 _mathtext.py:1762(__init__)
        1    0.000    0.000    0.000    0.000 ticker.py:2592(AsinhLocator)
        1    0.000    0.000    0.000    0.000 scale.py:499(AsinhScale)
        3    0.000    0.000    0.000    0.000 __init__.py:780(__init__)
        1    0.000    0.000    0.000    0.000 _compat.py:78(_FixupStream)
        1    0.000    0.000    0.000    0.000 parse.py:361(_fix_result_transcoding)
        1    0.000    0.000    0.000    0.000 active_memory_manager.py:446(ActiveMemoryManagerPolicy)
        1    0.000    0.000    0.000    0.000 ticker.py:1458(PercentFormatter)
        1    0.000    0.000    0.000    0.000 engines.py:47(AbstractEngine)
        1    0.000    0.000    0.000    0.000 integer.py:228(Int64Dtype)
        1    0.000    0.000    0.000    0.000 utils_perf.py:17(ThrottledGC)
        1    0.000    0.000    0.000    0.000 info.py:772(_DataFrameTableBuilder)
        1    0.000    0.000    0.000    0.000 backend_tools.py:158(ToolToggleBase)
        1    0.000    0.000    0.000    0.000 variable.py:127(Variable)
        1    0.000    0.000    0.000    0.000 cfexecutor.py:46(ClientExecutor)
        1    0.000    0.000    0.000    0.000 __init__.py:213(UTC)
        1    0.000    0.000    0.000    0.000 dates.py:1778(DateConverter)
        1    0.000    0.000    0.000    0.000 _mathtext.py:540(UnicodeFonts)
        1    0.000    0.000    0.000    0.000 colors.py:1417(TwoSlopeNorm)
        1    0.000    0.000    0.000    0.000 index_tricks.py:211(MGridClass)
        1    0.000    0.000    0.000    0.000 offsetbox.py:707(TextArea)
        1    0.000    0.000    0.000    0.000 blockwise.py:27(BlockwiseDep)
        5    0.000    0.000    0.000    0.000 functoolz.py:880(<genexpr>)
        1    0.000    0.000    0.000    0.000 ipaddress.py:563(_BaseAddress)
       18    0.000    0.000    0.000    0.000 scale.py:96(__init__)
        1    0.000    0.000    0.000    0.000 container.py:5(Container)
        1    0.000    0.000    0.000    0.000 nodes.py:360(CallBlock)
        1    0.000    0.000    0.000    0.000 calendar.py:603(LocaleTextCalendar)
        1    0.000    0.000    0.000    0.000 _compression.py:33(DecompressReader)
        3    0.000    0.000    0.000    0.000 __init__.py:43(private_class)
        8    0.000    0.000    0.000    0.000 patches.py:2480(__init__)
        1    0.000    0.000    0.000    0.000 reader.py:24(ReaderError)
        1    0.000    0.000    0.000    0.000 _encoded_words.py:73(_QByteMap)
        1    0.000    0.000    0.000    0.000 rolling.py:683(BaseWindowGroupby)
        9    0.000    0.000    0.000    0.000 backend_bases.py:2676(notify_axes_change)
        1    0.000    0.000    0.000    0.000 pytables.py:4598(AppendableFrameTable)
        1    0.000    0.000    0.000    0.000 patches.py:3136(_Base)
       17    0.000    0.000    0.000    0.000 multiarray.py:1030(unravel_index)
       11    0.000    0.000    0.000    0.000 backend_bases.py:1690(<lambda>)
        1    0.000    0.000    0.000    0.000 actor.py:235(BaseActorFuture)
        1    0.000    0.000    0.000    0.000 concat.py:350(JoinUnit)
        1    0.000    0.000    0.000    0.000 _datasource.py:196(DataSource)
        1    0.000    0.000    0.000    0.000 _shuffle.py:390(DataFrameShuffleRun)
        1    0.000    0.000    0.000    0.000 utils.py:1252(itemgetter)
        1    0.000    0.000    0.000    0.000 integer.py:256(UInt64Dtype)
        1    0.000    0.000    0.000    0.000 index_tricks.py:530(__init__)
        1    0.000    0.000    0.000    0.000 base.py:100(PandasObject)
        1    0.000    0.000    0.000    0.000 dates.py:1192(RRuleLocator)
       20    0.000    0.000    0.000    0.000 gridspec.py:71(<lambda>)
        1    0.000    0.000    0.000    0.000 event.py:152(Event)
        1    0.000    0.000    0.000    0.000 lock.py:75(Lock)
        1    0.000    0.000    0.000    0.000 routing.py:510(AnyMatches)
        1    0.000    0.000    0.000    0.000 filters.py:1175(_GroupTuple)
        2    0.000    0.000    0.000    0.000 __init__.py:764(legacy_normalize)
        1    0.000    0.000    0.000    0.000 _internal.py:217(_getintp_ctype)
        1    0.000    0.000    0.000    0.000 ws.py:56(WSHandler)
        1    0.000    0.000    0.000    0.000 integer.py:242(UInt16Dtype)
       14    0.000    0.000    0.000    0.000 artist.py:845(get_animated)
        1    0.000    0.000    0.000    0.000 transforms.py:2159(_BlendedMixin)
        1    0.000    0.000    0.000    0.000 ctypeslib.py:181(_ndptr)
        1    0.000    0.000    0.000    0.000 blocks.py:2795(extend_blocks)
        1    0.000    0.000    0.000    0.000 <frozen os>:812(fsencode)
        1    0.000    0.000    0.000    0.000 core.py:4045(Or)
        1    0.000    0.000    0.000    0.000 <frozen importlib._bootstrap>:1158(create_module)
        1    0.000    0.000    0.000    0.000 ssl.py:159(TLSVersion)
        1    0.000    0.000    0.000    0.000 info.py:515(SeriesInfo)
        1    0.000    0.000    0.000    0.000 info.py:593(_DataFrameInfoPrinter)
        2    0.000    0.000    0.000    0.000 inference.py:105(is_file_like)
        1    0.000    0.000    0.000    0.000 core.py:6844(_frommethod)
        4    0.000    0.000    0.000    0.000 mixins.py:51(_unary_method)
        1    0.000    0.000    0.000    0.000 plugin.py:326(NannyPlugin)
        1    0.000    0.000    0.000    0.000 cookies.py:460(BaseCookie)
        1    0.000    0.000    0.000    0.000 runners.py:20(Runner)
        1    0.000    0.000    0.000    0.000 six.py:164(_resolve)
        1    0.000    0.000    0.000    0.000 lines.py:1467(AxLine)
        1    0.000    0.000    0.000    0.000 rcsetup.py:131(_validate_date)
        1    0.000    0.000    0.000    0.000 nodes.py:787(Filter)
        1    0.000    0.000    0.000    0.000 nodes.py:898(Concat)
        1    0.000    0.000    0.000    0.000 ssl.py:185(_TLSAlertType)
        1    0.000    0.000    0.000    0.000 core.py:2589(CaselessKeyword)
        1    0.000    0.000    0.000    0.000 index_tricks.py:255(__init__)
       10    0.000    0.000    0.000    0.000 {method 'seek' of '_io.StringIO' objects}
        1    0.000    0.000    0.000    0.000 core.py:5123(Opt)
        1    0.000    0.000    0.000    0.000 model.py:97(BasePrimitiveType)
       16    0.000    0.000    0.000    0.000 fromnumeric.py:533(_swapaxes_dispatcher)
        1    0.000    0.000    0.000    0.000 common.py:312(AbstractWritableDataStore)
        1    0.000    0.000    0.000    0.000 parallelcompat.py:32(ChunkedArrayMixinProtocol)
        1    0.000    0.000    0.000    0.000 figure.py:73(_AxesStack)
        1    0.000    0.000    0.000    0.000 recreate_tasks.py:50(ReplayTaskClient)
        1    0.000    0.000    0.000    0.000 inproc.py:26(Manager)
        1    0.000    0.000    0.000    0.000 cloudpickle.py:492(_empty_cell_value)
        1    0.000    0.000    0.000    0.000 {built-in method _elementtree._set_factories}
        1    0.000    0.000    0.000    0.000 taskgroups.py:12(TaskGroup)
        1    0.000    0.000    0.000    0.000 _mathtext.py:221(Fonts)
        1    0.000    0.000    0.000    0.000 core.py:4740(PrecededBy)
        1    0.000    0.000    0.000    0.000 tz.py:1167(_tzicalvtz)
        3    0.000    0.000    0.000    0.000 _add_docstring.py:11(add_newdoc)
        1    0.000    0.000    0.000    0.000 apply.py:709(NDFrameApply)
        1    0.000    0.000    0.000    0.000 art3d.py:534(Patch3DCollection)
        5    0.000    0.000    0.000    0.000 {method 'cleanup' of 'ImagingEncoder' objects}
        1    0.000    0.000    0.000    0.000 utils.py:1215(methodcaller)
        1    0.000    0.000    0.000    0.000 spans.py:450(SpansSchedulerExtension)
        1    0.000    0.000    0.000    0.000 PngImagePlugin.py:151(ChunkStream)
        8    0.000    0.000    0.000    0.000 _base.py:2605(use_sticky_edges)
       10    0.000    0.000    0.000    0.000 base.py:455(__init__)
        1    0.000    0.000    0.000    0.000 mock.py:2187(MagicProxy)
        1    0.000    0.000    0.000    0.000 c_parser_wrapper.py:194(close)
        1    0.000    0.000    0.000    0.000 base.py:2475(ExtensionScalarOpsMixin)
        1    0.000    0.000    0.000    0.000 common.py:188(all_none)
        1    0.000    0.000    0.000    0.000 layers.py:90(ArrayOverlapLayer)
        1    0.000    0.000    0.000    0.000 file_manager.py:331(__init__)
        2    0.000    0.000    0.000    0.000 series.py:233(_coerce_method)
        1    0.000    0.000    0.000    0.000 indexing.py:156(IndexingMixin)
        1    0.000    0.000    0.000    0.000 npyio.py:106(NpzFile)
        1    0.000    0.000    0.000    0.000 ticker.py:332(FormatStrFormatter)
        1    0.000    0.000    0.000    0.000 socketserver.py:392(TCPServer)
        1    0.000    0.000    0.000    0.000 __init__.py:742(Prepared)
        1    0.000    0.000    0.000    0.000 textpath.py:293(TextPath)
        1    0.000    0.000    0.000    0.000 tcp.py:464(RequireEncryptionMixin)
        1    0.000    0.000    0.000    0.000 core.py:5623(Combine)
        1    0.000    0.000    0.000    0.000 {built-in method numpy.core._multiarray_umath._reload_guard}
        4    0.000    0.000    0.000    0.000 __init__.py:443(__init__)
        1    0.000    0.000    0.000    0.000 extension_array.py:65(PandasExtensionArray)
        1    0.000    0.000    0.000    0.000 resample.py:1730(DatetimeIndexResampler)
        1    0.000    0.000    0.000    0.000 info.py:673(_SeriesInfoPrinter)
        1    0.000    0.000    0.000    0.000 mock.py:2508(__new__)
        1    0.000    0.000    0.000    0.000 worker_state_machine.py:3824(TaskCounter)
        6    0.000    0.000    0.000    0.000 core.py:3491(<genexpr>)
        5    0.000    0.000    0.000    0.000 PngImagePlugin.py:1078(__init__)
        1    0.000    0.000    0.000    0.000 unix_events.py:604(_UnixWritePipeTransport)
        1    0.000    0.000    0.000    0.000 indexing.py:591(LazilyIndexedArray)
        1    0.000    0.000    0.000    0.000 config_init.py:295(is_terminal)
        1    0.000    0.000    0.000    0.000 format.py:1848(EngFormatter)
        8    0.000    0.000    0.000    0.000 gridspec.py:613(num2)
        1    0.000    0.000    0.000    0.000 colors.py:1840(SymLogNorm)
        1    0.000    0.000    0.000    0.000 _nbit.py:1(<module>)
        1    0.000    0.000    0.000    0.000 delayed.py:691(DelayedLeaf)
        1    0.000    0.000    0.000    0.000 extension.py:135(ExtensionIndex)
        1    0.000    0.000    0.000    0.000 legend_handler.py:398(HandlerLineCollection)
       10    0.000    0.000    0.000    0.000 _strptime.py:210(<genexpr>)
        1    0.000    0.000    0.000    0.000 ansitowin32.py:16(StreamWrapper)
        1    0.000    0.000    0.000    0.000 phytoplankton.py:20(Algae_Species)
        8    0.000    0.000    0.000    0.000 functools.py:970(__set_name__)
        1    0.000    0.000    0.000    0.000 template.py:453(Loader)
        1    0.000    0.000    0.000    0.000 ast.py:1799(__getattr__)
        1    0.000    0.000    0.000    0.000 nodes.py:467(Expr)
        1    0.000    0.000    0.000    0.000 cbook.py:2175(_backend_module_name)
        1    0.000    0.000    0.000    0.000 suite.py:16(BaseTestSuite)
        1    0.000    0.000    0.000    0.000 ws.py:335(WSListener)
        1    0.000    0.000    0.000    0.000 deprecation.py:308(_deprecated_parameter_class)
        1    0.000    0.000    0.000    0.000 popen_fork.py:12(Popen)
        1    0.000    0.000    0.000    0.000 _triinterpolate.py:232(LinearTriInterpolator)
        1    0.000    0.000    0.000    0.000 {built-in method _hashlib.openssl_sha3_256}
        1    0.000    0.000    0.000    0.000 config.py:503(DictConfigurator)
        1    0.000    0.000    0.000    0.000 abc.py:195(SourceLoader)
        5    0.000    0.000    0.000    0.000 six.py:186(_get_module)
        3    0.000    0.000    0.000    0.000 {method 'seek' of '_io.BufferedReader' objects}
        6    0.000    0.000    0.000    0.000 unix_events.py:856(__init_subclass__)
        1    0.000    0.000    0.000    0.000 accessor_dt.py:537(TimedeltaAccessor)
        1    0.000    0.000    0.000    0.000 scale.py:409(SymmetricalLogScale)
        1    0.000    0.000    0.000    0.000 strings.py:219(StackedBytesArray)
        1    0.000    0.000    0.000    0.000 ewm.py:933(OnlineExponentialMovingWindow)
        5    0.000    0.000    0.000    0.000 core.py:2348(_generateDefaultName)
        1    0.000    0.000    0.000    0.000 reduction.py:251(AbstractReducer)
        1    0.000    0.000    0.000    0.000 routing.py:213(ReversibleRouter)
        1    0.000    0.000    0.000    0.000 nodes.py:490(BinExpr)
        1    0.000    0.000    0.000    0.000 c_parser_wrapper.py:56(CParserWrapper)
       10    0.000    0.000    0.000    0.000 accessor.py:216(__init__)
        1    0.000    0.000    0.000    0.000 nodes.py:380(With)
        1    0.000    0.000    0.000    0.000 backend_tools.py:709(ToolZoom)
        1    0.000    0.000    0.000    0.000 weakref.py:194(get)
        1    0.000    0.000    0.000    0.000 rolling.py:2872(RollingGroupby)
        1    0.000    0.000    0.000    0.000 ipc.py:78(RecordBatchStreamWriter)
        1    0.000    0.000    0.000    0.000 offsetbox.py:1141(OffsetImage)
        1    0.000    0.000    0.000    0.000 extras.py:1655(__init__)
        2    0.000    0.000    0.000    0.000 __init__.py:373(_FuncPtr)
        1    0.000    0.000    0.000    0.000 _rechunk.py:732(ArrayRechunkSpec)
        1    0.000    0.000    0.000    0.000 hatch.py:124(Circles)
        7    0.000    0.000    0.000    0.000 {built-in method _stat.S_ISDIR}
        1    0.000    0.000    0.000    0.000 {built-in method gc.disable}
        1    0.000    0.000    0.000    0.000 pydap_.py:34(PydapArrayWrapper)
        1    0.000    0.000    0.000    0.000 __init__.py:106(__version__)
        2    0.000    0.000    0.000    0.000 model.py:12(qualify)
        1    0.000    0.000    0.000    0.000 random.py:222(__init_subclass__)
        1    0.000    0.000    0.000    0.000 lmdb.py:22(LMDB)
        1    0.000    0.000    0.000    0.000 {method '__dir__' of 'module' objects}
        1    0.000    0.000    0.000    0.000 inproc.py:263(InProcListener)
        1    0.000    0.000    0.000    0.000 _adapters.py:46(SpecPath)
        1    0.000    0.000    0.000    0.000 types.py:593(BoolParamType)
        1    0.000    0.000    0.000    0.000 {built-in method resource.getrlimit}
        5    0.000    0.000    0.000    0.000 gridspec.py:100(set_width_ratios)
        2    0.000    0.000    0.000    0.000 feedparser.py:208(_pop_message)
        1    0.000    0.000    0.000    0.000 utils_perf.py:72(FractionalTimer)
        1    0.000    0.000    0.000    0.000 _base.py:210(_process_plot_var_args)
        1    0.000    0.000    0.000    0.000 tcp.py:430(TLS)
        1    0.000    0.000    0.000    0.000 indexing.py:313(ExplicitIndexer)
        1    0.000    0.000    0.000    0.000 string.py:188(Formatter)
        4    0.000    0.000    0.000    0.000 core.py:3417(dtype)
        1    0.000    0.000    0.000    0.000 feedparser.py:44(BufferedSubFile)
        1    0.000    0.000    0.000    0.000 tarfile.py:606(_FileInFile)
        1    0.000    0.000    0.000    0.000 rrule.py:94(rrulebase)
        1    0.000    0.000    0.000    0.000 exceptions.py:26(DuplicateEditVariable)
        1    0.000    0.000    0.000    0.000 numerictypes.py:229(obj2sctype)
        1    0.000    0.000    0.000    0.000 records.py:223(record)
       10    0.000    0.000    0.000    0.000 widgets.py:38(__init__)
        1    0.000    0.000    0.000    0.000 _shuffle.py:560(DataFrameShuffleSpec)
        1    0.000    0.000    0.000    0.000 events.py:29(Handle)
        1    0.000    0.000    0.000    0.000 lexer.py:269(Token)
        1    0.000    0.000    0.000    0.000 _typing.py:262(BaseBuffer)
        1    0.000    0.000    0.000    0.000 common.py:488(BackendEntrypoint)
        1    0.000    0.000    0.000    0.000 datatree_render.py:21(AbstractStyle)
        1    0.000    0.000    0.000    0.000 api.py:114(__getattr__)
        1    0.000    0.000    0.000    0.000 colors.py:1878(AsinhNorm)
        9    0.000    0.000    0.000    0.000 {method 'bit_length' of 'int' objects}
        1    0.000    0.000    0.000    0.000 types.py:188(UnprocessedParamType)
        1    0.000    0.000    0.000    0.000 connection.py:448(Listener)
        1    0.000    0.000    0.000    0.000 six.py:219(is_package)
        1    0.000    0.000    0.000    0.000 _mathtext.py:1054(Vbox)
        1    0.000    0.000    0.000    0.000 utils.py:566(NdimSizeLenMixin)
        2    0.000    0.000    0.000    0.000 message.py:331(set_payload)
        1    0.000    0.000    0.000    0.000 pytables.py:66(Term)
        1    0.000    0.000    0.000    0.000 accessors.py:151(ArrowTemporalProperties)
        1    0.000    0.000    0.000    0.000 core.py:4865(NotAny)
        2    0.000    0.000    0.000    0.000 rcsetup.py:611(_validate_minor_tick_ndivs)
        1    0.000    0.000    0.000    0.000 _mathtext.py:329(TruetypeFonts)
        1    0.000    0.000    0.000    0.000 core.py:5804(Suppress)
        1    0.000    0.000    0.000    0.000 __init__.py:125(DeprecatedTuple)
        1    0.000    0.000    0.000    0.000 mock.py:3007(_AsyncIterator)
        1    0.000    0.000    0.000    0.000 events.py:106(TimerHandle)
        1    0.000    0.000    0.000    0.000 tz.py:874(tzrange)
        2    0.000    0.000    0.000    0.000 backend_bases.py:1744(_fix_ipython_backend2gui)
        1    0.000    0.000    0.000    0.000 transforms.py:2525(BboxTransform)
        1    0.000    0.000    0.000    0.000 ElementTree.py:514(ElementTree)
        1    0.000    0.000    0.000    0.000 format.py:189(SeriesFormatter)
        1    0.000    0.000    0.000    0.000 _triinterpolate.py:985(_DOF_estimator)
        1    0.000    0.000    0.000    0.000 lines.py:1602(VertexSelector)
        2    0.000    0.000    0.000    0.000 representer.py:71(add_multi_representer)
       29    0.000    0.000    0.000    0.000 worker_state_machine.py:3941(__set_name__)
        1    0.000    0.000    0.000    0.000 local.py:23(LocalCluster)
        1    0.000    0.000    0.000    0.000 indexing.py:694(LazilyVectorizedIndexedArray)
        1    0.000    0.000    0.000    0.000 calendar.py:442(HTMLCalendar)
        5    0.000    0.000    0.000    0.000 PngImagePlugin.py:268(__init__)
        1    0.000    0.000    0.000    0.000 scale.py:261(LogScale)
        1    0.000    0.000    0.000    0.000 selectors.py:290(SelectSelector)
        1    0.000    0.000    0.000    0.000 {built-in method _hashlib.openssl_sha3_384}
        1    0.000    0.000    0.000    0.000 cyaml.py:51(CBaseDumper)
        1    0.000    0.000    0.000    0.000 sorteddict.py:706(SortedItemsView)
        1    0.000    0.000    0.000    0.000 indexing.py:1482(NumpyIndexingAdapter)
        6    0.000    0.000    0.000    0.000 utils.py:29(pass_context)
       10    0.000    0.000    0.000    0.000 __future__.py:83(__init__)
        1    0.000    0.000    0.000    0.000 subprocess.py:17(SubprocessStreamProtocol)
        1    0.000    0.000    0.000    0.000 core.py:2952(Char)
        2    0.000    0.000    0.000    0.000 distributed.py:21(__getattr__)
        1    0.000    0.000    0.000    0.000 worker_state_machine.py:947(RescheduleEvent)
        1    0.000    0.000    0.000    0.000 core.py:140(_LoopBoundMixin)
        1    0.000    0.000    0.000    0.000 compiler.py:271(UndeclaredNameVisitor)
        1    0.000    0.000    0.000    0.000 tzinfo.py:159(DstTzInfo)
        1    0.000    0.000    0.000    0.000 {method 'replace' of 'code' objects}
        1    0.000    0.000    0.000    0.000 loader.py:74(__init__)
        1    0.000    0.000    0.000    0.000 _misc.py:636(__init__)
        3    0.000    0.000    0.000    0.000 __init__.py:1942(close)
        1    0.000    0.000    0.000    0.000 base_parser.py:1269(_process_date_conversion)
        1    0.000    0.000    0.000    0.000 offsetbox.py:824(AuxTransformBox)
        1    0.000    0.000    0.000    0.000 core.py:5613(TokenConverter)
        1    0.000    0.000    0.000    0.000 memmap.py:22(memmap)
        1    0.000    0.000    0.000    0.000 progressbar.py:38(ProgressBar)
        1    0.000    0.000    0.000    0.000 ticker.py:1109(LogitFormatter)
        1    0.000    0.000    0.000    0.000 Image.py:2875(ImagePointHandler)
        3    0.000    0.000    0.000    0.000 __init__.py:426(<genexpr>)
        1    0.000    0.000    0.000    0.000 _generated_version.py:1(<module>)
        5    0.000    0.000    0.000    0.000 {method 'append' of 'collections.deque' objects}
        3    0.000    0.000    0.000    0.000 {built-in method sys.getfilesystemencoding}
        1    0.000    0.000    0.000    0.000 web.py:2445(HTTPError)
        1    0.000    0.000    0.000    0.000 process.py:281(_ExecutorManagerThread)
        1    0.000    0.000    0.000    0.000 variables.py:661(ObjectVLenStringCoder)
        2    0.000    0.000    0.000    0.000 rcsetup.py:557(validate_sketch)
        4    0.000    0.000    0.000    0.000 reprlib.py:9(recursive_repr)
        1    0.000    0.000    0.000    0.000 actor.py:292(ActorFuture)
        1    0.000    0.000    0.000    0.000 utils.py:61(ArrowCTypes)
        1    0.000    0.000    0.000    0.000 image.py:1325(FigureImage)
        2    0.000    0.000    0.000    0.000 rcsetup.py:543(validate_bbox)
       16    0.000    0.000    0.000    0.000 transforms.py:2154(inverted)
        1    0.000    0.000    0.000    0.000 function_base.py:2117(vectorize)
        1    0.000    0.000    0.000    0.000 zarr.py:1124(ZarrBackendEntrypoint)
        1    0.000    0.000    0.000    0.000 sql.py:2478(SQLiteTable)
        1    0.000    0.000    0.000    0.000 category.py:138(StrCategoryFormatter)
        1    0.000    0.000    0.000    0.000 metrics.py:46(_WindowsTime)
        1    0.000    0.000    0.000    0.000 environment.py:1560(TemplateExpression)
        1    0.000    0.000    0.000    0.000 config.py:375(set)
        1    0.000    0.000    0.000    0.000 _functools.py:1(<module>)
        1    0.000    0.000    0.000    0.000 tempfile.py:132(_RandomNameSequence)
        1    0.000    0.000    0.000    0.000 blockwise.py:86(BlockwiseDepDict)
        1    0.000    0.000    0.000    0.000 transforms.py:2663(ScaledTranslation)
        1    0.000    0.000    0.000    0.000 template.py:517(_File)
        1    0.000    0.000    0.000    0.000 _collections.py:27(Pair)
        1    0.000    0.000    0.000    0.000 pytables.py:420(PyTablesExprVisitor)
        1    0.000    0.000    0.000    0.000 format.py:1513(_ExtensionArrayFormatter)
        9    0.000    0.000    0.000    0.000 core.py:1518(<genexpr>)
        1    0.000    0.000    0.000    0.000 PngImagePlugin.py:240(iTXt)
        1    0.000    0.000    0.000    0.000 types.py:618(UUIDParameterType)
        1    0.000    0.000    0.000    0.000 client.py:6004(performance_report)
        1    0.000    0.000    0.000    0.000 gridspec.py:318(GridSpec)
        1    0.000    0.000    0.000    0.000 layout_engine.py:132(TightLayoutEngine)
        1    0.000    0.000    0.000    0.000 ImageFile.py:692(PyDecoder)
        1    0.000    0.000    0.000    0.000 _build_tlz.py:8(TlzLoader)
        1    0.000    0.000    0.000    0.000 __init__.py:336(SubclassedSeries)
        1    0.000    0.000    0.000    0.000 axis.py:462(YTick)
        1    0.000    0.000    0.000    0.000 image.py:1188(PcolorImage)
        1    0.000    0.000    0.000    0.000 _cm.py:66(cubehelix)
        1    0.000    0.000    0.000    0.000 core.py:2367(Literal)
        1    0.000    0.000    0.000    0.000 {built-in method _hashlib.openssl_sha3_512}
        1    0.000    0.000    0.000    0.000 utils.py:327(SyncMethodMixin)
        1    0.000    0.000    0.000    0.000 header.py:175(Header)
        1    0.000    0.000    0.000    0.000 index_tricks.py:562(__init__)
        1    0.000    0.000    0.000    0.000 _common.py:676(__init__)
        1    0.000    0.000    0.000    0.000 serialize.py:581(ToPickle)
        1    0.000    0.000    0.000    0.000 info.py:934(_DataFrameTableBuilderVerbose)
        2    0.000    0.000    0.000    0.000 rcsetup.py:432(validate_ps_distiller)
        1    0.000    0.000    0.000    0.000 six.py:169(_SixMetaPathImporter)
        1    0.000    0.000    0.000    0.000 ElementTree.py:1503(XMLParser)
        1    0.000    0.000    0.000    0.000 _globals.py:52(__new__)
        6    0.000    0.000    0.000    0.000 utils.py:208(__init__)
        1    0.000    0.000    0.000    0.000 counter.py:40(Counter)
        1    0.000    0.000    0.000    0.000 arithmetic.py:23(SupportsArithmetic)
        1    0.000    0.000    0.000    0.000 core.py:4307(Each)
        1    0.000    0.000    0.000    0.000 {built-in method atexit.unregister}
        1    0.000    0.000    0.000    0.000 blocks.py:2573(NumpyBlock)
        6    0.000    0.000    0.000    0.000 {built-in method time.perf_counter}
        1    0.000    0.000    0.000    0.000 image.py:1388(BboxImage)
        1    0.000    0.000    0.000    0.000 {method 'strip' of 'bytes' objects}
        1    0.000    0.000    0.000    0.000 nodes.py:855(Getattr)
        2    0.000    0.000    0.000    0.000 events.py:46(__init__)
        1    0.000    0.000    0.000    0.000 pytables.py:3203(SeriesFixed)
        1    0.000    0.000    0.000    0.000 streamplot.py:322(Grid)
        1    0.000    0.000    0.000    0.000 template.py:700(ParseError)
        1    0.000    0.000    0.000    0.000 <frozen _collections_abc>:124(__subclasshook__)
        1    0.000    0.000    0.000    0.000 ImageFile.py:380(Parser)
        6    0.000    0.000    0.000    0.000 worker_memory.py:522(__set_name__)
        1    0.000    0.000    0.000    0.000 core.py:7(EqualityHashKey)
        2    0.000    0.000    0.000    0.000 message.py:211(is_multipart)
        1    0.000    0.000    0.000    0.000 {built-in method _hashlib.openssl_sha256}
        1    0.000    0.000    0.000    0.000 __init__.py:233(__getattr__)
        1    0.000    0.000    0.000    0.000 exceptions.py:257(FileError)
        1    0.000    0.000    0.000    0.000 legend.py:54(DraggableLegend)
        1    0.000    0.000    0.000    0.000 common.py:1117(_maybe_memory_map)
        1    0.000    0.000    0.000    0.000 html.py:579(_BeautifulSoupHtml5LibFrameParser)
        1    0.000    0.000    0.000    0.000 config.py:225(__init__)
        1    0.000    0.000    0.000    0.000 compiler.py:252(DependencyFinderVisitor)
        1    0.000    0.000    0.000    0.000 nodes.py:833(Getitem)
        1    0.000    0.000    0.000    0.000 _pslinux.py:1734(__init__)
        1    0.000    0.000    0.000    0.000 widgets.py:163(Button)
        3    0.000    0.000    0.000    0.000 {method 'copy' of 'mappingproxy' objects}
        1    0.000    0.000    0.000    0.000 PpmImagePlugin.py:161(PpmPlainDecoder)
        1    0.000    0.000    0.000    0.000 patches.py:2534(Round4)
        1    0.000    0.000    0.000    0.000 resample.py:1878(PeriodIndexResampler)
        1    0.000    0.000    0.000    0.000 art3d.py:412(Patch3D)
        1    0.000    0.000    0.000    0.000 __init__.py:1182(_ZipWriteFile)
        4    0.000    0.000    0.000    0.000 backend_bases.py:1629(Done)
        1    0.000    0.000    0.000    0.000 composer.py:11(Composer)
        1    0.000    0.000    0.000    0.000 config.py:268(CallableDynamicDoc)
        1    0.000    0.000    0.000    0.000 {built-in method _hashlib.openssl_shake_256}
        1    0.000    0.000    0.000    0.000 polar.py:402(ThetaAxis)
        1    0.000    0.000    0.000    0.000 uuid.py:334(hex)
        1    0.000    0.000    0.000    0.000 cbook.py:677(_Stack)
        1    0.000    0.000    0.000    0.000 utils_perf.py:133(GCDiagnosis)
        1    0.000    0.000    0.000    0.000 __init__.py:25(InfinityType)
        1    0.000    0.000    0.000    0.000 __init__.py:27(classproperty)
        9    0.000    0.000    0.000    0.000 core.py:4066(<genexpr>)
        1    0.000    0.000    0.000    0.000 ansi.py:36(AnsiCursor)
        1    0.000    0.000    0.000    0.000 pydap_.py:148(PydapBackendEntrypoint)
        1    0.000    0.000    0.000    0.000 Image.py:440(_E)
        1    0.000    0.000    0.000    0.000 spill.py:39(ManualEvictProto)
        1    0.000    0.000    0.000    0.000 simple_httpclient.py:44(HTTPTimeoutError)
        1    0.000    0.000    0.000    0.000 nodes.py:1083(MarkSafe)
        1    0.000    0.000    0.000    0.000 accessors.py:215(StructAccessor)
        1    0.000    0.000    0.000    0.000 queues.py:17(QueueExtension)
        1    0.000    0.000    0.000    0.000 python_parser.py:1201(FixedWidthReader)
        1    0.000    0.000    0.000    0.000 threadpoolexecutor.py:70(ThreadPoolExecutor)
        1    0.000    0.000    0.000    0.000 metrics.py:116(MeterOutput)
        1    0.000    0.000    0.000    0.000 base.py:252(DaskMethodsMixin)
        1    0.000    0.000    0.000    0.000 ewm.py:900(ExponentialMovingWindowGroupby)
        1    0.000    0.000    0.000    0.000 offsetbox.py:527(PaddedBox)
        1    0.000    0.000    0.000    0.000 collections.py:1748(CircleCollection)
        1    0.000    0.000    0.000    0.000 records.py:308(recarray)
        1    0.000    0.000    0.000    0.000 {built-in method _hashlib.openssl_sha512}
        1    0.000    0.000    0.000    0.000 __init__.py:322(CDLL)
        1    0.000    0.000    0.000    0.000 file_manager.py:303(__init__)
        1    0.000    0.000    0.000    0.000 inproc.py:100(Queue)
        1    0.000    0.000    0.000    0.000 socketserver.py:552(ForkingMixIn)
        1    0.000    0.000    0.000    0.000 store.py:19(StoreBackendEntrypoint)
        1    0.000    0.000    0.000    0.000 __init__.py:85(get_projection_names)
        1    0.000    0.000    0.000    0.000 nodes.py:1151(Scope)
        1    0.000    0.000    0.000    0.000 utils.py:524(OrderedSet)
        2    0.000    0.000    0.000    0.000 sysconfig.py:284(_get_preferred_schemes)
        1    0.000    0.000    0.000    0.000 _common.py:6(weekday)
        2    0.000    0.000    0.000    0.000 Image.py:3494(register_save_all)
        8    0.000    0.000    0.000    0.000 __init__.py:56(fget)
        1    0.000    0.000    0.000    0.000 spill.py:24(SpilledSize)
        1    0.000    0.000    0.000    0.000 transports.py:9(BaseTransport)
        1    0.000    0.000    0.000    0.000 runtime.py:122(TemplateReference)
        1    0.000    0.000    0.000    0.000 {method 'clear' of 'list' objects}
        1    0.000    0.000    0.000    0.000 utils.py:815(_LogErrors)
        1    0.000    0.000    0.000    0.000 pytables.py:50(PyTablesScope)
        1    0.000    0.000    0.000    0.000 nodes.py:991(And)
        1    0.000    0.000    0.000    0.000 <string>:1(<lambda>)
        1    0.000    0.000    0.000    0.000 cftime_offsets.py:411(QuarterOffset)
        1    0.000    0.000    0.000    0.000 layout_engine.py:211(ConstrainedLayoutEngine)
        1    0.000    0.000    0.000    0.000 collections.py:1008(PathCollection)
        1    0.000    0.000    0.000    0.000 recreate_tasks.py:15(ReplayTaskScheduler)
        1    0.000    0.000    0.000    0.000 nodes.py:515(UnaryExpr)
        1    0.000    0.000    0.000    0.000 pydoc.py:543(HTMLRepr)
        5    0.000    0.000    0.000    0.000 ImageFile.py:88(_tilesort)
        1    0.000    0.000    0.000    0.000 __init__.py:286(LogRecord)
        1    0.000    0.000    0.000    0.000 arrow_parser_wrapper.py:32(ArrowParserWrapper)
        1    0.000    0.000    0.000    0.000 getlimits.py:630(iinfo)
        1    0.000    0.000    0.000    0.000 __init__.py:398(_FixedOffset)
        1    0.000    0.000    0.000    0.000 patches.py:3207(_Curve)
        1    0.000    0.000    0.000    0.000 decoder.py:254(JSONDecoder)
        1    0.000    0.000    0.000    0.000 backend_bases.py:1246(Event)
        1    0.000    0.000    0.000    0.000 case.py:1365(FunctionTestCase)
        1    0.000    0.000    0.000    0.000 client.py:6076(get_task_metadata)
        1    0.000    0.000    0.000    0.000 transports.py:72(WriteTransport)
        1    0.000    0.000    0.000    0.000 runtime.py:1023(StrictUndefined)
        1    0.000    0.000    0.000    0.000 ssl.py:227(_TLSMessageType)
        1    0.000    0.000    0.000    0.000 info.py:1000(_SeriesTableBuilder)
        1    0.000    0.000    0.000    0.000 _mathtext.py:903(FontConstantsBase)
        1    0.000    0.000    0.000    0.000 _nested_sequence.py:18(_NestedSequence)
        1    0.000    0.000    0.000    0.000 core.py:1283(_replace_dtype_fields_recursive)
        1    0.000    0.000    0.000    0.000 types.py:200(StringParamType)
        1    0.000    0.000    0.000    0.000 indexing.py:2545(_AtIndexer)
        1    0.000    0.000    0.000    0.000 accessors.py:62(ListAccessor)
        1    0.000    0.000    0.000    0.000 core.py:942(_CacheType)
        1    0.000    0.000    0.000    0.000 core.py:8376(_convert2ma)
       12    0.000    0.000    0.000    0.000 accessors.py:162(<lambda>)
        1    0.000    0.000    0.000    0.000 csv.py:26(Dialect)
        1    0.000    0.000    0.000    0.000 transforms.py:2568(BboxTransformTo)
        1    0.000    0.000    0.000    0.000 worker_state_machine.py:383(_InstructionMatch)
        1    0.000    0.000    0.000    0.000 _factories.py:9(__init__)
        1    0.000    0.000    0.000    0.000 publish.py:68(Datasets)
        1    0.000    0.000    0.000    0.000 locks.py:212(CombinedLock)
        1    0.000    0.000    0.000    0.000 model.py:25(BaseTypeByIdentity)
        3    0.000    0.000    0.000    0.000 {built-in method time.time}
        1    0.000    0.000    0.000    0.000 c_parser_wrapper.py:392(ensure_dtype_objs)
        1    0.000    0.000    0.000    0.000 utils.py:750(HiddenKeyDict)
        1    0.000    0.000    0.000    0.000 _policybase.py:271(Compat32)
        1    0.000    0.000    0.000    0.000 calendar.py:325(TextCalendar)
        1    0.000    0.000    0.000    0.000 widgets.py:28(LockDraw)
        9    0.000    0.000    0.000    0.000 cbook.py:100(__call__)
        1    0.000    0.000    0.000    0.000 merge.py:1959(_AsOfMerge)
        1    0.000    0.000    0.000    0.000 progress.py:143(MultiProgress)
        1    0.000    0.000    0.000    0.000 nodes.py:393(Block)
        1    0.000    0.000    0.000    0.000 variables.py:87(NativeEndiannessArray)
        1    0.000    0.000    0.000    0.000 pathlib.py:155(__init__)
        1    0.000    0.000    0.000    0.000 subprocess.py:57(SubprocessScheduler)
        1    0.000    0.000    0.000    0.000 runner.py:164(TextTestRunner)
        1    0.000    0.000    0.000    0.000 parser.py:245(ParsingState)
        1    0.000    0.000    0.000    0.000 transports.py:251(_FlowControlMixin)
        1    0.000    0.000    0.000    0.000 highlevelgraph.py:307(MaterializedLayer)
        1    0.000    0.000    0.000    0.000 core.py:2372(_MaskedPrintOption)
        5    0.000    0.000    0.000    0.000 extension_array.py:18(decorator)
        1    0.000    0.000    0.000    0.000 types.py:156(CompositeParamType)
        1    0.000    0.000    0.000    0.000 active_memory_manager.py:496(AMMClientProxy)
        1    0.000    0.000    0.000    0.000 suite.py:328(_ErrorHolder)
        1    0.000    0.000    0.000    0.000 handlers.py:1498(QueueListener)
        1    0.000    0.000    0.000    0.000 nanops.py:67(disallow)
        1    0.000    0.000    0.000    0.000 _tricontour.py:8(TriContourSet)
        1    0.000    0.000    0.000    0.000 _mathtext.py:1068(Char)
        1    0.000    0.000    0.000    0.000 serialize.py:525(Serialize)
        3    0.000    0.000    0.000    0.000 {method 'toordinal' of 'datetime.date' objects}
        1    0.000    0.000    0.000    0.000 spill.py:288(Slow)
        1    0.000    0.000    0.000    0.000 _parser.py:159(_parse_extras)
        3    0.000    0.000    0.000    0.000 utils.py:83(_deprecated)
        1    0.000    0.000    0.000    0.000 __init__.py:140(_BaseVersion)
        1    0.000    0.000    0.000    0.000 legend_handler.py:46(HandlerBase)
        5    0.000    0.000    0.000    0.000 artist.py:1076(set_in_layout)
        2    0.000    0.000    0.000    0.000 parser.py:17(__init__)
        1    0.000    0.000    0.000    0.000 difflib.py:724(Differ)
        1    0.000    0.000    0.000    0.000 __init__.py:174(HTTPMethod)
        1    0.000    0.000    0.000    0.000 art3d.py:462(PathPatch3D)
        1    0.000    0.000    0.000    0.000 rrule.py:1112(_iterinfo)
        1    0.000    0.000    0.000    0.000 __init__.py:69(ProjectionRegistry)
        1    0.000    0.000    0.000    0.000 {built-in method matplotlib._c_internal_utils.display_is_valid}
        1    0.000    0.000    0.000    0.000 core.py:6735(_extrema_operation)
        1    0.000    0.000    0.000    0.000 _iotools.py:133(LineSplitter)
       14    0.000    0.000    0.000    0.000 contextlib.py:564(__enter__)
        1    0.000    0.000    0.000    0.000 progressbar.py:242(MultiProgressBar)
        1    0.000    0.000    0.000    0.000 indexing.py:771(CopyOnWriteArray)
        1    0.000    0.000    0.000    0.000 accessors.py:434(TimedeltaProperties)
        3    0.000    0.000    0.000    0.000 _mathtext.py:416(get_underline_thickness)
        1    0.000    0.000    0.000    0.000 handlers.py:45(BaseRotatingHandler)
        1    0.000    0.000    0.000    0.000 accessors.py:282(DatetimeProperties)
        1    0.000    0.000    0.000    0.000 _trifinder.py:27(TrapezoidMapTriFinder)
        1    0.000    0.000    0.000    0.000 polar.py:449(RadialLocator)
        1    0.000    0.000    0.000    0.000 text.py:1370(OffsetFrom)
        4    0.000    0.000    0.000    0.000 utils.py:1009(__init__)
        1    0.000    0.000    0.000    0.000 py3k.py:92(contextlib_nullcontext)
        1    0.000    0.000    0.000    0.000 common.py:214(AbstractDataStore)
        1    0.000    0.000    0.000    0.000 gzip.py:483(_GzipReader)
        1    0.000    0.000    0.000    0.000 core.py:4704(FollowedBy)
        1    0.000    0.000    0.000    0.000 utils.py:734(Namespace)
        1    0.000    0.000    0.000    0.000 _policybase.py:18(_PolicyBase)
        1    0.000    0.000    0.000    0.000 model.py:345(StructOrUnion)
        1    0.000    0.000    0.000    0.000 _internal.py:616(_Stream)
        1    0.000    0.000    0.000    0.000 _base.py:569(Executor)
        1    0.000    0.000    0.000    0.000 _strptime.py:170(TimeRE)
        1    0.000    0.000    0.000    0.000 _strptime.py:30(LocaleTime)
        1    0.000    0.000    0.000    0.000 _mathtext.py:179(FontMetrics)
        1    0.000    0.000    0.000    0.000 {built-in method math.exp}
        1    0.000    0.000    0.000    0.000 lexer.py:297(TokenStreamIterator)
        1    0.000    0.000    0.000    0.000 unix_events.py:1220(MultiLoopChildWatcher)
        1    0.000    0.000    0.000    0.000 streams.py:116(FlowControlMixin)
        1    0.000    0.000    0.000    0.000 pytables.py:1922(TableIterator)
        1    0.000    0.000    0.000    0.000 __init__.py:1373(disable)
        1    0.000    0.000    0.000    0.000 ipaddress.py:2173(IPv6Network)
        1    0.000    0.000    0.000    0.000 pathlib.py:57(_is_case_sensitive)
        1    0.000    0.000    0.000    0.000 typing.py:2412(no_type_check)
        1    0.000    0.000    0.000    0.000 socketserver.py:673(ThreadingMixIn)
        1    0.000    0.000    0.000    0.000 optimizer.py:27(Optimizer)
       11    0.000    0.000    0.000    0.000 accessors.py:155(<lambda>)
        1    0.000    0.000    0.000    0.000 expanding.py:945(ExpandingGroupby)
        1    0.000    0.000    0.000    0.000 ipc.py:114(RecordBatchFileWriter)
        6    0.000    0.000    0.000    0.000 nanops.py:99(__init__)
        1    0.000    0.000    0.000    0.000 collections.py:15(LRU)
        1    0.000    0.000    0.000    0.000 scipy_.py:267(ScipyBackendEntrypoint)
        1    0.000    0.000    0.000    0.000 _typing.py:112(_array)
        1    0.000    0.000    0.000    0.000 utils.py:604(NDArrayMixin)
        1    0.000    0.000    0.000    0.000 __init__.py:57(NegativeInfinityType)
        1    0.000    0.000    0.000    0.000 legend_handler.py:724(__init__)
        1    0.000    0.000    0.000    0.000 inspect.py:2259(RewriteSymbolics)
        8    0.000    0.000    0.000    0.000 shape_base.py:1181(_tile_dispatcher)
        2    0.000    0.000    0.000    0.000 _tokenizer.py:171(enclosing_tokens)
        1    0.000    0.000    0.000    0.000 __init__.py:999(__init__)
        1    0.000    0.000    0.000    0.000 subprocess.py:121(SubprocessWorker)
        1    0.000    0.000    0.000    0.000 scheduler.py:8942(CollectTaskMetaDataPlugin)
        1    0.000    0.000    0.000    0.000 pubsub.py:19(PubSubSchedulerExtension)
        1    0.000    0.000    0.000    0.000 actor.py:259(EagerActorFuture)
        1    0.000    0.000    0.000    0.000 context.py:284(SpawnProcess)
        1    0.000    0.000    0.000    0.000 header.py:408(_ValueFormatter)
        1    0.000    0.000    0.000    0.000 info.py:1046(_SeriesTableBuilderVerbose)
        1    0.000    0.000    0.000    0.000 __init__.py:503(StringTemplateStyle)
        5    0.000    0.000    0.000    0.000 {method 'truncate' of '_io.StringIO' objects}
        4    0.000    0.000    0.000    0.000 utils.py:78(<genexpr>)
        2    0.000    0.000    0.000    0.000 threading.py:1196(ident)
        1    0.000    0.000    0.000    0.000 queues.py:218(PriorityQueue)
        1    0.000    0.000    0.000    0.000 h5netcdf_.py:343(H5netcdfBackendEntrypoint)
        1    0.000    0.000    0.000    0.000 utils.py:201(ReprObject)
        1    0.000    0.000    0.000    0.000 _typing.py:102(_SupportsReal)
        1    0.000    0.000    0.000    0.000 watercolumn_run_lib.py:52(__init__)
        1    0.000    0.000    0.000    0.000 __init__.py:48(PackageNotFoundError)
        1    0.000    0.000    0.000    0.000 describe.py:101(NDFrameDescriberAbstract)
        1    0.000    0.000    0.000    0.000 backend_tools.py:245(ToolSetCursor)
        1    0.000    0.000    0.000    0.000 _dtype_like.py:81(_SupportsDType)
        1    0.000    0.000    0.000    0.000 records.py:87(format_parser)
        1    0.000    0.000    0.000    0.000 _common.py:671(_WrapNumbers)
        1    0.000    0.000    0.000    0.000 {built-in method posix.confstr}
        1    0.000    0.000    0.000    0.000 socketserver.py:523(UDPServer)
        1    0.000    0.000    0.000    0.000 typing.py:402(HLGDaskCollection)
        1    0.000    0.000    0.000    0.000 ops.py:364(BinOp)
        1    0.000    0.000    0.000    0.000 _factories.py:13(__call__)
        1    0.000    0.000    0.000    0.000 _adapters.py:112(OrphanPath)
        1    0.000    0.000    0.000    0.000 _mathtext.py:1308(Vlist)
        1    0.000    0.000    0.000    0.000 _datasource.py:99(__init__)
        4    0.000    0.000    0.000    0.000 config.py:269(__init__)
        8    0.000    0.000    0.000    0.000 shape_base.py:727(_array_split_dispatcher)
        1    0.000    0.000    0.000    0.000 ssh.py:19(Process)
        1    0.000    0.000    0.000    0.000 plugin.py:956(forward_stream)
        1    0.000    0.000    0.000    0.000 plugin.py:396(InstallPlugin)
        1    0.000    0.000    0.000    0.000 util.py:72(ObjectDict)
        1    0.000    0.000    0.000    0.000 client.py:5923(get_task_stream)
        1    0.000    0.000    0.000    0.000 core.py:4671(AtLineStart)
        1    0.000    0.000    0.000    0.000 PpmImagePlugin.py:57(PpmImageFile)
        1    0.000    0.000    0.000    0.000 scheduler.py:8909(WorkerStatusPlugin)
        1    0.000    0.000    0.000    0.000 ansi.py:49(AnsiFore)
        9    0.000    0.000    0.000    0.000 linalg.py:488(_unary_dispatcher)
        9    0.000    0.000    0.000    0.000 core.py:4067(<genexpr>)
        1    0.000    0.000    0.000    0.000 selector_events.py:1213(_SelectorDatagramTransport)
        1    0.000    0.000    0.000    0.000 nodes.py:1158(OverlayScope)
        1    0.000    0.000    0.000    0.000 _pslinux.py:1252(RootFsDeviceFinder)
        1    0.000    0.000    0.000    0.000 lru_cache.py:60(_enforce_size_limit)
        1    0.000    0.000    0.000    0.000 _typing.py:56(_SupportsDType)
        1    0.000    0.000    0.000    0.000 {method 'tobytes' of 'numpy.generic' objects}
        1    0.000    0.000    0.000    0.000 parse.py:190(_NetlocResultMixinStr)
        9    0.000    0.000    0.000    0.000 contextlib.py:775(__enter__)
        1    0.000    0.000    0.000    0.000 layers.py:50(ArrayBlockwiseDep)
        1    0.000    0.000    0.000    0.000 memory_sampler.py:180(MemorySamplerExtension)
        1    0.000    0.000    0.000    0.000 delayed.py:724(DelayedAttr)
        1    0.000    0.000    0.000    0.000 dates.py:1116(DateLocator)
        1    0.000    0.000    0.000    0.000 ElementTree.py:1264(XMLPullParser)
        1    0.000    0.000    0.000    0.000 locks.py:23(Lock)
        1    0.000    0.000    0.000    0.000 transforms.py:2689(AffineDeltaTransform)
        2    0.000    0.000    0.000    0.000 pathlib.py:274(__len__)
        1    0.000    0.000    0.000    0.000 geo.py:223(_GeoTransform)
        1    0.000    0.000    0.000    0.000 calendar.py:195(__init__)
        1    0.000    0.000    0.000    0.000 mlab.py:770(GaussianKDE)
        6    0.000    0.000    0.000    0.000 _type_aliases.py:92(<genexpr>)
        1    0.000    0.000    0.000    0.000 base_parser.py:279(_extract_multi_indexer_columns)
        1    0.000    0.000    0.000    0.000 utils.py:415(Frozen)
        1    0.000    0.000    0.000    0.000 graph_layout.py:9(GraphLayout)
        8    0.000    0.000    0.000    0.000 six.py:80(_add_doc)
        2    0.000    0.000    0.000    0.000 events.py:55(__init__)
        8    0.000    0.000    0.000    0.000 arraysetops.py:133(_unique_dispatcher)
        1    0.000    0.000    0.000    0.000 loader.py:22(_FailedTest)
        1    0.000    0.000    0.000    0.000 tzfile.py:12(_byte_string)
        1    0.000    0.000    0.000    0.000 nodes.py:1001(Or)
        1    0.000    0.000    0.000    0.000 ops.py:549(UnaryOp)
        1    0.000    0.000    0.000    0.000 _triinterpolate.py:15(TriInterpolator)
        1    0.000    0.000    0.000    0.000 model.py:298(__init__)
        1    0.000    0.000    0.000    0.000 __init__.py:764(_get_backend_or_none)
        1    0.000    0.000    0.000    0.000 readers.py:32(ZipReader)
        1    0.000    0.000    0.000    0.000 nodes.py:372(FilterBlock)
        1    0.000    0.000    0.000    0.000 dates.py:626(DateFormatter)
        1    0.000    0.000    0.000    0.000 <string>:2(__init__)
        1    0.000    0.000    0.000    0.000 __init__.py:1344(Popen)
        1    0.000    0.000    0.000    0.000 stata.py:3023(StataStrLWriter)
        1    0.000    0.000    0.000    0.000 format.py:868(DataFrameRenderer)
        1    0.000    0.000    0.000    0.000 lazy.py:16(LazyDict)
        1    0.000    0.000    0.000    0.000 worker_memory.py:368(NannyMemoryManager)
        5    0.000    0.000    0.000    0.000 _inspect.py:143(<lambda>)
        1    0.000    0.000    0.000    0.000 progress.py:48(Progress)
        1    0.000    0.000    0.000    0.000 worker_state_machine.py:656(GatherDepSuccessEvent)
        1    0.000    0.000    0.000    0.000 exceptions.py:231(BadOptionUsage)
        1    0.000    0.000    0.000    0.000 handlers.py:525(SocketHandler)
        5    0.000    0.000    0.000    0.000 extension_array.py:15(implements)
        1    0.000    0.000    0.000    0.000 stata.py:3585(StataWriterUTF8)
        1    0.000    0.000    0.000    0.000 dviread.py:573(DviFont)
        1    0.000    0.000    0.000    0.000 parquet.py:161(PyArrowImpl)
        1    0.000    0.000    0.000    0.000 collections.py:1849(PatchCollection)
        1    0.000    0.000    0.000    0.000 core.py:3352(CharsNotIn)
        1    0.000    0.000    0.000    0.000 selectors.py:60(_SelectorMapping)
        2    0.000    0.000    0.000    0.000 <frozen posixpath>:52(normcase)
        1    0.000    0.000    0.000    0.000 __init__.py:351(__init__)
        1    0.000    0.000    0.000    0.000 lmdb.py:129(LMDBItemsView)
        1    0.000    0.000    0.000    0.000 pubsub.py:120(PubSubWorkerExtension)
        3    0.000    0.000    0.000    0.000 tokens.py:33(__init__)
        1    0.000    0.000    0.000    0.000 abc.py:149(ExecutionLoader)
        1    0.000    0.000    0.000    0.000 worker_state_machine.py:114(InvalidTransition)
        1    0.000    0.000    0.000    0.000 datetimes.py:107(FulldatetimeDict)
        3    0.000    0.000    0.000    0.000 __init__.py:510(CFunctionType)
        1    0.000    0.000    0.000    0.000 routing.py:49(RoutingApplication)
        1    0.000    0.000    0.000    0.000 preloading.py:225(PreloadManager)
        1    0.000    0.000    0.000    0.000 _adapters.py:7(SpecLoaderAdapter)
        1    0.000    0.000    0.000    0.000 backend_bases.py:1409(MouseEvent)
        1    0.000    0.000    0.000    0.000 dviread.py:664(Vf)
        1    0.000    0.000    0.000    0.000 _internal.py:205(dummy_ctype)
        1    0.000    0.000    0.000    0.000 _parser.py:13(Node)
        1    0.000    0.000    0.000    0.000 locks.py:157(Event)
        1    0.000    0.000    0.000    0.000 gzip.py:78(_PaddedFile)
        1    0.000    0.000    0.000    0.000 ctypeslib.py:202(_concrete_ndptr)
        1    0.000    0.000    0.000    0.000 category.py:168(UnitData)
        1    0.000    0.000    0.000    0.000 core.py:2420(Empty)
        1    0.000    0.000    0.000    0.000 TiffTags.py:32(TagInfo)
        1    0.000    0.000    0.000    0.000 _exceptions.py:38(_UFuncNoLoopError)
        1    0.000    0.000    0.000    0.000 pycompat.py:21(DuckArrayModule)
        1    0.000    0.000    0.000    0.000 ImageFile.py:742(PyEncoder)
        2    0.000    0.000    0.000    0.000 {built-in method maketrans}
        1    0.000    0.000    0.000    0.000 common.py:269(__init__)
        1    0.000    0.000    0.000    0.000 __init__.py:353(SubclassedDataFrame)
        1    0.000    0.000    0.000    0.000 _json.py:325(JSONTableWriter)
        1    0.000    0.000    0.000    0.000 pytables.py:3238(BlockManagerFixed)
        1    0.000    0.000    0.000    0.000 context.py:230(DefaultContext)
        1    0.000    0.000    0.000    0.000 indexing.py:288(GroupByNthSelector)
        1    0.000    0.000    0.000    0.000 _compression.py:9(BaseStream)
        1    0.000    0.000    0.000    0.000 nvml.py:33(CudaDeviceInfo)
        1    0.000    0.000    0.000    0.000 dataset.py:490(_LocIndexer)
        8    0.000    0.000    0.000    0.000 message.py:638(get_default_type)
        1    0.000    0.000    0.000    0.000 pytables.py:2330(GenericIndexCol)
        1    0.000    0.000    0.000    0.000 _decorators.py:455(Appender)
        1    0.000    0.000    0.000    0.000 spines.py:487(SpinesProxy)
        1    0.000    0.000    0.000    0.000 testing.py:22(reset_pyparsing_context)
        1    0.000    0.000    0.000    0.000 __init__.py:126(getLevelNamesMapping)
        1    0.000    0.000    0.000    0.000 index_tricks.py:303(__init__)
        1    0.000    0.000    0.000    0.000 protocols.py:9(BaseProtocol)
        1    0.000    0.000    0.000    0.000 _json.py:280(SeriesWriter)
        1    0.000    0.000    0.000    0.000 {method 'squeeze' of 'numpy.ndarray' objects}
        1    0.000    0.000    0.000    0.000 parse.py:834(_Quoter)
        1    0.000    0.000    0.000    0.000 strings.py:49(EncodedStringCoder)
        1    0.000    0.000    0.000    0.000 indexing.py:1560(ArrayApiIndexingAdapter)
        1    0.000    0.000    0.000    0.000 abc.py:80(ResourceLoader)
        1    0.000    0.000    0.000    0.000 actions.py:7(OnlyOnce)
        1    0.000    0.000    0.000    0.000 cbook.py:92(_StrongRef)
        1    0.000    0.000    0.000    0.000 unix_events.py:1442(_UnixDefaultEventLoopPolicy)
        1    0.000    0.000    0.000    0.000 _collections.py:5(FreezableDefaultDict)
        1    0.000    0.000    0.000    0.000 _parseaddr.py:512(AddressList)
        1    0.000    0.000    0.000    0.000 extension.py:160(NDArrayBackedExtensionIndex)
        1    0.000    0.000    0.000    0.000 art3d.py:372(Line3DCollection)
        1    0.000    0.000    0.000    0.000 _mathtext.py:97(RasterParse)
        1    0.000    0.000    0.000    0.000 _ufunc_config.py:367(errstate)
        1    0.000    0.000    0.000    0.000 typing.py:1796(_lazy_load_getattr_static)
        1    0.000    0.000    0.000    0.000 unix_events.py:919(PidfdChildWatcher)
        1    0.000    0.000    0.000    0.000 scale.py:310(FuncScaleLog)
        1    0.000    0.000    0.000    0.000 random.py:876(SystemRandom)
        1    0.000    0.000    0.000    0.000 pytables.py:5307(Selection)
        1    0.000    0.000    0.000    0.000 stata.py:671(StataValueLabel)
        3    0.000    0.000    0.000    0.000 six.py:880(add_metaclass)
        1    0.000    0.000    0.000    0.000 _docstring.py:6(Substitution)
        1    0.000    0.000    0.000    0.000 extras.py:213(_fromnxfunction)
        4    0.000    0.000    0.000    0.000 sortedlist.py:55(recursive_repr)
        4    0.000    0.000    0.000    0.000 phytoplankton.py:62(hour2second)
        1    0.000    0.000    0.000    0.000 representer.py:272(Representer)
        1    0.000    0.000    0.000    0.000 ops.py:221(_func_slash_method_wrapper)
        1    0.000    0.000    0.000    0.000 selectors.py:442(EpollSelector)
        1    0.000    0.000    0.000    0.000 info.py:575(_InfoPrinterAbstract)
        1    0.000    0.000    0.000    0.000 apply.py:1521(GroupByApply)
        1    0.000    0.000    0.000    0.000 PaletteFile.py:20(PaletteFile)
        3    0.000    0.000    0.000    0.000 version.py:276(release)
        9    0.000    0.000    0.000    0.000 _globals.py:58(__repr__)
        1    0.000    0.000    0.000    0.000 xml.py:427(_EtreeFrameParser)
        1    0.000    0.000    0.000    0.000 encoder.py:105(__init__)
        1    0.000    0.000    0.000    0.000 colors.py:61(_ColorMapping)
        1    0.000    0.000    0.000    0.000 _base.py:74(_AsCompletedWaiter)
        1    0.000    0.000    0.000    0.000 common.py:97(IOArgs)
        1    0.000    0.000    0.000    0.000 _mathtext.py:75(VectorParse)
        1    0.000    0.000    0.000    0.000 colorbar.py:123(_ColorbarSpine)
        1    0.000    0.000    0.000    0.000 pprint.py:80(_safe_key)
        1    0.000    0.000    0.000    0.000 core.py:977(_MaskedBinaryOperation)
        1    0.000    0.000    0.000    0.000 units.py:135(DecimalConverter)
        1    0.000    0.000    0.000    0.000 backend_tools.py:600(ToolHome)
        1    0.000    0.000    0.000    0.000 ImageFile.py:93(_Tile)
        1    0.000    0.000    0.000    0.000 httputil.py:656(HTTPFile)
        1    0.000    0.000    0.000    0.000 order.py:58(Order)
        1    0.000    0.000    0.000    0.000 core.py:552(literal)
        1    0.000    0.000    0.000    0.000 dataarray.py:227(_LocIndexer)
        1    0.000    0.000    0.000    0.000 _mathtext.py:120(Output)
        1    0.000    0.000    0.000    0.000 widgets.py:3696(EllipseSelector)
        3    0.000    0.000    0.000    0.000 Image.py:3538(register_decoder)
        1    0.000    0.000    0.000    0.000 selectors.py:433(PollSelector)
        1    0.000    0.000    0.000    0.000 base_subprocess.py:255(WriteSubprocessPipeProto)
        1    0.000    0.000    0.000    0.000 ops.py:191(Constant)
        1    0.000    0.000    0.000    0.000 scale.py:628(LogitScale)
        1    0.000    0.000    0.000    0.000 colorbar.py:146(_ColorbarAxesLocator)
        1    0.000    0.000    0.000    0.000 backend_tools.py:642(ZoomPanBase)
        3    0.000    0.000    0.000    0.000 core.py:806(__init__)
        1    0.000    0.000    0.000    0.000 argparse.py:109(_AttributeHolder)
        1    0.000    0.000    0.000    0.000 _base.py:59(_Waiter)
        1    0.000    0.000    0.000    0.000 _typing.py:107(_SupportsImag)
        1    0.000    0.000    0.000    0.000 base_parser.py:255(_has_complex_date_col)
        3    0.000    0.000    0.000    0.000 __init__.py:726(_check_compression)
        1    0.000    0.000    0.000    0.000 generic.py:124(NamedAgg)
        1    0.000    0.000    0.000    0.000 csv.py:172(Sniffer)
        1    0.000    0.000    0.000    0.000 _decorators.py:408(Substitution)
        1    0.000    0.000    0.000    0.000 _base.py:1399(ArtistList)
        1    0.000    0.000    0.000    0.000 ElementTree.py:79(DefusedXMLParser)
        1    0.000    0.000    0.000    0.000 active_memory_manager.py:571(RetireWorker)
        1    0.000    0.000    0.000    0.000 layers.py:971(DataFrameIOLayer)
        1    0.000    0.000    0.000    0.000 ops.py:20(BlockPairInfo)
        1    0.000    0.000    0.000    0.000 ticker.py:2438(SymmetricalLogLocator)
        1    0.000    0.000    0.000    0.000 Image.py:2886(ImageTransformHandler)
        1    0.000    0.000    0.000    0.000 weakref.py:133(__getitem__)
        1    0.000    0.000    0.000    0.000 plugin.py:236(WorkerPlugin)
        1    0.000    0.000    0.000    0.000 tempfile.py:475(_TemporaryFileWrapper)
        4    0.000    0.000    0.000    0.000 core.py:6544(__has_singleton)
        1    0.000    0.000    0.000    0.000 context.py:203(reducer)
        1    0.000    0.000    0.000    0.000 indexing.py:354(IndexCallable)
        1    0.000    0.000    0.000    0.000 resample.py:2009(TimedeltaIndexResampler)
        1    0.000    0.000    0.000    0.000 config.py:81(DeprecatedOption)
        1    0.000    0.000    0.000    0.000 ipc.py:34(RecordBatchStreamReader)
        1    0.000    0.000    0.000    0.000 legend_handler.py:166(HandlerNpoints)
       10    0.000    0.000    0.000    0.000 common.py:340(encode_attribute)
        1    0.000    0.000    0.000    0.000 _tokenizer.py:9(Token)
        1    0.000    0.000    0.000    0.000 runtime.py:964(ChainableUndefined)
        3    0.000    0.000    0.000    0.000 events.py:37(__init__)
        1    0.000    0.000    0.000    0.000 __init__.py:616(Context)
        5    0.000    0.000    0.000    0.000 __init__.py:1369(disable)
        1    0.000    0.000    0.000    0.000 __init__.py:1202(FileHandler)
        1    0.000    0.000    0.000    0.000 _globals.py:32(_NoValueType)
        1    0.000    0.000    0.000    0.000 base_parser.py:893(_check_data_length)
        1    0.000    0.000    0.000    0.000 pytables.py:4371(AppendableTable)
        1    0.000    0.000    0.000    0.000 lazy.py:71(LazyList)
        1    0.000    0.000    0.000    0.000 ImageFile.py:618(PyCodec)
        2    0.000    0.000    0.000    0.000 core.py:3433(shape)
        1    0.000    0.000    0.000    0.000 pathlib.py:263(_PathParents)
        8    0.000    0.000    0.000    0.000 layout_engine.py:125(execute)
        1    0.000    0.000    0.000    0.000 handlers.py:202(TimedRotatingFileHandler)
        6    0.000    0.000    0.000    0.000 core.py:846(__init__)
        2    0.000    0.000    0.000    0.000 {built-in method math.log}
        1    0.000    0.000    0.000    0.000 worker_state_machine.py:426(SendMessageToScheduler)
        1    0.000    0.000    0.000    0.000 handlers.py:1347(MemoryHandler)
        1    0.000    0.000    0.000    0.000 selectn.py:166(SelectNFrame)
        4    0.000    0.000    0.000    0.000 gridspec.py:69(<lambda>)
        1    0.000    0.000    0.000    0.000 nodes.py:1177(EvalContextModifier)
        3    0.000    0.000    0.000    0.000 utils.py:98(alias_message)
        1    0.000    0.000    0.000    0.000 colors.py:1121(ListedColormap)
        1    0.000    0.000    0.000    0.000 scipy_.py:58(ScipyArrayWrapper)
        1    0.000    0.000    0.000    0.000 model.py:490(EnumType)
        1    0.000    0.000    0.000    0.000 rcsetup.py:51(ValidateInStrings)
        1    0.000    0.000    0.000    0.000 parse.py:220(_NetlocResultMixinBytes)
        3    0.000    0.000    0.000    0.000 parser.py:89(dispose)
        1    0.000    0.000    0.000    0.000 unix_events.py:1111(FastChildWatcher)
        1    0.000    0.000    0.000    0.000 _common.py:286(Error)
        1    0.000    0.000    0.000    0.000 docscrape.py:563(FunctionDoc)
        2    0.000    0.000    0.000    0.000 patches.py:3915(get_boxstyle)
        7    0.000    0.000    0.000    0.000 core.py:5852(postParse)
        1    0.000    0.000    0.000    0.000 pubsub.py:201(Pub)
        1    0.000    0.000    0.000    0.000 popen_spawn_posix.py:26(Popen)
        1    0.000    0.000    0.000    0.000 actor.py:284(_Error)
        1    0.000    0.000    0.000    0.000 file_manager.py:28(FileManager)
        1    0.000    0.000    0.000    0.000 variables.py:126(BoolTypeArray)
        1    0.000    0.000    0.000    0.000 nputils.py:157(NumpyVIndexAdapter)
        1    0.000    0.000    0.000    0.000 widgets.py:110(AxesWidget)
        2    0.000    0.000    0.000    0.000 patches.py:3945(get_mutation_aspect)
        1    0.000    0.000    0.000    0.000 colors.py:1991(BoundaryNorm)
        1    0.000    0.000    0.000    0.000 __init__.py:1287(_StderrHandler)
        1    0.000    0.000    0.000    0.000 merge.py:619(_MergeResult)
        1    0.000    0.000    0.000    0.000 GimpPaletteFile.py:23(GimpPaletteFile)
        1    0.000    0.000    0.000    0.000 simple_httpclient.py:60(HTTPStreamClosedError)
        1    0.000    0.000    0.000    0.000 nodes.py:1190(ScopedEvalContextModifier)
        1    0.000    0.000    0.000    0.000 indexing.py:2507(_ScalarAccessIndexer)
        1    0.000    0.000    0.000    0.000 pydoc.py:1188(TextRepr)
        1    0.000    0.000    0.000    0.000 core.py:217(update_nested_dict)
        1    0.000    0.000    0.000    0.000 _mathtext.py:1496(Kern)
        9    0.000    0.000    0.000    0.000 contextlib.py:778(__exit__)
        1    0.000    0.000    0.000    0.000 _mathtext.py:672(DejaVuFonts)
        1    0.000    0.000    0.000    0.000 layers.py:27(CallableLazyImport)
        1    0.000    0.000    0.000    0.000 spill.py:269(PickleError)
        1    0.000    0.000    0.000    0.000 locks.py:330(Semaphore)
        1    0.000    0.000    0.000    0.000 lru_cache.py:81(__delitem__)
        1    0.000    0.000    0.000    0.000 _typing.py:222(_chunkedarray)
        1    0.000    0.000    0.000    0.000 figure.py:121(SubplotParams)
        1    0.000    0.000    0.000    0.000 _mathtext.py:211(FontInfo)
        6    0.000    0.000    0.000    0.000 _enums.py:20(_generate_next_value_)
        1    0.000    0.000    0.000    0.000 core.py:2340(Token)
        1    0.000    0.000    0.000    0.000 ticker.py:1568(Locator)
        1    0.000    0.000    0.000    0.000 traceback.py:656(_ExceptionPrintContext)
        1    0.000    0.000    0.000    0.000 __future__.py:81(_Feature)
        1    0.000    0.000    0.000    0.000 scheduler.py:1544(Transition)
        1    0.000    0.000    0.000    0.000 online.py:89(EWMMeanState)
        1    0.000    0.000    0.000    0.000 tz.py:1253(tzical)
        1    0.000    0.000    0.000    0.000 config.py:88(RegisteredOption)
        1    0.000    0.000    0.000    0.000 _musllinux.py:16(_MuslVersion)
        1    0.000    0.000    0.000    0.000 parser.py:16(Parser)
        1    0.000    0.000    0.000    0.000 format.py:1274(FloatArrayFormatter)
        1    0.000    0.000    0.000    0.000 collections.py:1368(StarPolygonCollection)
        1    0.000    0.000    0.000    0.000 collections.py:1373(AsteriskPolygonCollection)
        1    0.000    0.000    0.000    0.000 common.py:25(DTDForbidden)
        1    0.000    0.000    0.000    0.000 lmdb.py:149(LMDBValuesView)
        1    0.000    0.000    0.000    0.000 serialize.py:558(Serialized)
        1    0.000    0.000    0.000    0.000 queues.py:316(JoinableQueue)
        1    0.000    0.000    0.000    0.000 category.py:118(StrCategoryLocator)
        1    0.000    0.000    0.000    0.000 worker_state_machine.py:550(StealResponseMsg)
        1    0.000    0.000    0.000    0.000 indexing.py:562(ImplicitToExplicitIndexingAdapter)
        1    0.000    0.000    0.000    0.000 six.py:108(MovedModule)
        1    0.000    0.000    0.000    0.000 backend_tools.py:420(AxisScaleBase)
        1    0.000    0.000    0.000    0.000 ElementTree.py:1091(_ListDataStream)
        1    0.000    0.000    0.000    0.000 scale.py:29(ScaleBase)
        1    0.000    0.000    0.000    0.000 ImageMode.py:21(ModeDescriptor)
        1    0.000    0.000    0.000    0.000 numerictypes.py:425(_typedict)
        6    0.000    0.000    0.000    0.000 signal.py:50(_wraps)
        1    0.000    0.000    0.000    0.000 transforms.py:2719(TransformedPath)
        1    0.000    0.000    0.000    0.000 worker_state_machine.py:107(StartStop)
        1    0.000    0.000    0.000    0.000 events.py:618(AbstractEventLoopPolicy)
        1    0.000    0.000    0.000    0.000 callbacks.py:120(add_callbacks)
        1    0.000    0.000    0.000    0.000 functoolz.py:148(InstanceProperty)
        1    0.000    0.000    0.000    0.000 cast.py:737(_ensure_dtype_type)
        1    0.000    0.000    0.000    0.000 _factories.py:8(_TzSingleton)
        1    0.000    0.000    0.000    0.000 widgets.py:266(SliderBase)
        1    0.000    0.000    0.000    0.000 container.py:42(BarContainer)
        1    0.000    0.000    0.000    0.000 mock.py:288(_SentinelObject)
        1    0.000    0.000    0.000    0.000 context.py:277(ForkProcess)
        1    0.000    0.000    0.000    0.000 _json.py:1392(FrameParser)
        1    0.000    0.000    0.000    0.000 tzinfo.py:69(BaseTzInfo)
        1    0.000    0.000    0.000    0.000 streamplot.py:380(StreamMask)
        1    0.000    0.000    0.000    0.000 offsetbox.py:1098(AnchoredText)
        1    0.000    0.000    0.000    0.000 cbook.py:2055(_OrderedSet)
        1    0.000    0.000    0.000    0.000 buffer.py:272(BufferItemsView)
        1    0.000    0.000    0.000    0.000 buffer.py:281(BufferValuesView)
        1    0.000    0.000    0.000    0.000 tasks.py:702(_GatheringFuture)
        1    0.000    0.000    0.000    0.000 options.py:157(set_options)
        1    0.000    0.000    0.000    0.000 printing.py:528(_EastAsianTextAdjustment)
        1    0.000    0.000    0.000    0.000 floating.py:56(FloatingArray)
        1    0.000    0.000    0.000    0.000 function.py:51(CompatValidator)
        1    0.000    0.000    0.000    0.000 TiffTags.py:24(_TagInfo)
        1    0.000    0.000    0.000    0.000 gzip.py:124(_WriteBufferStream)
        1    0.000    0.000    0.000    0.000 python_parser.py:1319(FixedWidthFieldParser)
        1    0.000    0.000    0.000    0.000 format.py:1672(_Timedelta64Formatter)
        1    0.000    0.000    0.000    0.000 _convertions.py:1(<module>)
        1    0.000    0.000    0.000    0.000 _rechunk.py:187(_NDPartial)
        1    0.000    0.000    0.000    0.000 layers.py:540(ShuffleLayer)
        1    0.000    0.000    0.000    0.000 worker_memory.py:519(DeprecatedMemoryManagerAttribute)
        1    0.000    0.000    0.000    0.000 plugin.py:479(_InstallNannyPlugin)
        1    0.000    0.000    0.000    0.000 core.py:279(BaseListener)
        1    0.000    0.000    0.000    0.000 constructor.py:713(UnsafeConstructor)
        1    0.000    0.000    0.000    0.000 utils.py:443(IndexCallable)
        2    0.000    0.000    0.000    0.000 accessor.py:220(__get__)
        1    0.000    0.000    0.000    0.000 layout_engine.py:106(PlaceHolderLayoutEngine)
        1    0.000    0.000    0.000    0.000 colors.py:1910(PowerNorm)
        1    0.000    0.000    0.000    0.000 client.py:5389(_WorkerSetupPlugin)
        1    0.000    0.000    0.000    0.000 pickle.py:257(_Unframer)
        1    0.000    0.000    0.000    0.000 exceptions.py:98(AxisError)
        1    0.000    0.000    0.000    0.000 worker_state_machine.py:505(RescheduleMsg)
        1    0.000    0.000    0.000    0.000 exceptions.py:29(IncompleteReadError)
        1    0.000    0.000    0.000    0.000 printing.py:506(_TextAdjustment)
        1    0.000    0.000    0.000    0.000 pydoc.py:404(ErrorDuringImport)
        1    0.000    0.000    0.000    0.000 _base.py:34(_axis_method_wrapper)
        1    0.000    0.000    0.000    0.000 model.py:160(__init__)
        2    0.000    0.000    0.000    0.000 index_tricks.py:144(__init__)
        1    0.000    0.000    0.000    0.000 stealing.py:63(InFlightInfo)
        1    0.000    0.000    0.000    0.000 runner.py:14(_WritelnDecorator)
        1    0.000    0.000    0.000    0.000 queues.py:349(PriorityQueue)
        1    0.000    0.000    0.000    0.000 ucx.py:554(UCXBackend)
        1    0.000    0.000    0.000    0.000 transports.py:46(ReadTransport)
        1    0.000    0.000    0.000    0.000 apply.py:1615(ResamplerWindowApply)
        1    0.000    0.000    0.000    0.000 queue.py:223(PriorityQueue)
        1    0.000    0.000    0.000    0.000 _trifinder.py:7(TriFinder)
        1    0.000    0.000    0.000    0.000 polar.py:258(_AxisWrapper)
        1    0.000    0.000    0.000    0.000 dates.py:656(ConciseDateFormatter)
        1    0.000    0.000    0.000    0.000 dates.py:1707(MicrosecondLocator)
        1    0.000    0.000    0.000    0.000 widgets.py:1877(SubplotTool)
        2    0.000    0.000    0.000    0.000 __init__.py:102(CFunctionType)
        4    0.000    0.000    0.000    0.000 _inspect.py:142(<lambda>)
        1    0.000    0.000    0.000    0.000 progressbar.py:172(ProgressWidget)
        1    0.000    0.000    0.000    0.000 core.py:298(Connector)
        1    0.000    0.000    0.000    0.000 client.py:137(SourceCode)
        1    0.000    0.000    0.000    0.000 getopt.py:43(GetoptError)
        1    0.000    0.000    0.000    0.000 ssl.py:170(_TLSContentType)
        1    0.000    0.000    0.000    0.000 netCDF4_.py:88(NetCDF4ArrayWrapper)
        1    0.000    0.000    0.000    0.000 multi.py:128(MultiIndexUIntEngine)
        1    0.000    0.000    0.000    0.000 __init__.py:157(py_object)
        1    0.000    0.000    0.000    0.000 progress.py:292(AllProgress)
        1    0.000    0.000    0.000    0.000 _rechunk.py:170(_Partial)
        1    0.000    0.000    0.000    0.000 ucx.py:455(UCXConnector)
        1    0.000    0.000    0.000    0.000 utils.py:1964(TupleComparable)
        1    0.000    0.000    0.000    0.000 nodes.py:539(Name)
        1    0.000    0.000    0.000    0.000 tarfile.py:307(_LowLevelFile)
        1    0.000    0.000    0.000    0.000 format.py:1486(_Datetime64Formatter)
        1    0.000    0.000    0.000    0.000 core.py:2562(CaselessLiteral)
        1    0.000    0.000    0.000    0.000 pool.py:80(MaybeEncodingError)
        1    0.000    0.000    0.000    0.000 argparse.py:794(Action)
        1    0.000    0.000    0.000    0.000 web.py:2535(ErrorHandler)
        1    0.000    0.000    0.000    0.000 winterm.py:12(WinColor)
        1    0.000    0.000    0.000    0.000 actor.py:276(_OK)
        1    0.000    0.000    0.000    0.000 utils.py:720(Joiner)
        1    0.000    0.000    0.000    0.000 process.py:168(_SafeQueue)
        1    0.000    0.000    0.000    0.000 _mathtext.py:1010(Node)
        1    0.000    0.000    0.000    0.000 core.py:3516(GoToColumn)
        1    0.000    0.000    0.000    0.000 common.py:1022(_BytesZipFile)
        1    0.000    0.000    0.000    0.000 _pytesttester.py:46(PytestTester)
        2    0.000    0.000    0.000    0.000 {method 'pop' of 'collections.OrderedDict' objects}
        1    0.000    0.000    0.000    0.000 worker_state_machine.py:513(LongRunningMsg)
        1    0.000    0.000    0.000    0.000 httputil.py:488(HTTPServerConnectionDelegate)
        1    0.000    0.000    0.000    0.000 serialize.py:603(Pickled)
        1    0.000    0.000    0.000    0.000 parallel.py:24(ExpectedDict)
        1    0.000    0.000    0.000    0.000 error.py:4(Mark)
        1    0.000    0.000    0.000    0.000 __init__.py:347(YAMLObjectMetaclass)
        1    0.000    0.000    0.000    0.000 readers.py:460(_C_Parser_Defaults)
        1    0.000    0.000    0.000    0.000 legend_handler.py:430(HandlerRegularPolyCollection)
        1    0.000    0.000    0.000    0.000 polar.py:310(ThetaTick)
        1    0.000    0.000    0.000    0.000 _mathtext.py:1448(Glue)
        1    0.000    0.000    0.000    0.000 decoder.py:20(JSONDecodeError)
        1    0.000    0.000    0.000    0.000 PngImagePlugin.py:262(PngInfo)
        1    0.000    0.000    0.000    0.000 arrayprint.py:1304(DatetimeFormat)
        1    0.000    0.000    0.000    0.000 pathlib.py:1413(PosixPath)
        1    0.000    0.000    0.000    0.000 base.py:13(OutputKey)
        1    0.000    0.000    0.000    0.000 gen.py:282(Return)
        1    0.000    0.000    0.000    0.000 ws.py:435(WSConnector)
        1    0.000    0.000    0.000    0.000 core.py:1773(ErrorMessage)
        1    0.000    0.000    0.000    0.000 utils.py:2115(_HashIdWrapper)
        3    0.000    0.000    0.000    0.000 composer.py:13(__init__)
        1    0.000    0.000    0.000    0.000 base.py:540(<genexpr>)
        2    0.000    0.000    0.000    0.000 calendar.py:118(__init__)
        1    0.000    0.000    0.000    0.000 offsetbox.py:1567(DraggableOffsetBox)
        1    0.000    0.000    0.000    0.000 backend_tools.py:304(ToolCursorPosition)
        1    0.000    0.000    0.000    0.000 util.py:129(LRUMemo)
        1    0.000    0.000    0.000    0.000 scale.py:123(FuncTransform)
        1    0.000    0.000    0.000    0.000 utils.py:1565(EmptyContext)
        1    0.000    0.000    0.000    0.000 ioloop.py:60(_Selectable)
        1    0.000    0.000    0.000    0.000 process.py:68(_ThreadWakeup)
        1    0.000    0.000    0.000    0.000 utils.py:495(HybridMappingProxy)
        1    0.000    0.000    0.000    0.000 groupby.py:729(GroupByPlot)
        1    0.000    0.000    0.000    0.000 _json.py:295(FrameWriter)
        1    0.000    0.000    0.000    0.000 _json.py:1367(SeriesParser)
        1    0.000    0.000    0.000    0.000 gridspec.py:476(GridSpecFromSubplotSpec)
        1    0.000    0.000    0.000    0.000 pool.py:837(IMapIterator)
        1    0.000    0.000    0.000    0.000 worker_state_machine.py:530(RequestRefreshWhoHasMsg)
        1    0.000    0.000    0.000    0.000 spans.py:620(SpansWorkerExtension)
        1    0.000    0.000    0.000    0.000 mock.py:2965(PropertyMock)
        1    0.000    0.000    0.000    0.000 _manylinux.py:78(_GLibCVersion)
        1    0.000    0.000    0.000    0.000 actor.py:217(ProxyRPC)
        1    0.000    0.000    0.000    0.000 readers.py:129(NamespaceReader)
        1    0.000    0.000    0.000    0.000 file_manager.py:300(_RefCounter)
        1    0.000    0.000    0.000    0.000 indexing.py:376(BasicIndexer)
        1    0.000    0.000    0.000    0.000 datetimes.py:101(YearMonthDayDict)
        1    0.000    0.000    0.000    0.000 __init__.py:2065(PyZipFile)
        1    0.000    0.000    0.000    0.000 format.py:1164(_GenericArrayFormatter)
        1    0.000    0.000    0.000    0.000 __init__.py:779(_SharedFile)
        1    0.000    0.000    0.000    0.000 accessor.py:26(BaseAccessor)
        2    0.000    0.000    0.000    0.000 _decorators.py:100(deprecate_kwarg)
        1    0.000    0.000    0.000    0.000 backend_tools.py:934(ToolCopyToClipboardBase)
        1    0.000    0.000    0.000    0.000 index_tricks.py:618(ndindex)
        1    0.000    0.000    0.000    0.000 locks.py:31(_TimeoutGarbageCollector)
        1    0.000    0.000    0.000    0.000 _policybase.py:41(__init__)
        1    0.000    0.000    0.000    0.000 ansi.py:71(AnsiBack)
        1    0.000    0.000    0.000    0.000 readers.py:16(FileReader)
        1    0.000    0.000    0.000    0.000 xml.py:538(_LxmlFrameParser)
        1    0.000    0.000    0.000    0.000 rrule.py:1315(_genitem)
        1    0.000    0.000    0.000    0.000 _mathtext.py:713(DejaVuSerifFonts)
        1    0.000    0.000    0.000    0.000 _mathtext.py:1033(Box)
        1    0.000    0.000    0.000    0.000 _mathtext.py:1428(_GlueSpec)
        1    0.000    0.000    0.000    0.000 utils.py:104(_Deprecate)
        1    0.000    0.000    0.000    0.000 {built-in method numpy.core._multiarray_umath.set_typeDict}
        1    0.000    0.000    0.000    0.000 handlers.py:1200(HTTPHandler)
        1    0.000    0.000    0.000    0.000 worker_state_machine.py:647(GatherDepDoneEvent)
        1    0.000    0.000    0.000    0.000 functoolz.py:648(juxt)
        1    0.000    0.000    0.000    0.000 _trirefine.py:12(TriRefiner)
        1    0.000    0.000    0.000    0.000 backend_tools.py:332(RubberbandBase)
        1    0.000    0.000    0.000    0.000 ImageFile.py:350(StubImageFile)
        1    0.000    0.000    0.000    0.000 _exceptions.py:56(_UFuncBinaryResolutionError)
        1    0.000    0.000    0.000    0.000 worker_state_machine.py:819(ExecuteDoneEvent)
        1    0.000    0.000    0.000    0.000 pool.py:150(_PoolCache)
        1    0.000    0.000    0.000    0.000 core.py:3659(WordStart)
        5    0.000    0.000    0.000    0.000 platform.py:841(_unknown_as_blank)
        1    0.000    0.000    0.000    0.000 worker_state_machine.py:158(InvalidTaskState)
        1    0.000    0.000    0.000    0.000 cache.py:139(WeakValueMapping)
        1    0.000    0.000    0.000    0.000 ext.py:6(ExtType)
        1    0.000    0.000    0.000    0.000 socketserver.py:737(BaseRequestHandler)
        1    0.000    0.000    0.000    0.000 lexer.py:452(OptionalLStrip)
        1    0.000    0.000    0.000    0.000 typing.py:65(PostPersistCallable)
        1    0.000    0.000    0.000    0.000 netCDF4_.py:57(BaseNetCDF4Array)
        1    0.000    0.000    0.000    0.000 common.py:1059(_IOWrapper)
        1    0.000    0.000    0.000    0.000 polar.py:548(RadialTick)
        1    0.000    0.000    0.000    0.000 _mathtext.py:1162(List)
        1    0.000    0.000    0.000    0.000 _mathtext.py:1206(Hlist)
        1    0.000    0.000    0.000    0.000 _docstring.py:76(__init__)
        1    0.000    0.000    0.000    0.000 util.py:371(ForkAwareThreadLock)
        1    0.000    0.000    0.000    0.000 resample.py:1866(DatetimeIndexResamplerGroupby)
        1    0.000    0.000    0.000    0.000 rrule.py:66(weekday)
        1    0.000    0.000    0.000    0.000 common.py:88(_generate_etree_functions)
        1    0.000    0.000    0.000    0.000 _docstring.py:64(_ArtistPropertiesSubstitution)
        1    0.000    0.000    0.000    0.000 pathlib.py:151(_Selector)
        1    0.000    0.000    0.000    0.000 worker_state_machine.py:522(AddKeysMsg)
        1    0.000    0.000    0.000    0.000 mock.py:2540(__init__)
        1    0.000    0.000    0.000    0.000 resample.py:2033(TimedeltaIndexResamplerGroupby)
        1    0.000    0.000    0.000    0.000 polar.py:281(ThetaLocator)
        1    0.000    0.000    0.000    0.000 worker_state_machine.py:414(Execute)
        1    0.000    0.000    0.000    0.000 _build_tlz.py:10(__init__)
        1    0.000    0.000    0.000    0.000 h5netcdf_.py:46(H5NetCDFArrayWrapper)
        1    0.000    0.000    0.000    0.000 merge.py:1894(_OrderedMerge)
        1    0.000    0.000    0.000    0.000 _parser.py:1589(ParserError)
        1    0.000    0.000    0.000    0.000 backend_tools.py:437(ToolYScale)
        1    0.000    0.000    0.000    0.000 __init__.py:10(NBitBase)
        1    0.000    0.000    0.000    0.000 worker_state_machine.py:1017(UpdateDataEvent)
        1    0.000    0.000    0.000    0.000 handlers.py:119(RotatingFileHandler)
        2    0.000    0.000    0.000    0.000 duck_array_ops.py:76(_dask_or_eager_func)
        1    0.000    0.000    0.000    0.000 csv.py:57(excel)
        1    0.000    0.000    0.000    0.000 cbook.py:915(GrouperView)
        1    0.000    0.000    0.000    0.000 npyio.py:42(BagObj)
        1    0.000    0.000    0.000    0.000 serialize.py:900(ObjectDictSerializer)
        1    0.000    0.000    0.000    0.000 _typing.py:236(_chunkedarrayfunction)
        1    0.000    0.000    0.000    0.000 __init__.py:655(LZMACompressor)
        1    0.000    0.000    0.000    0.000 config.py:458(option_context)
        1    0.000    0.000    0.000    0.000 legend_handler.py:628(HandlerStem)
        1    0.000    0.000    0.000    0.000 __init__.py:727(BufferingFormatter)
        1    0.000    0.000    0.000    0.000 times.py:958(CFDatetimeCoder)
        1    0.000    0.000    0.000    0.000 _exceptions.py:32(UFuncTypeError)
        1    0.000    0.000    0.000    0.000 ssh.py:195(Scheduler)
        1    0.000    0.000    0.000    0.000 nvml.py:39(CudaContext)
        1    0.000    0.000    0.000    0.000 argparse.py:1672(_ArgumentGroup)
        1    0.000    0.000    0.000    0.000 plugin.py:621(_CondaInstaller)
        1    0.000    0.000    0.000    0.000 pytables.py:4341(WORMTable)
        1    0.000    0.000    0.000    0.000 pickle_compat.py:157(Unpickler)
        1    0.000    0.000    0.000    0.000 integer.py:64(IntegerArray)
        1    0.000    0.000    0.000    0.000 _triinterpolate.py:1071(_DOF_estimator_geom)
        1    0.000    0.000    0.000    0.000 _parser.py:219(_resultbase)
        1    0.000    0.000    0.000    0.000 tz.py:1036(tzstr)
        1    0.000    0.000    0.000    0.000 offsetbox.py:420(PackerBase)
        1    0.000    0.000    0.000    0.000 parse.py:136(_ResultMixinStr)
        4    0.000    0.000    0.000    0.000 {built-in method _sre.ascii_tolower}
        1    0.000    0.000    0.000    0.000 unix_events.py:977(BaseChildWatcher)
        1    0.000    0.000    0.000    0.000 colors.py:134(__init__)
        1    0.000    0.000    0.000    0.000 _rechunk.py:471(Split)
        1    0.000    0.000    0.000    0.000 config.py:340(ConvertingDict)
        1    0.000    0.000    0.000    0.000 blocks.py:2611(NDArrayBackedExtensionBlock)
        1    0.000    0.000    0.000    0.000 backend_tools.py:380(ToolGrid)
        1    0.000    0.000    0.000    0.000 backend_bases.py:3476(Show)
        1    0.000    0.000    0.000    0.000 __init__.py:2285(NullHandler)
        5    0.000    0.000    0.000    0.000 backend_bases.py:2773(set_window_title)
        1    0.000    0.000    0.000    0.000 layers.py:76(ArraySliceDep)
        1    0.000    0.000    0.000    0.000 case.py:283(_AssertWarnsContext)
        1    0.000    0.000    0.000    0.000 handlers.py:1013(SMTPHandler)
        1    0.000    0.000    0.000    0.000 variables.py:27(VariableCoder)
        1    0.000    0.000    0.000    0.000 pytables.py:349(ConditionBinOp)
        1    0.000    0.000    0.000    0.000 geo.py:18(ThetaFormatter)
        2    0.000    0.000    0.000    0.000 _mathtext.py:1106(is_slanted)
        5    0.000    0.000    0.000    0.000 backend_bases.py:1868(draw)
        1    0.000    0.000    0.000    0.000 ticker.py:270(FixedFormatter)
        1    0.000    0.000    0.000    0.000 objects.py:12(HasWhat)
        1    0.000    0.000    0.000    0.000 dataframe_protocol.py:94(ColumnBuffers)
        1    0.000    0.000    0.000    0.000 __init__.py:151(FastLookup)
        1    0.000    0.000    0.000    0.000 backend_managers.py:13(ToolTriggerEvent)
        1    0.000    0.000    0.000    0.000 pubsub.py:173(PubSubClientExtension)
        1    0.000    0.000    0.000    0.000 protocols.py:109(BufferedProtocol)
        1    0.000    0.000    0.000    0.000 dataframe_protocol.py:111(CategoricalDescription)
        1    0.000    0.000    0.000    0.000 legend_handler.py:314(HandlerPatch)
        1    0.000    0.000    0.000    0.000 worker_state_machine.py:1029(SecedeEvent)
        1    0.000    0.000    0.000    0.000 client.py:1504(IncompleteRead)
        1    0.000    0.000    0.000    0.000 readers.py:2056(_clean_na_values)
        1    0.000    0.000    0.000    0.000 __init__.py:187(_Locker)
        3    0.000    0.000    0.000    0.000 expr.py:270(disallow)
        1    0.000    0.000    0.000    0.000 index_tricks.py:109(nd_grid)
        1    0.000    0.000    0.000    0.000 ImageOps.py:414(SupportsGetMesh)
        1    0.000    0.000    0.000    0.000 active_memory_manager.py:431(Suggestion)
        1    0.000    0.000    0.000    0.000 readers.py:477(_Fwf_Defaults)
        1    0.000    0.000    0.000    0.000 base.py:2404(ExtensionArraySupportsAnyAll)
        1    0.000    0.000    0.000    0.000 idna.py:154(Codec)
        1    0.000    0.000    0.000    0.000 engines.py:124(PythonEngine)
        1    0.000    0.000    0.000    0.000 dates.py:876(AutoDateFormatter)
        1    0.000    0.000    0.000    0.000 model.py:328(StructOrUnionOrEnum)
        1    0.000    0.000    0.000    0.000 core.py:797(_DomainCheckInterval)
        1    0.000    0.000    0.000    0.000 _exceptions.py:98(_UFuncOutputCastingError)
        1    0.000    0.000    0.000    0.000 missing.py:78(NumpyInterpolator)
        1    0.000    0.000    0.000    0.000 _typing.py:288(WriteBuffer)
        1    0.000    0.000    0.000    0.000 unicode.py:305(Thai)
        1    0.000    0.000    0.000    0.000 __init__.py:1120(__init__)
        2    0.000    0.000    0.000    0.000 six.py:199(__get_module)
        1    0.000    0.000    0.000    0.000 {method 'rfind' of 'bytes' objects}
        1    0.000    0.000    0.000    0.000 worker_state_machine.py:496(ReleaseWorkerDataMsg)
        1    0.000    0.000    0.000    0.000 sql.py:1537(SQLAlchemyEngine)
        1    0.000    0.000    0.000    0.000 _triinterpolate.py:1156(_DOF_estimator_min_E)
        1    0.000    0.000    0.000    0.000 ticker.py:1915(_Edge_integer)
        4    0.000    0.000    0.000    0.000 arraysetops.py:519(_in1d_dispatcher)
        1    0.000    0.000    0.000    0.000 socketserver.py:783(StreamRequestHandler)
        1    0.000    0.000    0.000    0.000 __init__.py:49(Frame)
        1    0.000    0.000    0.000    0.000 context.py:296(ForkServerProcess)
        1    0.000    0.000    0.000    0.000 readers.py:2365(_validate_skipfooter)
        1    0.000    0.000    0.000    0.000 __init__.py:313(_CountryTimezoneDict)
        2    0.000    0.000    0.000    0.000 patches.py:3930(get_mutation_scale)
        1    0.000    0.000    0.000    0.000 handlers.py:1424(QueueHandler)
        1    0.000    0.000    0.000    0.000 connection.py:596(SocketListener)
        1    0.000    0.000    0.000    0.000 typing.py:36(SchedulerGetCallable)
        1    0.000    0.000    0.000    0.000 parquet.py:296(FastParquetImpl)
        1    0.000    0.000    0.000    0.000 __init__.py:572(UndefinedVariableError)
        1    0.000    0.000    0.000    0.000 _mathtext.py:1139(Accent)
        1    0.000    0.000    0.000    0.000 ticker.py:1833(MultipleLocator)
        1    0.000    0.000    0.000    0.000 stride_tricks.py:15(DummyArray)
        1    0.000    0.000    0.000    0.000 index_tricks.py:569(ndenumerate)
        1    0.000    0.000    0.000    0.000 {built-in method numpy._set_promotion_state}
        1    0.000    0.000    0.000    0.000 utils_perf.py:144(__init__)
        1    0.000    0.000    0.000    0.000 utils.py:14(RequestHandler)
        1    0.000    0.000    0.000    0.000 common.py:266(ArrayWriter)
        1    0.000    0.000    0.000    0.000 _typing.py:192(_arrayapi)
        2    0.000    0.000    0.000    0.000 {built-in method sys.getdefaultencoding}
        1    0.000    0.000    0.000    0.000 argparse.py:1129(_HelpAction)
        1    0.000    0.000    0.000    0.000 handlers.py:1290(BufferingHandler)
        6    0.000    0.000    0.000    0.000 calendar.py:97(<lambda>)
        3    0.000    0.000    0.000    0.000 mock.py:290(__init__)
        1    0.000    0.000    0.000    0.000 worker_state_machine.py:984(AcquireReplicasEvent)
        1    0.000    0.000    0.000    0.000 worker_state_machine.py:641(RetryBusyWorkerEvent)
        1    0.000    0.000    0.000    0.000 queues.py:388(LifoQueue)
        1    0.000    0.000    0.000    0.000 compression.py:31(Compression)
        1    0.000    0.000    0.000    0.000 printing.py:499(PrettyDict)
        1    0.000    0.000    0.000    0.000 __init__.py:8(_SubplotBaseMeta)
        2    0.000    0.000    0.000    0.000 rcsetup.py:387(validate_fontstretch)
        1    0.000    0.000    0.000    0.000 config.py:307(ConvertingMixin)
        1    0.000    0.000    0.000    0.000 accessor_dt.py:610(CombinedDatetimelikeAccessor)
        1    0.000    0.000    0.000    0.000 feedparser.py:530(BytesFeedParser)
        1    0.000    0.000    0.000    0.000 ansi.py:25(AnsiCodes)
        1    0.000    0.000    0.000    0.000 exceptions.py:278(Exit)
        1    0.000    0.000    0.000    0.000 types.py:508(IntParamType)
        1    0.000    0.000    0.000    0.000 process.py:349(AuthenticationString)
        1    0.000    0.000    0.000    0.000 multi.py:167(MultiIndexPyIntEngine)
        1    0.000    0.000    0.000    0.000 six.py:178(__init__)
        1    0.000    0.000    0.000    0.000 popen_spawn_posix.py:16(_DupFd)
        1    0.000    0.000    0.000    0.000 _typing.py:250(_chunkedarrayapi)
        1    0.000    0.000    0.000    0.000 stata.py:792(StataNonCatValueLabel)
        1    0.000    0.000    0.000    0.000 ops.py:598(MathCall)
        1    0.000    0.000    0.000    0.000 __init__.py:819(_Tellable)
        1    0.000    0.000    0.000    0.000 _mathtext.py:731(DejaVuSansFonts)
        1    0.000    0.000    0.000    0.000 transforms.py:2790(TransformedPatchPath)
        1    0.000    0.000    0.000    0.000 unicode.py:8(_lazyclassproperty)
        1    0.000    0.000    0.000    0.000 ticker.py:1658(IndexLocator)
        1    0.000    0.000    0.000    0.000 parse.py:323(DefragResult)
        1    0.000    0.000    0.000    0.000 worker_state_machine.py:406(GatherDep)
        1    0.000    0.000    0.000    0.000 types.py:516(IntRange)
        1    0.000    0.000    0.000    0.000 locks.py:244(DummyLock)
        1    0.000    0.000    0.000    0.000 art3d.py:347(Collection3D)
        1    0.000    0.000    0.000    0.000 backend_managers.py:4(ToolEvent)
        1    0.000    0.000    0.000    0.000 backend_tools.py:370(ToolQuitAll)
        1    0.000    0.000    0.000    0.000 transforms.py:2271(BlendedAffine2D)
        1    0.000    0.000    0.000    0.000 core.py:3685(WordEnd)
        1    0.000    0.000    0.000    0.000 numbers.py:37(Number)
        1    0.000    0.000    0.000    0.000 worker_state_machine.py:731(RemoveWorkerEvent)
        1    0.000    0.000    0.000    0.000 utils_comm.py:133(WrappedKey)
        1    0.000    0.000    0.000    0.000 tcp.py:576(TCPConnector)
        1    0.000    0.000    0.000    0.000 escape.py:245(to_unicode)
        1    0.000    0.000    0.000    0.000 dtypes.py:14(AlwaysGreaterThan)
        1    0.000    0.000    0.000    0.000 pytables.py:4751(AppendableMultiSeriesTable)
        1    0.000    0.000    0.000    0.000 legend_handler.py:208(HandlerNpointsYoffsets)
        1    0.000    0.000    0.000    0.000 legend_handler.py:521(HandlerErrorbar)
        1    0.000    0.000    0.000    0.000 _typing.py:26(SupportsRead)
        1    0.000    0.000    0.000    0.000 core.py:1125(_DomainedBinaryOperation)
        1    0.000    0.000    0.000    0.000 socketserver.py:828(_SocketWriter)
        1    0.000    0.000    0.000    0.000 deprecation.py:223(deprecate_privatize_attribute)
        1    0.000    0.000    0.000    0.000 mixins.py:9(_LoopBoundMixin)
        1    0.000    0.000    0.000    0.000 nodes.py:939(Operand)
        1    0.000    0.000    0.000    0.000 nodes.py:407(Include)
        1    0.000    0.000    0.000    0.000 abc.py:52(MetaPathFinder)
        1    0.000    0.000    0.000    0.000 csv.py:72(unix_dialect)
        1    0.000    0.000    0.000    0.000 dates.py:1501(YearLocator)
        1    0.000    0.000    0.000    0.000 calendar.py:31(IllegalMonthError)
        1    0.000    0.000    0.000    0.000 core.py:3550(LineStart)
        1    0.000    0.000    0.000    0.000 ElementPath.py:350(_SelectorContext)
        2    0.000    0.000    0.000    0.000 rcsetup.py:163(validate_dpi)
        1    0.000    0.000    0.000    0.000 worker_state_machine.py:1003(StealRequestEvent)
        1    0.000    0.000    0.000    0.000 plugin.py:380(SchedulerUploadFile)
        1    0.000    0.000    0.000    0.000 http1connection.py:42(_QuietException)
        1    0.000    0.000    0.000    0.000 ansi.py:93(AnsiStyle)
        1    0.000    0.000    0.000    0.000 {built-in method psutil._psutil_posix.getpagesize}
        1    0.000    0.000    0.000    0.000 _base.py:96(_FirstCompletedWaiter)
        1    0.000    0.000    0.000    0.000 units.py:72(AxisInfo)
        2    0.000    0.000    0.000    0.000 axis.py:572(__init__)
        1    0.000    0.000    0.000    0.000 ticker.py:2872(AutoMinorLocator)
        1    0.000    0.000    0.000    0.000 _endian.py:23(_swapped_meta)
        1    0.000    0.000    0.000    0.000 nodes.py:556(NSRef)
        1    0.000    0.000    0.000    0.000 tarfile.py:576(_StreamProxy)
        1    0.000    0.000    0.000    0.000 core.py:3901(_ErrorStop)
        1    0.000    0.000    0.000    0.000 plugin.py:887(UploadDirectory)
        1    0.000    0.000    0.000    0.000 exceptions.py:47(LimitOverrunError)
        1    0.000    0.000    0.000    0.000 process.py:397(_MainProcess)
        1    0.000    0.000    0.000    0.000 errors.py:33(MessageDefect)
        1    0.000    0.000    0.000    0.000 __init__.py:273(AbstractMethodError)
        1    0.000    0.000    0.000    0.000 calendar.py:624(LocaleHTMLCalendar)
        1    0.000    0.000    0.000    0.000 traceback.py:90(_Sentinel)
        1    0.000    0.000    0.000    0.000 worker_state_machine.py:970(RefreshWhoHasEvent)
        1    0.000    0.000    0.000    0.000 routing.py:34(DirectoryHandler)
        1    0.000    0.000    0.000    0.000 __init__.py:110(_LockSet)
        1    0.000    0.000    0.000    0.000 template.py:654(_Expression)
        1    0.000    0.000    0.000    0.000 emitter.py:17(ScalarAnalysis)
        1    0.000    0.000    0.000    0.000 treenode.py:26(NodePath)
        1    0.000    0.000    0.000    0.000 stata.py:957(StataParser)
        1    0.000    0.000    0.000    0.000 queue.py:242(LifoQueue)
        1    0.000    0.000    0.000    0.000 offsetbox.py:467(VPacker)
        1    0.000    0.000    0.000    0.000 font_manager.py:910(_JSONEncoder)
        1    0.000    0.000    0.000    0.000 exceptions.py:289(RecursiveGrammarException)
        1    0.000    0.000    0.000    0.000 common.py:18(DefusedXmlException)
        1    0.000    0.000    0.000    0.000 backend_agg.py:540(_BackendAgg)
        1    0.000    0.000    0.000    0.000 worker_state_machine.py:685(GatherDepNetworkFailureEvent)
        1    0.000    0.000    0.000    0.000 tcp.py:701(TCPListener)
        2    0.000    0.000    0.000    0.000 serialize.py:901(__init__)
        1    0.000    0.000    0.000    0.000 protocols.py:66(Protocol)
        1    0.000    0.000    0.000    0.000 tokens.py:2(Token)
        1    0.000    0.000    0.000    0.000 loader.py:11(BaseLoader)
        1    0.000    0.000    0.000    0.000 accessor.py:196(CachedAccessor)
        1    0.000    0.000    0.000    0.000 _array_like.py:39(_SupportsArray)
        1    0.000    0.000    0.000    0.000 tcp.py:501(_DefaultLoopResolver)
        1    0.000    0.000    0.000    0.000 utils.py:469(_CollectErrorThread)
        1    0.000    0.000    0.000    0.000 _base.py:141(_AcquireFutures)
        1    0.000    0.000    0.000    0.000 extensions.py:14(_CachedAccessor)
        1    0.000    0.000    0.000    0.000 merge.py:55(Context)
        1    0.000    0.000    0.000    0.000 expr.py:771(PythonExprVisitor)
        1    0.000    0.000    0.000    0.000 readers.py:507(_DeprecationConfig)
        1    0.000    0.000    0.000    0.000 lazy.py:121(LazySet)
        1    0.000    0.000    0.000    0.000 offsetbox.py:1592(DraggableAnnotation)
        1    0.000    0.000    0.000    0.000 _adapters.py:20(TraversableResourcesLoader)
        1    0.000    0.000    0.000    0.000 backend_tools.py:395(ToolMinorGrid)
        1    0.000    0.000    0.000    0.000 unicode.py:133(BasicMultilingualPlane)
        1    0.000    0.000    0.000    0.000 core.py:3599(LineEnd)
        1    0.000    0.000    0.000    0.000 core.py:5717(Dict)
        1    0.000    0.000    0.000    0.000 argparse.py:1287(FileType)
        1    0.000    0.000    0.000    0.000 mock.py:300(_Sentinel)
        1    0.000    0.000    0.000    0.000 nodes.py:2(Node)
        1    0.000    0.000    0.000    0.000 context.py:233(__init__)
        1    0.000    0.000    0.000    0.000 cftime_offsets.py:551(YearBegin)
        1    0.000    0.000    0.000    0.000 ops.py:295(IncludeReduceMethods)
        1    0.000    0.000    0.000    0.000 base.py:55(_AlreadyWarned)
        1    0.000    0.000    0.000    0.000 core.py:2352(NoMatch)
        1    0.000    0.000    0.000    0.000 scheduler.py:848(ErredTask)
        1    0.000    0.000    0.000    0.000 worker_state_machine.py:991(RemoveReplicasEvent)
        1    0.000    0.000    0.000    0.000 plugin.py:762(UploadFile)
        1    0.000    0.000    0.000    0.000 tcp.py:585(TLSConnector)
        1    0.000    0.000    0.000    0.000 utils.py:2107(cached_property)
        1    0.000    0.000    0.000    0.000 <string>:4(cy_wrap)
        1    0.000    0.000    0.000    0.000 errors.py:93(NonPrintableDefect)
        1    0.000    0.000    0.000    0.000 collections.py:1275(BrokenBarHCollection)
        1    0.000    0.000    0.000    0.000 contour.py:29(ClabelText)
        1    0.000    0.000    0.000    0.000 common.py:39(EntitiesForbidden)
        1    0.000    0.000    0.000    0.000 pathlib.py:241(_DoubleRecursiveWildcardSelector)
        2    0.000    0.000    0.000    0.000 types.py:129(_calculate_meta)
        1    0.000    0.000    0.000    0.000 locks.py:420(BoundedSemaphore)
        1    0.000    0.000    0.000    0.000 utils.py:479(_tostr)
        1    0.000    0.000    0.000    0.000 context.py:57(__init__)
        1    0.000    0.000    0.000    0.000 nodes.py:312(Extends)
        1    0.000    0.000    0.000    0.000 scale.py:89(LinearScale)
        1    0.000    0.000    0.000    0.000 netutil.py:481(BlockingResolver)
        1    0.000    0.000    0.000    0.000 web.py:2521(MissingArgumentError)
        1    0.000    0.000    0.000    0.000 utils.py:314(NoOpAwaitable)
        1    0.000    0.000    0.000    0.000 transports.py:172(DatagramTransport)
        1    0.000    0.000    0.000    0.000 indexing.py:501(ExplicitlyIndexed)
        1    0.000    0.000    0.000    0.000 patches.py:3595(Simple)
        1    0.000    0.000    0.000    0.000 ticker.py:1687(FixedLocator)
        3    0.000    0.000    0.000    0.000 core.py:867(__init__)
        4    0.000    0.000    0.000    0.000 {method 'isalnum' of 'str' objects}
        1    0.000    0.000    0.000    0.000 BmpImagePlugin.py:287(BmpRleDecoder)
        1    0.000    0.000    0.000    0.000 case.py:193(_BaseTestCaseContext)
        1    0.000    0.000    0.000    0.000 _exceptions.py:80(_UFuncInputCastingError)
        1    0.000    0.000    0.000    0.000 _exceptions.py:71(_UFuncCastingError)
        1    0.000    0.000    0.000    0.000 sorteddict.py:763(SortedValuesView)
        1    0.000    0.000    0.000    0.000 __init__.py:132(_ThreadLock)
        1    0.000    0.000    0.000    0.000 client.py:183(HTTPMessage)
        1    0.000    0.000    0.000    0.000 local.py:537(SynchronousExecutor)
        1    0.000    0.000    0.000    0.000 cftime_offsets.py:463(QuarterBegin)
        1    0.000    0.000    0.000    0.000 utils.py:95(Endianness)
        1    0.000    0.000    0.000    0.000 selectn.py:75(SelectNSeries)
        1    0.000    0.000    0.000    0.000 six.py:91(_LazyDescr)
        1    0.000    0.000    0.000    0.000 backend_tools.py:410(ToolFullScreen)
        1    0.000    0.000    0.000    0.000 hatch.py:14(HorizontalHatch)
        1    0.000    0.000    0.000    0.000 util.py:80(_UnboundedCache)
        1    0.000    0.000    0.000    0.000 GimpGradientFile.py:66(GradientFile)
        1    0.000    0.000    0.000    0.000 arrayprint.py:1222(IntegerFormat)
        1    0.000    0.000    0.000    0.000 queues.py:234(LifoQueue)
        1    0.000    0.000    0.000    0.000 worker_state_machine.py:997(FreeKeysEvent)
        1    0.000    0.000    0.000    0.000 argparse.py:1714(_MutuallyExclusiveGroup)
        1    0.000    0.000    0.000    0.000 routing.py:275(_DefaultMessageDelegate)
        1    0.000    0.000    0.000    0.000 registry.py:10(_EntryPoints)
        1    0.000    0.000    0.000    0.000 connection.py:970(ConnectionWrapper)
        1    0.000    0.000    0.000    0.000 indexing.py:248(GroupByPositionalSelector)
        1    0.000    0.000    0.000    0.000 streamplot.py:249(StreamplotSet)
        1    0.000    0.000    0.000    0.000 backend_tools.py:609(ToolBack)
        1    0.000    0.000    0.000    0.000 _array_like.py:44(_SupportsArrayFunc)
        2    0.000    0.000    0.000    0.000 index_tricks.py:761(__init__)
        1    0.000    0.000    0.000    0.000 worker_state_machine.py:959(CancelComputeEvent)
        1    0.000    0.000    0.000    0.000 nodes.py:1065(InternalName)
        1    0.000    0.000    0.000    0.000 tarfile.py:710(ExFileObject)
        1    0.000    0.000    0.000    0.000 model.py:224(RawFunctionType)
        4    0.000    0.000    0.000    0.000 arraysetops.py:368(_intersect1d_dispatcher)
        1    0.000    0.000    0.000    0.000 _concurrent_futures_thread.py:53(_WorkItem)
        1    0.000    0.000    0.000    0.000 plugin.py:795(ForwardLoggingPlugin)
        1    0.000    0.000    0.000    0.000 plugin.py:572(CondaInstall)
        1    0.000    0.000    0.000    0.000 cookies.py:600(SimpleCookie)
        1    0.000    0.000    0.000    0.000 template.py:677(_Module)
        1    0.000    0.000    0.000    0.000 _common.py:163(ZoneInfoNotFoundError)
        1    0.000    0.000    0.000    0.000 {built-in method matplotlib._path.is_sorted_and_has_non_nan}
        1    0.000    0.000    0.000    0.000 error.py:5(CDefError)
        1    0.000    0.000    0.000    0.000 pathlib.py:223(_RecursiveWildcardSelector)
        1    0.000    0.000    0.000    0.000 tcpclient.py:209(__init__)
        1    0.000    0.000    0.000    0.000 common.py:206(BackendArray)
        1    0.000    0.000    0.000    0.000 _typing.py:282(ReadBuffer)
        1    0.000    0.000    0.000    0.000 _mathtext.py:939(ComputerModernFontConstants)
        1    0.000    0.000    0.000    0.000 ticker.py:2852(AutoLocator)
        1    0.000    0.000    0.000    0.000 mock.py:401(Base)
        1    0.000    0.000    0.000    0.000 plugin.py:526(_InstallWorkerPlugin)
        1    0.000    0.000    0.000    0.000 core.py:1781(OKMessage)
        1    0.000    0.000    0.000    0.000 utils.py:1422(Log)
        1    0.000    0.000    0.000    0.000 cyaml.py:16(CBaseLoader)
        1    0.000    0.000    0.000    0.000 __init__.py:706(Lookup)
        1    0.000    0.000    0.000    0.000 indexing.py:109(_IndexSlice)
        1    0.000    0.000    0.000    0.000 results.py:98(List)
        1    0.000    0.000    0.000    0.000 backend_tools.py:447(ToolXScale)
        1    0.000    0.000    0.000    0.000 backend_tools.py:618(ToolForward)
        1    0.000    0.000    0.000    0.000 __init__.py:77(UnidentifiedImageError)
        2    0.000    0.000    0.000    0.000 {built-in method _sre.template}
        1    0.000    0.000    0.000    0.000 worker_state_machine.py:420(RetryBusyWorkerLater)
        1    0.000    0.000    0.000    0.000 worker.py:191(GetDataSuccess)
        1    0.000    0.000    0.000    0.000 gen.py:678(_NullFuture)
        1    0.000    0.000    0.000    0.000 client.py:735(VersionsDict)
        1    0.000    0.000    0.000    0.000 client.py:659(AllExit)
        1    0.000    0.000    0.000    0.000 __init__.py:11(_AttrDict)
        1    0.000    0.000    0.000    0.000 sql.py:1518(BaseEngine)
        2    0.000    0.000    0.000    0.000 lazy.py:91(LazyList)
        1    0.000    0.000    0.000    0.000 pathlib.py:1425(WindowsPath)
        1    0.000    0.000    0.000    0.000 argparse.py:949(_StoreAction)
        1    0.000    0.000    0.000    0.000 datatree_render.py:47(ContStyle)
        1    0.000    0.000    0.000    0.000 dates.py:1839(ConciseDateConverter)
        1    0.000    0.000    0.000    0.000 calendar.py:578(different_locale)
        1    0.000    0.000    0.000    0.000 ticker.py:304(FuncFormatter)
        1    0.000    0.000    0.000    0.000 {built-in method _imp.get_frozen_object}
        1    0.000    0.000    0.000    0.000 BmpImagePlugin.py:362(DibImageFile)
        1    0.000    0.000    0.000    0.000 worker_state_machine.py:152(TransitionCounterMaxExceeded)
        1    0.000    0.000    0.000    0.000 gen.py:273(is_coroutine_function)
        1    0.000    0.000    0.000    0.000 locks.py:12(_ContextManagerMixin)
        1    0.000    0.000    0.000    0.000 abc.py:68(PathEntryFinder)
        1    0.000    0.000    0.000    0.000 describe.py:124(SeriesDescriber)
        1    0.000    0.000    0.000    0.000 backend_bases.py:1484(PickEvent)
        1    0.000    0.000    0.000    0.000 cbook.py:333(silent_list)
        1    0.000    0.000    0.000    0.000 backend_tools.py:634(SaveFigureBase)
        4    0.000    0.000    0.000    0.000 {built-in method _sre.ascii_iscased}
        1    0.000    0.000    0.000    0.000 cftime_offsets.py:369(MonthBegin)
        1    0.000    0.000    0.000    0.000 parser.py:75(BytesParser)
        1    0.000    0.000    0.000    0.000 pytables.py:99(Constant)
        1    0.000    0.000    0.000    0.000 blocks.py:2625(DatetimeLikeBlock)
        1    0.000    0.000    0.000    0.000 pydoc.py:2308(ModuleScanner)
        1    0.000    0.000    0.000    0.000 exceptions.py:19(DuplicateConstraint)
        1    0.000    0.000    0.000    0.000 unicode.py:158(Greek)
        1    0.000    0.000    0.000    0.000 core.py:197(_should_enable_warnings)
        1    0.000    0.000    0.000    0.000 pathlib.py:801(PurePosixPath)
        1    0.000    0.000    0.000    0.000 typing.py:1462(__repr__)
        1    0.000    0.000    0.000    0.000 engines.py:107(NumExprEngine)
        1    0.000    0.000    0.000    0.000 container.py:77(ErrorbarContainer)
        1    0.000    0.000    0.000    0.000 model.py:72(BaseType)
        1    0.000    0.000    0.000    0.000 objects.py:19(WhoHas)
        1    0.000    0.000    0.000    0.000 error.py:48(MarkedYAMLError)
        1    0.000    0.000    0.000    0.000 variables.py:612(EndianCoder)
        1    0.000    0.000    0.000    0.000 tarfile.py:270(TarError)
        1    0.000    0.000    0.000    0.000 _base.py:95(_TransformedBoundsLocator)
        1    0.000    0.000    0.000    0.000 artist.py:111(_Unset)
        1    0.000    0.000    0.000    0.000 __init__.py:1311(PlaceHolder)
        1    0.000    0.000    0.000    0.000 web.py:3373(_linkify)
        1    0.000    0.000    0.000    0.000 constructor.py:16(ConstructorError)
        1    0.000    0.000    0.000    0.000 offsetbox.py:499(HPacker)
        1    0.000    0.000    0.000    0.000 common.py:56(ExternalReferenceForbidden)
        1    0.000    0.000    0.000    0.000 protocols.py:162(DatagramProtocol)
        1    0.000    0.000    0.000    0.000 nodes.py:416(Import)
        1    0.000    0.000    0.000    0.000 parser.py:67(HeaderParser)
        1    0.000    0.000    0.000    0.000 _compute_docstrings.py:1(<module>)
        1    0.000    0.000    0.000    0.000 ipc.py:88(RecordBatchFileReader)
        1    0.000    0.000    0.000    0.000 legend_handler.py:719(HandlerTuple)
        3    0.000    0.000    0.000    0.000 lines.py:132(_slice_or_none)
        1    0.000    0.000    0.000    0.000 unicode.py:280(Hangul)
        1    0.000    0.000    0.000    0.000 PngImagePlugin.py:1075(_idat)
        4    0.000    0.000    0.000    0.000 arraysetops.py:761(_isin_dispatcher)
        1    0.000    0.000    0.000    0.000 _factories.py:19(_TzFactory)
        1    0.000    0.000    0.000    0.000 core.py:4592(_Indent)
        1    0.000    0.000    0.000    0.000 arrayprint.py:1245(ComplexFloatingFormat)
        1    0.000    0.000    0.000    0.000 template.py:682(_Text)
        1    0.000    0.000    0.000    0.000 nodes.py:443(ExprStmt)
        1    0.000    0.000    0.000    0.000 pool.py:57(RemoteTraceback)
        1    0.000    0.000    0.000    0.000 base_parser.py:986(_validate_usecols_arg)
        3    0.000    0.000    0.000    0.000 base_parser.py:1447(is_index_col)
        1    0.000    0.000    0.000    0.000 polar.py:241(ThetaFormatter)
        1    0.000    0.000    0.000    0.000 patches.py:2325(Square)
        1    0.000    0.000    0.000    0.000 extras.py:263(_fromnxfunction_single)
        1    0.000    0.000    0.000    0.000 pickle.py:73(PickleError)
        1    0.000    0.000    0.000    0.000 {method 'deleter' of 'property' objects}
        1    0.000    0.000    0.000    0.000 local.py:578(MultiprocessingPoolExecutor)
        1    0.000    0.000    0.000    0.000 process.py:64(_ProcessState)
        1    0.000    0.000    0.000    0.000 argparse.py:1148(_VersionAction)
        1    0.000    0.000    0.000    0.000 argparse.py:1079(_AppendConstAction)
        1    0.000    0.000    0.000    0.000 strings.py:116(CharacterArrayCoder)
        1    0.000    0.000    0.000    0.000 info.py:823(_DataFrameTableBuilderNonVerbose)
        1    0.000    0.000    0.000    0.000 six.py:144(MovedAttribute)
        1    0.000    0.000    0.000    0.000 cm.py:95(__iter__)
        1    0.000    0.000    0.000    0.000 model.py:178(UnknownIntegerType)
        1    0.000    0.000    0.000    0.000 _base.py:49(CancelledError)
        1    0.000    0.000    0.000    0.000 ops.py:305(IncludeNumpySameMethods)
        1    0.000    0.000    0.000    0.000 colors.py:2119(NoNorm)
        1    0.000    0.000    0.000    0.000 core.py:822(_DomainTan)
        1    0.000    0.000    0.000    0.000 pathlib.py:180(_ParentSelector)
        1    0.000    0.000    0.000    0.000 mock.py:2118(MagicMixin)
        1    0.000    0.000    0.000    0.000 inproc.py:320(InProcConnector)
        1    0.000    0.000    0.000    0.000 template.py:645(_Statement)
        1    0.000    0.000    0.000    0.000 queues.py:11(QueueEmpty)
        1    0.000    0.000    0.000    0.000 runtime.py:991(DebugUndefined)
        1    0.000    0.000    0.000    0.000 cftime_offsets.py:189(Tick)
        1    0.000    0.000    0.000    0.000 indexing.py:405(OuterIndexer)
        1    0.000    0.000    0.000    0.000 readers.py:2267(_extract_dialect)
        2    0.000    0.000    0.000    0.000 expr.py:169(_is_type)
        1    0.000    0.000    0.000    0.000 common.py:1088(_BytesIOWrapper)
        1    0.000    0.000    0.000    0.000 _typing.py:298(ReadPickleBuffer)
        1    0.000    0.000    0.000    0.000 calendar.py:38(IllegalWeekdayError)
        1    0.000    0.000    0.000    0.000 axis.py:564(_LazyTickList)
        2    0.000    0.000    0.000    0.000 core.py:883(__init__)
        1    0.000    0.000    0.000    0.000 nodes.py:1032(EnvironmentAttribute)
        1    0.000    0.000    0.000    0.000 _factories.py:25(_TzOffsetFactory)
        1    0.000    0.000    0.000    0.000 suite.py:375(_DebugResult)
        1    0.000    0.000    0.000    0.000 exceptions.py:30(ExtraData)
        1    0.000    0.000    0.000    0.000 handlers.py:692(DatagramHandler)
        1    0.000    0.000    0.000    0.000 nodes.py:1041(ExtensionAttribute)
        1    0.000    0.000    0.000    0.000 _typing.py:272(_sparsearray)
        1    0.000    0.000    0.000    0.000 ops.py:1179(FrameSplitter)
        1    0.000    0.000    0.000    0.000 compressors.py:52(BZ2File)
        1    0.000    0.000    0.000    0.000 patches.py:2583(Sawtooth)
        1    0.000    0.000    0.000    0.000 unicode.py:139(Latin1)
        1    0.000    0.000    0.000    0.000 GimpGradientFile.py:101(GimpGradientFile)
        1    0.000    0.000    0.000    0.000 copyreg.py:22(constructor)
        1    0.000    0.000    0.000    0.000 plugin.py:876(Environ)
        1    0.000    0.000    0.000    0.000 common.py:286(sync)
        1    0.000    0.000    0.000    0.000 error.py:17(VerificationError)
        4    0.000    0.000    0.000    0.000 <frozen importlib._bootstrap>:1014(is_package)
        1    0.000    0.000    0.000    0.000 {method 'find' of 'bytes' objects}
        1    0.000    0.000    0.000    0.000 spill.py:282(AnyKeyFile)
        1    0.000    0.000    0.000    0.000 exceptions.py:1(UnpackException)
        1    0.000    0.000    0.000    0.000 util.py:108(_platform_supports_abstract_sockets)
        1    0.000    0.000    0.000    0.000 _common.py:321(NoSuchProcess)
        1    0.000    0.000    0.000    0.000 dumper.py:9(BaseDumper)
        1    0.000    0.000    0.000    0.000 locks.py:108(_get_lock_maker)
        4    0.000    0.000    0.000    0.000 feedparser.py:124(__iter__)
        1    0.000    0.000    0.000    0.000 pytables.py:637(TermValue)
        1    0.000    0.000    0.000    0.000 ops.py:1170(SeriesSplitter)
        1    0.000    0.000    0.000    0.000 _parser.py:1378(_attr)
        1    0.000    0.000    0.000    0.000 hatch.py:9(HatchPatternBase)
        1    0.000    0.000    0.000    0.000 unicode.py:211(Chinese)
        2    0.000    0.000    0.000    0.000 core.py:5429(__del__)
        1    0.000    0.000    0.000    0.000 ElementTree.py:107(ParseError)
        1    0.000    0.000    0.000    0.000 mock.py:348(_CallList)
        1    0.000    0.000    0.000    0.000 plugin.py:718(_PipInstaller)
        1    0.000    0.000    0.000    0.000 protocols.py:177(SubprocessProtocol)
        1    0.000    0.000    0.000    0.000 tz.py:373(_tzfile)
        1    0.000    0.000    0.000    0.000 core.py:4984(OneOrMore)
        1    0.000    0.000    0.000    0.000 deprecation.py:20(MatplotlibDeprecationWarning)
        1    0.000    0.000    0.000    0.000 case.py:202(_AssertRaisesBaseContext)
        1    0.000    0.000    0.000    0.000 template.py:634(_IntermediateControlBlock)
        1    0.000    0.000    0.000    0.000 pickle.py:20(_DaskPickler)
        2    0.000    0.000    0.000    0.000 scanner.py:698(check_document_end)
        1    0.000    0.000    0.000    0.000 message.py:1200(EmailMessage)
        1    0.000    0.000    0.000    0.000 patches.py:2905(Arc)
        1    0.000    0.000    0.000    0.000 core.py:2378(__init__)
        1    0.000    0.000    0.000    0.000 parse.py:144(_ResultMixinBytes)
        1    0.000    0.000    0.000    0.000 variables.py:453(CFScaleOffsetCoder)
        1    0.000    0.000    0.000    0.000 tcp.py:713(TLSListener)
        1    0.000    0.000    0.000    0.000 tasks.py:954(create_eager_task_factory)
        1    0.000    0.000    0.000    0.000 socketserver.py:847(DatagramRequestHandler)
        1    0.000    0.000    0.000    0.000 __init__.py:30(Code)
        1    0.000    0.000    0.000    0.000 _base.py:45(Error)
        1    0.000    0.000    0.000    0.000 scanner.py:35(SimpleKey)
        1    0.000    0.000    0.000    0.000 indexing.py:451(VectorizedIndexer)
        1    0.000    0.000    0.000    0.000 errors.py:81(HeaderDefect)
        1    0.000    0.000    0.000    0.000 __init__.py:128(InvalidVersion)
        1    0.000    0.000    0.000    0.000 exceptions.py:11(Error)
        1    0.000    0.000    0.000    0.000 _triinterpolate.py:1061(_DOF_estimator_user)
        1    0.000    0.000    0.000    0.000 _blocking_input.py:1(<module>)
        1    0.000    0.000    0.000    0.000 patches.py:3434(Curve)
        1    0.000    0.000    0.000    0.000 patches.py:3473(BracketA)
        1    0.000    0.000    0.000    0.000 unicode.py:198(Cyrillic)
        1    0.000    0.000    0.000    0.000 core.py:840(_DomainSafeDivide)
        1    0.000    0.000    0.000    0.000 parse.py:331(SplitResult)
        1    0.000    0.000    0.000    0.000 pathlib.py:811(PureWindowsPath)
        1    0.000    0.000    0.000    0.000 expressions.py:45(set_use_numexpr)
        1    0.000    0.000    0.000    0.000 model.py:85(VoidType)
        1    0.000    0.000    0.000    0.000 argparse.py:1342(Namespace)
        1    0.000    0.000    0.000    0.000 web.py:3378(_xsrf_form_html)
        1    0.000    0.000    0.000    0.000 client.py:1493(UnknownProtocol)
        1    0.000    0.000    0.000    0.000 utils.py:1429(Logs)
        1    0.000    0.000    0.000    0.000 parser.py:69(ParserError)
        1    0.000    0.000    0.000    0.000 tokens.py:31(StreamStartToken)
        1    0.000    0.000    0.000    0.000 treenode.py:18(InvalidTreeError)
        1    0.000    0.000    0.000    0.000 ops.py:520(Div)
        1    0.000    0.000    0.000    0.000 ops.py:613(FuncNode)
        1    0.000    0.000    0.000    0.000 _typing.py:303(WriteExcelBuffer)
        1    0.000    0.000    0.000    0.000 backend_bases.py:3484(ShowBase)
        1    0.000    0.000    0.000    0.000 _docstring.py:50(_ArtistKwdocLoader)
        1    0.000    0.000    0.000    0.000 extras.py:281(_fromnxfunction_seq)
        1    0.000    0.000    0.000    0.000 __init__.py:402(PyDLL)
        2    0.000    0.000    0.000    0.000 arrayprint.py:493(_recursive_guard)
        1    0.000    0.000    0.000    0.000 ipaddress.py:20(AddressValueError)
        1    0.000    0.000    0.000    0.000 cftime_offsets.py:382(MonthEnd)
        1    0.000    0.000    0.000    0.000 {method 'difference_update' of 'set' objects}
        1    0.000    0.000    0.000    0.000 plugin.py:1016(ForwardOutput)
        1    0.000    0.000    0.000    0.000 specifiers.py:30(InvalidSpecifier)
        1    0.000    0.000    0.000    0.000 nodes.py:54(NodeType)
        1    0.000    0.000    0.000    0.000 nodes.py:25(ScalarNode)
        1    0.000    0.000    0.000    0.000 cyaml.py:23(CSafeLoader)
        1    0.000    0.000    0.000    0.000 datatree_mapping.py:17(TreeIsomorphismError)
        1    0.000    0.000    0.000    0.000 pytables.py:340(JointFilterBinOp)
        1    0.000    0.000    0.000    0.000 __init__.py:338(FileHash)
        1    0.000    0.000    0.000    0.000 accessors.py:608(CombinedDatetimelikeProperties)
        1    0.000    0.000    0.000    0.000 tarfile.py:276(ReadError)
        1    0.000    0.000    0.000    0.000 container.py:109(StemContainer)
        1    0.000    0.000    0.000    0.000 isoparser.py:43(__init__)
        1    0.000    0.000    0.000    0.000 patches.py:2841(Angle)
        1    0.000    0.000    0.000    0.000 backend_bases.py:1288(DrawEvent)
        1    0.000    0.000    0.000    0.000 hatch.py:31(VerticalHatch)
        1    0.000    0.000    0.000    0.000 backend_bases.py:2574(NonGuiException)
        1    0.000    0.000    0.000    0.000 version.py:265(epoch)
        1    0.000    0.000    0.000    0.000 core.py:893(_MaskedUFunc)
        1    0.000    0.000    0.000    0.000 polynomial.py:29(RankWarning)
        1    0.000    0.000    0.000    0.000 _internal.py:244(c_void_p)
        1    0.000    0.000    0.000    0.000 arrayprint.py:1278(_TimelikeFormat)
        1    0.000    0.000    0.000    0.000 arrayprint.py:1341(SubArrayFormat)
        1    0.000    0.000    0.000    0.000 backend_tools.py:588(ViewsPositionsBase)
        1    0.000    0.000    0.000    0.000 variables.py:301(CFMaskCoder)
        2    0.000    0.000    0.000    0.000 rcsetup.py:341(validate_aspect)
        1    0.000    0.000    0.000    0.000 mock.py:1079(_AnyComparer)
        1    0.000    0.000    0.000    0.000 requirements.py:14(InvalidRequirement)
        1    0.000    0.000    0.000    0.000 tokens.py:17(DirectiveToken)
        1    0.000    0.000    0.000    0.000 missing.py:123(ScipyInterpolator)
        1    0.000    0.000    0.000    0.000 __init__.py:346(DeprecatedNonAbstract)
        1    0.000    0.000    0.000    0.000 docscrape.py:602(ObjDoc)
        1    0.000    0.000    0.000    0.000 dates.py:1683(SecondLocator)
        1    0.000    0.000    0.000    0.000 _mathtext.py:1476(HCentered)
        1    0.000    0.000    0.000    0.000 uuid.py:78(SafeUUID)
        1    0.000    0.000    0.000    0.000 hatch.py:48(NorthEastHatch)
        1    0.000    0.000    0.000    0.000 core.py:3622(StringStart)
        3    0.000    0.000    0.000    0.000 core.py:2433(parseImpl)
        1    0.000    0.000    0.000    0.000 __init__.py:346(ExecutableNotFoundError)
        1    0.000    0.000    0.000    0.000 polyutils.py:47(RankWarning)
        4    0.000    0.000    0.000    0.000 numeric.py:63(_zeros_like_dispatcher)
        1    0.000    0.000    0.000    0.000 pathlib.py:191(_WildcardSelector)
        1    0.000    0.000    0.000    0.000 reduction.py:211(_C)
        1    0.000    0.000    0.000    0.000 utils.py:15(InvalidName)
        1    0.000    0.000    0.000    0.000 template.py:569(_ExtendsBlock)
        1    0.000    0.000    0.000    0.000 socketserver.py:662(_NoThreads)
        1    0.000    0.000    0.000    0.000 times.py:1001(CFTimedeltaCoder)
        1    0.000    0.000    0.000    0.000 variables.py:583(BooleanCoder)
        1    0.000    0.000    0.000    0.000 tarfile.py:738(SpecialFileError)
        1    0.000    0.000    0.000    0.000 exceptions.py:15(UnknownTimeZoneError)
        1    0.000    0.000    0.000    0.000 patches.py:2763(Arc3)
        1    0.000    0.000    0.000    0.000 model.py:88(__init__)
        1    0.000    0.000    0.000    0.000 rcsetup.py:747(_DunderChecker)
        1    0.000    0.000    0.000    0.000 __init__.py:1861(RootLogger)
        1    0.000    0.000    0.000    0.000 index_tricks.py:717(IndexExpression)
        2    0.000    0.000    0.000    0.000 functools.py:741(is_related)
        1    0.000    0.000    0.000    0.000 variables.py:509(UnsignedIntegerCoder)
        1    0.000    0.000    0.000    0.000 variables.py:563(DefaultFillvalueCoder)
        1    0.000    0.000    0.000    0.000 argparse.py:204(_Section)
        1    0.000    0.000    0.000    0.000 mock.py:2852(_SpecState)
        1    0.000    0.000    0.000    0.000 exceptions.py:10(BufferFull)
        1    0.000    0.000    0.000    0.000 types.py:542(FloatParamType)
        1    0.000    0.000    0.000    0.000 process.py:125(_RemoteTraceback)
        1    0.000    0.000    0.000    0.000 pytables.py:3337(FrameFixed)
        1    0.000    0.000    0.000    0.000 errors.py:8(MessageError)
        1    0.000    0.000    0.000    0.000 info.py:1032(_SeriesTableBuilderNonVerbose)
        1    0.000    0.000    0.000    0.000 pydoc.py:1630(_PlainTextDoc)
        1    0.000    0.000    0.000    0.000 __init__.py:627(PyperclipWindowsException)
        1    0.000    0.000    0.000    0.000 _tzpath.py:176(InvalidTZPathWarning)
        1    0.000    0.000    0.000    0.000 __init__.py:372(_CountryNameDict)
        1    0.000    0.000    0.000    0.000 _factories.py:55(_TzStrFactory)
        1    0.000    0.000    0.000    0.000 backend_managers.py:20(ToolManagerMessageEvent)
        1    0.000    0.000    0.000    0.000 hatch.py:148(SmallFilledCircles)
        1    0.000    0.000    0.000    0.000 core.py:861(_DomainGreater)
        1    0.000    0.000    0.000    0.000 index_tricks.py:262(OGridClass)
        1    0.000    0.000    0.000    0.000 parse.py:336(ParseResult)
        1    0.000    0.000    0.000    0.000 inspect.py:2857(__init__)
        1    0.000    0.000    0.000    0.000 cftime_offsets.py:576(YearEnd)
        1    0.000    0.000    0.000    0.000 version.py:57(InvalidVersion)
        1    0.000    0.000    0.000    0.000 PpmImagePlugin.py:298(PpmDecoder)
        1    0.000    0.000    0.000    0.000 worker_state_machine.py:676(GatherDepBusyEvent)
        1    0.000    0.000    0.000    0.000 mock.py:41(InvalidSpecError)
        1    0.000    0.000    0.000    0.000 sizeof.py:62(SimpleSizeof)
        1    0.000    0.000    0.000    0.000 config.py:355(ConvertingList)
        1    0.000    0.000    0.000    0.000 cftime_offsets.py:611(Hour)
        1    0.000    0.000    0.000    0.000 dtypes.py:23(AlwaysLessThan)
        1    0.000    0.000    0.000    0.000 base.py:692(_constructor)
        1    0.000    0.000    0.000    0.000 frequencies.py:411(_TimedeltaFrequencyInferer)
        1    0.000    0.000    0.000    0.000 streamplot.py:510(OutOfBounds)
        1    0.000    0.000    0.000    0.000 patches.py:3674(Fancy)
        1    0.000    0.000    0.000    0.000 _mathtext.py:1523(AutoHeightChar)
        1    0.000    0.000    0.000    0.000 ticker.py:187(TickHelper)
        1    0.000    0.000    0.000    0.000 shutil.py:67(Error)
        1    0.000    0.000    0.000    0.000 subprocess.py:123(SubprocessError)
        1    0.000    0.000    0.000    0.000 ipaddress.py:1127(_BaseConstants)
        1    0.000    0.000    0.000    0.000 argparse.py:1178(_ChoicesPseudoAction)
        1    0.000    0.000    0.000    0.000 index_tricks.py:435(RClass)
        1    0.000    0.000    0.000    0.000 {method '__exit__' of 'posix.ScandirIterator' objects}
        1    0.000    0.000    0.000    0.000 exceptions.py:4(Reschedule)
        1    0.000    0.000    0.000    0.000 worker.py:187(GetDataBusy)
        2    0.000    0.000    0.000    0.000 netutil.py:343(configurable_base)
        1    0.000    0.000    0.000    0.000 httputil.py:469(HTTPInputError)
        1    0.000    0.000    0.000    0.000 nodes.py:450(Assign)
        1    0.000    0.000    0.000    0.000 util.py:388(ForkAwareLocal)
        1    0.000    0.000    0.000    0.000 utils.py:1270(MethodCache)
        1    0.000    0.000    0.000    0.000 loader.py:21(FullLoader)
        1    0.000    0.000    0.000    0.000 tarfile.py:273(ExtractError)
        1    0.000    0.000    0.000    0.000 format.py:1657(_Datetime64TZFormatter)
        1    0.000    0.000    0.000    0.000 __init__.py:30(NullFrequencyError)
        1    0.000    0.000    0.000    0.000 docscrape.py:107(ParseError)
        2    0.000    0.000    0.000    0.000 lazy.py:144(LazySet)
        1    0.000    0.000    0.000    0.000 legend_handler.py:772(HandlerPolyCollection)
        1    0.000    0.000    0.000    0.000 tz.py:1156(_tzicalvtzcomp)
        1    0.000    0.000    0.000    0.000 units.py:52(ConversionError)
        1    0.000    0.000    0.000    0.000 __init__.py:72(__init__)
        1    0.000    0.000    0.000    0.000 unicode.py:237(Kanji)
        1    0.000    0.000    0.000    0.000 unicode.py:244(Hiragana)
        1    0.000    0.000    0.000    0.000 core.py:3639(StringEnd)
        1    0.000    0.000    0.000    0.000 ticker.py:1046(LogFormatterMathtext)
        1    0.000    0.000    0.000    0.000 model.py:239(FunctionPtrType)
        1    0.000    0.000    0.000    0.000 ImageFile.py:607(PyCodecState)
        1    0.000    0.000    0.000    0.000 _endian.py:48(BigEndianStructure)
        1    0.000    0.000    0.000    0.000 __init__.py:152(_LockFile)
        4    0.000    0.000    0.000    0.000 multiarray.py:969(ravel_multi_index)
        1    0.000    0.000    0.000    0.000 variables.py:627(NonStringCoder)
        1    0.000    0.000    0.000    0.000 _typing.py:298(_sparsearrayapi)
        1    0.000    0.000    0.000    0.000 unicode.py:146(LatinA)
        1    0.000    0.000    0.000    0.000 markers.py:34(InvalidMarker)
        1    0.000    0.000    0.000    0.000 core.py:1100(context_meter_to_server_digest)
        1    0.000    0.000    0.000    0.000 missing.py:180(SplineInterpolator)
        1    0.000    0.000    0.000    0.000 pydoc.py:2073(__init__)
        1    0.000    0.000    0.000    0.000 config.py:109(OptionError)
        1    0.000    0.000    0.000    0.000 __init__.py:14(SubplotBase)
        1    0.000    0.000    0.000    0.000 patches.py:2348(Circle)
        1    0.000    0.000    0.000    0.000 _mathtext.py:950(STIXFontConstants)
        1    0.000    0.000    0.000    0.000 hatch.py:132(SmallCircles)
        1    0.000    0.000    0.000    0.000 unicode.py:312(Arabic)
        1    0.000    0.000    0.000    0.000 core.py:5115(_NullToken)
        1    0.000    0.000    0.000    0.000 __init__.py:769(Filter)
        1    0.000    0.000    0.000    0.000 core.py:148(MAError)
        1    0.000    0.000    0.000    0.000 extras.py:1637(mr_class)
        1    0.000    0.000    0.000    0.000 {built-in method _codecs.lookup_error}
        2    0.000    0.000    0.000    0.000 {built-in method sys.audit}
        1    0.000    0.000    0.000    0.000 {built-in method sys.getfilesystemencodeerrors}
        1    0.000    0.000    0.000    0.000 worker_state_machine.py:965(FindMissingEvent)
        1    0.000    0.000    0.000    0.000 argparse.py:731(MetavarTypeHelpFormatter)
        1    0.000    0.000    0.000    0.000 mock.py:302(__init__)
        1    0.000    0.000    0.000    0.000 pool.py:63(ExceptionWithTraceback)
        1    0.000    0.000    0.000    0.000 _version_meson.py:1(<module>)
        1    0.000    0.000    0.000    0.000 indexing.py:2589(_iAtIndexer)
        1    0.000    0.000    0.000    0.000 compressors.py:67(LZMAFile)
        1    0.000    0.000    0.000    0.000 calendar.py:201(setfirstweekday)
        1    0.000    0.000    0.000    0.000 patches.py:2801(Angle3)
        1    0.000    0.000    0.000    0.000 hatch.py:87(Shapes)
        1    0.000    0.000    0.000    0.000 unicode.py:320(Hebrew)
        1    0.000    0.000    0.000    0.000 ticker.py:1732(NullLocator)
        1    0.000    0.000    0.000    0.000 exceptions.py:47(ComplexWarning)
        1    0.000    0.000    0.000    0.000 pathlib.py:174(_TerminatingSelector)
        1    0.000    0.000    0.000    0.000 indexing.py:1548(NdArrayLikeIndexingAdapter)
        1    0.000    0.000    0.000    0.000 unicode.py:256(Katakana)
        1    0.000    0.000    0.000    0.000 versions.py:172(VersionMismatchWarning)
        1    0.000    0.000    0.000    0.000 ws.py:317(WSS)
        1    0.000    0.000    0.000    0.000 ws.py:461(WSSConnector)
        1    0.000    0.000    0.000    0.000 process.py:131(_ExceptionWithTraceback)
        1    0.000    0.000    0.000    0.000 resolver.py:9(ResolverError)
        1    0.000    0.000    0.000    0.000 merge.py:76(MergeError)
        1    0.000    0.000    0.000    0.000 variables.py:23(SerializationWarning)
        1    0.000    0.000    0.000    0.000 cftime_offsets.py:488(QuarterEnd)
        1    0.000    0.000    0.000    0.000 variable.py:81(MissingDimensionsError)
        1    0.000    0.000    0.000    0.000 __init__.py:39(BadZipFile)
        1    0.000    0.000    0.000    0.000 __init__.py:18(IntCastingNaNError)
        1    0.000    0.000    0.000    0.000 queue.py:23(Full)
        1    0.000    0.000    0.000    0.000 _parser.py:661(_result)
        1    0.000    0.000    0.000    0.000 _adapters.py:25(__init__)
        1    0.000    0.000    0.000    0.000 _mathtext.py:1410(Hrule)
        1    0.000    0.000    0.000    0.000 _mathtext.py:1563(AutoWidthChar)
        1    0.000    0.000    0.000    0.000 unicode.py:152(LatinB)
        1    0.000    0.000    0.000    0.000 colors.py:1796(FuncNorm)
        1    0.000    0.000    0.000    0.000 sorteddict.py:407(_NotGiven)
        2    0.000    0.000    0.000    0.000 core.py:673(<genexpr>)
        1    0.000    0.000    0.000    0.000 tarfile.py:743(AbsoluteLinkError)
        1    0.000    0.000    0.000    0.000 gzip.py:120(BadGzipFile)
        1    0.000    0.000    0.000    0.000 ipaddress.py:24(NetmaskValueError)
        1    0.000    0.000    0.000    0.000 {built-in method gc.enable}
        1    0.000    0.000    0.000    0.000 active_memory_manager.py:527(ReduceReplicas)
        1    0.000    0.000    0.000    0.000 worker_state_machine.py:631(PauseEvent)
        1    0.000    0.000    0.000    0.000 argparse.py:1106(_CountAction)
        1    0.000    0.000    0.000    0.000 tcp.py:768(TCPBackend)
        1    0.000    0.000    0.000    0.000 events.py:667(_Local)
        1    0.000    0.000    0.000    0.000 exceptions.py:10(CancelledError)
        1    0.000    0.000    0.000    0.000 loaders.py:587(_TemplateModule)
        1    0.000    0.000    0.000    0.000 nodes.py:947(Mul)
        1    0.000    0.000    0.000    0.000 __init__.py:678(LZMADecompressor)
        1    0.000    0.000    0.000    0.000 tarfile.py:279(CompressionError)
        1    0.000    0.000    0.000    0.000 dtypes.py:149(CategoricalDtypeType)
        1    0.000    0.000    0.000    0.000 units.py:161(Registry)
        1    0.000    0.000    0.000    0.000 patches.py:2439(DArrow)
        1    0.000    0.000    0.000    0.000 ticker.py:262(NullFormatter)
        1    0.000    0.000    0.000    0.000 error.py:2(FFIError)
        1    0.000    0.000    0.000    0.000 __init__.py:166(c_short)
        1    0.000    0.000    0.000    0.000 linalg.py:67(LinAlgError)
        1    0.000    0.000    0.000    0.000 _typing.py:285(_sparsearrayfunction)
        1    0.000    0.000    0.000    0.000 mock.py:2149(NonCallableMagicMock)
        1    0.000    0.000    0.000    0.000 concurrent.py:42(ReturnValueIgnoredError)
        1    0.000    0.000    0.000    0.000 base.py:517(__init__)
        1    0.000    0.000    0.000    0.000 transforms.py:2607(BboxTransformToMaxOnly)
        1    0.000    0.000    0.000    0.000 argparse.py:1007(_StoreTrueAction)
        1    0.000    0.000    0.000    0.000 argparse.py:984(_StoreConstAction)
        1    0.000    0.000    0.000    0.000 core.py:103(RPCClosed)
        1    0.000    0.000    0.000    0.000 nodes.py:1054(ImportedName)
        1    0.000    0.000    0.000    0.000 scanner.py:32(ScannerError)
        1    0.000    0.000    0.000    0.000 cloudpickle.py:476(instance)
        1    0.000    0.000    0.000    0.000 legend_handler.py:275(HandlerLine2D)
        1    0.000    0.000    0.000    0.000 tz.py:1818(_get_supported_offset)
        1    0.000    0.000    0.000    0.000 patches.py:3511(BracketAB)
        1    0.000    0.000    0.000    0.000 unicode.py:334(Devanagari)
        1    0.000    0.000    0.000    0.000 extras.py:319(_fromnxfunction_allargs)
        1    0.000    0.000    0.000    0.000 __init__.py:67(_256Bit)
        1    0.000    0.000    0.000    0.000 groupby.py:372(Resampler)
        1    0.000    0.000    0.000    0.000 worker_state_machine.py:636(UnpauseEvent)
        1    0.000    0.000    0.000    0.000 argparse.py:702(ArgumentDefaultsHelpFormatter)
        1    0.000    0.000    0.000    0.000 mock.py:2412(AsyncMock)
        1    0.000    0.000    0.000    0.000 case.py:335(_OrderedChainMap)
        1    0.000    0.000    0.000    0.000 nodes.py:282(Stmt)
        1    0.000    0.000    0.000    0.000 events.py:15(NodeEvent)
        1    0.000    0.000    0.000    0.000 arithmetic.py:108(DatasetArithmetic)
        1    0.000    0.000    0.000    0.000 __init__.py:43(LargeZipFile)
        1    0.000    0.000    0.000    0.000 _validators.py:450(check_dtype_backend)
        1    0.000    0.000    0.000    0.000 patches.py:3001(Bar)
        1    0.000    0.000    0.000    0.000 core.py:4823(Located)
        1    0.000    0.000    0.000    0.000 exceptions.py:253(ParseException)
        1    0.000    0.000    0.000    0.000 rcsetup.py:874(_ignorecase)
        1    0.000    0.000    0.000    0.000 index_tricks.py:537(CClass)
        1    0.000    0.000    0.000    0.000 _ufunc_config.py:360(_unspecified)
        1    0.000    0.000    0.000    0.000 socketserver.py:722(UnixStreamServer)
        2    0.000    0.000    0.000    0.000 calendar.py:109(__len__)
        1    0.000    0.000    0.000    0.000 patches.py:2397(LArrow)
        1    0.000    0.000    0.000    0.000 backend_bases.py:1533(KeyEvent)
        1    0.000    0.000    0.000    0.000 PngImagePlugin.py:1086(_fdat)
        1    0.000    0.000    0.000    0.000 _array_like.py:160(_UnknownType)
        1    0.000    0.000    0.000    0.000 _exceptions.py:8(DataUnavailable)
        1    0.000    0.000    0.000    0.000 template.py:220(_UnsetMarker)
        1    0.000    0.000    0.000    0.000 case.py:26(SkipTest)
        1    0.000    0.000    0.000    0.000 idna.py:226(IncrementalEncoder)
        1    0.000    0.000    0.000    0.000 winterm.py:23(WinStyle)
        1    0.000    0.000    0.000    0.000 exceptions.py:17(InvalidStateError)
        1    0.000    0.000    0.000    0.000 _common.py:335(ZombieProcess)
        1    0.000    0.000    0.000    0.000 common.py:476(WritableCFDataStore)
        1    0.000    0.000    0.000    0.000 tarfile.py:726(AbsolutePathError)
        1    0.000    0.000    0.000    0.000 dates.py:1551(MonthLocator)
        1    0.000    0.000    0.000    0.000 patches.py:3492(BracketB)
        1    0.000    0.000    0.000    0.000 patches.py:3762(Wedge)
        1    0.000    0.000    0.000    0.000 exceptions.py:15(BadRequiredStrength)
        1    0.000    0.000    0.000    0.000 __init__.py:1033(setFormatter)
        3    0.000    0.000    0.000    0.000 shape_base.py:19(_atleast_1d_dispatcher)
        1    0.000    0.000    0.000    0.000 argparse.py:680(RawDescriptionHelpFormatter)
        1    0.000    0.000    0.000    0.000 _pslinux.py:808(_Ipv6UnsupportedError)
        1    0.000    0.000    0.000    0.000 tokens.py:39(StreamEndToken)
        1    0.000    0.000    0.000    0.000 legend_handler.py:238(HandlerLine2DCompound)
        1    0.000    0.000    0.000    0.000 _mathtext.py:1061(Hbox)
        1    0.000    0.000    0.000    0.000 model.py:285(NamedPointerType)
        1    0.000    0.000    0.000    0.000 extras.py:294(_fromnxfunction_args)
        1    0.000    0.000    0.000    0.000 __init__.py:241(c_char_p)
        1    0.000    0.000    0.000    0.000 parse.py:342(DefragResultBytes)
        1    0.000    0.000    0.000    0.000 layers.py:69(ArrayChunkShapeDep)
        1    0.000    0.000    0.000    0.000 _parser.py:27(Variable)
        1    0.000    0.000    0.000    0.000 core.py:159(AsyncTaskGroupClosedError)
        1    0.000    0.000    0.000    0.000 nodes.py:1116(ContextReference)
        1    0.000    0.000    0.000    0.000 pool.py:794(MapResult)
        1    0.000    0.000    0.000    0.000 parser.py:122(BytesHeaderParser)
        1    0.000    0.000    0.000    0.000 socket.py:212(_GiveupOnSendfile)
        1    0.000    0.000    0.000    0.000 patches.py:2369(Ellipse)
        1    0.000    0.000    0.000    0.000 core.py:2437(_SingleCharLiteral)
        1    0.000    0.000    0.000    0.000 bezier.py:25(NonIntersectingPathException)
        1    0.000    0.000    0.000    0.000 Image.py:70(DecompressionBombWarning)
        1    0.000    0.000    0.000    0.000 __init__.py:195(c_float)
        1    0.000    0.000    0.000    0.000 arrayprint.py:1336(TimedeltaFormat)
        1    0.000    0.000    0.000    0.000 exceptions.py:189(DTypePromotionError)
        1    0.000    0.000    0.000    0.000 inproc.py:89(QueueEmpty)
        1    0.000    0.000    0.000    0.000 cftime_offsets.py:601(Day)
        1    0.000    0.000    0.000    0.000 hatch.py:157(Stars)
        1    0.000    0.000    0.000    0.000 util.py:168(UnboundedMemo)
        1    0.000    0.000    0.000    0.000 core.py:877(_DomainGreaterEqual)
        1    0.000    0.000    0.000    0.000 _parser.py:32(Value)
        1    0.000    0.000    0.000    0.000 argparse.py:765(ArgumentError)
        1    0.000    0.000    0.000    0.000 argparse.py:1276(_ExtendAction)
        1    0.000    0.000    0.000    0.000 _elffile.py:17(ELFInvalid)
        1    0.000    0.000    0.000    0.000 iostream.py:103(UnsatisfiableReadError)
        1    0.000    0.000    0.000    0.000 ws.py:480(WSBackend)
        1    0.000    0.000    0.000    0.000 unix_events.py:809(_UnixSubprocessTransport)
        1    0.000    0.000    0.000    0.000 emitter.py:14(EmitterError)
        1    0.000    0.000    0.000    0.000 extensions.py:10(AccessorRegistrationWarning)
        1    0.000    0.000    0.000    0.000 context.py:311(ForkServerContext)
        1    0.000    0.000    0.000    0.000 arithmetic.py:97(VariableArithmetic)
        1    0.000    0.000    0.000    0.000 variables.py:673(NativeEnumCoder)
        1    0.000    0.000    0.000    0.000 errors.py:87(InvalidHeaderDefect)
        2    0.000    0.000    0.000    0.000 calendar.py:99(__init__)
        1    0.000    0.000    0.000    0.000 patches.py:3551(BracketCurve)
        1    0.000    0.000    0.000    0.000 core.py:3509(PositionToken)
        1    0.000    0.000    0.000    0.000 core.py:4598(_IndentGreater)
        1    0.000    0.000    0.000    0.000 ticker.py:355(StrMethodFormatter)
        1    0.000    0.000    0.000    0.000 core.py:84(MaskedArrayFutureWarning)
        1    0.000    0.000    0.000    0.000 arrayprint.py:1235(BoolFormat)
        1    0.000    0.000    0.000    0.000 groupby.py:1765(DataArrayGroupBy)
        1    0.000    0.000    0.000    0.000 blocks.py:2633(DatetimeTZBlock)
        1    0.000    0.000    0.000    0.000 worker_memory.py:537(DeprecatedMemoryMonitor)
        1    0.000    0.000    0.000    0.000 plugin.py:661(PipInstall)
        1    0.000    0.000    0.000    0.000 client.py:1530(BadStatusLine)
        1    0.000    0.000    0.000    0.000 core.py:25(CommClosedError)
        1    0.000    0.000    0.000    0.000 nodes.py:959(FloorDiv)
        1    0.000    0.000    0.000    0.000 nodes.py:50(Impossible)
        1    0.000    0.000    0.000    0.000 _common.py:648(deprecated_method)
        1    0.000    0.000    0.000    0.000 serializer.py:8(SerializerError)
        1    0.000    0.000    0.000    0.000 context.py:303(ForkContext)
        1    0.000    0.000    0.000    0.000 treenode.py:22(NotFoundInTreeError)
        1    0.000    0.000    0.000    0.000 dviread.py:782(Tfm)
        1    0.000    0.000    0.000    0.000 model.py:261(PointerType)
        1    0.000    0.000    0.000    0.000 parse.py:355(ParseResultBytes)
        2    0.000    0.000    0.000    0.000 {method '__prepare__' of 'type' objects}
        1    0.000    0.000    0.000    0.000 gen.py:111(KeyReuseError)
        1    0.000    0.000    0.000    0.000 dumper.py:27(SafeDumper)
        1    0.000    0.000    0.000    0.000 patches.py:3533(BarAB)
        1    0.000    0.000    0.000    0.000 groupby.py:2006(DatasetGroupBy)
        1    0.000    0.000    0.000    0.000 objects.py:26(SchedulerInfo)
        1    0.000    0.000    0.000    0.000 _common.py:363(TimeoutExpired)
        1    0.000    0.000    0.000    0.000 representer.py:10(RepresenterError)
        1    0.000    0.000    0.000    0.000 pytables.py:2670(GenericDataIndexableCol)
        1    0.000    0.000    0.000    0.000 patches.py:2711(SimpleEvent)
        1    0.000    0.000    0.000    0.000 patches.py:3458(CurveFilledA)
        1    0.000    0.000    0.000    0.000 util.py:101(_FifoCache)
        1    0.000    0.000    0.000    0.000 parse.py:350(SplitResultBytes)
        1    0.000    0.000    0.000    0.000 {method 'items' of 'collections.OrderedDict' objects}
        1    0.000    0.000    0.000    0.000 _parser.py:37(Op)
        1    0.000    0.000    0.000    0.000 mock.py:1217(Mock)
        1    0.000    0.000    0.000    0.000 ws.py:427(WSSListener)
        1    0.000    0.000    0.000    0.000 _base.py:55(InvalidStateError)
        1    0.000    0.000    0.000    0.000 tokens.py:75(AliasToken)
        1    0.000    0.000    0.000    0.000 patches.py:3573(CurveBracket)
        1    0.000    0.000    0.000    0.000 model.py:192(UnknownFloatType)
        1    0.000    0.000    0.000    0.000 exceptions.py:58(ModuleDeprecationWarning)
        1    0.000    0.000    0.000    0.000 <frozen _collections_abc>:511(_is_param_expr)
        1    0.000    0.000    0.000    0.000 utils.py:21(InvalidWheelFilename)
        1    0.000    0.000    0.000    0.000 case.py:39(_UnexpectedSuccess)
        1    0.000    0.000    0.000    0.000 nodes.py:804(Test)
        1    0.000    0.000    0.000    0.000 compiler.py:248(VisitorExit)
        1    0.000    0.000    0.000    0.000 composer.py:8(ComposerError)
        1    0.000    0.000    0.000    0.000 file_manager.py:322(_HashedSequence)
        1    0.000    0.000    0.000    0.000 cftime_offsets.py:641(Millisecond)
        1    0.000    0.000    0.000    0.000 errors.py:12(MessageParseError)
        1    0.000    0.000    0.000    0.000 tarfile.py:294(EOFHeaderError)
        1    0.000    0.000    0.000    0.000 tarfile.py:723(FilterError)
        1    0.000    0.000    0.000    0.000 csv.py:67(excel_tab)
        1    0.000    0.000    0.000    0.000 abc.py:58(TraversalError)
        1    0.000    0.000    0.000    0.000 _mathtext.py:1420(Vrule)
        1    0.000    0.000    0.000    0.000 version.py:329(local)
        1    0.000    0.000    0.000    0.000 pickle.py:77(PicklingError)
        1    0.000    0.000    0.000    0.000 pickle.py:97(_Stop)
        1    0.000    0.000    0.000    0.000 queues.py:47(QueueEmpty)
        1    0.000    0.000    0.000    0.000 base_subprocess.py:281(ReadSubprocessPipeProto)
        1    0.000    0.000    0.000    0.000 _common.py:351(AccessDenied)
        1    0.000    0.000    0.000    0.000 tokens.py:96(ScalarToken)
        1    0.000    0.000    0.000    0.000 events.py:36(StreamStartEvent)
        1    0.000    0.000    0.000    0.000 nodes.py:35(CollectionNode)
        1    0.000    0.000    0.000    0.000 tarfile.py:731(OutsideDestinationError)
        1    0.000    0.000    0.000    0.000 dates.py:1605(DayLocator)
        1    0.000    0.000    0.000    0.000 patches.py:2476(Round)
        1    0.000    0.000    0.000    0.000 hatch.py:67(SouthEastHatch)
        1    0.000    0.000    0.000    0.000 context.py:14(ProcessError)
        1    0.000    0.000    0.000    0.000 _mathtext.py:959(STIXSansFontConstants)
        1    0.000    0.000    0.000    0.000 backend_bases.py:1315(ResizeEvent)
        2    0.000    0.000    0.000    0.000 transforms.py:2146(transform_path_non_affine)
        1    0.000    0.000    0.000    0.000 web.py:176(_ArgDefaultMarker)
        1    0.000    0.000    0.000    0.000 idna.py:261(IncrementalDecoder)
        1    0.000    0.000    0.000    0.000 web.py:2493(Finish)
        1    0.000    0.000    0.000    0.000 cookies.py:145(CookieError)
        1    0.000    0.000    0.000    0.000 nodes.py:1134(DerivedContextReference)
        1    0.000    0.000    0.000    0.000 events.py:78(SequenceEndEvent)
        1    0.000    0.000    0.000    0.000 cyaml.py:30(CFullLoader)
        1    0.000    0.000    0.000    0.000 cyaml.py:68(CSafeDumper)
        1    0.000    0.000    0.000    0.000 cftime_offsets.py:651(Microsecond)
        1    0.000    0.000    0.000    0.000 __init__.py:398(epoch)
        1    0.000    0.000    0.000    0.000 dates.py:1658(MinuteLocator)
        1    0.000    0.000    0.000    0.000 transports.py:148(Transport)
        1    0.000    0.000    0.000    0.000 queues.py:16(QueueFull)
        1    0.000    0.000    0.000    0.000 _base.py:651(BrokenExecutor)
        1    0.000    0.000    0.000    0.000 exceptions.py:38(InvalidTimeError)
        1    0.000    0.000    0.000    0.000 legend_handler.py:503(HandlerPathCollection)
        1    0.000    0.000    0.000    0.000 model.py:482(StructType)
        1    0.000    0.000    0.000    0.000 {built-in method numpy.core._multiarray_umath._set_madvise_hugepage}
        1    0.000    0.000    0.000    0.000 markers.py:40(UndefinedComparison)
        1    0.000    0.000    0.000    0.000 tcp.py:773(TLSBackend)
        1    0.000    0.000    0.000    0.000 nodes.py:288(Helper)
        1    0.000    0.000    0.000    0.000 pool.py:906(IMapUnorderedIterator)
        1    0.000    0.000    0.000    0.000 thread.py:115(BrokenThreadPool)
        1    0.000    0.000    0.000    0.000 loader.py:31(SafeLoader)
        2    0.000    0.000    0.000    0.000 readers.py:527(validate_integer)
        1    0.000    0.000    0.000    0.000 _mathtext.py:1486(VCentered)
        1    0.000    0.000    0.000    0.000 version.py:307(post)
        1    0.000    0.000    0.000    0.000 {method 'keys' of 'collections.OrderedDict' objects}
        1    0.000    0.000    0.000    0.000 cyaml.py:85(CDumper)
        1    0.000    0.000    0.000    0.000 exceptions.py:42(AmbiguousTimeError)
        1    0.000    0.000    0.000    0.000 six.py:382(Module_six_moves_urllib_error)
        1    0.000    0.000    0.000    0.000 hatch.py:140(LargeCircles)
        1    0.000    0.000    0.000    0.000 _exceptions.py:4(ShuffleClosedError)
        1    0.000    0.000    0.000    0.000 worker_state_machine.py:193(RecommendationsConflict)
        1    0.000    0.000    0.000    0.000 spill.py:265(MaxSpillExceeded)
        1    0.000    0.000    0.000    0.000 mock.py:2165(MagicMock)
        1    0.000    0.000    0.000    0.000 exceptions.py:22(StackError)
        1    0.000    0.000    0.000    0.000 events.py:21(CollectionStartEvent)
        1    0.000    0.000    0.000    0.000 events.py:45(DocumentStartEvent)
        1    0.000    0.000    0.000    0.000 events.py:64(ScalarEvent)
        1    0.000    0.000    0.000    0.000 loader.py:41(Loader)
        1    0.000    0.000    0.000    0.000 pytables.py:394(JointConditionBinOp)
        1    0.000    0.000    0.000    0.000 __init__.py:641(CSSWarning)
        1    0.000    0.000    0.000    0.000 dates.py:1633(HourLocator)
        1    0.000    0.000    0.000    0.000 six.py:245(_MovedItems)
        1    0.000    0.000    0.000    0.000 _mathtext.py:864(StixSansFonts)
        1    0.000    0.000    0.000    0.000 ticker.py:1030(LogFormatterExponent)
        1    0.000    0.000    0.000    0.000 version.py:292(pre)
        1    0.000    0.000    0.000    0.000 client.py:1482(HTTPException)
        1    0.000    0.000    0.000    0.000 compiler.py:293(CompilerExit)
        1    0.000    0.000    0.000    0.000 format.py:1475(_IntArrayFormatter)
        1    0.000    0.000    0.000    0.000 six.py:340(Module_six_moves_urllib_parse)
        1    0.000    0.000    0.000    0.000 model.py:204(BaseFunctionType)
        1    0.000    0.000    0.000    0.000 version.py:318(dev)
        1    0.000    0.000    0.000    0.000 shutil.py:70(SameFileError)
        1    0.000    0.000    0.000    0.000 ws.py:485(WSSBackend)
        1    0.000    0.000    0.000    0.000 tokens.py:82(AnchorToken)
        1    0.000    0.000    0.000    0.000 dumper.py:45(Dumper)
        1    0.000    0.000    0.000    0.000 locks.py:281(ensure_lock)
        1    0.000    0.000    0.000    0.000 cftime_offsets.py:631(Second)
        1    0.000    0.000    0.000    0.000 __init__.py:11(DeprecatedTzFormatWarning)
        1    0.000    0.000    0.000    0.000 patches.py:2429(RArrow)
        1    0.000    0.000    0.000    0.000 argparse.py:691(RawTextHelpFormatter)
        1    0.000    0.000    0.000    0.000 websocket.py:101(WebSocketError)
        1    0.000    0.000    0.000    0.000 config.py:365(ConvertingTuple)
        1    0.000    0.000    0.000    0.000 nodes.py:571(Literal)
        1    0.000    0.000    0.000    0.000 cftime_offsets.py:621(Minute)
        2    0.000    0.000    0.000    0.000 _functools.py:83(<lambda>)
        1    0.000    0.000    0.000    0.000 <string>:1(__create_fn__)
        1    0.000    0.000    0.000    0.000 socketserver.py:725(UnixDatagramServer)
        1    0.000    0.000    0.000    0.000 events.py:734(_RunningLoop)
        1    0.000    0.000    0.000    0.000 tokens.py:51(FlowSequenceStartToken)
        1    0.000    0.000    0.000    0.000 abc.py:186(FileLoader)
        1    0.000    0.000    0.000    0.000 pytables.py:401(UnaryOp)
        1    0.000    0.000    0.000    0.000 accessors.py:541(PeriodProperties)
        1    0.000    0.000    0.000    0.000 blocks.py:2599(NumericBlock)
        1    0.000    0.000    0.000    0.000 unicode.py:302(CJK)
        1    0.000    0.000    0.000    0.000 error.py:22(VerificationMissing)
        1    0.000    0.000    0.000    0.000 core.py:830(__init__)
        1    0.000    0.000    0.000    0.000 exceptions.py:18(FormatError)
        1    0.000    0.000    0.000    0.000 connection.py:992(XmlListener)
        1    0.000    0.000    0.000    0.000 __init__.py:449(pid)
        1    0.000    0.000    0.000    0.000 tarfile.py:748(LinkOutsideDestinationError)
        1    0.000    0.000    0.000    0.000 __init__.py:367(DataError)
        1    0.000    0.000    0.000    0.000 __init__.py:727(PossiblePrecisionLoss)
        1    0.000    0.000    0.000    0.000 exceptions.py:33(UnknownConstraint)
        1    0.000    0.000    0.000    0.000 _iotools.py:437(ConversionWarning)
        1    0.000    0.000    0.000    0.000 __init__.py:224(c_ubyte)
        1    0.000    0.000    0.000    0.000 __init__.py:90(LockError)
        1    0.000    0.000    0.000    0.000 client.py:1537(LineTooLong)
        1    0.000    0.000    0.000    0.000 nodes.py:985(Pow)
        1    0.000    0.000    0.000    0.000 nodes.py:1011(Not)
        1    0.000    0.000    0.000    0.000 process.py:146(_WorkItem)
        1    0.000    0.000    0.000    0.000 arithmetic.py:128(DataArrayGroupbyArithmetic)
        1    0.000    0.000    0.000    0.000 __init__.py:693(AttributeConflictWarning)
        1    0.000    0.000    0.000    0.000 exceptions.py:47(UnsatisfiableConstraint)
        1    0.000    0.000    0.000    0.000 queues.py:53(QueueFull)
        1    0.000    0.000    0.000    0.000 socketserver.py:714(ForkingUDPServer)
        1    0.000    0.000    0.000    0.000 __init__.py:22(__traceback_maker)
        1    0.000    0.000    0.000    0.000 cyaml.py:44(CLoader)
        1    0.000    0.000    0.000    0.000 dates.py:1578(WeekdayLocator)
        1    0.000    0.000    0.000    0.000 legend_handler.py:513(HandlerCircleCollection)
        1    0.000    0.000    0.000    0.000 exceptions.py:17(_ExceptionWordUnicodeSet)
        1    0.000    0.000    0.000    0.000 __init__.py:257(c_wchar_p)
        1    0.000    0.000    0.000    0.000 __init__.py:70(_128Bit)
        1    0.000    0.000    0.000    0.000 __init__.py:82(_32Bit)
        1    0.000    0.000    0.000    0.000 client.py:1542(RemoteDisconnected)
        1    0.000    0.000    0.000    0.000 httputil.py:479(HTTPOutputError)
        1    0.000    0.000    0.000    0.000 exceptions.py:248(BadArgumentUsage)
        1    0.000    0.000    0.000    0.000 nodes.py:967(Add)
        1    0.000    0.000    0.000    0.000 process.py:153(_ResultItem)
        1    0.000    0.000    0.000    0.000 tokens.py:25(DocumentStartToken)
        1    0.000    0.000    0.000    0.000 arithmetic.py:135(DatasetGroupbyArithmetic)
        1    0.000    0.000    0.000    0.000 errors.py:16(HeaderParseError)
        1    0.000    0.000    0.000    0.000 exceptions.py:53(NonExistentTimeError)
        1    0.000    0.000    0.000    0.000 _iotools.py:421(ConverterError)
        1    0.000    0.000    0.000    0.000 argparse.py:1024(_StoreFalseAction)
        1    0.000    0.000    0.000    0.000 nodes.py:1017(Neg)
        1    0.000    0.000    0.000    0.000 error.py:45(YAMLError)
        1    0.000    0.000    0.000    0.000 patches.py:2642(Roundtooth)
        1    0.000    0.000    0.000    0.000 patches.py:3443(CurveA)
        1    0.000    0.000    0.000    0.000 ticker.py:1093(LogFormatterSciNotation)
        1    0.000    0.000    0.000    0.000 tokens.py:28(DocumentEndToken)
        1    0.000    0.000    0.000    0.000 loader.py:55(UnsafeLoader)
        1    0.000    0.000    0.000    0.000 arithmetic.py:117(DataArrayArithmetic)
        1    0.000    0.000    0.000    0.000 errors.py:41(NoBoundaryInMultipartDefect)
        1    0.000    0.000    0.000    0.000 __init__.py:383(SpecificationError)
        1    0.000    0.000    0.000    0.000 _iotools.py:429(ConverterLockError)
        1    0.000    0.000    0.000    0.000 websocket.py:105(WebSocketClosedError)
        1    0.000    0.000    0.000    0.000 gen.py:115(UnknownKeyError)
        1    0.000    0.000    0.000    0.000 nodes.py:953(Div)
        1    0.000    0.000    0.000    0.000 cyaml.py:37(CUnsafeLoader)
        1    0.000    0.000    0.000    0.000 dataset_plot.py:695(wrapper)
        1    0.000    0.000    0.000    0.000 managers.py:1828(ndim)
        1    0.000    0.000    0.000    0.000 _parser.py:1608(UnknownTimezoneWarning)
        1    0.000    0.000    0.000    0.000 _endian.py:34(_swapped_struct_meta)
        1    0.000    0.000    0.000    0.000 {built-in method numpy._using_numpy2_behavior}
        2    0.000    0.000    0.000    0.000 parse.py:108(_noop)
        1    0.000    0.000    0.000    0.000 iostream.py:113(StreamBufferFullError)
        1    0.000    0.000    0.000    0.000 nodes.py:973(Sub)
        1    0.000    0.000    0.000    0.000 nodes.py:44(SequenceNode)
        1    0.000    0.000    0.000    0.000 common.py:192(<genexpr>)
        1    0.000    0.000    0.000    0.000 exceptions.py:40(UnknownEditVariable)
        1    0.000    0.000    0.000    0.000 exceptions.py:61(BrokenBarrierError)
        1    0.000    0.000    0.000    0.000 nodes.py:1023(Pos)
        1    0.000    0.000    0.000    0.000 nodes.py:47(MappingNode)
        1    0.000    0.000    0.000    0.000 context.py:307(SpawnContext)
        1    0.000    0.000    0.000    0.000 expr.py:319(add_ops)
        1    0.000    0.000    0.000    0.000 _endian.py:55(BigEndianUnion)
        2    0.000    0.000    0.000    0.000 <frozen importlib._bootstrap_external>:1408(exec_module)
        1    0.000    0.000    0.000    0.000 events.py:54(DocumentEndEvent)
        1    0.000    0.000    0.000    0.000 tarfile.py:282(StreamError)
        1    0.000    0.000    0.000    0.000 __init__.py:72(UnsupportedFunctionCall)
        1    0.000    0.000    0.000    0.000 __init__.py:118(ParserError)
        1    0.000    0.000    0.000    0.000 __init__.py:417(dev)
        1    0.000    0.000    0.000    0.000 streamplot.py:434(InvalidIndexError)
        1    0.000    0.000    0.000    0.000 common.py:71(NotSupportedError)
        1    0.000    0.000    0.000    0.000 __init__.py:262(c_wchar)
        1    0.000    0.000    0.000    0.000 idna.py:300(StreamWriter)
        1    0.000    0.000    0.000    0.000 process.py:160(_CallItem)
        1    0.000    0.000    0.000    0.000 resolver.py:167(Resolver)
        1    0.000    0.000    0.000    0.000 tarfile.py:285(HeaderError)
        1    0.000    0.000    0.000    0.000 __init__.py:347(InvalidIndexError)
        1    0.000    0.000    0.000    0.000 __init__.py:403(release)
        1    0.000    0.000    0.000    0.000 six.py:402(Module_six_moves_urllib_request)
        1    0.000    0.000    0.000    0.000 _adapters.py:141(__init__)
        1    0.000    0.000    0.000    0.000 patches.py:3453(CurveAB)
        1    0.000    0.000    0.000    0.000 backend_tools.py:627(ConfigureSubplotsBase)
        1    0.000    0.000    0.000    0.000 exceptions.py:273(ParseFatalException)
        1    0.000    0.000    0.000    0.000 shutil.py:73(SpecialFileError)
        1    0.000    0.000    0.000    0.000 __init__.py:174(c_long)
        1    0.000    0.000    0.000    0.000 parse.py:421(_checknetloc)
        1    0.000    0.000    0.000    0.000 exceptions.py:14(OutOfData)
        1    0.000    0.000    0.000    0.000 exceptions.py:274(Abort)
        1    0.000    0.000    0.000    0.000 rcsetup.py:350(validate_fontsize_None)
        1    0.000    0.000    0.000    0.000 __init__.py:170(c_ushort)
        1    0.000    0.000    0.000    0.000 util.py:297(_initialize)
        1    0.000    0.000    0.000    0.000 readers.py:28(files)
        1    0.000    0.000    0.000    0.000 nodes.py:979(Mod)
        1    0.000    0.000    0.000    0.000 client.py:1527(ResponseNotReady)
        1    0.000    0.000    0.000    0.000 case.py:34(_ShouldStop)
        1    0.000    0.000    0.000    0.000 client.py:1487(NotConnected)
        1    0.000    0.000    0.000    0.000 gen.py:127(ReturnValueIgnoredError)
        1    0.000    0.000    0.000    0.000 exceptions.py:139(TemplateAssertionError)
        1    0.000    0.000    0.000    0.000 tokens.py:63(KeyToken)
        1    0.000    0.000    0.000    0.000 errors.py:64(InvalidMultipartContentTransferEncodingDefect)
        1    0.000    0.000    0.000    0.000 errors.py:70(InvalidBase64PaddingDefect)
        1    0.000    0.000    0.000    0.000 __init__.py:91(UnsortedIndexError)
        1    0.000    0.000    0.000    0.000 __init__.py:311(NumbaUtilError)
        1    0.000    0.000    0.000    0.000 __init__.py:598(IndexingError)
        1    0.000    0.000    0.000    0.000 constructor.py:747(Constructor)
        1    0.000    0.000    0.000    0.000 arithmetic.py:142(CoarsenArithmetic)
        1    0.000    0.000    0.000    0.000 errors.py:90(HeaderMissingRequiredValue)
        1    0.000    0.000    0.000    0.000 errors.py:104(ObsoleteHeaderDefect)
        1    0.000    0.000    0.000    0.000 tarfile.py:300(SubsequentHeaderError)
        1    0.000    0.000    0.000    0.000 __init__.py:198(EmptyDataError)
        1    0.000    0.000    0.000    0.000 exceptions.py:21(SendfileNotAvailableError)
        1    0.000    0.000    0.000    0.000 nodes.py:1143(Continue)
        1    0.000    0.000    0.000    0.000 tokens.py:54(FlowMappingStartToken)
        1    0.000    0.000    0.000    0.000 tokens.py:89(TagToken)
        1    0.000    0.000    0.000    0.000 __init__.py:46(PerformanceWarning)
        1    0.000    0.000    0.000    0.000 backend_bases.py:1335(CloseEvent)
        1    0.000    0.000    0.000    0.000 core.py:156(MaskError)
        1    0.000    0.000    0.000    0.000 argparse.py:785(ArgumentTypeError)
        1    0.000    0.000    0.000    0.000 process.py:648(BrokenProcessPool)
        1    0.000    0.000    0.000    0.000 nanops.py:57(set_use_bottleneck)
        1    0.000    0.000    0.000    0.000 spill.py:278(HandledError)
        1    0.000    0.000    0.000    0.000 socketserver.py:715(ForkingTCPServer)
        1    0.000    0.000    0.000    0.000 nodes.py:1147(Break)
        1    0.000    0.000    0.000    0.000 tokens.py:48(BlockEndToken)
        1    0.000    0.000    0.000    0.000 errors.py:61(MultipartInvariantViolationDefect)
        1    0.000    0.000    0.000    0.000 error.py:28(PkgConfigError)
        1    0.000    0.000    0.000    0.000 __init__.py:191(c_uint)
        1    0.000    0.000    0.000    0.000 __init__.py:199(c_double)
        1    0.000    0.000    0.000    0.000 __init__.py:203(c_longdouble)
        1    0.000    0.000    0.000    0.000 markers.py:46(UndefinedEnvironmentName)
        1    0.000    0.000    0.000    0.000 idna.py:303(StreamReader)
        1    0.000    0.000    0.000    0.000 netCDF4_.py:470(<genexpr>)
        1    0.000    0.000    0.000    0.000 events.py:42(StreamEndEvent)
        1    0.000    0.000    0.000    0.000 range.py:216(_validate_dtype)
        1    0.000    0.000    0.000    0.000 streamplot.py:438(TerminateTrajectory)
        1    0.000    0.000    0.000    0.000 patches.py:3448(CurveB)
        1    0.000    0.000    0.000    0.000 patches.py:3468(CurveFilledAB)
        1    0.000    0.000    0.000    0.000 exceptions.py:280(ParseSyntaxException)
        1    0.000    0.000    0.000    0.000 __init__.py:178(c_ulong)
        1    0.000    0.000    0.000    0.000 __init__.py:76(_80Bit)
        1    0.000    0.000    0.000    0.000 websocket.py:114(_DecompressTooLargeError)
        1    0.000    0.000    0.000    0.000 errors.py:24(MultipartConversionError)
        1    0.000    0.000    0.000    0.000 errors.py:28(CharsetError)
        1    0.000    0.000    0.000    0.000 errors.py:53(MisplacedEnvelopeHeaderDefect)
        1    0.000    0.000    0.000    0.000 config_init.py:656(register_plotting_backend_cb)
        1    0.000    0.000    0.000    0.000 exceptions.py:74(VisibleDeprecationWarning)
        1    0.000    0.000    0.000    0.000 utils.py:27(InvalidSdistFilename)
        1    0.000    0.000    0.000    0.000 core.py:29(FatalCommClosedError)
        1    0.000    0.000    0.000    0.000 __init__.py:26(TracebackParseError)
        1    0.000    0.000    0.000    0.000 tokens.py:42(BlockSequenceStartToken)
        1    0.000    0.000    0.000    0.000 lru_cache.py:92(maxsize)
        1    0.000    0.000    0.000    0.000 errors.py:56(MissingHeaderBodySeparatorDefect)
        1    0.000    0.000    0.000    0.000 readers.py:559(_validate_names)
        1    0.000    0.000    0.000    0.000 tarfile.py:297(InvalidHeaderError)
        1    0.000    0.000    0.000    0.000 __init__.py:411(SettingWithCopyError)
        1    0.000    0.000    0.000    0.000 __init__.py:662(PossibleDataLossError)
        1    0.000    0.000    0.000    0.000 six.py:475(Module_six_moves_urllib_robotparser)
        1    0.000    0.000    0.000    0.000 __init__.py:247(c_void_p)
        1    0.000    0.000    0.000    0.000 _endian.py:35(_swapped_union_meta)
        1    0.000    0.000    0.000    0.000 __init__.py:85(_16Bit)
        1    0.000    0.000    0.000    0.000 mock.py:2161(AsyncMagicMixin)
        1    0.000    0.000    0.000    0.000 client.py:1521(CannotSendRequest)
        1    0.000    0.000    0.000    0.000 socketserver.py:718(ThreadingTCPServer)
        1    0.000    0.000    0.000    0.000 exceptions.py:147(TemplateRuntimeError)
        1    0.000    0.000    0.000    0.000 tarfile.py:291(TruncatedHeaderError)
        1    0.000    0.000    0.000    0.000 __init__.py:253(MergeError)
        1    0.000    0.000    0.000    0.000 __init__.py:769(CategoricalConversionWarning)
        1    0.000    0.000    0.000    0.000 six.py:454(Module_six_moves_urllib_response)
        1    0.000    0.000    0.000    0.000 Image.py:74(DecompressionBombError)
        1    0.000    0.000    0.000    0.000 __init__.py:187(c_int)
        1    0.000    0.000    0.000    0.000 client.py:1498(UnknownTransferEncoding)
        1    0.000    0.000    0.000    0.000 client.py:1518(ImproperConnectionState)
        1    0.000    0.000    0.000    0.000 context.py:23(AuthenticationError)
        1    0.000    0.000    0.000    0.000 tarfile.py:288(EmptyHeaderError)
        1    0.000    0.000    0.000    0.000 blocks.py:2605(ObjectBlock)
        1    0.000    0.000    0.000    0.000 __init__.py:328(DuplicateLabelError)
        1    0.000    0.000    0.000    0.000 __init__.py:619(PyperclipException)
        1    0.000    0.000    0.000    0.000 patches.py:3463(CurveFilledB)
        1    0.000    0.000    0.000    0.000 _mathtext.py:966(DejaVuSerifFontConstants)
        1    0.000    0.000    0.000    0.000 shutil.py:80(ReadError)
        1    0.000    0.000    0.000    0.000 client.py:1524(CannotSendHeader)
        1    0.000    0.000    0.000    0.000 gen.py:119(LeakedCallbackError)
        1    0.000    0.000    0.000    0.000 errors.py:20(BoundaryError)
        1    0.000    0.000    0.000    0.000 errors.py:44(StartBoundaryNotFoundDefect)
        1    0.000    0.000    0.000    0.000 errors.py:50(FirstHeaderLineIsContinuationDefect)
        1    0.000    0.000    0.000    0.000 __init__.py:742(ValueLabelTypeMismatch)
        1    0.000    0.000    0.000    0.000 client.py:1501(UnimplementedFileMode)
        1    0.000    0.000    0.000    0.000 client.py:1490(InvalidURL)
        1    0.000    0.000    0.000    0.000 exceptions.py:153(UndefinedError)
        1    0.000    0.000    0.000    0.000 events.py:84(MappingEndEvent)
        1    0.000    0.000    0.000    0.000 errors.py:67(UndecodableBytesDefect)
        1    0.000    0.000    0.000    0.000 errors.py:73(InvalidBase64CharactersDefect)
        1    0.000    0.000    0.000    0.000 readers.py:1987(__enter__)
        1    0.000    0.000    0.000    0.000 __init__.py:433(SettingWithCopyWarning)
        1    0.000    0.000    0.000    0.000 __init__.py:783(LossySetitemError)
        1    0.000    0.000    0.000    0.000 _mathtext.py:970(DejaVuSansFontConstants)
        1    0.000    0.000    0.000    0.000 model.py:486(UnionType)
        1    0.000    0.000    0.000    0.000 shutil.py:83(RegistryError)
        1    0.000    0.000    0.000    0.000 __init__.py:73(_96Bit)
        1    0.000    0.000    0.000    0.000 pickle.py:84(UnpicklingError)
        1    0.000    0.000    0.000    0.000 socketserver.py:717(ThreadingUDPServer)
        1    0.000    0.000    0.000    0.000 socketserver.py:728(ThreadingUnixStreamServer)
        1    0.000    0.000    0.000    0.000 exceptions.py:157(SecurityError)
        1    0.000    0.000    0.000    0.000 tokens.py:57(FlowSequenceEndToken)
        1    0.000    0.000    0.000    0.000 context.py:17(BufferTooShort)
        1    0.000    0.000    0.000    0.000 events.py:61(AliasEvent)
        1    0.000    0.000    0.000    0.000 errors.py:47(CloseBoundaryNotFoundDefect)
        1    0.000    0.000    0.000    0.000 errors.py:76(InvalidBase64LengthDefect)
        1    0.000    0.000    0.000    0.000 __init__.py:674(ClosedFileError)
        1    0.000    0.000    0.000    0.000 __init__.py:687(IncompatibilityWarning)
        1    0.000    0.000    0.000    0.000 __init__.py:714(DatabaseError)
        1    0.000    0.000    0.000    0.000 __init__.py:754(InvalidColumnName)
        1    0.000    0.000    0.000    0.000 __init__.py:793(NoBufferPresent)
        1    0.000    0.000    0.000    0.000 shutil.py:87(_GiveupOnFastCopy)
        1    0.000    0.000    0.000    0.000 exceptions.py:85(TooHardError)
        1    0.000    0.000    0.000    0.000 __init__.py:18(<lambda>)
        1    0.000    0.000    0.000    0.000 tokens.py:60(FlowMappingEndToken)
        1    0.000    0.000    0.000    0.000 __init__.py:212(ParserWarning)
        1    0.000    0.000    0.000    0.000 exceptions.py:163(FilterArgumentError)
        1    0.000    0.000    0.000    0.000 tokens.py:45(BlockMappingStartToken)
        1    0.000    0.000    0.000    0.000 tokens.py:66(ValueToken)
        1    0.000    0.000    0.000    0.000 events.py:31(CollectionEndEvent)
        1    0.000    0.000    0.000    0.000 events.py:75(SequenceStartEvent)
        1    0.000    0.000    0.000    0.000 errors.py:107(NonASCIILocalPartDefect)
        1    0.000    0.000    0.000    0.000 errors.py:112(InvalidDateDefect)
        1    0.000    0.000    0.000    0.000 __init__.py:143(DtypeWarning)
        1    0.000    0.000    0.000    0.000 __init__.py:455(ChainedAssignmentError)
        1    0.000    0.000    0.000    0.000 __init__.py:553(NumExprClobberingError)
        1    0.000    0.000    0.000    0.000 __init__.py:799(InvalidComparison)
        2    0.000    0.000    0.000    0.000 transforms.py:2150(get_affine)
        1    0.000    0.000    0.000    0.000 shutil.py:77(ExecError)
        1    0.000    0.000    0.000    0.000 __init__.py:231(c_byte)
        1    0.000    0.000    0.000    0.000 __init__.py:236(c_char)
        1    0.000    0.000    0.000    0.000 socketserver.py:735(ForkingUnixDatagramServer)
        1    0.000    0.000    0.000    0.000 __init__.py:252(c_bool)
        1    0.000    0.000    0.000    0.000 gen.py:123(BadYieldError)
        1    0.000    0.000    0.000    0.000 socketserver.py:733(ForkingUnixStreamServer)
        1    0.000    0.000    0.000    0.000 six.py:239(exec_module)
        1    0.000    0.000    0.000    0.000 _common.py:170(_)
        1    0.000    0.000    0.000    0.000 __init__.py:88(_8Bit)
        1    0.000    0.000    0.000    0.000 __init__.py:79(_64Bit)
        1    0.000    0.000    0.000    0.000 tokens.py:69(BlockEntryToken)
        1    0.000    0.000    0.000    0.000 tokens.py:72(FlowEntryToken)
        1    0.000    0.000    0.000    0.000 events.py:81(MappingStartEvent)
        1    0.000    0.000    0.000    0.000 context.py:20(TimeoutError)
        1    0.000    0.000    0.000    0.000 socketserver.py:730(ThreadingUnixDatagramServer)
        1    0.000    0.000    0.000    0.000 random.py:903(seed)
        1    0.000    0.000    0.000    0.000 contextlib.py:65(_recreate_cm)


