Stn Id,Stn Name,CIMIS Region,Date,Hour (PST),Jul,ETo (in),qc,Precip (in),qc,Sol Rad (Ly/day),qc,Vap Pres (mBars),qc,Air Temp (F),qc,Rel Hum (%),qc,Dew Point (F),qc,Wind Speed (mph),qc,Wind Dir (0-360),qc,Soil Temp (F),qc
248,Holt,San Joaquin Valley,7/1/2024,0100,183,0.00, ,0.00, ,0, ,19.1, ,65.0, ,90, ,62.1, ,2.9, ,13, ,74.6, 
248,Holt,San Joaquin Valley,7/1/2024,0200,183,0.00, ,0.00, ,0, ,18.0, ,63.3, ,91, ,60.6, ,1.8, ,267, ,74.1, 
248,Holt,San Joaquin Valley,7/1/2024,0300,183,0.00, ,0.00, ,0, ,18.2, ,62.5, ,94, ,60.8, ,2.3, ,305, ,73.4, 
248,Holt,San Joaquin Valley,7/1/2024,0400,183,0.00, ,0.00, ,0, ,18.2, ,62.6, ,94, ,60.8, ,2.0, ,258, ,72.8, 
248,Holt,San Joaquin Valley,7/1/2024,0500,183,0.00, ,0.00, ,9, ,18.3, ,63.6, ,91, ,61.0, ,4.5, ,283, ,72.3, 
248,Holt,San Joaquin Valley,7/1/2024,0600,183,0.00,Y,0.00, ,195, ,18.7, ,67.0,Y,83,Y,61.6,Y,3.6, ,316, ,72.2, 
248,Holt,San Joaquin Valley,7/1/2024,0700,183,0.01, ,0.00, ,549, ,18.5, ,73.1, ,67, ,61.3, ,3.5, ,321, ,72.3, 
248,Holt,San Joaquin Valley,7/1/2024,0800,183,0.01, ,0.00, ,954, ,18.2, ,77.2, ,57, ,60.8, ,6.7, ,296, ,72.4, 
248,Holt,San Joaquin Valley,7/1/2024,0900,183,0.02, ,0.00, ,1324, ,17.6, ,82.0, ,47, ,59.8, ,8.3, ,303, ,72.6, 
248,Holt,San Joaquin Valley,7/1/2024,1000,183,0.03, ,0.00, ,1613, ,17.6, ,84.1, ,44, ,59.9, ,8.2, ,311, ,72.8, 
248,Holt,San Joaquin Valley,7/1/2024,1100,183,0.03, ,0.00, ,1819, ,17.6, ,87.3, ,40, ,59.9, ,7.7, ,297, ,73.3, 
248,Holt,San Joaquin Valley,7/1/2024,1200,183,0.03, ,0.00, ,1937, ,17.5, ,89.5, ,37, ,59.8, ,7.8, ,291, ,74.5, 
248,Holt,San Joaquin Valley,7/1/2024,1300,183,0.03, ,0.00, ,1947, ,17.4, ,91.3, ,35, ,59.6, ,7.6, ,282, ,76.2, 
248,Holt,San Joaquin Valley,7/1/2024,1400,183,0.03, ,0.00, ,1859, ,17.3, ,93.8, ,32, ,59.4, ,7.7, ,278, ,77.7, 
248,Holt,San Joaquin Valley,7/1/2024,1500,183,0.03, ,0.00, ,1681, ,16.2, ,95.7, ,28, ,57.6, ,9.1, ,285, ,78.6, 
248,Holt,San Joaquin Valley,7/1/2024,1600,183,0.03, ,0.00, ,1417, ,15.1, ,97.5, ,25, ,55.5, ,10.0, ,291, ,78.9, 
248,Holt,San Joaquin Valley,7/1/2024,1700,183,0.02, ,0.00, ,1071, ,13.7, ,97.1, ,23, ,52.9, ,9.5, ,284, ,78.8, 
248,Holt,San Joaquin Valley,7/1/2024,1800,183,0.01, ,0.00, ,656, ,16.7, ,95.2, ,30, ,58.4, ,7.7, ,296, ,78.5, 
248,Holt,San Joaquin Valley,7/1/2024,1900,183,0.01, ,0.00, ,266, ,17.1, ,89.4, ,36, ,59.1, ,7.1, ,293, ,78.1, 
248,Holt,San Joaquin Valley,7/1/2024,2000,183,0.00, ,0.00, ,28, ,17.4, ,81.9, ,47, ,59.5, ,6.6, ,296, ,77.7, 
248,Holt,San Joaquin Valley,7/1/2024,2100,183,0.00, ,0.00, ,0, ,16.8, ,77.8, ,52, ,58.6, ,5.3, ,257, ,77.2, 
248,Holt,San Joaquin Valley,7/1/2024,2200,183,0.00, ,0.00, ,0, ,16.5, ,76.1, ,54, ,58.0, ,5.0, ,258, ,76.7, 
248,Holt,San Joaquin Valley,7/1/2024,2300,183,0.00,Y,0.00, ,0, ,15.0, ,73.9,Y,52,Y,55.4,Y,4.4, ,258, ,76.2, 
248,Holt,San Joaquin Valley,7/1/2024,2400,183,0.00,Y,0.00, ,0, ,14.4, ,71.5,Y,55,Y,54.2,Y,3.9, ,263, ,75.7, 
248,Holt,San Joaquin Valley,7/2/2024,0100,184,0.00,Y,0.00, ,0, ,17.1, ,71.2,Y,65,Y,59.0,Y,5.6, ,252, ,75.1, 
248,Holt,San Joaquin Valley,7/2/2024,0200,184,0.00,Y,0.00, ,1, ,17.9, ,70.3,Y,71,Y,60.3,Y,4.0, ,261, ,74.8, 
248,Holt,San Joaquin Valley,7/2/2024,0300,184,0.00,R,0.00, ,1, ,16.4, ,70.8,R,64,R,57.9,R,3.9, ,277, ,74.4, 
248,Holt,San Joaquin Valley,7/2/2024,0400,184,0.00,R,0.00, ,1, ,15.3, ,71.0,R,59,R,56.0,R,4.1, ,283, ,74.1, 
248,Holt,San Joaquin Valley,7/2/2024,0500,184,0.00,Y,0.00, ,10, ,14.7, ,68.8,Y,61,Y,54.9,Y,3.9, ,270, ,73.8, 
248,Holt,San Joaquin Valley,7/2/2024,0600,184,0.00,R,0.00, ,188, ,14.4, ,72.5,R,53,R,54.3,R,4.1, ,291, ,73.4, 
248,Holt,San Joaquin Valley,7/2/2024,0700,184,0.01,R,0.00, ,549, ,15.0, ,78.9,R,45,R,55.4,R,5.6, ,286, ,73.3, 
248,Holt,San Joaquin Valley,7/2/2024,0800,184,0.02,Y,0.00, ,956, ,15.5, ,82.1,Y,41,Y,56.3,Y,5.7, ,297, ,73.4, 
248,Holt,San Joaquin Valley,7/2/2024,0900,184,0.02,Y,0.00, ,1323, ,16.2, ,86.2,Y,38,Y,57.6,Y,6.2, ,309, ,73.5, 
248,Holt,San Joaquin Valley,7/2/2024,1000,184,0.03,Y,0.00, ,1626, ,16.2, ,89.8,Y,34,Y,57.5,Y,8.6, ,322, ,73.8, 
248,Holt,San Joaquin Valley,7/2/2024,1100,184,0.03,Y,0.00, ,1836, ,16.2, ,92.3,Y,31,Y,57.5,Y,8.3, ,317, ,74.1, 
248,Holt,San Joaquin Valley,7/2/2024,1200,184,0.03,Y,0.00, ,1953, ,17.0, ,94.7,Y,30,Y,58.9,Y,8.3, ,301, ,75.1, 
248,Holt,San Joaquin Valley,7/2/2024,1300,184,0.04,Y,0.00, ,1968, ,16.3, ,97.7,Y,27,Y,57.7,Y,8.0, ,309, ,76.6, 
248,Holt,San Joaquin Valley,7/2/2024,1400,184,0.03,Y,0.00, ,1881, ,16.1, ,99.0,Y,25,Y,57.4,Y,7.7, ,298, ,78.1, 
248,Holt,San Joaquin Valley,7/2/2024,1500,184,0.03,Y,0.00, ,1706, ,16.1, ,100.9,Y,24,Y,57.4,Y,8.4, ,308, ,79.0, 
248,Holt,San Joaquin Valley,7/2/2024,1600,184,0.03,Y,0.00, ,1435, ,15.2, ,101.9,Y,22,Y,55.8,Y,7.5, ,308, ,79.2, 
248,Holt,San Joaquin Valley,7/2/2024,1700,184,0.02,Y,0.00, ,1082, ,15.1, ,101.3,Y,22,Y,55.6,Y,6.4, ,296, ,79.1, 
248,Holt,San Joaquin Valley,7/2/2024,1800,184,0.01,Y,0.00, ,666, ,15.9, ,101.0,Y,24,Y,57.1,Y,4.8, ,297, ,79.1, 
248,Holt,San Joaquin Valley,7/2/2024,1900,184,0.01,Y,0.00, ,270, ,17.9, ,98.9,Y,28,Y,60.3,Y,3.2, ,297, ,79.0, 
248,Holt,San Joaquin Valley,7/2/2024,2000,184,0.00,Y,0.00, ,26, ,18.2, ,89.1,Y,39,Y,60.8,Y,4.1, ,287, ,78.9, 
248,Holt,San Joaquin Valley,7/2/2024,2100,184,0.00,Y,0.00, ,0, ,15.9, ,82.1,Y,43,Y,57.1,Y,5.3, ,296, ,78.4, 
248,Holt,San Joaquin Valley,7/2/2024,2200,184,0.00,Y,0.00, ,0, ,15.8, ,78.7,Y,47,Y,56.8,Y,4.8, ,276, ,77.7, 
248,Holt,San Joaquin Valley,7/2/2024,2300,184,0.00,Y,0.00, ,0, ,15.5, ,76.4,Y,50,Y,56.4,Y,3.8, ,245, ,76.9, 
248,Holt,San Joaquin Valley,7/2/2024,2400,184,0.00,Y,0.00, ,0, ,16.0, ,72.9,Y,58,Y,57.3,Y,1.8, ,253, ,76.2, 
248,Holt,San Joaquin Valley,7/3/2024,0100,185,0.00,Y,0.00, ,0, ,15.9, ,71.5,Y,60,Y,57.0,Y,1.7, ,267, ,75.4, 
248,Holt,San Joaquin Valley,7/3/2024,0200,185,0.00,R,0.00, ,1, ,15.0, ,72.6,R,55,R,55.4,R,4.3, ,276, ,74.8, 
248,Holt,San Joaquin Valley,7/3/2024,0300,185,0.00,R,0.00, ,0, ,14.4, ,72.9,R,52,R,54.3,R,4.3, ,287, ,74.6, 
248,Holt,San Joaquin Valley,7/3/2024,0400,185,0.00,R,0.00, ,1, ,13.4, ,71.2,R,51,R,52.4,R,3.7, ,268, ,74.3, 
248,Holt,San Joaquin Valley,7/3/2024,0500,185,0.00,R,0.00, ,9, ,13.9, ,70.5,R,55,R,53.4,R,2.5, ,246, ,73.8, 
248,Holt,San Joaquin Valley,7/3/2024,0600,185,0.00,Y,0.00, ,175, ,14.7, ,69.9,Y,59,Y,54.9,Y,3.9, ,259, ,73.3, 
248,Holt,San Joaquin Valley,7/3/2024,0700,185,0.01,Y,0.00, ,530, ,14.5, ,78.1,Y,44,Y,54.5,Y,4.5, ,265, ,73.1, 
248,Holt,San Joaquin Valley,7/3/2024,0800,185,0.02,Y,0.00, ,947, ,13.9, ,83.1,Y,36,Y,53.4,Y,6.6, ,294, ,73.3, 
248,Holt,San Joaquin Valley,7/3/2024,0900,185,0.02,Y,0.00, ,1317, ,15.4, ,86.8,Y,35,Y,56.1,Y,7.7, ,306, ,73.5, 
248,Holt,San Joaquin Valley,7/3/2024,1000,185,0.03,Y,0.00, ,1610, ,16.3, ,90.2,Y,34,Y,57.7,Y,7.9, ,320, ,73.8, 
248,Holt,San Joaquin Valley,7/3/2024,1100,185,0.03,Y,0.00, ,1819, ,15.5, ,92.6,Y,30,Y,56.3,Y,8.0, ,312, ,74.2, 
248,Holt,San Joaquin Valley,7/3/2024,1200,185,0.03,Y,0.00, ,1931, ,16.9, ,94.6,Y,30,Y,58.7,Y,7.2, ,322, ,75.3, 
248,Holt,San Joaquin Valley,7/3/2024,1300,185,0.04,Y,0.00, ,1947, ,16.4, ,97.6,Y,27,Y,57.8,Y,7.3, ,318, ,77.0, 
248,Holt,San Joaquin Valley,7/3/2024,1400,185,0.03,Y,0.00, ,1854, ,15.2, ,99.7,Y,23,Y,55.9,Y,6.9, ,315, ,78.5, 
248,Holt,San Joaquin Valley,7/3/2024,1500,185,0.03,Y,0.00, ,1656, ,16.2, ,100.8,Y,24,Y,57.6,Y,7.4, ,324, ,79.4, 
248,Holt,San Joaquin Valley,7/3/2024,1600,185,0.03,Y,0.00, ,1381, ,16.4, ,101.2,Y,24,Y,57.8,Y,7.3, ,298, ,79.6, 
248,Holt,San Joaquin Valley,7/3/2024,1700,185,0.02,Y,0.00, ,1037, ,15.7, ,101.3,Y,23,Y,56.6,Y,6.6, ,288, ,79.6, 
248,Holt,San Joaquin Valley,7/3/2024,1800,185,0.01,Y,0.00, ,640, ,17.5, ,100.6,Y,26,Y,59.7,Y,5.8, ,291, ,79.5, 
248,Holt,San Joaquin Valley,7/3/2024,1900,185,0.01,Y,0.00, ,253, ,20.7, ,96.8,Y,35,Y,64.5,Y,4.2, ,287, ,79.4, 
248,Holt,San Joaquin Valley,7/3/2024,2000,185,0.00,Y,0.00, ,25, ,18.5, ,89.3,Y,39,Y,61.2,Y,6.5, ,285, ,79.3, 
248,Holt,San Joaquin Valley,7/3/2024,2100,185,0.00,Y,0.00, ,0, ,15.8, ,83.6,Y,40,Y,56.9,Y,6.5, ,283, ,78.7, 
248,Holt,San Joaquin Valley,7/3/2024,2200,185,0.00,Y,0.00, ,0, ,16.1, ,80.0,Y,46,Y,57.4,Y,4.9, ,270, ,78.1, 
248,Holt,San Joaquin Valley,7/3/2024,2300,185,0.00,Y,0.00, ,0, ,17.2, ,75.8,Y,56,Y,59.2,Y,2.5, ,257, ,77.3, 
248,Holt,San Joaquin Valley,7/3/2024,2400,185,0.00,Y,0.00, ,0, ,17.0, ,74.8,Y,58,Y,59.0,Y,2.9, ,277, ,76.6, 
248,Holt,San Joaquin Valley,7/4/2024,0100,186,0.00,Y,0.00, ,0, ,16.8, ,73.2,Y,60,Y,58.6,Y,2.9, ,271, ,75.9, 
248,Holt,San Joaquin Valley,7/4/2024,0200,186,0.00,Y,0.00, ,1, ,17.4, ,69.4,Y,71,Y,59.6,Y,1.7, ,54, ,75.3, 
248,Holt,San Joaquin Valley,7/4/2024,0300,186,0.00,Y,0.00, ,0, ,17.0, ,68.6,Y,71,Y,59.0,Y,1.3, ,71, ,74.7, 
248,Holt,San Joaquin Valley,7/4/2024,0400,186,0.00, ,0.00, ,0, ,17.5, ,65.7, ,81, ,59.8, ,1.3, ,63, ,74.0, 
248,Holt,San Joaquin Valley,7/4/2024,0500,186,0.00, ,0.00, ,7, ,18.0, ,64.8, ,86, ,60.4, ,1.1, ,66, ,73.4, 
248,Holt,San Joaquin Valley,7/4/2024,0600,186,0.00,Y,0.00, ,171, ,19.2, ,68.6,Y,81,Y,62.3,Y,2.4, ,352, ,72.9, 
248,Holt,San Joaquin Valley,7/4/2024,0700,186,0.01,Y,0.00, ,523, ,18.9, ,74.2,Y,66,Y,61.9,Y,4.1, ,304, ,72.9, 
248,Holt,San Joaquin Valley,7/4/2024,0800,186,0.01,Y,0.00, ,934, ,20.6, ,80.8,Y,57,Y,64.4,Y,3.5, ,332, ,73.2, 
248,Holt,San Joaquin Valley,7/4/2024,0900,186,0.02,Y,0.00, ,1299, ,20.1, ,86.2,Y,47,Y,63.6,Y,4.2, ,346, ,73.6, 
248,Holt,San Joaquin Valley,7/4/2024,1000,186,0.03,Y,0.00, ,1596, ,19.8, ,89.5,Y,42,Y,63.2,Y,4.9, ,335, ,74.1, 
248,Holt,San Joaquin Valley,7/4/2024,1100,186,0.03,Y,0.00, ,1807, ,19.2, ,92.3,Y,37,Y,62.3,Y,7.2, ,309, ,74.8, 
248,Holt,San Joaquin Valley,7/4/2024,1200,186,0.04,Y,0.00, ,1923, ,16.5, ,96.0,Y,28,Y,58.1,Y,8.7, ,319, ,76.0, 
248,Holt,San Joaquin Valley,7/4/2024,1300,186,0.04,Y,0.00, ,1931, ,16.9, ,97.5,Y,28,Y,58.8,Y,8.8, ,317, ,77.6, 
248,Holt,San Joaquin Valley,7/4/2024,1400,186,0.04,Y,0.00, ,1844, ,18.1, ,99.4,Y,28,Y,60.6,Y,8.8, ,301, ,79.0, 
248,Holt,San Joaquin Valley,7/4/2024,1500,186,0.03,Y,0.00, ,1652, ,17.8, ,100.7,Y,27,Y,60.2,Y,9.3, ,300, ,79.8, 
248,Holt,San Joaquin Valley,7/4/2024,1600,186,0.03, ,0.00, ,1383, ,17.8, ,100.4, ,27, ,60.2, ,9.8, ,298, ,79.9, 
248,Holt,San Joaquin Valley,7/4/2024,1700,186,0.02, ,0.00, ,1035, ,18.5, ,99.5, ,29, ,61.2, ,9.3, ,298, ,79.7, 
248,Holt,San Joaquin Valley,7/4/2024,1800,186,0.02, ,0.00, ,641, ,17.3, ,96.6, ,29, ,59.4, ,8.1, ,297, ,79.4, 
248,Holt,San Joaquin Valley,7/4/2024,1900,186,0.01, ,0.00, ,264, ,17.8, ,91.6, ,35, ,60.2, ,6.8, ,296, ,79.0, 
248,Holt,San Joaquin Valley,7/4/2024,2000,186,0.00, ,0.00, ,31, ,16.1, ,83.0, ,42, ,57.4, ,5.3, ,292, ,78.6, 
248,Holt,San Joaquin Valley,7/4/2024,2100,186,0.00, ,0.00, ,0, ,15.5, ,79.1, ,46, ,56.3, ,5.0, ,282, ,78.0, 
248,Holt,San Joaquin Valley,7/4/2024,2200,186,0.00, ,0.00, ,0, ,14.9, ,74.4, ,51, ,55.3, ,3.6, ,298, ,77.3, 
248,Holt,San Joaquin Valley,7/4/2024,2300,186,0.00, ,0.00, ,0, ,15.0, ,72.3, ,55, ,55.4, ,2.8, ,280, ,76.5, 
248,Holt,San Joaquin Valley,7/4/2024,2400,186,0.00, ,0.00, ,1, ,15.7, ,67.7, ,68, ,56.7, ,1.4, ,233, ,75.5, 
248,Holt,San Joaquin Valley,7/5/2024,0100,187,0.00, ,0.00, ,0, ,16.1, ,64.7, ,77, ,57.4, ,1.2, ,224, ,74.5, 
248,Holt,San Joaquin Valley,7/5/2024,0200,187,0.00, ,0.00, ,0, ,17.1, ,63.4, ,86, ,59.1, ,1.3, ,224, ,73.6, 
248,Holt,San Joaquin Valley,7/5/2024,0300,187,0.00, ,0.00, ,0, ,17.4, ,62.7, ,90, ,59.6, ,1.1, ,224, ,72.9, 
248,Holt,San Joaquin Valley,7/5/2024,0400,187,0.00, ,0.00, ,0, ,17.1, ,63.3, ,86, ,59.1, ,1.2, ,224, ,72.2, 
248,Holt,San Joaquin Valley,7/5/2024,0500,187,0.00,Y,0.00, ,6, ,15.9, ,65.6,Y,74,Y,57.1,Y,3.5, ,323, ,71.8, 
248,Holt,San Joaquin Valley,7/5/2024,0600,187,0.00,Y,0.00, ,182, ,16.7, ,67.5,Y,72,Y,58.4,Y,4.7, ,333, ,71.6, 
248,Holt,San Joaquin Valley,7/5/2024,0700,187,0.01, ,0.00, ,542, ,17.4, ,72.9, ,63, ,59.5, ,4.9, ,359, ,71.7, 
248,Holt,San Joaquin Valley,7/5/2024,0800,187,0.01, ,0.00, ,949, ,16.8, ,77.9, ,52, ,58.6, ,5.4, ,335, ,71.8, 
248,Holt,San Joaquin Valley,7/5/2024,0900,187,0.02, ,0.00, ,1317, ,18.1, ,82.4, ,48, ,60.6, ,5.5, ,303, ,72.2, 
248,Holt,San Joaquin Valley,7/5/2024,1000,187,0.03, ,0.00, ,1615, ,19.1, ,86.9, ,44, ,62.1, ,6.7, ,305, ,72.8, 
248,Holt,San Joaquin Valley,7/5/2024,1100,187,0.03, ,0.00, ,1823, ,20.1, ,90.3, ,41, ,63.7, ,6.9, ,323, ,73.7, 
248,Holt,San Joaquin Valley,7/5/2024,1200,187,0.03, ,0.00, ,1937, ,20.6, ,93.5, ,38, ,64.3, ,6.1, ,315, ,75.0, 
248,Holt,San Joaquin Valley,7/5/2024,1300,187,0.03,Y,0.00, ,1962, ,19.9, ,96.9,Y,33,Y,63.4,Y,5.5, ,295, ,76.7, 
248,Holt,San Joaquin Valley,7/5/2024,1400,187,0.03,Y,0.00, ,1883, ,19.7, ,100.0,Y,30,Y,63.1,Y,5.7, ,306, ,78.5, 
248,Holt,San Joaquin Valley,7/5/2024,1500,187,0.03,Y,0.00, ,1702, ,18.9, ,102.0,Y,27,Y,61.8,Y,6.2, ,303, ,79.5, 
248,Holt,San Joaquin Valley,7/5/2024,1600,187,0.03,Y,0.00, ,1422, ,19.0, ,103.2,Y,26,Y,62.0,Y,6.3, ,305, ,80.0, 
248,Holt,San Joaquin Valley,7/5/2024,1700,187,0.02, ,0.00, ,1057, ,20.1, ,100.3, ,30, ,63.7, ,8.5, ,297, ,80.1, 
248,Holt,San Joaquin Valley,7/5/2024,1800,187,0.01, ,0.00, ,653, ,20.2, ,98.1, ,33, ,63.8, ,6.9, ,308, ,79.9, 
248,Holt,San Joaquin Valley,7/5/2024,1900,187,0.01,Y,0.00, ,266, ,21.0, ,93.7,Y,39,Y,64.9,Y,5.6, ,292, ,79.5, 
248,Holt,San Joaquin Valley,7/5/2024,2000,187,0.00, ,0.00, ,26, ,18.9, ,85.7, ,45, ,62.0, ,5.2, ,281, ,79.2, 
248,Holt,San Joaquin Valley,7/5/2024,2100,187,0.00, ,0.00, ,0, ,18.1, ,78.9, ,53, ,60.6, ,2.2, ,293, ,78.7, 
248,Holt,San Joaquin Valley,7/5/2024,2200,187,0.00, ,0.00, ,0, ,21.1, ,73.3, ,75, ,65.0, ,1.6, ,62, ,77.7, 
248,Holt,San Joaquin Valley,7/5/2024,2300,187,0.00, ,0.00, ,0, ,19.4, ,71.3, ,74, ,62.6, ,2.2, ,337, ,76.9, 
248,Holt,San Joaquin Valley,7/5/2024,2400,187,0.00, ,0.00, ,0, ,19.3, ,71.2, ,74, ,62.5, ,2.7, ,4, ,76.2, 
248,Holt,San Joaquin Valley,7/6/2024,0100,188,0.00, ,0.00, ,1, ,18.9, ,69.2, ,78, ,61.9, ,2.6, ,345, ,75.6, 
248,Holt,San Joaquin Valley,7/6/2024,0200,188,0.00,Y,0.00, ,0, ,18.9, ,68.8,Y,79,Y,61.9,Y,2.4, ,329, ,75.1, 
248,Holt,San Joaquin Valley,7/6/2024,0300,188,0.00,Y,0.00, ,0, ,18.9, ,68.2,Y,80,Y,61.9,Y,3.0, ,340, ,74.8, 
248,Holt,San Joaquin Valley,7/6/2024,0400,188,0.00,Y,0.00, ,0, ,19.5, ,66.4,Y,88,Y,62.8,Y,2.0, ,284, ,74.3, 
248,Holt,San Joaquin Valley,7/6/2024,0500,188,0.00, ,0.00, ,7, ,20.0, ,65.2, ,94, ,63.4, ,1.8, ,277, ,73.7, 
248,Holt,San Joaquin Valley,7/6/2024,0600,188,0.00,Y,0.00, ,163, ,20.3, ,68.0,Y,87,Y,63.9,Y,1.9, ,301, ,73.1, 
248,Holt,San Joaquin Valley,7/6/2024,0700,188,0.01, ,0.00, ,515, ,21.2, ,72.5, ,78, ,65.2, ,4.0, ,2, ,73.1, 
248,Holt,San Joaquin Valley,7/6/2024,0800,188,0.01, ,0.00, ,917, ,21.2, ,78.6, ,63, ,65.2, ,4.2, ,353, ,73.3, 
248,Holt,San Joaquin Valley,7/6/2024,0900,188,0.02, ,0.00, ,1285, ,21.1, ,83.9, ,53, ,65.1, ,4.3, ,353, ,73.6, 
248,Holt,San Joaquin Valley,7/6/2024,1000,188,0.02, ,0.00, ,1581, ,20.2, ,88.1, ,45, ,63.8, ,4.3, ,347, ,74.1, 
248,Holt,San Joaquin Valley,7/6/2024,1100,188,0.03, ,0.00, ,1794, ,20.0, ,89.8, ,42, ,63.5, ,5.3, ,296, ,74.8, 
248,Holt,San Joaquin Valley,7/6/2024,1200,188,0.03,Y,0.00, ,1906, ,22.0, ,94.4,Y,40,Y,66.2,Y,3.4, ,345, ,76.0, 
248,Holt,San Joaquin Valley,7/6/2024,1300,188,0.03,Y,0.00, ,1920, ,23.1, ,97.7,Y,38,Y,67.6,Y,4.3, ,316, ,77.6, 
248,Holt,San Joaquin Valley,7/6/2024,1400,188,0.03,Y,0.00, ,1838, ,23.3, ,100.7,Y,35,Y,67.8,Y,5.6, ,326, ,79.3, 
248,Holt,San Joaquin Valley,7/6/2024,1500,188,0.03,Y,0.00, ,1662, ,22.9, ,102.7,Y,32,Y,67.4,Y,5.3, ,290, ,80.4, 
248,Holt,San Joaquin Valley,7/6/2024,1600,188,0.03,Y,0.00, ,1393, ,20.5, ,105.4,Y,27,Y,64.2,Y,5.4, ,302, ,80.9, 
248,Holt,San Joaquin Valley,7/6/2024,1700,188,0.02,Y,0.00, ,1041, ,20.0, ,106.1,Y,25,Y,63.5,Y,5.6, ,303, ,81.1, 
248,Holt,San Joaquin Valley,7/6/2024,1800,188,0.01,Y,0.00, ,637, ,23.3, ,101.0,Y,35,Y,67.9,Y,7.7, ,300, ,81.1, 
248,Holt,San Joaquin Valley,7/6/2024,1900,188,0.01,Y,0.00, ,250, ,22.0, ,94.6,Y,40,Y,66.2,Y,6.3, ,305, ,80.7, 
248,Holt,San Joaquin Valley,7/6/2024,2000,188,0.00,Y,0.00, ,24, ,21.7, ,88.3,Y,48,Y,65.8,Y,4.7, ,324, ,80.1, 
248,Holt,San Joaquin Valley,7/6/2024,2100,188,0.00,Y,0.00, ,0, ,21.1, ,83.6,Y,54,Y,65.0,Y,2.8, ,296, ,79.5, 
248,Holt,San Joaquin Valley,7/6/2024,2200,188,0.00,Y,0.00, ,0, ,21.3, ,78.3,Y,65,Y,65.4,Y,2.2, ,282, ,78.8, 
248,Holt,San Joaquin Valley,7/6/2024,2300,188,0.00,Y,0.00, ,0, ,21.6, ,75.6,Y,71,Y,65.6,Y,2.2, ,296, ,78.4, 
248,Holt,San Joaquin Valley,7/6/2024,2400,188,0.00,Y,0.00, ,0, ,22.5, ,73.4,Y,80,Y,66.9,Y,2.7, ,321, ,77.7, 
248,Holt,San Joaquin Valley,7/7/2024,0100,189,0.00,Y,0.00, ,0, ,22.5, ,70.4,Y,89,Y,66.9,Y,3.9, ,353, ,77.2, 
248,Holt,San Joaquin Valley,7/7/2024,0200,189,0.00,Y,0.00, ,1, ,21.9, ,69.3,Y,90,Y,66.1,Y,3.4, ,14, ,76.8, 
248,Holt,San Joaquin Valley,7/7/2024,0300,189,0.00,Y,0.00, ,0, ,21.2, ,69.2,Y,87,Y,65.1,Y,3.6, ,357, ,76.4, 
248,Holt,San Joaquin Valley,7/7/2024,0400,189,0.00,Y,0.00, ,0, ,21.1, ,69.2,Y,87,Y,65.1,Y,2.3, ,358, ,76.0, 
248,Holt,San Joaquin Valley,7/7/2024,0500,189,0.00,Y,0.00, ,7, ,19.6, ,68.0,Y,84,Y,63.0,Y,1.9, ,303, ,75.7, 
248,Holt,San Joaquin Valley,7/7/2024,0600,189,0.00,Y,0.00, ,168, ,20.5, ,69.2,Y,84,Y,64.2,Y,3.4, ,309, ,75.3, 
248,Holt,San Joaquin Valley,7/7/2024,0700,189,0.01, ,0.00, ,523, ,21.3, ,73.9, ,75, ,65.3, ,4.2, ,304, ,74.9, 
248,Holt,San Joaquin Valley,7/7/2024,0800,189,0.01, ,0.00, ,930, ,21.9, ,77.6, ,68, ,66.1, ,5.2, ,305, ,74.8, 
248,Holt,San Joaquin Valley,7/7/2024,0900,189,0.02, ,0.00, ,1299, ,22.0, ,82.4, ,58, ,66.2, ,5.2, ,320, ,74.9, 
248,Holt,San Joaquin Valley,7/7/2024,1000,189,0.02, ,0.00, ,1595, ,22.5, ,85.7, ,54, ,66.9, ,4.9, ,318, ,75.2, 
248,Holt,San Joaquin Valley,7/7/2024,1100,189,0.03, ,0.00, ,1807, ,22.5, ,89.0, ,48, ,66.9, ,5.2, ,308, ,75.6, 
248,Holt,San Joaquin Valley,7/7/2024,1200,189,0.03, ,0.00, ,1925, ,22.9, ,91.8, ,45, ,67.4, ,6.7, ,317, ,76.3, 
248,Holt,San Joaquin Valley,7/7/2024,1300,189,0.03, ,0.00, ,1935, ,23.2, ,94.6, ,42, ,67.7, ,6.7, ,323, ,77.4, 
248,Holt,San Joaquin Valley,7/7/2024,1400,189,0.03, ,0.00, ,1850, ,22.2, ,96.2, ,38, ,66.4, ,8.2, ,307, ,78.5, 
248,Holt,San Joaquin Valley,7/7/2024,1500,189,0.03, ,0.00, ,1675, ,22.0, ,96.7, ,37, ,66.3, ,9.6, ,307, ,79.4, 
248,Holt,San Joaquin Valley,7/7/2024,1600,189,0.03, ,0.00, ,1394, ,22.4, ,95.9, ,39, ,66.8, ,10.0, ,308, ,80.0, 
248,Holt,San Joaquin Valley,7/7/2024,1700,189,0.02, ,0.00, ,1031, ,22.4, ,93.8, ,41, ,66.7, ,9.9, ,304, ,80.3, 
248,Holt,San Joaquin Valley,7/7/2024,1800,189,0.01, ,0.00, ,636, ,22.7, ,93.0, ,43, ,67.1, ,7.5, ,306, ,80.4, 
248,Holt,San Joaquin Valley,7/7/2024,1900,189,0.01, ,0.00, ,252, ,21.2, ,89.0, ,45, ,65.2, ,5.8, ,303, ,80.3, 
248,Holt,San Joaquin Valley,7/7/2024,2000,189,0.00, ,0.00, ,24, ,21.9, ,81.8, ,59, ,66.1, ,2.8, ,330, ,80.0, 
248,Holt,San Joaquin Valley,7/7/2024,2100,189,0.00, ,0.00, ,0, ,20.1, ,74.2, ,70, ,63.7, ,2.5, ,358, ,79.7, 
248,Holt,San Joaquin Valley,7/7/2024,2200,189,0.00, ,0.00, ,0, ,19.1, ,71.5, ,73, ,62.2, ,3.1, ,350, ,79.3, 
248,Holt,San Joaquin Valley,7/7/2024,2300,189,0.00, ,0.00, ,0, ,18.2, ,69.5, ,74, ,60.9, ,4.1, ,341, ,78.8, 
248,Holt,San Joaquin Valley,7/7/2024,2400,189,0.00, ,0.00, ,1, ,18.1, ,68.3, ,77, ,60.7, ,4.4, ,344, ,78.3, 
248,Holt,San Joaquin Valley,7/8/2024,0100,190,0.00, ,0.00, ,0, ,18.8, ,66.1, ,86, ,61.8, ,3.5, ,343, ,77.8, 
248,Holt,San Joaquin Valley,7/8/2024,0200,190,0.00, ,0.00, ,0, ,18.5, ,65.4, ,87, ,61.3, ,4.3, ,337, ,77.3, 
248,Holt,San Joaquin Valley,7/8/2024,0300,190,0.00, ,0.00, ,0, ,18.4, ,64.2, ,90, ,61.2, ,5.0, ,315, ,76.9, 
248,Holt,San Joaquin Valley,7/8/2024,0400,190,0.00, ,0.00, ,0, ,18.1, ,62.2, ,95, ,60.7, ,3.7, ,331, ,76.4, 
248,Holt,San Joaquin Valley,7/8/2024,0500,190,0.00, ,0.00, ,5, ,18.3, ,61.1, ,99, ,60.9, ,4.0, ,324, ,76.0, 
248,Holt,San Joaquin Valley,7/8/2024,0600,190,0.00, ,0.00, ,179, ,18.9, ,62.4, ,98, ,61.8, ,3.3, ,315, ,75.6, 
248,Holt,San Joaquin Valley,7/8/2024,0700,190,0.01, ,0.00, ,532, ,20.1, ,67.0, ,89, ,63.7, ,4.9, ,319, ,75.3, 
248,Holt,San Joaquin Valley,7/8/2024,0800,190,0.01, ,0.00, ,947, ,20.8, ,71.3, ,79, ,64.6, ,4.1, ,322, ,75.1, 
248,Holt,San Joaquin Valley,7/8/2024,0900,190,0.02, ,0.00, ,1339, ,20.2, ,74.4, ,70, ,63.8, ,5.4, ,306, ,75.0, 
248,Holt,San Joaquin Valley,7/8/2024,1000,190,0.02, ,0.00, ,1645, ,20.3, ,77.5, ,63, ,63.9, ,5.4, ,300, ,75.1, 
248,Holt,San Joaquin Valley,7/8/2024,1100,190,0.03, ,0.00, ,1854, ,20.9, ,82.8, ,55, ,64.7, ,4.8, ,317, ,75.4, 
248,Holt,San Joaquin Valley,7/8/2024,1200,190,0.03, ,0.00, ,1966, ,20.5, ,87.0, ,47, ,64.3, ,5.0, ,328, ,76.1, 
248,Holt,San Joaquin Valley,7/8/2024,1300,190,0.03, ,0.00, ,1974, ,21.5, ,90.0, ,45, ,65.6, ,6.3, ,327, ,77.1, 
248,Holt,San Joaquin Valley,7/8/2024,1400,190,0.03, ,0.00, ,1869, ,21.2, ,92.8, ,40, ,65.2, ,5.7, ,320, ,78.2, 
248,Holt,San Joaquin Valley,7/8/2024,1500,190,0.03, ,0.00, ,1669, ,20.9, ,94.5, ,38, ,64.8, ,6.5, ,302, ,79.1, 
248,Holt,San Joaquin Valley,7/8/2024,1600,190,0.03, ,0.00, ,1390, ,20.8, ,93.2, ,39, ,64.6, ,8.5, ,302, ,79.5, 
248,Holt,San Joaquin Valley,7/8/2024,1700,190,0.02, ,0.00, ,990, ,20.4, ,92.4, ,39, ,64.1, ,8.2, ,301, ,79.7, 
248,Holt,San Joaquin Valley,7/8/2024,1800,190,0.01, ,0.00, ,640, ,21.2, ,92.4, ,41, ,65.2, ,5.6, ,328, ,79.6, 
248,Holt,San Joaquin Valley,7/8/2024,1900,190,0.00, ,0.00, ,266, ,17.4, ,89.5, ,37, ,59.6, ,3.7, ,222, ,79.5, 
248,Holt,San Joaquin Valley,7/8/2024,2000,190,0.00, ,0.00, ,28, ,15.9, ,83.9, ,40, ,57.1, ,7.7, ,260, ,79.3, 
248,Holt,San Joaquin Valley,7/8/2024,2100,190,0.00, ,0.00, ,0, ,20.3, ,75.4, ,67, ,63.9, ,3.8, ,330, ,78.9, 
248,Holt,San Joaquin Valley,7/8/2024,2200,190,0.00, ,0.00, ,0, ,19.5, ,71.3, ,75, ,62.8, ,3.5, ,322, ,78.4, 
248,Holt,San Joaquin Valley,7/8/2024,2300,190,0.00, ,0.00, ,1, ,19.4, ,68.1, ,83, ,62.6, ,2.9, ,333, ,77.8, 
248,Holt,San Joaquin Valley,7/8/2024,2400,190,0.00, ,0.00, ,0, ,19.3, ,65.1, ,91, ,62.5, ,3.0, ,350, ,77.3, 
248,Holt,San Joaquin Valley,7/9/2024,0100,191,0.00, ,0.00, ,0, ,19.7, ,65.0, ,93, ,63.1, ,4.6, ,352, ,76.7, 
248,Holt,San Joaquin Valley,7/9/2024,0200,191,0.00, ,0.00, ,0, ,18.9, ,63.9, ,93, ,61.9, ,3.3, ,329, ,76.1, 
248,Holt,San Joaquin Valley,7/9/2024,0300,191,0.00, ,0.00, ,0, ,18.6, ,63.1, ,95, ,61.5, ,3.6, ,359, ,75.6, 
248,Holt,San Joaquin Valley,7/9/2024,0400,191,0.00, ,0.00, ,0, ,17.5, ,60.6, ,97, ,59.8, ,2.1, ,336, ,75.1, 
248,Holt,San Joaquin Valley,7/9/2024,0500,191,0.00, ,0.00, ,6, ,17.0, ,61.6, ,91, ,58.8, ,3.9, ,301, ,74.6, 
248,Holt,San Joaquin Valley,7/9/2024,0600,191,0.00, ,0.00, ,174, ,18.5, ,62.6, ,96, ,61.3, ,4.1, ,336, ,74.1, 
248,Holt,San Joaquin Valley,7/9/2024,0700,191,0.01, ,0.00, ,530, ,19.7, ,66.8, ,88, ,63.0, ,6.2, ,327, ,73.8, 
248,Holt,San Joaquin Valley,7/9/2024,0800,191,0.01, ,0.00, ,941, ,19.4, ,70.6, ,76, ,62.7, ,6.7, ,333, ,73.5, 
248,Holt,San Joaquin Valley,7/9/2024,0900,191,0.02, ,0.00, ,1323, ,18.9, ,74.6, ,65, ,61.8, ,7.1, ,327, ,73.3, 
248,Holt,San Joaquin Valley,7/9/2024,1000,191,0.02, ,0.00, ,1626, ,18.7, ,76.9, ,59, ,61.6, ,7.7, ,318, ,73.4, 
248,Holt,San Joaquin Valley,7/9/2024,1100,191,0.03, ,0.00, ,1840, ,19.0, ,79.8, ,55, ,62.1, ,6.6, ,319, ,73.7, 
248,Holt,San Joaquin Valley,7/9/2024,1200,191,0.03, ,0.00, ,1958, ,20.1, ,83.2, ,52, ,63.7, ,6.6, ,318, ,74.3, 
248,Holt,San Joaquin Valley,7/9/2024,1300,191,0.03, ,0.00, ,1970, ,20.0, ,85.8, ,47, ,63.6, ,7.5, ,307, ,75.5, 
248,Holt,San Joaquin Valley,7/9/2024,1400,191,0.03, ,0.00, ,1879, ,20.8, ,88.4, ,45, ,64.6, ,7.3, ,317, ,76.9, 
248,Holt,San Joaquin Valley,7/9/2024,1500,191,0.03, ,0.00, ,1687, ,20.8, ,89.8, ,43, ,64.6, ,7.8, ,308, ,77.9, 
248,Holt,San Joaquin Valley,7/9/2024,1600,191,0.03, ,0.00, ,1409, ,20.3, ,90.3, ,42, ,63.9, ,8.8, ,308, ,78.4, 
248,Holt,San Joaquin Valley,7/9/2024,1700,191,0.02, ,0.00, ,1038, ,21.0, ,88.9, ,45, ,64.9, ,9.0, ,300, ,78.5, 
248,Holt,San Joaquin Valley,7/9/2024,1800,191,0.01, ,0.00, ,642, ,20.2, ,86.2, ,47, ,63.7, ,8.7, ,306, ,78.3, 
248,Holt,San Joaquin Valley,7/9/2024,1900,191,0.00, ,0.00, ,243, ,19.8, ,81.1, ,55, ,63.2, ,7.2, ,304, ,78.0, 
248,Holt,San Joaquin Valley,7/9/2024,2000,191,0.00, ,0.00, ,26, ,19.5, ,75.5, ,65, ,62.8, ,5.4, ,313, ,77.5, 
248,Holt,San Joaquin Valley,7/9/2024,2100,191,0.00, ,0.00, ,0, ,19.7, ,71.3, ,75, ,63.1, ,5.0, ,317, ,76.9, 
248,Holt,San Joaquin Valley,7/9/2024,2200,191,0.00, ,0.00, ,0, ,20.0, ,68.6, ,84, ,63.5, ,3.9, ,320, ,76.3, 
248,Holt,San Joaquin Valley,7/9/2024,2300,191,0.00, ,0.00, ,0, ,20.1, ,65.6, ,93, ,63.6, ,4.4, ,340, ,75.8, 
248,Holt,San Joaquin Valley,7/9/2024,2400,191,0.00, ,0.00, ,0, ,19.2, ,63.0, ,98, ,62.4, ,4.3, ,349, ,75.2, 
248,Holt,San Joaquin Valley,7/10/2024,0100,192,0.00, ,0.00, ,0, ,18.7, ,61.7, ,99, ,61.5, ,3.1, ,355, ,74.6, 
248,Holt,San Joaquin Valley,7/10/2024,0200,192,0.00, ,0.00, ,0, ,18.3, ,61.1, ,99, ,60.9, ,2.8, ,348, ,74.2, 
248,Holt,San Joaquin Valley,7/10/2024,0300,192,0.00, ,0.00, ,0, ,17.6, ,60.1, ,99, ,59.9, ,2.7, ,332, ,73.7, 
248,Holt,San Joaquin Valley,7/10/2024,0400,192,0.00, ,0.00, ,0, ,17.2, ,59.3, ,99, ,59.2, ,3.3, ,337, ,73.3, 
248,Holt,San Joaquin Valley,7/10/2024,0500,192,0.00, ,0.00, ,4, ,17.2, ,59.3, ,99, ,59.2, ,3.4, ,349, ,72.8, 
248,Holt,San Joaquin Valley,7/10/2024,0600,192,0.00, ,0.00, ,161, ,17.9, ,60.5, ,100, ,60.4, ,3.2, ,307, ,72.4, 
248,Holt,San Joaquin Valley,7/10/2024,0700,192,0.01, ,0.00, ,519, ,20.7, ,64.9, ,98, ,64.5, ,4.3, ,300, ,72.1, 
248,Holt,San Joaquin Valley,7/10/2024,0800,192,0.01, ,0.00, ,923, ,21.9, ,70.2, ,87, ,66.1, ,4.1, ,319, ,72.1, 
248,Holt,San Joaquin Valley,7/10/2024,0900,192,0.02, ,0.00, ,1295, ,21.6, ,73.4, ,77, ,65.8, ,5.3, ,299, ,72.3, 
248,Holt,San Joaquin Valley,7/10/2024,1000,192,0.02, ,0.00, ,1602, ,21.7, ,78.9, ,64, ,65.8, ,5.2, ,318, ,72.7, 
248,Holt,San Joaquin Valley,7/10/2024,1100,192,0.03, ,0.00, ,1819, ,22.3, ,82.7, ,58, ,66.6, ,5.3, ,323, ,73.3, 
248,Holt,San Joaquin Valley,7/10/2024,1200,192,0.03, ,0.00, ,1931, ,22.4, ,86.5, ,52, ,66.8, ,5.0, ,324, ,74.2, 
248,Holt,San Joaquin Valley,7/10/2024,1300,192,0.03, ,0.00, ,1937, ,23.0, ,90.8, ,47, ,67.5, ,5.0, ,310, ,75.5, 
248,Holt,San Joaquin Valley,7/10/2024,1400,192,0.03, ,0.00, ,1850, ,21.6, ,93.8, ,40, ,65.7, ,5.8, ,303, ,76.9, 
248,Holt,San Joaquin Valley,7/10/2024,1500,192,0.03, ,0.00, ,1666, ,21.5, ,96.4, ,37, ,65.5, ,6.4, ,303, ,77.9, 
248,Holt,San Joaquin Valley,7/10/2024,1600,192,0.03, ,0.00, ,1397, ,20.5, ,99.4, ,32, ,64.2, ,6.0, ,320, ,78.5, 
248,Holt,San Joaquin Valley,7/10/2024,1700,192,0.02, ,0.00, ,1046, ,20.8, ,100.7, ,31, ,64.6, ,5.3, ,325, ,78.8, 
248,Holt,San Joaquin Valley,7/10/2024,1800,192,0.01, ,0.00, ,633, ,23.0, ,98.6, ,37, ,67.5, ,5.6, ,306, ,78.9, 
248,Holt,San Joaquin Valley,7/10/2024,1900,192,0.01, ,0.00, ,246, ,21.0, ,91.2, ,42, ,64.9, ,5.3, ,306, ,78.9, 
248,Holt,San Joaquin Valley,7/10/2024,2000,192,0.00, ,0.00, ,23, ,20.7, ,83.2, ,53, ,64.5, ,4.2, ,300, ,78.8, 
248,Holt,San Joaquin Valley,7/10/2024,2100,192,0.00, ,0.00, ,0, ,19.7, ,79.1, ,58, ,63.1, ,2.9, ,280, ,78.4, 
248,Holt,San Joaquin Valley,7/10/2024,2200,192,0.00, ,0.00, ,0, ,20.7, ,74.5, ,71, ,64.5, ,1.8, ,256, ,77.9, 
248,Holt,San Joaquin Valley,7/10/2024,2300,192,0.00, ,0.00, ,0, ,21.5, ,72.1, ,80, ,65.6, ,1.8, ,242, ,77.4, 
248,Holt,San Joaquin Valley,7/10/2024,2400,192,0.00, ,0.00, ,2, ,21.2, ,68.7, ,89, ,65.2, ,1.7, ,309, ,76.8, 
248,Holt,San Joaquin Valley,7/11/2024,0100,193,0.00, ,0.00, ,0, ,21.3, ,68.3, ,90, ,65.3, ,1.4, ,324, ,76.2, 
248,Holt,San Joaquin Valley,7/11/2024,0200,193,0.00, ,0.00, ,0, ,20.7, ,67.0, ,92, ,64.5, ,1.6, ,323, ,75.7, 
248,Holt,San Joaquin Valley,7/11/2024,0300,193,0.00, ,0.00, ,0, ,22.2, ,67.2, ,98, ,66.4, ,1.4, ,319, ,75.2, 
248,Holt,San Joaquin Valley,7/11/2024,0400,193,0.00, ,0.00, ,0, ,21.5, ,66.5, ,97, ,65.5, ,1.9, ,315, ,74.7, 
248,Holt,San Joaquin Valley,7/11/2024,0500,193,0.00, ,0.00, ,5, ,20.3, ,64.1, ,99, ,63.9, ,2.0, ,308, ,74.2, 
248,Holt,San Joaquin Valley,7/11/2024,0600,193,0.00, ,0.00, ,154, ,20.7, ,65.5, ,97, ,64.5, ,2.9, ,297, ,73.8, 
248,Holt,San Joaquin Valley,7/11/2024,0700,193,0.01, ,0.00, ,495, ,22.0, ,70.4, ,87, ,66.3, ,4.8, ,297, ,73.6, 
248,Holt,San Joaquin Valley,7/11/2024,0800,193,0.01, ,0.00, ,911, ,21.6, ,77.0, ,68, ,65.7, ,5.0, ,302, ,73.6, 
248,Holt,San Joaquin Valley,7/11/2024,0900,193,0.02, ,0.00, ,1285, ,21.8, ,82.1, ,58, ,66.0, ,4.8, ,296, ,73.9, 
248,Holt,San Joaquin Valley,7/11/2024,1000,193,0.03, ,0.00, ,1578, ,21.3, ,86.7, ,49, ,65.3, ,6.5, ,303, ,74.3, 
248,Holt,San Joaquin Valley,7/11/2024,1100,193,0.03, ,0.00, ,1761, ,22.8, ,90.3, ,47, ,67.3, ,6.2, ,313, ,74.9, 
248,Holt,San Joaquin Valley,7/11/2024,1200,193,0.03, ,0.00, ,1902, ,25.1, ,94.2, ,46, ,70.0, ,5.6, ,324, ,75.8, 
248,Holt,San Joaquin Valley,7/11/2024,1300,193,0.03, ,0.00, ,1920, ,25.4, ,97.1, ,42, ,70.4, ,6.7, ,318, ,77.2, 
248,Holt,San Joaquin Valley,7/11/2024,1400,193,0.03,Y,0.00, ,1840, ,22.4, ,99.8,Y,34,Y,66.7,Y,7.3, ,316, ,78.6, 
248,Holt,San Joaquin Valley,7/11/2024,1500,193,0.03,Y,0.00, ,1658, ,21.2, ,102.6,Y,30,Y,65.1,Y,6.9, ,315, ,79.5, 
248,Holt,San Joaquin Valley,7/11/2024,1600,193,0.03,Y,0.00, ,1380, ,23.5, ,103.1,Y,33,Y,68.2,Y,7.1, ,303, ,80.0, 
248,Holt,San Joaquin Valley,7/11/2024,1700,193,0.02,Y,0.00, ,1019, ,24.1, ,103.0,Y,34,Y,68.9,Y,7.1, ,299, ,80.3, 
248,Holt,San Joaquin Valley,7/11/2024,1800,193,0.01,Y,0.00, ,612, ,21.5, ,100.8,Y,32,Y,65.6,Y,6.4, ,297, ,80.5, 
248,Holt,San Joaquin Valley,7/11/2024,1900,193,0.01,Y,0.00, ,234, ,19.7, ,94.8,Y,35,Y,63.0,Y,5.6, ,295, ,80.4, 
248,Holt,San Joaquin Valley,7/11/2024,2000,193,0.00,Y,0.00, ,21, ,19.8, ,87.3,Y,45,Y,63.2,Y,5.3, ,276, ,80.2, 
248,Holt,San Joaquin Valley,7/11/2024,2100,193,0.00,Y,0.00, ,0, ,17.6, ,83.0,Y,46,Y,59.9,Y,2.4, ,247, ,79.8, 
248,Holt,San Joaquin Valley,7/11/2024,2200,193,0.00,Y,0.00, ,0, ,13.4, ,80.8,Y,37,Y,52.4,Y,4.0, ,261, ,79.2, 
248,Holt,San Joaquin Valley,7/11/2024,2300,193,0.00, ,0.00, ,0, ,16.8, ,74.9, ,57, ,58.5, ,1.4, ,269, ,78.5, 
248,Holt,San Joaquin Valley,7/11/2024,2400,193,0.00, ,0.00, ,0, ,20.8, ,72.4, ,77, ,64.6, ,1.4, ,268, ,77.8, 
248,Holt,San Joaquin Valley,7/12/2024,0100,194,0.00, ,0.00, ,1, ,20.6, ,70.0, ,82, ,64.3, ,1.6, ,328, ,77.1, 
248,Holt,San Joaquin Valley,7/12/2024,0200,194,0.00, ,0.00, ,1, ,17.7, ,69.1, ,73, ,60.0, ,2.9, ,353, ,76.5, 
248,Holt,San Joaquin Valley,7/12/2024,0300,194,0.00,Y,0.00, ,0, ,16.6, ,68.6,Y,69,Y,58.2,Y,2.4, ,296, ,76.0, 
248,Holt,San Joaquin Valley,7/12/2024,0400,194,0.00,Y,0.00, ,0, ,18.0, ,67.8,Y,77,Y,60.5,Y,4.1, ,309, ,75.5, 
248,Holt,San Joaquin Valley,7/12/2024,0500,194,0.00, ,0.00, ,3, ,18.0, ,65.6, ,84, ,60.5, ,1.9, ,310, ,75.0, 
248,Holt,San Joaquin Valley,7/12/2024,0600,194,0.00, ,0.00, ,136, ,19.4, ,66.7, ,87, ,62.7, ,2.0, ,310, ,74.5, 
248,Holt,San Joaquin Valley,7/12/2024,0700,194,0.01, ,0.00, ,477, ,20.5, ,73.9, ,72, ,64.2, ,3.3, ,342, ,74.3, 
248,Holt,San Joaquin Valley,7/12/2024,0800,194,0.01, ,0.00, ,877, ,20.8, ,77.7, ,64, ,64.6, ,4.9, ,313, ,74.2, 
248,Holt,San Joaquin Valley,7/12/2024,0900,194,0.02, ,0.00, ,1245, ,20.4, ,83.1, ,53, ,64.1, ,5.4, ,325, ,74.4, 
248,Holt,San Joaquin Valley,7/12/2024,1000,194,0.03, ,0.00, ,1550, ,20.6, ,87.2, ,47, ,64.4, ,6.0, ,333, ,74.8, 
248,Holt,San Joaquin Valley,7/12/2024,1100,194,0.03, ,0.00, ,1770, ,20.0, ,90.8, ,40, ,63.5, ,6.6, ,316, ,75.3, 
248,Holt,San Joaquin Valley,7/12/2024,1200,194,0.03, ,0.00, ,1883, ,19.9, ,93.9, ,37, ,63.4, ,6.8, ,302, ,76.2, 
248,Holt,San Joaquin Valley,7/12/2024,1300,194,0.03, ,0.00, ,1900, ,20.2, ,97.1, ,34, ,63.8, ,7.3, ,307, ,77.4, 
248,Holt,San Joaquin Valley,7/12/2024,1400,194,0.03, ,0.00, ,1815, ,19.4, ,99.3, ,30, ,62.6, ,8.0, ,305, ,78.7, 
248,Holt,San Joaquin Valley,7/12/2024,1500,194,0.03, ,0.00, ,1624, ,19.6, ,100.2, ,30, ,62.9, ,8.5, ,305, ,79.4, 
248,Holt,San Joaquin Valley,7/12/2024,1600,194,0.03, ,0.00, ,1346, ,19.3, ,99.9, ,30, ,62.4, ,8.0, ,308, ,79.8, 
248,Holt,San Joaquin Valley,7/12/2024,1700,194,0.02, ,0.00, ,987, ,20.5, ,99.2, ,32, ,64.2, ,6.8, ,316, ,79.8, 
248,Holt,San Joaquin Valley,7/12/2024,1800,194,0.01, ,0.00, ,589, ,21.9, ,95.5, ,38, ,66.1, ,6.4, ,306, ,79.8, 
248,Holt,San Joaquin Valley,7/12/2024,1900,194,0.01, ,0.00, ,225, ,21.1, ,89.6, ,44, ,65.1, ,6.3, ,293, ,79.7, 
248,Holt,San Joaquin Valley,7/12/2024,2000,194,0.00, ,0.00, ,22, ,19.2, ,84.0, ,48, ,62.4, ,6.1, ,279, ,79.5, 
248,Holt,San Joaquin Valley,7/12/2024,2100,194,0.00,Y,0.00, ,0, ,18.8, ,81.7,Y,51,Y,61.8,Y,6.3, ,281, ,79.1, 
248,Holt,San Joaquin Valley,7/12/2024,2200,194,0.00, ,0.00, ,0, ,18.1, ,77.7, ,56, ,60.7, ,4.5, ,280, ,78.7, 
248,Holt,San Joaquin Valley,7/12/2024,2300,194,0.00, ,0.00, ,0, ,18.3, ,73.1, ,66, ,60.9, ,2.9, ,347, ,78.2, 
248,Holt,San Joaquin Valley,7/12/2024,2400,194,0.00, ,0.00, ,1, ,17.9, ,70.1, ,71, ,60.4, ,3.8, ,10, ,77.6, 
248,Holt,San Joaquin Valley,7/13/2024,0100,195,0.00, ,0.00, ,0, ,18.8, ,70.2, ,75, ,61.8, ,2.3, ,359, ,76.9, 
248,Holt,San Joaquin Valley,7/13/2024,0200,195,0.00,Y,0.00, ,1, ,18.7, ,70.5,Y,74,Y,61.6,Y,3.4, ,284, ,76.4, 
248,Holt,San Joaquin Valley,7/13/2024,0300,195,0.00,Y,0.00, ,0, ,19.0, ,68.3,Y,81,Y,62.1,Y,3.3, ,321, ,76.1, 
248,Holt,San Joaquin Valley,7/13/2024,0400,195,0.00,Y,0.00, ,0, ,20.2, ,68.1,Y,86,Y,63.8,Y,4.3, ,27, ,75.7, 
248,Holt,San Joaquin Valley,7/13/2024,0500,195,0.00,Y,0.00, ,2, ,19.7, ,69.8,Y,79,Y,63.0,Y,5.4, ,11, ,75.2, 
248,Holt,San Joaquin Valley,7/13/2024,0600,195,0.00,Y,0.00, ,89, ,19.9, ,69.6,Y,81,Y,63.3,Y,3.1, ,233, ,74.9, 
248,Holt,San Joaquin Valley,7/13/2024,0700,195,0.00, ,0.00, ,284, ,20.4, ,71.3, ,78, ,64.0, ,4.6, ,333, ,74.7, 
248,Holt,San Joaquin Valley,7/13/2024,0800,195,0.01, ,0.00, ,817, ,19.3, ,76.1, ,63, ,62.5, ,3.7, ,253, ,74.6, 
248,Holt,San Joaquin Valley,7/13/2024,0900,195,0.01, ,0.00, ,744, ,20.7, ,77.7, ,64, ,64.5, ,6.1, ,290, ,74.8, 
248,Holt,San Joaquin Valley,7/13/2024,1000,195,0.01, ,0.00, ,778, ,21.2, ,79.3, ,62, ,65.2, ,7.0, ,334, ,75.2, 
248,Holt,San Joaquin Valley,7/13/2024,1100,195,0.02, ,0.00, ,1388, ,21.2, ,81.5, ,58, ,65.2, ,6.1, ,319, ,75.4, 
248,Holt,San Joaquin Valley,7/13/2024,1200,195,0.03, ,0.00, ,1902, ,21.4, ,85.7, ,51, ,65.5, ,7.7, ,307, ,76.0, 
248,Holt,San Joaquin Valley,7/13/2024,1300,195,0.03, ,0.00, ,1635, ,20.3, ,86.6, ,47, ,63.9, ,7.9, ,307, ,77.1, 
248,Holt,San Joaquin Valley,7/13/2024,1400,195,0.03, ,0.00, ,1786, ,21.1, ,87.8, ,47, ,65.0, ,9.3, ,306, ,77.9, 
248,Holt,San Joaquin Valley,7/13/2024,1500,195,0.03, ,0.00, ,1440, ,18.9, ,89.1, ,40, ,61.9, ,9.8, ,299, ,78.3, 
248,Holt,San Joaquin Valley,7/13/2024,1600,195,0.02, ,0.00, ,948, ,18.0, ,89.0, ,39, ,60.6, ,9.4, ,304, ,78.4, 
248,Holt,San Joaquin Valley,7/13/2024,1700,195,0.01, ,0.00, ,310, ,18.2, ,86.2, ,43, ,60.8, ,5.9, ,323, ,78.2, 
248,Holt,San Joaquin Valley,7/13/2024,1800,195,0.01, ,0.00, ,451, ,17.0, ,84.5, ,42, ,58.9, ,7.3, ,301, ,78.0, 
248,Holt,San Joaquin Valley,7/13/2024,1900,195,0.01, ,0.00, ,163, ,14.3, ,81.9, ,38, ,54.1, ,6.8, ,295, ,77.6, 
248,Holt,San Joaquin Valley,7/13/2024,2000,195,0.00, ,0.00, ,11, ,13.7, ,76.7, ,43, ,52.9, ,8.5, ,288, ,77.2, 
248,Holt,San Joaquin Valley,7/13/2024,2100,195,0.00, ,0.00, ,0, ,13.6, ,73.6, ,48, ,52.8, ,6.0, ,280, ,76.6, 
248,Holt,San Joaquin Valley,7/13/2024,2200,195,0.00, ,0.00, ,1, ,15.4, ,70.2, ,61, ,56.2, ,4.6, ,332, ,76.2, 
248,Holt,San Joaquin Valley,7/13/2024,2300,195,0.00, ,0.00, ,0, ,16.9, ,67.8, ,73, ,58.8, ,4.9, ,352, ,75.6, 
248,Holt,San Joaquin Valley,7/13/2024,2400,195,0.00, ,0.00, ,0, ,17.3, ,67.6, ,75, ,59.5, ,4.0, ,336, ,74.9, 
248,Holt,San Joaquin Valley,7/14/2024,0100,196,0.00, ,0.00, ,0, ,17.5, ,67.6, ,76, ,59.8, ,5.0, ,326, ,74.4, 
248,Holt,San Joaquin Valley,7/14/2024,0200,196,0.00, ,0.00, ,0, ,18.0, ,67.2, ,79, ,60.5, ,4.3, ,333, ,74.0, 
248,Holt,San Joaquin Valley,7/14/2024,0300,196,0.00, ,0.00, ,0, ,18.0, ,66.5, ,81, ,60.6, ,6.6, ,298, ,73.7, 
248,Holt,San Joaquin Valley,7/14/2024,0400,196,0.00, ,0.00, ,0, ,18.2, ,64.9, ,87, ,60.9, ,7.2, ,288, ,73.3, 
248,Holt,San Joaquin Valley,7/14/2024,0500,196,0.00, ,0.00, ,2, ,17.7, ,62.9, ,90, ,60.0, ,4.9, ,287, ,73.1, 
248,Holt,San Joaquin Valley,7/14/2024,0600,196,0.00, ,0.00, ,89, ,18.1, ,63.0, ,92, ,60.6, ,4.0, ,314, ,72.9, 
248,Holt,San Joaquin Valley,7/14/2024,0700,196,0.01, ,0.00, ,455, ,18.3, ,65.4, ,85, ,60.9, ,5.5, ,331, ,72.6, 
248,Holt,San Joaquin Valley,7/14/2024,0800,196,0.01, ,0.00, ,781, ,18.3, ,69.4, ,75, ,61.0, ,5.5, ,335, ,72.5, 
248,Holt,San Joaquin Valley,7/14/2024,0900,196,0.01, ,0.00, ,737, ,18.7, ,71.4, ,71, ,61.6, ,6.0, ,311, ,72.6, 
248,Holt,San Joaquin Valley,7/14/2024,1000,196,0.01, ,0.00, ,767, ,18.8, ,72.8, ,68, ,61.8, ,6.1, ,312, ,72.8, 
248,Holt,San Joaquin Valley,7/14/2024,1100,196,0.02, ,0.00, ,1499, ,19.4, ,75.6, ,64, ,62.6, ,7.1, ,323, ,73.0, 
248,Holt,San Joaquin Valley,7/14/2024,1200,196,0.03, ,0.00, ,1908, ,19.5, ,81.1, ,54, ,62.8, ,6.6, ,321, ,73.6, 
248,Holt,San Joaquin Valley,7/14/2024,1300,196,0.03, ,0.00, ,1896, ,19.8, ,85.6, ,47, ,63.3, ,6.2, ,327, ,74.7, 
248,Holt,San Joaquin Valley,7/14/2024,1400,196,0.03, ,0.00, ,1788, ,19.7, ,88.2, ,43, ,63.0, ,7.5, ,331, ,75.9, 
248,Holt,San Joaquin Valley,7/14/2024,1500,196,0.03, ,0.00, ,1625, ,19.0, ,90.2, ,39, ,62.0, ,8.6, ,314, ,76.8, 
248,Holt,San Joaquin Valley,7/14/2024,1600,196,0.03, ,0.00, ,1344, ,17.8, ,89.1, ,38, ,60.2, ,10.7, ,300, ,77.1, 
248,Holt,San Joaquin Valley,7/14/2024,1700,196,0.02, ,0.00, ,993, ,18.4, ,87.7, ,41, ,61.1, ,10.2, ,304, ,77.0, 
248,Holt,San Joaquin Valley,7/14/2024,1800,196,0.01, ,0.00, ,593, ,18.3, ,84.6, ,45, ,60.9, ,10.7, ,299, ,76.9, 
248,Holt,San Joaquin Valley,7/14/2024,1900,196,0.01, ,0.00, ,219, ,17.1, ,80.5, ,48, ,59.1, ,9.5, ,291, ,76.6, 
248,Holt,San Joaquin Valley,7/14/2024,2000,196,0.00, ,0.00, ,20, ,17.3, ,75.9, ,57, ,59.3, ,6.2, ,285, ,76.3, 
248,Holt,San Joaquin Valley,7/14/2024,2100,196,0.00, ,0.00, ,1, ,17.1, ,72.2, ,63, ,59.0, ,6.3, ,286, ,76.0, 
248,Holt,San Joaquin Valley,7/14/2024,2200,196,0.00, ,0.00, ,0, ,16.7, ,69.4, ,68, ,58.3, ,5.5, ,286, ,75.5, 
248,Holt,San Joaquin Valley,7/14/2024,2300,196,0.00, ,0.00, ,0, ,16.3, ,67.2, ,72, ,57.8, ,4.9, ,285, ,75.1, 
248,Holt,San Joaquin Valley,7/14/2024,2400,196,0.00, ,0.00, ,0, ,17.4, ,64.0, ,85, ,59.5, ,2.2, ,312, ,74.6, 
248,Holt,San Joaquin Valley,7/15/2024,0100,197,0.00, ,0.00, ,0, ,18.0, ,62.5, ,93, ,60.5, ,3.5, ,1, ,74.0, 
248,Holt,San Joaquin Valley,7/15/2024,0200,197,0.00, ,0.00, ,0, ,18.0, ,62.4, ,93, ,60.5, ,2.4, ,334, ,73.5, 
248,Holt,San Joaquin Valley,7/15/2024,0300,197,0.00, ,0.00, ,0, ,17.8, ,60.9, ,97, ,60.2, ,2.2, ,349, ,73.0, 
248,Holt,San Joaquin Valley,7/15/2024,0400,197,0.00, ,0.00, ,0, ,17.4, ,60.0, ,98, ,59.6, ,3.4, ,20, ,72.6, 
248,Holt,San Joaquin Valley,7/15/2024,0500,197,0.00, ,0.00, ,2, ,16.7, ,58.7, ,99, ,58.5, ,3.3, ,353, ,72.2, 
248,Holt,San Joaquin Valley,7/15/2024,0600,197,0.00, ,0.00, ,69, ,16.8, ,58.7, ,99, ,58.6, ,2.7, ,350, ,71.8, 
248,Holt,San Joaquin Valley,7/15/2024,0700,197,0.01, ,0.00, ,473, ,18.2, ,65.0, ,86, ,60.7, ,4.0, ,333, ,71.5, 
248,Holt,San Joaquin Valley,7/15/2024,0800,197,0.01, ,0.00, ,873, ,17.2, ,68.2, ,73, ,59.2, ,4.7, ,324, ,71.3, 
248,Holt,San Joaquin Valley,7/15/2024,0900,197,0.02, ,0.00, ,1253, ,16.8, ,71.5, ,64, ,58.6, ,4.0, ,315, ,71.5, 
248,Holt,San Joaquin Valley,7/15/2024,1000,197,0.02, ,0.00, ,1560, ,17.8, ,74.7, ,61, ,60.2, ,5.5, ,324, ,71.8, 
248,Holt,San Joaquin Valley,7/15/2024,1100,197,0.03, ,0.00, ,1768, ,18.4, ,76.0, ,60, ,61.1, ,6.5, ,327, ,72.3, 
248,Holt,San Joaquin Valley,7/15/2024,1200,197,0.03, ,0.00, ,1885, ,18.5, ,78.3, ,56, ,61.3, ,7.3, ,322, ,73.1, 
248,Holt,San Joaquin Valley,7/15/2024,1300,197,0.03, ,0.00, ,1906, ,18.5, ,80.5, ,52, ,61.3, ,8.4, ,314, ,74.1, 
248,Holt,San Joaquin Valley,7/15/2024,1400,197,0.03, ,0.00, ,1819, ,18.0, ,82.8, ,47, ,60.5, ,8.9, ,311, ,75.2, 
248,Holt,San Joaquin Valley,7/15/2024,1500,197,0.03, ,0.00, ,1632, ,17.7, ,84.4, ,44, ,60.1, ,9.5, ,314, ,75.8, 
248,Holt,San Joaquin Valley,7/15/2024,1600,197,0.02, ,0.00, ,1352, ,17.9, ,84.5, ,44, ,60.4, ,9.9, ,309, ,76.0, 
248,Holt,San Joaquin Valley,7/15/2024,1700,197,0.02, ,0.00, ,990, ,17.5, ,83.0, ,45, ,59.7, ,10.7, ,307, ,75.9, 
248,Holt,San Joaquin Valley,7/15/2024,1800,197,0.01, ,0.00, ,595, ,16.7, ,80.5, ,47, ,58.4, ,11.2, ,297, ,75.6, 
248,Holt,San Joaquin Valley,7/15/2024,1900,197,0.01, ,0.00, ,231, ,15.9, ,76.1, ,52, ,57.0, ,11.2, ,291, ,75.2, 
248,Holt,San Joaquin Valley,7/15/2024,2000,197,0.00, ,0.00, ,22, ,15.4, ,71.2, ,59, ,56.1, ,8.5, ,286, ,74.8, 
248,Holt,San Joaquin Valley,7/15/2024,2100,197,0.00, ,0.00, ,0, ,15.4, ,68.3, ,65, ,56.1, ,6.6, ,299, ,74.3, 
248,Holt,San Joaquin Valley,7/15/2024,2200,197,0.00, ,0.00, ,0, ,15.7, ,65.4, ,73, ,56.6, ,5.3, ,317, ,73.7, 
248,Holt,San Joaquin Valley,7/15/2024,2300,197,0.00, ,0.00, ,0, ,15.7, ,63.1, ,80, ,56.8, ,3.4, ,340, ,73.1, 
248,Holt,San Joaquin Valley,7/15/2024,2400,197,0.00, ,0.00, ,0, ,16.2, ,61.2, ,88, ,57.6, ,2.9, ,326, ,72.6, 
248,Holt,San Joaquin Valley,7/16/2024,0100,198,0.00, ,0.00, ,0, ,16.3, ,61.2, ,89, ,57.8, ,3.7, ,317, ,72.2, 
248,Holt,San Joaquin Valley,7/16/2024,0200,198,0.00, ,0.00, ,0, ,16.3, ,60.4, ,91, ,57.7, ,3.5, ,317, ,71.7, 
248,Holt,San Joaquin Valley,7/16/2024,0300,198,0.00, ,0.00, ,0, ,16.2, ,59.6, ,93, ,57.6, ,4.0, ,314, ,71.3, 
248,Holt,San Joaquin Valley,7/16/2024,0400,198,0.00, ,0.00, ,0, ,15.8, ,58.2, ,95, ,56.9, ,2.3, ,290, ,70.9, 
248,Holt,San Joaquin Valley,7/16/2024,0500,198,0.00, ,0.00, ,2, ,15.7, ,57.1, ,99, ,56.7, ,1.5, ,251, ,70.5, 
248,Holt,San Joaquin Valley,7/16/2024,0600,198,0.00, ,0.00, ,137, ,16.6, ,58.4, ,99, ,58.2, ,2.2, ,263, ,70.0, 
248,Holt,San Joaquin Valley,7/16/2024,0700,198,0.01, ,0.00, ,478, ,17.3, ,63.2, ,87, ,59.4, ,3.9, ,296, ,69.8, 
248,Holt,San Joaquin Valley,7/16/2024,0800,198,0.01, ,0.00, ,892, ,15.7, ,67.2, ,69, ,56.8, ,4.6, ,306, ,69.9, 
248,Holt,San Joaquin Valley,7/16/2024,0900,198,0.02, ,0.00, ,1283, ,16.4, ,71.0, ,63, ,57.9, ,4.6, ,327, ,70.1, 
248,Holt,San Joaquin Valley,7/16/2024,1000,198,0.02, ,0.00, ,1592, ,16.9, ,73.0, ,61, ,58.7, ,5.6, ,321, ,70.5, 
248,Holt,San Joaquin Valley,7/16/2024,1100,198,0.03, ,0.00, ,1809, ,17.4, ,76.2, ,56, ,59.6, ,5.5, ,326, ,71.0, 
248,Holt,San Joaquin Valley,7/16/2024,1200,198,0.03, ,0.01,R,1939, ,17.9, ,78.7, ,53, ,60.4, ,7.3, ,332, ,72.0, 
248,Holt,San Joaquin Valley,7/16/2024,1300,198,0.03, ,0.00, ,1958, ,18.0, ,80.9, ,50, ,60.5, ,8.0, ,337, ,73.8, 
248,Holt,San Joaquin Valley,7/16/2024,1400,198,0.03, ,0.00, ,1867, ,17.9, ,83.9, ,45, ,60.3, ,8.8, ,324, ,75.8, 
248,Holt,San Joaquin Valley,7/16/2024,1500,198,0.03, ,0.00, ,1685, ,16.7, ,84.4, ,41, ,58.3, ,10.2, ,315, ,77.4, 
248,Holt,San Joaquin Valley,7/16/2024,1600,198,0.02, ,0.00, ,1408, ,15.9, ,83.5, ,41, ,57.0, ,10.7, ,314, ,78.2, 
248,Holt,San Joaquin Valley,7/16/2024,1700,198,0.02, ,0.00, ,1045, ,15.3, ,81.0, ,42, ,56.0, ,11.4, ,318, ,78.3, 
248,Holt,San Joaquin Valley,7/16/2024,1800,198,0.01, ,0.00, ,631, ,14.7, ,77.9, ,45, ,54.8, ,11.2, ,311, ,77.6, 
248,Holt,San Joaquin Valley,7/16/2024,1900,198,0.01,Y,0.00, ,240, ,13.9, ,73.5,Y,49,Y,53.4,Y,10.5, ,303, ,76.7, 
248,Holt,San Joaquin Valley,7/16/2024,2000,198,0.00, ,0.00, ,21, ,13.9, ,68.3, ,59, ,53.4, ,7.0, ,303, ,75.7, 
248,Holt,San Joaquin Valley,7/16/2024,2100,198,0.00, ,0.00, ,0, ,13.7, ,64.2, ,67, ,52.9, ,6.4, ,301, ,74.5, 
248,Holt,San Joaquin Valley,7/16/2024,2200,198,0.00, ,0.00, ,0, ,13.3, ,61.6, ,71, ,52.2, ,6.3, ,291, ,73.3, 
248,Holt,San Joaquin Valley,7/16/2024,2300,198,0.00, ,0.00, ,0, ,13.8, ,59.7, ,79, ,53.2, ,4.8, ,289, ,72.3, 
248,Holt,San Joaquin Valley,7/16/2024,2400,198,0.00, ,0.00, ,0, ,13.7, ,57.0, ,86, ,52.9, ,3.1, ,280, ,71.4, 
248,Holt,San Joaquin Valley,7/17/2024,0100,199,0.00,Y,0.00, ,0, ,14.0, ,55.1,Y,95,Y,53.6,Y,1.8, ,295, ,70.5, 
248,Holt,San Joaquin Valley,7/17/2024,0200,199,0.00,Y,0.00, ,0, ,14.0, ,53.6,Y,99,Y,53.5,Y,1.6, ,283, ,69.5, 
248,Holt,San Joaquin Valley,7/17/2024,0300,199,0.00,Y,0.00, ,0, ,13.2, ,52.1,Y,99,Y,51.9,Y,1.7, ,321, ,68.6, 
248,Holt,San Joaquin Valley,7/17/2024,0400,199,0.00,Y,0.00, ,0, ,13.0, ,51.7,Y,99,Y,51.5,Y,2.0, ,61, ,67.8, 
248,Holt,San Joaquin Valley,7/17/2024,0500,199,0.00,Y,0.00, ,2, ,13.0, ,51.7,Y,99,Y,51.6,Y,1.7, ,28, ,67.1, 
248,Holt,San Joaquin Valley,7/17/2024,0600,199,0.00, ,0.00, ,172, ,14.4, ,54.4, ,100, ,54.3, ,1.1, ,358, ,66.5, 
248,Holt,San Joaquin Valley,7/17/2024,0700,199,0.01, ,0.00, ,550, ,17.6, ,61.0, ,96, ,59.9, ,4.4, ,349, ,66.4, 
248,Holt,San Joaquin Valley,7/17/2024,0800,199,0.01, ,0.00, ,955, ,17.0, ,65.2, ,80, ,58.9, ,6.1, ,312, ,67.0, 
248,Holt,San Joaquin Valley,7/17/2024,0900,199,0.02, ,0.00, ,1335, ,16.2, ,69.0, ,67, ,57.6, ,7.3, ,317, ,68.1, 
248,Holt,San Joaquin Valley,7/17/2024,1000,199,0.02, ,0.00, ,1640, ,16.7, ,71.8, ,63, ,58.3, ,8.0, ,311, ,68.8, 
248,Holt,San Joaquin Valley,7/17/2024,1100,199,0.03, ,0.00, ,1850, ,15.9, ,75.2, ,53, ,57.0, ,8.1, ,305, ,69.6, 
248,Holt,San Joaquin Valley,7/17/2024,1200,199,0.03, ,0.00, ,1964, ,15.6, ,78.8, ,46, ,56.4, ,7.2, ,325, ,71.6, 
248,Holt,San Joaquin Valley,7/17/2024,1300,199,0.03, ,0.00, ,1984, ,16.4, ,81.9, ,44, ,58.0, ,7.8, ,323, ,74.0, 
248,Holt,San Joaquin Valley,7/17/2024,1400,199,0.03, ,0.00, ,1896, ,15.1, ,84.3, ,38, ,55.6, ,8.7, ,310, ,76.1, 
248,Holt,San Joaquin Valley,7/17/2024,1500,199,0.03, ,0.00, ,1702, ,15.1, ,86.1, ,36, ,55.7, ,9.2, ,319, ,77.4, 
248,Holt,San Joaquin Valley,7/17/2024,1600,199,0.03, ,0.00, ,1425, ,14.0, ,87.5, ,31, ,53.6, ,9.1, ,319, ,78.2, 
248,Holt,San Joaquin Valley,7/17/2024,1700,199,0.02, ,0.00, ,1059, ,16.6, ,87.8, ,37, ,58.2, ,8.5, ,320, ,78.4, 
248,Holt,San Joaquin Valley,7/17/2024,1800,199,0.01, ,0.00, ,643, ,16.6, ,86.3, ,39, ,58.2, ,7.2, ,328, ,78.1, 
248,Holt,San Joaquin Valley,7/17/2024,1900,199,0.00, ,0.00, ,244, ,17.2, ,83.4, ,44, ,59.3, ,4.6, ,329, ,77.6, 
248,Holt,San Joaquin Valley,7/17/2024,2000,199,0.00, ,0.00, ,21, ,16.9, ,76.4, ,54, ,58.8, ,2.8, ,309, ,76.8, 
248,Holt,San Joaquin Valley,7/17/2024,2100,199,0.00, ,0.00, ,1, ,17.5, ,70.7, ,68, ,59.7, ,1.9, ,295, ,75.7, 
248,Holt,San Joaquin Valley,7/17/2024,2200,199,0.00, ,0.00, ,0, ,16.7, ,67.9, ,72, ,58.4, ,4.0, ,265, ,74.5, 
248,Holt,San Joaquin Valley,7/17/2024,2300,199,0.00, ,0.00, ,0, ,14.8, ,66.5, ,67, ,55.1, ,2.8, ,294, ,73.4, 
248,Holt,San Joaquin Valley,7/17/2024,2400,199,0.00, ,0.00, ,0, ,18.3, ,64.0, ,90, ,61.0, ,3.9, ,38, ,72.4, 
248,Holt,San Joaquin Valley,7/18/2024,0100,200,0.00, ,0.00, ,0, ,18.2, ,62.9, ,93, ,60.8, ,3.9, ,2, ,71.8, 
248,Holt,San Joaquin Valley,7/18/2024,0200,200,0.00, ,0.00, ,0, ,17.7, ,62.0, ,93, ,60.0, ,2.8, ,288, ,71.3, 
248,Holt,San Joaquin Valley,7/18/2024,0300,200,0.00, ,0.00, ,0, ,17.3, ,60.4, ,96, ,59.3, ,2.5, ,283, ,70.5, 
248,Holt,San Joaquin Valley,7/18/2024,0400,200,0.00, ,0.00, ,0, ,17.3, ,59.5, ,99, ,59.4, ,2.7, ,352, ,69.9, 
248,Holt,San Joaquin Valley,7/18/2024,0500,200,0.00, ,0.00, ,1, ,17.1, ,59.5, ,98, ,59.1, ,4.2, ,345, ,69.5, 
248,Holt,San Joaquin Valley,7/18/2024,0600,200,0.00, ,0.00, ,124, ,17.6, ,61.3, ,95, ,59.9, ,3.7, ,350, ,69.2, 
248,Holt,San Joaquin Valley,7/18/2024,0700,200,0.01, ,0.00, ,520, ,18.1, ,67.4, ,79, ,60.6, ,4.5, ,349, ,69.2, 
248,Holt,San Joaquin Valley,7/18/2024,0800,200,0.01, ,0.00, ,911, ,18.0, ,71.6, ,68, ,60.6, ,6.0, ,307, ,69.7, 
248,Holt,San Joaquin Valley,7/18/2024,0900,200,0.02, ,0.00, ,1286, ,17.3, ,76.7, ,55, ,59.3, ,8.6, ,302, ,70.5, 
248,Holt,San Joaquin Valley,7/18/2024,1000,200,0.02, ,0.00, ,1589, ,17.6, ,81.3, ,48, ,59.9, ,8.0, ,316, ,71.1, 
248,Holt,San Joaquin Valley,7/18/2024,1100,200,0.03, ,0.00, ,1803, ,18.8, ,84.5, ,46, ,61.7, ,6.4, ,327, ,71.9, 
248,Holt,San Joaquin Valley,7/18/2024,1200,200,0.03, ,0.00, ,1920, ,18.8, ,88.3, ,41, ,61.8, ,5.9, ,322, ,74.1, 
248,Holt,San Joaquin Valley,7/18/2024,1300,200,0.03, ,0.00, ,1937, ,18.5, ,91.3, ,37, ,61.2, ,6.9, ,331, ,76.6, 
248,Holt,San Joaquin Valley,7/18/2024,1400,200,0.03, ,0.00, ,1846, ,18.6, ,93.8, ,34, ,61.5, ,7.1, ,334, ,78.8, 
248,Holt,San Joaquin Valley,7/18/2024,1500,200,0.03, ,0.00, ,1662, ,17.5, ,95.5, ,31, ,59.7, ,8.0, ,326, ,80.4, 
248,Holt,San Joaquin Valley,7/18/2024,1600,200,0.03, ,0.00, ,1391, ,16.3, ,96.2, ,28, ,57.7, ,9.6, ,309, ,81.2, 
248,Holt,San Joaquin Valley,7/18/2024,1700,200,0.02, ,0.00, ,1034, ,17.0, ,95.0, ,30, ,58.8, ,10.1, ,311, ,81.2, 
248,Holt,San Joaquin Valley,7/18/2024,1800,200,0.01, ,0.00, ,622, ,17.8, ,92.8, ,34, ,60.2, ,8.6, ,307, ,80.7, 
248,Holt,San Joaquin Valley,7/18/2024,1900,200,0.01, ,0.00, ,237, ,17.1, ,88.0, ,38, ,59.1, ,5.8, ,281, ,80.0, 
248,Holt,San Joaquin Valley,7/18/2024,2000,200,0.00, ,0.00, ,20, ,17.2, ,81.8, ,46, ,59.2, ,2.3, ,253, ,79.1, 
248,Holt,San Joaquin Valley,7/18/2024,2100,200,0.00, ,0.00, ,0, ,15.3, ,75.9, ,50, ,55.9, ,2.1, ,239, ,78.0, 
248,Holt,San Joaquin Valley,7/18/2024,2200,200,0.00, ,0.00, ,0, ,14.0, ,74.4, ,48, ,53.5, ,2.8, ,250, ,76.8, 
248,Holt,San Joaquin Valley,7/18/2024,2300,200,0.00, ,0.00, ,1, ,16.3, ,70.0, ,65, ,57.8, ,1.8, ,247, ,75.8, 
248,Holt,San Joaquin Valley,7/18/2024,2400,200,0.00, ,0.00, ,0, ,17.6, ,67.1, ,78, ,59.9, ,2.0, ,4, ,74.8, 
248,Holt,San Joaquin Valley,7/19/2024,0100,201,0.00, ,0.00, ,0, ,18.0, ,66.5, ,81, ,60.6, ,1.9, ,357, ,74.0, 
248,Holt,San Joaquin Valley,7/19/2024,0200,201,0.00, ,0.00, ,0, ,16.4, ,66.9, ,73, ,57.9, ,2.2, ,326, ,73.2, 
248,Holt,San Joaquin Valley,7/19/2024,0300,201,0.00, ,0.00, ,0, ,16.9, ,64.3, ,82, ,58.8, ,2.4, ,332, ,72.5, 
248,Holt,San Joaquin Valley,7/19/2024,0400,201,0.00, ,0.00, ,0, ,16.5, ,63.7, ,82, ,58.1, ,2.6, ,316, ,71.9, 
248,Holt,San Joaquin Valley,7/19/2024,0500,201,0.00, ,0.00, ,1, ,16.6, ,62.9, ,85, ,58.2, ,3.2, ,333, ,71.3, 
248,Holt,San Joaquin Valley,7/19/2024,0600,201,0.00, ,0.00, ,110, ,17.6, ,64.7, ,84, ,59.9, ,3.4, ,328, ,71.0, 
248,Holt,San Joaquin Valley,7/19/2024,0700,201,0.01, ,0.00, ,487, ,17.4, ,70.8, ,68, ,59.6, ,4.3, ,342, ,70.9, 
248,Holt,San Joaquin Valley,7/19/2024,0800,201,0.01, ,0.00, ,907, ,16.1, ,74.4, ,55, ,57.4, ,4.5, ,295, ,71.3, 
248,Holt,San Joaquin Valley,7/19/2024,0900,201,0.02, ,0.00, ,1284, ,17.0, ,79.5, ,49, ,58.9, ,6.5, ,286, ,72.1, 
248,Holt,San Joaquin Valley,7/19/2024,1000,201,0.03, ,0.00, ,1589, ,16.8, ,85.0, ,41, ,58.6, ,7.3, ,304, ,72.7, 
248,Holt,San Joaquin Valley,7/19/2024,1100,201,0.03, ,0.00, ,1801, ,17.1, ,89.3, ,36, ,59.0, ,6.7, ,310, ,73.5, 
248,Holt,San Joaquin Valley,7/19/2024,1200,201,0.03, ,0.00, ,1912, ,16.4, ,92.1, ,32, ,57.9, ,7.0, ,286, ,75.6, 
248,Holt,San Joaquin Valley,7/19/2024,1300,201,0.03, ,0.00, ,1923, ,16.8, ,94.3, ,30, ,58.5, ,6.9, ,265, ,77.8, 
248,Holt,San Joaquin Valley,7/19/2024,1400,201,0.03, ,0.00, ,1836, ,15.3, ,96.7, ,26, ,55.9, ,8.1, ,300, ,79.8, 
248,Holt,San Joaquin Valley,7/19/2024,1500,201,0.03, ,0.00, ,1654, ,13.8, ,99.5, ,21, ,53.2, ,9.1, ,334, ,81.1, 
248,Holt,San Joaquin Valley,7/19/2024,1600,201,0.03, ,0.00, ,1374, ,14.2, ,100.4, ,21, ,53.9, ,9.7, ,328, ,81.8, 
248,Holt,San Joaquin Valley,7/19/2024,1700,201,0.02, ,0.00, ,1016, ,16.4, ,99.6, ,25, ,57.9, ,8.6, ,319, ,81.9, 
248,Holt,San Joaquin Valley,7/19/2024,1800,201,0.01, ,0.00, ,608, ,17.5, ,96.5, ,30, ,59.7, ,6.5, ,327, ,81.6, 
248,Holt,San Joaquin Valley,7/19/2024,1900,201,0.01, ,0.00, ,221, ,17.2, ,91.3, ,34, ,59.3, ,4.8, ,328, ,81.0, 
248,Holt,San Joaquin Valley,7/19/2024,2000,201,0.00, ,0.00, ,18, ,16.6, ,84.6, ,41, ,58.2, ,3.9, ,340, ,80.3, 
248,Holt,San Joaquin Valley,7/19/2024,2100,201,0.00,Y,0.00, ,0, ,15.4, ,80.7,Y,43,Y,56.1,Y,4.5, ,253, ,79.3, 
248,Holt,San Joaquin Valley,7/19/2024,2200,201,0.00,Y,0.00, ,0, ,13.9, ,78.7,Y,42,Y,53.4,Y,4.7, ,240, ,78.3, 
248,Holt,San Joaquin Valley,7/19/2024,2300,201,0.00,Y,0.00, ,0, ,13.8, ,75.7,Y,46,Y,53.2,Y,2.3, ,278, ,77.3, 
248,Holt,San Joaquin Valley,7/19/2024,2400,201,0.00, ,0.00, ,1, ,15.3, ,72.5, ,56, ,55.9, ,1.5, ,311, ,76.3, 
248,Holt,San Joaquin Valley,7/20/2024,0100,202,0.00, ,0.00, ,0, ,16.9, ,70.4, ,67, ,58.7, ,1.7, ,84, ,75.4, 
248,Holt,San Joaquin Valley,7/20/2024,0200,202,0.00,Y,0.00, ,0, ,17.8, ,69.2,Y,73,Y,60.2,Y,1.8, ,27, ,74.7, 
248,Holt,San Joaquin Valley,7/20/2024,0300,202,0.00, ,0.00, ,0, ,17.7, ,67.6, ,77, ,60.1, ,2.8, ,65, ,74.1, 
248,Holt,San Joaquin Valley,7/20/2024,0400,202,0.00,Y,0.00, ,0, ,18.0, ,67.4,Y,79,Y,60.5,Y,2.0, ,358, ,73.6, 
248,Holt,San Joaquin Valley,7/20/2024,0500,202,0.00,Y,0.00, ,2, ,17.3, ,67.3,Y,76,Y,59.5,Y,1.8, ,284, ,73.1, 
248,Holt,San Joaquin Valley,7/20/2024,0600,202,0.00, ,0.00, ,77, ,18.2, ,65.7, ,84, ,60.9, ,3.0, ,14, ,72.6, 
248,Holt,San Joaquin Valley,7/20/2024,0700,202,0.01, ,0.00, ,435, ,19.2, ,72.1, ,71, ,62.3, ,3.5, ,345, ,72.5, 
248,Holt,San Joaquin Valley,7/20/2024,0800,202,0.01, ,0.00, ,863, ,17.7, ,78.4, ,53, ,60.1, ,3.5, ,304, ,72.9, 
248,Holt,San Joaquin Valley,7/20/2024,0900,202,0.02, ,0.00, ,1241, ,18.8, ,83.2, ,48, ,61.8, ,3.6, ,344, ,73.6, 
248,Holt,San Joaquin Valley,7/20/2024,1000,202,0.02, ,0.00, ,1539, ,18.4, ,86.9, ,42, ,61.2, ,4.7, ,354, ,74.2, 
248,Holt,San Joaquin Valley,7/20/2024,1100,202,0.03, ,0.00, ,1749, ,19.3, ,90.9, ,39, ,62.5, ,4.8, ,343, ,75.1, 
248,Holt,San Joaquin Valley,7/20/2024,1200,202,0.03, ,0.00, ,1869, ,19.2, ,93.1, ,36, ,62.4, ,6.1, ,330, ,77.2, 
248,Holt,San Joaquin Valley,7/20/2024,1300,202,0.03, ,0.00, ,1879, ,18.9, ,94.7, ,34, ,61.8, ,7.6, ,315, ,79.6, 
248,Holt,San Joaquin Valley,7/20/2024,1400,202,0.03, ,0.00, ,1794, ,20.1, ,96.8, ,34, ,63.6, ,7.8, ,328, ,81.5, 
248,Holt,San Joaquin Valley,7/20/2024,1500,202,0.03, ,0.00, ,1618, ,20.0, ,97.3, ,33, ,63.5, ,8.8, ,313, ,82.9, 
248,Holt,San Joaquin Valley,7/20/2024,1600,202,0.03, ,0.00, ,1339, ,19.6, ,96.7, ,33, ,62.9, ,9.9, ,293, ,83.5, 
248,Holt,San Joaquin Valley,7/20/2024,1700,202,0.02, ,0.00, ,980, ,18.8, ,94.9, ,34, ,61.8, ,8.4, ,284, ,83.5, 
248,Holt,San Joaquin Valley,7/20/2024,1800,202,0.01, ,0.00, ,574, ,15.8, ,91.0, ,32, ,56.9, ,8.8, ,238, ,82.9, 
248,Holt,San Joaquin Valley,7/20/2024,1900,202,0.01, ,0.00, ,203, ,15.9, ,85.2, ,39, ,57.1, ,8.9, ,234, ,81.9, 
248,Holt,San Joaquin Valley,7/20/2024,2000,202,0.01, ,0.00, ,14, ,15.1, ,80.3, ,43, ,55.6, ,11.0, ,235, ,80.5, 
248,Holt,San Joaquin Valley,7/20/2024,2100,202,0.00, ,0.00, ,0, ,15.5, ,77.6, ,48, ,56.3, ,9.4, ,240, ,79.1, 
248,Holt,San Joaquin Valley,7/20/2024,2200,202,0.00, ,0.00, ,0, ,15.2, ,75.2, ,51, ,55.8, ,6.5, ,272, ,77.9, 
248,Holt,San Joaquin Valley,7/20/2024,2300,202,0.00, ,0.00, ,1, ,14.7, ,73.5, ,52, ,54.8, ,7.1, ,253, ,77.1, 
248,Holt,San Joaquin Valley,7/20/2024,2400,202,0.00, ,0.00, ,1, ,14.2, ,71.5, ,54, ,53.9, ,7.2, ,243, ,76.2, 
248,Holt,San Joaquin Valley,7/21/2024,0100,203,0.00, ,0.00, ,0, ,14.2, ,69.7, ,57, ,53.8, ,9.2, ,266, ,75.4, 
248,Holt,San Joaquin Valley,7/21/2024,0200,203,0.00, ,0.00, ,0, ,14.6, ,68.0, ,62, ,54.7, ,9.5, ,243, ,74.6, 
248,Holt,San Joaquin Valley,7/21/2024,0300,203,0.00, ,0.00, ,0, ,14.6, ,66.8, ,65, ,54.7, ,8.2, ,241, ,73.8, 
248,Holt,San Joaquin Valley,7/21/2024,0400,203,0.00, ,0.00, ,0, ,14.9, ,65.4, ,70, ,55.2, ,7.4, ,241, ,73.2, 
248,Holt,San Joaquin Valley,7/21/2024,0500,203,0.00, ,0.00, ,1, ,15.0, ,64.5, ,72, ,55.4, ,6.8, ,242, ,72.7, 
248,Holt,San Joaquin Valley,7/21/2024,0600,203,0.00, ,0.00, ,119, ,15.7, ,64.1, ,77, ,56.7, ,7.4, ,246, ,72.2, 
248,Holt,San Joaquin Valley,7/21/2024,0700,203,0.01, ,0.00, ,462, ,16.0, ,66.7, ,72, ,57.3, ,8.0, ,244, ,71.9, 
248,Holt,San Joaquin Valley,7/21/2024,0800,203,0.01, ,0.00, ,872, ,15.4, ,69.5, ,63, ,56.2, ,10.4, ,243, ,71.9, 
248,Holt,San Joaquin Valley,7/21/2024,0900,203,0.02, ,0.00, ,1255, ,15.5, ,73.5, ,55, ,56.3, ,8.8, ,251, ,72.1, 
248,Holt,San Joaquin Valley,7/21/2024,1000,203,0.02, ,0.00, ,1563, ,15.7, ,76.9, ,50, ,56.7, ,7.1, ,247, ,72.6, 
248,Holt,San Joaquin Valley,7/21/2024,1100,203,0.03, ,0.00, ,1782, ,16.5, ,80.4, ,47, ,58.1, ,7.5, ,246, ,73.5, 
248,Holt,San Joaquin Valley,7/21/2024,1200,203,0.03, ,0.00, ,1892, ,18.3, ,84.6, ,45, ,60.9, ,4.9, ,342, ,75.6, 
248,Holt,San Joaquin Valley,7/21/2024,1300,203,0.03, ,0.00, ,1904, ,19.7, ,87.4, ,45, ,63.1, ,5.5, ,337, ,78.2, 
248,Holt,San Joaquin Valley,7/21/2024,1400,203,0.03, ,0.00, ,1813, ,19.8, ,89.2, ,42, ,63.2, ,5.6, ,333, ,80.4, 
248,Holt,San Joaquin Valley,7/21/2024,1500,203,0.03, ,0.00, ,1625, ,20.0, ,91.3, ,40, ,63.5, ,5.6, ,321, ,82.0, 
248,Holt,San Joaquin Valley,7/21/2024,1600,203,0.02, ,0.00, ,1350, ,19.7, ,92.0, ,38, ,63.0, ,7.3, ,336, ,83.1, 
248,Holt,San Joaquin Valley,7/21/2024,1700,203,0.02, ,0.00, ,996, ,19.1, ,91.1, ,38, ,62.1, ,6.6, ,325, ,83.3, 
248,Holt,San Joaquin Valley,7/21/2024,1800,203,0.01, ,0.00, ,588, ,19.3, ,89.2, ,41, ,62.5, ,6.8, ,332, ,82.9, 
248,Holt,San Joaquin Valley,7/21/2024,1900,203,0.00, ,0.00, ,211, ,19.4, ,85.2, ,47, ,62.7, ,4.8, ,333, ,82.2, 
248,Holt,San Joaquin Valley,7/21/2024,2000,203,0.00, ,0.00, ,15, ,19.7, ,78.2, ,60, ,63.1, ,2.8, ,326, ,81.2, 
248,Holt,San Joaquin Valley,7/21/2024,2100,203,0.00, ,0.00, ,1, ,21.4, ,72.7, ,78, ,65.4, ,1.4, ,326, ,79.9, 
248,Holt,San Joaquin Valley,7/21/2024,2200,203,0.00, ,0.00, ,0, ,21.4, ,69.8, ,86, ,65.5, ,1.3, ,318, ,78.5, 
248,Holt,San Joaquin Valley,7/21/2024,2300,203,0.00, ,0.00, ,0, ,19.7, ,68.7, ,82, ,63.1, ,1.8, ,317, ,77.3, 
248,Holt,San Joaquin Valley,7/21/2024,2400,203,0.00, ,0.00, ,0, ,19.4, ,66.8, ,86, ,62.6, ,2.0, ,310, ,76.2, 
248,Holt,San Joaquin Valley,7/22/2024,0100,204,0.00, ,0.00, ,0, ,19.0, ,64.9, ,90, ,62.0, ,2.4, ,312, ,75.3, 
248,Holt,San Joaquin Valley,7/22/2024,0200,204,0.00, ,0.00, ,0, ,18.8, ,63.1, ,95, ,61.7, ,2.8, ,11, ,74.5, 
248,Holt,San Joaquin Valley,7/22/2024,0300,204,0.00, ,0.00, ,0, ,19.1, ,63.2, ,96, ,62.2, ,1.9, ,345, ,73.9, 
248,Holt,San Joaquin Valley,7/22/2024,0400,204,0.00,R,0.00, ,0, ,19.1, ,62.6, ,99, ,62.2, ,1.0,I,344, ,73.3, 
248,Holt,San Joaquin Valley,7/22/2024,0500,204,0.00, ,0.00, ,1, ,18.5, ,61.4, ,100, ,61.3, ,1.2, ,343, ,72.7, 
248,Holt,San Joaquin Valley,7/22/2024,0600,204,0.00, ,0.00, ,130, ,19.6, ,63.3, ,99, ,62.9, ,2.0, ,333, ,72.2, 
248,Holt,San Joaquin Valley,7/22/2024,0700,204,0.01, ,0.00, ,453, ,21.1, ,69.9, ,85, ,65.0, ,3.6, ,357, ,72.1, 
248,Holt,San Joaquin Valley,7/22/2024,0800,204,0.01, ,0.00, ,858, ,20.6, ,75.2, ,69, ,64.4, ,4.0, ,332, ,72.7, 
248,Holt,San Joaquin Valley,7/22/2024,0900,204,0.02, ,0.00, ,1239, ,20.7, ,79.3, ,61, ,64.5, ,4.2, ,5, ,73.6, 
248,Holt,San Joaquin Valley,7/22/2024,1000,204,0.02, ,0.00, ,1546, ,21.1, ,82.2, ,56, ,65.1, ,4.9, ,331, ,74.3, 
248,Holt,San Joaquin Valley,7/22/2024,1100,204,0.03, ,0.00, ,1759, ,20.9, ,85.6, ,50, ,64.7, ,5.9, ,64, ,75.4, 
248,Holt,San Joaquin Valley,7/22/2024,1200,204,0.03, ,0.00, ,1873, ,21.8, ,89.3, ,46, ,66.0, ,5.7, ,292, ,,S
248,Holt,San Joaquin Valley,7/22/2024,1300,204,0.03, ,0.00, ,1887, ,22.2, ,92.4, ,43, ,66.5, ,6.3, ,152, ,,S
248,Holt,San Joaquin Valley,7/22/2024,1400,204,0.03, ,0.00, ,1799, ,22.5, ,95.6, ,39, ,66.8, ,6.7, ,341, ,,S
248,Holt,San Joaquin Valley,7/22/2024,1500,204,0.03, ,0.00, ,1607, ,22.0, ,98.5, ,35, ,66.2, ,6.2, ,3, ,,S
248,Holt,San Joaquin Valley,7/22/2024,1600,204,0.02, ,0.00, ,1337, ,20.7, ,99.4, ,32, ,64.5, ,6.1, ,333, ,,S
248,Holt,San Joaquin Valley,7/22/2024,1700,204,0.02, ,0.00, ,992, ,21.0, ,99.4, ,33, ,64.9, ,7.5, ,331, ,,S
248,Holt,San Joaquin Valley,7/22/2024,1800,204,0.01, ,0.00, ,579, ,21.0, ,94.5, ,38, ,64.9, ,8.7, ,326, ,,S
248,Holt,San Joaquin Valley,7/22/2024,1900,204,0.01, ,0.00, ,203, ,20.7, ,89.1, ,44, ,64.5, ,7.0, ,309, ,,S
248,Holt,San Joaquin Valley,7/22/2024,2000,204,0.00, ,0.00, ,13, ,20.0, ,83.4, ,51, ,63.5, ,4.0, ,292, ,,S
248,Holt,San Joaquin Valley,7/22/2024,2100,204,0.00, ,0.00, ,0, ,19.3, ,79.3, ,57, ,62.5, ,2.9, ,316, ,,S
248,Holt,San Joaquin Valley,7/22/2024,2200,204,0.00,Y,0.00, ,0, ,18.7, ,77.6,Y,58,Y,61.6,Y,3.3, ,296, ,,S
248,Holt,San Joaquin Valley,7/22/2024,2300,204,0.00, ,0.00, ,0, ,19.2, ,74.7, ,65, ,62.3, ,2.0, ,288, ,,S
248,Holt,San Joaquin Valley,7/22/2024,2400,204,0.00,Y,0.00, ,1, ,20.3, ,72.9,Y,73,Y,63.9,Y,1.4, ,293, ,,S
248,Holt,San Joaquin Valley,7/23/2024,0100,205,0.00,Y,0.00, ,0, ,18.8, ,71.9,Y,70,Y,61.7,Y,2.6, ,23, ,,S
248,Holt,San Joaquin Valley,7/23/2024,0200,205,0.00,Y,0.00, ,0, ,18.8, ,71.7,Y,71,Y,61.7,Y,1.6, ,38, ,,S
248,Holt,San Joaquin Valley,7/23/2024,0300,205,0.00,Y,0.00, ,0, ,18.1, ,70.3,Y,72,Y,60.7,Y,1.6, ,24, ,,S
248,Holt,San Joaquin Valley,7/23/2024,0400,205,0.00,Y,0.00, ,0, ,20.5, ,69.3,Y,84,Y,64.2,Y,1.5, ,6, ,,S
248,Holt,San Joaquin Valley,7/23/2024,0500,205,0.00,Y,0.00, ,2, ,21.0, ,68.3,Y,89,Y,64.9,Y,1.1, ,8, ,,S
248,Holt,San Joaquin Valley,7/23/2024,0600,205,0.00,R,0.00, ,112, ,20.1, ,69.0,R,83,R,63.7,R,3.5, ,305, ,,S
248,Holt,San Joaquin Valley,7/23/2024,0700,205,0.01,Y,0.00, ,447, ,20.8, ,74.1,Y,72,Y,64.6,Y,4.2, ,281, ,,S
248,Holt,San Joaquin Valley,7/23/2024,0800,205,0.01,Y,0.00, ,849, ,21.3, ,79.4,Y,62,Y,65.4,Y,4.1, ,282, ,,S
248,Holt,San Joaquin Valley,7/23/2024,0900,205,0.02,R,0.00, ,1227, ,20.9, ,86.9,R,48,R,64.7,R,2.5, ,21, ,,S
248,Holt,San Joaquin Valley,7/23/2024,1000,205,0.02,R,0.00, ,1527, ,19.9, ,91.4,R,40,R,63.4,R,3.0, ,345, ,,S
248,Holt,San Joaquin Valley,7/23/2024,1100,205,0.03,Y,0.00, ,1737, ,20.0, ,94.2,Y,36,Y,63.5,Y,5.0, ,348, ,,S
248,Holt,San Joaquin Valley,7/23/2024,1200,205,0.03,Y,0.00, ,1848, ,19.3, ,96.6,Y,33,Y,62.5,Y,5.9, ,333, ,,S
248,Holt,San Joaquin Valley,7/23/2024,1300,205,0.03,Y,0.00, ,1859, ,18.5, ,99.0,Y,29,Y,61.3,Y,6.1, ,331, ,85.8,R
248,Holt,San Joaquin Valley,7/23/2024,1400,205,0.03,Y,0.00, ,1778, ,17.5, ,100.1,Y,27,Y,59.7,Y,7.5, ,308, ,87.3,R
248,Holt,San Joaquin Valley,7/23/2024,1500,205,0.03,Y,0.00, ,1515, ,16.7, ,100.5,Y,25,Y,58.3,Y,10.0, ,303, ,88.4,R
248,Holt,San Joaquin Valley,7/23/2024,1600,205,0.03, ,0.00, ,1313, ,16.5, ,100.1, ,25, ,58.1, ,10.2, ,299, ,88.9,R
248,Holt,San Joaquin Valley,7/23/2024,1700,205,0.02, ,0.00, ,958, ,15.6, ,99.3, ,24, ,56.5, ,9.9, ,301, ,88.9,R
248,Holt,San Joaquin Valley,7/23/2024,1800,205,0.01,Y,0.00, ,556, ,15.7, ,97.4,Y,26,Y,56.8,Y,8.4, ,307, ,88.4,R
248,Holt,San Joaquin Valley,7/23/2024,1900,205,0.01,Y,0.00, ,192, ,16.2, ,92.3,Y,31,Y,57.6,Y,8.6, ,297, ,87.7,R
248,Holt,San Joaquin Valley,7/23/2024,2000,205,0.01,Y,0.00, ,9, ,13.2, ,86.9,Y,30,Y,51.8,Y,7.9, ,294, ,86.9,R
248,Holt,San Joaquin Valley,7/23/2024,2100,205,0.00,A,0.00, ,0, ,7.7,Q,,S,,Q,,Q,9.4, ,284, ,85.7,R
248,Holt,San Joaquin Valley,7/23/2024,2200,205,0.00,R,0.00, ,0, ,8.6, ,82.2,R,23,R,40.6,R,4.9, ,293, ,84.4,R
248,Holt,San Joaquin Valley,7/23/2024,2300,205,0.00,R,0.00, ,0, ,12.0, ,78.1,R,36,R,49.3,R,3.7, ,316, ,83.4,R
248,Holt,San Joaquin Valley,7/23/2024,2400,205,0.00,R,0.00, ,0, ,12.3, ,76.6,R,39,R,50.0,R,3.6, ,309, ,82.6,R
248,Holt,San Joaquin Valley,7/24/2024,0100,206,0.00,R,0.00, ,0, ,13.7, ,74.4,R,47,R,52.9,R,2.7, ,272, ,82.0,R
248,Holt,San Joaquin Valley,7/24/2024,0200,206,0.00,R,0.00, ,1, ,15.0, ,72.4,R,55,R,55.5,R,1.6, ,9, ,81.4,R
248,Holt,San Joaquin Valley,7/24/2024,0300,206,0.00,R,0.00, ,0, ,13.4, ,72.6,R,49,R,52.4,R,1.9, ,321, ,80.9,R
248,Holt,San Joaquin Valley,7/24/2024,0400,206,0.00,A,0.00, ,0, ,14.0,Q,,S,,Q,,Q,3.2, ,348, ,80.4,R
248,Holt,San Joaquin Valley,7/24/2024,0500,206,0.00,A,0.00, ,2, ,16.2,Q,,S,,Q,,Q,1.3, ,171, ,80.0,R
248,Holt,San Joaquin Valley,7/24/2024,0600,206,0.00,A,0.00, ,96, ,18.3,Q,,S,,Q,,Q,1.3, ,80, ,79.6,R
248,Holt,San Joaquin Valley,7/24/2024,0700,206,0.01,R,0.00, ,400, ,18.7, ,74.5,R,64,R,61.7,R,3.3, ,284, ,79.3,R
248,Holt,San Joaquin Valley,7/24/2024,0800,206,0.01,Y,0.00, ,720, ,18.4, ,80.5,Y,52,Y,61.1,Y,4.0, ,5, ,79.3,R
248,Holt,San Joaquin Valley,7/24/2024,0900,206,0.02,Y,0.00, ,1067, ,18.5, ,84.8,Y,45,Y,61.3,Y,4.3, ,15, ,79.6,R
248,Holt,San Joaquin Valley,7/24/2024,1000,206,0.02,Y,0.00, ,1494, ,18.6, ,89.2,Y,40,Y,61.4,Y,4.0, ,16, ,80.0,R
248,Holt,San Joaquin Valley,7/24/2024,1100,206,0.03,Y,0.00, ,1699, ,20.6, ,91.5,Y,41,Y,64.4,Y,5.9, ,8, ,80.6,R
248,Holt,San Joaquin Valley,7/24/2024,1200,206,0.03,Y,0.00, ,1823, ,19.7, ,93.1,Y,37,Y,63.0,Y,6.6, ,325, ,81.9,R
248,Holt,San Joaquin Valley,7/24/2024,1300,206,0.03,Y,0.00, ,1838, ,20.4, ,96.9,Y,34,Y,64.1,Y,7.6, ,323, ,83.5,Y
248,Holt,San Joaquin Valley,7/24/2024,1400,206,0.03, ,0.00, ,1753, ,17.8, ,98.1, ,29, ,60.2, ,9.9, ,311, ,85.0,Y
248,Holt,San Joaquin Valley,7/24/2024,1500,206,0.03, ,0.00, ,1576, ,15.5, ,98.1, ,25, ,56.3, ,12.0, ,307, ,86.0,Y
248,Holt,San Joaquin Valley,7/24/2024,1600,206,0.03, ,0.00, ,1301, ,13.5, ,96.5, ,23, ,52.6, ,12.4, ,309, ,86.4,Y
248,Holt,San Joaquin Valley,7/24/2024,1700,206,0.02, ,0.00, ,942, ,12.5, ,94.9, ,22, ,50.6, ,10.6, ,313, ,86.2,Y
248,Holt,San Joaquin Valley,7/24/2024,1800,206,0.01, ,0.00, ,542, ,11.9, ,92.7, ,23, ,49.1, ,9.5, ,316, ,85.7,Y
248,Holt,San Joaquin Valley,7/24/2024,1900,206,0.01, ,0.00, ,189, ,11.5, ,88.4, ,25, ,48.3, ,8.3, ,312, ,85.0,Y
248,Holt,San Joaquin Valley,7/24/2024,2000,206,0.00, ,0.00, ,12, ,10.4, ,82.9, ,27, ,45.5, ,5.7, ,328, ,84.1,Y
248,Holt,San Joaquin Valley,7/24/2024,2100,206,0.00,Y,0.00, ,0, ,10.0, ,79.6,Y,29,Y,44.5,Y,5.0, ,324, ,83.2,Y
248,Holt,San Joaquin Valley,7/24/2024,2200,206,0.00,Y,0.00, ,0, ,11.1, ,77.3,Y,35,Y,47.3,Y,5.0, ,337, ,82.3,Y
248,Holt,San Joaquin Valley,7/24/2024,2300,206,0.00,Y,0.00, ,0, ,13.0, ,74.5,Y,44,Y,51.4,Y,3.4, ,38, ,81.6,Y
248,Holt,San Joaquin Valley,7/24/2024,2400,206,0.00,Y,0.00, ,1, ,13.3, ,74.5,Y,46,Y,52.1,Y,5.0, ,341, ,80.9,Y
248,Holt,San Joaquin Valley,7/25/2024,0100,207,0.00,Y,0.00, ,0, ,14.8, ,72.4,Y,54,Y,55.1,Y,4.3, ,335, ,80.3,Y
248,Holt,San Joaquin Valley,7/25/2024,0200,207,0.00,Y,0.00, ,0, ,15.4, ,70.5,Y,61,Y,56.2,Y,4.4, ,310, ,79.6,Y
248,Holt,San Joaquin Valley,7/25/2024,0300,207,0.00,Y,0.00, ,0, ,16.2, ,69.2,Y,66,Y,57.6,Y,4.4, ,323, ,79.1,Y
248,Holt,San Joaquin Valley,7/25/2024,0400,207,0.00,Y,0.00, ,0, ,16.9, ,67.7,Y,73,Y,58.7,Y,2.3, ,5, ,78.5,Y
248,Holt,San Joaquin Valley,7/25/2024,0500,207,0.00,Y,0.00, ,1, ,18.3, ,66.5,Y,82,Y,61.0,Y,2.3, ,341, ,78.0,Y
248,Holt,San Joaquin Valley,7/25/2024,0600,207,0.00,Y,0.00, ,97, ,19.2, ,66.6,Y,86,Y,62.3,Y,1.3, ,46, ,77.5,Y
248,Holt,San Joaquin Valley,7/25/2024,0700,207,0.01,Y,0.00, ,448, ,20.4, ,72.0,Y,76,Y,64.1,Y,2.9, ,322, ,77.1,Y
248,Holt,San Joaquin Valley,7/25/2024,0800,207,0.01,Y,0.00, ,858, ,20.0, ,77.7,Y,61,Y,63.4,Y,4.2, ,348, ,77.1,Y
248,Holt,San Joaquin Valley,7/25/2024,0900,207,0.02, ,0.00, ,1240, ,18.6, ,81.0, ,51, ,61.4, ,5.0, ,341, ,77.6,Y
248,Holt,San Joaquin Valley,7/25/2024,1000,207,0.02, ,0.00, ,1555, ,18.4, ,85.4, ,44, ,61.2, ,5.4, ,352, ,78.0,Y
248,Holt,San Joaquin Valley,7/25/2024,1100,207,0.03, ,0.00, ,1778, ,18.2, ,88.2, ,40, ,60.8, ,6.4, ,342, ,78.6,Y
248,Holt,San Joaquin Valley,7/25/2024,1200,207,0.03, ,0.00, ,1898, ,18.1, ,90.8, ,37, ,60.7, ,6.5, ,331, ,79.9,Y
248,Holt,San Joaquin Valley,7/25/2024,1300,207,0.03, ,0.00, ,1914, ,17.7, ,92.8, ,34, ,60.0, ,8.8, ,326, ,81.6,Y
248,Holt,San Joaquin Valley,7/25/2024,1400,207,0.03, ,0.00, ,1830, ,16.4, ,94.2, ,30, ,57.8, ,10.3, ,313, ,83.1,Y
248,Holt,San Joaquin Valley,7/25/2024,1500,207,0.03, ,0.00, ,1646, ,15.7, ,95.2, ,28, ,56.6, ,9.9, ,317, ,84.1,Y
248,Holt,San Joaquin Valley,7/25/2024,1600,207,0.03, ,0.00, ,1372, ,15.4, ,95.6, ,27, ,56.2, ,10.2, ,316, ,84.7,Y
248,Holt,San Joaquin Valley,7/25/2024,1700,207,0.02, ,0.00, ,1011, ,15.8, ,94.8, ,28, ,56.9, ,9.2, ,320, ,84.8,Y
248,Holt,San Joaquin Valley,7/25/2024,1800,207,0.01, ,0.00, ,594, ,16.9, ,93.0, ,32, ,58.7, ,7.2, ,315, ,84.4,Y
248,Holt,San Joaquin Valley,7/25/2024,1900,207,0.01, ,0.00, ,214, ,16.5, ,88.6, ,36, ,58.0, ,7.5, ,282, ,83.8,Y
248,Holt,San Joaquin Valley,7/25/2024,2000,207,0.00, ,0.00, ,13, ,15.5, ,82.1, ,41, ,56.3, ,6.4, ,278, ,82.7,Y
248,Holt,San Joaquin Valley,7/25/2024,2100,207,0.00, ,0.00, ,0, ,15.9, ,75.5, ,53, ,57.1, ,4.5, ,288, ,81.6, 
248,Holt,San Joaquin Valley,7/25/2024,2200,207,0.00, ,0.00, ,1, ,16.0, ,70.6, ,63, ,57.2, ,1.8, ,125, ,80.7, 
248,Holt,San Joaquin Valley,7/25/2024,2300,207,0.00, ,0.00, ,0, ,17.6, ,66.8, ,79, ,59.9, ,1.7, ,131, ,79.7, 
248,Holt,San Joaquin Valley,7/25/2024,2400,207,0.00, ,0.00, ,0, ,16.9, ,65.7, ,78, ,58.7, ,2.2, ,130, ,78.8, 
248,Holt,San Joaquin Valley,7/26/2024,0100,208,0.00, ,0.00, ,0, ,13.8, ,66.1, ,63, ,53.2, ,1.8, ,249, ,78.0, 
248,Holt,San Joaquin Valley,7/26/2024,0200,208,0.00,Y,0.00, ,0, ,10.0, ,70.2,Y,40,Y,44.6,Y,3.2, ,268, ,77.2, 
248,Holt,San Joaquin Valley,7/26/2024,0300,208,0.00, ,0.00, ,0, ,11.0, ,66.0, ,50, ,47.1, ,2.1, ,192, ,76.5, 
248,Holt,San Joaquin Valley,7/26/2024,0400,208,0.00, ,0.00, ,0, ,11.9, ,63.1, ,60, ,49.2, ,4.2, ,272, ,75.8, 
248,Holt,San Joaquin Valley,7/26/2024,0500,208,0.00, ,0.00, ,1, ,16.2, ,60.2, ,91, ,57.6, ,1.4, ,252, ,75.2, 
248,Holt,San Joaquin Valley,7/26/2024,0600,208,0.00, ,0.00, ,149, ,17.4, ,61.4, ,94, ,59.6, ,1.3, ,211, ,74.6, 
248,Holt,San Joaquin Valley,7/26/2024,0700,208,0.01, ,0.00, ,481, ,19.0, ,69.0, ,78, ,62.0, ,3.1, ,321, ,74.2, 
248,Holt,San Joaquin Valley,7/26/2024,0800,208,0.01,Y,0.00, ,903, ,16.7, ,79.4,Y,49,Y,58.5,Y,2.6, ,38, ,74.4, 
248,Holt,San Joaquin Valley,7/26/2024,0900,208,0.02,Y,0.00, ,1288, ,14.3, ,85.4,Y,34,Y,54.1,Y,2.7, ,322, ,75.1, 
248,Holt,San Joaquin Valley,7/26/2024,1000,208,0.02,Y,0.00, ,1591, ,17.6, ,88.5,Y,38,Y,59.9,Y,4.9, ,30, ,75.7, 
248,Holt,San Joaquin Valley,7/26/2024,1100,208,0.03,Y,0.00, ,1805, ,14.3, ,92.6,Y,27,Y,54.2,Y,5.4, ,355, ,76.5, 
248,Holt,San Joaquin Valley,7/26/2024,1200,208,0.03,Y,0.00, ,1920, ,15.1, ,93.4,Y,28,Y,55.5,Y,7.0, ,322, ,78.1, 
248,Holt,San Joaquin Valley,7/26/2024,1300,208,0.04, ,0.00, ,1931, ,13.9, ,95.1, ,25, ,53.4, ,8.4, ,311, ,79.8, 
248,Holt,San Joaquin Valley,7/26/2024,1400,208,0.04, ,0.00, ,1836, ,15.4, ,94.3, ,28, ,56.2, ,10.9, ,308, ,81.2, 
248,Holt,San Joaquin Valley,7/26/2024,1500,208,0.03, ,0.00, ,1639, ,14.3, ,93.5, ,27, ,54.0, ,11.9, ,293, ,82.1, 
248,Holt,San Joaquin Valley,7/26/2024,1600,208,0.03, ,0.00, ,1344, ,14.4, ,92.8, ,27, ,54.3, ,11.0, ,303, ,82.2, 
248,Holt,San Joaquin Valley,7/26/2024,1700,208,0.02, ,0.00, ,980, ,9.8, ,90.7, ,20, ,44.0, ,12.5, ,243, ,82.1, 
248,Holt,San Joaquin Valley,7/26/2024,1800,208,0.02, ,0.00, ,571, ,9.6, ,86.4, ,22, ,43.5, ,13.6, ,241, ,80.9, 
248,Holt,San Joaquin Valley,7/26/2024,1900,208,0.01, ,0.00, ,210, ,10.2, ,83.6, ,26, ,45.0, ,12.8, ,245, ,79.5, 
248,Holt,San Joaquin Valley,7/26/2024,2000,208,0.00, ,0.00, ,12, ,11.7, ,77.7, ,36, ,48.7, ,9.7, ,244, ,78.2, 
248,Holt,San Joaquin Valley,7/26/2024,2100,208,0.00, ,0.00, ,1, ,11.4, ,73.9, ,40, ,48.1, ,10.8, ,240, ,77.0, 
248,Holt,San Joaquin Valley,7/26/2024,2200,208,0.00, ,0.00, ,0, ,12.4, ,70.2, ,49, ,50.2, ,9.7, ,242, ,76.0, 
248,Holt,San Joaquin Valley,7/26/2024,2300,208,0.00, ,0.00, ,0, ,13.1, ,65.2, ,62, ,51.6, ,5.9, ,254, ,75.2, 
248,Holt,San Joaquin Valley,7/26/2024,2400,208,0.00, ,0.00, ,0, ,13.4, ,62.5, ,69, ,52.3, ,5.2, ,227, ,74.6, 
248,Holt,San Joaquin Valley,7/27/2024,0100,209,0.00, ,0.00, ,0, ,14.4, ,60.4, ,80, ,54.3, ,6.0, ,267, ,74.1, 
248,Holt,San Joaquin Valley,7/27/2024,0200,209,0.00, ,0.00, ,0, ,14.3, ,60.0, ,81, ,54.1, ,12.3, ,259, ,73.5, 
248,Holt,San Joaquin Valley,7/27/2024,0300,209,0.00, ,0.00, ,0, ,14.3, ,59.2, ,83, ,54.1, ,10.3, ,251, ,72.7, 
248,Holt,San Joaquin Valley,7/27/2024,0400,209,0.00, ,0.00, ,0, ,14.2, ,58.5, ,85, ,53.9, ,12.3, ,245, ,72.1, 
248,Holt,San Joaquin Valley,7/27/2024,0500,209,0.00, ,0.00, ,1, ,14.0, ,57.7, ,86, ,53.6, ,6.7, ,263, ,71.4, 
248,Holt,San Joaquin Valley,7/27/2024,0600,209,0.00, ,0.00, ,103, ,14.3, ,56.6, ,91, ,54.0, ,1.4, ,3, ,71.1, 
248,Holt,San Joaquin Valley,7/27/2024,0700,209,0.01, ,0.00, ,441, ,14.9, ,61.8, ,79, ,55.3, ,3.7, ,245, ,70.9, 
248,Holt,San Joaquin Valley,7/27/2024,0800,209,0.01, ,0.00, ,856, ,14.6, ,63.8, ,72, ,54.7, ,9.0, ,254, ,70.9, 
248,Holt,San Joaquin Valley,7/27/2024,0900,209,0.02,Y,0.00, ,1249, ,14.7, ,65.7,Y,68,Y,54.8,Y,8.3, ,250, ,71.2, 
248,Holt,San Joaquin Valley,7/27/2024,1000,209,0.02,Y,0.00, ,1570, ,15.0, ,68.1,Y,64,Y,55.4,Y,8.7, ,229, ,71.6, 
248,Holt,San Joaquin Valley,7/27/2024,1100,209,0.02,Y,0.00, ,1790, ,15.3, ,70.4,Y,60,Y,56.0,Y,9.5, ,240, ,72.1, 
248,Holt,San Joaquin Valley,7/27/2024,1200,209,0.03,Y,0.00, ,1908, ,15.3, ,72.6,Y,56,Y,56.1,Y,8.9, ,234, ,73.3, 
248,Holt,San Joaquin Valley,7/27/2024,1300,209,0.03,R,0.00, ,1914, ,15.0, ,74.2,R,52,R,55.5,R,9.3, ,234, ,74.9, 
248,Holt,San Joaquin Valley,7/27/2024,1400,209,0.03,R,0.00, ,1807, ,15.3, ,75.8,R,50,R,56.0,R,10.0, ,245, ,76.3, 
248,Holt,San Joaquin Valley,7/27/2024,1500,209,0.02,R,0.00, ,1613, ,16.0, ,76.4,R,51,R,57.2,R,8.5, ,284, ,77.4, 
248,Holt,San Joaquin Valley,7/27/2024,1600,209,0.02,R,0.00, ,1328, ,15.5, ,75.4,R,52,R,56.4,R,8.6, ,270, ,78.1, 
248,Holt,San Joaquin Valley,7/27/2024,1700,209,0.02,R,0.00, ,965, ,14.4, ,73.9,R,50,R,54.3,R,10.4, ,238, ,78.2, 
248,Holt,San Joaquin Valley,7/27/2024,1800,209,0.01,R,0.00, ,560, ,15.4, ,72.2,R,57,R,56.1,R,8.0, ,287, ,77.6, 
248,Holt,San Joaquin Valley,7/27/2024,1900,209,0.00,R,0.00, ,181, ,14.3, ,67.3,R,63,R,54.1,R,8.2, ,249, ,76.9, 
248,Holt,San Joaquin Valley,7/27/2024,2000,209,0.00,R,0.00, ,5, ,14.4, ,62.8,R,74,R,54.2,R,9.2, ,242, ,75.9, 
248,Holt,San Joaquin Valley,7/27/2024,2100,209,0.00,R,0.00, ,0, ,14.5, ,60.4,R,81,R,54.5,R,8.5, ,244, ,74.7, 
248,Holt,San Joaquin Valley,7/27/2024,2200,209,0.00,Y,0.00, ,0, ,14.6, ,59.2,Y,85,Y,54.7,Y,7.0, ,250, ,73.7, 
248,Holt,San Joaquin Valley,7/27/2024,2300,209,0.00,Y,0.00, ,0, ,14.6, ,59.1,Y,85,Y,54.7,Y,8.7, ,258, ,73.0, 
248,Holt,San Joaquin Valley,7/27/2024,2400,209,0.00,Y,0.00, ,0, ,14.2, ,56.6,Y,91,Y,54.0,Y,3.1, ,265, ,72.4, 
248,Holt,San Joaquin Valley,7/28/2024,0100,210,0.00,R,0.00, ,0, ,13.9, ,54.2,Y,97,Y,53.4,Y,1.0,I,191, ,71.8, 
248,Holt,San Joaquin Valley,7/28/2024,0200,210,0.00,R,0.00, ,0, ,13.7, ,53.1,Y,99,Y,52.9,Y,1.0,I,314, ,71.1, 
248,Holt,San Joaquin Valley,7/28/2024,0300,210,0.00,R,0.00, ,0, ,13.9, ,53.5,Y,99,Y,53.3,Y,1.0,I,56, ,70.5, 
248,Holt,San Joaquin Valley,7/28/2024,0400,210,0.00, ,0.00, ,0, ,13.6, ,53.0, ,99, ,52.8, ,1.6, ,212, ,70.0, 
248,Holt,San Joaquin Valley,7/28/2024,0500,210,0.00,R,0.00, ,0, ,13.1, ,51.9, ,99, ,51.8, ,1.0,I,145, ,69.5, 
248,Holt,San Joaquin Valley,7/28/2024,0600,210,0.00,R,0.00, ,133, ,13.7, ,53.0, ,100, ,52.9, ,1.0,I,174, ,69.1, 
248,Holt,San Joaquin Valley,7/28/2024,0700,210,0.00, ,0.00, ,438, ,16.6, ,59.5, ,95, ,58.2, ,1.7, ,0, ,68.9, 
248,Holt,San Joaquin Valley,7/28/2024,0800,210,0.01, ,0.00, ,811, ,17.3, ,64.8, ,83, ,59.4, ,3.7, ,4, ,69.3, 
248,Holt,San Joaquin Valley,7/28/2024,0900,210,0.01, ,0.00, ,1207, ,16.9, ,67.1, ,75, ,58.8, ,4.1, ,317, ,70.2, 
248,Holt,San Joaquin Valley,7/28/2024,1000,210,0.02, ,0.00, ,1521, ,16.9, ,69.7, ,68, ,58.7, ,4.1, ,296, ,71.0, 
248,Holt,San Joaquin Valley,7/28/2024,1100,210,0.02, ,0.00, ,1735, ,17.4, ,72.3, ,64, ,59.6, ,4.6, ,296, ,71.8, 
248,Holt,San Joaquin Valley,7/28/2024,1200,210,0.03,Y,0.00, ,1821, ,17.7, ,75.4,Y,59,Y,60.0,Y,5.0, ,308, ,73.2, 
248,Holt,San Joaquin Valley,7/28/2024,1300,210,0.03, ,0.00, ,1846, ,18.6, ,78.8, ,55, ,61.5, ,6.2, ,334, ,74.9, 
248,Holt,San Joaquin Valley,7/28/2024,1400,210,0.03, ,0.00, ,1743, ,18.1, ,82.2, ,48, ,60.7, ,6.0, ,328, ,76.6, 
248,Holt,San Joaquin Valley,7/28/2024,1500,210,0.02, ,0.00, ,1552, ,17.9, ,83.8, ,45, ,60.4, ,6.4, ,318, ,78.0, 
248,Holt,San Joaquin Valley,7/28/2024,1600,210,0.02, ,0.00, ,1264, ,18.0, ,84.6, ,44, ,60.5, ,7.0, ,306, ,78.9, 
248,Holt,San Joaquin Valley,7/28/2024,1700,210,0.02, ,0.00, ,912, ,17.5, ,84.2, ,44, ,59.7, ,8.4, ,307, ,79.2, 
248,Holt,San Joaquin Valley,7/28/2024,1800,210,0.01, ,0.00, ,496, ,17.7, ,81.5, ,48, ,60.1, ,8.7, ,307, ,78.8, 
248,Holt,San Joaquin Valley,7/28/2024,1900,210,0.00, ,0.00, ,158, ,18.1, ,77.6, ,56, ,60.7, ,5.3, ,303, ,78.1, 
248,Holt,San Joaquin Valley,7/28/2024,2000,210,0.00, ,0.00, ,7, ,17.2, ,72.7, ,63, ,59.2, ,4.4, ,286, ,77.4, 
248,Holt,San Joaquin Valley,7/28/2024,2100,210,0.00, ,0.00, ,0, ,16.4, ,69.2, ,67, ,57.9, ,4.5, ,278, ,76.7, 
248,Holt,San Joaquin Valley,7/28/2024,2200,210,0.00, ,0.00, ,0, ,17.0, ,64.5, ,82, ,58.9, ,1.7, ,277, ,75.9, 
248,Holt,San Joaquin Valley,7/28/2024,2300,210,0.00, ,0.00, ,0, ,15.5, ,62.5, ,81, ,56.4, ,3.6, ,251, ,75.0, 
248,Holt,San Joaquin Valley,7/28/2024,2400,210,0.00, ,0.00, ,0, ,14.5, ,62.4, ,76, ,54.5, ,5.9, ,249, ,74.1, 
248,Holt,San Joaquin Valley,7/29/2024,0100,211,0.00, ,0.00, ,0, ,14.8, ,60.7, ,82, ,55.1, ,4.3, ,273, ,73.3, 
248,Holt,San Joaquin Valley,7/29/2024,0200,211,0.00, ,0.00, ,0, ,15.0, ,59.6, ,86, ,55.4, ,4.0, ,249, ,72.8, 
248,Holt,San Joaquin Valley,7/29/2024,0300,211,0.00, ,0.00, ,0, ,15.0, ,59.5, ,87, ,55.5, ,4.9, ,253, ,72.3, 
248,Holt,San Joaquin Valley,7/29/2024,0400,211,0.00, ,0.00, ,0, ,15.2, ,59.1, ,89, ,55.8, ,5.3, ,232, ,71.8, 
248,Holt,San Joaquin Valley,7/29/2024,0500,211,0.00, ,0.00, ,0, ,14.9, ,58.6, ,88, ,55.2, ,4.5, ,251, ,71.3, 
248,Holt,San Joaquin Valley,7/29/2024,0600,211,0.00, ,0.00, ,85, ,15.0, ,58.8, ,89, ,55.4, ,4.0, ,243, ,71.0, 
248,Holt,San Joaquin Valley,7/29/2024,0700,211,0.00, ,0.00, ,400, ,16.3, ,62.0, ,86, ,57.7, ,3.3, ,302, ,70.7, 
248,Holt,San Joaquin Valley,7/29/2024,0800,211,0.01, ,0.00, ,811, ,17.4, ,66.3, ,79, ,59.5, ,4.9, ,321, ,70.8, 
248,Holt,San Joaquin Valley,7/29/2024,0900,211,0.02, ,0.00, ,1212, ,16.9, ,68.8, ,71, ,58.8, ,4.9, ,286, ,71.2, 
248,Holt,San Joaquin Valley,7/29/2024,1000,211,0.02, ,0.00, ,1527, ,16.9, ,72.5, ,62, ,58.7, ,4.9, ,290, ,71.7, 
248,Holt,San Joaquin Valley,7/29/2024,1100,211,0.02, ,0.00, ,1751, ,17.4, ,75.1, ,58, ,59.5, ,5.2, ,304, ,72.4, 
248,Holt,San Joaquin Valley,7/29/2024,1200,211,0.03, ,0.00, ,1879, ,17.8, ,78.0, ,54, ,60.3, ,5.9, ,317, ,73.7, 
248,Holt,San Joaquin Valley,7/29/2024,1300,211,0.03, ,0.00, ,1892, ,18.4, ,80.7, ,51, ,61.1, ,5.1, ,300, ,75.4, 
248,Holt,San Joaquin Valley,7/29/2024,1400,211,0.03, ,0.00, ,1792, ,18.5, ,83.8, ,47, ,61.2, ,6.4, ,311, ,77.1, 
248,Holt,San Joaquin Valley,7/29/2024,1500,211,0.03, ,0.00, ,1604, ,18.1, ,85.3, ,44, ,60.6, ,7.9, ,317, ,78.5, 
248,Holt,San Joaquin Valley,7/29/2024,1600,211,0.02, ,0.00, ,1327, ,17.4, ,86.0, ,41, ,59.5, ,9.1, ,311, ,79.3, 
248,Holt,San Joaquin Valley,7/29/2024,1700,211,0.02, ,0.00, ,958, ,16.8, ,84.5, ,41, ,58.5, ,10.1, ,300, ,79.4, 
248,Holt,San Joaquin Valley,7/29/2024,1800,211,0.01, ,0.00, ,548, ,16.4, ,81.1, ,45, ,57.9, ,9.2, ,282, ,78.8, 
248,Holt,San Joaquin Valley,7/29/2024,1900,211,0.00, ,0.00, ,174, ,15.2, ,78.0, ,47, ,55.8, ,7.2, ,260, ,78.2, 
248,Holt,San Joaquin Valley,7/29/2024,2000,211,0.00, ,0.00, ,9, ,14.2, ,72.8, ,51, ,53.9, ,6.5, ,252, ,77.5, 
248,Holt,San Joaquin Valley,7/29/2024,2100,211,0.00, ,0.00, ,0, ,15.5, ,68.9, ,65, ,56.4, ,7.1, ,238, ,76.6, 
248,Holt,San Joaquin Valley,7/29/2024,2200,211,0.00, ,0.00, ,0, ,15.3, ,65.6, ,71, ,56.0, ,3.1, ,257, ,75.5, 
248,Holt,San Joaquin Valley,7/29/2024,2300,211,0.00, ,0.00, ,0, ,15.8, ,63.3, ,79, ,56.8, ,2.9, ,242, ,74.6, 
248,Holt,San Joaquin Valley,7/29/2024,2400,211,0.00, ,0.00, ,0, ,16.8, ,63.0, ,85, ,58.6, ,4.1, ,244, ,73.8, 
248,Holt,San Joaquin Valley,7/30/2024,0100,212,0.00, ,0.00, ,0, ,16.6, ,61.3, ,90, ,58.2, ,2.1, ,275, ,73.3, 
248,Holt,San Joaquin Valley,7/30/2024,0200,212,0.00,R,0.00, ,0, ,16.3, ,58.7, ,96, ,57.7, ,1.0,I,355, ,72.7, 
248,Holt,San Joaquin Valley,7/30/2024,0300,212,0.00, ,0.00, ,0, ,16.5, ,58.9, ,97, ,58.1, ,2.4, ,269, ,72.0, 
248,Holt,San Joaquin Valley,7/30/2024,0400,212,0.00, ,0.00, ,0, ,16.6, ,59.4, ,96, ,58.3, ,1.8, ,248, ,71.4, 
248,Holt,San Joaquin Valley,7/30/2024,0500,212,0.00, ,0.00, ,0, ,16.0, ,57.5, ,99, ,57.3, ,1.7, ,139, ,71.0, 
248,Holt,San Joaquin Valley,7/30/2024,0600,212,0.00, ,0.00, ,119, ,17.3, ,59.5, ,100, ,59.3, ,1.9, ,188, ,70.5, 
248,Holt,San Joaquin Valley,7/30/2024,0700,212,0.00, ,0.00, ,456, ,18.6, ,64.1, ,91, ,61.5, ,4.4, ,236, ,70.3, 
248,Holt,San Joaquin Valley,7/30/2024,0800,212,0.01, ,0.00, ,864, ,18.6, ,68.7, ,77, ,61.4, ,6.2, ,265, ,70.4, 
248,Holt,San Joaquin Valley,7/30/2024,0900,212,0.02, ,0.00, ,1253, ,18.8, ,74.2, ,65, ,61.7, ,5.9, ,336, ,71.0, 
248,Holt,San Joaquin Valley,7/30/2024,1000,212,0.02, ,0.00, ,1566, ,18.7, ,76.6, ,60, ,61.7, ,5.6, ,344, ,71.7, 
248,Holt,San Joaquin Valley,7/30/2024,1100,212,0.03, ,0.00, ,1784, ,19.6, ,79.5, ,57, ,62.9, ,4.3, ,302, ,72.5, 
248,Holt,San Joaquin Valley,7/30/2024,1200,212,0.03, ,0.00, ,1900, ,19.8, ,82.3, ,53, ,63.3, ,5.3, ,275, ,74.0, 
248,Holt,San Joaquin Valley,7/30/2024,1300,212,0.03, ,0.00, ,1914, ,20.8, ,85.0, ,51, ,64.6, ,6.4, ,319, ,75.8, 
248,Holt,San Joaquin Valley,7/30/2024,1400,212,0.03, ,0.00, ,1830, ,19.9, ,86.6, ,46, ,63.4, ,8.7, ,314, ,77.7, 
248,Holt,San Joaquin Valley,7/30/2024,1500,212,0.03, ,0.00, ,1640, ,19.1, ,87.4, ,43, ,62.3, ,10.8, ,306, ,78.9, 
248,Holt,San Joaquin Valley,7/30/2024,1600,212,0.03, ,0.00, ,1352, ,19.0, ,87.6, ,42, ,62.0, ,11.4, ,310, ,79.4, 
248,Holt,San Joaquin Valley,7/30/2024,1700,212,0.02, ,0.00, ,985, ,19.5, ,86.3, ,46, ,62.8, ,10.1, ,302, ,79.3, 
248,Holt,San Joaquin Valley,7/30/2024,1800,212,0.01, ,0.00, ,570, ,19.5, ,83.7, ,49, ,62.7, ,9.5, ,288, ,78.9, 
248,Holt,San Joaquin Valley,7/30/2024,1900,212,0.00, ,0.00, ,188, ,19.1, ,80.0, ,55, ,62.1, ,5.9, ,262, ,78.4, 
248,Holt,San Joaquin Valley,7/30/2024,2000,212,0.00, ,0.00, ,9, ,17.4, ,74.6, ,60, ,59.6, ,6.2, ,247, ,77.9, 
248,Holt,San Joaquin Valley,7/30/2024,2100,212,0.00, ,0.00, ,0, ,17.4, ,70.7, ,68, ,59.5, ,4.6, ,239, ,77.2, 
248,Holt,San Joaquin Valley,7/30/2024,2200,212,0.00, ,0.00, ,0, ,17.6, ,69.0, ,73, ,59.9, ,4.3, ,229, ,76.3, 
248,Holt,San Joaquin Valley,7/30/2024,2300,212,0.00, ,0.00, ,0, ,19.0, ,67.2, ,84, ,62.0, ,3.6, ,222, ,75.5, 
248,Holt,San Joaquin Valley,7/30/2024,2400,212,0.00, ,0.00, ,0, ,18.9, ,66.4, ,85, ,61.9, ,4.2, ,226, ,74.6, 
248,Holt,San Joaquin Valley,7/31/2024,0100,213,0.00, ,0.00, ,0, ,18.5, ,65.2, ,87, ,61.2, ,2.6, ,241, ,73.9, 
248,Holt,San Joaquin Valley,7/31/2024,0200,213,0.00,R,0.00, ,0, ,17.3, ,60.2, ,97, ,59.4, ,1.0,I,152, ,73.2, 
248,Holt,San Joaquin Valley,7/31/2024,0300,213,0.00, ,0.00, ,0, ,17.7, ,61.3, ,96, ,60.0, ,2.1, ,219, ,72.5, 
248,Holt,San Joaquin Valley,7/31/2024,0400,213,0.00,R,0.00, ,0, ,16.4, ,58.3, ,98, ,57.8, ,1.0,I,169, ,72.0, 
248,Holt,San Joaquin Valley,7/31/2024,0500,213,0.00, ,0.00, ,0, ,16.0, ,57.3, ,100, ,57.3, ,1.7, ,329, ,71.4, 
248,Holt,San Joaquin Valley,7/31/2024,0600,213,0.00,R,0.00, ,120, ,17.8, ,60.2, ,100, ,60.2, ,1.0,I,4, ,71.0, 
248,Holt,San Joaquin Valley,7/31/2024,0700,213,0.00, ,0.00, ,455, ,20.1, ,66.9, ,89, ,63.6, ,3.0, ,320, ,70.8, 
248,Holt,San Joaquin Valley,7/31/2024,0800,213,0.01, ,0.00, ,854, ,20.9, ,72.4, ,77, ,64.8, ,3.6, ,347, ,71.0, 
248,Holt,San Joaquin Valley,7/31/2024,0900,213,0.02, ,0.00, ,1244, ,20.4, ,75.9, ,67, ,64.1, ,4.0, ,340, ,71.5, 
248,Holt,San Joaquin Valley,7/31/2024,1000,213,0.02, ,0.00, ,1557, ,21.0, ,77.9, ,64, ,64.9, ,4.1, ,314, ,72.2, 
248,Holt,San Joaquin Valley,7/31/2024,1100,213,0.03, ,0.00, ,1778, ,21.8, ,81.4, ,60, ,66.0, ,5.2, ,328, ,73.0, 
248,Holt,San Joaquin Valley,7/31/2024,1200,213,0.03, ,0.00, ,1896, ,21.5, ,83.5, ,55, ,65.6, ,5.7, ,305, ,74.5, 
248,Holt,San Joaquin Valley,7/31/2024,1300,213,0.03, ,0.00, ,1906, ,21.4, ,87.3, ,48, ,65.4, ,6.2, ,313, ,76.3, 
248,Holt,San Joaquin Valley,7/31/2024,1400,213,0.03, ,0.00, ,1815, ,21.7, ,91.1, ,44, ,65.9, ,6.0, ,318, ,78.0, 
248,Holt,San Joaquin Valley,7/31/2024,1500,213,0.03, ,0.00, ,1624, ,21.1, ,93.3, ,40, ,65.1, ,6.0, ,331, ,79.5, 
248,Holt,San Joaquin Valley,7/31/2024,1600,213,0.02, ,0.00, ,1357, ,20.8, ,93.4, ,39, ,64.6, ,7.6, ,317, ,80.5, 
248,Holt,San Joaquin Valley,7/31/2024,1700,213,0.02, ,0.00, ,990, ,19.6, ,92.9, ,37, ,62.9, ,8.1, ,315, ,80.6, 
248,Holt,San Joaquin Valley,7/31/2024,1800,213,0.01, ,0.00, ,638, ,18.6, ,90.9, ,38, ,61.4, ,8.1, ,308, ,80.1, 
248,Holt,San Joaquin Valley,7/31/2024,1900,213,0.00, ,0.00, ,122, ,19.2, ,84.7, ,47, ,62.4, ,6.8, ,302, ,79.2, 
248,Holt,San Joaquin Valley,7/31/2024,2000,213,0.00, ,0.00, ,8, ,18.6, ,78.2, ,56, ,61.4, ,5.3, ,278, ,78.5, 
248,Holt,San Joaquin Valley,7/31/2024,2100,213,0.00, ,0.00, ,1, ,18.8, ,74.5, ,64, ,61.7, ,2.5, ,265, ,78.0, 
248,Holt,San Joaquin Valley,7/31/2024,2200,213,0.00, ,0.00, ,0, ,19.3, ,72.1, ,72, ,62.5, ,2.1, ,260, ,77.0, 
248,Holt,San Joaquin Valley,7/31/2024,2300,213,0.00, ,0.00, ,0, ,20.1, ,69.4, ,82, ,63.6, ,1.5, ,240, ,76.1, 
248,Holt,San Joaquin Valley,7/31/2024,2400,213,0.00,R,0.00, ,0, ,18.9, ,67.5, ,82, ,61.9, ,1.0,I,241, ,75.2, 
248,Holt,San Joaquin Valley,8/1/2024,0100,214,0.00,R,0.00, ,0, ,20.2, ,65.0, ,96, ,63.7, ,1.0,I,253, ,74.4, 
248,Holt,San Joaquin Valley,8/1/2024,0200,214,0.00, ,0.00, ,0, ,20.4, ,64.0, ,100, ,64.0, ,1.6, ,353, ,73.7, 
248,Holt,San Joaquin Valley,8/1/2024,0300,214,0.00, ,0.00, ,0, ,20.4, ,64.0, ,100, ,64.0, ,2.8, ,332, ,73.1, 
248,Holt,San Joaquin Valley,8/1/2024,0400,214,0.00, ,0.00, ,0, ,19.6, ,62.9, ,100, ,62.9, ,1.1, ,269, ,72.7, 
248,Holt,San Joaquin Valley,8/1/2024,0500,214,0.00, ,0.00, ,1, ,18.5, ,61.3, ,100, ,61.3, ,1.4, ,326, ,72.2, 
248,Holt,San Joaquin Valley,8/1/2024,0600,214,0.00, ,0.00, ,153, ,19.0, ,62.0, ,100, ,62.0, ,3.4, ,319, ,71.7, 
248,Holt,San Joaquin Valley,8/1/2024,0700,214,0.00, ,0.00, ,403, ,21.4, ,66.8, ,95, ,65.4, ,5.1, ,300, ,71.6, 
248,Holt,San Joaquin Valley,8/1/2024,0800,214,0.01, ,0.00, ,868, ,22.5, ,71.8, ,85, ,66.9, ,4.7, ,344, ,71.7, 
248,Holt,San Joaquin Valley,8/1/2024,0900,214,0.02, ,0.00, ,1237, ,22.5, ,77.7, ,69, ,66.9, ,4.8, ,1, ,72.2, 
248,Holt,San Joaquin Valley,8/1/2024,1000,214,0.02, ,0.00, ,1579, ,21.8, ,80.8, ,61, ,65.9, ,5.0, ,337, ,72.8, 
248,Holt,San Joaquin Valley,8/1/2024,1100,214,0.03, ,0.00, ,1792, ,21.7, ,83.7, ,55, ,65.9, ,4.9, ,311, ,73.6, 
248,Holt,San Joaquin Valley,8/1/2024,1200,214,0.03, ,0.00, ,1937, ,21.5, ,87.5, ,48, ,65.6, ,6.4, ,310, ,74.9, 
248,Holt,San Joaquin Valley,8/1/2024,1300,214,0.03, ,0.00, ,1947, ,20.0, ,90.2, ,41, ,63.5, ,7.7, ,314, ,76.6, 
248,Holt,San Joaquin Valley,8/1/2024,1400,214,0.03, ,0.00, ,1854, ,18.7, ,92.5, ,36, ,61.6, ,8.1, ,310, ,78.1, 
248,Holt,San Joaquin Valley,8/1/2024,1500,214,0.03, ,0.00, ,1646, ,16.3, ,94.3, ,30, ,57.7, ,8.8, ,311, ,79.2, 
248,Holt,San Joaquin Valley,8/1/2024,1600,214,0.03, ,0.00, ,1351, ,16.8, ,94.6, ,30, ,58.6, ,8.7, ,303, ,79.7, 
248,Holt,San Joaquin Valley,8/1/2024,1700,214,0.02, ,0.00, ,803, ,15.8, ,94.0, ,29, ,56.9, ,8.0, ,311, ,79.7, 
248,Holt,San Joaquin Valley,8/1/2024,1800,214,0.01, ,0.00, ,521, ,16.3, ,92.3, ,32, ,57.8, ,7.8, ,304, ,79.2, 
248,Holt,San Joaquin Valley,8/1/2024,1900,214,0.01, ,0.00, ,167, ,15.7, ,88.3, ,34, ,56.8, ,6.5, ,309, ,78.5, 
248,Holt,San Joaquin Valley,8/1/2024,2000,214,0.00, ,0.00, ,7, ,18.7, ,81.2, ,52, ,61.7, ,5.8, ,289, ,77.9, 
248,Holt,San Joaquin Valley,8/1/2024,2100,214,0.00, ,0.00, ,0, ,19.0, ,77.1, ,60, ,62.1, ,5.2, ,254, ,77.5, 
248,Holt,San Joaquin Valley,8/1/2024,2200,214,0.00, ,0.00, ,0, ,19.9, ,74.2, ,69, ,63.3, ,5.0, ,260, ,77.2, 
248,Holt,San Joaquin Valley,8/1/2024,2300,214,0.00, ,0.00, ,0, ,20.4, ,72.3, ,75, ,64.1, ,3.7, ,288, ,76.7, 
248,Holt,San Joaquin Valley,8/1/2024,2400,214,0.00, ,0.00, ,0, ,20.2, ,70.6, ,79, ,63.8, ,3.7, ,280, ,76.2, 
248,Holt,San Joaquin Valley,8/2/2024,0100,215,0.00, ,0.00, ,0, ,20.1, ,69.3, ,82, ,63.7, ,2.7, ,287, ,75.7, 
248,Holt,San Joaquin Valley,8/2/2024,0200,215,0.00, ,0.00, ,0, ,21.0, ,67.6, ,91, ,65.0, ,1.8, ,352, ,75.2, 
248,Holt,San Joaquin Valley,8/2/2024,0300,215,0.00,Y,0.00, ,0, ,20.5, ,68.3,Y,87,Y,64.3,Y,2.8, ,304, ,74.6, 
248,Holt,San Joaquin Valley,8/2/2024,0400,215,0.00,Y,0.00, ,0, ,20.2, ,67.2,Y,89,Y,63.8,Y,3.4, ,319, ,74.2, 
248,Holt,San Joaquin Valley,8/2/2024,0500,215,0.00,Y,0.00, ,0, ,20.4, ,66.8,Y,91,Y,64.1,Y,3.5, ,295, ,73.9, 
248,Holt,San Joaquin Valley,8/2/2024,0600,215,0.00,Y,0.00, ,29, ,20.9, ,66.7,Y,94,Y,64.8,Y,3.1, ,316, ,73.6, 
248,Holt,San Joaquin Valley,8/2/2024,0700,215,0.00, ,0.00, ,179, ,21.8, ,68.8, ,91, ,66.0, ,3.7, ,330, ,73.4, 
248,Holt,San Joaquin Valley,8/2/2024,0800,215,0.01, ,0.00, ,520, ,21.6, ,74.2, ,75, ,65.6, ,4.6, ,334, ,73.4, 
248,Holt,San Joaquin Valley,8/2/2024,0900,215,0.01, ,0.00, ,661, ,20.4, ,76.9, ,65, ,64.1, ,5.8, ,323, ,73.5, 
248,Holt,San Joaquin Valley,8/2/2024,1000,215,0.02, ,0.00, ,1447, ,19.4, ,81.9, ,52, ,62.6, ,5.5, ,324, ,73.7, 
248,Holt,San Joaquin Valley,8/2/2024,1100,215,0.03, ,0.00, ,1660, ,19.3, ,86.5, ,45, ,62.5, ,6.1, ,310, ,74.3, 
248,Holt,San Joaquin Valley,8/2/2024,1200,215,0.01, ,0.00, ,769, ,20.0, ,86.1, ,47, ,63.6, ,6.9, ,304, ,75.2, 
248,Holt,San Joaquin Valley,8/2/2024,1300,215,0.01, ,0.00, ,922, ,19.9, ,86.8, ,46, ,63.3, ,6.2, ,300, ,75.8, 
248,Holt,San Joaquin Valley,8/2/2024,1400,215,0.01, ,0.00, ,701, ,20.0, ,87.8, ,45, ,63.5, ,5.6, ,307, ,76.4, 
248,Holt,San Joaquin Valley,8/2/2024,1500,215,0.02, ,0.00, ,1053, ,18.1, ,89.4, ,38, ,60.7, ,6.5, ,302, ,76.7, 
248,Holt,San Joaquin Valley,8/2/2024,1600,215,0.01, ,0.00, ,711, ,16.6, ,91.0, ,33, ,58.2, ,4.0, ,337, ,77.1, 
248,Holt,San Joaquin Valley,8/2/2024,1700,215,0.01, ,0.00, ,393, ,19.6, ,89.4, ,41, ,62.9, ,1.0, ,78, ,77.5, 
248,Holt,San Joaquin Valley,8/2/2024,1800,215,0.00, ,0.00, ,63, ,21.2, ,85.9, ,50, ,65.1, ,1.1, ,288, ,77.9, 
248,Holt,San Joaquin Valley,8/2/2024,1900,215,0.00, ,0.00, ,17, ,17.5, ,84.5, ,43, ,59.8, ,3.4, ,301, ,77.9, 
248,Holt,San Joaquin Valley,8/2/2024,2000,215,0.00, ,0.00, ,2, ,18.2, ,82.5, ,48, ,60.8, ,4.0, ,252, ,77.7, 
248,Holt,San Joaquin Valley,8/2/2024,2100,215,0.00, ,0.00, ,1, ,20.0, ,78.9, ,59, ,63.5, ,3.7, ,31, ,77.4, 
248,Holt,San Joaquin Valley,8/2/2024,2200,215,0.00,Y,0.00, ,0, ,18.2, ,76.6,Y,58,Y,60.8,Y,4.3, ,346, ,77.0, 
248,Holt,San Joaquin Valley,8/2/2024,2300,215,0.00, ,0.00, ,0, ,17.3, ,73.9, ,60, ,59.4, ,4.3, ,302, ,76.4, 
248,Holt,San Joaquin Valley,8/2/2024,2400,215,0.00, ,0.00, ,0, ,18.9, ,72.2, ,70, ,61.8, ,3.5, ,269, ,75.9, 
248,Holt,San Joaquin Valley,8/3/2024,0100,216,0.00,Y,0.00, ,0, ,19.4, ,72.3,Y,72,Y,62.6,Y,3.3, ,227, ,75.4, 
248,Holt,San Joaquin Valley,8/3/2024,0200,216,0.00,R,0.00, ,0, ,18.7, ,73.6,R,66,R,61.6,R,2.6, ,213, ,75.1, 
248,Holt,San Joaquin Valley,8/3/2024,0300,216,0.00,A,0.00, ,0, ,16.8,Q,,S,,Q,,Q,4.2, ,183, ,74.8, 
248,Holt,San Joaquin Valley,8/3/2024,0400,216,0.00,R,0.00, ,0, ,18.1, ,71.8,R,68,R,60.7,R,1.5, ,40, ,74.6, 
248,Holt,San Joaquin Valley,8/3/2024,0500,216,0.00,Y,0.00, ,0, ,18.9, ,69.1,Y,78,Y,61.8,Y,1.5, ,170, ,74.3, 
248,Holt,San Joaquin Valley,8/3/2024,0600,216,0.00,Y,0.00, ,79, ,18.8, ,68.1,Y,80,Y,61.7,Y,1.8, ,262, ,74.2, 
248,Holt,San Joaquin Valley,8/3/2024,0700,216,0.01,Y,0.00, ,399, ,19.7, ,72.0,Y,74,Y,63.1,Y,4.0, ,267, ,74.0, 
248,Holt,San Joaquin Valley,8/3/2024,0800,216,0.01,Y,0.00, ,798, ,20.7, ,77.5,Y,64,Y,64.4,Y,4.2, ,304, ,73.9, 
248,Holt,San Joaquin Valley,8/3/2024,0900,216,0.02,Y,0.00, ,1183, ,21.3, ,82.1,Y,57,Y,65.3,Y,5.0, ,347, ,73.9, 
248,Holt,San Joaquin Valley,8/3/2024,1000,216,0.02,Y,0.00, ,1485, ,18.2, ,86.7,Y,42,Y,60.8,Y,5.4, ,346, ,74.1, 
248,Holt,San Joaquin Valley,8/3/2024,1100,216,0.03,Y,0.00, ,1695, ,17.2, ,89.8,Y,36,Y,59.2,Y,5.2, ,336, ,74.5, 
248,Holt,San Joaquin Valley,8/3/2024,1200,216,0.03, ,0.00, ,1813, ,16.5, ,90.9, ,33, ,58.1, ,3.9, ,298, ,75.2, 
248,Holt,San Joaquin Valley,8/3/2024,1300,216,0.03, ,0.00, ,1823, ,18.3, ,93.7, ,34, ,60.9, ,4.8, ,302, ,76.3, 
248,Holt,San Joaquin Valley,8/3/2024,1400,216,0.03, ,0.00, ,1739, ,16.8, ,95.6, ,29, ,58.5, ,6.1, ,308, ,77.5, 
248,Holt,San Joaquin Valley,8/3/2024,1500,216,0.03, ,0.00, ,1553, ,15.7, ,97.1, ,26, ,56.7, ,6.4, ,323, ,78.5, 
248,Holt,San Joaquin Valley,8/3/2024,1600,216,0.02, ,0.00, ,1272, ,15.9, ,97.7, ,26, ,57.1, ,7.5, ,313, ,79.3, 
248,Holt,San Joaquin Valley,8/3/2024,1700,216,0.02, ,0.00, ,915, ,15.2, ,95.8, ,26, ,55.8, ,8.6, ,297, ,79.5, 
248,Holt,San Joaquin Valley,8/3/2024,1800,216,0.01, ,0.00, ,509, ,14.5, ,93.8, ,27, ,54.6, ,7.8, ,313, ,79.2, 
248,Holt,San Joaquin Valley,8/3/2024,1900,216,0.00, ,0.00, ,151, ,17.0, ,87.7, ,38, ,58.9, ,5.3, ,295, ,78.7, 
248,Holt,San Joaquin Valley,8/3/2024,2000,216,0.00, ,0.00, ,5, ,16.1, ,82.0, ,43, ,57.4, ,4.8, ,275, ,78.4, 
248,Holt,San Joaquin Valley,8/3/2024,2100,216,0.00, ,0.00, ,0, ,17.4, ,77.9, ,53, ,59.6, ,3.9, ,274, ,78.1, 
248,Holt,San Joaquin Valley,8/3/2024,2200,216,0.00, ,0.00, ,1, ,19.1, ,74.0, ,67, ,62.2, ,1.4, ,262, ,77.7, 
248,Holt,San Joaquin Valley,8/3/2024,2300,216,0.00, ,0.00, ,0, ,21.4, ,70.6, ,84, ,65.4, ,1.1, ,263, ,77.3, 
248,Holt,San Joaquin Valley,8/3/2024,2400,216,0.00,R,0.00, ,0, ,20.4, ,69.7, ,82, ,64.1, ,1.0,I,268, ,76.8, 
248,Holt,San Joaquin Valley,8/4/2024,0100,217,0.00, ,0.00, ,0, ,19.9, ,68.9, ,82, ,63.3, ,3.7, ,19, ,76.4, 
248,Holt,San Joaquin Valley,8/4/2024,0200,217,0.00, ,0.00, ,0, ,18.5, ,67.4, ,81, ,61.3, ,3.8, ,336, ,76.0, 
248,Holt,San Joaquin Valley,8/4/2024,0300,217,0.00, ,0.00, ,0, ,18.3, ,66.8, ,82, ,61.0, ,4.3, ,349, ,75.6, 
248,Holt,San Joaquin Valley,8/4/2024,0400,217,0.00, ,0.00, ,0, ,19.0, ,64.5, ,91, ,62.0, ,1.3, ,8, ,75.1, 
248,Holt,San Joaquin Valley,8/4/2024,0500,217,0.00, ,0.00, ,0, ,19.6, ,63.6, ,98, ,62.9, ,3.3, ,349, ,74.7, 
248,Holt,San Joaquin Valley,8/4/2024,0600,217,0.00, ,0.00, ,84, ,19.9, ,64.0, ,98, ,63.4, ,1.5, ,49, ,74.3, 
248,Holt,San Joaquin Valley,8/4/2024,0700,217,0.00, ,0.00, ,398, ,20.0, ,68.2, ,85, ,63.5, ,4.8, ,315, ,74.0, 
248,Holt,San Joaquin Valley,8/4/2024,0800,217,0.01, ,0.00, ,808, ,19.7, ,72.3, ,73, ,63.1, ,4.7, ,316, ,73.7, 
248,Holt,San Joaquin Valley,8/4/2024,0900,217,0.02, ,0.00, ,1198, ,19.5, ,75.9, ,64, ,62.7, ,4.9, ,322, ,73.6, 
248,Holt,San Joaquin Valley,8/4/2024,1000,217,0.02, ,0.00, ,1516, ,20.1, ,78.5, ,60, ,63.6, ,5.6, ,301, ,73.7, 
248,Holt,San Joaquin Valley,8/4/2024,1100,217,0.03, ,0.00, ,1741, ,20.7, ,82.9, ,54, ,64.5, ,5.7, ,338, ,74.1, 
248,Holt,San Joaquin Valley,8/4/2024,1200,217,0.03, ,0.00, ,1871, ,21.8, ,86.5, ,51, ,66.0, ,5.9, ,331, ,74.8, 
248,Holt,San Joaquin Valley,8/4/2024,1300,217,0.03, ,0.00, ,1885, ,21.6, ,88.6, ,47, ,65.7, ,7.4, ,308, ,75.8, 
248,Holt,San Joaquin Valley,8/4/2024,1400,217,0.03, ,0.00, ,1786, ,20.2, ,91.1, ,40, ,63.7, ,7.9, ,305, ,77.0, 
248,Holt,San Joaquin Valley,8/4/2024,1500,217,0.03, ,0.00, ,1590, ,17.6, ,93.5, ,33, ,59.9, ,9.8, ,312, ,78.0, 
248,Holt,San Joaquin Valley,8/4/2024,1600,217,0.03, ,0.00, ,1302, ,18.1, ,94.0, ,33, ,60.7, ,10.0, ,310, ,78.4, 
248,Holt,San Joaquin Valley,8/4/2024,1700,217,0.02, ,0.00, ,934, ,19.6, ,92.4, ,38, ,63.0, ,9.6, ,306, ,78.3, 
248,Holt,San Joaquin Valley,8/4/2024,1800,217,0.01, ,0.00, ,516, ,19.4, ,90.7, ,40, ,62.7, ,7.3, ,304, ,78.1, 
248,Holt,San Joaquin Valley,8/4/2024,1900,217,0.00, ,0.00, ,166, ,19.9, ,85.8, ,47, ,63.4, ,5.1, ,306, ,77.9, 
248,Holt,San Joaquin Valley,8/4/2024,2000,217,0.00, ,0.00, ,5, ,20.1, ,78.2, ,61, ,63.7, ,4.1, ,297, ,77.6, 
248,Holt,San Joaquin Valley,8/4/2024,2100,217,0.00, ,0.00, ,0, ,18.3, ,73.8, ,64, ,61.0, ,3.3, ,265, ,77.3, 
248,Holt,San Joaquin Valley,8/4/2024,2200,217,0.00, ,0.00, ,0, ,16.5, ,71.0, ,64, ,58.1, ,4.3, ,270, ,76.9, 
248,Holt,San Joaquin Valley,8/4/2024,2300,217,0.00, ,0.00, ,0, ,17.1, ,68.7, ,71, ,59.0, ,4.0, ,268, ,76.5, 
248,Holt,San Joaquin Valley,8/4/2024,2400,217,0.00, ,0.00, ,0, ,17.9, ,66.5, ,80, ,60.3, ,1.1, ,311, ,76.0, 
248,Holt,San Joaquin Valley,8/5/2024,0100,218,0.00, ,0.00, ,0, ,19.2, ,64.3, ,93, ,62.3, ,1.3, ,57, ,75.4, 
248,Holt,San Joaquin Valley,8/5/2024,0200,218,0.00, ,0.00, ,0, ,19.7, ,64.2, ,96, ,63.1, ,2.9, ,352, ,74.8, 
248,Holt,San Joaquin Valley,8/5/2024,0300,218,0.00, ,0.00, ,0, ,19.5, ,62.9, ,99, ,62.8, ,3.0, ,321, ,74.4, 
248,Holt,San Joaquin Valley,8/5/2024,0400,218,0.00, ,0.00, ,0, ,18.8, ,61.9, ,100, ,61.8, ,2.3, ,328, ,74.0, 
248,Holt,San Joaquin Valley,8/5/2024,0500,218,0.00,R,0.00, ,0, ,18.3, ,61.0, ,100, ,61.0, ,1.0,I,333, ,73.6, 
248,Holt,San Joaquin Valley,8/5/2024,0600,218,0.00, ,0.00, ,88, ,18.5, ,61.3, ,100, ,61.3, ,1.1, ,347, ,73.2, 
248,Holt,San Joaquin Valley,8/5/2024,0700,218,0.00, ,0.00, ,410, ,20.1, ,66.7, ,90, ,63.6, ,3.3, ,351, ,72.9, 
248,Holt,San Joaquin Valley,8/5/2024,0800,218,0.01, ,0.00, ,809, ,20.0, ,69.0, ,83, ,63.5, ,3.8, ,307, ,72.7, 
248,Holt,San Joaquin Valley,8/5/2024,0900,218,0.02, ,0.00, ,1206, ,19.9, ,74.0, ,70, ,63.4, ,4.4, ,2, ,72.8, 
248,Holt,San Joaquin Valley,8/5/2024,1000,218,0.02, ,0.00, ,1530, ,19.4, ,76.5, ,62, ,62.7, ,4.8, ,305, ,73.0, 
248,Holt,San Joaquin Valley,8/5/2024,1100,218,0.03, ,0.00, ,1757, ,19.3, ,79.1, ,57, ,62.5, ,5.2, ,299, ,73.3, 
248,Holt,San Joaquin Valley,8/5/2024,1200,218,0.03, ,0.00, ,1879, ,20.5, ,82.2, ,55, ,64.2, ,5.9, ,299, ,73.9, 
248,Holt,San Joaquin Valley,8/5/2024,1300,218,0.03, ,0.00, ,1885, ,19.8, ,85.4, ,48, ,63.2, ,6.3, ,303, ,74.9, 
248,Holt,San Joaquin Valley,8/5/2024,1400,218,0.03, ,0.00, ,1786, ,19.9, ,87.5, ,45, ,63.4, ,7.5, ,303, ,76.0, 
248,Holt,San Joaquin Valley,8/5/2024,1500,218,0.03, ,0.00, ,1596, ,19.9, ,90.3, ,41, ,63.4, ,7.3, ,314, ,77.0, 
248,Holt,San Joaquin Valley,8/5/2024,1600,218,0.02, ,0.00, ,1339, ,20.4, ,91.0, ,41, ,64.0, ,8.8, ,310, ,77.5, 
248,Holt,San Joaquin Valley,8/5/2024,1700,218,0.02, ,0.00, ,966, ,20.3, ,89.4, ,43, ,63.9, ,8.9, ,295, ,77.6, 
248,Holt,San Joaquin Valley,8/5/2024,1800,218,0.01, ,0.00, ,445, ,19.1, ,86.5, ,44, ,62.3, ,7.4, ,299, ,77.4, 
248,Holt,San Joaquin Valley,8/5/2024,1900,218,0.00, ,0.00, ,86, ,18.7, ,79.7, ,54, ,61.6, ,4.5, ,285, ,77.1, 
248,Holt,San Joaquin Valley,8/5/2024,2000,218,0.00, ,0.00, ,5, ,17.8, ,74.2, ,62, ,60.2, ,3.2, ,279, ,76.9, 
248,Holt,San Joaquin Valley,8/5/2024,2100,218,0.00, ,0.00, ,0, ,14.4, ,70.9, ,56, ,54.3, ,3.2, ,250, ,76.5, 
248,Holt,San Joaquin Valley,8/5/2024,2200,218,0.00, ,0.00, ,0, ,14.2, ,66.9, ,63, ,53.9, ,3.0, ,275, ,75.8, 
248,Holt,San Joaquin Valley,8/5/2024,2300,218,0.00, ,0.00, ,0, ,14.5, ,65.2, ,68, ,54.5, ,2.3, ,281, ,75.1, 
248,Holt,San Joaquin Valley,8/5/2024,2400,218,0.00, ,0.00, ,0, ,14.8, ,63.4, ,74, ,55.1, ,1.9, ,270, ,74.5, 
248,Holt,San Joaquin Valley,8/6/2024,0100,219,0.00, ,0.00, ,0, ,14.9, ,61.9, ,79, ,55.3, ,2.3, ,273, ,73.9, 
248,Holt,San Joaquin Valley,8/6/2024,0200,219,0.00, ,0.00, ,0, ,16.3, ,59.8, ,93, ,57.7, ,2.0, ,0, ,73.3, 
248,Holt,San Joaquin Valley,8/6/2024,0300,219,0.00, ,0.00, ,0, ,16.7, ,59.7, ,96, ,58.4, ,3.1, ,316, ,72.8, 
248,Holt,San Joaquin Valley,8/6/2024,0400,219,0.00, ,0.00, ,0, ,16.4, ,58.5, ,98, ,57.8, ,1.8, ,272, ,72.4, 
248,Holt,San Joaquin Valley,8/6/2024,0500,219,0.00, ,0.00, ,0, ,16.1, ,57.4, ,100, ,57.4, ,2.4, ,311, ,72.0, 
248,Holt,San Joaquin Valley,8/6/2024,0600,219,0.00, ,0.00, ,96, ,16.3, ,57.8, ,100, ,57.7, ,1.9, ,326, ,71.7, 
248,Holt,San Joaquin Valley,8/6/2024,0700,219,0.00, ,0.00, ,420, ,18.5, ,63.9, ,91, ,61.3, ,5.2, ,354, ,71.3, 
248,Holt,San Joaquin Valley,8/6/2024,0800,219,0.01, ,0.00, ,822, ,19.1, ,69.1, ,79, ,62.3, ,3.5, ,321, ,71.2, 
248,Holt,San Joaquin Valley,8/6/2024,0900,219,0.02, ,0.00, ,1211, ,19.5, ,75.1, ,66, ,62.8, ,4.2, ,319, ,71.4, 
248,Holt,San Joaquin Valley,8/6/2024,1000,219,0.02, ,0.00, ,1522, ,20.5, ,79.8, ,59, ,64.3, ,4.9, ,307, ,71.7, 
248,Holt,San Joaquin Valley,8/6/2024,1100,219,0.03, ,0.00, ,1747, ,20.5, ,82.8, ,54, ,64.2, ,6.4, ,296, ,72.2, 
248,Holt,San Joaquin Valley,8/6/2024,1200,219,0.03, ,0.00, ,1867, ,20.8, ,87.3, ,47, ,64.6, ,6.6, ,314, ,72.9, 
248,Holt,San Joaquin Valley,8/6/2024,1300,219,0.03, ,0.00, ,1879, ,20.1, ,91.5, ,40, ,63.7, ,7.0, ,314, ,73.9, 
248,Holt,San Joaquin Valley,8/6/2024,1400,219,0.03, ,0.00, ,1768, ,18.6, ,94.0, ,34, ,61.5, ,6.9, ,341, ,75.1, 
248,Holt,San Joaquin Valley,8/6/2024,1500,219,0.03, ,0.00, ,1578, ,17.8, ,96.5, ,30, ,60.2, ,6.0, ,328, ,76.2, 
248,Holt,San Joaquin Valley,8/6/2024,1600,219,0.02, ,0.00, ,1296, ,17.5, ,97.2, ,29, ,59.7, ,6.7, ,324, ,76.9, 
248,Holt,San Joaquin Valley,8/6/2024,1700,219,0.02, ,0.00, ,927, ,19.1, ,97.8, ,31, ,62.1, ,5.7, ,324, ,77.1, 
248,Holt,San Joaquin Valley,8/6/2024,1800,219,0.01,Y,0.00, ,511, ,19.1, ,97.0,Y,32,Y,62.1,Y,5.6, ,320, ,77.1, 
248,Holt,San Joaquin Valley,8/6/2024,1900,219,0.00,Y,0.00, ,148, ,17.1, ,91.8,Y,34,Y,59.1,Y,3.6, ,311, ,77.0, 
248,Holt,San Joaquin Valley,8/6/2024,2000,219,0.00, ,0.00, ,3, ,17.6, ,82.7, ,46, ,59.8, ,5.4, ,304, ,76.9, 
248,Holt,San Joaquin Valley,8/6/2024,2100,219,0.00, ,0.00, ,0, ,18.7, ,77.1, ,59, ,61.6, ,3.0, ,336, ,76.4, 
248,Holt,San Joaquin Valley,8/6/2024,2200,219,0.00, ,0.00, ,0, ,20.0, ,71.3, ,76, ,63.5, ,1.3, ,154, ,76.0, 
248,Holt,San Joaquin Valley,8/6/2024,2300,219,0.00, ,0.00, ,0, ,19.5, ,69.1, ,80, ,62.8, ,1.5, ,203, ,75.5, 
248,Holt,San Joaquin Valley,8/6/2024,2400,219,0.00, ,0.00, ,0, ,14.1, ,71.8, ,53, ,53.7, ,2.1, ,257, ,74.9, 
248,Holt,San Joaquin Valley,8/7/2024,0100,220,0.00, ,0.00, ,0, ,18.5, ,67.1, ,81, ,61.3, ,1.4, ,269, ,74.4, 
248,Holt,San Joaquin Valley,8/7/2024,0200,220,0.00, ,0.00, ,0, ,17.2, ,65.3, ,81, ,59.3, ,1.1, ,277, ,73.8, 
248,Holt,San Joaquin Valley,8/7/2024,0300,220,0.00, ,0.00, ,0, ,18.6, ,64.1, ,91, ,61.5, ,1.7, ,347, ,73.3, 
248,Holt,San Joaquin Valley,8/7/2024,0400,220,0.00, ,0.00, ,0, ,18.7, ,63.1, ,95, ,61.5, ,2.8, ,252, ,72.9, 
248,Holt,San Joaquin Valley,8/7/2024,0500,220,0.00, ,0.00, ,0, ,18.0, ,63.1, ,91, ,60.5, ,2.9, ,174, ,72.5, 
248,Holt,San Joaquin Valley,8/7/2024,0600,220,0.00, ,0.00, ,79, ,18.4, ,62.8, ,94, ,61.1, ,1.7, ,152, ,72.2, 
248,Holt,San Joaquin Valley,8/7/2024,0700,220,0.00, ,0.00, ,401, ,20.3, ,68.3, ,86, ,63.9, ,3.1, ,269, ,71.9, 
248,Holt,San Joaquin Valley,8/7/2024,0800,220,0.01, ,0.00, ,810, ,19.6, ,76.8, ,62, ,62.9, ,4.1, ,336, ,71.9, 
248,Holt,San Joaquin Valley,8/7/2024,0900,220,0.02, ,0.00, ,1173, ,19.6, ,79.9, ,56, ,62.9, ,5.4, ,306, ,72.1, 
248,Holt,San Joaquin Valley,8/7/2024,1000,220,0.02, ,0.00, ,1505, ,20.0, ,84.1, ,50, ,63.6, ,5.6, ,308, ,72.4, 
248,Holt,San Joaquin Valley,8/7/2024,1100,220,0.03,Y,0.00, ,1728, ,21.5, ,90.6,Y,44,Y,65.5,Y,6.3, ,336, ,72.9, 
248,Holt,San Joaquin Valley,8/7/2024,1200,220,0.03, ,0.00, ,1844, ,20.7, ,92.8, ,39, ,64.4, ,7.5, ,317, ,73.7, 
248,Holt,San Joaquin Valley,8/7/2024,1300,220,0.03,Y,0.00, ,1852, ,18.0, ,95.9,Y,31,Y,60.5,Y,7.2, ,334, ,74.7, 
248,Holt,San Joaquin Valley,8/7/2024,1400,220,0.03,Y,0.00, ,1761, ,14.2, ,98.5,Y,23,Y,53.9,Y,7.2, ,325, ,75.9, 
248,Holt,San Joaquin Valley,8/7/2024,1500,220,0.03, ,0.00, ,1561, ,16.3, ,99.3, ,25, ,57.7, ,7.6, ,333, ,76.7, 
248,Holt,San Joaquin Valley,8/7/2024,1600,220,0.03, ,0.00, ,1275, ,16.1, ,98.1, ,26, ,57.4, ,8.9, ,307, ,77.1, 
248,Holt,San Joaquin Valley,8/7/2024,1700,220,0.02, ,0.00, ,904, ,15.1, ,94.8, ,27, ,55.7, ,9.3, ,299, ,76.9, 
248,Holt,San Joaquin Valley,8/7/2024,1800,220,0.01, ,0.00, ,498, ,15.0, ,91.0, ,30, ,55.4, ,7.8, ,294, ,76.6, 
248,Holt,San Joaquin Valley,8/7/2024,1900,220,0.01, ,0.00, ,125, ,14.3, ,86.3, ,33, ,54.2, ,6.0, ,299, ,76.3, 
248,Holt,San Joaquin Valley,8/7/2024,2000,220,0.00, ,0.00, ,3, ,12.9, ,79.8, ,37, ,51.3, ,5.5, ,298, ,75.8, 
248,Holt,San Joaquin Valley,8/7/2024,2100,220,0.00, ,0.00, ,1, ,13.3, ,76.9, ,42, ,52.1, ,5.5, ,274, ,75.3, 
248,Holt,San Joaquin Valley,8/7/2024,2200,220,0.00, ,0.00, ,0, ,14.2, ,72.5, ,52, ,53.9, ,2.2, ,158, ,75.1, 
248,Holt,San Joaquin Valley,8/7/2024,2300,220,0.00, ,0.00, ,0, ,14.1, ,70.2, ,56, ,53.8, ,2.6, ,288, ,74.7, 
248,Holt,San Joaquin Valley,8/7/2024,2400,220,0.00, ,0.00, ,0, ,14.2, ,68.6, ,59, ,53.9, ,3.0, ,269, ,74.2, 
248,Holt,San Joaquin Valley,8/8/2024,0100,221,0.00, ,0.00, ,0, ,16.0, ,66.0, ,73, ,57.2, ,2.4, ,279, ,73.7, 
248,Holt,San Joaquin Valley,8/8/2024,0200,221,0.00, ,0.00, ,0, ,17.1, ,63.5, ,85, ,59.1, ,1.5, ,355, ,73.2, 
248,Holt,San Joaquin Valley,8/8/2024,0300,221,0.00, ,0.00, ,0, ,17.4, ,63.4, ,87, ,59.5, ,3.4, ,352, ,72.7, 
248,Holt,San Joaquin Valley,8/8/2024,0400,221,0.00, ,0.00, ,0, ,17.0, ,63.6, ,84, ,58.8, ,4.0, ,354, ,72.3, 
248,Holt,San Joaquin Valley,8/8/2024,0500,221,0.00, ,0.00, ,0, ,17.5, ,62.3, ,91, ,59.8, ,3.6, ,346, ,72.0, 
248,Holt,San Joaquin Valley,8/8/2024,0600,221,0.00, ,0.00, ,75, ,18.2, ,63.3, ,92, ,60.8, ,3.9, ,216, ,71.7, 
248,Holt,San Joaquin Valley,8/8/2024,0700,221,0.01, ,0.00, ,395, ,18.5, ,68.5, ,78, ,61.3, ,5.4, ,311, ,71.4, 
248,Holt,San Joaquin Valley,8/8/2024,0800,221,0.01, ,0.00, ,730, ,19.1, ,72.8, ,69, ,62.1, ,5.3, ,29, ,71.2, 
248,Holt,San Joaquin Valley,8/8/2024,0900,221,0.02, ,0.00, ,1202, ,18.2, ,76.2, ,59, ,60.9, ,6.3, ,324, ,71.3, 
248,Holt,San Joaquin Valley,8/8/2024,1000,221,0.02, ,0.00, ,1508, ,17.4, ,79.1, ,51, ,59.5, ,6.4, ,314, ,71.5, 
248,Holt,San Joaquin Valley,8/8/2024,1100,221,0.03, ,0.00, ,1716, ,18.1, ,82.6, ,48, ,60.6, ,5.8, ,333, ,71.9, 
248,Holt,San Joaquin Valley,8/8/2024,1200,221,0.03, ,0.00, ,1830, ,19.9, ,86.6, ,46, ,63.4, ,5.5, ,333, ,72.6, 
248,Holt,San Joaquin Valley,8/8/2024,1300,221,0.03, ,0.00, ,1794, ,19.8, ,89.0, ,42, ,63.2, ,7.5, ,307, ,73.7, 
248,Holt,San Joaquin Valley,8/8/2024,1400,221,0.03, ,0.00, ,1741, ,19.2, ,91.6, ,38, ,62.4, ,8.4, ,306, ,74.7, 
248,Holt,San Joaquin Valley,8/8/2024,1500,221,0.03, ,0.00, ,1551, ,19.4, ,93.5, ,36, ,62.6, ,8.3, ,306, ,75.4, 
248,Holt,San Joaquin Valley,8/8/2024,1600,221,0.02, ,0.00, ,1254, ,19.4, ,93.5, ,36, ,62.7, ,9.0, ,300, ,75.9, 
248,Holt,San Joaquin Valley,8/8/2024,1700,221,0.02, ,0.00, ,887, ,18.5, ,92.6, ,36, ,61.3, ,8.2, ,282, ,76.0, 
248,Holt,San Joaquin Valley,8/8/2024,1800,221,0.01, ,0.00, ,485, ,19.6, ,88.6, ,43, ,62.9, ,7.7, ,280, ,76.2, 
248,Holt,San Joaquin Valley,8/8/2024,1900,221,0.00, ,0.00, ,137, ,19.5, ,83.6, ,50, ,62.7, ,4.3, ,274, ,76.3, 
248,Holt,San Joaquin Valley,8/8/2024,2000,221,0.00, ,0.00, ,4, ,19.0, ,76.4, ,61, ,62.1, ,1.4, ,279, ,76.1, 
248,Holt,San Joaquin Valley,8/8/2024,2100,221,0.00, ,0.00, ,0, ,20.5, ,69.7, ,83, ,64.3, ,1.6, ,26, ,75.6, 
248,Holt,San Joaquin Valley,8/8/2024,2200,221,0.00, ,0.00, ,0, ,19.1, ,69.3, ,78, ,62.3, ,4.5, ,328, ,74.9, 
248,Holt,San Joaquin Valley,8/8/2024,2300,221,0.00, ,0.00, ,0, ,19.1, ,66.6, ,86, ,62.2, ,2.6, ,345, ,74.3, 
248,Holt,San Joaquin Valley,8/8/2024,2400,221,0.00, ,0.00, ,0, ,19.5, ,64.3, ,95, ,62.7, ,1.3, ,1, ,73.9, 
248,Holt,San Joaquin Valley,8/9/2024,0100,222,0.00, ,0.00, ,0, ,19.1, ,62.9, ,98, ,62.2, ,1.2, ,3, ,73.3, 
248,Holt,San Joaquin Valley,8/9/2024,0200,222,0.00, ,0.00, ,0, ,18.7, ,62.0, ,99, ,61.6, ,3.8, ,351, ,72.8, 
248,Holt,San Joaquin Valley,8/9/2024,0300,222,0.00, ,0.00, ,0, ,18.0, ,60.8, ,99, ,60.5, ,3.6, ,25, ,72.4, 
248,Holt,San Joaquin Valley,8/9/2024,0400,222,0.00, ,0.00, ,0, ,17.9, ,60.3, ,100, ,60.3, ,3.8, ,8, ,72.1, 
248,Holt,San Joaquin Valley,8/9/2024,0500,222,0.00, ,0.00, ,0, ,17.7, ,60.3, ,99, ,60.0, ,3.8, ,346, ,71.7, 
248,Holt,San Joaquin Valley,8/9/2024,0600,222,0.00, ,0.00, ,67, ,17.9, ,61.1, ,97, ,60.3, ,4.4, ,324, ,71.4, 
248,Holt,San Joaquin Valley,8/9/2024,0700,222,0.00, ,0.00, ,378, ,18.7, ,65.7, ,86, ,61.5, ,4.8, ,360, ,71.0, 
248,Holt,San Joaquin Valley,8/9/2024,0800,222,0.01, ,0.00, ,790, ,19.6, ,68.7, ,82, ,63.0, ,4.6, ,306, ,70.9, 
248,Holt,San Joaquin Valley,8/9/2024,0900,222,0.02, ,0.00, ,1186, ,19.5, ,74.2, ,67, ,62.8, ,5.0, ,332, ,71.0, 
248,Holt,San Joaquin Valley,8/9/2024,1000,222,0.02, ,0.00, ,1501, ,18.9, ,77.3, ,59, ,62.0, ,5.2, ,302, ,71.3, 
248,Holt,San Joaquin Valley,8/9/2024,1100,222,0.03, ,0.00, ,1722, ,19.4, ,80.8, ,54, ,62.6, ,4.8, ,303, ,71.8, 
248,Holt,San Joaquin Valley,8/9/2024,1200,222,0.03, ,0.00, ,1844, ,20.7, ,85.5, ,49, ,64.5, ,5.5, ,312, ,72.5, 
248,Holt,San Joaquin Valley,8/9/2024,1300,222,0.03, ,0.00, ,1861, ,19.5, ,88.8, ,42, ,62.8, ,7.6, ,302, ,73.6, 
248,Holt,San Joaquin Valley,8/9/2024,1400,222,0.03, ,0.00, ,1770, ,18.3, ,91.2, ,37, ,61.0, ,8.9, ,303, ,74.6, 
248,Holt,San Joaquin Valley,8/9/2024,1500,222,0.03, ,0.00, ,1575, ,19.6, ,93.2, ,37, ,62.9, ,8.4, ,309, ,75.4, 
248,Holt,San Joaquin Valley,8/9/2024,1600,222,0.02, ,0.00, ,1279, ,19.2, ,93.6, ,36, ,62.4, ,8.8, ,301, ,75.9, 
248,Holt,San Joaquin Valley,8/9/2024,1700,222,0.02, ,0.00, ,914, ,18.0, ,93.7, ,33, ,60.6, ,8.0, ,302, ,75.9, 
248,Holt,San Joaquin Valley,8/9/2024,1800,222,0.01, ,0.00, ,507, ,17.2, ,90.2, ,35, ,59.2, ,7.7, ,289, ,75.8, 
248,Holt,San Joaquin Valley,8/9/2024,1900,222,0.00, ,0.00, ,143, ,16.0, ,84.7, ,39, ,57.3, ,4.4, ,283, ,75.8, 
248,Holt,San Joaquin Valley,8/9/2024,2000,222,0.00, ,0.00, ,3, ,11.1, ,77.1, ,35, ,47.3, ,8.0, ,243, ,75.7, 
248,Holt,San Joaquin Valley,8/9/2024,2100,222,0.00, ,0.00, ,0, ,11.8, ,73.2, ,42, ,49.0, ,7.2, ,257, ,75.1, 
248,Holt,San Joaquin Valley,8/9/2024,2200,222,0.00, ,0.00, ,0, ,11.1, ,71.0, ,43, ,47.2, ,3.8, ,212, ,74.4, 
248,Holt,San Joaquin Valley,8/9/2024,2300,222,0.00, ,0.00, ,0, ,11.1, ,67.4, ,48, ,47.2, ,2.4, ,211, ,73.9, 
248,Holt,San Joaquin Valley,8/9/2024,2400,222,0.00, ,0.00, ,0, ,12.7, ,64.5, ,61, ,51.0, ,3.9, ,271, ,73.1, 
248,Holt,San Joaquin Valley,8/10/2024,0100,223,0.00, ,0.00, ,0, ,14.6, ,61.4, ,78, ,54.6, ,1.7, ,276, ,72.5, 
248,Holt,San Joaquin Valley,8/10/2024,0200,223,0.00, ,0.00, ,0, ,14.6, ,57.9, ,89, ,54.7, ,2.0, ,318, ,71.8, 
248,Holt,San Joaquin Valley,8/10/2024,0300,223,0.00, ,0.00, ,0, ,14.4, ,56.0, ,94, ,54.4, ,1.4, ,341, ,71.1, 
248,Holt,San Joaquin Valley,8/10/2024,0400,223,0.00, ,0.00, ,0, ,15.1, ,55.8, ,99, ,55.6, ,1.6, ,331, ,70.5, 
248,Holt,San Joaquin Valley,8/10/2024,0500,223,0.00, ,0.00, ,0, ,15.2, ,55.8, ,100, ,55.7, ,1.9, ,279, ,70.0, 
248,Holt,San Joaquin Valley,8/10/2024,0600,223,0.00, ,0.00, ,116, ,15.7, ,56.7, ,100, ,56.7, ,2.1, ,351, ,69.6, 
248,Holt,San Joaquin Valley,8/10/2024,0700,223,0.00, ,0.00, ,327, ,18.1, ,63.8, ,90, ,60.7, ,3.1, ,346, ,69.5, 
248,Holt,San Joaquin Valley,8/10/2024,0800,223,0.01, ,0.00, ,878, ,18.6, ,69.5, ,76, ,61.4, ,5.0, ,332, ,69.6, 
248,Holt,San Joaquin Valley,8/10/2024,0900,223,0.02, ,0.00, ,1242, ,18.7, ,74.6, ,64, ,61.5, ,4.9, ,334, ,69.8, 
248,Holt,San Joaquin Valley,8/10/2024,1000,223,0.02, ,0.00, ,1508, ,18.4, ,78.0, ,56, ,61.1, ,5.1, ,326, ,70.3, 
248,Holt,San Joaquin Valley,8/10/2024,1100,223,0.03, ,0.00, ,1722, ,17.9, ,80.9, ,50, ,60.3, ,6.7, ,305, ,70.9, 
248,Holt,San Joaquin Valley,8/10/2024,1200,223,0.03, ,0.00, ,1852, ,17.9, ,84.5, ,44, ,60.4, ,5.8, ,301, ,71.7, 
248,Holt,San Joaquin Valley,8/10/2024,1300,223,0.03, ,0.00, ,1881, ,18.2, ,88.8, ,39, ,60.9, ,6.2, ,309, ,72.8, 
248,Holt,San Joaquin Valley,8/10/2024,1400,223,0.03, ,0.00, ,1780, ,19.3, ,92.4, ,37, ,62.5, ,6.4, ,331, ,74.0, 
248,Holt,San Joaquin Valley,8/10/2024,1500,223,0.03, ,0.00, ,1587, ,19.6, ,95.1, ,35, ,62.9, ,6.1, ,332, ,74.9, 
248,Holt,San Joaquin Valley,8/10/2024,1600,223,0.02, ,0.00, ,1301, ,18.2, ,94.5, ,33, ,60.8, ,7.3, ,305, ,75.5, 
248,Holt,San Joaquin Valley,8/10/2024,1700,223,0.02, ,0.00, ,945, ,19.4, ,93.7, ,36, ,62.6, ,6.7, ,325, ,75.7, 
248,Holt,San Joaquin Valley,8/10/2024,1800,223,0.01, ,0.00, ,399, ,20.0, ,93.3, ,38, ,63.5, ,4.0, ,329, ,75.7, 
248,Holt,San Joaquin Valley,8/10/2024,1900,223,0.00, ,0.00, ,166, ,17.6, ,88.1, ,39, ,59.9, ,5.4, ,261, ,75.7, 
248,Holt,San Joaquin Valley,8/10/2024,2000,223,0.00, ,0.00, ,3, ,14.6, ,82.0, ,39, ,54.7, ,7.5, ,236, ,75.6, 
248,Holt,San Joaquin Valley,8/10/2024,2100,223,0.00, ,0.00, ,1, ,14.5, ,76.6, ,46, ,54.5, ,5.1, ,215, ,75.0, 
248,Holt,San Joaquin Valley,8/10/2024,2200,223,0.00, ,0.00, ,0, ,14.0, ,75.1, ,47, ,53.5, ,5.0, ,229, ,74.5, 
248,Holt,San Joaquin Valley,8/10/2024,2300,223,0.00, ,0.00, ,0, ,13.9, ,73.2, ,50, ,53.4, ,3.9, ,213, ,74.0, 
248,Holt,San Joaquin Valley,8/10/2024,2400,223,0.00, ,0.00, ,0, ,13.8, ,70.0, ,55, ,53.1, ,2.1, ,211, ,73.5, 
248,Holt,San Joaquin Valley,8/11/2024,0100,224,0.00, ,0.00, ,0, ,15.1, ,66.7, ,68, ,55.7, ,3.8, ,222, ,72.9, 
248,Holt,San Joaquin Valley,8/11/2024,0200,224,0.00, ,0.00, ,0, ,14.3, ,69.5, ,58, ,54.1, ,6.3, ,214, ,72.4, 
248,Holt,San Joaquin Valley,8/11/2024,0300,224,0.00, ,0.00, ,0, ,14.3, ,67.8, ,61, ,54.1, ,4.1, ,228, ,71.9, 
248,Holt,San Joaquin Valley,8/11/2024,0400,224,0.00, ,0.00, ,0, ,14.5, ,65.2, ,68, ,54.5, ,3.8, ,252, ,71.5, 
248,Holt,San Joaquin Valley,8/11/2024,0500,224,0.00, ,0.00, ,0, ,15.2, ,60.7, ,84, ,55.7, ,2.9, ,310, ,71.2, 
248,Holt,San Joaquin Valley,8/11/2024,0600,224,0.00, ,0.00, ,89, ,17.3, ,61.6, ,93, ,59.4, ,2.9, ,327, ,70.8, 
248,Holt,San Joaquin Valley,8/11/2024,0700,224,0.00, ,0.00, ,383, ,18.5, ,66.5, ,83, ,61.3, ,3.6, ,334, ,70.5, 
248,Holt,San Joaquin Valley,8/11/2024,0800,224,0.01, ,0.00, ,827, ,19.3, ,71.1, ,74, ,62.4, ,4.9, ,315, ,70.4, 
248,Holt,San Joaquin Valley,8/11/2024,0900,224,0.02, ,0.00, ,1187, ,18.6, ,74.8, ,63, ,61.4, ,4.3, ,300, ,70.6, 
248,Holt,San Joaquin Valley,8/11/2024,1000,224,0.02, ,0.00, ,1508, ,18.0, ,78.8, ,54, ,60.5, ,2.9, ,266, ,71.0, 
248,Holt,San Joaquin Valley,8/11/2024,1100,224,0.03, ,0.00, ,1745, ,18.2, ,84.2, ,45, ,60.9, ,3.4, ,228, ,71.7, 
248,Holt,San Joaquin Valley,8/11/2024,1200,224,0.03, ,0.00, ,1556, ,18.9, ,87.7, ,42, ,61.9, ,4.8, ,254, ,72.9, 
248,Holt,San Joaquin Valley,8/11/2024,1300,224,0.03, ,0.00, ,1714, ,20.3, ,91.6, ,40, ,64.0, ,3.6, ,339, ,74.1, 
248,Holt,San Joaquin Valley,8/11/2024,1400,224,0.03, ,0.00, ,1513, ,20.3, ,92.2, ,39, ,64.0, ,6.8, ,333, ,75.1, 
248,Holt,San Joaquin Valley,8/11/2024,1500,224,0.01, ,0.00, ,808, ,19.8, ,88.1, ,44, ,63.3, ,7.3, ,309, ,75.6, 
248,Holt,San Joaquin Valley,8/11/2024,1600,224,0.01, ,0.00, ,571, ,19.7, ,85.6, ,47, ,63.1, ,6.4, ,303, ,75.5, 
248,Holt,San Joaquin Valley,8/11/2024,1700,224,0.01, ,0.00, ,495, ,20.8, ,86.4, ,48, ,64.6, ,3.8, ,330, ,75.5, 
248,Holt,San Joaquin Valley,8/11/2024,1800,224,0.01, ,0.00, ,572, ,19.4, ,88.8, ,42, ,62.6, ,4.5, ,295, ,75.5, 
248,Holt,San Joaquin Valley,8/11/2024,1900,224,0.01, ,0.00, ,135, ,15.3, ,83.3, ,39, ,56.0, ,9.4, ,246, ,75.5, 
248,Holt,San Joaquin Valley,8/11/2024,2000,224,0.00, ,0.00, ,4, ,17.1, ,76.6, ,55, ,59.1, ,6.7, ,262, ,75.3, 
248,Holt,San Joaquin Valley,8/11/2024,2100,224,0.00, ,0.00, ,0, ,16.6, ,72.9, ,60, ,58.2, ,6.0, ,244, ,74.9, 
248,Holt,San Joaquin Valley,8/11/2024,2200,224,0.00, ,0.00, ,0, ,15.5, ,69.5, ,63, ,56.4, ,7.6, ,253, ,74.4, 
248,Holt,San Joaquin Valley,8/11/2024,2300,224,0.00, ,0.00, ,0, ,16.0, ,66.6, ,72, ,57.2, ,3.2, ,266, ,73.9, 
248,Holt,San Joaquin Valley,8/11/2024,2400,224,0.00, ,0.00, ,0, ,15.6, ,66.1, ,71, ,56.5, ,5.4, ,259, ,73.4, 
248,Holt,San Joaquin Valley,8/12/2024,0100,225,0.00, ,0.00, ,0, ,16.3, ,64.2, ,80, ,57.8, ,4.6, ,240, ,73.0, 
248,Holt,San Joaquin Valley,8/12/2024,0200,225,0.00, ,0.00, ,0, ,16.4, ,62.6, ,85, ,57.9, ,5.8, ,238, ,72.6, 
248,Holt,San Joaquin Valley,8/12/2024,0300,225,0.00, ,0.00, ,0, ,15.9, ,60.6, ,88, ,57.0, ,4.8, ,260, ,72.1, 
248,Holt,San Joaquin Valley,8/12/2024,0400,225,0.00, ,0.00, ,0, ,15.8, ,60.3, ,89, ,56.9, ,4.8, ,255, ,71.7, 
248,Holt,San Joaquin Valley,8/12/2024,0500,225,0.00, ,0.00, ,0, ,15.6, ,58.4, ,93, ,56.4, ,2.3, ,249, ,71.3, 
248,Holt,San Joaquin Valley,8/12/2024,0600,225,0.00, ,0.00, ,77, ,15.7, ,57.6, ,97, ,56.7, ,2.2, ,251, ,70.7, 
248,Holt,San Joaquin Valley,8/12/2024,0700,225,0.00, ,0.00, ,390, ,16.9, ,63.6, ,84, ,58.7, ,1.6, ,304, ,70.3, 
248,Holt,San Joaquin Valley,8/12/2024,0800,225,0.01, ,0.00, ,817, ,17.8, ,69.6, ,72, ,60.2, ,2.5, ,309, ,70.1, 
248,Holt,San Joaquin Valley,8/12/2024,0900,225,0.01, ,0.00, ,1229, ,18.4, ,72.6, ,67, ,61.1, ,4.0, ,311, ,70.3, 
248,Holt,San Joaquin Valley,8/12/2024,1000,225,0.02, ,0.00, ,1259, ,18.5, ,76.2, ,60, ,61.2, ,4.5, ,309, ,70.7, 
248,Holt,San Joaquin Valley,8/12/2024,1100,225,0.02, ,0.00, ,1161, ,19.2, ,78.6, ,57, ,62.3, ,5.2, ,8, ,71.1, 
248,Holt,San Joaquin Valley,8/12/2024,1200,225,0.03, ,0.00, ,1764, ,19.5, ,83.7, ,50, ,62.8, ,5.6, ,344, ,71.8, 
248,Holt,San Joaquin Valley,8/12/2024,1300,225,0.03, ,0.00, ,1801, ,20.0, ,86.4, ,46, ,63.5, ,5.8, ,315, ,72.8, 
248,Holt,San Joaquin Valley,8/12/2024,1400,225,0.02, ,0.00, ,1281, ,18.9, ,87.3, ,43, ,61.8, ,7.6, ,314, ,73.7, 
248,Holt,San Joaquin Valley,8/12/2024,1500,225,0.02, ,0.00, ,999, ,18.0, ,87.5, ,40, ,60.5, ,8.0, ,314, ,74.2, 
248,Holt,San Joaquin Valley,8/12/2024,1600,225,0.02, ,0.00, ,982, ,16.8, ,87.0, ,38, ,58.6, ,8.8, ,272, ,74.4, 
248,Holt,San Joaquin Valley,8/12/2024,1700,225,0.02, ,0.00, ,818, ,16.2, ,86.0, ,38, ,57.5, ,7.4, ,289, ,74.5, 
248,Holt,San Joaquin Valley,8/12/2024,1800,225,0.01, ,0.00, ,518, ,9.4, ,82.9, ,25, ,43.0, ,8.8, ,252, ,74.5, 
248,Holt,San Joaquin Valley,8/12/2024,1900,225,0.01, ,0.00, ,125, ,9.1, ,76.7, ,29, ,42.0, ,7.2, ,251, ,74.3, 
248,Holt,San Joaquin Valley,8/12/2024,2000,225,0.00, ,0.00, ,2, ,9.7, ,70.7, ,38, ,43.7, ,8.7, ,224, ,73.7, 
248,Holt,San Joaquin Valley,8/12/2024,2100,225,0.00, ,0.00, ,0, ,11.3, ,67.4, ,50, ,47.9, ,7.2, ,216, ,72.7, 
248,Holt,San Joaquin Valley,8/12/2024,2200,225,0.00, ,0.00, ,0, ,11.8, ,65.8, ,54, ,48.9, ,6.1, ,210, ,71.8, 
248,Holt,San Joaquin Valley,8/12/2024,2300,225,0.00, ,0.00, ,0, ,11.1, ,65.3, ,52, ,47.4, ,6.2, ,221, ,71.1, 
248,Holt,San Joaquin Valley,8/12/2024,2400,225,0.00, ,0.00, ,0, ,11.4, ,63.0, ,58, ,47.9, ,5.9, ,222, ,70.5, 
248,Holt,San Joaquin Valley,8/13/2024,0100,226,0.00, ,0.00, ,0, ,11.2, ,62.1, ,59, ,47.5, ,6.0, ,230, ,69.9, 
248,Holt,San Joaquin Valley,8/13/2024,0200,226,0.00, ,0.00, ,0, ,11.0, ,61.6, ,59, ,47.1, ,4.4, ,241, ,69.4, 
248,Holt,San Joaquin Valley,8/13/2024,0300,226,0.00, ,0.00, ,0, ,11.2, ,60.0, ,63, ,47.5, ,3.0, ,276, ,69.0, 
248,Holt,San Joaquin Valley,8/13/2024,0400,226,0.00, ,0.00, ,0, ,11.9, ,60.4, ,66, ,49.1, ,4.5, ,318, ,68.8, 
248,Holt,San Joaquin Valley,8/13/2024,0500,226,0.00, ,0.00, ,0, ,12.4, ,59.6, ,71, ,50.2, ,3.3, ,289, ,68.6, 
248,Holt,San Joaquin Valley,8/13/2024,0600,226,0.00, ,0.00, ,67, ,12.8, ,59.0, ,75, ,51.1, ,3.6, ,251, ,68.4, 
248,Holt,San Joaquin Valley,8/13/2024,0700,226,0.01, ,0.00, ,377, ,13.3, ,64.4, ,64, ,52.1, ,5.1, ,264, ,68.2, 
248,Holt,San Joaquin Valley,8/13/2024,0800,226,0.01, ,0.00, ,791, ,15.0, ,70.9, ,58, ,55.3, ,4.3, ,347, ,68.3, 
248,Holt,San Joaquin Valley,8/13/2024,0900,226,0.02, ,0.00, ,1184, ,14.6, ,74.2, ,51, ,54.7, ,4.0, ,310, ,68.6, 
248,Holt,San Joaquin Valley,8/13/2024,1000,226,0.02, ,0.00, ,1504, ,14.6, ,77.5, ,46, ,54.8, ,5.0, ,356, ,68.9, 
248,Holt,San Joaquin Valley,8/13/2024,1100,226,0.03, ,0.00, ,1720, ,13.7, ,80.2, ,39, ,52.9, ,3.8, ,17, ,69.5, 
248,Holt,San Joaquin Valley,8/13/2024,1200,226,0.03, ,0.00, ,1840, ,14.0, ,82.5, ,37, ,53.6, ,4.6, ,1, ,70.3, 
248,Holt,San Joaquin Valley,8/13/2024,1300,226,0.03, ,0.00, ,1881, ,13.5, ,83.6, ,34, ,52.6, ,5.4, ,319, ,71.3, 
248,Holt,San Joaquin Valley,8/13/2024,1400,226,0.03, ,0.00, ,1776, ,13.5, ,85.7, ,32, ,52.6, ,5.5, ,313, ,72.2, 
248,Holt,San Joaquin Valley,8/13/2024,1500,226,0.03, ,0.00, ,1567, ,14.0, ,87.2, ,32, ,53.6, ,6.7, ,314, ,72.9, 
248,Holt,San Joaquin Valley,8/13/2024,1600,226,0.02, ,0.00, ,1263, ,14.3, ,88.6, ,31, ,54.1, ,7.2, ,306, ,73.2, 
248,Holt,San Joaquin Valley,8/13/2024,1700,226,0.02, ,0.00, ,886, ,14.4, ,89.6, ,30, ,54.4, ,8.0, ,319, ,73.3, 
248,Holt,San Joaquin Valley,8/13/2024,1800,226,0.01, ,0.00, ,465, ,14.8, ,87.2, ,34, ,55.1, ,6.6, ,300, ,73.1, 
248,Holt,San Joaquin Valley,8/13/2024,1900,226,0.00, ,0.00, ,117, ,13.0, ,81.7, ,35, ,51.6, ,5.3, ,252, ,73.1, 
248,Holt,San Joaquin Valley,8/13/2024,2000,226,0.00, ,0.00, ,3, ,12.7, ,75.8, ,42, ,50.9, ,4.1, ,256, ,73.1, 
248,Holt,San Joaquin Valley,8/13/2024,2100,226,0.00, ,0.00, ,0, ,13.5, ,72.2, ,50, ,52.6, ,4.1, ,254, ,72.8, 
248,Holt,San Joaquin Valley,8/13/2024,2200,226,0.00, ,0.00, ,0, ,14.4, ,70.4, ,57, ,54.2, ,5.0, ,248, ,72.4, 
248,Holt,San Joaquin Valley,8/13/2024,2300,226,0.00, ,0.00, ,0, ,14.5, ,68.9, ,60, ,54.6, ,4.5, ,224, ,71.9, 
248,Holt,San Joaquin Valley,8/13/2024,2400,226,0.00, ,0.00, ,0, ,14.6, ,67.8, ,63, ,54.6, ,5.1, ,227, ,71.5, 
248,Holt,San Joaquin Valley,8/14/2024,0100,227,0.00, ,0.00, ,0, ,14.8, ,67.1, ,65, ,55.1, ,5.4, ,234, ,71.1, 
248,Holt,San Joaquin Valley,8/14/2024,0200,227,0.00, ,0.00, ,0, ,15.5, ,65.3, ,73, ,56.3, ,4.2, ,231, ,70.7, 
248,Holt,San Joaquin Valley,8/14/2024,0300,227,0.00, ,0.00, ,0, ,15.7, ,63.9, ,77, ,56.7, ,2.3, ,164, ,70.4, 
248,Holt,San Joaquin Valley,8/14/2024,0400,227,0.00, ,0.00, ,0, ,15.3, ,59.6, ,88, ,56.0, ,1.9, ,77, ,70.1, 
248,Holt,San Joaquin Valley,8/14/2024,0500,227,0.00, ,0.00, ,0, ,15.1, ,58.2, ,91, ,55.5, ,1.6, ,38, ,69.5, 
248,Holt,San Joaquin Valley,8/14/2024,0600,227,0.00, ,0.00, ,68, ,15.4, ,59.1, ,90, ,56.2, ,1.9, ,78, ,69.0, 
248,Holt,San Joaquin Valley,8/14/2024,0700,227,0.00, ,0.00, ,381, ,16.8, ,65.6, ,78, ,58.6, ,2.4, ,125, ,68.7, 
248,Holt,San Joaquin Valley,8/14/2024,0800,227,0.01, ,0.00, ,793, ,16.8, ,70.9, ,65, ,58.6, ,5.8, ,250, ,68.8, 
248,Holt,San Joaquin Valley,8/14/2024,0900,227,0.02, ,0.00, ,1186, ,16.2, ,75.8, ,53, ,57.5, ,4.7, ,279, ,69.2, 
248,Holt,San Joaquin Valley,8/14/2024,1000,227,0.02, ,0.00, ,1497, ,17.3, ,79.3, ,51, ,59.4, ,4.6, ,316, ,69.7, 
248,Holt,San Joaquin Valley,8/14/2024,1100,227,0.03, ,0.00, ,1710, ,18.1, ,82.5, ,48, ,60.6, ,5.4, ,299, ,70.3, 
248,Holt,San Joaquin Valley,8/14/2024,1200,227,0.03, ,0.00, ,1823, ,17.7, ,85.5, ,42, ,60.0, ,5.2, ,310, ,71.1, 
248,Holt,San Joaquin Valley,8/14/2024,1300,227,0.03, ,0.00, ,1842, ,17.6, ,87.6, ,39, ,59.9, ,6.4, ,311, ,72.1, 
248,Holt,San Joaquin Valley,8/14/2024,1400,227,0.03, ,0.00, ,1749, ,17.6, ,91.2, ,35, ,59.9, ,6.3, ,322, ,73.1, 
248,Holt,San Joaquin Valley,8/14/2024,1500,227,0.03, ,0.00, ,1552, ,17.4, ,92.3, ,34, ,59.5, ,8.8, ,307, ,73.8, 
248,Holt,San Joaquin Valley,8/14/2024,1600,227,0.02, ,0.00, ,1267, ,16.5, ,93.1, ,31, ,58.1, ,9.9, ,309, ,74.1, 
248,Holt,San Joaquin Valley,8/14/2024,1700,227,0.02, ,0.00, ,885, ,17.2, ,91.0, ,35, ,59.2, ,9.9, ,298, ,74.0, 
248,Holt,San Joaquin Valley,8/14/2024,1800,227,0.01, ,0.00, ,463, ,15.7, ,86.9, ,36, ,56.7, ,8.9, ,236, ,74.0, 
248,Holt,San Joaquin Valley,8/14/2024,1900,227,0.00, ,0.00, ,114, ,15.1, ,81.3, ,41, ,55.7, ,6.9, ,251, ,73.8, 
248,Holt,San Joaquin Valley,8/14/2024,2000,227,0.00, ,0.00, ,3, ,15.0, ,76.5, ,48, ,55.4, ,8.9, ,278, ,73.5, 
248,Holt,San Joaquin Valley,8/14/2024,2100,227,0.00, ,0.00, ,0, ,15.1, ,73.7, ,53, ,55.6, ,7.9, ,255, ,72.9, 
248,Holt,San Joaquin Valley,8/14/2024,2200,227,0.00, ,0.00, ,0, ,15.1, ,72.0, ,56, ,55.6, ,8.0, ,233, ,72.3, 
248,Holt,San Joaquin Valley,8/14/2024,2300,227,0.00, ,0.00, ,0, ,14.5, ,70.2, ,58, ,54.6, ,6.8, ,244, ,71.8, 
248,Holt,San Joaquin Valley,8/14/2024,2400,227,0.00, ,0.00, ,0, ,14.2, ,67.8, ,61, ,53.9, ,3.5, ,267, ,71.4, 
248,Holt,San Joaquin Valley,8/15/2024,0100,228,0.00, ,0.00, ,0, ,14.9, ,65.4, ,70, ,55.2, ,2.8, ,260, ,71.2, 
248,Holt,San Joaquin Valley,8/15/2024,0200,228,0.00, ,0.00, ,0, ,15.3, ,63.6, ,76, ,55.9, ,2.2, ,178, ,70.8, 
248,Holt,San Joaquin Valley,8/15/2024,0300,228,0.00, ,0.00, ,0, ,15.4, ,63.4, ,77, ,56.1, ,3.0, ,182, ,70.5, 
248,Holt,San Joaquin Valley,8/15/2024,0400,228,0.00, ,0.00, ,0, ,15.0, ,61.5, ,81, ,55.5, ,3.1, ,222, ,70.1, 
248,Holt,San Joaquin Valley,8/15/2024,0500,228,0.00, ,0.00, ,0, ,14.2, ,60.8, ,78, ,53.9, ,3.2, ,297, ,69.7, 
248,Holt,San Joaquin Valley,8/15/2024,0600,228,0.00, ,0.00, ,66, ,14.6, ,58.6, ,87, ,54.6, ,1.9, ,103, ,69.2, 
248,Holt,San Joaquin Valley,8/15/2024,0700,228,0.00, ,0.00, ,372, ,16.3, ,65.9, ,75, ,57.8, ,3.0, ,192, ,68.8, 
248,Holt,San Joaquin Valley,8/15/2024,0800,228,0.01, ,0.00, ,781, ,15.6, ,71.8, ,59, ,56.5, ,4.2, ,247, ,68.9, 
248,Holt,San Joaquin Valley,8/15/2024,0900,228,0.02, ,0.00, ,1171, ,15.2, ,76.7, ,48, ,55.8, ,5.2, ,287, ,69.3, 
248,Holt,San Joaquin Valley,8/15/2024,1000,228,0.02, ,0.00, ,1494, ,16.1, ,79.4, ,47, ,57.5, ,5.7, ,302, ,69.7, 
248,Holt,San Joaquin Valley,8/15/2024,1100,228,0.03, ,0.00, ,1714, ,17.0, ,82.8, ,44, ,58.9, ,5.9, ,307, ,70.3, 
248,Holt,San Joaquin Valley,8/15/2024,1200,228,0.03, ,0.00, ,1838, ,16.6, ,85.5, ,40, ,58.2, ,7.0, ,316, ,71.0, 
248,Holt,San Joaquin Valley,8/15/2024,1300,228,0.03, ,0.00, ,1846, ,15.5, ,88.0, ,34, ,56.3, ,6.3, ,333, ,71.9, 
248,Holt,San Joaquin Valley,8/15/2024,1400,228,0.03, ,0.00, ,1745, ,16.4, ,89.0, ,35, ,57.8, ,7.5, ,307, ,72.7, 
248,Holt,San Joaquin Valley,8/15/2024,1500,228,0.03, ,0.00, ,1550, ,15.6, ,90.5, ,32, ,56.6, ,8.8, ,319, ,73.3, 
248,Holt,San Joaquin Valley,8/15/2024,1600,228,0.02, ,0.00, ,1247, ,16.6, ,90.7, ,34, ,58.3, ,9.2, ,308, ,73.4, 
248,Holt,San Joaquin Valley,8/15/2024,1700,228,0.02, ,0.00, ,866, ,16.4, ,89.5, ,35, ,57.9, ,7.6, ,291, ,73.4, 
248,Holt,San Joaquin Valley,8/15/2024,1800,228,0.01, ,0.00, ,453, ,14.7, ,84.7, ,36, ,54.9, ,9.3, ,243, ,73.5, 
248,Holt,San Joaquin Valley,8/15/2024,1900,228,0.00, ,0.00, ,110, ,14.8, ,79.7, ,43, ,55.1, ,5.5, ,235, ,73.4, 
248,Holt,San Joaquin Valley,8/15/2024,2000,228,0.00, ,0.00, ,2, ,15.4, ,74.1, ,53, ,56.1, ,4.9, ,232, ,73.2, 
248,Holt,San Joaquin Valley,8/15/2024,2100,228,0.00, ,0.00, ,0, ,15.6, ,71.0, ,60, ,56.4, ,5.8, ,224, ,72.7, 
248,Holt,San Joaquin Valley,8/15/2024,2200,228,0.00, ,0.00, ,0, ,15.8, ,68.7, ,66, ,56.9, ,5.0, ,234, ,72.2, 
248,Holt,San Joaquin Valley,8/15/2024,2300,228,0.00, ,0.00, ,0, ,15.5, ,67.3, ,68, ,56.3, ,3.6, ,236, ,71.7, 
248,Holt,San Joaquin Valley,8/15/2024,2400,228,0.00, ,0.00, ,0, ,15.8, ,64.7, ,76, ,56.9, ,2.3, ,191, ,71.4, 
248,Holt,San Joaquin Valley,8/16/2024,0100,229,0.00, ,0.00, ,0, ,15.7, ,61.5, ,84, ,56.7, ,1.6, ,195, ,71.0, 
248,Holt,San Joaquin Valley,8/16/2024,0200,229,0.00, ,0.00, ,0, ,15.5, ,60.0, ,88, ,56.4, ,1.4, ,250, ,70.5, 
248,Holt,San Joaquin Valley,8/16/2024,0300,229,0.00, ,0.00, ,0, ,15.4, ,57.8, ,94, ,56.2, ,1.3, ,157, ,70.0, 
248,Holt,San Joaquin Valley,8/16/2024,0400,229,0.00,R,0.00, ,0, ,15.5, ,58.1, ,94, ,56.3, ,1.0,I,157, ,69.4, 
248,Holt,San Joaquin Valley,8/16/2024,0500,229,0.00,R,0.00, ,0, ,15.2, ,57.8, ,93, ,55.8, ,1.0,I,156, ,69.0, 
248,Holt,San Joaquin Valley,8/16/2024,0600,229,0.00,R,0.00, ,65, ,15.7, ,58.3, ,94, ,56.7, ,1.0,I,155, ,68.5, 
248,Holt,San Joaquin Valley,8/16/2024,0700,229,0.00, ,0.00, ,358, ,16.7, ,64.9, ,79, ,58.3, ,2.5, ,210, ,68.3, 
248,Holt,San Joaquin Valley,8/16/2024,0800,229,0.01, ,0.00, ,766, ,16.5, ,71.5, ,62, ,58.0, ,3.6, ,265, ,68.4, 
248,Holt,San Joaquin Valley,8/16/2024,0900,229,0.02, ,0.00, ,1157, ,16.3, ,77.5, ,51, ,57.8, ,3.3, ,35, ,68.7, 
248,Holt,San Joaquin Valley,8/16/2024,1000,229,0.02, ,0.00, ,1475, ,16.3, ,79.8, ,47, ,57.7, ,3.3, ,353, ,69.2, 
248,Holt,San Joaquin Valley,8/16/2024,1100,229,0.03, ,0.00, ,1697, ,17.5, ,82.3, ,46, ,59.7, ,5.2, ,296, ,69.8, 
248,Holt,San Joaquin Valley,8/16/2024,1200,229,0.03, ,0.00, ,1817, ,18.0, ,84.4, ,45, ,60.5, ,5.0, ,302, ,70.7, 
248,Holt,San Joaquin Valley,8/16/2024,1300,229,0.03, ,0.00, ,1830, ,18.2, ,87.2, ,41, ,60.8, ,5.8, ,315, ,71.9, 
248,Holt,San Joaquin Valley,8/16/2024,1400,229,0.03, ,0.00, ,1737, ,18.3, ,89.4, ,39, ,61.0, ,6.8, ,314, ,72.9, 
248,Holt,San Joaquin Valley,8/16/2024,1500,229,0.03, ,0.00, ,1531, ,18.3, ,92.2, ,36, ,61.0, ,7.4, ,315, ,73.5, 
248,Holt,San Joaquin Valley,8/16/2024,1600,229,0.02, ,0.00, ,1230, ,17.9, ,91.8, ,35, ,60.4, ,10.4, ,307, ,73.8, 
248,Holt,San Joaquin Valley,8/16/2024,1700,229,0.02, ,0.00, ,842, ,17.2, ,90.0, ,36, ,59.3, ,8.7, ,287, ,73.8, 
248,Holt,San Joaquin Valley,8/16/2024,1800,229,0.01, ,0.00, ,442, ,14.8, ,84.0, ,37, ,55.1, ,9.4, ,233, ,73.7, 
248,Holt,San Joaquin Valley,8/16/2024,1900,229,0.00, ,0.00, ,103, ,15.0, ,78.5, ,45, ,55.4, ,7.6, ,237, ,73.4, 
248,Holt,San Joaquin Valley,8/16/2024,2000,229,0.00, ,0.00, ,2, ,15.0, ,73.2, ,54, ,55.4, ,7.8, ,225, ,72.9, 
248,Holt,San Joaquin Valley,8/16/2024,2100,229,0.00, ,0.00, ,0, ,14.9, ,70.1, ,59, ,55.2, ,6.8, ,228, ,72.2, 
248,Holt,San Joaquin Valley,8/16/2024,2200,229,0.00, ,0.00, ,0, ,15.3, ,68.8, ,64, ,56.0, ,7.4, ,228, ,71.6, 
248,Holt,San Joaquin Valley,8/16/2024,2300,229,0.00, ,0.00, ,0, ,15.9, ,67.7, ,68, ,57.0, ,7.0, ,226, ,71.0, 
248,Holt,San Joaquin Valley,8/16/2024,2400,229,0.00, ,0.00, ,0, ,16.9, ,67.0, ,75, ,58.7, ,6.7, ,231, ,70.5, 
248,Holt,San Joaquin Valley,8/17/2024,0100,230,0.00, ,0.00, ,0, ,17.1, ,66.5, ,77, ,59.1, ,6.8, ,244, ,70.2, 
248,Holt,San Joaquin Valley,8/17/2024,0200,230,0.00, ,0.00, ,0, ,17.4, ,64.7, ,83, ,59.5, ,3.9, ,225, ,70.0, 
248,Holt,San Joaquin Valley,8/17/2024,0300,230,0.00, ,0.00, ,0, ,17.8, ,63.7, ,88, ,60.2, ,4.7, ,223, ,69.8, 
248,Holt,San Joaquin Valley,8/17/2024,0400,230,0.00, ,0.00, ,0, ,18.1, ,64.4, ,87, ,60.6, ,7.4, ,229, ,69.5, 
248,Holt,San Joaquin Valley,8/17/2024,0500,230,0.00, ,0.00, ,0, ,17.8, ,63.6, ,89, ,60.3, ,6.0, ,234, ,69.2, 
248,Holt,San Joaquin Valley,8/17/2024,0600,230,0.00, ,0.00, ,57, ,17.6, ,63.6, ,88, ,59.8, ,6.9, ,245, ,69.0, 
248,Holt,San Joaquin Valley,8/17/2024,0700,230,0.00, ,0.00, ,353, ,18.7, ,65.7, ,86, ,61.5, ,8.3, ,241, ,68.9, 
248,Holt,San Joaquin Valley,8/17/2024,0800,230,0.01, ,0.00, ,756, ,19.8, ,69.5, ,80, ,63.1, ,9.1, ,243, ,68.8, 
248,Holt,San Joaquin Valley,8/17/2024,0900,230,0.02, ,0.00, ,1149, ,20.2, ,73.0, ,73, ,63.7, ,6.6, ,242, ,69.0, 
248,Holt,San Joaquin Valley,8/17/2024,1000,230,0.02, ,0.00, ,1470, ,20.2, ,74.8, ,69, ,63.8, ,9.9, ,229, ,69.6, 
248,Holt,San Joaquin Valley,8/17/2024,1100,230,0.02, ,0.00, ,1689, ,20.4, ,76.3, ,66, ,64.1, ,10.1, ,232, ,70.4, 
248,Holt,San Joaquin Valley,8/17/2024,1200,230,0.03, ,0.00, ,1801, ,20.8, ,79.1, ,61, ,64.6, ,9.9, ,254, ,71.5, 
248,Holt,San Joaquin Valley,8/17/2024,1300,230,0.03, ,0.00, ,1807, ,20.5, ,81.4, ,56, ,64.2, ,9.7, ,272, ,72.6, 
248,Holt,San Joaquin Valley,8/17/2024,1400,230,0.03, ,0.00, ,1697, ,19.5, ,82.0, ,52, ,62.7, ,9.3, ,270, ,73.4, 
248,Holt,San Joaquin Valley,8/17/2024,1500,230,0.02, ,0.00, ,1538, ,19.5, ,83.8, ,49, ,62.8, ,8.3, ,291, ,73.9, 
248,Holt,San Joaquin Valley,8/17/2024,1600,230,0.02, ,0.00, ,1208, ,19.7, ,84.0, ,50, ,63.1, ,9.4, ,289, ,74.1, 
248,Holt,San Joaquin Valley,8/17/2024,1700,230,0.01, ,0.00, ,819, ,21.2, ,81.5, ,58, ,65.1, ,10.4, ,310, ,74.1, 
248,Holt,San Joaquin Valley,8/17/2024,1800,230,0.01, ,0.00, ,415, ,20.5, ,79.2, ,60, ,64.2, ,10.2, ,318, ,73.8, 
248,Holt,San Joaquin Valley,8/17/2024,1900,230,0.00, ,0.00, ,89, ,20.5, ,74.6, ,70, ,64.2, ,7.6, ,325, ,73.3, 
248,Holt,San Joaquin Valley,8/17/2024,2000,230,0.00, ,0.00, ,1, ,20.6, ,70.6, ,81, ,64.4, ,7.2, ,314, ,72.8, 
248,Holt,San Joaquin Valley,8/17/2024,2100,230,0.00, ,0.00, ,0, ,20.0, ,68.0, ,85, ,63.4, ,4.6, ,287, ,72.4, 
248,Holt,San Joaquin Valley,8/17/2024,2200,230,0.00, ,0.00, ,0, ,20.0, ,66.5, ,90, ,63.5, ,3.1, ,249, ,72.1, 
248,Holt,San Joaquin Valley,8/17/2024,2300,230,0.00, ,0.00, ,0, ,19.2, ,64.5, ,93, ,62.4, ,3.6, ,274, ,71.9, 
248,Holt,San Joaquin Valley,8/17/2024,2400,230,0.00, ,0.00, ,0, ,18.4, ,62.3, ,96, ,61.1, ,4.1, ,258, ,71.6, 
248,Holt,San Joaquin Valley,8/18/2024,0100,231,0.00, ,0.00, ,0, ,17.8, ,61.3, ,96, ,60.2, ,4.9, ,251, ,71.4, 
248,Holt,San Joaquin Valley,8/18/2024,0200,231,0.00, ,0.00, ,0, ,17.0, ,60.7, ,94, ,58.9, ,7.2, ,253, ,71.1, 
248,Holt,San Joaquin Valley,8/18/2024,0300,231,0.00, ,0.00, ,0, ,17.0, ,60.0, ,96, ,58.9, ,4.7, ,246, ,70.7, 
248,Holt,San Joaquin Valley,8/18/2024,0400,231,0.00, ,0.00, ,0, ,16.1, ,57.9, ,98, ,57.4, ,2.7, ,251, ,70.3, 
248,Holt,San Joaquin Valley,8/18/2024,0500,231,0.00, ,0.00, ,0, ,15.5, ,56.6, ,99, ,56.3, ,2.3, ,252, ,69.8, 
248,Holt,San Joaquin Valley,8/18/2024,0600,231,0.00, ,0.00, ,67, ,15.2, ,55.8, ,100, ,55.7, ,1.5, ,249, ,69.3, 
248,Holt,San Joaquin Valley,8/18/2024,0700,231,0.00, ,0.00, ,371, ,17.5, ,62.6, ,90, ,59.6, ,2.8, ,252, ,68.8, 
248,Holt,San Joaquin Valley,8/18/2024,0800,231,0.01, ,0.00, ,762, ,17.2, ,66.5, ,78, ,59.3, ,4.0, ,263, ,68.7, 
248,Holt,San Joaquin Valley,8/18/2024,0900,231,0.01, ,0.00, ,1158, ,16.9, ,70.3, ,67, ,58.8, ,4.7, ,293, ,68.9, 
248,Holt,San Joaquin Valley,8/18/2024,1000,231,0.02, ,0.00, ,1480, ,17.8, ,74.3, ,61, ,60.2, ,4.7, ,314, ,69.2, 
248,Holt,San Joaquin Valley,8/18/2024,1100,231,0.02, ,0.00, ,1706, ,18.6, ,76.4, ,60, ,61.4, ,6.0, ,313, ,69.8, 
248,Holt,San Joaquin Valley,8/18/2024,1200,231,0.03, ,0.00, ,1819, ,18.5, ,78.2, ,56, ,61.3, ,6.7, ,309, ,75.7,Y
248,Holt,San Joaquin Valley,8/18/2024,1300,231,0.03, ,0.00, ,1828, ,17.4, ,80.4, ,49, ,59.6, ,7.2, ,313, ,78.8,Y
248,Holt,San Joaquin Valley,8/18/2024,1400,231,0.03, ,0.00, ,1730, ,15.8, ,82.7, ,41, ,56.9, ,7.1, ,319, ,80.3,Y
248,Holt,San Joaquin Valley,8/18/2024,1500,231,0.02, ,0.00, ,1524, ,15.3, ,83.6, ,39, ,56.1, ,7.2, ,303, ,81.0, 
248,Holt,San Joaquin Valley,8/18/2024,1600,231,0.02, ,0.00, ,1226, ,14.7, ,83.9, ,37, ,54.8, ,8.1, ,296, ,81.2, 
248,Holt,San Joaquin Valley,8/18/2024,1700,231,0.02, ,0.00, ,843, ,14.3, ,83.2, ,37, ,54.1, ,9.5, ,299, ,81.1, 
248,Holt,San Joaquin Valley,8/18/2024,1800,231,0.01, ,0.00, ,426, ,13.4, ,81.2, ,37, ,52.3, ,9.0, ,308, ,80.7, 
248,Holt,San Joaquin Valley,8/18/2024,1900,231,0.00, ,0.00, ,93, ,14.9, ,76.2, ,48, ,55.2, ,5.5, ,312, ,80.0, 
248,Holt,San Joaquin Valley,8/18/2024,2000,231,0.00, ,0.00, ,1, ,16.2, ,70.1, ,65, ,57.6, ,5.1, ,282, ,79.3, 
248,Holt,San Joaquin Valley,8/18/2024,2100,231,0.00, ,0.00, ,0, ,15.9, ,68.0, ,68, ,57.0, ,6.3, ,268, ,78.7, 
248,Holt,San Joaquin Valley,8/18/2024,2200,231,0.00, ,0.00, ,0, ,15.2, ,66.7, ,68, ,55.7, ,7.7, ,254, ,78.2, 
248,Holt,San Joaquin Valley,8/18/2024,2300,231,0.00, ,0.00, ,0, ,15.4, ,65.8, ,71, ,56.2, ,8.0, ,244, ,77.6, 
248,Holt,San Joaquin Valley,8/18/2024,2400,231,0.00, ,0.00, ,0, ,15.2, ,64.6, ,73, ,55.8, ,6.8, ,246, ,77.0, 
248,Holt,San Joaquin Valley,8/19/2024,0100,232,0.00, ,0.00, ,0, ,15.0, ,62.5, ,78, ,55.5, ,3.6, ,269, ,76.4, 
248,Holt,San Joaquin Valley,8/19/2024,0200,232,0.00, ,0.00, ,0, ,14.8, ,59.8, ,84, ,55.1, ,3.0, ,304, ,76.0, 
248,Holt,San Joaquin Valley,8/19/2024,0300,232,0.00, ,0.00, ,0, ,16.0, ,58.9, ,94, ,57.3, ,1.3, ,317, ,75.5, 
248,Holt,San Joaquin Valley,8/19/2024,0400,232,0.00, ,0.00, ,0, ,15.6, ,57.9, ,95, ,56.5, ,1.4, ,313, ,75.0, 
248,Holt,San Joaquin Valley,8/19/2024,0500,232,0.00, ,0.00, ,0, ,14.1, ,56.4, ,91, ,53.8, ,1.7, ,295, ,74.5, 
248,Holt,San Joaquin Valley,8/19/2024,0600,232,0.00, ,0.00, ,54, ,14.4, ,57.5, ,89, ,54.2, ,1.7, ,271, ,74.0, 
248,Holt,San Joaquin Valley,8/19/2024,0700,232,0.00, ,0.00, ,342, ,15.0, ,62.9, ,76, ,55.4, ,2.9, ,231, ,73.4, 
248,Holt,San Joaquin Valley,8/19/2024,0800,232,0.01, ,0.00, ,748, ,14.3, ,69.8, ,57, ,54.1, ,3.7, ,327, ,73.1, 
248,Holt,San Joaquin Valley,8/19/2024,0900,232,0.02, ,0.00, ,1147, ,15.0, ,73.0, ,54, ,55.5, ,3.7, ,336, ,72.8, 
248,Holt,San Joaquin Valley,8/19/2024,1000,232,0.02, ,0.00, ,1474, ,14.5, ,75.5, ,48, ,54.5, ,3.6, ,302, ,72.7, 
248,Holt,San Joaquin Valley,8/19/2024,1100,232,0.03, ,0.00, ,1699, ,14.5, ,79.2, ,43, ,54.6, ,5.4, ,316, ,72.8, 
248,Holt,San Joaquin Valley,8/19/2024,1200,232,0.03, ,0.00, ,1823, ,14.1, ,81.0, ,39, ,53.6, ,7.7, ,307, ,73.0, 
248,Holt,San Joaquin Valley,8/19/2024,1300,232,0.03, ,0.00, ,1838, ,12.2, ,83.3, ,31, ,49.7, ,7.1, ,318, ,73.4, 
248,Holt,San Joaquin Valley,8/19/2024,1400,232,0.03, ,0.00, ,1737, ,11.1, ,86.0, ,26, ,47.3, ,6.5, ,315, ,73.9, 
248,Holt,San Joaquin Valley,8/19/2024,1500,232,0.03, ,0.00, ,1529, ,11.8, ,87.4, ,27, ,49.0, ,7.0, ,317, ,74.2, 
248,Holt,San Joaquin Valley,8/19/2024,1600,232,0.02, ,0.00, ,1224, ,12.5, ,88.0, ,28, ,50.5, ,8.3, ,324, ,74.3, 
248,Holt,San Joaquin Valley,8/19/2024,1700,232,0.02, ,0.00, ,838, ,12.8, ,86.6, ,30, ,51.1, ,8.7, ,305, ,74.3, 
248,Holt,San Joaquin Valley,8/19/2024,1800,232,0.01, ,0.00, ,423, ,11.6, ,82.6, ,30, ,48.5, ,8.0, ,289, ,74.2, 
248,Holt,San Joaquin Valley,8/19/2024,1900,232,0.00, ,0.00, ,90, ,11.8, ,77.1, ,37, ,48.9, ,4.5, ,267, ,74.2, 
248,Holt,San Joaquin Valley,8/19/2024,2000,232,0.00, ,0.00, ,1, ,11.3, ,70.5, ,44, ,47.7, ,4.7, ,259, ,74.1, 
248,Holt,San Joaquin Valley,8/19/2024,2100,232,0.00, ,0.00, ,0, ,12.4, ,66.0, ,57, ,50.3, ,4.2, ,244, ,73.9, 
248,Holt,San Joaquin Valley,8/19/2024,2200,232,0.00, ,0.00, ,0, ,13.1, ,64.3, ,64, ,51.7, ,5.0, ,217, ,73.7, 
248,Holt,San Joaquin Valley,8/19/2024,2300,232,0.00, ,0.00, ,0, ,11.9, ,63.0, ,61, ,49.2, ,4.3, ,223, ,73.2, 
248,Holt,San Joaquin Valley,8/19/2024,2400,232,0.00, ,0.00, ,0, ,11.4, ,62.1, ,60, ,47.9, ,2.4, ,233, ,72.8, 
248,Holt,San Joaquin Valley,8/20/2024,0100,233,0.00, ,0.00, ,0, ,12.9, ,57.8, ,79, ,51.4, ,1.7, ,238, ,72.3, 
248,Holt,San Joaquin Valley,8/20/2024,0200,233,0.00, ,0.00, ,0, ,13.0, ,56.2, ,84, ,51.6, ,1.2, ,238, ,71.8, 
248,Holt,San Joaquin Valley,8/20/2024,0300,233,0.00, ,0.00, ,0, ,11.9, ,55.3, ,80, ,49.2, ,1.4, ,239, ,71.3, 
248,Holt,San Joaquin Valley,8/20/2024,0400,233,0.00, ,0.00, ,0, ,12.2, ,54.6, ,84, ,49.9, ,1.4, ,231, ,70.8, 
248,Holt,San Joaquin Valley,8/20/2024,0500,233,0.00, ,0.00, ,0, ,12.8, ,54.2, ,89, ,51.1, ,1.3, ,210, ,70.3, 
248,Holt,San Joaquin Valley,8/20/2024,0600,233,0.00, ,0.00, ,53, ,13.4, ,55.6, ,89, ,52.4, ,1.0, ,210, ,69.9, 
248,Holt,San Joaquin Valley,8/20/2024,0700,233,0.00,R,0.00, ,351, ,15.2, ,66.2, ,69, ,55.8, ,1.0,I,210, ,69.6, 
248,Holt,San Joaquin Valley,8/20/2024,0800,233,0.01, ,0.00, ,755, ,14.4, ,73.9, ,50, ,54.3, ,3.3, ,331, ,69.5, 
248,Holt,San Joaquin Valley,8/20/2024,0900,233,0.02, ,0.00, ,1147, ,13.3, ,74.9, ,45, ,52.2, ,5.7, ,303, ,69.6, 
248,Holt,San Joaquin Valley,8/20/2024,1000,233,0.02, ,0.00, ,1466, ,13.5, ,79.3, ,39, ,52.5, ,9.0, ,305, ,69.8, 
248,Holt,San Joaquin Valley,8/20/2024,1100,233,0.03, ,0.00, ,1693, ,14.4, ,82.0, ,39, ,54.3, ,7.7, ,311, ,70.1, 
248,Holt,San Joaquin Valley,8/20/2024,1200,233,0.03, ,0.00, ,1809, ,14.5, ,84.7, ,36, ,54.4, ,6.8, ,313, ,70.6, 
248,Holt,San Joaquin Valley,8/20/2024,1300,233,0.03, ,0.00, ,1819, ,14.1, ,87.2, ,32, ,53.7, ,7.5, ,324, ,71.2, 
248,Holt,San Joaquin Valley,8/20/2024,1400,233,0.03, ,0.00, ,1720, ,14.2, ,89.9, ,29, ,53.9, ,9.0, ,316, ,71.9, 
248,Holt,San Joaquin Valley,8/20/2024,1500,233,0.03, ,0.00, ,1513, ,14.8, ,91.8, ,29, ,55.1, ,9.9, ,316, ,72.4, 
248,Holt,San Joaquin Valley,8/20/2024,1600,233,0.02, ,0.00, ,1206, ,15.1, ,91.4, ,30, ,55.6, ,11.1, ,310, ,72.8, 
248,Holt,San Joaquin Valley,8/20/2024,1700,233,0.02, ,0.00, ,822, ,15.6, ,88.7, ,34, ,56.5, ,10.6, ,302, ,73.0, 
248,Holt,San Joaquin Valley,8/20/2024,1800,233,0.01, ,0.00, ,412, ,15.8, ,85.3, ,38, ,56.8, ,8.4, ,300, ,73.1, 
248,Holt,San Joaquin Valley,8/20/2024,1900,233,0.00, ,0.00, ,82, ,15.6, ,80.2, ,44, ,56.5, ,6.3, ,248, ,73.2, 
248,Holt,San Joaquin Valley,8/20/2024,2000,233,0.00, ,0.00, ,1, ,14.7, ,74.6, ,50, ,54.9, ,8.1, ,251, ,73.1, 
248,Holt,San Joaquin Valley,8/20/2024,2100,233,0.00, ,0.00, ,0, ,14.5, ,71.5, ,55, ,54.6, ,8.6, ,235, ,72.9, 
248,Holt,San Joaquin Valley,8/20/2024,2200,233,0.00, ,0.00, ,0, ,14.7, ,69.5, ,60, ,54.9, ,9.5, ,235, ,72.5, 
248,Holt,San Joaquin Valley,8/20/2024,2300,233,0.00, ,0.00, ,0, ,14.3, ,68.4, ,60, ,54.0, ,6.4, ,229, ,72.0, 
248,Holt,San Joaquin Valley,8/20/2024,2400,233,0.00, ,0.00, ,0, ,13.4, ,66.7, ,60, ,52.4, ,4.9, ,224, ,71.6, 
248,Holt,San Joaquin Valley,8/21/2024,0100,234,0.00, ,0.00, ,0, ,13.3, ,65.0, ,63, ,52.2, ,3.3, ,215, ,71.3, 
248,Holt,San Joaquin Valley,8/21/2024,0200,234,0.00, ,0.00, ,0, ,13.4, ,62.9, ,68, ,52.4, ,2.7, ,227, ,71.0, 
248,Holt,San Joaquin Valley,8/21/2024,0300,234,0.00, ,0.00, ,0, ,13.3, ,62.5, ,69, ,52.2, ,2.9, ,225, ,70.8, 
248,Holt,San Joaquin Valley,8/21/2024,0400,234,0.00, ,0.00, ,0, ,13.0, ,62.2, ,68, ,51.6, ,4.2, ,212, ,70.6, 
248,Holt,San Joaquin Valley,8/21/2024,0500,234,0.00, ,0.00, ,0, ,13.1, ,62.2, ,69, ,51.7, ,5.4, ,235, ,70.3, 
248,Holt,San Joaquin Valley,8/21/2024,0600,234,0.00, ,0.00, ,49, ,13.8, ,60.6, ,76, ,53.1, ,2.6, ,287, ,70.0, 
248,Holt,San Joaquin Valley,8/21/2024,0700,234,0.00, ,0.00, ,337, ,14.8, ,64.9, ,71, ,55.1, ,4.5, ,237, ,69.8, 
248,Holt,San Joaquin Valley,8/21/2024,0800,234,0.01, ,0.00, ,741, ,14.2, ,70.7, ,55, ,53.8, ,8.3, ,244, ,69.7, 
248,Holt,San Joaquin Valley,8/21/2024,0900,234,0.02, ,0.00, ,1136, ,13.8, ,74.8, ,47, ,53.2, ,8.8, ,240, ,69.7, 
248,Holt,San Joaquin Valley,8/21/2024,1000,234,0.02, ,0.00, ,1455, ,13.7, ,79.7, ,39, ,52.9, ,6.5, ,252, ,69.9, 
248,Holt,San Joaquin Valley,8/21/2024,1100,234,0.03, ,0.00, ,1671, ,14.8, ,83.8, ,37, ,55.0, ,4.8, ,315, ,70.3, 
248,Holt,San Joaquin Valley,8/21/2024,1200,234,0.03, ,0.00, ,1788, ,15.7, ,85.6, ,37, ,56.7, ,5.8, ,335, ,70.9, 
248,Holt,San Joaquin Valley,8/21/2024,1300,234,0.03, ,0.00, ,1809, ,16.0, ,86.9, ,37, ,57.2, ,6.1, ,323, ,71.6, 
248,Holt,San Joaquin Valley,8/21/2024,1400,234,0.03, ,0.00, ,1714, ,16.0, ,89.0, ,34, ,57.1, ,7.1, ,325, ,72.2, 
248,Holt,San Joaquin Valley,8/21/2024,1500,234,0.03, ,0.00, ,1500, ,15.7, ,90.2, ,32, ,56.6, ,8.1, ,308, ,72.7, 
248,Holt,San Joaquin Valley,8/21/2024,1600,234,0.02, ,0.00, ,1203, ,15.0, ,89.1, ,32, ,55.4, ,9.3, ,301, ,73.1, 
248,Holt,San Joaquin Valley,8/21/2024,1700,234,0.02, ,0.00, ,818, ,15.7, ,87.3, ,35, ,56.7, ,8.7, ,293, ,73.3, 
248,Holt,San Joaquin Valley,8/21/2024,1800,234,0.01, ,0.00, ,406, ,13.7, ,82.3, ,36, ,52.9, ,9.0, ,241, ,73.3, 
248,Holt,San Joaquin Valley,8/21/2024,1900,234,0.00, ,0.00, ,78, ,13.2, ,77.7, ,41, ,52.0, ,6.9, ,238, ,73.2, 
248,Holt,San Joaquin Valley,8/21/2024,2000,234,0.00, ,0.00, ,1, ,14.8, ,72.2, ,55, ,55.1, ,10.0, ,230, ,73.0, 
248,Holt,San Joaquin Valley,8/21/2024,2100,234,0.00, ,0.00, ,0, ,16.4, ,67.9, ,71, ,58.0, ,9.1, ,226, ,72.4, 
248,Holt,San Joaquin Valley,8/21/2024,2200,234,0.00, ,0.00, ,0, ,17.1, ,65.9, ,78, ,59.0, ,9.5, ,229, ,71.8, 
248,Holt,San Joaquin Valley,8/21/2024,2300,234,0.00, ,0.00, ,0, ,17.0, ,63.6, ,85, ,58.9, ,6.4, ,239, ,71.3, 
248,Holt,San Joaquin Valley,8/21/2024,2400,234,0.00, ,0.00, ,0, ,16.9, ,62.6, ,87, ,58.8, ,7.4, ,239, ,71.0, 
248,Holt,San Joaquin Valley,8/22/2024,0100,235,0.00, ,0.00, ,0, ,16.8, ,62.3, ,87, ,58.5, ,7.9, ,244, ,70.6, 
248,Holt,San Joaquin Valley,8/22/2024,0200,235,0.00, ,0.00, ,0, ,16.6, ,62.2, ,87, ,58.3, ,9.5, ,244, ,70.3, 
248,Holt,San Joaquin Valley,8/22/2024,0300,235,0.00, ,0.00, ,0, ,16.6, ,61.9, ,88, ,58.2, ,7.4, ,241, ,70.0, 
248,Holt,San Joaquin Valley,8/22/2024,0400,235,0.00, ,0.00, ,0, ,16.8, ,61.8, ,89, ,58.6, ,7.6, ,240, ,69.7, 
248,Holt,San Joaquin Valley,8/22/2024,0500,235,0.00, ,0.00, ,0, ,16.8, ,62.0, ,89, ,58.5, ,8.5, ,244, ,69.5, 
248,Holt,San Joaquin Valley,8/22/2024,0600,235,0.00, ,0.00, ,40, ,16.9, ,62.3, ,88, ,58.8, ,10.7, ,243, ,69.2, 
248,Holt,San Joaquin Valley,8/22/2024,0700,235,0.00, ,0.00, ,335, ,17.1, ,64.1, ,84, ,59.1, ,10.0, ,242, ,69.0, 
248,Holt,San Joaquin Valley,8/22/2024,0800,235,0.01, ,0.00, ,742, ,17.0, ,66.9, ,76, ,58.9, ,12.0, ,242, ,68.8, 
248,Holt,San Joaquin Valley,8/22/2024,0900,235,0.02, ,0.00, ,1125, ,16.5, ,69.0, ,68, ,58.1, ,14.5, ,249, ,68.8, 
248,Holt,San Joaquin Valley,8/22/2024,1000,235,0.02, ,0.00, ,1426, ,16.2, ,70.9, ,63, ,57.6, ,14.9, ,240, ,68.9, 
248,Holt,San Joaquin Valley,8/22/2024,1100,235,0.03, ,0.00, ,1685, ,15.7, ,73.5, ,56, ,56.8, ,14.8, ,235, ,69.3, 
248,Holt,San Joaquin Valley,8/22/2024,1200,235,0.03, ,0.00, ,1803, ,15.6, ,75.7, ,51, ,56.5, ,13.7, ,233, ,69.8, 
248,Holt,San Joaquin Valley,8/22/2024,1300,235,0.03, ,0.00, ,1805, ,15.4, ,76.7, ,49, ,56.1, ,13.6, ,242, ,70.6, 
248,Holt,San Joaquin Valley,8/22/2024,1400,235,0.03, ,0.00, ,1693, ,15.6, ,77.2, ,49, ,56.5, ,13.8, ,237, ,71.4, 
248,Holt,San Joaquin Valley,8/22/2024,1500,235,0.03, ,0.00, ,1461, ,16.2, ,76.5, ,52, ,57.6, ,15.3, ,231, ,71.9, 
248,Holt,San Joaquin Valley,8/22/2024,1600,235,0.02,Y,0.00, ,1150, ,16.3, ,75.7,Y,54,Y,57.7,Y,13.9, ,230, ,72.2, 
248,Holt,San Joaquin Valley,8/22/2024,1700,235,0.01, ,0.00, ,732, ,16.2, ,74.7, ,55, ,57.6, ,13.3, ,231, ,72.3, 
248,Holt,San Joaquin Valley,8/22/2024,1800,235,0.01, ,0.00, ,371, ,16.1, ,72.6, ,59, ,57.3, ,12.7, ,230, ,72.1, 
248,Holt,San Joaquin Valley,8/22/2024,1900,235,0.00, ,0.00, ,74, ,15.8, ,69.1, ,65, ,56.9, ,10.0, ,234, ,71.7, 
248,Holt,San Joaquin Valley,8/22/2024,2000,235,0.00, ,0.00, ,0, ,16.2, ,66.0, ,74, ,57.5, ,9.2, ,238, ,71.3, 
248,Holt,San Joaquin Valley,8/22/2024,2100,235,0.00, ,0.00, ,0, ,16.1, ,64.8, ,77, ,57.3, ,8.5, ,245, ,70.8, 
248,Holt,San Joaquin Valley,8/22/2024,2200,235,0.00, ,0.00, ,0, ,16.1, ,63.2, ,81, ,57.3, ,6.0, ,251, ,70.5, 
248,Holt,San Joaquin Valley,8/22/2024,2300,235,0.00, ,0.00, ,0, ,16.1, ,62.3, ,84, ,57.4, ,5.1, ,231, ,70.3, 
248,Holt,San Joaquin Valley,8/22/2024,2400,235,0.00, ,0.00, ,0, ,16.1, ,62.2, ,84, ,57.4, ,5.9, ,231, ,70.0, 
248,Holt,San Joaquin Valley,8/23/2024,0100,236,0.00, ,0.00, ,0, ,16.1, ,60.8, ,89, ,57.4, ,5.3, ,225, ,69.7, 
248,Holt,San Joaquin Valley,8/23/2024,0200,236,0.00, ,0.00, ,0, ,16.0, ,60.0, ,90, ,57.2, ,5.6, ,232, ,69.4, 
248,Holt,San Joaquin Valley,8/23/2024,0300,236,0.00, ,0.00, ,0, ,15.5, ,59.0, ,91, ,56.3, ,7.0, ,228, ,69.1, 
248,Holt,San Joaquin Valley,8/23/2024,0400,236,0.00, ,0.00, ,0, ,15.2, ,58.1, ,92, ,55.8, ,5.0, ,215, ,68.8, 
248,Holt,San Joaquin Valley,8/23/2024,0500,236,0.00, ,0.00, ,0, ,15.0, ,58.0, ,91, ,55.4, ,4.4, ,213, ,68.5, 
248,Holt,San Joaquin Valley,8/23/2024,0600,236,0.00, ,0.00, ,34, ,14.8, ,57.5, ,92, ,55.1, ,3.7, ,221, ,68.3, 
248,Holt,San Joaquin Valley,8/23/2024,0700,236,0.00, ,0.00, ,313, ,15.2, ,60.7, ,84, ,55.8, ,5.7, ,229, ,68.1, 
248,Holt,San Joaquin Valley,8/23/2024,0800,236,0.01, ,0.00, ,724, ,15.4, ,64.8, ,73, ,56.1, ,4.5, ,211, ,68.0, 
248,Holt,San Joaquin Valley,8/23/2024,0900,236,0.01, ,0.00, ,998, ,15.0, ,67.8, ,64, ,55.4, ,3.7, ,220, ,68.0, 
248,Holt,San Joaquin Valley,8/23/2024,1000,236,0.02, ,0.00, ,1276, ,14.6, ,69.9, ,59, ,54.8, ,3.9, ,251, ,68.3, 
248,Holt,San Joaquin Valley,8/23/2024,1100,236,0.02, ,0.00, ,1562, ,14.6, ,73.0, ,53, ,54.8, ,3.3, ,48, ,68.7, 
248,Holt,San Joaquin Valley,8/23/2024,1200,236,0.02, ,0.00, ,1228, ,14.4, ,73.2, ,51, ,54.2, ,4.3, ,316, ,69.2, 
248,Holt,San Joaquin Valley,8/23/2024,1300,236,0.02, ,0.00, ,1608, ,14.2, ,75.0, ,48, ,54.0, ,4.5, ,282, ,69.6, 
248,Holt,San Joaquin Valley,8/23/2024,1400,236,0.01,Y,0.00, ,765, ,13.9, ,75.3,Y,47,Y,53.4,Y,6.4, ,328, ,70.1, 
248,Holt,San Joaquin Valley,8/23/2024,1500,236,0.01,Y,0.00, ,409, ,13.9, ,73.8,Y,49,Y,53.3,Y,7.1, ,328, ,70.4, 
248,Holt,San Joaquin Valley,8/23/2024,1600,236,0.00,Y,0.00, ,263, ,14.6, ,72.2,Y,54,Y,54.6,Y,7.5, ,314, ,70.2, 
248,Holt,San Joaquin Valley,8/23/2024,1700,236,0.01,Y,0.00, ,364, ,15.1, ,71.0,Y,58,Y,55.7,Y,7.2, ,312, ,70.1, 
248,Holt,San Joaquin Valley,8/23/2024,1800,236,0.01, ,0.00, ,275, ,14.9, ,71.2, ,57, ,55.2, ,7.4, ,312, ,70.0, 
248,Holt,San Joaquin Valley,8/23/2024,1900,236,0.00, ,0.00, ,72, ,14.4, ,69.2, ,59, ,54.2, ,5.0, ,310, ,69.9, 
248,Holt,San Joaquin Valley,8/23/2024,2000,236,0.00, ,0.00, ,0, ,13.3, ,63.5, ,66, ,52.1, ,3.4, ,281, ,69.7, 
248,Holt,San Joaquin Valley,8/23/2024,2100,236,0.00, ,0.00, ,0, ,13.1, ,60.9, ,71, ,51.6, ,2.1, ,248, ,69.5, 
248,Holt,San Joaquin Valley,8/23/2024,2200,236,0.00, ,0.00, ,0, ,14.0, ,61.9, ,74, ,53.5, ,3.4, ,238, ,69.3, 
248,Holt,San Joaquin Valley,8/23/2024,2300,236,0.00, ,0.00, ,0, ,14.6, ,62.9, ,75, ,54.8, ,4.2, ,236, ,69.1, 
248,Holt,San Joaquin Valley,8/23/2024,2400,236,0.00, ,0.00, ,0, ,15.0, ,63.1, ,76, ,55.4, ,3.3, ,235, ,69.0, 
248,Holt,San Joaquin Valley,8/24/2024,0100,237,0.00, ,0.00, ,0, ,15.8, ,62.8, ,81, ,56.8, ,3.5, ,218, ,68.9, 
248,Holt,San Joaquin Valley,8/24/2024,0200,237,0.00, ,0.00, ,0, ,16.3, ,62.7, ,84, ,57.7, ,3.0, ,201, ,68.9, 
248,Holt,San Joaquin Valley,8/24/2024,0300,237,0.00, ,0.00, ,0, ,16.7, ,62.3, ,87, ,58.4, ,2.0, ,126, ,68.8, 
248,Holt,San Joaquin Valley,8/24/2024,0400,237,0.00, ,0.00, ,0, ,16.7, ,62.8, ,85, ,58.4, ,3.0, ,220, ,68.8, 
248,Holt,San Joaquin Valley,8/24/2024,0500,237,0.00, ,0.00, ,0, ,16.9, ,63.0, ,86, ,58.7, ,3.1, ,191, ,68.7, 
248,Holt,San Joaquin Valley,8/24/2024,0600,237,0.00, ,0.00, ,6, ,16.9, ,63.4, ,85, ,58.7, ,4.6, ,246, ,68.7, 
248,Holt,San Joaquin Valley,8/24/2024,0700,237,0.00, ,0.00, ,114, ,16.9, ,63.8, ,84, ,58.7, ,3.0, ,210, ,68.7, 
248,Holt,San Joaquin Valley,8/24/2024,0800,237,0.00, ,0.00, ,266, ,17.2, ,65.9, ,79, ,59.3, ,3.9, ,239, ,68.7, 
248,Holt,San Joaquin Valley,8/24/2024,0900,237,0.01, ,0.00, ,508, ,17.0, ,67.5, ,74, ,58.9, ,6.1, ,255, ,68.8, 
248,Holt,San Joaquin Valley,8/24/2024,1000,237,0.01, ,0.00, ,726, ,16.5, ,70.0, ,66, ,58.1, ,4.4, ,290, ,68.9, 
248,Holt,San Joaquin Valley,8/24/2024,1100,237,0.01, ,0.00, ,1105, ,16.2, ,71.9, ,60, ,57.5, ,3.4, ,293, ,69.1, 
248,Holt,San Joaquin Valley,8/24/2024,1200,237,0.02, ,0.00, ,1377, ,16.5, ,75.6, ,55, ,58.1, ,4.4, ,327, ,69.4, 
248,Holt,San Joaquin Valley,8/24/2024,1300,237,0.01, ,0.00, ,1006, ,16.0, ,76.3, ,52, ,57.2, ,4.7, ,335, ,69.9, 
248,Holt,San Joaquin Valley,8/24/2024,1400,237,0.02, ,0.00, ,1313, ,16.1, ,77.3, ,50, ,57.4, ,5.3, ,311, ,70.2, 
248,Holt,San Joaquin Valley,8/24/2024,1500,237,0.02, ,0.00, ,1336, ,16.0, ,79.3, ,47, ,57.1, ,6.3, ,330, ,70.5, 
248,Holt,San Joaquin Valley,8/24/2024,1600,237,0.02, ,0.00, ,1137, ,15.1, ,80.7, ,42, ,55.7, ,5.6, ,326, ,70.8, 
248,Holt,San Joaquin Valley,8/24/2024,1700,237,0.01, ,0.00, ,619, ,14.0, ,79.1, ,41, ,53.5, ,8.4, ,318, ,70.9, 
248,Holt,San Joaquin Valley,8/24/2024,1800,237,0.01, ,0.00, ,234, ,15.4, ,75.4, ,51, ,56.1, ,8.4, ,311, ,70.8, 
248,Holt,San Joaquin Valley,8/24/2024,1900,237,0.00, ,0.00, ,45, ,16.3, ,70.7, ,64, ,57.8, ,5.3, ,303, ,70.6, 
248,Holt,San Joaquin Valley,8/24/2024,2000,237,0.00, ,0.00, ,0, ,15.9, ,67.5, ,69, ,57.0, ,5.6, ,294, ,70.4, 
248,Holt,San Joaquin Valley,8/24/2024,2100,237,0.00, ,0.00, ,0, ,15.3, ,66.4, ,69, ,56.0, ,6.1, ,276, ,70.3, 
248,Holt,San Joaquin Valley,8/24/2024,2200,237,0.00, ,0.00, ,0, ,15.4, ,64.0, ,76, ,56.1, ,5.3, ,268, ,70.1, 
248,Holt,San Joaquin Valley,8/24/2024,2300,237,0.00, ,0.00, ,0, ,14.7, ,60.2, ,83, ,54.9, ,3.8, ,268, ,69.9, 
248,Holt,San Joaquin Valley,8/24/2024,2400,237,0.00, ,0.00, ,0, ,14.4, ,58.5, ,86, ,54.3, ,3.3, ,269, ,69.7, 
248,Holt,San Joaquin Valley,8/25/2024,0100,238,0.00, ,0.00, ,0, ,14.3, ,58.1, ,87, ,54.2, ,2.9, ,273, ,69.4, 
248,Holt,San Joaquin Valley,8/25/2024,0200,238,0.00, ,0.00, ,0, ,14.4, ,58.2, ,87, ,54.3, ,3.6, ,262, ,69.1, 
248,Holt,San Joaquin Valley,8/25/2024,0300,238,0.00, ,0.00, ,0, ,15.1, ,57.9, ,92, ,55.6, ,3.0, ,274, ,68.9, 
248,Holt,San Joaquin Valley,8/25/2024,0400,238,0.00, ,0.00, ,0, ,14.9, ,56.8, ,95, ,55.3, ,3.7, ,260, ,68.6, 
248,Holt,San Joaquin Valley,8/25/2024,0500,238,0.00, ,0.00, ,0, ,15.3, ,56.8, ,97, ,56.0, ,4.2, ,266, ,68.4, 
248,Holt,San Joaquin Valley,8/25/2024,0600,238,0.00, ,0.00, ,37, ,15.5, ,56.8, ,98, ,56.3, ,3.9, ,270, ,68.2, 
248,Holt,San Joaquin Valley,8/25/2024,0700,238,0.00, ,0.00, ,298, ,17.0, ,60.4, ,95, ,58.8, ,4.7, ,266, ,68.0, 
248,Holt,San Joaquin Valley,8/25/2024,0800,238,0.01, ,0.00, ,732, ,17.7, ,66.7, ,79, ,60.0, ,6.8, ,293, ,67.9, 
248,Holt,San Joaquin Valley,8/25/2024,0900,238,0.02, ,0.00, ,1139, ,15.8, ,70.6, ,62, ,56.8, ,9.9, ,314, ,67.9, 
248,Holt,San Joaquin Valley,8/25/2024,1000,238,0.02, ,0.00, ,1468, ,15.9, ,73.9, ,56, ,57.1, ,8.4, ,310, ,68.0, 
248,Holt,San Joaquin Valley,8/25/2024,1100,238,0.02, ,0.00, ,1693, ,15.6, ,75.9, ,51, ,56.6, ,8.0, ,312, ,68.3, 
248,Holt,San Joaquin Valley,8/25/2024,1200,238,0.03, ,0.00, ,1815, ,15.1, ,78.8, ,45, ,55.6, ,7.6, ,308, ,68.7, 
248,Holt,San Joaquin Valley,8/25/2024,1300,238,0.03, ,0.00, ,1821, ,14.0, ,81.2, ,38, ,53.5, ,8.3, ,302, ,69.4, 
248,Holt,San Joaquin Valley,8/25/2024,1400,238,0.03, ,0.00, ,1716, ,13.4, ,83.1, ,35, ,52.4, ,7.7, ,307, ,70.1, 
248,Holt,San Joaquin Valley,8/25/2024,1500,238,0.02, ,0.00, ,1500, ,13.1, ,84.9, ,32, ,51.8, ,7.2, ,309, ,70.7, 
248,Holt,San Joaquin Valley,8/25/2024,1600,238,0.02, ,0.00, ,1196, ,12.7, ,85.5, ,30, ,50.9, ,7.0, ,302, ,71.0, 
248,Holt,San Joaquin Valley,8/25/2024,1700,238,0.01, ,0.00, ,805, ,12.5, ,86.3, ,29, ,50.4, ,6.0, ,309, ,71.3, 
248,Holt,San Joaquin Valley,8/25/2024,1800,238,0.01, ,0.00, ,377, ,13.1, ,86.1, ,31, ,51.7, ,4.7, ,301, ,71.3, 
248,Holt,San Joaquin Valley,8/25/2024,1900,238,0.00, ,0.00, ,56, ,14.4, ,77.7, ,44, ,54.3, ,7.0, ,292, ,71.4, 
248,Holt,San Joaquin Valley,8/25/2024,2000,238,0.00, ,0.00, ,0, ,14.0, ,72.3, ,51, ,53.5, ,5.9, ,284, ,71.3, 
248,Holt,San Joaquin Valley,8/25/2024,2100,238,0.00, ,0.00, ,0, ,13.6, ,68.8, ,57, ,52.7, ,4.6, ,255, ,71.0, 
248,Holt,San Joaquin Valley,8/25/2024,2200,238,0.00, ,0.00, ,0, ,13.2, ,66.7, ,59, ,51.9, ,3.4, ,243, ,70.8, 
248,Holt,San Joaquin Valley,8/25/2024,2300,238,0.00, ,0.00, ,0, ,12.8, ,64.4, ,62, ,51.1, ,1.5, ,229, ,70.5, 
248,Holt,San Joaquin Valley,8/25/2024,2400,238,0.00, ,0.00, ,0, ,13.9, ,62.1, ,73, ,53.3, ,1.3, ,230, ,70.1, 
248,Holt,San Joaquin Valley,8/26/2024,0100,239,0.00, ,0.00, ,0, ,14.2, ,61.4, ,76, ,53.9, ,1.7, ,229, ,69.6, 
248,Holt,San Joaquin Valley,8/26/2024,0200,239,0.00, ,0.00, ,0, ,14.3, ,59.2, ,83, ,54.2, ,1.4, ,187, ,69.1, 
248,Holt,San Joaquin Valley,8/26/2024,0300,239,0.00, ,0.00, ,0, ,14.4, ,58.1, ,87, ,54.3, ,1.6, ,155, ,68.8, 
248,Holt,San Joaquin Valley,8/26/2024,0400,239,0.00, ,0.00, ,0, ,14.5, ,58.6, ,86, ,54.6, ,1.3, ,152, ,68.4, 
248,Holt,San Joaquin Valley,8/26/2024,0500,239,0.00, ,0.00, ,0, ,14.3, ,56.6, ,92, ,54.2, ,1.2, ,152, ,68.1, 
248,Holt,San Joaquin Valley,8/26/2024,0600,239,0.00, ,0.00, ,41, ,14.5, ,56.5, ,93, ,54.5, ,1.0, ,152, ,67.8, 
248,Holt,San Joaquin Valley,8/26/2024,0700,239,0.00, ,0.00, ,326, ,16.4, ,66.8, ,73, ,57.9, ,1.1, ,152, ,67.5, 
248,Holt,San Joaquin Valley,8/26/2024,0800,239,0.01, ,0.00, ,720, ,16.2, ,73.8, ,57, ,57.6, ,1.8, ,152, ,67.4, 
248,Holt,San Joaquin Valley,8/26/2024,0900,239,0.02, ,0.00, ,1136, ,14.4, ,78.9, ,43, ,54.4, ,2.4, ,118, ,67.7, 
248,Holt,San Joaquin Valley,8/26/2024,1000,239,0.02, ,0.00, ,1450, ,15.1, ,81.2, ,41, ,55.5, ,3.2, ,314, ,68.0, 
248,Holt,San Joaquin Valley,8/26/2024,1100,239,0.02, ,0.00, ,1671, ,14.9, ,83.9, ,37, ,55.2, ,3.3, ,301, ,68.5, 
248,Holt,San Joaquin Valley,8/26/2024,1200,239,0.03, ,0.00, ,1790, ,15.6, ,86.8, ,36, ,56.6, ,4.1, ,307, ,69.2, 
248,Holt,San Joaquin Valley,8/26/2024,1300,239,0.03, ,0.00, ,1792, ,15.8, ,89.2, ,34, ,56.9, ,4.9, ,334, ,70.0, 
248,Holt,San Joaquin Valley,8/26/2024,1400,239,0.03, ,0.00, ,1693, ,14.0, ,90.8, ,28, ,53.5, ,4.9, ,315, ,70.8, 
248,Holt,San Joaquin Valley,8/26/2024,1500,239,0.03, ,0.00, ,1488, ,14.2, ,91.5, ,28, ,54.0, ,6.3, ,311, ,71.5, 
248,Holt,San Joaquin Valley,8/26/2024,1600,239,0.02, ,0.00, ,1186, ,13.7, ,91.5, ,27, ,52.9, ,6.5, ,294, ,72.0, 
248,Holt,San Joaquin Valley,8/26/2024,1700,239,0.01, ,0.00, ,790, ,14.0, ,92.3, ,27, ,53.5, ,5.2, ,324, ,72.3, 
248,Holt,San Joaquin Valley,8/26/2024,1800,239,0.01, ,0.00, ,366, ,15.6, ,89.9, ,32, ,56.5, ,3.7, ,349, ,72.4, 
248,Holt,San Joaquin Valley,8/26/2024,1900,239,0.00, ,0.00, ,56, ,15.0, ,85.0, ,36, ,55.3, ,2.5, ,317, ,72.4, 
248,Holt,San Joaquin Valley,8/26/2024,2000,239,0.00, ,0.00, ,1, ,16.7, ,76.5, ,53, ,58.4, ,3.8, ,289, ,72.4, 
248,Holt,San Joaquin Valley,8/26/2024,2100,239,0.00, ,0.00, ,0, ,15.4, ,75.8, ,51, ,56.1, ,7.1, ,283, ,72.2, 
248,Holt,San Joaquin Valley,8/26/2024,2200,239,0.00, ,0.00, ,0, ,15.4, ,71.9, ,57, ,56.1, ,3.4, ,270, ,71.9, 
248,Holt,San Joaquin Valley,8/26/2024,2300,239,0.00, ,0.00, ,0, ,14.6, ,69.9, ,58, ,54.6, ,2.7, ,262, ,71.6, 
248,Holt,San Joaquin Valley,8/26/2024,2400,239,0.00, ,0.00, ,0, ,14.6, ,67.1, ,64, ,54.7, ,2.6, ,249, ,71.3, 
248,Holt,San Joaquin Valley,8/27/2024,0100,240,0.00, ,0.00, ,0, ,14.6, ,67.1, ,64, ,54.6, ,2.7, ,250, ,70.9, 
248,Holt,San Joaquin Valley,8/27/2024,0200,240,0.00, ,0.00, ,0, ,15.5, ,64.7, ,74, ,56.4, ,1.6, ,269, ,70.5, 
248,Holt,San Joaquin Valley,8/27/2024,0300,240,0.00, ,0.00, ,0, ,16.4, ,61.7, ,87, ,57.8, ,1.5, ,357, ,70.1, 
248,Holt,San Joaquin Valley,8/27/2024,0400,240,0.00, ,0.00, ,0, ,16.9, ,60.9, ,92, ,58.7, ,1.2, ,57, ,69.7, 
248,Holt,San Joaquin Valley,8/27/2024,0500,240,0.00, ,0.00, ,0, ,15.9, ,60.4, ,89, ,57.0, ,1.1, ,139, ,69.2, 
248,Holt,San Joaquin Valley,8/27/2024,0600,240,0.00, ,0.00, ,36, ,16.1, ,59.6, ,92, ,57.4, ,1.3, ,258, ,68.8, 
248,Holt,San Joaquin Valley,8/27/2024,0700,240,0.00, ,0.00, ,313, ,18.3, ,64.2, ,89, ,61.0, ,1.0, ,342, ,68.5, 
248,Holt,San Joaquin Valley,8/27/2024,0800,240,0.01, ,0.00, ,734, ,18.5, ,75.2, ,62, ,61.3, ,3.1, ,330, ,68.4, 
248,Holt,San Joaquin Valley,8/27/2024,0900,240,0.02, ,0.00, ,1135, ,17.3, ,79.7, ,50, ,59.4, ,3.4, ,318, ,68.6, 
248,Holt,San Joaquin Valley,8/27/2024,1000,240,0.02, ,0.00, ,1455, ,16.8, ,81.5, ,46, ,58.6, ,5.9, ,305, ,68.9, 
248,Holt,San Joaquin Valley,8/27/2024,1100,240,0.03, ,0.00, ,1677, ,18.1, ,85.2, ,44, ,60.6, ,5.7, ,312, ,69.4, 
248,Holt,San Joaquin Valley,8/27/2024,1200,240,0.03, ,0.00, ,1803, ,17.2, ,87.9, ,38, ,59.2, ,5.6, ,310, ,70.2, 
248,Holt,San Joaquin Valley,8/27/2024,1300,240,0.03, ,0.00, ,1815, ,15.4, ,90.2, ,32, ,56.2, ,5.7, ,311, ,71.5, 
248,Holt,San Joaquin Valley,8/27/2024,1400,240,0.03, ,0.00, ,1706, ,14.2, ,92.3, ,28, ,54.0, ,5.8, ,307, ,73.1, 
248,Holt,San Joaquin Valley,8/27/2024,1500,240,0.03, ,0.00, ,1485, ,13.3, ,93.7, ,25, ,52.1, ,6.3, ,305, ,74.4, 
248,Holt,San Joaquin Valley,8/27/2024,1600,240,0.02, ,0.00, ,1168, ,12.9, ,94.8, ,23, ,51.3, ,6.5, ,320, ,75.2, 
248,Holt,San Joaquin Valley,8/27/2024,1700,240,0.01, ,0.00, ,768, ,13.2, ,94.7, ,24, ,51.9, ,5.9, ,336, ,75.5, 
248,Holt,San Joaquin Valley,8/27/2024,1800,240,0.01, ,0.00, ,345, ,13.9, ,93.8, ,26, ,53.3, ,4.0, ,319, ,75.4, 
248,Holt,San Joaquin Valley,8/27/2024,1900,240,0.00, ,0.00, ,52, ,15.7, ,86.5, ,36, ,56.7, ,3.7, ,300, ,75.2, 
248,Holt,San Joaquin Valley,8/27/2024,2000,240,0.00, ,0.00, ,0, ,13.8, ,78.1, ,42, ,53.1, ,4.1, ,299, ,74.8, 
248,Holt,San Joaquin Valley,8/27/2024,2100,240,0.00, ,0.00, ,0, ,13.1, ,74.8, ,45, ,51.8, ,4.8, ,275, ,74.2, 
248,Holt,San Joaquin Valley,8/27/2024,2200,240,0.00, ,0.00, ,0, ,13.2, ,70.4, ,52, ,52.0, ,2.7, ,207, ,73.6, 
248,Holt,San Joaquin Valley,8/27/2024,2300,240,0.00, ,0.00, ,0, ,12.2, ,69.2, ,50, ,49.9, ,2.3, ,224, ,72.9, 
248,Holt,San Joaquin Valley,8/27/2024,2400,240,0.00, ,0.00, ,0, ,13.4, ,64.6, ,65, ,52.4, ,1.9, ,340, ,72.3, 
248,Holt,San Joaquin Valley,8/28/2024,0100,241,0.00, ,0.00, ,0, ,15.0, ,61.4, ,81, ,55.5, ,1.0, ,5, ,71.8, 
248,Holt,San Joaquin Valley,8/28/2024,0200,241,0.00, ,0.00, ,0, ,14.5, ,61.4, ,78, ,54.5, ,1.2, ,5, ,71.2, 
248,Holt,San Joaquin Valley,8/28/2024,0300,241,0.00, ,0.00, ,0, ,13.7, ,62.0, ,72, ,53.0, ,1.3, ,1, ,70.7, 
248,Holt,San Joaquin Valley,8/28/2024,0400,241,0.00, ,0.00, ,0, ,13.3, ,59.2, ,77, ,52.1, ,1.1, ,359, ,70.3, 
248,Holt,San Joaquin Valley,8/28/2024,0500,241,0.00, ,0.00, ,0, ,13.3, ,57.8, ,81, ,52.1, ,2.0, ,342, ,69.9, 
248,Holt,San Joaquin Valley,8/28/2024,0600,241,0.00, ,0.00, ,31, ,14.0, ,56.8, ,88, ,53.5, ,2.3, ,302, ,69.4, 
248,Holt,San Joaquin Valley,8/28/2024,0700,241,0.00, ,0.00, ,308, ,16.2, ,62.9, ,83, ,57.5, ,1.6, ,309, ,69.1, 
248,Holt,San Joaquin Valley,8/28/2024,0800,241,0.01, ,0.00, ,731, ,17.4, ,72.8, ,63, ,59.5, ,3.0, ,316, ,69.1, 
248,Holt,San Joaquin Valley,8/28/2024,0900,241,0.02, ,0.00, ,1141, ,15.3, ,79.3, ,45, ,56.0, ,4.4, ,318, ,69.6, 
248,Holt,San Joaquin Valley,8/28/2024,1000,241,0.02, ,0.00, ,1469, ,14.7, ,81.8, ,40, ,54.8, ,6.3, ,301, ,70.0, 
248,Holt,San Joaquin Valley,8/28/2024,1100,241,0.03, ,0.00, ,1699, ,13.0, ,86.0, ,31, ,51.6, ,8.2, ,311, ,70.6, 
248,Holt,San Joaquin Valley,8/28/2024,1200,241,0.03, ,0.00, ,1815, ,14.6, ,88.2, ,32, ,54.6, ,7.5, ,313, ,71.8, 
248,Holt,San Joaquin Valley,8/28/2024,1300,241,0.03, ,0.00, ,1821, ,16.1, ,91.1, ,32, ,57.4, ,6.8, ,324, ,73.3, 
248,Holt,San Joaquin Valley,8/28/2024,1400,241,0.03, ,0.00, ,1712, ,15.7, ,93.9, ,29, ,56.7, ,7.0, ,326, ,74.6, 
248,Holt,San Joaquin Valley,8/28/2024,1500,241,0.03, ,0.00, ,1491, ,14.2, ,95.1, ,25, ,54.0, ,7.1, ,314, ,75.7, 
248,Holt,San Joaquin Valley,8/28/2024,1600,241,0.02, ,0.00, ,1175, ,13.9, ,94.8, ,25, ,53.3, ,8.4, ,306, ,76.3, 
248,Holt,San Joaquin Valley,8/28/2024,1700,241,0.02, ,0.00, ,779, ,12.9, ,91.8, ,25, ,51.4, ,9.0, ,302, ,76.4, 
248,Holt,San Joaquin Valley,8/28/2024,1800,241,0.01, ,0.00, ,351, ,11.6, ,87.9, ,26, ,48.4, ,7.1, ,302, ,76.1, 
248,Holt,San Joaquin Valley,8/28/2024,1900,241,0.00, ,0.00, ,50, ,12.1, ,79.1, ,36, ,49.6, ,5.0, ,297, ,75.5, 
248,Holt,San Joaquin Valley,8/28/2024,2000,241,0.00, ,0.00, ,1, ,12.9, ,73.6, ,46, ,51.3, ,4.7, ,275, ,74.8, 
248,Holt,San Joaquin Valley,8/28/2024,2100,241,0.00, ,0.00, ,0, ,13.2, ,69.2, ,54, ,52.0, ,4.4, ,267, ,74.1, 
248,Holt,San Joaquin Valley,8/28/2024,2200,241,0.00, ,0.00, ,0, ,13.5, ,67.6, ,59, ,52.6, ,5.3, ,291, ,73.5, 
248,Holt,San Joaquin Valley,8/28/2024,2300,241,0.00, ,0.00, ,0, ,13.6, ,64.3, ,66, ,52.8, ,3.2, ,292, ,72.8, 
248,Holt,San Joaquin Valley,8/28/2024,2400,241,0.00, ,0.00, ,0, ,14.6, ,63.2, ,74, ,54.7, ,4.7, ,296, ,72.2, 
248,Holt,San Joaquin Valley,8/29/2024,0100,242,0.00, ,0.00, ,0, ,14.6, ,59.2, ,85, ,54.6, ,2.0, ,349, ,71.6, 
248,Holt,San Joaquin Valley,8/29/2024,0200,242,0.00, ,0.00, ,0, ,15.0, ,58.5, ,90, ,55.5, ,3.7, ,2, ,71.1, 
248,Holt,San Joaquin Valley,8/29/2024,0300,242,0.00, ,0.00, ,0, ,15.3, ,57.0, ,96, ,55.9, ,2.3, ,14, ,70.6, 
248,Holt,San Joaquin Valley,8/29/2024,0400,242,0.00, ,0.00, ,0, ,15.3, ,56.2, ,99, ,55.9, ,1.1, ,9, ,70.2, 
248,Holt,San Joaquin Valley,8/29/2024,0500,242,0.00, ,0.00, ,0, ,14.9, ,55.4, ,99, ,55.2, ,1.2, ,9, ,69.7, 
248,Holt,San Joaquin Valley,8/29/2024,0600,242,0.00, ,0.00, ,32, ,14.5, ,54.6, ,99, ,54.4, ,1.1, ,10, ,69.2, 
248,Holt,San Joaquin Valley,8/29/2024,0700,242,0.00, ,0.00, ,324, ,17.1, ,59.4, ,98, ,59.0, ,3.7, ,333, ,68.8, 
248,Holt,San Joaquin Valley,8/29/2024,0800,242,0.01, ,0.00, ,706, ,17.9, ,66.2, ,82, ,60.4, ,5.5, ,309, ,68.9, 
248,Holt,San Joaquin Valley,8/29/2024,0900,242,0.01, ,0.00, ,1103, ,16.9, ,69.9, ,68, ,58.7, ,6.3, ,314, ,69.2, 
248,Holt,San Joaquin Valley,8/29/2024,1000,242,0.02, ,0.00, ,1431, ,17.0, ,73.7, ,60, ,58.9, ,6.8, ,317, ,69.6, 
248,Holt,San Joaquin Valley,8/29/2024,1100,242,0.02, ,0.00, ,1669, ,17.4, ,76.5, ,56, ,59.6, ,7.0, ,315, ,70.2, 
248,Holt,San Joaquin Valley,8/29/2024,1200,242,0.03, ,0.00, ,1792, ,17.1, ,80.3, ,48, ,59.0, ,7.4, ,315, ,71.5, 
248,Holt,San Joaquin Valley,8/29/2024,1300,242,0.03, ,0.00, ,1803, ,14.5, ,83.7, ,37, ,54.5, ,8.2, ,308, ,72.9, 
248,Holt,San Joaquin Valley,8/29/2024,1400,242,0.03, ,0.00, ,1689, ,13.1, ,87.3, ,30, ,51.7, ,7.3, ,316, ,74.0, 
248,Holt,San Joaquin Valley,8/29/2024,1500,242,0.03, ,0.00, ,1474, ,13.3, ,88.9, ,29, ,52.2, ,7.9, ,320, ,74.9, 
248,Holt,San Joaquin Valley,8/29/2024,1600,242,0.02, ,0.00, ,1154, ,14.1, ,88.1, ,31, ,53.6, ,8.8, ,314, ,75.4, 
248,Holt,San Joaquin Valley,8/29/2024,1700,242,0.02, ,0.00, ,748, ,14.8, ,86.0, ,35, ,55.1, ,9.5, ,307, ,75.4, 
248,Holt,San Joaquin Valley,8/29/2024,1800,242,0.01, ,0.00, ,321, ,15.9, ,81.5, ,43, ,57.1, ,9.0, ,296, ,75.1, 
248,Holt,San Joaquin Valley,8/29/2024,1900,242,0.00, ,0.00, ,40, ,15.6, ,75.5, ,52, ,56.6, ,8.3, ,282, ,74.7, 
248,Holt,San Joaquin Valley,8/29/2024,2000,242,0.00, ,0.00, ,0, ,15.1, ,71.2, ,58, ,55.6, ,5.7, ,282, ,74.1, 
248,Holt,San Joaquin Valley,8/29/2024,2100,242,0.00, ,0.00, ,0, ,15.5, ,67.5, ,67, ,56.3, ,3.9, ,303, ,73.5, 
248,Holt,San Joaquin Valley,8/29/2024,2200,242,0.00, ,0.00, ,0, ,15.1, ,65.0, ,71, ,55.6, ,3.8, ,285, ,72.9, 
248,Holt,San Joaquin Valley,8/29/2024,2300,242,0.00, ,0.00, ,0, ,15.9, ,63.0, ,81, ,57.1, ,3.6, ,305, ,72.3, 
248,Holt,San Joaquin Valley,8/29/2024,2400,242,0.00, ,0.00, ,0, ,16.0, ,60.7, ,88, ,57.2, ,3.8, ,3, ,71.8, 
248,Holt,San Joaquin Valley,8/30/2024,0100,243,0.00, ,0.00, ,0, ,15.6, ,58.3, ,94, ,56.5, ,4.0, ,15, ,71.3, 
248,Holt,San Joaquin Valley,8/30/2024,0200,243,0.00, ,0.00, ,0, ,16.0, ,58.1, ,97, ,57.2, ,3.7, ,359, ,70.8, 
248,Holt,San Joaquin Valley,8/30/2024,0300,243,0.00, ,0.00, ,0, ,15.6, ,56.9, ,99, ,56.6, ,2.3, ,3, ,70.3, 
248,Holt,San Joaquin Valley,8/30/2024,0400,243,0.00, ,0.00, ,0, ,15.2, ,56.0, ,99, ,55.8, ,1.2, ,4, ,69.9, 
248,Holt,San Joaquin Valley,8/30/2024,0500,243,0.00, ,0.00, ,0, ,14.4, ,54.6, ,99, ,54.4, ,1.2, ,3, ,69.4, 
248,Holt,San Joaquin Valley,8/30/2024,0600,243,0.00, ,0.00, ,24, ,14.3, ,54.2, ,99, ,54.1, ,1.8, ,4, ,68.9, 
248,Holt,San Joaquin Valley,8/30/2024,0700,243,0.00, ,0.00, ,302, ,16.8, ,58.7, ,99, ,58.6, ,2.7, ,1, ,68.6, 
248,Holt,San Joaquin Valley,8/30/2024,0800,243,0.01, ,0.00, ,713, ,18.5, ,65.9, ,85, ,61.3, ,5.0, ,343, ,68.6, 
248,Holt,San Joaquin Valley,8/30/2024,0900,243,0.01, ,0.00, ,1110, ,17.5, ,70.1, ,70, ,59.7, ,4.7, ,315, ,69.0, 
248,Holt,San Joaquin Valley,8/30/2024,1000,243,0.02, ,0.00, ,1437, ,17.3, ,74.6, ,59, ,59.3, ,5.0, ,329, ,69.4, 
248,Holt,San Joaquin Valley,8/30/2024,1100,243,0.02, ,0.00, ,1660, ,17.4, ,78.0, ,53, ,59.6, ,6.1, ,314, ,70.1, 
248,Holt,San Joaquin Valley,8/30/2024,1200,243,0.03, ,0.00, ,1788, ,15.2, ,81.8, ,41, ,55.7, ,8.3, ,319, ,71.4, 
248,Holt,San Joaquin Valley,8/30/2024,1300,243,0.03, ,0.00, ,1792, ,14.0, ,84.3, ,35, ,53.5, ,8.9, ,312, ,72.8, 
248,Holt,San Joaquin Valley,8/30/2024,1400,243,0.03, ,0.00, ,1689, ,14.6, ,85.7, ,35, ,54.6, ,8.9, ,304, ,73.9, 
248,Holt,San Joaquin Valley,8/30/2024,1500,243,,M,,M,,M,,M,,M,,M,,M,,M,,M,,M
248,Holt,San Joaquin Valley,8/30/2024,1600,243,,M,,M,,M,,M,,M,,M,,M,,M,,M,,M
248,Holt,San Joaquin Valley,8/30/2024,1700,243,,M,,M,,M,,M,,M,,M,,M,,M,,M,,M
248,Holt,San Joaquin Valley,8/30/2024,1800,243,,M,,M,,M,,M,,M,,M,,M,,M,,M,,M
248,Holt,San Joaquin Valley,8/30/2024,1900,243,,M,,M,,M,,M,,M,,M,,M,,M,,M,,M
248,Holt,San Joaquin Valley,8/30/2024,2000,243,,M,,M,,M,,M,,M,,M,,M,,M,,M,,M
248,Holt,San Joaquin Valley,8/30/2024,2100,243,,M,,M,,M,,M,,M,,M,,M,,M,,M,,M
248,Holt,San Joaquin Valley,8/30/2024,2200,243,,M,,M,,M,,M,,M,,M,,M,,M,,M,,M
248,Holt,San Joaquin Valley,8/30/2024,2300,243,,M,,M,,M,,M,,M,,M,,M,,M,,M,,M
248,Holt,San Joaquin Valley,8/30/2024,2400,243,,M,,M,,M,,M,,M,,M,,M,,M,,M,,M
                                                                                                                                                                                                                                                                                                                                                                                                                                                                                                                                                                                                                                                                                                                                                                                                                                                                                                                                                                                                                                                                