Running simulation w/ ws = 3.676633e-01 and pmax = 1.000000e+00
0.0002777777999682245
Running simulation w/ ws = 2.860714e-01 and pmax = 9.999999e-01
0.00027777773731284993
Running simulation w/ ws = 1.000000e+00 and pmax = 1.000000e+00
0.00027777783651719963
Running simulation w/ ws = 3.472653e-01 and pmax = 1.000000e+00
0.0002777777660298949
156.7052435874939
Running simulation w/ ws = 4.492551e-01 and pmax = 1.000000e+00
0.0002777778025788655
159.51663517951965
Running simulation w/ ws = 7.144286e-01 and pmax = 1.000000e+00
0.00027777777386181674
162.3661916255951
Running simulation w/ ws = 7.756224e-01 and pmax = 9.999998e-01
0.0002777777138170881
163.78961610794067
Running simulation w/ ws = 3.064694e-01 and pmax = 9.999999e-01
0.00027777774253413064
159.11887574195862
Running simulation w/ ws = 6.124388e-01 and pmax = 1.000000e+00
0.0002777778208533526
160.09304547309875
Running simulation w/ ws = 1.000000e+00 and pmax = 9.999998e-01
0.00027777772425964867
157.8219494819641
Running simulation w/ ws = 2.656735e-01 and pmax = 9.999998e-01
0.00027777772425964867
161.12395310401917
Running simulation w/ ws = 3.472653e-01 and pmax = 9.999998e-01
0.0002777777294809291
159.58424544334412
Running simulation w/ ws = 9.592041e-01 and pmax = 1.000000e+00
0.0002777777686405355
157.77039647102356
Running simulation w/ ws = 6.736327e-01 and pmax = 1.000000e+00
0.0002777777712511761
160.23411870002747
Running simulation w/ ws = 9.592041e-01 and pmax = 9.999999e-01
0.00027777775036605184
160.86732292175293
Running simulation w/ ws = 2.656735e-01 and pmax = 1.000000e+00
0.00027777777386181674
161.025573015213
Running simulation w/ ws = 4.129592e-02 and pmax = 1.000000e+00
0.0002777778391278409
158.61656379699707
Running simulation w/ ws = 7.756224e-01 and pmax = 1.000000e+00
0.0002777778025788655
162.86488723754883
Running simulation w/ ws = 4.492551e-01 and pmax = 1.000000e+00
0.0002777778391278409
161.78270649909973
Running simulation w/ ws = 3.268673e-01 and pmax = 1.000000e+00
0.000277777828685276
158.473215341568
Running simulation w/ ws = 6.940306e-01 and pmax = 1.000000e+00
0.00027777782607463485
160.4305284023285
Running simulation w/ ws = 6.328367e-01 and pmax = 1.000000e+00
0.0002777778130214294
160.71556615829468
Running simulation w/ ws = 2.860714e-01 and pmax = 1.000000e+00
0.00027777780780014735
161.60488033294678
Running simulation w/ ws = 4.084592e-01 and pmax = 1.000000e+00
0.0002777778312959172
156.32747173309326
Running simulation w/ ws = 2.248776e-01 and pmax = 1.000000e+00
0.0002777778417384822
160.50175046920776
Running simulation w/ ws = 4.696531e-01 and pmax = 1.000000e+00
0.00027777778691502034
160.17789602279663
Running simulation w/ ws = 1.228878e-01 and pmax = 1.000000e+00
0.00027777777908309816
161.4417381286621
Running simulation w/ ws = 5.000000e-04 and pmax = 1.000000e+00
0.00027777779213630197
158.12201523780823
Running simulation w/ ws = 1.000000e+00 and pmax = 1.000000e+00
0.0002777777895256611
159.6034450531006
Running simulation w/ ws = 7.552245e-01 and pmax = 1.000000e+00
0.00027777778169373887
160.2970461845398
Running simulation w/ ws = 1.432857e-01 and pmax = 9.999999e-01
0.00027777775819797326
159.97694945335388
Running simulation w/ ws = 8.776122e-01 and pmax = 1.000000e+00
0.0002777778391278409
158.8630611896515
Running simulation w/ ws = 8.209184e-02 and pmax = 1.000000e+00
0.00027777777908309816
160.15432238578796
Running simulation w/ ws = 4.696531e-01 and pmax = 9.999999e-01
0.00027777776341925435
159.28771042823792
Running simulation w/ ws = 5.920408e-01 and pmax = 9.999999e-01
0.0002777777477554114
160.16864132881165
Running simulation w/ ws = 3.064694e-01 and pmax = 1.000000e+00
0.00027777782607463485
157.50843334197998
Running simulation w/ ws = 1.228878e-01 and pmax = 1.000000e+00
0.00027777781563207045
160.02064180374146
Running simulation w/ ws = 4.900510e-01 and pmax = 1.000000e+00
0.0002777777895256611
161.0714635848999
158.5549738407135
80.5865683555603
74.52459669113159
Running simulation w/ ws = 7.144286e-01 and pmax = 1.000000e+00
0.0002777778130214294
Running simulation w/ ws = 7.552245e-01 and pmax = 9.999999e-01
0.00027777775558733277
Running simulation w/ ws = 1.636837e-01 and pmax = 1.000000e+00
0.0002777777947469428
Running simulation w/ ws = 2.248776e-01 and pmax = 1.000000e+00
0.00027777778169373887
150.46867990493774
Running simulation w/ ws = 8.776122e-01 and pmax = 9.999999e-01
0.00027777775819797326
153.12721920013428
Running simulation w/ ws = 3.472653e-01 and pmax = 9.999998e-01
0.0002777777164277282
166.8577103614807
Running simulation w/ ws = 4.129592e-02 and pmax = 1.000000e+00
0.0002777778130214294
168.80368542671204
Running simulation w/ ws = 8.980102e-01 and pmax = 1.000000e+00
0.0002777777764724574
157.91150856018066
Running simulation w/ ws = 1.024898e-01 and pmax = 1.000000e+00
0.00027777782607463485
159.11581301689148
Running simulation w/ ws = 1.432857e-01 and pmax = 1.000000e+00
0.0002777778051895064
158.46098709106445
Running simulation w/ ws = 1.024898e-01 and pmax = 9.999999e-01
0.00027777775819797326
159.45312786102295
Running simulation w/ ws = 5.000000e-04 and pmax = 9.999999e-01
0.00027777775558733277
158.4185848236084
Running simulation w/ ws = 3.268673e-01 and pmax = 1.000000e+00
0.0002777777660298949
158.50371670722961
Running simulation w/ ws = 2.656735e-01 and pmax = 1.000000e+00
0.0002777778025788655
159.31428742408752
Running simulation w/ ws = 5.000000e-04 and pmax = 1.000000e+00
0.0002777778391278409
160.72269248962402
Running simulation w/ ws = 6.736327e-01 and pmax = 1.000000e+00
0.00027777783651719963
157.45555567741394
Running simulation w/ ws = 2.089796e-02 and pmax = 1.000000e+00
0.0002777777660298949
159.28609156608582
Running simulation w/ ws = 5.000000e-04 and pmax = 1.000000e+00
0.00027777783390655844
157.64597058296204
Running simulation w/ ws = 9.388061e-01 and pmax = 1.000000e+00
0.0002777777712511761
160.34984159469604
Running simulation w/ ws = 7.756224e-01 and pmax = 1.000000e+00
0.0002777777895256611
157.54492568969727
Running simulation w/ ws = 2.248776e-01 and pmax = 9.999999e-01
0.00027777775036605184
159.3846218585968
Running simulation w/ ws = 4.696531e-01 and pmax = 1.000000e+00
0.0002777778130214294
159.85608911514282
Running simulation w/ ws = 6.328367e-01 and pmax = 9.999999e-01
0.00027777775558733277
161.6717119216919
Running simulation w/ ws = 8.209184e-02 and pmax = 1.000000e+00
0.0002777778025788655
165.89026355743408
Running simulation w/ ws = 8.164184e-01 and pmax = 9.999998e-01
0.0002777777320915694
150.4405517578125
Running simulation w/ ws = 3.064694e-01 and pmax = 1.000000e+00
0.000277777828685276
168.13900756835938
Running simulation w/ ws = 1.432857e-01 and pmax = 9.999998e-01
0.0002777777268702889
153.8640239238739
Running simulation w/ ws = 1.636837e-01 and pmax = 9.999999e-01
0.000277777745144771
157.85020089149475
Running simulation w/ ws = 3.472653e-01 and pmax = 9.999998e-01
0.00027777772425964867
159.2465968132019
Running simulation w/ ws = 6.940306e-01 and pmax = 1.000000e+00
0.00027777781563207045
159.47301650047302
Running simulation w/ ws = 5.512449e-01 and pmax = 1.000000e+00
0.000277777828685276
160.62354016304016
Running simulation w/ ws = 7.756224e-01 and pmax = 1.000000e+00
0.0002777778234639937
158.50959157943726
Running simulation w/ ws = 3.880612e-01 and pmax = 9.999999e-01
0.00027777773992349026
158.31539225578308
Running simulation w/ ws = 8.980102e-01 and pmax = 9.999999e-01
0.00027777775558733277
159.21386170387268
Running simulation w/ ws = 1.432857e-01 and pmax = 1.000000e+00
0.000277777828685276
160.53413653373718
Running simulation w/ ws = 2.452755e-01 and pmax = 1.000000e+00
0.000277777828685276
159.72067999839783
Running simulation w/ ws = 9.184082e-01 and pmax = 9.999999e-01
0.000277777745144771
161.0657651424408
Running simulation w/ ws = 2.860714e-01 and pmax = 1.000000e+00
0.0002777778312959172
161.5124535560608
Running simulation w/ ws = 2.089796e-02 and pmax = 9.999998e-01
0.0002777777320915694
162.07561993598938
108.82936573028564
123.8514335155487
117.8166172504425
Running simulation w/ ws = 8.368163e-01 and pmax = 9.999999e-01
0.00027777774253413064
Running simulation w/ ws = 8.776122e-01 and pmax = 1.000000e+00
0.00027777777908309816
Running simulation w/ ws = 6.940306e-01 and pmax = 9.999999e-01
0.000277777745144771
Running simulation w/ ws = 9.592041e-01 and pmax = 9.999998e-01
0.0002777777138170881
157.31469583511353
Running simulation w/ ws = 4.084592e-01 and pmax = 9.999999e-01
0.00027777774253413064
158.99080300331116
Running simulation w/ ws = 6.940306e-01 and pmax = 1.000000e+00
0.0002777777895256611
159.17285823822021
Running simulation w/ ws = 1.228878e-01 and pmax = 1.000000e+00
0.00027777780780014735
161.0303292274475
Running simulation w/ ws = 8.368163e-01 and pmax = 1.000000e+00
0.0002777778051895064
158.48090362548828
Running simulation w/ ws = 3.064694e-01 and pmax = 1.000000e+00
0.0002777777660298949
158.0787172317505
Running simulation w/ ws = 3.064694e-01 and pmax = 9.999998e-01
0.0002777777320915694
158.6295735836029
Running simulation w/ ws = 2.089796e-02 and pmax = 1.000000e+00
0.00027777782607463485
158.16478896141052
Running simulation w/ ws = 6.736327e-01 and pmax = 1.000000e+00
0.000277777828685276
157.91063570976257
Running simulation w/ ws = 5.512449e-01 and pmax = 1.000000e+00
0.0002777777686405355
157.60470604896545
Running simulation w/ ws = 6.736327e-01 and pmax = 9.999999e-01
0.00027777776080861375
157.5581090450287
Running simulation w/ ws = 7.552245e-01 and pmax = 1.000000e+00
0.00027777783651719963
160.38381552696228
Running simulation w/ ws = 2.089796e-02 and pmax = 1.000000e+00
0.0002777777686405355
157.3403823375702
Running simulation w/ ws = 4.696531e-01 and pmax = 1.000000e+00
0.000277777828685276
157.69581079483032
Running simulation w/ ws = 4.696531e-01 and pmax = 1.000000e+00
0.0002777777999682245
158.84698486328125
Running simulation w/ ws = 7.960204e-01 and pmax = 9.999998e-01
0.0002777777164277282
160.94809532165527
Running simulation w/ ws = 4.288571e-01 and pmax = 1.000000e+00
0.0002777778025788655
153.1657910346985
Running simulation w/ ws = 5.000000e-04 and pmax = 9.999998e-01
0.0002777777320915694
156.37488865852356
Running simulation w/ ws = 3.064694e-01 and pmax = 9.999999e-01
0.0002777777477554114
156.90998458862305
Running simulation w/ ws = 9.184082e-01 and pmax = 9.999998e-01
0.0002777777216490085
173.3596920967102
Running simulation w/ ws = 7.144286e-01 and pmax = 1.000000e+00
0.00027777780780014735
157.25032687187195
Running simulation w/ ws = 2.656735e-01 and pmax = 1.000000e+00
0.0002777778312959172
160.5117313861847
Running simulation w/ ws = 1.024898e-01 and pmax = 1.000000e+00
0.00027777781563207045
159.78744959831238
Running simulation w/ ws = 6.169388e-02 and pmax = 9.999999e-01
0.00027777774253413064
159.81476998329163
Running simulation w/ ws = 1.000000e+00 and pmax = 9.999999e-01
0.00027777775819797326
160.78195071220398
Running simulation w/ ws = 6.328367e-01 and pmax = 1.000000e+00
0.0002777778208533526
157.9602930545807
Running simulation w/ ws = 8.209184e-02 and pmax = 1.000000e+00
0.000277777828685276
161.4214470386505
Running simulation w/ ws = 3.880612e-01 and pmax = 1.000000e+00
0.0002777777895256611
159.87168288230896
Running simulation w/ ws = 3.880612e-01 and pmax = 1.000000e+00
0.0002777778051895064
156.78028845787048
Running simulation w/ ws = 8.164184e-01 and pmax = 9.999998e-01
0.00027777771903836834
159.34093236923218
Running simulation w/ ws = 3.268673e-01 and pmax = 1.000000e+00
0.0002777777764724574
160.13997340202332
Running simulation w/ ws = 2.089796e-02 and pmax = 1.000000e+00
0.0002777777895256611
158.86624693870544
Running simulation w/ ws = 6.124388e-01 and pmax = 1.000000e+00
0.00027777782607463485
157.60545325279236
Running simulation w/ ws = 8.572143e-01 and pmax = 9.999998e-01
0.0002777777268702889
158.90636491775513
Running simulation w/ ws = 5.000000e-04 and pmax = 9.999999e-01
0.00027777773992349026
161.13956952095032
Running simulation w/ ws = 3.268673e-01 and pmax = 1.000000e+00
0.0002777778312959172
158.23967623710632
Running simulation w/ ws = 5.920408e-01 and pmax = 9.999998e-01
0.0002777777164277282
149.85845565795898
149.16873908042908
138.21502566337585
141.45297741889954
Running simulation w/ ws = 9.184082e-01 and pmax = 1.000000e+00
0.00027777778691502034
Running simulation w/ ws = 1.432857e-01 and pmax = 1.000000e+00
0.00027777777908309816
Running simulation w/ ws = 4.129592e-02 and pmax = 9.999999e-01
0.00027777773992349026
Running simulation w/ ws = 4.129592e-02 and pmax = 9.999999e-01
0.00027777775819797326
158.09420204162598
Running simulation w/ ws = 5.104490e-01 and pmax = 1.000000e+00
0.00027777777908309816
158.41246700286865
Running simulation w/ ws = 1.432857e-01 and pmax = 9.999999e-01
0.0002777777477554114
158.9294991493225
Running simulation w/ ws = 7.144286e-01 and pmax = 1.000000e+00
0.0002777778104107884
159.58106398582458
Running simulation w/ ws = 7.144286e-01 and pmax = 1.000000e+00
0.000277777828685276
157.8618700504303
Running simulation w/ ws = 6.532347e-01 and pmax = 1.000000e+00
0.00027777782607463485
157.96653199195862
Running simulation w/ ws = 5.716429e-01 and pmax = 9.999999e-01
0.00027777776080861375
158.56978464126587
Running simulation w/ ws = 4.288571e-01 and pmax = 9.999999e-01
0.00027777773731284993
157.77585649490356
Running simulation w/ ws = 2.044796e-01 and pmax = 1.000000e+00
0.00027777777386181674
156.99304342269897
Running simulation w/ ws = 2.452755e-01 and pmax = 9.999998e-01
0.0002777777138170881
158.07664799690247
Running simulation w/ ws = 6.532347e-01 and pmax = 9.999998e-01
0.00027777771903836834
158.19033527374268
Running simulation w/ ws = 2.044796e-01 and pmax = 9.999999e-01
0.0002777777477554114
158.33074927330017
Running simulation w/ ws = 6.940306e-01 and pmax = 9.999999e-01
0.00027777776341925435
155.18616652488708
Running simulation w/ ws = 7.960204e-01 and pmax = 1.000000e+00
0.0002777778025788655
154.87669587135315
Running simulation w/ ws = 2.452755e-01 and pmax = 1.000000e+00
0.0002777777947469428
156.03045558929443
Running simulation w/ ws = 5.104490e-01 and pmax = 1.000000e+00
0.0002777778312959172
168.89613270759583
Running simulation w/ ws = 7.552245e-01 and pmax = 9.999999e-01
0.00027777776341925435
157.80537462234497
Running simulation w/ ws = 3.472653e-01 and pmax = 1.000000e+00
0.00027777778169373887
159.6035282611847
Running simulation w/ ws = 2.044796e-01 and pmax = 1.000000e+00
0.0002777777660298949
158.8497657775879
Running simulation w/ ws = 5.512449e-01 and pmax = 1.000000e+00
0.00027777778169373887
158.98335552215576
Running simulation w/ ws = 3.268673e-01 and pmax = 1.000000e+00
0.0002777777686405355
159.41534233093262
Running simulation w/ ws = 6.940306e-01 and pmax = 1.000000e+00
0.0002777777947469428
160.76814651489258
Running simulation w/ ws = 6.532347e-01 and pmax = 1.000000e+00
0.0002777778208533526
160.3598473072052
Running simulation w/ ws = 2.452755e-01 and pmax = 1.000000e+00
0.0002777778417384822
160.73041987419128
Running simulation w/ ws = 6.736327e-01 and pmax = 1.000000e+00
0.0002777778208533526
157.74625968933105
Running simulation w/ ws = 2.044796e-01 and pmax = 9.999998e-01
0.00027777773470220965
159.322851896286
Running simulation w/ ws = 6.736327e-01 and pmax = 1.000000e+00
0.0002777778234639937
159.29810881614685
Running simulation w/ ws = 3.472653e-01 and pmax = 1.000000e+00
0.0002777777895256611
159.44545578956604
Running simulation w/ ws = 3.268673e-01 and pmax = 9.999999e-01
0.00027777775036605184
154.59802675247192
Running simulation w/ ws = 7.960204e-01 and pmax = 9.999998e-01
0.00027777773470220965
156.8985514640808
Running simulation w/ ws = 3.268673e-01 and pmax = 1.000000e+00
0.0002777777973575837
172.9016456604004
Running simulation w/ ws = 4.288571e-01 and pmax = 9.999999e-01
0.00027777776080861375
154.41652607917786
Running simulation w/ ws = 9.184082e-01 and pmax = 9.999998e-01
0.0002777777164277282
159.37030386924744
Running simulation w/ ws = 3.472653e-01 and pmax = 1.000000e+00
0.00027777777386181674
157.70733904838562
Running simulation w/ ws = 3.676633e-01 and pmax = 9.999998e-01
0.00027777772425964867
158.63401556015015
Running simulation w/ ws = 1.432857e-01 and pmax = 9.999999e-01
0.00027777773731284993
160.27907156944275
Running simulation w/ ws = 2.044796e-01 and pmax = 1.000000e+00
0.00027777777908309816
152.90943908691406
152.34208846092224
142.18436455726624
143.90394854545593
Running simulation w/ ws = 5.512449e-01 and pmax = 1.000000e+00
0.00027777783651719963
Running simulation w/ ws = 5.308469e-01 and pmax = 1.000000e+00
0.00027777778169373887
Running simulation w/ ws = 5.000000e-04 and pmax = 1.000000e+00
0.0002777778104107884
Running simulation w/ ws = 7.552245e-01 and pmax = 9.999998e-01
0.00027777772425964867
157.7653830051422
Running simulation w/ ws = 2.656735e-01 and pmax = 1.000000e+00
0.0002777778051895064
157.94430875778198
Running simulation w/ ws = 8.368163e-01 and pmax = 1.000000e+00
0.0002777778025788655
159.47120213508606
Running simulation w/ ws = 7.552245e-01 and pmax = 9.999999e-01
0.0002777777477554114
159.68708086013794
Running simulation w/ ws = 2.089796e-02 and pmax = 9.999999e-01
0.00027777775819797326
158.76598167419434
Running simulation w/ ws = 9.796020e-01 and pmax = 1.000000e+00
0.0002777778391278409
158.1501476764679
Running simulation w/ ws = 6.124388e-01 and pmax = 1.000000e+00
0.0002777777973575837
160.033766746521
Running simulation w/ ws = 2.452755e-01 and pmax = 1.000000e+00
0.0002777777999682245
159.99455428123474
Running simulation w/ ws = 6.940306e-01 and pmax = 1.000000e+00
0.0002777778234639937
156.98189163208008
Running simulation w/ ws = 4.492551e-01 and pmax = 9.999999e-01
0.00027777773731284993
160.34324097633362
Running simulation w/ ws = 7.552245e-01 and pmax = 1.000000e+00
0.0002777777843043796
160.5847270488739
Running simulation w/ ws = 2.044796e-01 and pmax = 1.000000e+00
0.0002777777764724574
160.69964742660522
Running simulation w/ ws = 6.532347e-01 and pmax = 9.999999e-01
0.00027777773992349026
160.1561210155487
Running simulation w/ ws = 7.960204e-01 and pmax = 9.999998e-01
0.0002777777138170881
158.8362329006195
Running simulation w/ ws = 5.308469e-01 and pmax = 1.000000e+00
0.00027777783390655844
160.1774196624756
Running simulation w/ ws = 7.756224e-01 and pmax = 9.999999e-01
0.00027777773992349026
160.6379361152649
Running simulation w/ ws = 2.656735e-01 and pmax = 9.999999e-01
0.0002777777529766923
158.71763348579407
Running simulation w/ ws = 1.840816e-01 and pmax = 1.000000e+00
0.0002777777895256611
159.6048972606659
Running simulation w/ ws = 8.368163e-01 and pmax = 9.999998e-01
0.00027777772425964867
159.21604418754578
Running simulation w/ ws = 1.024898e-01 and pmax = 9.999999e-01
0.00027777775558733277
159.67501020431519
Running simulation w/ ws = 9.184082e-01 and pmax = 1.000000e+00
0.0002777778391278409
158.14805436134338
Running simulation w/ ws = 8.980102e-01 and pmax = 9.999999e-01
0.0002777777477554114
159.49895977973938
Running simulation w/ ws = 4.084592e-01 and pmax = 1.000000e+00
0.0002777777764724574
160.6059606075287
Running simulation w/ ws = 7.756224e-01 and pmax = 9.999999e-01
0.00027777775558733277
159.09808158874512
Running simulation w/ ws = 5.308469e-01 and pmax = 1.000000e+00
0.00027777779213630197
158.46572875976562
Running simulation w/ ws = 9.388061e-01 and pmax = 1.000000e+00
0.0002777778391278409
158.72380590438843
Running simulation w/ ws = 8.980102e-01 and pmax = 1.000000e+00
0.0002777778051895064
159.6577501296997
Running simulation w/ ws = 2.656735e-01 and pmax = 1.000000e+00
0.0002777778208533526
161.05158853530884
Running simulation w/ ws = 8.164184e-01 and pmax = 1.000000e+00
0.0002777777764724574
159.35880088806152
Running simulation w/ ws = 4.129592e-02 and pmax = 1.000000e+00
0.0002777778104107884
159.6297996044159
Running simulation w/ ws = 4.288571e-01 and pmax = 1.000000e+00
0.0002777777843043796
159.92061495780945
Running simulation w/ ws = 4.129592e-02 and pmax = 9.999999e-01
0.00027777773731284993
159.74633359909058
Running simulation w/ ws = 2.860714e-01 and pmax = 1.000000e+00
0.0002777777843043796
158.8962116241455
Running simulation w/ ws = 3.268673e-01 and pmax = 9.999998e-01
0.0002777777216490085
158.8927195072174
Running simulation w/ ws = 3.064694e-01 and pmax = 1.000000e+00
0.0002777777999682245
160.35223531723022
Running simulation w/ ws = 2.044796e-01 and pmax = 9.999998e-01
0.0002777777164277282
160.05829310417175
Running simulation w/ ws = 8.776122e-01 and pmax = 9.999999e-01
0.0002777777477554114
152.1230411529541
146.70209169387817
144.17619061470032
142.98326086997986
Running simulation w/ ws = 5.512449e-01 and pmax = 9.999998e-01
0.0002777777268702889
Running simulation w/ ws = 2.860714e-01 and pmax = 1.000000e+00
0.000277777828685276
Running simulation w/ ws = 8.776122e-01 and pmax = 9.999998e-01
0.0002777777294809291
Running simulation w/ ws = 2.860714e-01 and pmax = 1.000000e+00
0.0002777777686405355
158.03925848007202
Running simulation w/ ws = 9.796020e-01 and pmax = 1.000000e+00
0.00027777777386181674
158.15215063095093
Running simulation w/ ws = 5.308469e-01 and pmax = 1.000000e+00
0.0002777778391278409
158.3576204776764
Running simulation w/ ws = 6.328367e-01 and pmax = 1.000000e+00
0.00027777779213630197
160.0831961631775
Running simulation w/ ws = 8.980102e-01 and pmax = 1.000000e+00
0.0002777777895256611
157.36515045166016
Running simulation w/ ws = 1.024898e-01 and pmax = 9.999998e-01
0.0002777777216490085
157.10115432739258
Running simulation w/ ws = 1.228878e-01 and pmax = 1.000000e+00
0.0002777778051895064
159.41653037071228
Running simulation w/ ws = 9.184082e-01 and pmax = 1.000000e+00
0.0002777778104107884
159.9372968673706
Running simulation w/ ws = 2.860714e-01 and pmax = 9.999999e-01
0.0002777777477554114
158.1652753353119
Running simulation w/ ws = 7.144286e-01 and pmax = 9.999998e-01
0.0002777777294809291
158.4867684841156
Running simulation w/ ws = 6.124388e-01 and pmax = 9.999999e-01
0.00027777773731284993
157.76423358917236
Running simulation w/ ws = 9.796020e-01 and pmax = 1.000000e+00
0.0002777778234639937
158.5178394317627
Running simulation w/ ws = 1.000000e+00 and pmax = 1.000000e+00
0.0002777777843043796
157.01350855827332
Running simulation w/ ws = 3.268673e-01 and pmax = 9.999998e-01
0.0002777777138170881
157.45500683784485
Running simulation w/ ws = 8.209184e-02 and pmax = 9.999999e-01
0.00027777775036605184
159.12340712547302
159.0790901184082
Running simulation w/ ws = 4.084592e-01 and pmax = 1.000000e+00
0.00027777783651719963
Running simulation w/ ws = 4.492551e-01 and pmax = 1.000000e+00
0.0002777778104107884
157.7011914253235
Running simulation w/ ws = 1.024898e-01 and pmax = 1.000000e+00
0.00027777778169373887
158.30914402008057
Running simulation w/ ws = 8.368163e-01 and pmax = 1.000000e+00
0.0002777777660298949
160.59079146385193
Running simulation w/ ws = 5.104490e-01 and pmax = 9.999999e-01
0.0002777777529766923
159.73882007598877
Running simulation w/ ws = 1.432857e-01 and pmax = 9.999999e-01
0.00027777775558733277
158.6321828365326
Running simulation w/ ws = 6.169388e-02 and pmax = 1.000000e+00
0.00027777777386181674
159.2076210975647
Running simulation w/ ws = 7.348265e-01 and pmax = 9.999999e-01
0.000277777745144771
158.6066493988037
Running simulation w/ ws = 8.572143e-01 and pmax = 1.000000e+00
0.00027777778169373887
160.3217911720276
Running simulation w/ ws = 4.492551e-01 and pmax = 9.999998e-01
0.0002777777164277282
157.57445859909058
Running simulation w/ ws = 6.169388e-02 and pmax = 9.999998e-01
0.00027777771903836834
158.17457818984985
Running simulation w/ ws = 9.796020e-01 and pmax = 1.000000e+00
0.0002777777973575837
158.93629336357117
Running simulation w/ ws = 7.552245e-01 and pmax = 1.000000e+00
0.0002777778104107884
158.2199945449829
Running simulation w/ ws = 7.960204e-01 and pmax = 9.999999e-01
0.00027777773992349026
157.2169909477234
Running simulation w/ ws = 2.860714e-01 and pmax = 9.999999e-01
0.00027777776341925435
157.07050204277039
Running simulation w/ ws = 6.736327e-01 and pmax = 1.000000e+00
0.0002777777973575837
158.70458054542542
Running simulation w/ ws = 5.716429e-01 and pmax = 9.999998e-01
0.0002777777294809291
158.6898148059845
Running simulation w/ ws = 4.900510e-01 and pmax = 9.999998e-01
0.0002777777216490085
153.99482202529907
Running simulation w/ ws = 5.512449e-01 and pmax = 9.999999e-01
0.0002777777529766923
152.82806491851807
Running simulation w/ ws = 4.696531e-01 and pmax = 1.000000e+00
0.00027777778169373887
155.00999546051025
Running simulation w/ ws = 4.084592e-01 and pmax = 9.999998e-01
0.0002777777138170881
171.54078888893127
Running simulation w/ ws = 3.268673e-01 and pmax = 1.000000e+00
0.00027777781824271154
148.77475666999817
148.14129662513733
146.8326177597046
136.71479415893555
Running simulation w/ ws = 9.592041e-01 and pmax = 9.999999e-01
0.000277777745144771
Running simulation w/ ws = 5.920408e-01 and pmax = 1.000000e+00
0.00027777783390655844
Running simulation w/ ws = 6.328367e-01 and pmax = 1.000000e+00
0.0002777778391278409
Running simulation w/ ws = 5.104490e-01 and pmax = 1.000000e+00
0.00027777781563207045
153.52240586280823
Running simulation w/ ws = 3.676633e-01 and pmax = 9.999999e-01
0.00027777776080861375
161.08100128173828
Running simulation w/ ws = 9.796020e-01 and pmax = 9.999998e-01
0.00027777772425964867
162.53818440437317
Running simulation w/ ws = 9.592041e-01 and pmax = 9.999999e-01
0.0002777777477554114
165.95817828178406
Running simulation w/ ws = 1.636837e-01 and pmax = 1.000000e+00
0.00027777777908309816
158.24296689033508
Running simulation w/ ws = 8.980102e-01 and pmax = 9.999998e-01
0.00027777773470220965
156.66112518310547
Running simulation w/ ws = 8.776122e-01 and pmax = 1.000000e+00
0.0002777777895256611
160.10715222358704
Running simulation w/ ws = 6.328367e-01 and pmax = 1.000000e+00
0.00027777780780014735
157.7690372467041
Running simulation w/ ws = 9.388061e-01 and pmax = 9.999998e-01
0.0002777777138170881
160.9955654144287
Running simulation w/ ws = 8.572143e-01 and pmax = 1.000000e+00
0.0002777777660298949
157.28414130210876
Running simulation w/ ws = 5.920408e-01 and pmax = 1.000000e+00
0.00027777780780014735
158.95419788360596
Running simulation w/ ws = 5.104490e-01 and pmax = 1.000000e+00
0.0002777777999682245
160.3312976360321
Running simulation w/ ws = 8.776122e-01 and pmax = 9.999998e-01
0.0002777777138170881
157.77448081970215
Running simulation w/ ws = 8.368163e-01 and pmax = 9.999998e-01
0.0002777777294809291
160.71219635009766
Running simulation w/ ws = 5.308469e-01 and pmax = 1.000000e+00
0.0002777778025788655
158.42140197753906
Running simulation w/ ws = 8.209184e-02 and pmax = 1.000000e+00
0.0002777777973575837
161.32656717300415
Running simulation w/ ws = 1.840816e-01 and pmax = 1.000000e+00
0.00027777781824271154
158.26989698410034
Running simulation w/ ws = 8.572143e-01 and pmax = 1.000000e+00
0.00027777781563207045
159.67899441719055
Running simulation w/ ws = 8.980102e-01 and pmax = 1.000000e+00
0.0002777777843043796
159.4223780632019
Running simulation w/ ws = 5.308469e-01 and pmax = 9.999999e-01
0.00027777775819797326
159.86933994293213
Running simulation w/ ws = 2.860714e-01 and pmax = 1.000000e+00
0.00027777778691502034
156.2358558177948
Running simulation w/ ws = 3.472653e-01 and pmax = 1.000000e+00
0.0002777777764724574
158.63343358039856
Running simulation w/ ws = 8.572143e-01 and pmax = 9.999998e-01
0.0002777777320915694
156.624675989151
Running simulation w/ ws = 4.696531e-01 and pmax = 9.999999e-01
0.00027777773992349026
159.44557571411133
Running simulation w/ ws = 6.169388e-02 and pmax = 9.999999e-01
0.00027777773992349026
157.95179104804993
Running simulation w/ ws = 2.860714e-01 and pmax = 9.999999e-01
0.00027777775036605184
160.18855118751526
Running simulation w/ ws = 6.532347e-01 and pmax = 9.999999e-01
0.00027777776080861375
157.33710479736328
Running simulation w/ ws = 1.228878e-01 and pmax = 1.000000e+00
0.0002777777686405355
159.1096489429474
Running simulation w/ ws = 2.452755e-01 and pmax = 1.000000e+00
0.0002777777764724574
158.7109498977661
Running simulation w/ ws = 5.104490e-01 and pmax = 1.000000e+00
0.00027777780780014735
159.68214321136475
Running simulation w/ ws = 8.209184e-02 and pmax = 1.000000e+00
0.00027777781563207045
159.0027413368225
Running simulation w/ ws = 4.900510e-01 and pmax = 9.999999e-01
0.00027777775819797326
158.33327054977417
Running simulation w/ ws = 6.532347e-01 and pmax = 1.000000e+00
0.0002777777843043796
157.03857421875
Running simulation w/ ws = 3.064694e-01 and pmax = 9.999998e-01
0.00027777772425964867
157.97242665290833
Running simulation w/ ws = 7.348265e-01 and pmax = 9.999998e-01
0.0002777777268702889
160.54553389549255
Running simulation w/ ws = 6.736327e-01 and pmax = 1.000000e+00
0.0002777777764724574
160.40775990486145
Running simulation w/ ws = 8.368163e-01 and pmax = 1.000000e+00
0.00027777777908309816
151.73444271087646
148.93184638023376
148.41121554374695
141.09054732322693
2024-03-19 20:39:50,641 - distributed.worker - ERROR - Failed to communicate with scheduler during heartbeat.
Traceback (most recent call last):
  File "/global/common/software/nersc/pe/conda-envs/24.1.0/python-3.11/nersc-python/lib/python3.11/site-packages/distributed/comm/tcp.py", line 225, in read
    frames_nosplit_nbytes_bin = await stream.read_bytes(fmt_size)
                                ^^^^^^^^^^^^^^^^^^^^^^^^^^^^^^^^^
tornado.iostream.StreamClosedError: Stream is closed

The above exception was the direct cause of the following exception:

Traceback (most recent call last):
  File "/global/common/software/nersc/pe/conda-envs/24.1.0/python-3.11/nersc-python/lib/python3.11/site-packages/distributed/worker.py", line 1252, in heartbeat
    response = await retry_operation(
               ^^^^^^^^^^^^^^^^^^^^^^
  File "/global/common/software/nersc/pe/conda-envs/24.1.0/python-3.11/nersc-python/lib/python3.11/site-packages/distributed/utils_comm.py", line 455, in retry_operation
    return await retry(
           ^^^^^^^^^^^^
  File "/global/common/software/nersc/pe/conda-envs/24.1.0/python-3.11/nersc-python/lib/python3.11/site-packages/distributed/utils_comm.py", line 434, in retry
    return await coro()
           ^^^^^^^^^^^^
  File "/global/common/software/nersc/pe/conda-envs/24.1.0/python-3.11/nersc-python/lib/python3.11/site-packages/distributed/core.py", line 1394, in send_recv_from_rpc
    return await send_recv(comm=comm, op=key, **kwargs)
           ^^^^^^^^^^^^^^^^^^^^^^^^^^^^^^^^^^^^^^^^^^^^
  File "/global/common/software/nersc/pe/conda-envs/24.1.0/python-3.11/nersc-python/lib/python3.11/site-packages/distributed/core.py", line 1153, in send_recv
    response = await comm.read(deserializers=deserializers)
               ^^^^^^^^^^^^^^^^^^^^^^^^^^^^^^^^^^^^^^^^^^^^
  File "/global/common/software/nersc/pe/conda-envs/24.1.0/python-3.11/nersc-python/lib/python3.11/site-packages/distributed/comm/tcp.py", line 237, in read
    convert_stream_closed_error(self, e)
  File "/global/common/software/nersc/pe/conda-envs/24.1.0/python-3.11/nersc-python/lib/python3.11/site-packages/distributed/comm/tcp.py", line 142, in convert_stream_closed_error
    raise CommClosedError(f"in {obj}: {exc}") from exc
distributed.comm.core.CommClosedError: in <TCP (closed) ConnectionPool.heartbeat_worker local=tcp://127.0.0.1:41580 remote=tcp://127.0.0.1:35067>: Stream is closed
Running simulation w/ ws = 2.656735e-01 and pmax = 1.000000e+00
0.0002777778130214294
Running simulation w/ ws = 1.000000e+00 and pmax = 1.000000e+00
0.00027777777908309816
Running simulation w/ ws = 1.636837e-01 and pmax = 9.999998e-01
0.0002777777138170881
Running simulation w/ ws = 1.228878e-01 and pmax = 1.000000e+00
0.00027777778691502034
157.15287971496582
Running simulation w/ ws = 3.472653e-01 and pmax = 9.999998e-01
0.0002777777138170881
158.02538895606995
Running simulation w/ ws = 7.756224e-01 and pmax = 9.999999e-01
0.00027777774253413064
161.5443913936615
Running simulation w/ ws = 2.089796e-02 and pmax = 9.999999e-01
0.00027777775558733277
163.03915405273438
Running simulation w/ ws = 8.209184e-02 and pmax = 1.000000e+00
0.0002777777660298949
159.87225008010864
Running simulation w/ ws = 6.532347e-01 and pmax = 1.000000e+00
0.00027777783390655844
160.87351417541504
Running simulation w/ ws = 9.796020e-01 and pmax = 9.999998e-01
0.0002777777268702889
159.48015356063843
Running simulation w/ ws = 5.920408e-01 and pmax = 1.000000e+00
0.0002777778391278409
160.05692958831787
Running simulation w/ ws = 6.940306e-01 and pmax = 1.000000e+00
0.00027777783390655844
159.23354625701904
Running simulation w/ ws = 1.840816e-01 and pmax = 1.000000e+00
0.0002777777686405355
157.30089259147644
Running simulation w/ ws = 9.388061e-01 and pmax = 9.999998e-01
0.00027777773470220965
160.47485160827637
Running simulation w/ ws = 3.676633e-01 and pmax = 9.999999e-01
0.00027777776341925435
161.22090530395508
Running simulation w/ ws = 3.472653e-01 and pmax = 1.000000e+00
0.0002777778130214294
157.58389496803284
Running simulation w/ ws = 3.880612e-01 and pmax = 9.999999e-01
0.00027777776341925435
160.05848717689514
Running simulation w/ ws = 8.776122e-01 and pmax = 1.000000e+00
0.00027777783651719963
159.40195679664612
Running simulation w/ ws = 2.860714e-01 and pmax = 1.000000e+00
0.0002777777712511761
160.37956070899963
Running simulation w/ ws = 4.696531e-01 and pmax = 9.999998e-01
0.0002777777138170881
157.91029953956604
Running simulation w/ ws = 5.716429e-01 and pmax = 9.999999e-01
0.00027777776341925435
160.10390162467957
Running simulation w/ ws = 3.880612e-01 and pmax = 1.000000e+00
0.00027777783390655844
159.68783378601074
Running simulation w/ ws = 4.129592e-02 and pmax = 1.000000e+00
0.0002777777999682245
160.89551067352295
Running simulation w/ ws = 7.348265e-01 and pmax = 9.999998e-01
0.0002777777138170881
159.55806851387024
Running simulation w/ ws = 4.288571e-01 and pmax = 1.000000e+00
0.00027777783651719963
159.1544361114502
Running simulation w/ ws = 9.184082e-01 and pmax = 9.999998e-01
0.0002777777268702889
159.9976532459259
Running simulation w/ ws = 4.288571e-01 and pmax = 9.999999e-01
0.00027777775036605184
160.27553582191467
Running simulation w/ ws = 5.104490e-01 and pmax = 9.999999e-01
0.00027777776080861375
157.2441442012787
Running simulation w/ ws = 2.044796e-01 and pmax = 1.000000e+00
0.00027777779213630197
160.3772325515747
Running simulation w/ ws = 6.532347e-01 and pmax = 9.999999e-01
0.0002777777529766923
159.936683177948
Running simulation w/ ws = 8.572143e-01 and pmax = 1.000000e+00
0.0002777777895256611
160.23380875587463
Running simulation w/ ws = 4.084592e-01 and pmax = 1.000000e+00
0.0002777777947469428
158.03922247886658
Running simulation w/ ws = 2.452755e-01 and pmax = 1.000000e+00
0.00027777779213630197
159.2816822528839
Running simulation w/ ws = 5.716429e-01 and pmax = 1.000000e+00
0.0002777778025788655
161.87573409080505
Running simulation w/ ws = 9.796020e-01 and pmax = 9.999999e-01
0.00027777776341925435
160.65291452407837
Running simulation w/ ws = 9.388061e-01 and pmax = 9.999999e-01
0.00027777774253413064
151.190749168396
Running simulation w/ ws = 8.776122e-01 and pmax = 1.000000e+00
0.0002777777973575837
168.9836266040802
Running simulation w/ ws = 1.840816e-01 and pmax = 1.000000e+00
0.0002777777660298949
153.2696249485016
Running simulation w/ ws = 1.024898e-01 and pmax = 9.999998e-01
0.0002777777138170881
169.67556738853455
112.887526512146
111.24073672294617
110.02449822425842
2024-03-19 20:39:50,646 - distributed.worker - ERROR - Failed to communicate with scheduler during heartbeat.
Traceback (most recent call last):
  File "/global/common/software/nersc/pe/conda-envs/24.1.0/python-3.11/nersc-python/lib/python3.11/site-packages/distributed/comm/tcp.py", line 225, in read
    frames_nosplit_nbytes_bin = await stream.read_bytes(fmt_size)
                                ^^^^^^^^^^^^^^^^^^^^^^^^^^^^^^^^^
tornado.iostream.StreamClosedError: Stream is closed

The above exception was the direct cause of the following exception:

Traceback (most recent call last):
  File "/global/common/software/nersc/pe/conda-envs/24.1.0/python-3.11/nersc-python/lib/python3.11/site-packages/distributed/worker.py", line 1252, in heartbeat
    response = await retry_operation(
               ^^^^^^^^^^^^^^^^^^^^^^
  File "/global/common/software/nersc/pe/conda-envs/24.1.0/python-3.11/nersc-python/lib/python3.11/site-packages/distributed/utils_comm.py", line 455, in retry_operation
    return await retry(
           ^^^^^^^^^^^^
  File "/global/common/software/nersc/pe/conda-envs/24.1.0/python-3.11/nersc-python/lib/python3.11/site-packages/distributed/utils_comm.py", line 434, in retry
    return await coro()
           ^^^^^^^^^^^^
  File "/global/common/software/nersc/pe/conda-envs/24.1.0/python-3.11/nersc-python/lib/python3.11/site-packages/distributed/core.py", line 1394, in send_recv_from_rpc
    return await send_recv(comm=comm, op=key, **kwargs)
           ^^^^^^^^^^^^^^^^^^^^^^^^^^^^^^^^^^^^^^^^^^^^
  File "/global/common/software/nersc/pe/conda-envs/24.1.0/python-3.11/nersc-python/lib/python3.11/site-packages/distributed/core.py", line 1153, in send_recv
    response = await comm.read(deserializers=deserializers)
               ^^^^^^^^^^^^^^^^^^^^^^^^^^^^^^^^^^^^^^^^^^^^
  File "/global/common/software/nersc/pe/conda-envs/24.1.0/python-3.11/nersc-python/lib/python3.11/site-packages/distributed/comm/tcp.py", line 237, in read
    convert_stream_closed_error(self, e)
  File "/global/common/software/nersc/pe/conda-envs/24.1.0/python-3.11/nersc-python/lib/python3.11/site-packages/distributed/comm/tcp.py", line 142, in convert_stream_closed_error
    raise CommClosedError(f"in {obj}: {exc}") from exc
distributed.comm.core.CommClosedError: in <TCP (closed) ConnectionPool.heartbeat_worker local=tcp://127.0.0.1:41590 remote=tcp://127.0.0.1:35067>: Stream is closed
Running simulation w/ ws = 2.452755e-01 and pmax = 9.999998e-01
0.0002777777294809291
Running simulation w/ ws = 3.064694e-01 and pmax = 9.999999e-01
0.00027777773992349026
Running simulation w/ ws = 6.328367e-01 and pmax = 1.000000e+00
0.00027777781563207045
Running simulation w/ ws = 5.716429e-01 and pmax = 1.000000e+00
0.00027777781563207045
156.85220885276794
Running simulation w/ ws = 3.472653e-01 and pmax = 9.999999e-01
0.0002777777529766923
157.74411725997925
Running simulation w/ ws = 4.129592e-02 and pmax = 1.000000e+00
0.000277777828685276
158.5255844593048
Running simulation w/ ws = 7.960204e-01 and pmax = 9.999999e-01
0.00027777775036605184
159.58076214790344
Running simulation w/ ws = 9.592041e-01 and pmax = 1.000000e+00
0.0002777778104107884
157.88154006004333
Running simulation w/ ws = 5.104490e-01 and pmax = 9.999999e-01
0.000277777745144771
157.99808740615845
Running simulation w/ ws = 1.024898e-01 and pmax = 9.999999e-01
0.0002777777529766923
157.06287217140198
Running simulation w/ ws = 8.776122e-01 and pmax = 1.000000e+00
0.0002777777712511761
158.83041405677795
Running simulation w/ ws = 3.064694e-01 and pmax = 1.000000e+00
0.0002777778130214294
158.09268236160278
Running simulation w/ ws = 9.388061e-01 and pmax = 1.000000e+00
0.00027777779213630197
156.82881879806519
Running simulation w/ ws = 8.164184e-01 and pmax = 1.000000e+00
0.00027777783390655844
157.90905237197876
Running simulation w/ ws = 2.656735e-01 and pmax = 1.000000e+00
0.00027777781563207045
158.3372929096222
Running simulation w/ ws = 4.129592e-02 and pmax = 9.999999e-01
0.000277777745144771
156.51370525360107
Running simulation w/ ws = 1.840816e-01 and pmax = 1.000000e+00
0.0002777777947469428
157.33088660240173
Running simulation w/ ws = 6.940306e-01 and pmax = 9.999998e-01
0.00027777771903836834
157.96459674835205
Running simulation w/ ws = 4.288571e-01 and pmax = 9.999999e-01
0.00027777773992349026
158.50553345680237
Running simulation w/ ws = 6.328367e-01 and pmax = 1.000000e+00
0.00027777777386181674
157.33931422233582
Running simulation w/ ws = 9.388061e-01 and pmax = 1.000000e+00
0.0002777777999682245
159.31867814064026
Running simulation w/ ws = 6.169388e-02 and pmax = 1.000000e+00
0.00027777779213630197
159.5797963142395
Running simulation w/ ws = 3.880612e-01 and pmax = 9.999999e-01
0.0002777777529766923
159.32625770568848
Running simulation w/ ws = 3.064694e-01 and pmax = 9.999998e-01
0.0002777777164277282
157.45858073234558
Running simulation w/ ws = 5.920408e-01 and pmax = 1.000000e+00
0.0002777778234639937
159.23890137672424
Running simulation w/ ws = 7.552245e-01 and pmax = 9.999998e-01
0.00027777771903836834
159.13709354400635
Running simulation w/ ws = 3.880612e-01 and pmax = 9.999998e-01
0.0002777777268702889
159.17155504226685
Running simulation w/ ws = 4.900510e-01 and pmax = 1.000000e+00
0.0002777778130214294
159.4161126613617
Running simulation w/ ws = 8.776122e-01 and pmax = 9.999999e-01
0.00027777773731284993
159.69361853599548
Running simulation w/ ws = 5.000000e-04 and pmax = 1.000000e+00
0.00027777781824271154
158.54580879211426
Running simulation w/ ws = 5.000000e-04 and pmax = 1.000000e+00
0.00027777778691502034
161.34856486320496
Running simulation w/ ws = 6.532347e-01 and pmax = 9.999998e-01
0.00027777773470220965
158.8376317024231
Running simulation w/ ws = 6.328367e-01 and pmax = 9.999998e-01
0.00027777773470220965
159.3425271511078
Running simulation w/ ws = 3.472653e-01 and pmax = 9.999998e-01
0.0002777777320915694
160.57592964172363
Running simulation w/ ws = 8.368163e-01 and pmax = 1.000000e+00
0.0002777777764724574
160.07393336296082
Running simulation w/ ws = 1.024898e-01 and pmax = 9.999999e-01
0.00027777776080861375
160.0323874950409
Running simulation w/ ws = 6.328367e-01 and pmax = 1.000000e+00
0.0002777778417384822
161.20380878448486
Running simulation w/ ws = 7.960204e-01 and pmax = 1.000000e+00
0.0002777777895256611
161.69863152503967
Running simulation w/ ws = 9.388061e-01 and pmax = 1.000000e+00
0.0002777778312959172
161.94306683540344
Running simulation w/ ws = 6.328367e-01 and pmax = 1.000000e+00
0.0002777777660298949
150.49094104766846
144.1713740825653
149.4316861629486
142.39322972297668
Running simulation w/ ws = 4.084592e-01 and pmax = 1.000000e+00
0.0002777778208533526
Running simulation w/ ws = 6.940306e-01 and pmax = 1.000000e+00
0.0002777778130214294
Running simulation w/ ws = 6.940306e-01 and pmax = 9.999999e-01
0.00027777775558733277
Running simulation w/ ws = 5.000000e-04 and pmax = 9.999999e-01
0.00027777774253413064
156.10413789749146
Running simulation w/ ws = 5.512449e-01 and pmax = 1.000000e+00
0.0002777778130214294
158.86319041252136
Running simulation w/ ws = 1.000000e+00 and pmax = 1.000000e+00
0.0002777777947469428
160.377023935318
Running simulation w/ ws = 2.044796e-01 and pmax = 1.000000e+00
0.00027777778691502034
161.2370846271515
Running simulation w/ ws = 9.592041e-01 and pmax = 9.999998e-01
0.0002777777164277282
157.91521191596985
Running simulation w/ ws = 4.129592e-02 and pmax = 1.000000e+00
0.00027777780780014735
157.59582042694092
Running simulation w/ ws = 4.288571e-01 and pmax = 9.999998e-01
0.0002777777268702889
158.5137403011322
Running simulation w/ ws = 2.044796e-01 and pmax = 9.999998e-01
0.00027777771903836834
158.90644097328186
Running simulation w/ ws = 6.940306e-01 and pmax = 9.999998e-01
0.0002777777138170881
159.24220442771912
Running simulation w/ ws = 2.248776e-01 and pmax = 9.999998e-01
0.0002777777216490085
157.80746483802795
Running simulation w/ ws = 7.960204e-01 and pmax = 1.000000e+00
0.0002777778208533526
157.31444191932678
Running simulation w/ ws = 4.084592e-01 and pmax = 1.000000e+00
0.0002777778391278409
158.7294294834137
Running simulation w/ ws = 9.592041e-01 and pmax = 1.000000e+00
0.0002777777895256611
159.66601753234863
Running simulation w/ ws = 9.796020e-01 and pmax = 1.000000e+00
0.00027777778691502034
159.74991369247437
Running simulation w/ ws = 4.900510e-01 and pmax = 9.999998e-01
0.00027777771903836834
160.9593460559845
Running simulation w/ ws = 1.840816e-01 and pmax = 9.999998e-01
0.0002777777138170881
159.883718252182
Running simulation w/ ws = 1.840816e-01 and pmax = 9.999999e-01
0.0002777777529766923
157.41677498817444
Running simulation w/ ws = 2.044796e-01 and pmax = 9.999999e-01
0.0002777777529766923
158.90589666366577
Running simulation w/ ws = 6.532347e-01 and pmax = 9.999998e-01
0.00027777772425964867
158.5178198814392
Running simulation w/ ws = 7.756224e-01 and pmax = 1.000000e+00
0.00027777779213630197
157.89846658706665
Running simulation w/ ws = 4.492551e-01 and pmax = 9.999998e-01
0.0002777777138170881
145.96027040481567
Running simulation w/ ws = 7.144286e-01 and pmax = 1.000000e+00
0.00027777777908309816
162.99375939369202
Running simulation w/ ws = 1.228878e-01 and pmax = 1.000000e+00
0.0002777777973575837
164.8435356616974
Running simulation w/ ws = 3.676633e-01 and pmax = 9.999999e-01
0.00027777775036605184
164.45569133758545
Running simulation w/ ws = 3.676633e-01 and pmax = 9.999998e-01
0.0002777777138170881
156.9078974723816
Running simulation w/ ws = 3.064694e-01 and pmax = 1.000000e+00
0.00027777779213630197
159.22849798202515
Running simulation w/ ws = 1.432857e-01 and pmax = 1.000000e+00
0.00027777781824271154
158.84519362449646
Running simulation w/ ws = 7.144286e-01 and pmax = 1.000000e+00
0.00027777778691502034
159.80500602722168
Running simulation w/ ws = 6.124388e-01 and pmax = 1.000000e+00
0.0002777777947469428
158.05877685546875
Running simulation w/ ws = 4.129592e-02 and pmax = 1.000000e+00
0.0002777777712511761
157.67138195037842
Running simulation w/ ws = 6.169388e-02 and pmax = 1.000000e+00
0.00027777783651719963
159.10233187675476
Running simulation w/ ws = 3.268673e-01 and pmax = 9.999999e-01
0.00027777775819797326
160.29148745536804
Running simulation w/ ws = 7.144286e-01 and pmax = 9.999998e-01
0.0002777777320915694
160.11954188346863
Running simulation w/ ws = 7.348265e-01 and pmax = 9.999999e-01
0.00027777776341925435
158.49607467651367
Running simulation w/ ws = 9.592041e-01 and pmax = 1.000000e+00
0.0002777777999682245
158.64457893371582
Running simulation w/ ws = 2.656735e-01 and pmax = 9.999999e-01
0.00027777775036605184
159.56715035438538
Running simulation w/ ws = 8.368163e-01 and pmax = 9.999998e-01
0.0002777777268702889
153.0667645931244
145.98181176185608
139.2914412021637
139.28360962867737
Running simulation w/ ws = 1.432857e-01 and pmax = 1.000000e+00
0.0002777777686405355
Running simulation w/ ws = 3.064694e-01 and pmax = 1.000000e+00
0.0002777777973575837
Running simulation w/ ws = 1.228878e-01 and pmax = 9.999999e-01
0.000277777745144771
Running simulation w/ ws = 1.000000e+00 and pmax = 9.999998e-01
0.0002777777164277282
158.4175329208374
Running simulation w/ ws = 3.472653e-01 and pmax = 1.000000e+00
0.00027777781824271154
158.59025239944458
Running simulation w/ ws = 4.900510e-01 and pmax = 9.999999e-01
0.00027777775558733277
160.75229263305664
Running simulation w/ ws = 1.024898e-01 and pmax = 1.000000e+00
0.0002777778130214294
161.64650058746338
Running simulation w/ ws = 1.432857e-01 and pmax = 1.000000e+00
0.0002777777843043796
158.63217854499817
Running simulation w/ ws = 7.756224e-01 and pmax = 1.000000e+00
0.0002777777712511761
159.14214277267456
Running simulation w/ ws = 1.228878e-01 and pmax = 9.999998e-01
0.00027777773470220965
158.72859859466553
Running simulation w/ ws = 8.572143e-01 and pmax = 1.000000e+00
0.0002777777686405355
160.24028301239014
Running simulation w/ ws = 7.552245e-01 and pmax = 1.000000e+00
0.0002777777999682245
158.51080870628357
Running simulation w/ ws = 3.472653e-01 and pmax = 1.000000e+00
0.0002777778312959172
158.57690000534058
Running simulation w/ ws = 2.089796e-02 and pmax = 1.000000e+00
0.000277777828685276
160.082017660141
Running simulation w/ ws = 2.656735e-01 and pmax = 1.000000e+00
0.00027777778691502034
159.6894495487213
Running simulation w/ ws = 1.636837e-01 and pmax = 1.000000e+00
0.00027777781563207045
157.55831837654114
Running simulation w/ ws = 3.268673e-01 and pmax = 9.999998e-01
0.0002777777268702889
158.47564578056335
Running simulation w/ ws = 2.860714e-01 and pmax = 1.000000e+00
0.00027777781824271154
159.66889882087708
Running simulation w/ ws = 2.452755e-01 and pmax = 1.000000e+00
0.0002777778234639937
160.6346936225891
Running simulation w/ ws = 4.288571e-01 and pmax = 1.000000e+00
0.0002777778104107884
158.7304811477661
Running simulation w/ ws = 4.288571e-01 and pmax = 1.000000e+00
0.0002777778391278409
160.78652143478394
Running simulation w/ ws = 2.248776e-01 and pmax = 1.000000e+00
0.0002777778208533526
159.99525594711304
Running simulation w/ ws = 1.636837e-01 and pmax = 9.999998e-01
0.00027777771903836834
159.89028215408325
Running simulation w/ ws = 6.169388e-02 and pmax = 1.000000e+00
0.0002777778025788655
157.77530717849731
Running simulation w/ ws = 6.940306e-01 and pmax = 1.000000e+00
0.0002777778025788655
158.36486983299255
Running simulation w/ ws = 7.348265e-01 and pmax = 9.999998e-01
0.00027777773470220965
159.22679376602173
Running simulation w/ ws = 1.024898e-01 and pmax = 9.999998e-01
0.00027777772425964867
159.66222739219666
Running simulation w/ ws = 6.124388e-01 and pmax = 9.999999e-01
0.00027777776341925435
158.035826921463
Running simulation w/ ws = 6.124388e-01 and pmax = 1.000000e+00
0.00027777778169373887
159.45600724220276
Running simulation w/ ws = 8.776122e-01 and pmax = 9.999999e-01
0.00027777775036605184
160.66692352294922
Running simulation w/ ws = 7.348265e-01 and pmax = 9.999999e-01
0.0002777777529766923
163.4064586162567
Running simulation w/ ws = 8.980102e-01 and pmax = 1.000000e+00
0.0002777777712511761
157.8409869670868
Running simulation w/ ws = 6.169388e-02 and pmax = 1.000000e+00
0.0002777777843043796
157.59210991859436
Running simulation w/ ws = 1.024898e-01 and pmax = 9.999999e-01
0.00027777774253413064
160.77708101272583
Running simulation w/ ws = 2.656735e-01 and pmax = 9.999999e-01
0.00027777776080861375
161.53384113311768
Running simulation w/ ws = 9.388061e-01 and pmax = 1.000000e+00
0.0002777778051895064
159.31661200523376
Running simulation w/ ws = 2.044796e-01 and pmax = 9.999999e-01
0.00027777776341925435
158.25764560699463
Running simulation w/ ws = 3.880612e-01 and pmax = 1.000000e+00
0.0002777778391278409
158.76730585098267
Running simulation w/ ws = 7.552245e-01 and pmax = 1.000000e+00
0.0002777778234639937
160.1629033088684
120.2981026172638
118.79593181610107
109.99966764450073
Running simulation w/ ws = 4.288571e-01 and pmax = 9.999999e-01
0.0002777777529766923
Running simulation w/ ws = 5.716429e-01 and pmax = 1.000000e+00
0.0002777778208533526
Running simulation w/ ws = 5.512449e-01 and pmax = 1.000000e+00
0.0002777778051895064
Running simulation w/ ws = 4.492551e-01 and pmax = 1.000000e+00
0.0002777777686405355
158.284765958786
Running simulation w/ ws = 8.572143e-01 and pmax = 1.000000e+00
0.0002777778130214294
159.30252242088318
Running simulation w/ ws = 8.572143e-01 and pmax = 9.999999e-01
0.0002777777529766923
160.46546864509583
Running simulation w/ ws = 5.512449e-01 and pmax = 1.000000e+00
0.0002777778104107884
161.95459628105164
Running simulation w/ ws = 3.880612e-01 and pmax = 1.000000e+00
0.00027777781563207045
159.17804598808289
Running simulation w/ ws = 1.228878e-01 and pmax = 9.999998e-01
0.00027777772425964867
158.26134371757507
Running simulation w/ ws = 2.452755e-01 and pmax = 1.000000e+00
0.0002777777686405355
161.4153757095337
Running simulation w/ ws = 6.124388e-01 and pmax = 9.999998e-01
0.0002777777268702889
158.93855381011963
Running simulation w/ ws = 4.696531e-01 and pmax = 1.000000e+00
0.0002777778417384822
158.8856601715088
Running simulation w/ ws = 3.676633e-01 and pmax = 1.000000e+00
0.0002777778234639937
160.21789598464966
Running simulation w/ ws = 3.472653e-01 and pmax = 1.000000e+00
0.00027777778691502034
158.84839844703674
Running simulation w/ ws = 3.676633e-01 and pmax = 1.000000e+00
0.000277777828685276
160.38889002799988
Running simulation w/ ws = 4.492551e-01 and pmax = 9.999999e-01
0.000277777745144771
158.62869334220886
Running simulation w/ ws = 6.328367e-01 and pmax = 1.000000e+00
0.0002777777973575837
159.2917811870575
Running simulation w/ ws = 7.144286e-01 and pmax = 1.000000e+00
0.0002777777895256611
160.04253005981445
Running simulation w/ ws = 8.164184e-01 and pmax = 1.000000e+00
0.00027777777386181674
159.87138748168945
Running simulation w/ ws = 1.636837e-01 and pmax = 1.000000e+00
0.0002777777895256611
158.5364863872528
Running simulation w/ ws = 6.736327e-01 and pmax = 1.000000e+00
0.0002777778391278409
160.36411595344543
Running simulation w/ ws = 1.636837e-01 and pmax = 9.999999e-01
0.00027777775036605184
160.16905283927917
Running simulation w/ ws = 5.920408e-01 and pmax = 9.999999e-01
0.000277777745144771
160.48800253868103
Running simulation w/ ws = 8.980102e-01 and pmax = 9.999998e-01
0.00027777771903836834
157.14026594161987
Running simulation w/ ws = 5.104490e-01 and pmax = 1.000000e+00
0.000277777828685276
158.71982550621033
Running simulation w/ ws = 7.348265e-01 and pmax = 1.000000e+00
0.0002777777973575837
159.80652594566345
Running simulation w/ ws = 6.124388e-01 and pmax = 1.000000e+00
0.00027777783651719963
160.39053392410278
Running simulation w/ ws = 8.776122e-01 and pmax = 1.000000e+00
0.00027777778169373887
158.79277300834656
Running simulation w/ ws = 4.900510e-01 and pmax = 1.000000e+00
0.0002777777764724574
160.07415580749512
Running simulation w/ ws = 1.636837e-01 and pmax = 1.000000e+00
0.0002777778130214294
160.0832977294922
Running simulation w/ ws = 8.368163e-01 and pmax = 1.000000e+00
0.0002777777895256611
159.14544892311096
Running simulation w/ ws = 4.696531e-01 and pmax = 1.000000e+00
0.0002777778104107884
158.78907895088196
Running simulation w/ ws = 7.756224e-01 and pmax = 1.000000e+00
0.0002777777764724574
158.9448001384735
Running simulation w/ ws = 3.472653e-01 and pmax = 9.999999e-01
0.00027777776341925435
159.6663854122162
Running simulation w/ ws = 4.900510e-01 and pmax = 1.000000e+00
0.0002777778234639937
159.40272164344788
Running simulation w/ ws = 8.209184e-02 and pmax = 9.999998e-01
0.00027777771903836834
156.53927040100098
Running simulation w/ ws = 5.716429e-01 and pmax = 1.000000e+00
0.0002777778104107884
159.12622165679932
Running simulation w/ ws = 8.776122e-01 and pmax = 9.999999e-01
0.00027777776341925435
159.3531653881073
Running simulation w/ ws = 4.900510e-01 and pmax = 9.999999e-01
0.00027777775036605184
158.93282747268677
Running simulation w/ ws = 4.084592e-01 and pmax = 1.000000e+00
0.0002777777843043796
143.89288067817688
142.0782220363617
144.02966713905334
157.60876035690308
Running simulation w/ ws = 9.388061e-01 and pmax = 1.000000e+00
0.0002777777686405355
Running simulation w/ ws = 2.452755e-01 and pmax = 1.000000e+00
0.00027777781824271154
Running simulation w/ ws = 5.512449e-01 and pmax = 1.000000e+00
0.0002777777764724574
Running simulation w/ ws = 4.084592e-01 and pmax = 1.000000e+00
0.0002777778130214294
157.632981300354
Running simulation w/ ws = 8.572143e-01 and pmax = 1.000000e+00
0.0002777777999682245
159.02011251449585
Running simulation w/ ws = 5.716429e-01 and pmax = 9.999998e-01
0.00027777771903836834
159.49893426895142
Running simulation w/ ws = 6.169388e-02 and pmax = 9.999998e-01
0.0002777777164277282
160.54776859283447
Running simulation w/ ws = 3.064694e-01 and pmax = 9.999998e-01
0.0002777777138170881
157.74825501441956
Running simulation w/ ws = 6.328367e-01 and pmax = 1.000000e+00
0.000277777828685276
158.92954874038696
Running simulation w/ ws = 4.084592e-01 and pmax = 1.000000e+00
0.0002777777712511761
160.13067626953125
Running simulation w/ ws = 8.164184e-01 and pmax = 1.000000e+00
0.0002777778025788655
161.6153621673584
Running simulation w/ ws = 4.492551e-01 and pmax = 9.999998e-01
0.0002777777268702889
146.8625841140747
Running simulation w/ ws = 2.089796e-02 and pmax = 1.000000e+00
0.0002777778130214294
165.3107750415802
Running simulation w/ ws = 5.000000e-04 and pmax = 9.999998e-01
0.00027777771903836834
165.66449570655823
Running simulation w/ ws = 9.796020e-01 and pmax = 9.999998e-01
0.00027777773470220965
165.507018327713
Running simulation w/ ws = 4.492551e-01 and pmax = 1.000000e+00
0.00027777777386181674
161.15602445602417
Running simulation w/ ws = 6.124388e-01 and pmax = 9.999999e-01
0.00027777775819797326
158.16375017166138
Running simulation w/ ws = 7.960204e-01 and pmax = 9.999998e-01
0.0002777777320915694
158.53276991844177
Running simulation w/ ws = 7.756224e-01 and pmax = 9.999998e-01
0.00027777773470220965
162.10390973091125
Running simulation w/ ws = 3.472653e-01 and pmax = 1.000000e+00
0.000277777828685276
161.4099555015564
Running simulation w/ ws = 3.064694e-01 and pmax = 1.000000e+00
0.0002777778391278409
158.54301047325134
Running simulation w/ ws = 7.348265e-01 and pmax = 1.000000e+00
0.0002777777999682245
158.33078575134277
Running simulation w/ ws = 3.268673e-01 and pmax = 1.000000e+00
0.0002777777999682245
160.35798168182373
Running simulation w/ ws = 8.164184e-01 and pmax = 9.999999e-01
0.0002777777529766923
160.81543850898743
Running simulation w/ ws = 9.592041e-01 and pmax = 1.000000e+00
0.00027777777386181674
159.94502687454224
Running simulation w/ ws = 4.084592e-01 and pmax = 1.000000e+00
0.00027777777908309816
157.66484260559082
Running simulation w/ ws = 4.084592e-01 and pmax = 9.999998e-01
0.0002777777294809291
160.96589922904968
Running simulation w/ ws = 2.860714e-01 and pmax = 1.000000e+00
0.0002777777660298949
161.0698311328888
Running simulation w/ ws = 4.492551e-01 and pmax = 1.000000e+00
0.00027777780780014735
157.84004282951355
Running simulation w/ ws = 5.512449e-01 and pmax = 1.000000e+00
0.0002777778417384822
159.51850652694702
Running simulation w/ ws = 5.716429e-01 and pmax = 9.999998e-01
0.0002777777268702889
161.1384460926056
Running simulation w/ ws = 6.328367e-01 and pmax = 9.999999e-01
0.00027777775819797326
158.13855743408203
Running simulation w/ ws = 4.492551e-01 and pmax = 1.000000e+00
0.0002777777764724574
162.19817543029785
Running simulation w/ ws = 6.328367e-01 and pmax = 9.999998e-01
0.0002777777138170881
159.05313682556152
Running simulation w/ ws = 5.512449e-01 and pmax = 9.999998e-01
0.0002777777320915694
160.3523886203766
Running simulation w/ ws = 7.144286e-01 and pmax = 1.000000e+00
0.0002777778051895064
158.55089282989502
Running simulation w/ ws = 2.044796e-01 and pmax = 9.999998e-01
0.0002777777138170881
160.719717502594
Running simulation w/ ws = 5.104490e-01 and pmax = 1.000000e+00
0.0002777778025788655
160.3125717639923
Running simulation w/ ws = 6.532347e-01 and pmax = 1.000000e+00
0.0002777777660298949
161.5288302898407
114.83456921577454
115.9132297039032
120.29879689216614
Running simulation w/ ws = 4.288571e-01 and pmax = 1.000000e+00
0.0002777778130214294
Running simulation w/ ws = 6.736327e-01 and pmax = 1.000000e+00
0.0002777777660298949
Running simulation w/ ws = 2.089796e-02 and pmax = 1.000000e+00
0.0002777778234639937
Running simulation w/ ws = 6.940306e-01 and pmax = 9.999998e-01
0.0002777777164277282
159.3922188282013
Running simulation w/ ws = 1.840816e-01 and pmax = 1.000000e+00
0.0002777778130214294
161.6689577102661
Running simulation w/ ws = 3.676633e-01 and pmax = 1.000000e+00
0.00027777777908309816
163.5363883972168
Running simulation w/ ws = 8.164184e-01 and pmax = 1.000000e+00
0.0002777778130214294
163.73096179962158
Running simulation w/ ws = 5.308469e-01 and pmax = 1.000000e+00
0.0002777777947469428
159.17278695106506
Running simulation w/ ws = 5.000000e-04 and pmax = 9.999999e-01
0.0002777777529766923
159.7901096343994
Running simulation w/ ws = 5.000000e-04 and pmax = 1.000000e+00
0.00027777778169373887
160.31837964057922
Running simulation w/ ws = 7.552245e-01 and pmax = 1.000000e+00
0.0002777777686405355
163.5859613418579
Running simulation w/ ws = 2.248776e-01 and pmax = 1.000000e+00
0.0002777777895256611
160.26144313812256
Running simulation w/ ws = 2.248776e-01 and pmax = 9.999999e-01
0.00027777775558733277
159.73941016197205
Running simulation w/ ws = 8.572143e-01 and pmax = 1.000000e+00
0.0002777778025788655
159.23511505126953
Running simulation w/ ws = 7.960204e-01 and pmax = 1.000000e+00
0.00027777781824271154
162.0503695011139
Running simulation w/ ws = 2.860714e-01 and pmax = 1.000000e+00
0.0002777778417384822
157.76223993301392
Running simulation w/ ws = 5.920408e-01 and pmax = 1.000000e+00
0.0002777777973575837
158.32541728019714
Running simulation w/ ws = 4.900510e-01 and pmax = 9.999999e-01
0.00027777773992349026
159.45079898834229
Running simulation w/ ws = 9.592041e-01 and pmax = 1.000000e+00
0.00027777783651719963
160.85171699523926
Running simulation w/ ws = 8.209184e-02 and pmax = 1.000000e+00
0.00027777782607463485
158.81476593017578
Running simulation w/ ws = 1.228878e-01 and pmax = 1.000000e+00
0.0002777777660298949
158.82090592384338
Running simulation w/ ws = 2.452755e-01 and pmax = 1.000000e+00
0.0002777778130214294
157.76349449157715
Running simulation w/ ws = 3.880612e-01 and pmax = 1.000000e+00
0.0002777777764724574
161.00737833976746
Running simulation w/ ws = 8.572143e-01 and pmax = 1.000000e+00
0.000277777828685276
159.84245014190674
Running simulation w/ ws = 7.144286e-01 and pmax = 1.000000e+00
0.00027777783651719963
159.55961084365845
Running simulation w/ ws = 4.084592e-01 and pmax = 9.999999e-01
0.0002777777529766923
158.74033331871033
Running simulation w/ ws = 1.432857e-01 and pmax = 9.999999e-01
0.00027777776080861375
162.64043998718262
Running simulation w/ ws = 8.980102e-01 and pmax = 1.000000e+00
0.0002777778025788655
160.1337857246399
Running simulation w/ ws = 4.288571e-01 and pmax = 9.999998e-01
0.0002777777216490085
158.022118806839
Running simulation w/ ws = 1.228878e-01 and pmax = 9.999999e-01
0.00027777776080861375
159.31531143188477
Running simulation w/ ws = 9.796020e-01 and pmax = 9.999999e-01
0.00027777775036605184
161.87617349624634
Running simulation w/ ws = 5.104490e-01 and pmax = 1.000000e+00
0.0002777778130214294
158.52819776535034
Running simulation w/ ws = 3.676633e-01 and pmax = 1.000000e+00
0.00027777781824271154
160.57803893089294
Running simulation w/ ws = 2.089796e-02 and pmax = 9.999998e-01
0.0002777777216490085
159.94751620292664
Running simulation w/ ws = 4.288571e-01 and pmax = 9.999999e-01
0.0002777777477554114
160.5043077468872
Running simulation w/ ws = 1.000000e+00 and pmax = 1.000000e+00
0.0002777778234639937
158.85825562477112
Running simulation w/ ws = 3.472653e-01 and pmax = 1.000000e+00
0.00027777783390655844
159.69839644432068
Running simulation w/ ws = 7.960204e-01 and pmax = 1.000000e+00
0.0002777777764724574
158.5839614868164
Running simulation w/ ws = 4.129592e-02 and pmax = 1.000000e+00
0.0002777778025788655
160.74810075759888
118.24024295806885
118.6986575126648
119.05750322341919
Running simulation w/ ws = 6.328367e-01 and pmax = 1.000000e+00
0.0002777777686405355
Running simulation w/ ws = 9.184082e-01 and pmax = 1.000000e+00
0.0002777778234639937
Running simulation w/ ws = 6.940306e-01 and pmax = 9.999999e-01
0.00027777773731284993
Running simulation w/ ws = 2.089796e-02 and pmax = 1.000000e+00
0.0002777778104107884
162.71624159812927
162.74721002578735
Running simulation w/ ws = 8.572143e-01 and pmax = 9.999998e-01
0.00027777772425964867
Running simulation w/ ws = 3.064694e-01 and pmax = 9.999999e-01
0.0002777777529766923
163.85026574134827
Running simulation w/ ws = 1.000000e+00 and pmax = 9.999998e-01
0.0002777777268702889
164.03907418251038
Running simulation w/ ws = 7.960204e-01 and pmax = 1.000000e+00
0.00027777779213630197
160.75337314605713
Running simulation w/ ws = 2.248776e-01 and pmax = 1.000000e+00
0.00027777781563207045
159.58972930908203
Running simulation w/ ws = 2.860714e-01 and pmax = 9.999999e-01
0.00027777775819797326
161.03452849388123
Running simulation w/ ws = 4.492551e-01 and pmax = 1.000000e+00
0.0002777778417384822
162.360209941864
Running simulation w/ ws = 3.880612e-01 and pmax = 1.000000e+00
0.0002777778417384822
148.0986409187317
Running simulation w/ ws = 1.000000e+00 and pmax = 1.000000e+00
0.0002777777660298949
164.89218473434448
Running simulation w/ ws = 5.512449e-01 and pmax = 1.000000e+00
0.0002777778391278409
165.38724637031555
Running simulation w/ ws = 5.920408e-01 and pmax = 1.000000e+00
0.00027777778691502034
166.1482653617859
Running simulation w/ ws = 2.248776e-01 and pmax = 1.000000e+00
0.0002777777686405355
159.6726951599121
Running simulation w/ ws = 1.024898e-01 and pmax = 1.000000e+00
0.00027777783651719963
159.30418372154236
Running simulation w/ ws = 2.452755e-01 and pmax = 1.000000e+00
0.0002777777895256611
160.04259848594666
Running simulation w/ ws = 7.144286e-01 and pmax = 9.999999e-01
0.00027777776341925435
160.82217359542847
Running simulation w/ ws = 4.900510e-01 and pmax = 1.000000e+00
0.0002777778391278409
160.88544082641602
Running simulation w/ ws = 5.000000e-04 and pmax = 9.999998e-01
0.0002777777138170881
159.56765127182007
Running simulation w/ ws = 5.000000e-04 and pmax = 9.999999e-01
0.00027777776341925435
159.37226033210754
Running simulation w/ ws = 8.572143e-01 and pmax = 9.999998e-01
0.0002777777216490085
160.57680106163025
Running simulation w/ ws = 1.840816e-01 and pmax = 1.000000e+00
0.0002777778391278409
160.8350865840912
Running simulation w/ ws = 1.228878e-01 and pmax = 9.999998e-01
0.0002777777320915694
159.6981692314148
Running simulation w/ ws = 7.960204e-01 and pmax = 1.000000e+00
0.0002777778051895064
161.70482277870178
Running simulation w/ ws = 6.940306e-01 and pmax = 9.999999e-01
0.00027777775036605184
161.86591029167175
Running simulation w/ ws = 2.656735e-01 and pmax = 1.000000e+00
0.0002777777999682245
161.93316340446472
Running simulation w/ ws = 6.532347e-01 and pmax = 9.999999e-01
0.00027777776341925435
158.73777389526367
Running simulation w/ ws = 4.129592e-02 and pmax = 1.000000e+00
0.0002777778208533526
158.8356955051422
Running simulation w/ ws = 1.636837e-01 and pmax = 9.999998e-01
0.0002777777164277282
161.2280638217926
Running simulation w/ ws = 8.164184e-01 and pmax = 9.999998e-01
0.00027777772425964867
162.79036283493042
Running simulation w/ ws = 3.472653e-01 and pmax = 1.000000e+00
0.0002777778051895064
160.5467507839203
Running simulation w/ ws = 3.268673e-01 and pmax = 1.000000e+00
0.00027777783651719963
160.38356471061707
Running simulation w/ ws = 3.064694e-01 and pmax = 9.999999e-01
0.00027777775036605184
160.4852957725525
Running simulation w/ ws = 4.084592e-01 and pmax = 1.000000e+00
0.0002777777660298949
164.49087619781494
161.90657114982605
160.82423734664917
156.36773347854614
Running simulation w/ ws = 8.164184e-01 and pmax = 9.999998e-01
0.0002777777268702889
Running simulation w/ ws = 5.512449e-01 and pmax = 1.000000e+00
0.0002777778234639937
Running simulation w/ ws = 7.960204e-01 and pmax = 1.000000e+00
0.0002777777660298949
Running simulation w/ ws = 8.209184e-02 and pmax = 9.999999e-01
0.00027777774253413064
152.49350309371948
Running simulation w/ ws = 3.676633e-01 and pmax = 1.000000e+00
0.00027777782607463485
154.23765587806702
Running simulation w/ ws = 5.716429e-01 and pmax = 9.999999e-01
0.000277777745144771
164.10463285446167
Running simulation w/ ws = 8.776122e-01 and pmax = 1.000000e+00
0.0002777778051895064
167.69311118125916
Running simulation w/ ws = 2.248776e-01 and pmax = 1.000000e+00
0.0002777778104107884
158.09337282180786
Running simulation w/ ws = 9.184082e-01 and pmax = 9.999999e-01
0.00027777775558733277
158.41910815238953
Running simulation w/ ws = 5.104490e-01 and pmax = 1.000000e+00
0.00027777783651719963
157.12780618667603
Running simulation w/ ws = 2.656735e-01 and pmax = 1.000000e+00
0.00027777779213630197
156.0866060256958
Running simulation w/ ws = 7.960204e-01 and pmax = 1.000000e+00
0.0002777778104107884
160.14387845993042
Running simulation w/ ws = 6.532347e-01 and pmax = 1.000000e+00
0.00027777783651719963
159.91281080245972
Running simulation w/ ws = 9.796020e-01 and pmax = 9.999999e-01
0.00027777774253413064
156.86295008659363
Running simulation w/ ws = 1.840816e-01 and pmax = 9.999999e-01
0.00027777776341925435
158.4568817615509
Running simulation w/ ws = 8.368163e-01 and pmax = 1.000000e+00
0.0002777778417384822
159.45955562591553
Running simulation w/ ws = 2.656735e-01 and pmax = 1.000000e+00
0.0002777778391278409
158.7886996269226
Running simulation w/ ws = 6.169388e-02 and pmax = 9.999999e-01
0.00027777776080861375
157.50225973129272
Running simulation w/ ws = 1.228878e-01 and pmax = 1.000000e+00
0.0002777777947469428
157.72671365737915
Running simulation w/ ws = 7.144286e-01 and pmax = 1.000000e+00
0.0002777778234639937
158.8758099079132
Running simulation w/ ws = 4.696531e-01 and pmax = 1.000000e+00
0.0002777777764724574
158.31627750396729
Running simulation w/ ws = 3.880612e-01 and pmax = 9.999998e-01
0.00027777771903836834
158.51366806030273
Running simulation w/ ws = 1.840816e-01 and pmax = 1.000000e+00
0.00027777780780014735
159.00428938865662
Running simulation w/ ws = 1.024898e-01 and pmax = 1.000000e+00
0.0002777778417384822
158.72288465499878
Running simulation w/ ws = 9.184082e-01 and pmax = 1.000000e+00
0.0002777778130214294
159.50422263145447
Running simulation w/ ws = 3.472653e-01 and pmax = 1.000000e+00
0.0002777778208533526
156.99950432777405
Running simulation w/ ws = 8.368163e-01 and pmax = 9.999999e-01
0.0002777777529766923
160.1164746284485
Running simulation w/ ws = 4.900510e-01 and pmax = 1.000000e+00
0.0002777777686405355
155.97417879104614
Running simulation w/ ws = 4.084592e-01 and pmax = 9.999998e-01
0.00027777773470220965
159.3185043334961
Running simulation w/ ws = 3.472653e-01 and pmax = 9.999998e-01
0.0002777777268702889
160.1377534866333
Running simulation w/ ws = 6.736327e-01 and pmax = 1.000000e+00
0.0002777778025788655
159.6954698562622
Running simulation w/ ws = 7.552245e-01 and pmax = 1.000000e+00
0.00027777780780014735
157.5659694671631
Running simulation w/ ws = 1.840816e-01 and pmax = 9.999999e-01
0.00027777773731284993
158.08326244354248
Running simulation w/ ws = 3.880612e-01 and pmax = 1.000000e+00
0.0002777777712511761
160.21222519874573
Running simulation w/ ws = 5.000000e-04 and pmax = 9.999999e-01
0.00027777776080861375
159.8464150428772
Running simulation w/ ws = 1.636837e-01 and pmax = 1.000000e+00
0.00027777783651719963
157.33488178253174
Running simulation w/ ws = 1.636837e-01 and pmax = 1.000000e+00
0.00027777778691502034
158.5349681377411
Running simulation w/ ws = 5.920408e-01 and pmax = 1.000000e+00
0.00027777777908309816
159.35102939605713
Running simulation w/ ws = 5.000000e-04 and pmax = 1.000000e+00
0.0002777777660298949
160.24425101280212
Running simulation w/ ws = 1.840816e-01 and pmax = 9.999998e-01
0.0002777777164277282
152.413268327713
146.99754643440247
152.46770358085632
140.35009932518005
Running simulation w/ ws = 3.880612e-01 and pmax = 1.000000e+00
0.0002777777947469428
Running simulation w/ ws = 3.268673e-01 and pmax = 9.999998e-01
0.0002777777164277282
Running simulation w/ ws = 2.089796e-02 and pmax = 1.000000e+00
0.0002777778051895064
Running simulation w/ ws = 8.164184e-01 and pmax = 1.000000e+00
0.0002777777973575837
159.76735544204712
Running simulation w/ ws = 4.288571e-01 and pmax = 1.000000e+00
0.0002777777712511761
160.12121677398682
Running simulation w/ ws = 9.184082e-01 and pmax = 9.999999e-01
0.00027777775036605184
161.57081294059753
161.59834551811218
Running simulation w/ ws = 9.592041e-01 and pmax = 1.000000e+00
0.00027777778169373887
Running simulation w/ ws = 6.169388e-02 and pmax = 1.000000e+00
0.0002777777660298949
158.45680952072144
Running simulation w/ ws = 7.144286e-01 and pmax = 1.000000e+00
0.0002777777660298949
158.5801362991333
Running simulation w/ ws = 4.696531e-01 and pmax = 1.000000e+00
0.00027777777386181674
159.05982637405396
Running simulation w/ ws = 7.756224e-01 and pmax = 1.000000e+00
0.0002777777973575837
160.76298689842224
Running simulation w/ ws = 2.656735e-01 and pmax = 1.000000e+00
0.0002777777712511761
158.93827533721924
Running simulation w/ ws = 1.840816e-01 and pmax = 1.000000e+00
0.0002777778025788655
159.08908534049988
Running simulation w/ ws = 4.696531e-01 and pmax = 1.000000e+00
0.00027777779213630197
160.17206597328186
Running simulation w/ ws = 2.248776e-01 and pmax = 9.999998e-01
0.00027777773470220965
161.65385341644287
Running simulation w/ ws = 2.044796e-01 and pmax = 1.000000e+00
0.0002777778234639937
161.17990159988403
Running simulation w/ ws = 5.104490e-01 and pmax = 1.000000e+00
0.00027777779213630197
161.03710556030273
Running simulation w/ ws = 1.636837e-01 and pmax = 1.000000e+00
0.00027777783390655844
162.38258337974548
Running simulation w/ ws = 5.512449e-01 and pmax = 9.999999e-01
0.00027777773731284993
163.0667052268982
Running simulation w/ ws = 6.169388e-02 and pmax = 1.000000e+00
0.00027777781824271154
158.84652519226074
Running simulation w/ ws = 9.796020e-01 and pmax = 9.999998e-01
0.0002777777164277282
159.45618391036987
Running simulation w/ ws = 7.960204e-01 and pmax = 1.000000e+00
0.00027777778691502034
159.66380858421326
Running simulation w/ ws = 7.756224e-01 and pmax = 9.999998e-01
0.00027777771903836834
160.2012963294983
Running simulation w/ ws = 1.840816e-01 and pmax = 1.000000e+00
0.0002777778051895064
158.56526851654053
Running simulation w/ ws = 3.880612e-01 and pmax = 1.000000e+00
0.0002777777973575837
158.31338047981262
Running simulation w/ ws = 6.736327e-01 and pmax = 9.999999e-01
0.00027777775819797326
158.83045434951782
Running simulation w/ ws = 9.184082e-01 and pmax = 1.000000e+00
0.0002777777764724574
159.49414443969727
Running simulation w/ ws = 4.696531e-01 and pmax = 9.999999e-01
0.0002777777477554114
158.1003646850586
Running simulation w/ ws = 8.980102e-01 and pmax = 9.999999e-01
0.00027777775036605184
159.96110796928406
Running simulation w/ ws = 2.248776e-01 and pmax = 1.000000e+00
0.00027777778691502034
158.95126152038574
Running simulation w/ ws = 2.248776e-01 and pmax = 1.000000e+00
0.0002777778391278409
161.3319411277771
Running simulation w/ ws = 1.024898e-01 and pmax = 1.000000e+00
0.0002777778051895064
159.2597692012787
Running simulation w/ ws = 8.980102e-01 and pmax = 9.999998e-01
0.00027777772425964867
159.92194890975952
Running simulation w/ ws = 9.184082e-01 and pmax = 9.999998e-01
0.0002777777320915694
159.96640348434448
Running simulation w/ ws = 9.592041e-01 and pmax = 1.000000e+00
0.0002777777947469428
161.52250361442566
Running simulation w/ ws = 1.636837e-01 and pmax = 9.999999e-01
0.00027777775819797326
157.62029838562012
Running simulation w/ ws = 8.572143e-01 and pmax = 1.000000e+00
0.0002777777712511761
158.44133830070496
Running simulation w/ ws = 1.000000e+00 and pmax = 1.000000e+00
0.0002777777686405355
160.4734869003296
Running simulation w/ ws = 5.308469e-01 and pmax = 1.000000e+00
0.0002777777764724574
162.34977555274963
118.5094826221466
118.19761800765991
112.10778331756592
Running simulation w/ ws = 2.089796e-02 and pmax = 1.000000e+00
0.00027777783651719963
Running simulation w/ ws = 8.776122e-01 and pmax = 1.000000e+00
0.0002777777660298949
Running simulation w/ ws = 5.920408e-01 and pmax = 1.000000e+00
0.000277777828685276
Running simulation w/ ws = 6.736327e-01 and pmax = 1.000000e+00
0.00027777777386181674
149.35059428215027
Running simulation w/ ws = 2.452755e-01 and pmax = 9.999999e-01
0.00027777773992349026
158.4068067073822
Running simulation w/ ws = 8.980102e-01 and pmax = 1.000000e+00
0.0002777777973575837
165.00196027755737
Running simulation w/ ws = 6.328367e-01 and pmax = 1.000000e+00
0.0002777777999682245
166.59353017807007
Running simulation w/ ws = 3.064694e-01 and pmax = 1.000000e+00
0.00027777778691502034
160.61302280426025
Running simulation w/ ws = 1.840816e-01 and pmax = 9.999999e-01
0.00027777773992349026
159.8022599220276
Running simulation w/ ws = 5.716429e-01 and pmax = 9.999998e-01
0.0002777777138170881
156.86990070343018
Running simulation w/ ws = 5.000000e-04 and pmax = 1.000000e+00
0.0002777777947469428
159.12547397613525
Running simulation w/ ws = 5.308469e-01 and pmax = 1.000000e+00
0.00027777781824271154
155.06165194511414
Running simulation w/ ws = 4.696531e-01 and pmax = 9.999998e-01
0.0002777777294809291
157.2339346408844
Running simulation w/ ws = 7.348265e-01 and pmax = 9.999999e-01
0.00027777775036605184
155.0394299030304
Running simulation w/ ws = 4.084592e-01 and pmax = 1.000000e+00
0.00027777781563207045
174.22779965400696
Running simulation w/ ws = 6.736327e-01 and pmax = 1.000000e+00
0.0002777778104107884
156.87662482261658
Running simulation w/ ws = 6.736327e-01 and pmax = 9.999998e-01
0.0002777777138170881
160.3204700946808
157.40017461776733
Running simulation w/ ws = 5.512449e-01 and pmax = 1.000000e+00
0.0002777777895256611
Running simulation w/ ws = 5.104490e-01 and pmax = 9.999998e-01
0.0002777777164277282
159.44176363945007
Running simulation w/ ws = 3.880612e-01 and pmax = 1.000000e+00
0.00027777783651719963
160.66396069526672
Running simulation w/ ws = 8.164184e-01 and pmax = 9.999999e-01
0.00027777773992349026
160.66659951210022
Running simulation w/ ws = 1.636837e-01 and pmax = 9.999998e-01
0.00027777772425964867
162.9826216697693
Running simulation w/ ws = 3.880612e-01 and pmax = 1.000000e+00
0.00027777782607463485
158.28329348564148
Running simulation w/ ws = 2.656735e-01 and pmax = 1.000000e+00
0.0002777778417384822
160.88242435455322
Running simulation w/ ws = 8.776122e-01 and pmax = 1.000000e+00
0.0002777777947469428
158.08754992485046
Running simulation w/ ws = 1.432857e-01 and pmax = 9.999999e-01
0.00027777773992349026
160.53375625610352
Running simulation w/ ws = 2.452755e-01 and pmax = 9.999998e-01
0.00027777773470220965
161.2786102294922
Running simulation w/ ws = 1.000000e+00 and pmax = 9.999999e-01
0.00027777776341925435
159.64553260803223
Running simulation w/ ws = 1.228878e-01 and pmax = 1.000000e+00
0.0002777778312959172
159.72208547592163
Running simulation w/ ws = 9.184082e-01 and pmax = 9.999999e-01
0.0002777777477554114
161.58987498283386
Running simulation w/ ws = 5.104490e-01 and pmax = 1.000000e+00
0.0002777777843043796
161.11569356918335
Running simulation w/ ws = 1.024898e-01 and pmax = 1.000000e+00
0.0002777777686405355
159.6229567527771
Running simulation w/ ws = 1.024898e-01 and pmax = 1.000000e+00
0.0002777777712511761
159.66090369224548
Running simulation w/ ws = 4.288571e-01 and pmax = 1.000000e+00
0.0002777778208533526
161.2200894355774
Running simulation w/ ws = 3.472653e-01 and pmax = 9.999999e-01
0.0002777777477554114
160.39778995513916
Running simulation w/ ws = 2.089796e-02 and pmax = 1.000000e+00
0.00027777779213630197
160.27395033836365
Running simulation w/ ws = 6.124388e-01 and pmax = 9.999999e-01
0.00027777776080861375
159.31039118766785
Running simulation w/ ws = 9.388061e-01 and pmax = 1.000000e+00
0.00027777783390655844
161.78314089775085
Running simulation w/ ws = 6.169388e-02 and pmax = 9.999998e-01
0.0002777777138170881
161.08168077468872
125.61678552627563
119.88517594337463
111.1033124923706
Running simulation w/ ws = 2.452755e-01 and pmax = 9.999999e-01
0.000277777745144771
Running simulation w/ ws = 3.268673e-01 and pmax = 9.999999e-01
0.00027777776080861375
Running simulation w/ ws = 6.532347e-01 and pmax = 9.999998e-01
0.0002777777268702889
Running simulation w/ ws = 6.169388e-02 and pmax = 1.000000e+00
0.00027777782607463485
158.87251091003418
Running simulation w/ ws = 1.024898e-01 and pmax = 1.000000e+00
0.0002777777660298949
160.01705598831177
Running simulation w/ ws = 5.716429e-01 and pmax = 1.000000e+00
0.00027777782607463485
160.39716696739197
Running simulation w/ ws = 8.164184e-01 and pmax = 1.000000e+00
0.0002777778234639937
163.7569456100464
Running simulation w/ ws = 9.388061e-01 and pmax = 1.000000e+00
0.00027777777386181674
160.13454389572144
Running simulation w/ ws = 1.432857e-01 and pmax = 9.999998e-01
0.00027777773470220965
160.75403356552124
Running simulation w/ ws = 5.920408e-01 and pmax = 9.999999e-01
0.00027777773992349026
160.43242597579956
Running simulation w/ ws = 2.044796e-01 and pmax = 9.999999e-01
0.00027777773992349026
160.35989689826965
Running simulation w/ ws = 3.880612e-01 and pmax = 9.999999e-01
0.000277777745144771
159.50525450706482
Running simulation w/ ws = 3.472653e-01 and pmax = 1.000000e+00
0.00027777777908309816
159.46218371391296
Running simulation w/ ws = 4.288571e-01 and pmax = 1.000000e+00
0.00027777781563207045
160.71373176574707
Running simulation w/ ws = 8.776122e-01 and pmax = 9.999998e-01
0.00027777771903836834
161.26664853096008
Running simulation w/ ws = 1.636837e-01 and pmax = 1.000000e+00
0.0002777778391278409
158.59253025054932
Running simulation w/ ws = 4.084592e-01 and pmax = 9.999998e-01
0.0002777777164277282
160.33794903755188
Running simulation w/ ws = 3.676633e-01 and pmax = 1.000000e+00
0.0002777778104107884
161.44767451286316
Running simulation w/ ws = 1.840816e-01 and pmax = 1.000000e+00
0.00027777779213630197
161.2417447566986
Running simulation w/ ws = 4.129592e-02 and pmax = 9.999998e-01
0.0002777777164277282
157.12132501602173
Running simulation w/ ws = 4.492551e-01 and pmax = 1.000000e+00
0.0002777777843043796
158.97980856895447
Running simulation w/ ws = 7.960204e-01 and pmax = 9.999999e-01
0.00027777774253413064
159.9280686378479
Running simulation w/ ws = 6.328367e-01 and pmax = 1.000000e+00
0.0002777778312959172
159.92495846748352
Running simulation w/ ws = 5.000000e-04 and pmax = 1.000000e+00
0.00027777783651719963
156.88146328926086
Running simulation w/ ws = 2.044796e-01 and pmax = 9.999999e-01
0.000277777745144771
157.82777571678162
Running simulation w/ ws = 8.980102e-01 and pmax = 9.999999e-01
0.00027777773731284993
159.25311422348022
Running simulation w/ ws = 3.880612e-01 and pmax = 1.000000e+00
0.0002777778104107884
159.48190879821777
Running simulation w/ ws = 3.472653e-01 and pmax = 1.000000e+00
0.0002777777712511761
157.73138618469238
Running simulation w/ ws = 2.044796e-01 and pmax = 1.000000e+00
0.00027777781563207045
157.36203622817993
Running simulation w/ ws = 4.492551e-01 and pmax = 9.999999e-01
0.0002777777477554114
159.52574801445007
Running simulation w/ ws = 6.124388e-01 and pmax = 1.000000e+00
0.0002777777843043796
157.95535373687744
Running simulation w/ ws = 8.776122e-01 and pmax = 9.999999e-01
0.000277777745144771
157.940363407135
Running simulation w/ ws = 6.532347e-01 and pmax = 1.000000e+00
0.0002777778025788655
157.6614637374878
Running simulation w/ ws = 1.432857e-01 and pmax = 1.000000e+00
0.00027777782607463485
160.75425910949707
Running simulation w/ ws = 2.860714e-01 and pmax = 9.999998e-01
0.0002777777138170881
158.81600856781006
Running simulation w/ ws = 7.144286e-01 and pmax = 1.000000e+00
0.0002777778417384822
157.07323932647705
Running simulation w/ ws = 9.592041e-01 and pmax = 9.999999e-01
0.00027777776341925435
158.2605369091034
Running simulation w/ ws = 6.169388e-02 and pmax = 1.000000e+00
0.0002777778130214294
160.53988528251648
161.20507860183716
Running simulation w/ ws = 4.900510e-01 and pmax = 1.000000e+00
0.00027777783651719963
118.44239807128906
118.34789443016052
105.83463859558105
Running simulation w/ ws = 8.209184e-02 and pmax = 1.000000e+00
0.0002777778130214294
Running simulation w/ ws = 5.000000e-04 and pmax = 9.999999e-01
0.00027777773731284993
Running simulation w/ ws = 9.388061e-01 and pmax = 1.000000e+00
0.0002777778025788655
Running simulation w/ ws = 6.736327e-01 and pmax = 9.999999e-01
0.000277777745144771
158.39718008041382
Running simulation w/ ws = 2.044796e-01 and pmax = 1.000000e+00
0.0002777778104107884
159.59353613853455
Running simulation w/ ws = 5.308469e-01 and pmax = 1.000000e+00
0.00027777780780014735
160.083669424057
Running simulation w/ ws = 3.880612e-01 and pmax = 9.999998e-01
0.0002777777138170881
160.2032425403595
Running simulation w/ ws = 7.960204e-01 and pmax = 9.999999e-01
0.00027777776341925435
157.09126496315002
Running simulation w/ ws = 1.024898e-01 and pmax = 1.000000e+00
0.0002777778234639937
160.48919081687927
Running simulation w/ ws = 1.840816e-01 and pmax = 9.999999e-01
0.0002777777477554114
159.18341875076294
Running simulation w/ ws = 5.104490e-01 and pmax = 1.000000e+00
0.0002777778208533526
161.15301132202148
Running simulation w/ ws = 1.840816e-01 and pmax = 9.999999e-01
0.00027777776080861375
157.87521481513977
Running simulation w/ ws = 1.228878e-01 and pmax = 9.999998e-01
0.0002777777268702889
158.81289887428284
Running simulation w/ ws = 6.532347e-01 and pmax = 1.000000e+00
0.00027777778169373887
159.8310992717743
Running simulation w/ ws = 3.880612e-01 and pmax = 1.000000e+00
0.0002777777660298949
161.9171440601349
Running simulation w/ ws = 6.169388e-02 and pmax = 1.000000e+00
0.0002777777712511761
159.17918705940247
Running simulation w/ ws = 7.552245e-01 and pmax = 9.999998e-01
0.0002777777268702889
158.79346466064453
Running simulation w/ ws = 6.940306e-01 and pmax = 1.000000e+00
0.00027777777908309816
159.82401967048645
Running simulation w/ ws = 7.348265e-01 and pmax = 1.000000e+00
0.0002777778025788655
162.7940001487732
Running simulation w/ ws = 4.696531e-01 and pmax = 9.999999e-01
0.00027777775819797326
161.66310691833496
Running simulation w/ ws = 8.209184e-02 and pmax = 1.000000e+00
0.0002777777999682245
160.55925750732422
Running simulation w/ ws = 5.920408e-01 and pmax = 1.000000e+00
0.0002777778025788655
160.67889070510864
Running simulation w/ ws = 7.552245e-01 and pmax = 1.000000e+00
0.00027777781563207045
163.40056157112122
Running simulation w/ ws = 7.756224e-01 and pmax = 1.000000e+00
0.0002777778208533526
160.63089442253113
Running simulation w/ ws = 6.736327e-01 and pmax = 9.999998e-01
0.00027777771903836834
159.5211353302002
Running simulation w/ ws = 2.089796e-02 and pmax = 9.999999e-01
0.00027777775036605184
160.31107091903687
Running simulation w/ ws = 3.472653e-01 and pmax = 1.000000e+00
0.00027777780780014735
162.6061086654663
Running simulation w/ ws = 8.164184e-01 and pmax = 1.000000e+00
0.00027777781824271154
158.54638123512268
Running simulation w/ ws = 5.104490e-01 and pmax = 9.999999e-01
0.00027777776341925435
160.84706139564514
Running simulation w/ ws = 5.000000e-04 and pmax = 1.000000e+00
0.0002777778417384822
160.81625056266785
Running simulation w/ ws = 9.184082e-01 and pmax = 1.000000e+00
0.00027777777386181674
162.26250195503235
Running simulation w/ ws = 4.900510e-01 and pmax = 9.999998e-01
0.0002777777164277282
159.32759761810303
Running simulation w/ ws = 6.940306e-01 and pmax = 1.000000e+00
0.0002777778312959172
160.10617423057556
Running simulation w/ ws = 8.572143e-01 and pmax = 1.000000e+00
0.00027777782607463485
160.15797543525696
Running simulation w/ ws = 4.696531e-01 and pmax = 1.000000e+00
0.0002777778208533526
160.47869420051575
Running simulation w/ ws = 3.472653e-01 and pmax = 1.000000e+00
0.0002777777973575837
159.25978803634644
Running simulation w/ ws = 9.388061e-01 and pmax = 9.999999e-01
0.00027777775558733277
158.8718135356903
Running simulation w/ ws = 9.388061e-01 and pmax = 1.000000e+00
0.0002777777660298949
157.35933184623718
Running simulation w/ ws = 7.960204e-01 and pmax = 9.999999e-01
0.000277777745144771
162.04385495185852
118.39714455604553
119.08916473388672
117.7019112110138
Running simulation w/ ws = 5.920408e-01 and pmax = 1.000000e+00
0.0002777778312959172
Running simulation w/ ws = 1.024898e-01 and pmax = 1.000000e+00
0.0002777777999682245
Running simulation w/ ws = 6.532347e-01 and pmax = 1.000000e+00
0.00027777781824271154
Running simulation w/ ws = 6.328367e-01 and pmax = 9.999998e-01
0.0002777777320915694
159.86817288398743
Running simulation w/ ws = 6.940306e-01 and pmax = 1.000000e+00
0.0002777777712511761
160.95092248916626
Running simulation w/ ws = 2.089796e-02 and pmax = 1.000000e+00
0.00027777780780014735
161.42053270339966
Running simulation w/ ws = 7.144286e-01 and pmax = 1.000000e+00
0.0002777777843043796
164.47709846496582
Running simulation w/ ws = 1.840816e-01 and pmax = 1.000000e+00
0.00027777781563207045
159.45368099212646
Running simulation w/ ws = 4.288571e-01 and pmax = 1.000000e+00
0.0002777777999682245
161.534033536911
Running simulation w/ ws = 8.368163e-01 and pmax = 1.000000e+00
0.0002777777686405355
161.16176986694336
Running simulation w/ ws = 3.064694e-01 and pmax = 1.000000e+00
0.0002777778312959172
163.91227674484253
Running simulation w/ ws = 8.776122e-01 and pmax = 1.000000e+00
0.0002777778312959172
158.93032550811768
Running simulation w/ ws = 9.388061e-01 and pmax = 9.999999e-01
0.00027777775819797326
161.22347807884216
Running simulation w/ ws = 5.308469e-01 and pmax = 9.999998e-01
0.00027777771903836834
162.63010954856873
Running simulation w/ ws = 4.696531e-01 and pmax = 9.999998e-01
0.0002777777216490085
164.11902928352356
Running simulation w/ ws = 8.980102e-01 and pmax = 1.000000e+00
0.0002777777947469428
159.43770265579224
Running simulation w/ ws = 5.000000e-04 and pmax = 9.999998e-01
0.0002777777268702889
162.53986811637878
Running simulation w/ ws = 9.796020e-01 and pmax = 1.000000e+00
0.0002777778130214294
160.42458391189575
Running simulation w/ ws = 5.920408e-01 and pmax = 9.999998e-01
0.0002777777138170881
164.26316618919373
Running simulation w/ ws = 4.492551e-01 and pmax = 1.000000e+00
0.00027777778691502034
157.6539604663849
Running simulation w/ ws = 2.089796e-02 and pmax = 9.999999e-01
0.000277777745144771
157.8187711238861
Running simulation w/ ws = 6.169388e-02 and pmax = 1.000000e+00
0.0002777778417384822
161.54374957084656
Running simulation w/ ws = 7.348265e-01 and pmax = 1.000000e+00
0.0002777778104107884
162.034601688385
Running simulation w/ ws = 2.044796e-01 and pmax = 9.999999e-01
0.00027777774253413064
164.19360637664795
Running simulation w/ ws = 7.552245e-01 and pmax = 1.000000e+00
0.0002777777764724574
148.26193404197693
Running simulation w/ ws = 7.144286e-01 and pmax = 9.999999e-01
0.0002777777529766923
164.4524531364441
Running simulation w/ ws = 6.124388e-01 and pmax = 1.000000e+00
0.00027777781824271154
165.7259738445282
Running simulation w/ ws = 8.164184e-01 and pmax = 9.999999e-01
0.00027777776341925435
158.568363904953
Running simulation w/ ws = 3.268673e-01 and pmax = 1.000000e+00
0.0002777778234639937
159.00174951553345
Running simulation w/ ws = 4.492551e-01 and pmax = 1.000000e+00
0.0002777777660298949
163.0898416042328
Running simulation w/ ws = 5.308469e-01 and pmax = 1.000000e+00
0.00027777783651719963
160.71086835861206
Running simulation w/ ws = 5.716429e-01 and pmax = 1.000000e+00
0.000277777828685276
147.98004722595215
Running simulation w/ ws = 9.388061e-01 and pmax = 9.999998e-01
0.0002777777164277282
165.10172939300537
Running simulation w/ ws = 6.940306e-01 and pmax = 1.000000e+00
0.00027777779213630197
167.23912072181702
Running simulation w/ ws = 5.000000e-04 and pmax = 9.999999e-01
0.00027777775819797326
167.9160418510437
Running simulation w/ ws = 7.348265e-01 and pmax = 1.000000e+00
0.0002777778234639937
157.66008496284485
Running simulation w/ ws = 4.900510e-01 and pmax = 1.000000e+00
0.0002777777712511761
161.15967392921448
Running simulation w/ ws = 2.248776e-01 and pmax = 9.999999e-01
0.000277777745144771
158.58977103233337
159.12560772895813
80.48410868644714
80.25111222267151
Running simulation w/ ws = 9.796020e-01 and pmax = 9.999998e-01
0.0002777777216490085
Running simulation w/ ws = 9.184082e-01 and pmax = 9.999999e-01
0.00027777776080861375
Running simulation w/ ws = 1.228878e-01 and pmax = 9.999999e-01
0.00027777773731284993
Running simulation w/ ws = 8.368163e-01 and pmax = 1.000000e+00
0.00027777780780014735
151.3675057888031
Running simulation w/ ws = 3.064694e-01 and pmax = 9.999999e-01
0.00027777773731284993
156.55964732170105
Running simulation w/ ws = 9.184082e-01 and pmax = 9.999999e-01
0.00027777775819797326
158.72261548042297
Running simulation w/ ws = 7.756224e-01 and pmax = 9.999999e-01
0.00027777776080861375
168.86294436454773
Running simulation w/ ws = 8.368163e-01 and pmax = 1.000000e+00
0.00027777778169373887
156.93195843696594
Running simulation w/ ws = 1.432857e-01 and pmax = 1.000000e+00
0.0002777778391278409
156.7769045829773
Running simulation w/ ws = 9.592041e-01 and pmax = 9.999999e-01
0.00027777773731284993
159.07570099830627
Running simulation w/ ws = 7.552245e-01 and pmax = 1.000000e+00
0.00027777783390655844
158.01714849472046
Running simulation w/ ws = 6.124388e-01 and pmax = 9.999999e-01
0.00027777773992349026
157.3504273891449
Running simulation w/ ws = 9.388061e-01 and pmax = 9.999999e-01
0.0002777777477554114
158.7358694076538
Running simulation w/ ws = 6.736327e-01 and pmax = 1.000000e+00
0.0002777777895256611
158.63626623153687
Running simulation w/ ws = 7.960204e-01 and pmax = 9.999998e-01
0.00027777772425964867
157.10736346244812
Running simulation w/ ws = 6.124388e-01 and pmax = 9.999999e-01
0.000277777745144771
157.54136300086975
Running simulation w/ ws = 4.492551e-01 and pmax = 1.000000e+00
0.0002777778312959172
157.80919909477234
Running simulation w/ ws = 7.144286e-01 and pmax = 1.000000e+00
0.0002777777686405355
158.63199257850647
Running simulation w/ ws = 7.756224e-01 and pmax = 1.000000e+00
0.00027777778691502034
158.11041951179504
Running simulation w/ ws = 8.164184e-01 and pmax = 9.999999e-01
0.000277777745144771
158.06005835533142
Running simulation w/ ws = 5.104490e-01 and pmax = 1.000000e+00
0.00027777777386181674
158.04306888580322
Running simulation w/ ws = 6.124388e-01 and pmax = 9.999998e-01
0.0002777777164277282
158.8805890083313
Running simulation w/ ws = 2.452755e-01 and pmax = 1.000000e+00
0.0002777778051895064
157.22845339775085
Running simulation w/ ws = 7.144286e-01 and pmax = 1.000000e+00
0.0002777777947469428
156.27981877326965
Running simulation w/ ws = 2.248776e-01 and pmax = 9.999998e-01
0.0002777777268702889
158.18702125549316
Running simulation w/ ws = 8.209184e-02 and pmax = 9.999998e-01
0.0002777777164277282
159.46653056144714
Running simulation w/ ws = 2.452755e-01 and pmax = 9.999998e-01
0.0002777777216490085
158.2906551361084
Running simulation w/ ws = 4.492551e-01 and pmax = 1.000000e+00
0.00027777777908309816
158.4800088405609
Running simulation w/ ws = 8.776122e-01 and pmax = 1.000000e+00
0.0002777777764724574
158.68904304504395
Running simulation w/ ws = 7.144286e-01 and pmax = 9.999999e-01
0.00027777773731284993
159.2162311077118
Running simulation w/ ws = 1.432857e-01 and pmax = 1.000000e+00
0.00027777781563207045
156.89251327514648
Running simulation w/ ws = 1.840816e-01 and pmax = 1.000000e+00
0.0002777777712511761
157.8176531791687
Running simulation w/ ws = 2.089796e-02 and pmax = 9.999998e-01
0.0002777777268702889
158.44014310836792
Running simulation w/ ws = 1.432857e-01 and pmax = 9.999998e-01
0.00027777772425964867
158.6690068244934
Running simulation w/ ws = 8.572143e-01 and pmax = 9.999999e-01
0.00027777775036605184
158.8244116306305
Running simulation w/ ws = 5.104490e-01 and pmax = 9.999999e-01
0.00027777773731284993
156.57774567604065
Running simulation w/ ws = 2.248776e-01 and pmax = 9.999999e-01
0.00027777773731284993
158.28544688224792
Running simulation w/ ws = 7.348265e-01 and pmax = 9.999999e-01
0.00027777776080861375
159.49972987174988
Running simulation w/ ws = 2.452755e-01 and pmax = 1.000000e+00
0.0002777777660298949
158.73427271842957
Running simulation w/ ws = 4.900510e-01 and pmax = 9.999998e-01
0.0002777777138170881
151.66093754768372
148.14678478240967
140.78468012809753
145.616384267807
Running simulation w/ ws = 6.532347e-01 and pmax = 1.000000e+00
0.0002777777999682245
Running simulation w/ ws = 1.840816e-01 and pmax = 1.000000e+00
0.0002777777843043796
Running simulation w/ ws = 8.164184e-01 and pmax = 1.000000e+00
0.0002777777947469428
Running simulation w/ ws = 8.164184e-01 and pmax = 1.000000e+00
0.0002777778104107884
160.24825525283813
Running simulation w/ ws = 6.124388e-01 and pmax = 1.000000e+00
0.0002777777764724574
160.83076214790344
Running simulation w/ ws = 4.288571e-01 and pmax = 1.000000e+00
0.0002777777947469428
161.38942408561707
Running simulation w/ ws = 2.860714e-01 and pmax = 9.999998e-01
0.0002777777294809291
161.72093653678894
Running simulation w/ ws = 8.980102e-01 and pmax = 1.000000e+00
0.0002777777660298949
155.3019540309906
Running simulation w/ ws = 2.044796e-01 and pmax = 1.000000e+00
0.0002777778025788655
156.58574533462524
Running simulation w/ ws = 5.000000e-04 and pmax = 1.000000e+00
0.0002777777999682245
156.43192100524902
Running simulation w/ ws = 4.696531e-01 and pmax = 9.999998e-01
0.00027777772425964867
174.4603989124298
Running simulation w/ ws = 3.676633e-01 and pmax = 1.000000e+00
0.0002777777895256611
159.6831340789795
Running simulation w/ ws = 3.268673e-01 and pmax = 1.000000e+00
0.0002777778130214294
159.0064136981964
Running simulation w/ ws = 7.756224e-01 and pmax = 1.000000e+00
0.0002777778051895064
160.3672342300415
Running simulation w/ ws = 2.656735e-01 and pmax = 1.000000e+00
0.0002777777660298949
162.38832712173462
Running simulation w/ ws = 5.716429e-01 and pmax = 1.000000e+00
0.0002777777764724574
160.22204327583313
Running simulation w/ ws = 4.696531e-01 and pmax = 9.999999e-01
0.00027777776080861375
160.60032868385315
Running simulation w/ ws = 4.492551e-01 and pmax = 9.999999e-01
0.00027777774253413064
160.6476879119873
Running simulation w/ ws = 6.124388e-01 and pmax = 1.000000e+00
0.0002777778051895064
160.66787099838257
Running simulation w/ ws = 8.209184e-02 and pmax = 1.000000e+00
0.0002777777947469428
158.93191599845886
Running simulation w/ ws = 4.288571e-01 and pmax = 1.000000e+00
0.0002777778417384822
161.26630401611328
Running simulation w/ ws = 4.696531e-01 and pmax = 1.000000e+00
0.0002777778312959172
160.1526186466217
Running simulation w/ ws = 1.636837e-01 and pmax = 1.000000e+00
0.00027777782607463485
159.77223682403564
Running simulation w/ ws = 9.184082e-01 and pmax = 1.000000e+00
0.0002777777947469428
160.05680584907532
Running simulation w/ ws = 8.980102e-01 and pmax = 1.000000e+00
0.00027777781563207045
159.94147276878357
Running simulation w/ ws = 6.169388e-02 and pmax = 1.000000e+00
0.0002777777686405355
161.48566508293152
Running simulation w/ ws = 7.348265e-01 and pmax = 9.999998e-01
0.0002777777164277282
160.593581199646
Running simulation w/ ws = 6.328367e-01 and pmax = 9.999999e-01
0.00027777773992349026
159.04041481018066
Running simulation w/ ws = 7.144286e-01 and pmax = 1.000000e+00
0.00027777779213630197
160.18220400810242
Running simulation w/ ws = 9.592041e-01 and pmax = 9.999999e-01
0.00027777776080861375
161.32884669303894
Running simulation w/ ws = 2.452755e-01 and pmax = 1.000000e+00
0.0002777778391278409
160.17300605773926
Running simulation w/ ws = 8.368163e-01 and pmax = 9.999998e-01
0.00027777771903836834
159.30885291099548
Running simulation w/ ws = 6.328367e-01 and pmax = 9.999998e-01
0.0002777777164277282
159.4586672782898
Running simulation w/ ws = 7.960204e-01 and pmax = 9.999999e-01
0.00027777773731284993
161.7536497116089
Running simulation w/ ws = 2.089796e-02 and pmax = 9.999999e-01
0.0002777777477554114
160.18496012687683
Running simulation w/ ws = 8.776122e-01 and pmax = 1.000000e+00
0.0002777777686405355
160.1882119178772
Running simulation w/ ws = 1.228878e-01 and pmax = 9.999999e-01
0.00027777775036605184
160.69666576385498
Running simulation w/ ws = 5.308469e-01 and pmax = 1.000000e+00
0.0002777778312959172
161.22080159187317
155.2352740764618
79.68709659576416
76.90126299858093
Running simulation w/ ws = 1.636837e-01 and pmax = 1.000000e+00
0.0002777778104107884
Running simulation w/ ws = 8.368163e-01 and pmax = 1.000000e+00
0.0002777778104107884
Running simulation w/ ws = 1.024898e-01 and pmax = 1.000000e+00
0.00027777781824271154
Running simulation w/ ws = 3.268673e-01 and pmax = 1.000000e+00
0.0002777777843043796
153.42923212051392
Running simulation w/ ws = 5.104490e-01 and pmax = 1.000000e+00
0.00027777778169373887
158.506756067276
Running simulation w/ ws = 7.960204e-01 and pmax = 1.000000e+00
0.0002777777712511761
158.58144736289978
Running simulation w/ ws = 1.840816e-01 and pmax = 9.999999e-01
0.00027777774253413064
165.70470929145813
Running simulation w/ ws = 9.388061e-01 and pmax = 1.000000e+00
0.0002777777895256611
156.15487623214722
Running simulation w/ ws = 6.532347e-01 and pmax = 9.999999e-01
0.00027777773731284993
157.8786358833313
Running simulation w/ ws = 3.472653e-01 and pmax = 9.999998e-01
0.00027777771903836834
158.76373147964478
Running simulation w/ ws = 9.592041e-01 and pmax = 9.999999e-01
0.0002777777529766923
158.0479817390442
Running simulation w/ ws = 2.089796e-02 and pmax = 1.000000e+00
0.0002777777947469428
156.4758951663971
Running simulation w/ ws = 7.144286e-01 and pmax = 1.000000e+00
0.0002777778025788655
158.82199573516846
Running simulation w/ ws = 6.736327e-01 and pmax = 1.000000e+00
0.00027777781563207045
159.8580515384674
Running simulation w/ ws = 9.388061e-01 and pmax = 1.000000e+00
0.00027777777908309816
159.0148856639862
Running simulation w/ ws = 2.089796e-02 and pmax = 9.999999e-01
0.00027777776080861375
156.51612424850464
Running simulation w/ ws = 5.000000e-04 and pmax = 1.000000e+00
0.0002777777895256611
157.9824240207672
Running simulation w/ ws = 2.248776e-01 and pmax = 9.999999e-01
0.00027777776341925435
159.78507256507874
Running simulation w/ ws = 4.900510e-01 and pmax = 9.999999e-01
0.00027777774253413064
158.46185970306396
Running simulation w/ ws = 9.388061e-01 and pmax = 1.000000e+00
0.0002777778208533526
159.54650902748108
Running simulation w/ ws = 9.184082e-01 and pmax = 1.000000e+00
0.0002777778208533526
160.08241629600525
Running simulation w/ ws = 6.328367e-01 and pmax = 1.000000e+00
0.0002777777764724574
160.3718569278717
Running simulation w/ ws = 1.432857e-01 and pmax = 1.000000e+00
0.00027777780780014735
161.4107358455658
Running simulation w/ ws = 8.209184e-02 and pmax = 1.000000e+00
0.00027777780780014735
156.84323644638062
Running simulation w/ ws = 9.592041e-01 and pmax = 1.000000e+00
0.00027777779213630197
159.37142634391785
Running simulation w/ ws = 6.736327e-01 and pmax = 9.999999e-01
0.00027777775558733277
160.80142283439636
Running simulation w/ ws = 1.432857e-01 and pmax = 1.000000e+00
0.0002777777999682245
156.63088941574097
Running simulation w/ ws = 2.452755e-01 and pmax = 9.999999e-01
0.0002777777529766923
158.75248169898987
Running simulation w/ ws = 1.228878e-01 and pmax = 9.999999e-01
0.00027777773992349026
159.9424602985382
Running simulation w/ ws = 6.940306e-01 and pmax = 9.999998e-01
0.00027777772425964867
158.07728815078735
Running simulation w/ ws = 2.860714e-01 and pmax = 9.999999e-01
0.0002777777529766923
159.91060280799866
Running simulation w/ ws = 6.124388e-01 and pmax = 9.999999e-01
0.00027777774253413064
158.79431796073914
Running simulation w/ ws = 3.472653e-01 and pmax = 1.000000e+00
0.0002777778025788655
157.18353247642517
Running simulation w/ ws = 5.000000e-04 and pmax = 1.000000e+00
0.0002777778130214294
159.03157258033752
Running simulation w/ ws = 2.248776e-01 and pmax = 9.999999e-01
0.00027777773992349026
160.15763688087463
Running simulation w/ ws = 5.104490e-01 and pmax = 9.999999e-01
0.00027777773992349026
158.85755324363708
Running simulation w/ ws = 6.940306e-01 and pmax = 1.000000e+00
0.0002777777660298949
159.51435947418213
Running simulation w/ ws = 5.000000e-04 and pmax = 9.999998e-01
0.0002777777164277282
158.71326327323914
Running simulation w/ ws = 5.308469e-01 and pmax = 1.000000e+00
0.0002777778130214294
160.77473068237305
Running simulation w/ ws = 7.348265e-01 and pmax = 1.000000e+00
0.0002777778312959172
155.28359007835388
151.48330950737
147.51027393341064
145.0030722618103
Running simulation w/ ws = 8.776122e-01 and pmax = 1.000000e+00
0.00027777777386181674
Running simulation w/ ws = 5.920408e-01 and pmax = 1.000000e+00
0.00027777777386181674
Running simulation w/ ws = 4.900510e-01 and pmax = 1.000000e+00
0.0002777778417384822
Running simulation w/ ws = 3.268673e-01 and pmax = 9.999999e-01
0.00027777774253413064
159.49106621742249
159.5480568408966
Running simulation w/ ws = 2.860714e-01 and pmax = 1.000000e+00
0.0002777777973575837
Running simulation w/ ws = 2.248776e-01 and pmax = 9.999999e-01
0.00027777774253413064
160.42282819747925
Running simulation w/ ws = 5.000000e-04 and pmax = 1.000000e+00
0.00027777781563207045
161.23083901405334
Running simulation w/ ws = 5.308469e-01 and pmax = 1.000000e+00
0.0002777778208533526
159.76536631584167
158.96421217918396
Running simulation w/ ws = 9.796020e-01 and pmax = 1.000000e+00
0.0002777777999682245
Running simulation w/ ws = 3.880612e-01 and pmax = 1.000000e+00
0.000277777828685276
160.43124270439148
Running simulation w/ ws = 1.000000e+00 and pmax = 1.000000e+00
0.0002777778051895064
158.919762134552
Running simulation w/ ws = 4.900510e-01 and pmax = 9.999998e-01
0.00027777773470220965
158.63048720359802
Running simulation w/ ws = 2.089796e-02 and pmax = 1.000000e+00
0.0002777778417384822
159.57038116455078
Running simulation w/ ws = 1.000000e+00 and pmax = 1.000000e+00
0.0002777777973575837
159.73893904685974
159.6995084285736
Running simulation w/ ws = 3.064694e-01 and pmax = 9.999999e-01
0.00027777776341925435
Running simulation w/ ws = 5.512449e-01 and pmax = 1.000000e+00
0.00027777777386181674
158.74012279510498
Running simulation w/ ws = 1.228878e-01 and pmax = 9.999998e-01
0.00027777771903836834
159.41115808486938
Running simulation w/ ws = 2.860714e-01 and pmax = 1.000000e+00
0.0002777778104107884
158.79774355888367
Running simulation w/ ws = 1.228878e-01 and pmax = 1.000000e+00
0.00027777779213630197
158.8155801296234
Running simulation w/ ws = 6.532347e-01 and pmax = 9.999999e-01
0.00027777775036605184
159.3642156124115
Running simulation w/ ws = 1.024898e-01 and pmax = 1.000000e+00
0.0002777778208533526
159.0536024570465
Running simulation w/ ws = 6.124388e-01 and pmax = 1.000000e+00
0.00027777777386181674
159.32196950912476
159.5753836631775
Running simulation w/ ws = 7.144286e-01 and pmax = 9.999999e-01
0.0002777777477554114
Running simulation w/ ws = 5.920408e-01 and pmax = 1.000000e+00
0.0002777777999682245
162.103657245636
Running simulation w/ ws = 1.432857e-01 and pmax = 1.000000e+00
0.0002777777947469428
160.76191520690918
Running simulation w/ ws = 4.084592e-01 and pmax = 1.000000e+00
0.00027777780780014735
160.8205361366272
Running simulation w/ ws = 2.860714e-01 and pmax = 9.999999e-01
0.00027777776080861375
161.3722062110901
Running simulation w/ ws = 3.064694e-01 and pmax = 1.000000e+00
0.0002777777947469428
159.44545817375183
Running simulation w/ ws = 7.348265e-01 and pmax = 1.000000e+00
0.00027777779213630197
161.81790280342102
Running simulation w/ ws = 2.860714e-01 and pmax = 9.999998e-01
0.00027777772425964867
161.48322439193726
Running simulation w/ ws = 2.860714e-01 and pmax = 1.000000e+00
0.00027777781563207045
161.42469429969788
Running simulation w/ ws = 1.840816e-01 and pmax = 9.999998e-01
0.00027777773470220965
158.86992740631104
Running simulation w/ ws = 9.592041e-01 and pmax = 1.000000e+00
0.00027777783390655844
158.9872498512268
Running simulation w/ ws = 8.776122e-01 and pmax = 9.999998e-01
0.0002777777216490085
160.15335488319397
Running simulation w/ ws = 5.308469e-01 and pmax = 1.000000e+00
0.000277777828685276
160.77316117286682
Running simulation w/ ws = 6.328367e-01 and pmax = 9.999999e-01
0.00027777776341925435
158.46745109558105
Running simulation w/ ws = 7.348265e-01 and pmax = 1.000000e+00
0.00027777777908309816
159.32696628570557
Running simulation w/ ws = 6.532347e-01 and pmax = 1.000000e+00
0.0002777778051895064
161.0665340423584
160.4158091545105
Running simulation w/ ws = 7.144286e-01 and pmax = 9.999998e-01
0.0002777777268702889
Running simulation w/ ws = 2.248776e-01 and pmax = 1.000000e+00
0.0002777778130214294
149.48883748054504
148.78594040870667
146.87589645385742
147.36205053329468
Running simulation w/ ws = 3.880612e-01 and pmax = 1.000000e+00
0.00027777779213630197
Running simulation w/ ws = 7.552245e-01 and pmax = 9.999998e-01
0.00027777773470220965
Running simulation w/ ws = 8.209184e-02 and pmax = 9.999998e-01
0.00027777772425964867
Running simulation w/ ws = 6.736327e-01 and pmax = 1.000000e+00
0.0002777777686405355
159.46825647354126
Running simulation w/ ws = 6.169388e-02 and pmax = 1.000000e+00
0.00027777783390655844
161.34549593925476
Running simulation w/ ws = 2.248776e-01 and pmax = 1.000000e+00
0.00027777780780014735
161.63429927825928
Running simulation w/ ws = 7.144286e-01 and pmax = 9.999998e-01
0.0002777777138170881
163.1270489692688
Running simulation w/ ws = 6.532347e-01 and pmax = 1.000000e+00
0.00027777781563207045
160.03309416770935
Running simulation w/ ws = 2.656735e-01 and pmax = 9.999999e-01
0.00027777775819797326
159.2672655582428
Running simulation w/ ws = 8.368163e-01 and pmax = 1.000000e+00
0.0002777778208533526
160.61155676841736
Running simulation w/ ws = 6.328367e-01 and pmax = 9.999999e-01
0.00027777774253413064
160.0799400806427
Running simulation w/ ws = 5.512449e-01 and pmax = 9.999999e-01
0.00027777775819797326
158.86906576156616
Running simulation w/ ws = 9.592041e-01 and pmax = 1.000000e+00
0.00027777781824271154
160.58545231819153
Running simulation w/ ws = 6.736327e-01 and pmax = 9.999999e-01
0.0002777777529766923
159.35991215705872
Running simulation w/ ws = 2.452755e-01 and pmax = 9.999999e-01
0.00027777775819797326
162.25227665901184
Running simulation w/ ws = 8.572143e-01 and pmax = 9.999999e-01
0.00027777776341925435
145.35920906066895
Running simulation w/ ws = 1.432857e-01 and pmax = 1.000000e+00
0.00027777779213630197
163.69082760810852
Running simulation w/ ws = 2.248776e-01 and pmax = 1.000000e+00
0.0002777777843043796
165.11077523231506
Running simulation w/ ws = 2.089796e-02 and pmax = 1.000000e+00
0.00027777778691502034
164.9281849861145
Running simulation w/ ws = 5.104490e-01 and pmax = 1.000000e+00
0.00027777778691502034
160.05091452598572
Running simulation w/ ws = 8.980102e-01 and pmax = 9.999999e-01
0.00027777775819797326
159.0283203125
Running simulation w/ ws = 4.129592e-02 and pmax = 1.000000e+00
0.00027777781824271154
157.3974838256836
Running simulation w/ ws = 5.716429e-01 and pmax = 1.000000e+00
0.0002777777660298949
160.15302348136902
Running simulation w/ ws = 6.736327e-01 and pmax = 9.999999e-01
0.00027777776341925435
160.4286596775055
Running simulation w/ ws = 5.512449e-01 and pmax = 9.999999e-01
0.0002777777477554114
157.69947409629822
Running simulation w/ ws = 2.860714e-01 and pmax = 1.000000e+00
0.0002777777895256611
159.56766843795776
Running simulation w/ ws = 6.736327e-01 and pmax = 1.000000e+00
0.0002777777947469428
159.25631165504456
Running simulation w/ ws = 7.348265e-01 and pmax = 9.999999e-01
0.00027777775819797326
159.6929066181183
Running simulation w/ ws = 4.492551e-01 and pmax = 1.000000e+00
0.0002777778051895064
158.42303252220154
Running simulation w/ ws = 4.129592e-02 and pmax = 1.000000e+00
0.0002777778417384822
159.7652063369751
Running simulation w/ ws = 8.209184e-02 and pmax = 9.999999e-01
0.0002777777529766923
160.84864926338196
Running simulation w/ ws = 9.796020e-01 and pmax = 1.000000e+00
0.00027777777908309816
158.7391393184662
Running simulation w/ ws = 3.880612e-01 and pmax = 1.000000e+00
0.00027777778691502034
158.2430543899536
Running simulation w/ ws = 6.532347e-01 and pmax = 1.000000e+00
0.00027777777908309816
159.33836579322815
Running simulation w/ ws = 9.796020e-01 and pmax = 1.000000e+00
0.0002777778312959172
161.00306463241577
Running simulation w/ ws = 6.736327e-01 and pmax = 9.999998e-01
0.0002777777268702889
161.6572983264923
Running simulation w/ ws = 4.900510e-01 and pmax = 9.999999e-01
0.00027777773731284993
160.05408930778503
Running simulation w/ ws = 5.512449e-01 and pmax = 1.000000e+00
0.0002777777999682245
159.7746422290802
Running simulation w/ ws = 6.124388e-01 and pmax = 1.000000e+00
0.0002777777686405355
161.347731590271
121.35001754760742
118.514475107193
113.06808853149414
Running simulation w/ ws = 7.348265e-01 and pmax = 9.999998e-01
0.0002777777294809291
Running simulation w/ ws = 1.636837e-01 and pmax = 1.000000e+00
0.00027777777386181674
Running simulation w/ ws = 9.388061e-01 and pmax = 1.000000e+00
0.000277777828685276
Running simulation w/ ws = 8.572143e-01 and pmax = 1.000000e+00
0.00027777780780014735
156.60532355308533
Running simulation w/ ws = 7.552245e-01 and pmax = 9.999999e-01
0.00027777775819797326
158.02010869979858
Running simulation w/ ws = 3.064694e-01 and pmax = 9.999999e-01
0.00027777775819797326
164.98398876190186
Running simulation w/ ws = 4.288571e-01 and pmax = 9.999998e-01
0.00027777773470220965
167.1683235168457
Running simulation w/ ws = 5.716429e-01 and pmax = 9.999998e-01
0.0002777777216490085
158.91541934013367
Running simulation w/ ws = 1.636837e-01 and pmax = 1.000000e+00
0.0002777777660298949
162.00561332702637
Running simulation w/ ws = 7.960204e-01 and pmax = 1.000000e+00
0.0002777777973575837
160.762957572937
Running simulation w/ ws = 7.552245e-01 and pmax = 1.000000e+00
0.0002777778417384822
159.8822636604309
Running simulation w/ ws = 8.572143e-01 and pmax = 1.000000e+00
0.00027777783390655844
160.21799159049988
Running simulation w/ ws = 7.960204e-01 and pmax = 1.000000e+00
0.0002777778234639937
160.4280276298523
Running simulation w/ ws = 4.129592e-02 and pmax = 1.000000e+00
0.0002777777947469428
159.94197869300842
Running simulation w/ ws = 1.432857e-01 and pmax = 1.000000e+00
0.0002777777660298949
161.85299611091614
Running simulation w/ ws = 2.044796e-01 and pmax = 1.000000e+00
0.0002777777895256611
159.83568000793457
Running simulation w/ ws = 5.920408e-01 and pmax = 9.999999e-01
0.00027777775558733277
160.37083268165588
Running simulation w/ ws = 5.308469e-01 and pmax = 9.999999e-01
0.00027777775036605184
160.53126907348633
Running simulation w/ ws = 1.228878e-01 and pmax = 1.000000e+00
0.0002777778130214294
162.9722454547882
Running simulation w/ ws = 8.368163e-01 and pmax = 9.999999e-01
0.00027777773731284993
159.53188252449036
Running simulation w/ ws = 4.900510e-01 and pmax = 1.000000e+00
0.0002777778025788655
161.88460326194763
Running simulation w/ ws = 4.288571e-01 and pmax = 1.000000e+00
0.0002777777895256611
158.21925902366638
Running simulation w/ ws = 3.676633e-01 and pmax = 9.999999e-01
0.000277777745144771
158.84999704360962
Running simulation w/ ws = 3.064694e-01 and pmax = 1.000000e+00
0.0002777778025788655
158.57673144340515
Running simulation w/ ws = 8.572143e-01 and pmax = 9.999999e-01
0.000277777745144771
160.38764834403992
Running simulation w/ ws = 4.084592e-01 and pmax = 9.999999e-01
0.00027777775819797326
159.11726760864258
Running simulation w/ ws = 4.129592e-02 and pmax = 9.999999e-01
0.0002777777477554114
160.988365650177
Running simulation w/ ws = 9.388061e-01 and pmax = 9.999998e-01
0.0002777777216490085
157.90748167037964
Running simulation w/ ws = 8.572143e-01 and pmax = 9.999998e-01
0.0002777777138170881
158.49554300308228
Running simulation w/ ws = 3.064694e-01 and pmax = 9.999999e-01
0.000277777745144771
162.70230317115784
Running simulation w/ ws = 8.164184e-01 and pmax = 9.999999e-01
0.00027777776080861375
160.3722264766693
Running simulation w/ ws = 8.209184e-02 and pmax = 9.999998e-01
0.0002777777320915694
159.12938475608826
Running simulation w/ ws = 8.980102e-01 and pmax = 9.999998e-01
0.0002777777268702889
160.63934111595154
Running simulation w/ ws = 4.084592e-01 and pmax = 9.999999e-01
0.0002777777477554114
158.5594346523285
Running simulation w/ ws = 5.920408e-01 and pmax = 1.000000e+00
0.0002777778208533526
159.33690333366394
Running simulation w/ ws = 8.776122e-01 and pmax = 1.000000e+00
0.0002777777843043796
156.54505133628845
Running simulation w/ ws = 4.492551e-01 and pmax = 1.000000e+00
0.0002777778234639937
159.13269782066345
Running simulation w/ ws = 2.248776e-01 and pmax = 9.999998e-01
0.00027777772425964867
158.86463022232056
159.2587640285492
83.39559888839722
74.63081645965576
Running simulation w/ ws = 4.492551e-01 and pmax = 9.999999e-01
0.00027777776080861375
Running simulation w/ ws = 4.900510e-01 and pmax = 1.000000e+00
0.00027777779213630197
Running simulation w/ ws = 4.492551e-01 and pmax = 9.999998e-01
0.00027777772425964867
Running simulation w/ ws = 8.368163e-01 and pmax = 1.000000e+00
0.00027777783651719963
158.4723436832428
Running simulation w/ ws = 5.104490e-01 and pmax = 9.999998e-01
0.00027777771903836834
158.6330051422119
Running simulation w/ ws = 8.776122e-01 and pmax = 9.999999e-01
0.00027777775558733277
159.81530809402466
Running simulation w/ ws = 8.164184e-01 and pmax = 9.999998e-01
0.0002777777216490085
161.354350566864
Running simulation w/ ws = 6.124388e-01 and pmax = 1.000000e+00
0.00027777777908309816
158.4621057510376
Running simulation w/ ws = 8.572143e-01 and pmax = 9.999999e-01
0.00027777773731284993
159.23411536216736
Running simulation w/ ws = 5.104490e-01 and pmax = 1.000000e+00
0.0002777778417384822
159.57312512397766
Running simulation w/ ws = 6.940306e-01 and pmax = 1.000000e+00
0.0002777777973575837
160.1515016555786
Running simulation w/ ws = 5.512449e-01 and pmax = 1.000000e+00
0.00027777783390655844
158.02146434783936
Running simulation w/ ws = 6.124388e-01 and pmax = 9.999999e-01
0.00027777775558733277
159.60710453987122
Running simulation w/ ws = 6.940306e-01 and pmax = 1.000000e+00
0.0002777778104107884
161.1792016029358
Running simulation w/ ws = 5.308469e-01 and pmax = 1.000000e+00
0.0002777778417384822
162.72203969955444
Running simulation w/ ws = 1.000000e+00 and pmax = 9.999999e-01
0.0002777777529766923
160.35913467407227
Running simulation w/ ws = 4.492551e-01 and pmax = 1.000000e+00
0.0002777777947469428
160.0242097377777
Running simulation w/ ws = 3.676633e-01 and pmax = 1.000000e+00
0.0002777777764724574
160.51044034957886
Running simulation w/ ws = 5.104490e-01 and pmax = 1.000000e+00
0.0002777777895256611
161.76518177986145
Running simulation w/ ws = 5.104490e-01 and pmax = 1.000000e+00
0.0002777778391278409
162.20576190948486
Running simulation w/ ws = 5.716429e-01 and pmax = 1.000000e+00
0.0002777777712511761
161.80037021636963
Running simulation w/ ws = 1.840816e-01 and pmax = 9.999998e-01
0.0002777777294809291
162.8594310283661
Running simulation w/ ws = 2.089796e-02 and pmax = 1.000000e+00
0.0002777777999682245
163.35701608657837
Running simulation w/ ws = 8.368163e-01 and pmax = 1.000000e+00
0.0002777778130214294
159.26550889015198
Running simulation w/ ws = 5.716429e-01 and pmax = 1.000000e+00
0.00027777780780014735
158.06006264686584
Running simulation w/ ws = 5.308469e-01 and pmax = 1.000000e+00
0.0002777777686405355
162.8412959575653
Running simulation w/ ws = 4.492551e-01 and pmax = 1.000000e+00
0.00027777783651719963
162.84408020973206
Running simulation w/ ws = 3.472653e-01 and pmax = 9.999998e-01
0.0002777777216490085
159.8147428035736
Running simulation w/ ws = 6.736327e-01 and pmax = 9.999999e-01
0.00027777773731284993
161.50392246246338
Running simulation w/ ws = 2.248776e-01 and pmax = 1.000000e+00
0.0002777778312959172
159.16329383850098
Running simulation w/ ws = 3.268673e-01 and pmax = 1.000000e+00
0.00027777779213630197
160.08477783203125
Running simulation w/ ws = 5.512449e-01 and pmax = 1.000000e+00
0.00027777778691502034
158.7269434928894
Running simulation w/ ws = 1.840816e-01 and pmax = 9.999998e-01
0.0002777777216490085
158.63864302635193
Running simulation w/ ws = 5.716429e-01 and pmax = 1.000000e+00
0.0002777778391278409
159.93318390846252
Running simulation w/ ws = 4.696531e-01 and pmax = 1.000000e+00
0.0002777777660298949
160.9452350139618
Running simulation w/ ws = 8.209184e-02 and pmax = 1.000000e+00
0.0002777778234639937
157.34533190727234
Running simulation w/ ws = 8.980102e-01 and pmax = 9.999998e-01
0.0002777777320915694
158.65844130516052
Running simulation w/ ws = 5.512449e-01 and pmax = 1.000000e+00
0.00027777781563207045
161.4327907562256
158.83438515663147
81.96202898025513
81.80388331413269
Running simulation w/ ws = 6.169388e-02 and pmax = 9.999998e-01
0.0002777777268702889
Running simulation w/ ws = 7.960204e-01 and pmax = 1.000000e+00
0.0002777777999682245
Running simulation w/ ws = 5.308469e-01 and pmax = 1.000000e+00
0.0002777778234639937
Running simulation w/ ws = 2.248776e-01 and pmax = 9.999998e-01
0.00027777771903836834
153.93951749801636
Running simulation w/ ws = 5.104490e-01 and pmax = 1.000000e+00
0.0002777777764724574
160.57310247421265
Running simulation w/ ws = 7.348265e-01 and pmax = 9.999999e-01
0.00027777773731284993
165.5274040699005
Running simulation w/ ws = 6.736327e-01 and pmax = 1.000000e+00
0.0002777778051895064
167.76487374305725
Running simulation w/ ws = 1.432857e-01 and pmax = 9.999999e-01
0.0002777777529766923
159.9421031475067
Running simulation w/ ws = 3.064694e-01 and pmax = 9.999998e-01
0.0002777777216490085
160.53451776504517
Running simulation w/ ws = 1.024898e-01 and pmax = 1.000000e+00
0.000277777828685276
160.3195195198059
Running simulation w/ ws = 8.209184e-02 and pmax = 1.000000e+00
0.0002777778208533526
160.89236521720886
Running simulation w/ ws = 1.228878e-01 and pmax = 1.000000e+00
0.00027777783390655844
160.05016255378723
Running simulation w/ ws = 1.636837e-01 and pmax = 9.999998e-01
0.0002777777294809291
161.15706276893616
Running simulation w/ ws = 5.000000e-04 and pmax = 1.000000e+00
0.0002777778051895064
162.44022250175476
Running simulation w/ ws = 5.716429e-01 and pmax = 1.000000e+00
0.0002777777843043796
161.83241868019104
Running simulation w/ ws = 4.129592e-02 and pmax = 1.000000e+00
0.0002777777843043796
157.26047110557556
Running simulation w/ ws = 7.144286e-01 and pmax = 1.000000e+00
0.0002777778391278409
166.5771062374115
Running simulation w/ ws = 3.268673e-01 and pmax = 9.999998e-01
0.0002777777320915694
157.8020534515381
Running simulation w/ ws = 3.676633e-01 and pmax = 1.000000e+00
0.00027777778169373887
157.99418663978577
Running simulation w/ ws = 8.164184e-01 and pmax = 9.999999e-01
0.00027777773731284993
160.08124232292175
Running simulation w/ ws = 8.368163e-01 and pmax = 9.999998e-01
0.0002777777164277282
160.80516457557678
Running simulation w/ ws = 3.676633e-01 and pmax = 9.999998e-01
0.0002777777164277282
159.82318139076233
Running simulation w/ ws = 2.452755e-01 and pmax = 1.000000e+00
0.00027777778169373887
159.14818263053894
Running simulation w/ ws = 4.696531e-01 and pmax = 1.000000e+00
0.0002777777895256611
159.10094237327576
Running simulation w/ ws = 8.209184e-02 and pmax = 1.000000e+00
0.00027777777386181674
160.81848549842834
Running simulation w/ ws = 1.636837e-01 and pmax = 1.000000e+00
0.0002777777712511761
160.59919595718384
Running simulation w/ ws = 3.268673e-01 and pmax = 1.000000e+00
0.00027777777908309816
159.0552794933319
Running simulation w/ ws = 8.980102e-01 and pmax = 9.999998e-01
0.0002777777294809291
162.09809684753418
Running simulation w/ ws = 8.368163e-01 and pmax = 9.999998e-01
0.00027777773470220965
162.23853206634521
Running simulation w/ ws = 5.512449e-01 and pmax = 1.000000e+00
0.00027777782607463485
158.62791395187378
Running simulation w/ ws = 3.268673e-01 and pmax = 9.999998e-01
0.00027777772425964867
161.3789768218994
Running simulation w/ ws = 8.164184e-01 and pmax = 1.000000e+00
0.0002777778417384822
160.00643491744995
Running simulation w/ ws = 3.676633e-01 and pmax = 9.999998e-01
0.00027777771903836834
159.95408987998962
Running simulation w/ ws = 1.000000e+00 and pmax = 1.000000e+00
0.0002777777999682245
162.47896790504456
Running simulation w/ ws = 5.920408e-01 and pmax = 1.000000e+00
0.00027777783651719963
158.83368587493896
Running simulation w/ ws = 3.472653e-01 and pmax = 9.999999e-01
0.00027777775819797326
159.68349981307983
Running simulation w/ ws = 2.452755e-01 and pmax = 1.000000e+00
0.00027777783390655844
159.1992208957672
160.01461696624756
160.68341493606567
38.28322100639343
Running simulation w/ ws = 6.328367e-01 and pmax = 9.999998e-01
0.00027777771903836834
Running simulation w/ ws = 8.776122e-01 and pmax = 9.999999e-01
0.00027777774253413064
Running simulation w/ ws = 2.452755e-01 and pmax = 1.000000e+00
0.00027777780780014735
Running simulation w/ ws = 3.268673e-01 and pmax = 9.999998e-01
0.0002777777294809291
159.45548677444458
Running simulation w/ ws = 1.228878e-01 and pmax = 1.000000e+00
0.00027777783651719963
159.81957745552063
Running simulation w/ ws = 8.164184e-01 and pmax = 1.000000e+00
0.00027777782607463485
160.29692125320435
Running simulation w/ ws = 9.184082e-01 and pmax = 9.999998e-01
0.00027777773470220965
164.6852285861969
Running simulation w/ ws = 1.840816e-01 and pmax = 9.999998e-01
0.0002777777268702889
159.2908229827881
Running simulation w/ ws = 5.308469e-01 and pmax = 1.000000e+00
0.0002777778051895064
160.32256317138672
Running simulation w/ ws = 7.756224e-01 and pmax = 1.000000e+00
0.00027777783651719963
161.08441257476807
Running simulation w/ ws = 3.676633e-01 and pmax = 9.999998e-01
0.0002777777216490085
161.5870237350464
Running simulation w/ ws = 1.024898e-01 and pmax = 9.999998e-01
0.0002777777268702889
160.3650140762329
Running simulation w/ ws = 8.572143e-01 and pmax = 1.000000e+00
0.0002777778234639937
160.14522171020508
Running simulation w/ ws = 6.940306e-01 and pmax = 1.000000e+00
0.00027777778169373887
160.72703170776367
Running simulation w/ ws = 8.209184e-02 and pmax = 9.999998e-01
0.0002777777216490085
160.48665833473206
Running simulation w/ ws = 1.000000e+00 and pmax = 9.999999e-01
0.00027777775036605184
158.98137593269348
Running simulation w/ ws = 9.592041e-01 and pmax = 9.999999e-01
0.00027777775819797326
160.57517552375793
Running simulation w/ ws = 7.348265e-01 and pmax = 1.000000e+00
0.0002777778417384822
160.92402982711792
Running simulation w/ ws = 8.980102e-01 and pmax = 1.000000e+00
0.00027777783651719963
160.91958284378052
Running simulation w/ ws = 8.572143e-01 and pmax = 1.000000e+00
0.0002777778417384822
160.0163609981537
Running simulation w/ ws = 5.512449e-01 and pmax = 1.000000e+00
0.00027777781824271154
160.77475500106812
Running simulation w/ ws = 1.228878e-01 and pmax = 9.999999e-01
0.0002777777529766923
160.92006158828735
Running simulation w/ ws = 8.209184e-02 and pmax = 9.999999e-01
0.00027777773731284993
160.75164413452148
Running simulation w/ ws = 2.452755e-01 and pmax = 1.000000e+00
0.0002777777843043796
158.89506220817566
Running simulation w/ ws = 7.144286e-01 and pmax = 9.999998e-01
0.0002777777216490085
159.8108286857605
Running simulation w/ ws = 8.368163e-01 and pmax = 1.000000e+00
0.0002777778234639937
160.74314546585083
Running simulation w/ ws = 5.920408e-01 and pmax = 1.000000e+00
0.0002777777686405355
160.49231100082397
Running simulation w/ ws = 9.796020e-01 and pmax = 1.000000e+00
0.00027777778169373887
158.93260622024536
Running simulation w/ ws = 2.089796e-02 and pmax = 9.999999e-01
0.00027777773992349026
161.53990077972412
Running simulation w/ ws = 4.288571e-01 and pmax = 9.999998e-01
0.0002777777294809291
160.48711514472961
Running simulation w/ ws = 3.676633e-01 and pmax = 1.000000e+00
0.0002777778130214294
159.7843656539917
Running simulation w/ ws = 4.696531e-01 and pmax = 1.000000e+00
0.00027777777908309816
151.59808778762817
Running simulation w/ ws = 4.129592e-02 and pmax = 9.999999e-01
0.0002777777529766923
151.3546392917633
Running simulation w/ ws = 8.980102e-01 and pmax = 1.000000e+00
0.00027777778169373887
169.06958317756653
Running simulation w/ ws = 6.328367e-01 and pmax = 9.999999e-01
0.00027777773731284993
170.9807789325714
Running simulation w/ ws = 3.268673e-01 and pmax = 1.000000e+00
0.0002777777895256611
157.2834813594818
Running simulation w/ ws = 5.308469e-01 and pmax = 1.000000e+00
0.00027777777386181674
156.01738214492798
Running simulation w/ ws = 3.676633e-01 and pmax = 1.000000e+00
0.0002777777947469428
157.15231108665466
174.4396734237671
80.9715404510498
77.63537788391113
Running simulation w/ ws = 4.129592e-02 and pmax = 9.999998e-01
0.0002777777320915694
Running simulation w/ ws = 4.900510e-01 and pmax = 1.000000e+00
0.00027777778691502034
Running simulation w/ ws = 5.512449e-01 and pmax = 9.999998e-01
0.00027777773470220965
Running simulation w/ ws = 5.512449e-01 and pmax = 9.999998e-01
0.0002777777216490085
159.80164527893066
159.88197469711304
Running simulation w/ ws = 6.532347e-01 and pmax = 1.000000e+00
0.0002777777712511761
Running simulation w/ ws = 2.656735e-01 and pmax = 9.999999e-01
0.00027777776341925435
160.78296566009521
Running simulation w/ ws = 1.000000e+00 and pmax = 9.999999e-01
0.00027777775558733277
161.24964118003845
Running simulation w/ ws = 3.880612e-01 and pmax = 1.000000e+00
0.00027777777908309816
159.08905792236328
Running simulation w/ ws = 9.184082e-01 and pmax = 9.999999e-01
0.00027777773731284993
158.4612774848938
Running simulation w/ ws = 4.492551e-01 and pmax = 1.000000e+00
0.0002777777712511761
159.68468117713928
Running simulation w/ ws = 1.000000e+00 and pmax = 9.999999e-01
0.000277777745144771
160.1049361228943
Running simulation w/ ws = 2.656735e-01 and pmax = 1.000000e+00
0.0002777778104107884
158.090665102005
158.39683866500854
Running simulation w/ ws = 5.000000e-04 and pmax = 1.000000e+00
0.0002777778312959172
Running simulation w/ ws = 2.452755e-01 and pmax = 1.000000e+00
0.0002777777973575837
160.1311342716217
Running simulation w/ ws = 8.209184e-02 and pmax = 9.999999e-01
0.00027777775558733277
161.5065143108368
Running simulation w/ ws = 1.432857e-01 and pmax = 1.000000e+00
0.0002777777895256611
158.61033606529236
Running simulation w/ ws = 1.024898e-01 and pmax = 1.000000e+00
0.0002777778391278409
158.64578676223755
Running simulation w/ ws = 3.472653e-01 and pmax = 1.000000e+00
0.0002777777686405355
159.6985297203064
Running simulation w/ ws = 1.228878e-01 and pmax = 9.999998e-01
0.0002777777164277282
159.84519410133362
Running simulation w/ ws = 4.696531e-01 and pmax = 9.999998e-01
0.00027777771903836834
156.80818605422974
Running simulation w/ ws = 7.144286e-01 and pmax = 9.999999e-01
0.00027777775036605184
157.4362916946411
Running simulation w/ ws = 9.184082e-01 and pmax = 1.000000e+00
0.00027777782607463485
160.48757791519165
Running simulation w/ ws = 3.064694e-01 and pmax = 9.999998e-01
0.00027777771903836834
159.0522689819336
Running simulation w/ ws = 2.452755e-01 and pmax = 1.000000e+00
0.00027777783651719963
151.2531921863556
Running simulation w/ ws = 9.388061e-01 and pmax = 9.999998e-01
0.00027777771903836834
151.20961928367615
Running simulation w/ ws = 2.860714e-01 and pmax = 1.000000e+00
0.0002777778391278409
167.99085974693298
Running simulation w/ ws = 6.328367e-01 and pmax = 1.000000e+00
0.0002777777947469428
168.96692752838135
Running simulation w/ ws = 7.348265e-01 and pmax = 9.999998e-01
0.0002777777216490085
159.2909951210022
Running simulation w/ ws = 5.920408e-01 and pmax = 1.000000e+00
0.0002777777947469428
159.23894047737122
Running simulation w/ ws = 8.776122e-01 and pmax = 1.000000e+00
0.0002777778104107884
158.03261733055115
Running simulation w/ ws = 4.129592e-02 and pmax = 1.000000e+00
0.0002777777686405355
159.05621123313904
Running simulation w/ ws = 6.124388e-01 and pmax = 1.000000e+00
0.00027777781563207045
160.29475140571594
Running simulation w/ ws = 1.228878e-01 and pmax = 9.999998e-01
0.0002777777294809291
160.47215723991394
Running simulation w/ ws = 3.268673e-01 and pmax = 9.999999e-01
0.000277777745144771
157.88892030715942
Running simulation w/ ws = 1.000000e+00 and pmax = 9.999999e-01
0.00027777776080861375
158.97064685821533
Running simulation w/ ws = 9.592041e-01 and pmax = 1.000000e+00
0.0002777778417384822
161.48288750648499
Running simulation w/ ws = 7.960204e-01 and pmax = 1.000000e+00
0.00027777782607463485
160.20914006233215
Running simulation w/ ws = 6.940306e-01 and pmax = 1.000000e+00
0.00027777783651719963
158.19731068611145
Running simulation w/ ws = 2.860714e-01 and pmax = 9.999999e-01
0.00027777775558733277
157.8612825870514
Running simulation w/ ws = 6.736327e-01 and pmax = 1.000000e+00
0.0002777778417384822
147.74192929267883
150.61200404167175
152.94646000862122
147.4666199684143
Running simulation w/ ws = 6.532347e-01 and pmax = 1.000000e+00
0.00027777779213630197
Running simulation w/ ws = 6.328367e-01 and pmax = 1.000000e+00
0.0002777777843043796
Running simulation w/ ws = 5.000000e-04 and pmax = 1.000000e+00
0.0002777777686405355
Running simulation w/ ws = 2.248776e-01 and pmax = 1.000000e+00
0.0002777777660298949
158.7679660320282
158.83471059799194
Running simulation w/ ws = 8.980102e-01 and pmax = 9.999998e-01
0.0002777777216490085
Running simulation w/ ws = 3.064694e-01 and pmax = 1.000000e+00
0.00027777777908309816
160.9428722858429
Running simulation w/ ws = 2.044796e-01 and pmax = 9.999998e-01
0.0002777777216490085
162.00724124908447
Running simulation w/ ws = 1.024898e-01 and pmax = 1.000000e+00
0.00027777779213630197
158.76844096183777
Running simulation w/ ws = 4.900510e-01 and pmax = 1.000000e+00
0.000277777828685276
160.07521891593933
Running simulation w/ ws = 7.756224e-01 and pmax = 1.000000e+00
0.0002777777843043796
160.50316095352173
Running simulation w/ ws = 3.676633e-01 and pmax = 1.000000e+00
0.00027777783390655844
160.42458653450012
Running simulation w/ ws = 2.452755e-01 and pmax = 1.000000e+00
0.00027777782607463485
159.37175107002258
Running simulation w/ ws = 8.164184e-01 and pmax = 1.000000e+00
0.0002777777712511761
160.2448000907898
Running simulation w/ ws = 5.512449e-01 and pmax = 9.999998e-01
0.00027777771903836834
159.53157353401184
Running simulation w/ ws = 7.756224e-01 and pmax = 9.999998e-01
0.0002777777216490085
160.59983921051025
Running simulation w/ ws = 8.164184e-01 and pmax = 1.000000e+00
0.00027777778691502034
158.7223572731018
Running simulation w/ ws = 5.512449e-01 and pmax = 1.000000e+00
0.00027777779213630197
159.68849301338196
Running simulation w/ ws = 8.368163e-01 and pmax = 1.000000e+00
0.0002777777999682245
160.31082034111023
Running simulation w/ ws = 3.064694e-01 and pmax = 1.000000e+00
0.00027777781563207045
161.46930408477783
Running simulation w/ ws = 5.512449e-01 and pmax = 9.999998e-01
0.00027777772425964867
159.0485498905182
Running simulation w/ ws = 7.756224e-01 and pmax = 1.000000e+00
0.00027777777908309816
160.6281168460846
Running simulation w/ ws = 5.920408e-01 and pmax = 1.000000e+00
0.0002777777660298949
160.0754714012146
Running simulation w/ ws = 3.268673e-01 and pmax = 9.999998e-01
0.00027777771903836834
160.29259490966797
Running simulation w/ ws = 4.129592e-02 and pmax = 1.000000e+00
0.0002777777764724574
159.50394368171692
Running simulation w/ ws = 8.776122e-01 and pmax = 1.000000e+00
0.0002777777999682245
159.5381019115448
Running simulation w/ ws = 7.960204e-01 and pmax = 9.999998e-01
0.00027777771903836834
159.90771746635437
Running simulation w/ ws = 8.776122e-01 and pmax = 1.000000e+00
0.00027777781824271154
160.78127932548523
Running simulation w/ ws = 4.696531e-01 and pmax = 1.000000e+00
0.0002777778391278409
159.54310393333435
Running simulation w/ ws = 7.552245e-01 and pmax = 1.000000e+00
0.0002777778051895064
160.29986834526062
Running simulation w/ ws = 9.592041e-01 and pmax = 1.000000e+00
0.00027777777908309816
160.17811155319214
Running simulation w/ ws = 2.656735e-01 and pmax = 9.999999e-01
0.0002777777477554114
160.25705742835999
Running simulation w/ ws = 6.940306e-01 and pmax = 1.000000e+00
0.0002777778417384822
161.22949862480164
Running simulation w/ ws = 5.512449e-01 and pmax = 1.000000e+00
0.0002777778208533526
162.33945775032043
Running simulation w/ ws = 9.796020e-01 and pmax = 9.999999e-01
0.00027777775558733277
161.5723385810852
Running simulation w/ ws = 3.472653e-01 and pmax = 1.000000e+00
0.0002777777999682245
163.836998462677
Running simulation w/ ws = 1.024898e-01 and pmax = 1.000000e+00
0.0002777777895256611
158.6912682056427
Running simulation w/ ws = 2.044796e-01 and pmax = 1.000000e+00
0.00027777782607463485
158.24302411079407
Running simulation w/ ws = 5.920408e-01 and pmax = 9.999999e-01
0.00027777776341925435
161.35963797569275
Running simulation w/ ws = 1.432857e-01 and pmax = 9.999998e-01
0.0002777777320915694
161.07851123809814
113.59197688102722
111.90554428100586
123.58651304244995
Running simulation w/ ws = 6.124388e-01 and pmax = 1.000000e+00
0.0002777777712511761
Running simulation w/ ws = 4.492551e-01 and pmax = 1.000000e+00
0.0002777778208533526
Running simulation w/ ws = 3.268673e-01 and pmax = 9.999998e-01
0.00027777773470220965
Running simulation w/ ws = 3.064694e-01 and pmax = 9.999998e-01
0.0002777777268702889
155.21456480026245
Running simulation w/ ws = 9.592041e-01 and pmax = 9.999998e-01
0.00027777772425964867
155.41205596923828
Running simulation w/ ws = 3.880612e-01 and pmax = 1.000000e+00
0.0002777778312959172
158.67889428138733
Running simulation w/ ws = 5.920408e-01 and pmax = 9.999998e-01
0.0002777777268702889
174.06089448928833
Running simulation w/ ws = 2.860714e-01 and pmax = 1.000000e+00
0.00027777783390655844
159.5852780342102
Running simulation w/ ws = 5.000000e-04 and pmax = 1.000000e+00
0.0002777777712511761
160.47218656539917
Running simulation w/ ws = 7.960204e-01 and pmax = 1.000000e+00
0.00027777777386181674
158.82439947128296
Running simulation w/ ws = 1.000000e+00 and pmax = 1.000000e+00
0.0002777777764724574
159.17934584617615
Running simulation w/ ws = 1.024898e-01 and pmax = 1.000000e+00
0.0002777778104107884
160.46814227104187
Running simulation w/ ws = 3.880612e-01 and pmax = 9.999999e-01
0.00027777776080861375
160.73184967041016
Running simulation w/ ws = 4.696531e-01 and pmax = 9.999998e-01
0.0002777777268702889
160.4823625087738
Running simulation w/ ws = 7.144286e-01 and pmax = 1.000000e+00
0.00027777781563207045
157.35000348091125
Running simulation w/ ws = 7.144286e-01 and pmax = 9.999999e-01
0.00027777776080861375
159.59119868278503
Running simulation w/ ws = 8.209184e-02 and pmax = 1.000000e+00
0.0002777778051895064
159.90171694755554
158.59701204299927
Running simulation w/ ws = 3.472653e-01 and pmax = 9.999999e-01
0.00027777776080861375
Running simulation w/ ws = 8.980102e-01 and pmax = 1.000000e+00
0.0002777778208533526
158.7652769088745
Running simulation w/ ws = 3.064694e-01 and pmax = 1.000000e+00
0.00027777781824271154
158.32224345207214
Running simulation w/ ws = 2.089796e-02 and pmax = 1.000000e+00
0.0002777777712511761
160.77075719833374
Running simulation w/ ws = 2.452755e-01 and pmax = 1.000000e+00
0.0002777778025788655
160.20759105682373
Running simulation w/ ws = 4.084592e-01 and pmax = 9.999999e-01
0.00027777776080861375
158.91082620620728
Running simulation w/ ws = 5.308469e-01 and pmax = 9.999999e-01
0.00027777774253413064
158.09256100654602
Running simulation w/ ws = 6.328367e-01 and pmax = 1.000000e+00
0.0002777777895256611
159.54399037361145
Running simulation w/ ws = 2.089796e-02 and pmax = 9.999998e-01
0.0002777777294809291
161.0745747089386
Running simulation w/ ws = 8.980102e-01 and pmax = 1.000000e+00
0.000277777828685276
158.06881380081177
Running simulation w/ ws = 3.880612e-01 and pmax = 9.999998e-01
0.0002777777294809291
159.2306649684906
Running simulation w/ ws = 8.164184e-01 and pmax = 1.000000e+00
0.00027777780780014735
158.56747102737427
Running simulation w/ ws = 3.064694e-01 and pmax = 9.999999e-01
0.00027777775558733277
160.81490182876587
Running simulation w/ ws = 5.512449e-01 and pmax = 9.999999e-01
0.00027777776341925435
158.25579476356506
Running simulation w/ ws = 4.492551e-01 and pmax = 9.999998e-01
0.00027777771903836834
158.79208755493164
Running simulation w/ ws = 4.900510e-01 and pmax = 1.000000e+00
0.00027777781824271154
161.08216738700867
Running simulation w/ ws = 7.348265e-01 and pmax = 9.999998e-01
0.0002777777320915694
160.5923433303833
Running simulation w/ ws = 9.388061e-01 and pmax = 9.999998e-01
0.0002777777268702889
158.2313210964203
Running simulation w/ ws = 4.288571e-01 and pmax = 9.999999e-01
0.000277777745144771
158.31034970283508
Running simulation w/ ws = 6.532347e-01 and pmax = 1.000000e+00
0.00027777778691502034
160.40433430671692
Running simulation w/ ws = 3.064694e-01 and pmax = 1.000000e+00
0.0002777777686405355
161.5705680847168
Running simulation w/ ws = 8.209184e-02 and pmax = 1.000000e+00
0.00027777783390655844
158.01175475120544
Running simulation w/ ws = 9.592041e-01 and pmax = 1.000000e+00
0.0002777777843043796
148.93745112419128
147.05024647712708
144.84279084205627
144.7593276500702
Running simulation w/ ws = 4.084592e-01 and pmax = 1.000000e+00
0.0002777778104107884
Running simulation w/ ws = 9.592041e-01 and pmax = 1.000000e+00
0.0002777778051895064
Running simulation w/ ws = 3.268673e-01 and pmax = 1.000000e+00
0.0002777778104107884
Running simulation w/ ws = 5.308469e-01 and pmax = 9.999998e-01
0.00027777772425964867
157.73230838775635
Running simulation w/ ws = 2.248776e-01 and pmax = 1.000000e+00
0.00027777777908309816
159.24922490119934
Running simulation w/ ws = 2.452755e-01 and pmax = 1.000000e+00
0.00027777778691502034
160.35645174980164
Running simulation w/ ws = 2.656735e-01 and pmax = 1.000000e+00
0.00027777782607463485
161.90630793571472
Running simulation w/ ws = 2.452755e-01 and pmax = 9.999999e-01
0.00027777775036605184
160.44004154205322
Running simulation w/ ws = 9.796020e-01 and pmax = 9.999999e-01
0.00027777775819797326
160.5236554145813
Running simulation w/ ws = 8.980102e-01 and pmax = 9.999999e-01
0.00027777776080861375
162.57404041290283
Running simulation w/ ws = 2.860714e-01 and pmax = 1.000000e+00
0.0002777778051895064
160.69160890579224
Running simulation w/ ws = 7.552245e-01 and pmax = 1.000000e+00
0.00027777778691502034
157.92317700386047
Running simulation w/ ws = 1.432857e-01 and pmax = 9.999998e-01
0.00027777771903836834
160.4086298942566
Running simulation w/ ws = 3.064694e-01 and pmax = 1.000000e+00
0.0002777778417384822
158.83708119392395
Running simulation w/ ws = 5.716429e-01 and pmax = 1.000000e+00
0.00027777778691502034
160.85569977760315
Running simulation w/ ws = 6.124388e-01 and pmax = 9.999999e-01
0.00027777775036605184
158.99271392822266
Running simulation w/ ws = 4.129592e-02 and pmax = 1.000000e+00
0.0002777778234639937
160.02137422561646
Running simulation w/ ws = 4.084592e-01 and pmax = 9.999999e-01
0.00027777773731284993
160.82790184020996
Running simulation w/ ws = 5.104490e-01 and pmax = 9.999999e-01
0.00027777775558733277
159.7786989212036
Running simulation w/ ws = 1.228878e-01 and pmax = 1.000000e+00
0.0002777777764724574
159.5636203289032
Running simulation w/ ws = 9.592041e-01 and pmax = 1.000000e+00
0.0002777778130214294
160.25621581077576
Running simulation w/ ws = 7.348265e-01 and pmax = 1.000000e+00
0.0002777777895256611
159.61808276176453
Running simulation w/ ws = 5.308469e-01 and pmax = 9.999999e-01
0.0002777777477554114
160.63284611701965
Running simulation w/ ws = 6.328367e-01 and pmax = 9.999998e-01
0.0002777777216490085
160.0933599472046
Running simulation w/ ws = 5.104490e-01 and pmax = 9.999998e-01
0.0002777777294809291
160.29803919792175
Running simulation w/ ws = 5.512449e-01 and pmax = 1.000000e+00
0.0002777777947469428
161.09138989448547
Running simulation w/ ws = 1.840816e-01 and pmax = 9.999998e-01
0.0002777777320915694
159.99681186676025
Running simulation w/ ws = 8.164184e-01 and pmax = 1.000000e+00
0.00027777778169373887
160.73434948921204
Running simulation w/ ws = 6.532347e-01 and pmax = 1.000000e+00
0.0002777777686405355
160.01368594169617
Running simulation w/ ws = 1.000000e+00 and pmax = 1.000000e+00
0.00027777782607463485
159.64764952659607
Running simulation w/ ws = 6.169388e-02 and pmax = 9.999999e-01
0.000277777745144771
160.02594637870789
Running simulation w/ ws = 1.228878e-01 and pmax = 9.999998e-01
0.0002777777138170881
162.4728546142578
Running simulation w/ ws = 9.388061e-01 and pmax = 1.000000e+00
0.00027777782607463485
159.88498663902283
Running simulation w/ ws = 4.084592e-01 and pmax = 1.000000e+00
0.0002777777686405355
160.86565017700195
Running simulation w/ ws = 5.920408e-01 and pmax = 9.999998e-01
0.0002777777216490085
162.98398327827454
Running simulation w/ ws = 4.696531e-01 and pmax = 1.000000e+00
0.00027777782607463485
159.8506042957306
Running simulation w/ ws = 2.089796e-02 and pmax = 9.999998e-01
0.0002777777164277282
159.7371289730072
Running simulation w/ ws = 6.124388e-01 and pmax = 9.999998e-01
0.0002777777138170881
159.65047669410706
Running simulation w/ ws = 3.880612e-01 and pmax = 1.000000e+00
0.00027777780780014735
160.77440285682678
117.07991194725037
115.11164903640747
114.24239921569824
Running simulation w/ ws = 7.960204e-01 and pmax = 1.000000e+00
0.000277777828685276
Running simulation w/ ws = 4.084592e-01 and pmax = 1.000000e+00
0.0002777778234639937
Running simulation w/ ws = 5.104490e-01 and pmax = 1.000000e+00
0.0002777777973575837
Running simulation w/ ws = 4.696531e-01 and pmax = 1.000000e+00
0.00027777783651719963
157.74748992919922
Running simulation w/ ws = 6.169388e-02 and pmax = 1.000000e+00
0.0002777778234639937
159.52615451812744
159.56994581222534
Running simulation w/ ws = 2.248776e-01 and pmax = 1.000000e+00
0.0002777777764724574
Running simulation w/ ws = 8.572143e-01 and pmax = 1.000000e+00
0.0002777777843043796
160.95918035507202
Running simulation w/ ws = 8.776122e-01 and pmax = 1.000000e+00
0.0002777778417384822
159.20458054542542
Running simulation w/ ws = 8.209184e-02 and pmax = 1.000000e+00
0.0002777778104107884
158.43411231040955
Running simulation w/ ws = 4.696531e-01 and pmax = 1.000000e+00
0.0002777778234639937
158.9809546470642
Running simulation w/ ws = 4.129592e-02 and pmax = 1.000000e+00
0.0002777778051895064
160.29650044441223
Running simulation w/ ws = 1.840816e-01 and pmax = 9.999999e-01
0.00027777775558733277
158.9058117866516
Running simulation w/ ws = 9.796020e-01 and pmax = 1.000000e+00
0.0002777777895256611
158.35634636878967
Running simulation w/ ws = 2.860714e-01 and pmax = 1.000000e+00
0.00027777782607463485
159.04284524917603
Running simulation w/ ws = 5.104490e-01 and pmax = 1.000000e+00
0.00027777783390655844
159.80759191513062
Running simulation w/ ws = 5.000000e-04 and pmax = 1.000000e+00
0.00027777777386181674
158.55926728248596
Running simulation w/ ws = 3.268673e-01 and pmax = 1.000000e+00
0.00027777777386181674
158.09561204910278
Running simulation w/ ws = 5.104490e-01 and pmax = 1.000000e+00
0.0002777778051895064
159.20831823349
Running simulation w/ ws = 6.940306e-01 and pmax = 1.000000e+00
0.00027777777386181674
158.38923287391663
Running simulation w/ ws = 1.024898e-01 and pmax = 1.000000e+00
0.0002777777764724574
158.89661383628845
157.85677480697632
Running simulation w/ ws = 7.756224e-01 and pmax = 1.000000e+00
0.0002777777660298949
Running simulation w/ ws = 2.656735e-01 and pmax = 1.000000e+00
0.0002777777947469428
160.28263306617737
Running simulation w/ ws = 3.676633e-01 and pmax = 1.000000e+00
0.0002777778208533526
161.01148533821106
Running simulation w/ ws = 8.164184e-01 and pmax = 1.000000e+00
0.0002777777895256611
159.78878831863403
Running simulation w/ ws = 4.900510e-01 and pmax = 1.000000e+00
0.00027777777908309816
159.92928552627563
Running simulation w/ ws = 6.169388e-02 and pmax = 1.000000e+00
0.0002777778104107884
159.10395503044128
Running simulation w/ ws = 9.184082e-01 and pmax = 1.000000e+00
0.0002777777660298949
161.4182870388031
Running simulation w/ ws = 8.209184e-02 and pmax = 1.000000e+00
0.0002777777764724574
159.49986362457275
Running simulation w/ ws = 7.552245e-01 and pmax = 1.000000e+00
0.0002777778391278409
159.82613372802734
Running simulation w/ ws = 3.676633e-01 and pmax = 9.999998e-01
0.0002777777268702889
160.70384979248047
Running simulation w/ ws = 2.044796e-01 and pmax = 1.000000e+00
0.00027777778169373887
160.43634581565857
Running simulation w/ ws = 8.164184e-01 and pmax = 9.999999e-01
0.00027777775819797326
160.0982985496521
Running simulation w/ ws = 6.940306e-01 and pmax = 1.000000e+00
0.0002777777686405355
161.01007771492004
Running simulation w/ ws = 8.776122e-01 and pmax = 9.999999e-01
0.0002777777529766923
160.4625701904297
Running simulation w/ ws = 2.089796e-02 and pmax = 1.000000e+00
0.0002777777843043796
160.72808575630188
Running simulation w/ ws = 9.796020e-01 and pmax = 1.000000e+00
0.0002777777764724574
160.84049010276794
Running simulation w/ ws = 5.104490e-01 and pmax = 9.999998e-01
0.00027777773470220965
160.52671813964844
Running simulation w/ ws = 9.796020e-01 and pmax = 1.000000e+00
0.00027777782607463485
162.15278315544128
Running simulation w/ ws = 4.288571e-01 and pmax = 1.000000e+00
0.0002777777973575837
160.5771656036377
112.30118203163147
116.14643955230713
113.99043655395508
Running simulation w/ ws = 5.000000e-04 and pmax = 9.999998e-01
0.0002777777294809291
Running simulation w/ ws = 4.288571e-01 and pmax = 1.000000e+00
0.0002777778312959172
Running simulation w/ ws = 1.636837e-01 and pmax = 9.999999e-01
0.00027777776080861375
Running simulation w/ ws = 7.756224e-01 and pmax = 9.999999e-01
0.00027777775036605184
156.87750387191772
Running simulation w/ ws = 9.796020e-01 and pmax = 1.000000e+00
0.00027777783651719963
157.32397842407227
Running simulation w/ ws = 5.512449e-01 and pmax = 9.999998e-01
0.0002777777164277282
158.366614818573
Running simulation w/ ws = 1.000000e+00 and pmax = 9.999998e-01
0.0002777777294809291
163.1128647327423
Running simulation w/ ws = 7.348265e-01 and pmax = 1.000000e+00
0.0002777778391278409
157.39521408081055
Running simulation w/ ws = 7.960204e-01 and pmax = 1.000000e+00
0.00027777783390655844
158.83223748207092
Running simulation w/ ws = 4.492551e-01 and pmax = 9.999999e-01
0.00027777776341925435
156.38648390769958
Running simulation w/ ws = 6.532347e-01 and pmax = 1.000000e+00
0.0002777778417384822
161.87474513053894
Running simulation w/ ws = 1.840816e-01 and pmax = 9.999998e-01
0.00027777772425964867
157.3360095024109
Running simulation w/ ws = 7.756224e-01 and pmax = 9.999998e-01
0.0002777777320915694
157.47225213050842
Running simulation w/ ws = 7.552245e-01 and pmax = 9.999998e-01
0.0002777777294809291
160.81281924247742
Running simulation w/ ws = 2.248776e-01 and pmax = 1.000000e+00
0.0002777777947469428
159.90503859519958
Running simulation w/ ws = 4.288571e-01 and pmax = 1.000000e+00
0.0002777777686405355
157.7259693145752
Running simulation w/ ws = 4.696531e-01 and pmax = 1.000000e+00
0.0002777777712511761
157.3942277431488
Running simulation w/ ws = 2.248776e-01 and pmax = 9.999999e-01
0.00027777776080861375
158.932710647583
Running simulation w/ ws = 4.492551e-01 and pmax = 9.999999e-01
0.00027777775558733277
160.45518946647644
Running simulation w/ ws = 1.636837e-01 and pmax = 1.000000e+00
0.0002777777843043796
158.4067041873932
Running simulation w/ ws = 6.328367e-01 and pmax = 9.999999e-01
0.0002777777529766923
156.58817052841187
Running simulation w/ ws = 5.308469e-01 and pmax = 9.999998e-01
0.0002777777320915694
158.02453231811523
Running simulation w/ ws = 2.860714e-01 and pmax = 9.999998e-01
0.0002777777320915694
160.30914568901062
Running simulation w/ ws = 2.656735e-01 and pmax = 1.000000e+00
0.00027777783651719963
158.67952156066895
Running simulation w/ ws = 9.796020e-01 and pmax = 1.000000e+00
0.0002777777686405355
157.67335724830627
Running simulation w/ ws = 1.432857e-01 and pmax = 1.000000e+00
0.0002777778025788655
158.4686975479126
Running simulation w/ ws = 4.084592e-01 and pmax = 1.000000e+00
0.0002777778417384822
159.20065689086914
Running simulation w/ ws = 5.716429e-01 and pmax = 9.999999e-01
0.0002777777477554114
156.32962083816528
Running simulation w/ ws = 6.124388e-01 and pmax = 9.999998e-01
0.00027777773470220965
159.13556814193726
Running simulation w/ ws = 2.044796e-01 and pmax = 1.000000e+00
0.0002777778417384822
160.19681811332703
Running simulation w/ ws = 5.716429e-01 and pmax = 1.000000e+00
0.00027777777908309816
160.33766412734985
Running simulation w/ ws = 1.636837e-01 and pmax = 9.999999e-01
0.0002777777529766923
156.28052496910095
Running simulation w/ ws = 6.940306e-01 and pmax = 9.999999e-01
0.00027777774253413064
159.14412808418274
Running simulation w/ ws = 8.164184e-01 and pmax = 9.999998e-01
0.0002777777138170881
160.00690984725952
Running simulation w/ ws = 6.169388e-02 and pmax = 1.000000e+00
0.0002777777764724574
160.9212520122528
Running simulation w/ ws = 7.552245e-01 and pmax = 9.999998e-01
0.0002777777216490085
155.113520860672
Running simulation w/ ws = 6.940306e-01 and pmax = 9.999999e-01
0.00027777776080861375
158.72082829475403
Running simulation w/ ws = 3.268673e-01 and pmax = 1.000000e+00
0.00027777783390655844
160.0652084350586
Running simulation w/ ws = 1.000000e+00 and pmax = 1.000000e+00
0.0002777778104107884
161.7892782688141
119.88013863563538
117.45247721672058
109.80301451683044
Running simulation w/ ws = 4.129592e-02 and pmax = 9.999998e-01
0.00027777771903836834
Running simulation w/ ws = 1.432857e-01 and pmax = 1.000000e+00
0.00027777783390655844
Running simulation w/ ws = 7.960204e-01 and pmax = 9.999999e-01
0.0002777777529766923
Running simulation w/ ws = 7.756224e-01 and pmax = 1.000000e+00
0.00027777777386181674
153.16513562202454
Running simulation w/ ws = 6.736327e-01 and pmax = 1.000000e+00
0.0002777778312959172
159.59759330749512
Running simulation w/ ws = 7.552245e-01 and pmax = 9.999999e-01
0.00027777773992349026
165.90131831169128
Running simulation w/ ws = 4.492551e-01 and pmax = 9.999999e-01
0.00027777775819797326
165.96048951148987
Running simulation w/ ws = 8.209184e-02 and pmax = 1.000000e+00
0.0002777777712511761
159.53279781341553
Running simulation w/ ws = 6.169388e-02 and pmax = 9.999999e-01
0.0002777777477554114
159.67116451263428
Running simulation w/ ws = 9.796020e-01 and pmax = 9.999998e-01
0.0002777777138170881
159.88110518455505
Running simulation w/ ws = 6.328367e-01 and pmax = 1.000000e+00
0.00027777778169373887
160.68801927566528
Running simulation w/ ws = 4.129592e-02 and pmax = 9.999998e-01
0.0002777777138170881
160.38536405563354
Running simulation w/ ws = 7.552245e-01 and pmax = 9.999998e-01
0.0002777777164277282
158.5760953426361
Running simulation w/ ws = 3.268673e-01 and pmax = 1.000000e+00
0.0002777777712511761
161.16678619384766
Running simulation w/ ws = 8.368163e-01 and pmax = 9.999999e-01
0.00027777775558733277
160.96638822555542
Running simulation w/ ws = 7.960204e-01 and pmax = 9.999998e-01
0.0002777777268702889
159.7829532623291
Running simulation w/ ws = 5.512449e-01 and pmax = 9.999999e-01
0.000277777745144771
159.67096495628357
Running simulation w/ ws = 7.144286e-01 and pmax = 9.999998e-01
0.00027777773470220965
160.7850320339203
Running simulation w/ ws = 9.592041e-01 and pmax = 1.000000e+00
0.00027777778691502034
160.50739002227783
Running simulation w/ ws = 3.880612e-01 and pmax = 9.999999e-01
0.00027777773731284993
159.4086594581604
Running simulation w/ ws = 9.796020e-01 and pmax = 1.000000e+00
0.00027777779213630197
161.10114645957947
Running simulation w/ ws = 6.124388e-01 and pmax = 9.999998e-01
0.0002777777320915694
160.87928080558777
Running simulation w/ ws = 1.840816e-01 and pmax = 1.000000e+00
0.0002777778417384822
161.66705679893494
Running simulation w/ ws = 4.696531e-01 and pmax = 1.000000e+00
0.0002777777973575837
156.32803773880005
Running simulation w/ ws = 7.756224e-01 and pmax = 1.000000e+00
0.00027777780780014735
159.08894276618958
Running simulation w/ ws = 5.512449e-01 and pmax = 9.999999e-01
0.00027777775036605184
158.92286705970764
Running simulation w/ ws = 6.124388e-01 and pmax = 1.000000e+00
0.0002777777660298949
160.70032358169556
Running simulation w/ ws = 1.636837e-01 and pmax = 1.000000e+00
0.0002777777973575837
159.75193333625793
Running simulation w/ ws = 9.388061e-01 and pmax = 1.000000e+00
0.0002777778417384822
159.933424949646
Running simulation w/ ws = 8.164184e-01 and pmax = 1.000000e+00
0.00027777781563207045
160.32257318496704
Running simulation w/ ws = 7.348265e-01 and pmax = 1.000000e+00
0.0002777778208533526
160.05092644691467
Running simulation w/ ws = 7.552245e-01 and pmax = 9.999999e-01
0.00027777773731284993
158.92959475517273
Running simulation w/ ws = 4.288571e-01 and pmax = 9.999998e-01
0.0002777777320915694
160.17206001281738
Running simulation w/ ws = 8.980102e-01 and pmax = 1.000000e+00
0.00027777777386181674
159.20882749557495
Running simulation w/ ws = 8.980102e-01 and pmax = 9.999998e-01
0.0002777777138170881
160.03445720672607
Running simulation w/ ws = 2.044796e-01 and pmax = 1.000000e+00
0.0002777778312959172
167.36299753189087
Running simulation w/ ws = 6.169388e-02 and pmax = 1.000000e+00
0.00027777781563207045
149.52045035362244
Running simulation w/ ws = 5.716429e-01 and pmax = 1.000000e+00
0.0002777778234639937
150.464941740036
Running simulation w/ ws = 5.308469e-01 and pmax = 1.000000e+00
0.00027777777908309816
168.24969124794006
113.63826298713684
114.05813980102539
110.82340574264526
Running simulation w/ ws = 5.716429e-01 and pmax = 9.999998e-01
0.0002777777164277282
Running simulation w/ ws = 2.656735e-01 and pmax = 9.999999e-01
0.00027777773992349026
Running simulation w/ ws = 6.736327e-01 and pmax = 1.000000e+00
0.00027777781824271154
Running simulation w/ ws = 2.452755e-01 and pmax = 9.999998e-01
0.00027777771903836834
150.977933883667
Running simulation w/ ws = 7.552245e-01 and pmax = 9.999999e-01
0.00027777775036605184
162.5593090057373
Running simulation w/ ws = 3.064694e-01 and pmax = 1.000000e+00
0.00027777783390655844
163.32243871688843
Running simulation w/ ws = 3.472653e-01 and pmax = 1.000000e+00
0.00027777782607463485
166.87276935577393
Running simulation w/ ws = 6.169388e-02 and pmax = 1.000000e+00
0.0002777777895256611
158.6737506389618
Running simulation w/ ws = 1.432857e-01 and pmax = 9.999999e-01
0.00027777776341925435
159.2444360256195
Running simulation w/ ws = 7.960204e-01 and pmax = 9.999999e-01
0.00027777776080861375
159.7600998878479
Running simulation w/ ws = 6.940306e-01 and pmax = 9.999998e-01
0.00027777773470220965
160.93869876861572
Running simulation w/ ws = 6.124388e-01 and pmax = 1.000000e+00
0.0002777778025788655
159.75199103355408
Running simulation w/ ws = 5.308469e-01 and pmax = 1.000000e+00
0.0002777777895256611
158.73657774925232
Running simulation w/ ws = 5.104490e-01 and pmax = 9.999998e-01
0.0002777777216490085
160.74899673461914
Running simulation w/ ws = 5.920408e-01 and pmax = 1.000000e+00
0.0002777778051895064
160.540753364563
Running simulation w/ ws = 1.432857e-01 and pmax = 1.000000e+00
0.0002777778312959172
158.96178817749023
Running simulation w/ ws = 7.960204e-01 and pmax = 1.000000e+00
0.0002777777686405355
158.4301700592041
Running simulation w/ ws = 6.169388e-02 and pmax = 9.999999e-01
0.0002777777529766923
160.4433913230896
Running simulation w/ ws = 2.089796e-02 and pmax = 1.000000e+00
0.00027777777386181674
158.09428691864014
Running simulation w/ ws = 9.796020e-01 and pmax = 9.999998e-01
0.00027777771903836834
159.8961946964264
Running simulation w/ ws = 4.129592e-02 and pmax = 1.000000e+00
0.00027777778691502034
158.93318629264832
Running simulation w/ ws = 1.840816e-01 and pmax = 1.000000e+00
0.000277777828685276
161.85827946662903
Running simulation w/ ws = 8.368163e-01 and pmax = 1.000000e+00
0.00027777782607463485
161.4940218925476
Running simulation w/ ws = 4.288571e-01 and pmax = 1.000000e+00
0.00027777782607463485
161.59804701805115
Running simulation w/ ws = 1.228878e-01 and pmax = 1.000000e+00
0.0002777778025788655
160.25862884521484
Running simulation w/ ws = 7.960204e-01 and pmax = 1.000000e+00
0.00027777780780014735
161.79653000831604
Running simulation w/ ws = 3.064694e-01 and pmax = 1.000000e+00
0.00027777783651719963
160.17767477035522
Running simulation w/ ws = 6.940306e-01 and pmax = 9.999998e-01
0.0002777777294809291
160.49719882011414
Running simulation w/ ws = 8.209184e-02 and pmax = 1.000000e+00
0.0002777777686405355
160.89582300186157
Running simulation w/ ws = 5.104490e-01 and pmax = 9.999999e-01
0.00027777774253413064
160.5391662120819
Running simulation w/ ws = 2.860714e-01 and pmax = 1.000000e+00
0.00027777778169373887
160.87663006782532
Running simulation w/ ws = 2.452755e-01 and pmax = 9.999999e-01
0.00027777773731284993
162.24837613105774
Running simulation w/ ws = 2.452755e-01 and pmax = 9.999999e-01
0.00027777776341925435
161.01423406600952
Running simulation w/ ws = 1.000000e+00 and pmax = 1.000000e+00
0.00027777783390655844
159.24323964118958
Running simulation w/ ws = 8.368163e-01 and pmax = 1.000000e+00
0.0002777778391278409
162.02823781967163
Running simulation w/ ws = 4.129592e-02 and pmax = 1.000000e+00
0.00027777778169373887
161.2231478691101
Running simulation w/ ws = 7.348265e-01 and pmax = 1.000000e+00
0.000277777828685276
160.93538355827332
Running simulation w/ ws = 9.388061e-01 and pmax = 9.999998e-01
0.00027777772425964867
160.26178097724915
160.18515062332153
82.7690646648407
76.7674834728241
Running simulation w/ ws = 2.860714e-01 and pmax = 1.000000e+00
0.00027777783651719963
Running simulation w/ ws = 8.572143e-01 and pmax = 1.000000e+00
0.00027777781824271154
Running simulation w/ ws = 2.656735e-01 and pmax = 1.000000e+00
0.00027777781824271154
Running simulation w/ ws = 9.796020e-01 and pmax = 1.000000e+00
0.0002777778104107884
149.75321865081787
Running simulation w/ ws = 8.368163e-01 and pmax = 9.999998e-01
0.0002777777216490085
165.33977675437927
Running simulation w/ ws = 2.656735e-01 and pmax = 9.999998e-01
0.0002777777268702889
165.70147013664246
Running simulation w/ ws = 9.592041e-01 and pmax = 9.999998e-01
0.00027777771903836834
166.195321559906
Running simulation w/ ws = 9.796020e-01 and pmax = 9.999999e-01
0.000277777745144771
159.48206043243408
Running simulation w/ ws = 6.940306e-01 and pmax = 1.000000e+00
0.000277777828685276
160.40386271476746
Running simulation w/ ws = 9.796020e-01 and pmax = 9.999999e-01
0.0002777777529766923
160.11305141448975
Running simulation w/ ws = 8.572143e-01 and pmax = 9.999999e-01
0.00027777774253413064
161.40984630584717
Running simulation w/ ws = 5.000000e-04 and pmax = 1.000000e+00
0.0002777777973575837
161.021386384964
Running simulation w/ ws = 3.268673e-01 and pmax = 1.000000e+00
0.00027777780780014735
161.0384645462036
Running simulation w/ ws = 6.124388e-01 and pmax = 1.000000e+00
0.00027777779213630197
161.3486361503601
Running simulation w/ ws = 4.492551e-01 and pmax = 1.000000e+00
0.0002777777895256611
160.95938420295715
Running simulation w/ ws = 4.900510e-01 and pmax = 1.000000e+00
0.0002777777999682245
160.66211318969727
Running simulation w/ ws = 4.900510e-01 and pmax = 1.000000e+00
0.0002777777843043796
160.22132444381714
Running simulation w/ ws = 2.452755e-01 and pmax = 1.000000e+00
0.00027777777386181674
160.03581929206848
Running simulation w/ ws = 7.348265e-01 and pmax = 9.999998e-01
0.00027777772425964867
161.4780216217041
Running simulation w/ ws = 4.084592e-01 and pmax = 1.000000e+00
0.0002777777973575837
160.66912984848022
Running simulation w/ ws = 8.209184e-02 and pmax = 1.000000e+00
0.0002777778417384822
159.71006989479065
Running simulation w/ ws = 3.676633e-01 and pmax = 9.999999e-01
0.00027777775558733277
161.0464255809784
Running simulation w/ ws = 2.089796e-02 and pmax = 9.999998e-01
0.00027777771903836834
161.80683636665344
Running simulation w/ ws = 1.636837e-01 and pmax = 1.000000e+00
0.0002777777686405355
160.2377426624298
Running simulation w/ ws = 5.920408e-01 and pmax = 9.999999e-01
0.0002777777529766923
159.75280690193176
Running simulation w/ ws = 5.716429e-01 and pmax = 1.000000e+00
0.0002777777686405355
160.92257809638977
Running simulation w/ ws = 6.736327e-01 and pmax = 1.000000e+00
0.0002777778130214294
162.0832040309906
Running simulation w/ ws = 6.940306e-01 and pmax = 1.000000e+00
0.0002777777999682245
161.33808875083923
Running simulation w/ ws = 4.696531e-01 and pmax = 9.999999e-01
0.0002777777529766923
159.29025435447693
Running simulation w/ ws = 5.512449e-01 and pmax = 1.000000e+00
0.0002777777712511761
159.1963596343994
Running simulation w/ ws = 6.328367e-01 and pmax = 1.000000e+00
0.0002777778234639937
159.8533296585083
Running simulation w/ ws = 4.696531e-01 and pmax = 9.999998e-01
0.0002777777164277282
159.54922008514404
Running simulation w/ ws = 1.840816e-01 and pmax = 1.000000e+00
0.00027777778169373887
158.93708848953247
Running simulation w/ ws = 8.572143e-01 and pmax = 1.000000e+00
0.0002777778051895064
160.0098593235016
Running simulation w/ ws = 8.776122e-01 and pmax = 1.000000e+00
0.000277777828685276
159.95796179771423
Running simulation w/ ws = 1.000000e+00 and pmax = 9.999999e-01
0.00027777774253413064
159.34784364700317
Running simulation w/ ws = 6.532347e-01 and pmax = 1.000000e+00
0.0002777777947469428
158.35374569892883
Running simulation w/ ws = 4.492551e-01 and pmax = 1.000000e+00
0.0002777777973575837
160.8635494709015
158.99101305007935
82.66320848464966
73.15756297111511
Running simulation w/ ws = 6.169388e-02 and pmax = 9.999998e-01
0.00027777772425964867
Running simulation w/ ws = 5.716429e-01 and pmax = 1.000000e+00
0.0002777777947469428
Running simulation w/ ws = 3.880612e-01 and pmax = 1.000000e+00
0.0002777778025788655
Running simulation w/ ws = 5.716429e-01 and pmax = 1.000000e+00
0.0002777778417384822
154.05995917320251
Running simulation w/ ws = 8.980102e-01 and pmax = 1.000000e+00
0.0002777778104107884
155.03950309753418
Running simulation w/ ws = 1.636837e-01 and pmax = 1.000000e+00
0.0002777778025788655
163.48626136779785
Running simulation w/ ws = 3.676633e-01 and pmax = 1.000000e+00
0.0002777777660298949
169.82237815856934
Running simulation w/ ws = 9.592041e-01 and pmax = 1.000000e+00
0.00027777780780014735
159.53404641151428
Running simulation w/ ws = 1.024898e-01 and pmax = 9.999999e-01
0.00027777776341925435
160.77003574371338
Running simulation w/ ws = 4.492551e-01 and pmax = 1.000000e+00
0.0002777778130214294
160.32760167121887
Running simulation w/ ws = 9.184082e-01 and pmax = 1.000000e+00
0.0002777778312959172
159.19005179405212
Running simulation w/ ws = 8.368163e-01 and pmax = 1.000000e+00
0.0002777777712511761
159.72134923934937
Running simulation w/ ws = 9.592041e-01 and pmax = 9.999998e-01
0.0002777777320915694
160.53256607055664
Running simulation w/ ws = 2.044796e-01 and pmax = 9.999999e-01
0.00027777775036605184
160.16024923324585
Running simulation w/ ws = 8.572143e-01 and pmax = 1.000000e+00
0.0002777778104107884
158.04416823387146
Running simulation w/ ws = 6.169388e-02 and pmax = 1.000000e+00
0.0002777777973575837
159.23796319961548
Running simulation w/ ws = 2.044796e-01 and pmax = 1.000000e+00
0.0002777778051895064
161.50053310394287
Running simulation w/ ws = 3.880612e-01 and pmax = 1.000000e+00
0.0002777778208533526
160.90705513954163
Running simulation w/ ws = 4.084592e-01 and pmax = 9.999998e-01
0.00027777771903836834
158.38621830940247
Running simulation w/ ws = 6.532347e-01 and pmax = 1.000000e+00
0.00027777780780014735
159.76669597625732
Running simulation w/ ws = 1.000000e+00 and pmax = 1.000000e+00
0.0002777778130214294
160.6376965045929
Running simulation w/ ws = 6.124388e-01 and pmax = 1.000000e+00
0.0002777778234639937
158.39813542366028
Running simulation w/ ws = 6.169388e-02 and pmax = 9.999998e-01
0.0002777777320915694
159.93542051315308
Running simulation w/ ws = 5.308469e-01 and pmax = 9.999998e-01
0.0002777777138170881
151.16155171394348
Running simulation w/ ws = 8.980102e-01 and pmax = 1.000000e+00
0.00027777779213630197
154.57606744766235
Running simulation w/ ws = 6.940306e-01 and pmax = 1.000000e+00
0.00027777780780014735
169.43515419960022
Running simulation w/ ws = 1.840816e-01 and pmax = 1.000000e+00
0.00027777782607463485
172.36312627792358
Running simulation w/ ws = 9.388061e-01 and pmax = 1.000000e+00
0.00027777778169373887
158.30790257453918
Running simulation w/ ws = 2.089796e-02 and pmax = 9.999999e-01
0.00027777773731284993
159.98750042915344
Running simulation w/ ws = 9.592041e-01 and pmax = 1.000000e+00
0.0002777778234639937
159.89869952201843
Running simulation w/ ws = 8.572143e-01 and pmax = 1.000000e+00
0.0002777778391278409
162.17492651939392
Running simulation w/ ws = 1.432857e-01 and pmax = 1.000000e+00
0.0002777778130214294
157.61695504188538
Running simulation w/ ws = 4.288571e-01 and pmax = 1.000000e+00
0.00027777783390655844
159.77212643623352
Running simulation w/ ws = 5.920408e-01 and pmax = 1.000000e+00
0.00027777782607463485
161.05636596679688
Running simulation w/ ws = 7.960204e-01 and pmax = 1.000000e+00
0.00027777777908309816
160.8034222126007
Running simulation w/ ws = 2.089796e-02 and pmax = 1.000000e+00
0.0002777777764724574
160.4638912677765
Running simulation w/ ws = 6.169388e-02 and pmax = 9.999998e-01
0.00027777773470220965
159.95007944107056
Running simulation w/ ws = 6.328367e-01 and pmax = 9.999998e-01
0.00027777772425964867
158.6833062171936
Running simulation w/ ws = 7.960204e-01 and pmax = 1.000000e+00
0.00027777783651719963
163.38051962852478
117.92515778541565
116.19827055931091
114.29351830482483
Running simulation w/ ws = 8.980102e-01 and pmax = 1.000000e+00
0.0002777778234639937
Running simulation w/ ws = 3.676633e-01 and pmax = 9.999998e-01
0.0002777777294809291
Running simulation w/ ws = 1.840816e-01 and pmax = 1.000000e+00
0.00027777783390655844
Running simulation w/ ws = 5.716429e-01 and pmax = 9.999998e-01
0.00027777772425964867
153.68337035179138
Running simulation w/ ws = 1.636837e-01 and pmax = 1.000000e+00
0.00027777780780014735
154.1609025001526
Running simulation w/ ws = 4.288571e-01 and pmax = 1.000000e+00
0.00027777778169373887
158.77193593978882
Running simulation w/ ws = 4.084592e-01 and pmax = 1.000000e+00
0.000277777828685276
170.22587704658508
Running simulation w/ ws = 9.592041e-01 and pmax = 9.999999e-01
0.00027777775558733277
156.62005138397217
Running simulation w/ ws = 1.432857e-01 and pmax = 1.000000e+00
0.0002777778208533526
160.23741245269775
Running simulation w/ ws = 1.432857e-01 and pmax = 1.000000e+00
0.00027777777386181674
159.3595163822174
Running simulation w/ ws = 4.900510e-01 and pmax = 9.999999e-01
0.00027777776080861375
160.84041547775269
Running simulation w/ ws = 4.900510e-01 and pmax = 9.999998e-01
0.0002777777320915694
156.927143573761
Running simulation w/ ws = 1.000000e+00 and pmax = 1.000000e+00
0.0002777777712511761
159.83947086334229
Running simulation w/ ws = 3.268673e-01 and pmax = 9.999999e-01
0.00027777773992349026
159.13030695915222
Running simulation w/ ws = 4.492551e-01 and pmax = 1.000000e+00
0.00027777778169373887
159.5715627670288
Running simulation w/ ws = 6.124388e-01 and pmax = 1.000000e+00
0.0002777778312959172
159.4625358581543
Running simulation w/ ws = 7.960204e-01 and pmax = 1.000000e+00
0.00027777778169373887
160.84103679656982
Running simulation w/ ws = 4.288571e-01 and pmax = 1.000000e+00
0.00027777781824271154
160.16442847251892
Running simulation w/ ws = 2.860714e-01 and pmax = 1.000000e+00
0.00027777777908309816
159.72151231765747
Running simulation w/ ws = 6.532347e-01 and pmax = 1.000000e+00
0.0002777777973575837
158.9097511768341
Running simulation w/ ws = 9.796020e-01 and pmax = 9.999998e-01
0.0002777777294809291
160.44677257537842
Running simulation w/ ws = 2.089796e-02 and pmax = 1.000000e+00
0.00027777778169373887
159.33792281150818
Running simulation w/ ws = 7.348265e-01 and pmax = 1.000000e+00
0.00027777781563207045
162.1427366733551
Running simulation w/ ws = 1.024898e-01 and pmax = 1.000000e+00
0.00027777780780014735
156.802809715271
Running simulation w/ ws = 1.000000e+00 and pmax = 1.000000e+00
0.0002777778391278409
158.11298418045044
Running simulation w/ ws = 5.104490e-01 and pmax = 1.000000e+00
0.0002777777686405355
160.05946803092957
Running simulation w/ ws = 5.920408e-01 and pmax = 1.000000e+00
0.0002777777712511761
159.9029026031494
Running simulation w/ ws = 7.348265e-01 and pmax = 1.000000e+00
0.00027777781824271154
157.41969084739685
Running simulation w/ ws = 2.656735e-01 and pmax = 1.000000e+00
0.0002777778234639937
158.75498700141907
Running simulation w/ ws = 4.084592e-01 and pmax = 1.000000e+00
0.00027777782607463485
160.71746850013733
Running simulation w/ ws = 6.124388e-01 and pmax = 1.000000e+00
0.0002777778130214294
157.97818517684937
Running simulation w/ ws = 2.089796e-02 and pmax = 1.000000e+00
0.0002777778025788655
157.00728154182434
Running simulation w/ ws = 6.328367e-01 and pmax = 1.000000e+00
0.0002777777712511761
159.6080138683319
Running simulation w/ ws = 5.512449e-01 and pmax = 1.000000e+00
0.00027777777908309816
159.04737877845764
Running simulation w/ ws = 7.756224e-01 and pmax = 1.000000e+00
0.00027777781563207045
160.47529816627502
Running simulation w/ ws = 3.268673e-01 and pmax = 1.000000e+00
0.00027777781563207045
171.45841670036316
Running simulation w/ ws = 1.228878e-01 and pmax = 1.000000e+00
0.0002777778234639937
156.45662474632263
Running simulation w/ ws = 5.308469e-01 and pmax = 9.999999e-01
0.00027777773731284993
157.791809797287
Running simulation w/ ws = 8.980102e-01 and pmax = 9.999999e-01
0.0002777777529766923
154.53281927108765
118.27664303779602
120.57820963859558
116.79193639755249
Running simulation w/ ws = 7.144286e-01 and pmax = 1.000000e+00
0.00027777778169373887
Running simulation w/ ws = 1.024898e-01 and pmax = 1.000000e+00
0.0002777778312959172
Running simulation w/ ws = 4.084592e-01 and pmax = 9.999999e-01
0.00027777773992349026
Running simulation w/ ws = 5.308469e-01 and pmax = 9.999998e-01
0.0002777777216490085
150.30253171920776
Running simulation w/ ws = 5.308469e-01 and pmax = 9.999998e-01
0.0002777777294809291
152.35872316360474
Running simulation w/ ws = 9.184082e-01 and pmax = 9.999999e-01
0.00027777774253413064
166.29241180419922
Running simulation w/ ws = 6.328367e-01 and pmax = 1.000000e+00
0.00027777781824271154
170.12400031089783
Running simulation w/ ws = 6.124388e-01 and pmax = 9.999999e-01
0.0002777777477554114
156.42637038230896
Running simulation w/ ws = 9.388061e-01 and pmax = 1.000000e+00
0.00027777781824271154
159.3747193813324
Running simulation w/ ws = 4.492551e-01 and pmax = 1.000000e+00
0.00027777779213630197
157.17053890228271
Running simulation w/ ws = 7.348265e-01 and pmax = 1.000000e+00
0.00027777783651719963
157.31782126426697
Running simulation w/ ws = 7.756224e-01 and pmax = 1.000000e+00
0.00027777778169373887
158.1502583026886
Running simulation w/ ws = 6.736327e-01 and pmax = 9.999998e-01
0.0002777777294809291
159.95061230659485
Running simulation w/ ws = 3.472653e-01 and pmax = 1.000000e+00
0.0002777778391278409
156.14256024360657
Running simulation w/ ws = 8.209184e-02 and pmax = 9.999999e-01
0.00027777776080861375
157.65677046775818
Running simulation w/ ws = 9.388061e-01 and pmax = 9.999999e-01
0.0002777777529766923
158.7354564666748
Running simulation w/ ws = 4.696531e-01 and pmax = 1.000000e+00
0.00027777780780014735
159.2462034225464
Running simulation w/ ws = 5.920408e-01 and pmax = 1.000000e+00
0.0002777778130214294
157.43669319152832
Running simulation w/ ws = 9.184082e-01 and pmax = 1.000000e+00
0.0002777777843043796
157.387348651886
Running simulation w/ ws = 9.184082e-01 and pmax = 1.000000e+00
0.0002777778025788655
158.6566743850708
Running simulation w/ ws = 2.089796e-02 and pmax = 1.000000e+00
0.00027777781563207045
159.95857548713684
Running simulation w/ ws = 2.248776e-01 and pmax = 1.000000e+00
0.0002777777712511761
157.6168179512024
Running simulation w/ ws = 9.592041e-01 and pmax = 9.999998e-01
0.0002777777268702889
158.22189378738403
Running simulation w/ ws = 7.756224e-01 and pmax = 1.000000e+00
0.00027777783390655844
159.0226993560791
Running simulation w/ ws = 1.432857e-01 and pmax = 1.000000e+00
0.00027777778691502034
159.98043751716614
Running simulation w/ ws = 7.552245e-01 and pmax = 1.000000e+00
0.0002777777973575837
156.90728402137756
Running simulation w/ ws = 4.900510e-01 and pmax = 1.000000e+00
0.0002777778104107884
157.24415183067322
Running simulation w/ ws = 5.512449e-01 and pmax = 9.999998e-01
0.0002777777138170881
159.3857843875885
Running simulation w/ ws = 4.129592e-02 and pmax = 1.000000e+00
0.00027777777908309816
158.68508434295654
Running simulation w/ ws = 3.676633e-01 and pmax = 9.999998e-01
0.00027777773470220965
158.0886857509613
Running simulation w/ ws = 6.328367e-01 and pmax = 1.000000e+00
0.00027777783390655844
158.44624614715576
Running simulation w/ ws = 6.532347e-01 and pmax = 1.000000e+00
0.0002777777764724574
160.3512692451477
Running simulation w/ ws = 7.960204e-01 and pmax = 1.000000e+00
0.0002777778130214294
158.0477855205536
Running simulation w/ ws = 4.492551e-01 and pmax = 1.000000e+00
0.000277777828685276
158.99351906776428
Running simulation w/ ws = 6.532347e-01 and pmax = 1.000000e+00
0.0002777778104107884
157.19345235824585
Running simulation w/ ws = 9.592041e-01 and pmax = 1.000000e+00
0.00027777782607463485
159.4138593673706
Running simulation w/ ws = 6.736327e-01 and pmax = 9.999998e-01
0.0002777777320915694
157.77166986465454
Running simulation w/ ws = 8.776122e-01 and pmax = 9.999998e-01
0.0002777777320915694
158.46681118011475
Running simulation w/ ws = 8.164184e-01 and pmax = 1.000000e+00
0.000277777828685276
159.22328901290894
Running simulation w/ ws = 6.169388e-02 and pmax = 1.000000e+00
0.00027777780780014735
146.3134822845459
146.11150884628296
153.10622882843018
143.30486583709717
Running simulation w/ ws = 1.432857e-01 and pmax = 1.000000e+00
0.0002777778234639937
Running simulation w/ ws = 8.164184e-01 and pmax = 1.000000e+00
0.0002777777660298949
Running simulation w/ ws = 2.248776e-01 and pmax = 9.999999e-01
0.0002777777529766923
Running simulation w/ ws = 2.860714e-01 and pmax = 1.000000e+00
0.0002777778130214294
160.93013739585876
Running simulation w/ ws = 9.184082e-01 and pmax = 1.000000e+00
0.00027777777908309816
161.13593816757202
Running simulation w/ ws = 6.124388e-01 and pmax = 1.000000e+00
0.0002777777895256611
162.26232933998108
Running simulation w/ ws = 8.209184e-02 and pmax = 1.000000e+00
0.00027777783651719963
162.87051033973694
Running simulation w/ ws = 6.124388e-01 and pmax = 9.999998e-01
0.00027777772425964867
159.70904207229614
Running simulation w/ ws = 5.716429e-01 and pmax = 1.000000e+00
0.0002777778130214294
160.0601990222931
Running simulation w/ ws = 5.716429e-01 and pmax = 9.999999e-01
0.00027777775819797326
160.26509404182434
Running simulation w/ ws = 4.129592e-02 and pmax = 9.999999e-01
0.00027777776341925435
163.77252912521362
Running simulation w/ ws = 3.676633e-01 and pmax = 1.000000e+00
0.0002777778025788655
160.39605975151062
Running simulation w/ ws = 2.248776e-01 and pmax = 1.000000e+00
0.000277777828685276
160.74909734725952
Running simulation w/ ws = 9.592041e-01 and pmax = 1.000000e+00
0.0002777778312959172
161.41829299926758
Running simulation w/ ws = 6.940306e-01 and pmax = 9.999998e-01
0.0002777777320915694
162.96481108665466
Running simulation w/ ws = 8.209184e-02 and pmax = 1.000000e+00
0.0002777777895256611
160.26294088363647
Running simulation w/ ws = 7.552245e-01 and pmax = 1.000000e+00
0.00027777777908309816
160.78713083267212
Running simulation w/ ws = 3.268673e-01 and pmax = 1.000000e+00
0.0002777778391278409
161.30481791496277
Running simulation w/ ws = 4.288571e-01 and pmax = 1.000000e+00
0.00027777780780014735
162.37612748146057
Running simulation w/ ws = 1.840816e-01 and pmax = 1.000000e+00
0.0002777778104107884
160.2342619895935
Running simulation w/ ws = 9.388061e-01 and pmax = 1.000000e+00
0.0002777778104107884
160.93594765663147
Running simulation w/ ws = 3.268673e-01 and pmax = 1.000000e+00
0.0002777778417384822
162.7155487537384
Running simulation w/ ws = 1.636837e-01 and pmax = 9.999998e-01
0.0002777777216490085
163.11021065711975
Running simulation w/ ws = 3.064694e-01 and pmax = 1.000000e+00
0.0002777777764724574
156.06469821929932
Running simulation w/ ws = 9.388061e-01 and pmax = 1.000000e+00
0.00027777783651719963
156.89638876914978
Running simulation w/ ws = 4.084592e-01 and pmax = 9.999999e-01
0.00027777775036605184
157.77846240997314
Running simulation w/ ws = 4.900510e-01 and pmax = 9.999998e-01
0.0002777777294809291
177.53627133369446
Running simulation w/ ws = 5.104490e-01 and pmax = 1.000000e+00
0.0002777778104107884
159.73612117767334
Running simulation w/ ws = 4.129592e-02 and pmax = 9.999998e-01
0.0002777777294809291
159.49293875694275
Running simulation w/ ws = 5.000000e-04 and pmax = 1.000000e+00
0.00027777780780014735
161.48967933654785
Running simulation w/ ws = 1.636837e-01 and pmax = 1.000000e+00
0.0002777778234639937
160.1860249042511
Running simulation w/ ws = 5.000000e-04 and pmax = 9.999999e-01
0.0002777777477554114
160.5310182571411
Running simulation w/ ws = 2.044796e-01 and pmax = 1.000000e+00
0.0002777777947469428
161.38107442855835
Running simulation w/ ws = 6.532347e-01 and pmax = 9.999999e-01
0.00027777774253413064
161.71904349327087
Running simulation w/ ws = 3.064694e-01 and pmax = 1.000000e+00
0.0002777778234639937
162.58912301063538
Running simulation w/ ws = 5.104490e-01 and pmax = 9.999998e-01
0.00027777772425964867
161.48656010627747
Running simulation w/ ws = 5.512449e-01 and pmax = 1.000000e+00
0.0002777777843043796
160.37295413017273
Running simulation w/ ws = 4.129592e-02 and pmax = 9.999998e-01
0.0002777777268702889
162.93561482429504
154.5147135257721
84.14166498184204
81.8362410068512
Running simulation w/ ws = 1.840816e-01 and pmax = 1.000000e+00
0.0002777777973575837
Running simulation w/ ws = 3.880612e-01 and pmax = 1.000000e+00
0.00027777781824271154
Running simulation w/ ws = 3.676633e-01 and pmax = 9.999999e-01
0.00027777775819797326
Running simulation w/ ws = 8.980102e-01 and pmax = 9.999999e-01
0.00027777773992349026
157.33299231529236
Running simulation w/ ws = 4.129592e-02 and pmax = 1.000000e+00
0.00027777779213630197
158.4463632106781
Running simulation w/ ws = 1.432857e-01 and pmax = 9.999998e-01
0.0002777777138170881
158.59680557250977
Running simulation w/ ws = 6.532347e-01 and pmax = 9.999999e-01
0.00027777775819797326
158.68446111679077
Running simulation w/ ws = 4.288571e-01 and pmax = 9.999999e-01
0.00027777774253413064
159.71927332878113
Running simulation w/ ws = 5.920408e-01 and pmax = 1.000000e+00
0.00027777781824271154
160.02635955810547
Running simulation w/ ws = 4.696531e-01 and pmax = 9.999999e-01
0.00027777775036605184
161.43607211112976
160.40718626976013
Running simulation w/ ws = 5.104490e-01 and pmax = 1.000000e+00
0.00027777782607463485
Running simulation w/ ws = 5.716429e-01 and pmax = 1.000000e+00
0.0002777777999682245
157.9362871646881
Running simulation w/ ws = 7.348265e-01 and pmax = 9.999999e-01
0.00027777773992349026
158.99749875068665
Running simulation w/ ws = 6.124388e-01 and pmax = 1.000000e+00
0.00027777783390655844
159.24336290359497
Running simulation w/ ws = 2.089796e-02 and pmax = 1.000000e+00
0.00027777783390655844
159.56633353233337
Running simulation w/ ws = 1.840816e-01 and pmax = 1.000000e+00
0.00027777778691502034
158.156756401062
Running simulation w/ ws = 5.104490e-01 and pmax = 9.999998e-01
0.0002777777138170881
158.70799779891968
Running simulation w/ ws = 8.572143e-01 and pmax = 1.000000e+00
0.0002777777764724574
160.15334582328796
Running simulation w/ ws = 8.776122e-01 and pmax = 9.999999e-01
0.00027777776080861375
160.37661790847778
Running simulation w/ ws = 9.388061e-01 and pmax = 1.000000e+00
0.00027777778691502034
159.13325333595276
Running simulation w/ ws = 5.308469e-01 and pmax = 9.999998e-01
0.0002777777268702889
158.2051796913147
Running simulation w/ ws = 2.044796e-01 and pmax = 1.000000e+00
0.0002777777712511761
159.20965766906738
Running simulation w/ ws = 8.164184e-01 and pmax = 1.000000e+00
0.00027777779213630197
159.86182045936584
Running simulation w/ ws = 4.900510e-01 and pmax = 9.999998e-01
0.00027777772425964867
157.6354739665985
Running simulation w/ ws = 1.024898e-01 and pmax = 1.000000e+00
0.00027777777386181674
155.86391305923462
Running simulation w/ ws = 8.980102e-01 and pmax = 1.000000e+00
0.00027777783390655844
158.6138424873352
Running simulation w/ ws = 4.288571e-01 and pmax = 1.000000e+00
0.0002777777764724574
158.39705228805542
Running simulation w/ ws = 5.308469e-01 and pmax = 9.999999e-01
0.000277777745144771
158.14347338676453
Running simulation w/ ws = 1.636837e-01 and pmax = 1.000000e+00
0.00027777779213630197
156.93423581123352
Running simulation w/ ws = 8.980102e-01 and pmax = 1.000000e+00
0.0002777778417384822
159.59118175506592
Running simulation w/ ws = 4.288571e-01 and pmax = 9.999998e-01
0.0002777777138170881
159.24851322174072
Running simulation w/ ws = 6.940306e-01 and pmax = 9.999998e-01
0.0002777777216490085
157.79079580307007
Running simulation w/ ws = 9.388061e-01 and pmax = 9.999999e-01
0.00027777773731284993
158.54666996002197
Running simulation w/ ws = 4.492551e-01 and pmax = 1.000000e+00
0.00027777781563207045
159.95830130577087
Running simulation w/ ws = 4.129592e-02 and pmax = 1.000000e+00
0.0002777778312959172
159.57976913452148
Running simulation w/ ws = 6.169388e-02 and pmax = 9.999999e-01
0.00027777775036605184
158.22000432014465
Running simulation w/ ws = 2.656735e-01 and pmax = 1.000000e+00
0.00027777777908309816
157.38305377960205
Running simulation w/ ws = 1.024898e-01 and pmax = 1.000000e+00
0.0002777777947469428
158.29080510139465
Running simulation w/ ws = 4.900510e-01 and pmax = 1.000000e+00
0.00027777777386181674
159.57208919525146
Running simulation w/ ws = 9.388061e-01 and pmax = 9.999998e-01
0.0002777777294809291
146.84006786346436
149.30281805992126
145.5223846435547
143.14175486564636
Running simulation w/ ws = 1.636837e-01 and pmax = 9.999999e-01
0.00027777773992349026
Running simulation w/ ws = 7.144286e-01 and pmax = 1.000000e+00
0.0002777778312959172
Running simulation w/ ws = 5.000000e-04 and pmax = 1.000000e+00
0.00027777777908309816
Running simulation w/ ws = 7.552245e-01 and pmax = 1.000000e+00
0.00027777781824271154
156.81138801574707
Running simulation w/ ws = 3.268673e-01 and pmax = 1.000000e+00
0.0002777778025788655
158.96370840072632
Running simulation w/ ws = 7.144286e-01 and pmax = 1.000000e+00
0.0002777777764724574
159.35507369041443
Running simulation w/ ws = 8.209184e-02 and pmax = 9.999999e-01
0.00027777775819797326
160.43625044822693
Running simulation w/ ws = 2.860714e-01 and pmax = 9.999998e-01
0.00027777773470220965
157.47842645645142
Running simulation w/ ws = 6.169388e-02 and pmax = 1.000000e+00
0.0002777778391278409
157.55325722694397
Running simulation w/ ws = 4.129592e-02 and pmax = 9.999999e-01
0.00027777775036605184
158.66459107398987
Running simulation w/ ws = 7.144286e-01 and pmax = 1.000000e+00
0.0002777777712511761
161.6495807170868
Running simulation w/ ws = 5.716429e-01 and pmax = 9.999999e-01
0.00027777773992349026
157.58550572395325
Running simulation w/ ws = 5.920408e-01 and pmax = 9.999999e-01
0.00027777775036605184
158.90793561935425
Running simulation w/ ws = 4.129592e-02 and pmax = 1.000000e+00
0.00027777782607463485
159.08667969703674
Running simulation w/ ws = 8.572143e-01 and pmax = 9.999999e-01
0.00027777775819797326
160.30770635604858
Running simulation w/ ws = 1.024898e-01 and pmax = 1.000000e+00
0.00027777777908309816
157.93189191818237
Running simulation w/ ws = 7.552245e-01 and pmax = 9.999999e-01
0.00027777774253413064
158.48117470741272
Running simulation w/ ws = 1.840816e-01 and pmax = 9.999998e-01
0.00027777771903836834
158.26739525794983
Running simulation w/ ws = 2.089796e-02 and pmax = 1.000000e+00
0.0002777778312959172
161.73681259155273
Running simulation w/ ws = 5.104490e-01 and pmax = 1.000000e+00
0.0002777777712511761
158.55939102172852
Running simulation w/ ws = 1.000000e+00 and pmax = 1.000000e+00
0.0002777778312959172
157.87736868858337
Running simulation w/ ws = 5.920408e-01 and pmax = 1.000000e+00
0.0002777777843043796
157.69293236732483
Running simulation w/ ws = 9.388061e-01 and pmax = 1.000000e+00
0.0002777778234639937
161.0795214176178
Running simulation w/ ws = 5.308469e-01 and pmax = 1.000000e+00
0.0002777777843043796
158.3647003173828
Running simulation w/ ws = 2.248776e-01 and pmax = 9.999998e-01
0.0002777777294809291
158.95712399482727
Running simulation w/ ws = 7.144286e-01 and pmax = 9.999999e-01
0.00027777773992349026
158.53868412971497
Running simulation w/ ws = 4.696531e-01 and pmax = 1.000000e+00
0.00027777783390655844
161.3587200641632
Running simulation w/ ws = 9.184082e-01 and pmax = 1.000000e+00
0.00027777781824271154
158.22808074951172
Running simulation w/ ws = 2.452755e-01 and pmax = 9.999999e-01
0.0002777777477554114
158.65055990219116
Running simulation w/ ws = 4.900510e-01 and pmax = 9.999999e-01
0.0002777777529766923
160.5461151599884
Running simulation w/ ws = 9.796020e-01 and pmax = 1.000000e+00
0.0002777777712511761
162.3396303653717
Running simulation w/ ws = 1.024898e-01 and pmax = 1.000000e+00
0.00027777783390655844
159.69175148010254
Running simulation w/ ws = 5.000000e-04 and pmax = 1.000000e+00
0.0002777778025788655
160.17540955543518
Running simulation w/ ws = 3.880612e-01 and pmax = 9.999998e-01
0.00027777773470220965
160.69398832321167
Running simulation w/ ws = 2.452755e-01 and pmax = 1.000000e+00
0.0002777777712511761
161.60892629623413
Running simulation w/ ws = 9.184082e-01 and pmax = 9.999998e-01
0.0002777777138170881
159.97821307182312
Running simulation w/ ws = 3.880612e-01 and pmax = 9.999999e-01
0.00027777775036605184
158.911762714386
Running simulation w/ ws = 7.144286e-01 and pmax = 1.000000e+00
0.0002777777973575837
159.06281638145447
Running simulation w/ ws = 2.044796e-01 and pmax = 1.000000e+00
0.000277777828685276
160.79869675636292
120.5887222290039
119.13462591171265
116.1010274887085
Running simulation w/ ws = 7.756224e-01 and pmax = 9.999999e-01
0.00027777773731284993
Running simulation w/ ws = 6.736327e-01 and pmax = 9.999998e-01
0.0002777777164277282
Running simulation w/ ws = 8.368163e-01 and pmax = 9.999999e-01
0.000277777745144771
Running simulation w/ ws = 8.164184e-01 and pmax = 9.999998e-01
0.0002777777164277282
159.4405324459076
Running simulation w/ ws = 4.492551e-01 and pmax = 1.000000e+00
0.00027777781824271154
161.23146843910217
Running simulation w/ ws = 1.000000e+00 and pmax = 9.999999e-01
0.00027777773731284993
162.16501545906067
Running simulation w/ ws = 2.248776e-01 and pmax = 9.999999e-01
0.0002777777477554114
168.16550183296204
Running simulation w/ ws = 3.676633e-01 and pmax = 1.000000e+00
0.00027777780780014735
161.51792192459106
Running simulation w/ ws = 9.184082e-01 and pmax = 9.999998e-01
0.0002777777294809291
161.17976450920105
Running simulation w/ ws = 6.940306e-01 and pmax = 1.000000e+00
0.0002777778051895064
163.01110172271729
Running simulation w/ ws = 5.920408e-01 and pmax = 9.999998e-01
0.00027777772425964867
162.08916401863098
Running simulation w/ ws = 5.000000e-04 and pmax = 9.999999e-01
0.000277777745144771
160.91968822479248
Running simulation w/ ws = 3.676633e-01 and pmax = 1.000000e+00
0.0002777777973575837
161.82357335090637
Running simulation w/ ws = 2.452755e-01 and pmax = 1.000000e+00
0.00027777777908309816
161.44253826141357
Running simulation w/ ws = 1.636837e-01 and pmax = 1.000000e+00
0.0002777778208533526
162.44463753700256
Running simulation w/ ws = 1.840816e-01 and pmax = 9.999999e-01
0.000277777745144771
162.55498433113098
Running simulation w/ ws = 2.089796e-02 and pmax = 9.999998e-01
0.00027777773470220965
162.64885926246643
Running simulation w/ ws = 1.000000e+00 and pmax = 1.000000e+00
0.0002777778025788655
162.57251715660095
Running simulation w/ ws = 9.388061e-01 and pmax = 9.999999e-01
0.000277777745144771
161.65137028694153
Running simulation w/ ws = 7.552245e-01 and pmax = 1.000000e+00
0.00027777777386181674
153.973384141922
Running simulation w/ ws = 8.368163e-01 and pmax = 9.999998e-01
0.0002777777138170881
153.58689880371094
Running simulation w/ ws = 5.308469e-01 and pmax = 9.999999e-01
0.00027777773992349026
173.06915974617004
Running simulation w/ ws = 6.328367e-01 and pmax = 1.000000e+00
0.00027777778691502034
174.06914901733398
Running simulation w/ ws = 4.129592e-02 and pmax = 1.000000e+00
0.00027777781563207045
161.86425042152405
Running simulation w/ ws = 3.880612e-01 and pmax = 9.999999e-01
0.0002777777477554114
161.5090901851654
Running simulation w/ ws = 9.796020e-01 and pmax = 1.000000e+00
0.0002777777947469428
161.09859156608582
Running simulation w/ ws = 4.696531e-01 and pmax = 9.999999e-01
0.00027777773731284993
161.2861189842224
Running simulation w/ ws = 2.089796e-02 and pmax = 9.999999e-01
0.00027777774253413064
164.22915625572205
Running simulation w/ ws = 1.024898e-01 and pmax = 9.999999e-01
0.0002777777477554114
162.0844419002533
Running simulation w/ ws = 9.184082e-01 and pmax = 9.999999e-01
0.00027777773992349026
161.98029708862305
Running simulation w/ ws = 8.572143e-01 and pmax = 9.999998e-01
0.0002777777294809291
162.8748598098755
Running simulation w/ ws = 6.169388e-02 and pmax = 1.000000e+00
0.00027777778691502034
161.8099479675293
Running simulation w/ ws = 9.592041e-01 and pmax = 1.000000e+00
0.0002777777712511761
160.73117327690125
Running simulation w/ ws = 1.636837e-01 and pmax = 9.999998e-01
0.00027777773470220965
160.30619502067566
Running simulation w/ ws = 5.308469e-01 and pmax = 1.000000e+00
0.0002777777999682245
162.18203616142273
Running simulation w/ ws = 7.552245e-01 and pmax = 1.000000e+00
0.0002777778025788655
161.2258381843567
162.67203044891357
156.42059063911438
151.48723220825195
Running simulation w/ ws = 2.656735e-01 and pmax = 9.999999e-01
0.00027777775558733277
Running simulation w/ ws = 3.064694e-01 and pmax = 9.999998e-01
0.00027777773470220965
Running simulation w/ ws = 8.776122e-01 and pmax = 1.000000e+00
0.0002777778130214294
Running simulation w/ ws = 3.064694e-01 and pmax = 1.000000e+00
0.0002777777843043796
155.93241715431213
Running simulation w/ ws = 8.776122e-01 and pmax = 1.000000e+00
0.00027777782607463485
156.45253467559814
Running simulation w/ ws = 7.348265e-01 and pmax = 1.000000e+00
0.00027777782607463485
156.71285939216614
Running simulation w/ ws = 7.960204e-01 and pmax = 9.999998e-01
0.0002777777216490085
163.5534007549286
Running simulation w/ ws = 6.736327e-01 and pmax = 1.000000e+00
0.00027777777908309816
158.50133633613586
Running simulation w/ ws = 8.368163e-01 and pmax = 1.000000e+00
0.00027777779213630197
157.88937377929688
Running simulation w/ ws = 1.636837e-01 and pmax = 1.000000e+00
0.0002777778312959172
158.1676058769226
Running simulation w/ ws = 6.736327e-01 and pmax = 9.999999e-01
0.00027777775036605184
158.7576241493225
Running simulation w/ ws = 2.656735e-01 and pmax = 9.999999e-01
0.000277777745144771
158.52571368217468
Running simulation w/ ws = 5.000000e-04 and pmax = 1.000000e+00
0.0002777777764724574
159.63950753211975
Running simulation w/ ws = 5.308469e-01 and pmax = 9.999999e-01
0.00027777776341925435
159.74427318572998
Running simulation w/ ws = 3.880612e-01 and pmax = 1.000000e+00
0.00027777777386181674
159.99280047416687
Running simulation w/ ws = 5.920408e-01 and pmax = 1.000000e+00
0.0002777778417384822
158.75895857810974
Running simulation w/ ws = 6.532347e-01 and pmax = 1.000000e+00
0.0002777778312959172
158.05396366119385
Running simulation w/ ws = 7.144286e-01 and pmax = 9.999999e-01
0.00027777775558733277
159.3577184677124
Running simulation w/ ws = 4.696531e-01 and pmax = 9.999998e-01
0.0002777777320915694
158.02770018577576
Running simulation w/ ws = 2.656735e-01 and pmax = 9.999998e-01
0.00027777771903836834
157.88700532913208
Running simulation w/ ws = 1.000000e+00 and pmax = 9.999998e-01
0.0002777777320915694
158.6692614555359
Running simulation w/ ws = 1.000000e+00 and pmax = 1.000000e+00
0.000277777828685276
159.30818891525269
Running simulation w/ ws = 8.776122e-01 and pmax = 1.000000e+00
0.00027777783390655844
158.80342864990234
Running simulation w/ ws = 8.572143e-01 and pmax = 9.999999e-01
0.00027777775558733277
158.44932985305786
Running simulation w/ ws = 5.308469e-01 and pmax = 9.999998e-01
0.00027777773470220965
160.03151893615723
Running simulation w/ ws = 1.024898e-01 and pmax = 9.999998e-01
0.0002777777294809291
158.70544624328613
Running simulation w/ ws = 4.129592e-02 and pmax = 1.000000e+00
0.00027777783651719963
158.6958475112915
Running simulation w/ ws = 5.920408e-01 and pmax = 9.999999e-01
0.00027777774253413064
157.65272402763367
Running simulation w/ ws = 7.756224e-01 and pmax = 9.999998e-01
0.0002777777268702889
158.5220115184784
Running simulation w/ ws = 1.000000e+00 and pmax = 1.000000e+00
0.00027777781824271154
160.01287174224854
Running simulation w/ ws = 9.796020e-01 and pmax = 1.000000e+00
0.0002777777660298949
159.53826689720154
Running simulation w/ ws = 1.228878e-01 and pmax = 1.000000e+00
0.0002777777999682245
156.88035917282104
Running simulation w/ ws = 1.840816e-01 and pmax = 1.000000e+00
0.00027777777386181674
158.5884370803833
Running simulation w/ ws = 8.980102e-01 and pmax = 9.999999e-01
0.000277777745144771
160.14510488510132
Running simulation w/ ws = 4.696531e-01 and pmax = 9.999999e-01
0.00027777774253413064
158.77463006973267
Running simulation w/ ws = 5.000000e-04 and pmax = 1.000000e+00
0.000277777828685276
157.25597596168518
Running simulation w/ ws = 4.696531e-01 and pmax = 1.000000e+00
0.00027777781824271154
158.77505707740784
Running simulation w/ ws = 5.000000e-04 and pmax = 1.000000e+00
0.0002777778208533526
160.40204644203186
Running simulation w/ ws = 3.064694e-01 and pmax = 1.000000e+00
0.0002777777712511761
159.37284135818481
Running simulation w/ ws = 7.348265e-01 and pmax = 1.000000e+00
0.0002777778130214294
149.38384771347046
143.8053593635559
144.96827936172485
141.02039408683777
Running simulation w/ ws = 9.184082e-01 and pmax = 1.000000e+00
0.0002777777712511761
Running simulation w/ ws = 2.656735e-01 and pmax = 1.000000e+00
0.00027777783390655844
Running simulation w/ ws = 8.776122e-01 and pmax = 1.000000e+00
0.00027777778691502034
Running simulation w/ ws = 4.084592e-01 and pmax = 9.999998e-01
0.00027777772425964867
159.18963837623596
Running simulation w/ ws = 8.368163e-01 and pmax = 1.000000e+00
0.00027777778691502034
159.90218472480774
Running simulation w/ ws = 8.164184e-01 and pmax = 1.000000e+00
0.0002777778312959172
161.23442578315735
Running simulation w/ ws = 2.248776e-01 and pmax = 1.000000e+00
0.0002777778051895064
161.45757222175598
Running simulation w/ ws = 7.756224e-01 and pmax = 9.999999e-01
0.000277777745144771
159.33799052238464
Running simulation w/ ws = 4.900510e-01 and pmax = 9.999999e-01
0.00027777776341925435
161.3948848247528
Running simulation w/ ws = 5.512449e-01 and pmax = 9.999999e-01
0.00027777775558733277
160.1508994102478
Running simulation w/ ws = 2.248776e-01 and pmax = 1.000000e+00
0.00027777781824271154
160.85060143470764
Running simulation w/ ws = 9.592041e-01 and pmax = 1.000000e+00
0.0002777778025788655
160.16914677619934
Running simulation w/ ws = 6.736327e-01 and pmax = 1.000000e+00
0.00027777778691502034
161.15030813217163
Running simulation w/ ws = 6.328367e-01 and pmax = 1.000000e+00
0.00027777782607463485
161.2980580329895
Running simulation w/ ws = 1.636837e-01 and pmax = 1.000000e+00
0.0002777778051895064
160.93764424324036
Running simulation w/ ws = 5.512449e-01 and pmax = 9.999999e-01
0.00027777773992349026
157.554847240448
Running simulation w/ ws = 5.512449e-01 and pmax = 9.999999e-01
0.00027777774253413064
158.5279426574707
Running simulation w/ ws = 1.432857e-01 and pmax = 9.999998e-01
0.0002777777164277282
158.67185926437378
Running simulation w/ ws = 7.756224e-01 and pmax = 1.000000e+00
0.00027777782607463485
160.16627597808838
Running simulation w/ ws = 4.084592e-01 and pmax = 1.000000e+00
0.0002777778025788655
158.2296860218048
Running simulation w/ ws = 5.000000e-04 and pmax = 1.000000e+00
0.0002777778234639937
158.23512768745422
Running simulation w/ ws = 6.328367e-01 and pmax = 1.000000e+00
0.00027777783651719963
158.3036482334137
Running simulation w/ ws = 3.472653e-01 and pmax = 1.000000e+00
0.0002777777947469428
159.85957980155945
Running simulation w/ ws = 6.736327e-01 and pmax = 9.999998e-01
0.0002777777216490085
158.30728912353516
Running simulation w/ ws = 9.592041e-01 and pmax = 1.000000e+00
0.00027777781563207045
157.7497935295105
Running simulation w/ ws = 7.552245e-01 and pmax = 1.000000e+00
0.00027777779213630197
158.82919049263
Running simulation w/ ws = 3.268673e-01 and pmax = 9.999999e-01
0.00027777776341925435
160.19700932502747
Running simulation w/ ws = 1.000000e+00 and pmax = 9.999998e-01
0.00027777771903836834
158.63076186180115
Running simulation w/ ws = 1.840816e-01 and pmax = 1.000000e+00
0.0002777778208533526
158.72360062599182
Running simulation w/ ws = 1.432857e-01 and pmax = 1.000000e+00
0.0002777778417384822
158.1412274837494
Running simulation w/ ws = 2.248776e-01 and pmax = 1.000000e+00
0.0002777777973575837
161.80938482284546
Running simulation w/ ws = 4.129592e-02 and pmax = 9.999998e-01
0.00027777772425964867
157.8896942138672
Running simulation w/ ws = 1.840816e-01 and pmax = 1.000000e+00
0.0002777777999682245
157.21277737617493
Running simulation w/ ws = 4.129592e-02 and pmax = 1.000000e+00
0.00027777783390655844
158.3598279953003
Running simulation w/ ws = 8.368163e-01 and pmax = 9.999999e-01
0.00027777775036605184
159.24673509597778
Running simulation w/ ws = 1.228878e-01 and pmax = 1.000000e+00
0.0002777777895256611
157.92715549468994
Running simulation w/ ws = 6.169388e-02 and pmax = 1.000000e+00
0.0002777777947469428
158.6410036087036
Running simulation w/ ws = 9.184082e-01 and pmax = 1.000000e+00
0.0002777777973575837
160.56562995910645
Running simulation w/ ws = 6.532347e-01 and pmax = 9.999998e-01
0.0002777777294809291
158.05112433433533
Running simulation w/ ws = 9.388061e-01 and pmax = 1.000000e+00
0.0002777777973575837
150.23079347610474
148.2712516784668
148.0172643661499
140.71414017677307
Running simulation w/ ws = 6.736327e-01 and pmax = 9.999999e-01
0.00027777773992349026
Running simulation w/ ws = 8.368163e-01 and pmax = 1.000000e+00
0.00027777777386181674
Running simulation w/ ws = 4.900510e-01 and pmax = 9.999999e-01
0.000277777745144771
Running simulation w/ ws = 3.064694e-01 and pmax = 1.000000e+00
0.0002777778051895064
158.22916674613953
Running simulation w/ ws = 7.144286e-01 and pmax = 1.000000e+00
0.00027777782607463485
158.89245462417603
Running simulation w/ ws = 7.756224e-01 and pmax = 1.000000e+00
0.0002777777686405355
159.4685959815979
Running simulation w/ ws = 1.228878e-01 and pmax = 1.000000e+00
0.00027777782607463485
159.52577424049377
Running simulation w/ ws = 5.920408e-01 and pmax = 1.000000e+00
0.0002777778104107884
157.67561721801758
Running simulation w/ ws = 3.268673e-01 and pmax = 1.000000e+00
0.0002777778208533526
159.00414204597473
Running simulation w/ ws = 8.572143e-01 and pmax = 9.999999e-01
0.00027777773992349026
158.4057548046112
Running simulation w/ ws = 4.900510e-01 and pmax = 1.000000e+00
0.00027777783390655844
159.14647269248962
Running simulation w/ ws = 1.024898e-01 and pmax = 9.999998e-01
0.00027777771903836834
157.990873336792
Running simulation w/ ws = 8.209184e-02 and pmax = 1.000000e+00
0.00027777778169373887
157.65029740333557
Running simulation w/ ws = 5.920408e-01 and pmax = 1.000000e+00
0.00027777778169373887
159.23911428451538
Running simulation w/ ws = 5.308469e-01 and pmax = 1.000000e+00
0.00027777781563207045
158.76478910446167
Running simulation w/ ws = 4.288571e-01 and pmax = 1.000000e+00
0.00027777777386181674
157.1246030330658
Running simulation w/ ws = 4.492551e-01 and pmax = 9.999998e-01
0.0002777777294809291
158.6681637763977
Running simulation w/ ws = 9.796020e-01 and pmax = 9.999999e-01
0.00027777776080861375
158.67227268218994
Running simulation w/ ws = 3.472653e-01 and pmax = 9.999999e-01
0.00027777775558733277
159.91684079170227
Running simulation w/ ws = 2.089796e-02 and pmax = 1.000000e+00
0.00027777781824271154
146.8434705734253
Running simulation w/ ws = 6.328367e-01 and pmax = 1.000000e+00
0.0002777778051895064
165.52431631088257
Running simulation w/ ws = 2.860714e-01 and pmax = 1.000000e+00
0.0002777778025788655
164.94318795204163
Running simulation w/ ws = 8.572143e-01 and pmax = 9.999999e-01
0.0002777777477554114
165.7908673286438
Running simulation w/ ws = 6.736327e-01 and pmax = 1.000000e+00
0.00027777779213630197
156.42649054527283
Running simulation w/ ws = 2.044796e-01 and pmax = 1.000000e+00
0.00027777780780014735
158.61528778076172
Running simulation w/ ws = 9.388061e-01 and pmax = 9.999999e-01
0.00027777773992349026
159.2036783695221
Running simulation w/ ws = 9.592041e-01 and pmax = 1.000000e+00
0.0002777778391278409
158.59851264953613
Running simulation w/ ws = 8.164184e-01 and pmax = 1.000000e+00
0.0002777778208533526
160.25411176681519
Running simulation w/ ws = 8.776122e-01 and pmax = 1.000000e+00
0.0002777778234639937
159.0436408519745
Running simulation w/ ws = 4.084592e-01 and pmax = 1.000000e+00
0.00027777781824271154
159.46857261657715
Running simulation w/ ws = 1.432857e-01 and pmax = 1.000000e+00
0.0002777777764724574
160.29149842262268
Running simulation w/ ws = 5.920408e-01 and pmax = 9.999998e-01
0.00027777771903836834
158.94069957733154
Running simulation w/ ws = 6.124388e-01 and pmax = 9.999998e-01
0.00027777771903836834
158.77341294288635
Running simulation w/ ws = 3.880612e-01 and pmax = 9.999998e-01
0.0002777777164277282
159.63995599746704
Running simulation w/ ws = 2.044796e-01 and pmax = 9.999999e-01
0.00027777776080861375
159.57643747329712
Running simulation w/ ws = 9.184082e-01 and pmax = 1.000000e+00
0.00027777783390655844
164.085871219635
Running simulation w/ ws = 2.044796e-01 and pmax = 9.999999e-01
0.00027777775558733277
146.82782244682312
Running simulation w/ ws = 8.980102e-01 and pmax = 1.000000e+00
0.00027777777908309816
165.67081904411316
Running simulation w/ ws = 6.169388e-02 and pmax = 1.000000e+00
0.0002777778051895064
166.2567105293274
121.24369406700134
117.40577030181885
105.52641606330872
Running simulation w/ ws = 3.064694e-01 and pmax = 9.999998e-01
0.0002777777294809291
Running simulation w/ ws = 2.044796e-01 and pmax = 1.000000e+00
0.00027777783390655844
Running simulation w/ ws = 2.044796e-01 and pmax = 9.999998e-01
0.0002777777294809291
Running simulation w/ ws = 9.184082e-01 and pmax = 1.000000e+00
0.0002777777686405355
155.55235695838928
Running simulation w/ ws = 2.860714e-01 and pmax = 1.000000e+00
0.00027777779213630197
156.04469060897827
Running simulation w/ ws = 7.552245e-01 and pmax = 9.999999e-01
0.000277777745144771
156.78985381126404
Running simulation w/ ws = 9.388061e-01 and pmax = 9.999999e-01
0.00027777775036605184
172.55746579170227
Running simulation w/ ws = 5.512449e-01 and pmax = 9.999998e-01
0.0002777777294809291
153.58227586746216
Running simulation w/ ws = 3.472653e-01 and pmax = 9.999998e-01
0.00027777773470220965
155.08123874664307
Running simulation w/ ws = 8.776122e-01 and pmax = 1.000000e+00
0.0002777778208533526
156.7519190311432
Running simulation w/ ws = 3.268673e-01 and pmax = 1.000000e+00
0.00027777778169373887
169.72743272781372
Running simulation w/ ws = 7.348265e-01 and pmax = 1.000000e+00
0.0002777777712511761
152.9694321155548
Running simulation w/ ws = 8.209184e-02 and pmax = 9.999998e-01
0.0002777777294809291
168.2285017967224
Running simulation w/ ws = 2.089796e-02 and pmax = 1.000000e+00
0.0002777777973575837
168.96744203567505
Running simulation w/ ws = 6.532347e-01 and pmax = 1.000000e+00
0.000277777828685276
149.84513211250305
Running simulation w/ ws = 7.756224e-01 and pmax = 1.000000e+00
0.0002777778417384822
157.7802050113678
Running simulation w/ ws = 6.736327e-01 and pmax = 1.000000e+00
0.0002777777843043796
158.9034161567688
Running simulation w/ ws = 6.169388e-02 and pmax = 1.000000e+00
0.00027777777908309816
160.50406122207642
Running simulation w/ ws = 6.169388e-02 and pmax = 1.000000e+00
0.0002777778208533526
159.61518907546997
Running simulation w/ ws = 9.592041e-01 and pmax = 9.999998e-01
0.0002777777216490085
157.4224841594696
Running simulation w/ ws = 6.532347e-01 and pmax = 1.000000e+00
0.0002777778130214294
159.19885659217834
Running simulation w/ ws = 5.716429e-01 and pmax = 1.000000e+00
0.00027777783651719963
158.89404940605164
Running simulation w/ ws = 5.308469e-01 and pmax = 1.000000e+00
0.0002777778104107884
158.3019723892212
Running simulation w/ ws = 8.164184e-01 and pmax = 9.999999e-01
0.00027777775558733277
153.6910560131073
Running simulation w/ ws = 7.960204e-01 and pmax = 1.000000e+00
0.0002777778312959172
171.6234757900238
Running simulation w/ ws = 3.880612e-01 and pmax = 9.999999e-01
0.00027777775819797326
156.85508728027344
Running simulation w/ ws = 7.960204e-01 and pmax = 1.000000e+00
0.0002777777947469428
155.60429453849792
Running simulation w/ ws = 9.184082e-01 and pmax = 9.999999e-01
0.00027777776341925435
160.55883741378784
Running simulation w/ ws = 6.532347e-01 and pmax = 9.999998e-01
0.0002777777138170881
161.35826086997986
Running simulation w/ ws = 8.368163e-01 and pmax = 9.999999e-01
0.00027777773992349026
159.87150835990906
Running simulation w/ ws = 2.656735e-01 and pmax = 9.999998e-01
0.0002777777320915694
158.07879948616028
Running simulation w/ ws = 2.860714e-01 and pmax = 9.999999e-01
0.00027777774253413064
158.3946750164032
Running simulation w/ ws = 5.920408e-01 and pmax = 1.000000e+00
0.0002777777895256611
159.37964963912964
Running simulation w/ ws = 2.656735e-01 and pmax = 1.000000e+00
0.00027777778169373887
161.0266454219818
Running simulation w/ ws = 6.736327e-01 and pmax = 1.000000e+00
0.00027777780780014735
160.57108736038208
Running simulation w/ ws = 2.248776e-01 and pmax = 1.000000e+00
0.0002777778234639937
159.25229144096375
Running simulation w/ ws = 4.696531e-01 and pmax = 1.000000e+00
0.00027777781563207045
158.093159198761
Running simulation w/ ws = 7.756224e-01 and pmax = 1.000000e+00
0.00027777781824271154
161.4592318534851
Running simulation w/ ws = 4.084592e-01 and pmax = 1.000000e+00
0.0002777777895256611
159.40259718894958
118.86875319480896
116.940758228302
109.64323592185974
Running simulation w/ ws = 4.900510e-01 and pmax = 9.999998e-01
0.0002777777268702889
Running simulation w/ ws = 2.089796e-02 and pmax = 1.000000e+00
0.00027777777908309816
Running simulation w/ ws = 5.512449e-01 and pmax = 1.000000e+00
0.00027777780780014735
Running simulation w/ ws = 3.676633e-01 and pmax = 1.000000e+00
0.00027777778691502034
160.9908344745636
Running simulation w/ ws = 8.164184e-01 and pmax = 1.000000e+00
0.0002777777686405355
161.1065275669098
Running simulation w/ ws = 4.900510e-01 and pmax = 1.000000e+00
0.00027777782607463485
161.53868293762207
Running simulation w/ ws = 9.184082e-01 and pmax = 1.000000e+00
0.00027777781563207045
161.96749019622803
Running simulation w/ ws = 2.452755e-01 and pmax = 9.999998e-01
0.0002777777164277282
149.74703741073608
Running simulation w/ ws = 3.268673e-01 and pmax = 1.000000e+00
0.00027777778691502034
151.0482144355774
Running simulation w/ ws = 7.552245e-01 and pmax = 1.000000e+00
0.0002777778312959172
169.45797848701477
Running simulation w/ ws = 6.328367e-01 and pmax = 9.999999e-01
0.000277777745144771
169.8699734210968
Running simulation w/ ws = 5.104490e-01 and pmax = 9.999999e-01
0.0002777777477554114
159.58224415779114
Running simulation w/ ws = 8.980102e-01 and pmax = 1.000000e+00
0.00027777778691502034
158.86700916290283
Running simulation w/ ws = 4.696531e-01 and pmax = 1.000000e+00
0.0002777777947469428
156.72111654281616
Running simulation w/ ws = 1.000000e+00 and pmax = 1.000000e+00
0.0002777778417384822
159.04850935935974
Running simulation w/ ws = 8.164184e-01 and pmax = 9.999999e-01
0.00027777774253413064
158.71387767791748
Running simulation w/ ws = 4.492551e-01 and pmax = 1.000000e+00
0.00027777782607463485
161.0196657180786
Running simulation w/ ws = 4.084592e-01 and pmax = 1.000000e+00
0.00027777778169373887
158.55059671401978
Running simulation w/ ws = 2.044796e-01 and pmax = 1.000000e+00
0.0002777777843043796
158.16919350624084
Running simulation w/ ws = 3.880612e-01 and pmax = 1.000000e+00
0.0002777777686405355
158.77567315101624
Running simulation w/ ws = 5.308469e-01 and pmax = 1.000000e+00
0.0002777777712511761
159.46817064285278
Running simulation w/ ws = 6.736327e-01 and pmax = 9.999998e-01
0.00027777772425964867
157.64106488227844
Running simulation w/ ws = 2.656735e-01 and pmax = 1.000000e+00
0.000277777828685276
158.49748873710632
Running simulation w/ ws = 5.920408e-01 and pmax = 9.999999e-01
0.00027777773731284993
159.72792983055115
Running simulation w/ ws = 7.348265e-01 and pmax = 9.999999e-01
0.00027777774253413064
160.3224322795868
Running simulation w/ ws = 4.084592e-01 and pmax = 9.999998e-01
0.0002777777320915694
158.89254546165466
Running simulation w/ ws = 3.268673e-01 and pmax = 9.999999e-01
0.0002777777529766923
160.1091833114624
Running simulation w/ ws = 2.044796e-01 and pmax = 1.000000e+00
0.0002777778130214294
159.15042686462402
Running simulation w/ ws = 7.348265e-01 and pmax = 9.999999e-01
0.00027777775558733277
158.63919925689697
Running simulation w/ ws = 7.552245e-01 and pmax = 1.000000e+00
0.0002777778130214294
157.38227725028992
Running simulation w/ ws = 5.000000e-04 and pmax = 1.000000e+00
0.00027777782607463485
157.43018460273743
Running simulation w/ ws = 6.169388e-02 and pmax = 9.999999e-01
0.00027777775558733277
161.12761545181274
Running simulation w/ ws = 7.144286e-01 and pmax = 1.000000e+00
0.0002777778208533526
161.79613089561462
Running simulation w/ ws = 7.960204e-01 and pmax = 1.000000e+00
0.0002777777843043796
159.4174301624298
Running simulation w/ ws = 2.248776e-01 and pmax = 1.000000e+00
0.0002777777999682245
160.9794430732727
Running simulation w/ ws = 8.164184e-01 and pmax = 9.999998e-01
0.0002777777294809291
160.41461205482483
Running simulation w/ ws = 8.368163e-01 and pmax = 1.000000e+00
0.00027777783390655844
162.33689951896667
Running simulation w/ ws = 4.129592e-02 and pmax = 9.999998e-01
0.00027777773470220965
159.49238395690918
Running simulation w/ ws = 9.592041e-01 and pmax = 9.999999e-01
0.00027777774253413064
161.8080189228058
116.92789196968079
116.68948912620544
113.07031226158142
Running simulation w/ ws = 4.900510e-01 and pmax = 1.000000e+00
0.0002777778312959172
Running simulation w/ ws = 3.676633e-01 and pmax = 9.999998e-01
0.0002777777320915694
Running simulation w/ ws = 5.512449e-01 and pmax = 1.000000e+00
0.0002777777973575837
Running simulation w/ ws = 9.184082e-01 and pmax = 9.999998e-01
0.00027777771903836834
158.8051986694336
Running simulation w/ ws = 4.129592e-02 and pmax = 9.999999e-01
0.00027777774253413064
158.9867558479309
Running simulation w/ ws = 9.796020e-01 and pmax = 1.000000e+00
0.000277777828685276
159.19490504264832
Running simulation w/ ws = 6.532347e-01 and pmax = 1.000000e+00
0.0002777777895256611
160.1197485923767
Running simulation w/ ws = 2.044796e-01 and pmax = 1.000000e+00
0.0002777777686405355
159.37972283363342
Running simulation w/ ws = 9.388061e-01 and pmax = 1.000000e+00
0.0002777778130214294
158.7511646747589
Running simulation w/ ws = 2.452755e-01 and pmax = 1.000000e+00
0.00027777781563207045
161.21849846839905
Running simulation w/ ws = 9.388061e-01 and pmax = 9.999998e-01
0.0002777777320915694
161.38747024536133
Running simulation w/ ws = 7.348265e-01 and pmax = 1.000000e+00
0.00027777780780014735
159.1421959400177
Running simulation w/ ws = 8.164184e-01 and pmax = 1.000000e+00
0.0002777778391278409
160.55392336845398
Running simulation w/ ws = 1.000000e+00 and pmax = 1.000000e+00
0.00027777778691502034
162.43809819221497
Running simulation w/ ws = 2.860714e-01 and pmax = 1.000000e+00
0.00027777777386181674
160.92011642456055
Running simulation w/ ws = 8.980102e-01 and pmax = 1.000000e+00
0.0002777778130214294
160.53230357170105
Running simulation w/ ws = 1.636837e-01 and pmax = 1.000000e+00
0.0002777777764724574
159.82089805603027
Running simulation w/ ws = 2.656735e-01 and pmax = 9.999998e-01
0.0002777777294809291
160.49756288528442
Running simulation w/ ws = 6.169388e-02 and pmax = 1.000000e+00
0.0002777777999682245
161.28028845787048
Running simulation w/ ws = 2.656735e-01 and pmax = 1.000000e+00
0.00027777780780014735
158.0665624141693
Running simulation w/ ws = 9.592041e-01 and pmax = 1.000000e+00
0.0002777777973575837
160.3439633846283
Running simulation w/ ws = 4.084592e-01 and pmax = 1.000000e+00
0.00027777779213630197
158.50388956069946
Running simulation w/ ws = 6.328367e-01 and pmax = 1.000000e+00
0.00027777777908309816
159.92674016952515
Running simulation w/ ws = 4.696531e-01 and pmax = 1.000000e+00
0.0002777778025788655
158.85302782058716
Running simulation w/ ws = 3.472653e-01 and pmax = 1.000000e+00
0.0002777778234639937
158.72686195373535
Running simulation w/ ws = 4.129592e-02 and pmax = 9.999998e-01
0.0002777777216490085
159.31882739067078
Running simulation w/ ws = 3.880612e-01 and pmax = 1.000000e+00
0.00027777778169373887
159.76688480377197
Running simulation w/ ws = 4.084592e-01 and pmax = 1.000000e+00
0.00027777778691502034
156.98910188674927
Running simulation w/ ws = 4.696531e-01 and pmax = 1.000000e+00
0.0002777777686405355
158.2648093700409
Running simulation w/ ws = 4.288571e-01 and pmax = 9.999998e-01
0.00027777771903836834
158.65343570709229
Running simulation w/ ws = 3.676633e-01 and pmax = 9.999999e-01
0.00027777774253413064
163.69676542282104
Running simulation w/ ws = 1.024898e-01 and pmax = 9.999999e-01
0.00027777773731284993
156.44493198394775
Running simulation w/ ws = 1.432857e-01 and pmax = 1.000000e+00
0.0002777777973575837
158.45153880119324
Running simulation w/ ws = 2.044796e-01 and pmax = 9.999998e-01
0.0002777777268702889
159.4448754787445
Running simulation w/ ws = 3.676633e-01 and pmax = 9.999999e-01
0.0002777777477554114
159.00329041481018
Running simulation w/ ws = 5.920408e-01 and pmax = 9.999999e-01
0.00027777775819797326
157.69565773010254
Running simulation w/ ws = 2.089796e-02 and pmax = 9.999999e-01
0.00027777776341925435
159.08909249305725
Running simulation w/ ws = 3.676633e-01 and pmax = 1.000000e+00
0.0002777777843043796
158.38304781913757
Running simulation w/ ws = 8.572143e-01 and pmax = 1.000000e+00
0.00027777779213630197
160.053715467453
Running simulation w/ ws = 5.920408e-01 and pmax = 9.999998e-01
0.0002777777294809291
146.57455706596375
140.52160096168518
147.63790440559387
141.20548033714294
Running simulation w/ ws = 8.776122e-01 and pmax = 1.000000e+00
0.0002777778025788655
Running simulation w/ ws = 6.532347e-01 and pmax = 1.000000e+00
0.0002777778234639937
Running simulation w/ ws = 4.084592e-01 and pmax = 1.000000e+00
0.0002777778051895064
Running simulation w/ ws = 4.288571e-01 and pmax = 1.000000e+00
0.000277777828685276
155.12436294555664
Running simulation w/ ws = 1.024898e-01 and pmax = 1.000000e+00
0.0002777777973575837
156.435800075531
Running simulation w/ ws = 3.064694e-01 and pmax = 1.000000e+00
0.0002777777895256611
157.8277244567871
Running simulation w/ ws = 6.532347e-01 and pmax = 9.999999e-01
0.0002777777477554114
166.52880692481995
Running simulation w/ ws = 8.209184e-02 and pmax = 9.999999e-01
0.000277777745144771
158.07214164733887
Running simulation w/ ws = 6.169388e-02 and pmax = 9.999999e-01
0.00027777773731284993
159.67738723754883
Running simulation w/ ws = 2.656735e-01 and pmax = 1.000000e+00
0.0002777777973575837
162.13419914245605
Running simulation w/ ws = 2.860714e-01 and pmax = 1.000000e+00
0.0002777777947469428
157.95061683654785
Running simulation w/ ws = 7.144286e-01 and pmax = 1.000000e+00
0.00027777781824271154
158.2886507511139
Running simulation w/ ws = 8.776122e-01 and pmax = 9.999998e-01
0.00027777773470220965
157.59407663345337
Running simulation w/ ws = 4.288571e-01 and pmax = 1.000000e+00
0.00027777779213630197
159.84173369407654
Running simulation w/ ws = 8.776122e-01 and pmax = 1.000000e+00
0.00027777781563207045
158.7774465084076
Running simulation w/ ws = 8.572143e-01 and pmax = 9.999998e-01
0.0002777777164277282
157.69133639335632
Running simulation w/ ws = 9.184082e-01 and pmax = 1.000000e+00
0.0002777778051895064
159.3776035308838
Running simulation w/ ws = 1.840816e-01 and pmax = 9.999999e-01
0.00027777775819797326
160.66297435760498
Running simulation w/ ws = 9.592041e-01 and pmax = 1.000000e+00
0.0002777778208533526
159.1840319633484
Running simulation w/ ws = 5.104490e-01 and pmax = 9.999999e-01
0.00027777775036605184
152.7516987323761
Running simulation w/ ws = 5.512449e-01 and pmax = 1.000000e+00
0.0002777778312959172
155.77334713935852
Running simulation w/ ws = 6.328367e-01 and pmax = 9.999999e-01
0.0002777777477554114
154.20862674713135
Running simulation w/ ws = 6.124388e-01 and pmax = 9.999999e-01
0.0002777777529766923
171.76370429992676
Running simulation w/ ws = 3.268673e-01 and pmax = 9.999999e-01
0.00027777775558733277
157.0058810710907
Running simulation w/ ws = 1.228878e-01 and pmax = 1.000000e+00
0.0002777777712511761
158.72383403778076
Running simulation w/ ws = 8.980102e-01 and pmax = 9.999998e-01
0.0002777777164277282
160.29877638816833
Running simulation w/ ws = 3.676633e-01 and pmax = 1.000000e+00
0.00027777781563207045
158.07397985458374
Running simulation w/ ws = 7.756224e-01 and pmax = 9.999999e-01
0.0002777777477554114
158.46977853775024
Running simulation w/ ws = 2.044796e-01 and pmax = 9.999998e-01
0.0002777777320915694
157.03255581855774
Running simulation w/ ws = 5.104490e-01 and pmax = 9.999998e-01
0.0002777777320915694
159.70053601264954
Running simulation w/ ws = 4.288571e-01 and pmax = 1.000000e+00
0.00027777778691502034
158.12328362464905
Running simulation w/ ws = 4.900510e-01 and pmax = 1.000000e+00
0.00027777780780014735
159.5406174659729
Running simulation w/ ws = 5.104490e-01 and pmax = 1.000000e+00
0.0002777777660298949
158.00992274284363
Running simulation w/ ws = 2.089796e-02 and pmax = 9.999998e-01
0.0002777777138170881
157.67501616477966
Running simulation w/ ws = 8.776122e-01 and pmax = 9.999998e-01
0.0002777777164277282
159.46026372909546
Running simulation w/ ws = 4.084592e-01 and pmax = 9.999999e-01
0.00027777776341925435
159.548495054245
Running simulation w/ ws = 3.268673e-01 and pmax = 9.999999e-01
0.00027777773731284993
158.00215578079224
Running simulation w/ ws = 7.348265e-01 and pmax = 1.000000e+00
0.0002777777660298949
158.37325143814087
Running simulation w/ ws = 1.432857e-01 and pmax = 1.000000e+00
0.00027777778169373887
160.38826870918274
Running simulation w/ ws = 7.552245e-01 and pmax = 9.999998e-01
0.0002777777320915694
151.01879978179932
143.89932942390442
141.12711930274963
144.5480556488037
Running simulation w/ ws = 1.432857e-01 and pmax = 1.000000e+00
0.00027777783651719963
Running simulation w/ ws = 8.572143e-01 and pmax = 1.000000e+00
0.00027777777386181674
Running simulation w/ ws = 8.572143e-01 and pmax = 9.999998e-01
0.00027777771903836834
Running simulation w/ ws = 7.756224e-01 and pmax = 1.000000e+00
0.0002777778312959172
154.54950666427612
Running simulation w/ ws = 4.084592e-01 and pmax = 9.999999e-01
0.000277777745144771
155.73203802108765
Running simulation w/ ws = 8.572143e-01 and pmax = 1.000000e+00
0.0002777777973575837
165.7469482421875
Running simulation w/ ws = 5.716429e-01 and pmax = 1.000000e+00
0.00027777781824271154
167.02431917190552
Running simulation w/ ws = 9.796020e-01 and pmax = 1.000000e+00
0.0002777778025788655
156.56665229797363
Running simulation w/ ws = 3.268673e-01 and pmax = 1.000000e+00
0.0002777778051895064
158.70146465301514
Running simulation w/ ws = 4.900510e-01 and pmax = 1.000000e+00
0.0002777778208533526
158.60562944412231
Running simulation w/ ws = 1.024898e-01 and pmax = 9.999998e-01
0.0002777777320915694
158.70864081382751
Running simulation w/ ws = 1.000000e+00 and pmax = 9.999999e-01
0.0002777777477554114
149.08282232284546
Running simulation w/ ws = 1.228878e-01 and pmax = 1.000000e+00
0.0002777778417384822
150.7129476070404
Running simulation w/ ws = 1.228878e-01 and pmax = 1.000000e+00
0.00027777778169373887
168.8545641899109
Running simulation w/ ws = 4.696531e-01 and pmax = 1.000000e+00
0.0002777777843043796
168.4511878490448
Running simulation w/ ws = 9.184082e-01 and pmax = 1.000000e+00
0.00027777779213630197
157.4653069972992
Running simulation w/ ws = 1.636837e-01 and pmax = 9.999998e-01
0.0002777777268702889
158.03632497787476
Running simulation w/ ws = 1.636837e-01 and pmax = 9.999999e-01
0.00027777773731284993
158.08621191978455
Running simulation w/ ws = 3.472653e-01 and pmax = 9.999999e-01
0.00027777775036605184
159.7630488872528
Running simulation w/ ws = 7.552245e-01 and pmax = 9.999999e-01
0.00027777776080861375
161.38959980010986
Running simulation w/ ws = 8.980102e-01 and pmax = 9.999999e-01
0.00027777774253413064
161.38598608970642
Running simulation w/ ws = 7.348265e-01 and pmax = 1.000000e+00
0.00027777777386181674
160.94568920135498
Running simulation w/ ws = 3.676633e-01 and pmax = 9.999999e-01
0.00027777773992349026
162.63469076156616
Running simulation w/ ws = 7.552245e-01 and pmax = 1.000000e+00
0.0002777778208533526
159.43343424797058
Running simulation w/ ws = 3.880612e-01 and pmax = 1.000000e+00
0.0002777777843043796
160.56363773345947
Running simulation w/ ws = 5.308469e-01 and pmax = 9.999999e-01
0.0002777777529766923
161.45955801010132
Running simulation w/ ws = 6.940306e-01 and pmax = 1.000000e+00
0.0002777778208533526
163.44104290008545
Running simulation w/ ws = 1.228878e-01 and pmax = 1.000000e+00
0.0002777778104107884
160.82027077674866
Running simulation w/ ws = 4.129592e-02 and pmax = 1.000000e+00
0.0002777777660298949
160.13589239120483
Running simulation w/ ws = 9.592041e-01 and pmax = 9.999998e-01
0.0002777777294809291
160.92402529716492
Running simulation w/ ws = 3.676633e-01 and pmax = 1.000000e+00
0.0002777778051895064
162.2754864692688
Running simulation w/ ws = 8.209184e-02 and pmax = 1.000000e+00
0.00027777779213630197
159.6026747226715
Running simulation w/ ws = 2.248776e-01 and pmax = 1.000000e+00
0.00027777783390655844
161.8672285079956
Running simulation w/ ws = 9.796020e-01 and pmax = 9.999999e-01
0.00027777773731284993
161.23436498641968
Running simulation w/ ws = 8.776122e-01 and pmax = 9.999998e-01
0.00027777772425964867
162.46870112419128
Running simulation w/ ws = 4.129592e-02 and pmax = 9.999999e-01
0.00027777776080861375
159.0686399936676
Running simulation w/ ws = 6.124388e-01 and pmax = 9.999998e-01
0.0002777777216490085
161.43616127967834
Running simulation w/ ws = 8.368163e-01 and pmax = 1.000000e+00
0.0002777778312959172
160.23272252082825
Running simulation w/ ws = 8.209184e-02 and pmax = 9.999998e-01
0.0002777777268702889
163.00258088111877
119.20184540748596
115.40441513061523
111.63079881668091
Running simulation w/ ws = 1.024898e-01 and pmax = 1.000000e+00
0.0002777777843043796
Running simulation w/ ws = 2.860714e-01 and pmax = 1.000000e+00
0.0002777778234639937
Running simulation w/ ws = 9.184082e-01 and pmax = 9.999999e-01
0.0002777777529766923
Running simulation w/ ws = 7.756224e-01 and pmax = 9.999999e-01
0.0002777777529766923
153.84989976882935
153.98186588287354
Running simulation w/ ws = 3.676633e-01 and pmax = 1.000000e+00
0.0002777777712511761
Running simulation w/ ws = 5.716429e-01 and pmax = 1.000000e+00
0.0002777777895256611
154.17306685447693
Running simulation w/ ws = 2.044796e-01 and pmax = 9.999998e-01
0.00027777772425964867
173.53177118301392
Running simulation w/ ws = 4.900510e-01 and pmax = 1.000000e+00
0.0002777777973575837
156.4519600868225
Running simulation w/ ws = 5.000000e-04 and pmax = 9.999998e-01
0.0002777777216490085
158.5041356086731
Running simulation w/ ws = 4.288571e-01 and pmax = 1.000000e+00
0.0002777778234639937
158.7349398136139
Running simulation w/ ws = 4.084592e-01 and pmax = 9.999998e-01
0.0002777777216490085
158.54568147659302
Running simulation w/ ws = 6.736327e-01 and pmax = 9.999998e-01
0.00027777773470220965
158.22038888931274
Running simulation w/ ws = 7.552245e-01 and pmax = 1.000000e+00
0.0002777777712511761
158.55174946784973
158.5214295387268
Running simulation w/ ws = 8.776122e-01 and pmax = 9.999998e-01
0.0002777777268702889
Running simulation w/ ws = 4.900510e-01 and pmax = 1.000000e+00
0.0002777777660298949
158.23153114318848
Running simulation w/ ws = 7.144286e-01 and pmax = 9.999999e-01
0.000277777745144771
163.2510211467743
Running simulation w/ ws = 3.676633e-01 and pmax = 1.000000e+00
0.0002777778417384822
162.1163146495819
Running simulation w/ ws = 5.716429e-01 and pmax = 9.999999e-01
0.00027777774253413064
165.53138184547424
Running simulation w/ ws = 9.184082e-01 and pmax = 1.000000e+00
0.00027777783651719963
149.44097447395325
Running simulation w/ ws = 2.656735e-01 and pmax = 1.000000e+00
0.0002777777843043796
158.41092705726624
Running simulation w/ ws = 2.656735e-01 and pmax = 9.999998e-01
0.0002777777164277282
160.0630123615265
Running simulation w/ ws = 2.656735e-01 and pmax = 9.999998e-01
0.0002777777138170881
160.05567240715027
Running simulation w/ ws = 2.452755e-01 and pmax = 9.999999e-01
0.00027777774253413064
159.88787722587585
Running simulation w/ ws = 2.248776e-01 and pmax = 9.999998e-01
0.0002777777138170881
158.70497846603394
Running simulation w/ ws = 7.144286e-01 and pmax = 9.999998e-01
0.00027777772425964867
158.72079157829285
Running simulation w/ ws = 3.676633e-01 and pmax = 1.000000e+00
0.00027777777386181674
160.45566725730896
Running simulation w/ ws = 2.860714e-01 and pmax = 9.999998e-01
0.0002777777268702889
159.8469762802124
Running simulation w/ ws = 2.044796e-01 and pmax = 1.000000e+00
0.0002777778208533526
158.83231949806213
Running simulation w/ ws = 5.104490e-01 and pmax = 9.999998e-01
0.0002777777268702889
159.6159656047821
Running simulation w/ ws = 6.736327e-01 and pmax = 1.000000e+00
0.00027777778169373887
158.9000949859619
Running simulation w/ ws = 8.209184e-02 and pmax = 1.000000e+00
0.00027777781824271154
161.17597651481628
Running simulation w/ ws = 1.840816e-01 and pmax = 1.000000e+00
0.00027777783651719963
158.4144868850708
Running simulation w/ ws = 2.248776e-01 and pmax = 9.999999e-01
0.00027777775819797326
159.71831917762756
Running simulation w/ ws = 5.308469e-01 and pmax = 9.999998e-01
0.0002777777164277282
160.1918215751648
160.2577245235443
Running simulation w/ ws = 6.940306e-01 and pmax = 9.999999e-01
0.0002777777477554114
Running simulation w/ ws = 9.796020e-01 and pmax = 1.000000e+00
0.00027777783390655844
157.02467131614685
Running simulation w/ ws = 1.636837e-01 and pmax = 9.999999e-01
0.00027777776341925435
159.1495440006256
Running simulation w/ ws = 1.840816e-01 and pmax = 1.000000e+00
0.00027777777908309816
158.17095351219177
Running simulation w/ ws = 8.368163e-01 and pmax = 1.000000e+00
0.00027777781563207045
160.0845992565155
Running simulation w/ ws = 4.900510e-01 and pmax = 1.000000e+00
0.00027777778169373887
151.3289623260498
142.40777397155762
150.7307481765747
145.4682161808014
Running simulation w/ ws = 3.676633e-01 and pmax = 9.999999e-01
0.00027777773731284993
Running simulation w/ ws = 2.089796e-02 and pmax = 1.000000e+00
0.0002777778391278409
Running simulation w/ ws = 9.184082e-01 and pmax = 9.999998e-01
0.00027777772425964867
Running simulation w/ ws = 7.348265e-01 and pmax = 9.999999e-01
0.0002777777477554114
150.24401426315308
Running simulation w/ ws = 2.860714e-01 and pmax = 9.999998e-01
0.00027777771903836834
159.52356028556824
Running simulation w/ ws = 4.288571e-01 and pmax = 1.000000e+00
0.0002777777660298949
171.9875829219818
Running simulation w/ ws = 6.124388e-01 and pmax = 1.000000e+00
0.000277777828685276
172.51710987091064
Running simulation w/ ws = 7.756224e-01 and pmax = 9.999999e-01
0.00027777776341925435
154.91492438316345
Running simulation w/ ws = 8.368163e-01 and pmax = 1.000000e+00
0.000277777828685276
162.68167209625244
Running simulation w/ ws = 7.348265e-01 and pmax = 9.999998e-01
0.00027777771903836834
163.27092742919922
Running simulation w/ ws = 7.960204e-01 and pmax = 9.999998e-01
0.0002777777294809291
165.07611107826233
Running simulation w/ ws = 5.000000e-04 and pmax = 1.000000e+00
0.0002777777843043796
155.15845203399658
Running simulation w/ ws = 4.129592e-02 and pmax = 1.000000e+00
0.0002777777973575837
164.51080513000488
Running simulation w/ ws = 3.880612e-01 and pmax = 1.000000e+00
0.0002777777999682245
165.2458803653717
Running simulation w/ ws = 9.184082e-01 and pmax = 1.000000e+00
0.000277777828685276
164.78533840179443
Running simulation w/ ws = 2.089796e-02 and pmax = 1.000000e+00
0.0002777778208533526
146.64463758468628
Running simulation w/ ws = 5.104490e-01 and pmax = 9.999999e-01
0.00027777775819797326
169.15618515014648
Running simulation w/ ws = 4.084592e-01 and pmax = 1.000000e+00
0.00027777777386181674
167.0254783630371
Running simulation w/ ws = 1.636837e-01 and pmax = 9.999999e-01
0.0002777777477554114
167.87351036071777
Running simulation w/ ws = 7.348265e-01 and pmax = 1.000000e+00
0.00027777778691502034
158.7401704788208
Running simulation w/ ws = 3.064694e-01 and pmax = 1.000000e+00
0.00027777780780014735
159.3708848953247
Running simulation w/ ws = 7.756224e-01 and pmax = 1.000000e+00
0.0002777777999682245
160.57903409004211
Running simulation w/ ws = 1.024898e-01 and pmax = 9.999999e-01
0.00027777775036605184
161.63298773765564
Running simulation w/ ws = 7.960204e-01 and pmax = 9.999999e-01
0.00027777775558733277
152.91885805130005
Running simulation w/ ws = 4.900510e-01 and pmax = 9.999999e-01
0.0002777777477554114
162.8084740638733
Running simulation w/ ws = 2.248776e-01 and pmax = 9.999998e-01
0.0002777777164277282
162.0894811153412
Running simulation w/ ws = 7.552245e-01 and pmax = 1.000000e+00
0.00027777782607463485
164.62298107147217
Running simulation w/ ws = 5.000000e-04 and pmax = 9.999998e-01
0.00027777773470220965
155.62886476516724
Running simulation w/ ws = 9.796020e-01 and pmax = 9.999999e-01
0.0002777777477554114
164.57732725143433
Running simulation w/ ws = 7.552245e-01 and pmax = 1.000000e+00
0.0002777777947469428
164.30836081504822
Running simulation w/ ws = 5.716429e-01 and pmax = 9.999998e-01
0.00027777773470220965
164.35754370689392
Running simulation w/ ws = 6.124388e-01 and pmax = 1.000000e+00
0.0002777778417384822
160.59992265701294
Running simulation w/ ws = 2.452755e-01 and pmax = 9.999999e-01
0.00027777776080861375
158.53590416908264
Running simulation w/ ws = 9.388061e-01 and pmax = 9.999999e-01
0.00027777776341925435
161.36102771759033
Running simulation w/ ws = 7.960204e-01 and pmax = 1.000000e+00
0.0002777778391278409
163.37372398376465
Running simulation w/ ws = 8.572143e-01 and pmax = 1.000000e+00
0.0002777777947469428
159.39357471466064
Running simulation w/ ws = 4.084592e-01 and pmax = 1.000000e+00
0.0002777777999682245
161.70401763916016
158.2349133491516
156.07404899597168
97.67527461051941
Running simulation w/ ws = 8.209184e-02 and pmax = 1.000000e+00
0.0002777777843043796
Running simulation w/ ws = 6.169388e-02 and pmax = 1.000000e+00
0.00027777778169373887
Running simulation w/ ws = 6.940306e-01 and pmax = 9.999999e-01
0.00027777773992349026
Running simulation w/ ws = 7.144286e-01 and pmax = 9.999998e-01
0.00027777771903836834
158.3410325050354
Running simulation w/ ws = 4.900510e-01 and pmax = 1.000000e+00
0.00027777781563207045
160.3841905593872
160.4357476234436
Running simulation w/ ws = 8.980102e-01 and pmax = 1.000000e+00
0.0002777777686405355
Running simulation w/ ws = 3.472653e-01 and pmax = 9.999999e-01
0.00027777774253413064
162.46731996536255
Running simulation w/ ws = 4.696531e-01 and pmax = 9.999998e-01
0.00027777773470220965
160.6758794784546
Running simulation w/ ws = 2.248776e-01 and pmax = 1.000000e+00
0.00027777779213630197
160.7231011390686
160.73947143554688
Running simulation w/ ws = 5.920408e-01 and pmax = 9.999999e-01
0.00027777776080861375
Running simulation w/ ws = 1.228878e-01 and pmax = 1.000000e+00
0.0002777778391278409
159.61640977859497
Running simulation w/ ws = 1.432857e-01 and pmax = 9.999998e-01
0.0002777777216490085
159.7652599811554
Running simulation w/ ws = 6.328367e-01 and pmax = 1.000000e+00
0.0002777778025788655
160.03743052482605
Running simulation w/ ws = 6.940306e-01 and pmax = 9.999998e-01
0.0002777777268702889
159.99622869491577
Running simulation w/ ws = 1.840816e-01 and pmax = 9.999999e-01
0.00027777775036605184
161.08024096488953
Running simulation w/ ws = 6.169388e-02 and pmax = 9.999998e-01
0.0002777777216490085
160.8051896095276
Running simulation w/ ws = 3.472653e-01 and pmax = 9.999999e-01
0.00027777773992349026
160.1619358062744
Running simulation w/ ws = 6.940306e-01 and pmax = 1.000000e+00
0.0002777777843043796
159.48089861869812
Running simulation w/ ws = 1.432857e-01 and pmax = 9.999998e-01
0.0002777777294809291
160.14836978912354
Running simulation w/ ws = 6.169388e-02 and pmax = 9.999998e-01
0.0002777777294809291
158.68484807014465
Running simulation w/ ws = 6.736327e-01 and pmax = 1.000000e+00
0.0002777777999682245
160.41562294960022
Running simulation w/ ws = 5.920408e-01 and pmax = 9.999998e-01
0.00027777773470220965
161.33392906188965
Running simulation w/ ws = 1.228878e-01 and pmax = 9.999999e-01
0.00027777774253413064
161.67028832435608
Running simulation w/ ws = 7.756224e-01 and pmax = 9.999999e-01
0.00027777775819797326
159.62632608413696
Running simulation w/ ws = 8.776122e-01 and pmax = 9.999999e-01
0.00027777773992349026
160.77950501441956
Running simulation w/ ws = 1.228878e-01 and pmax = 1.000000e+00
0.00027777777386181674
160.03908944129944
Running simulation w/ ws = 3.472653e-01 and pmax = 1.000000e+00
0.00027777779213630197
162.76371836662292
Running simulation w/ ws = 4.288571e-01 and pmax = 1.000000e+00
0.0002777778051895064
159.3870997428894
Running simulation w/ ws = 8.980102e-01 and pmax = 1.000000e+00
0.0002777777999682245
160.58007287979126
Running simulation w/ ws = 9.796020e-01 and pmax = 1.000000e+00
0.00027777780780014735
161.24780178070068
Running simulation w/ ws = 5.716429e-01 and pmax = 9.999998e-01
0.0002777777320915694
161.0018711090088
Running simulation w/ ws = 3.268673e-01 and pmax = 1.000000e+00
0.0002777777947469428
159.5129256248474
Running simulation w/ ws = 3.268673e-01 and pmax = 1.000000e+00
0.00027777782607463485
161.9383041858673
Running simulation w/ ws = 3.268673e-01 and pmax = 9.999999e-01
0.0002777777477554114
160.57105112075806
Running simulation w/ ws = 6.940306e-01 and pmax = 9.999999e-01
0.0002777777529766923
161.95046019554138
Running simulation w/ ws = 8.368163e-01 and pmax = 1.000000e+00
0.0002777777947469428
156.34545731544495
Running simulation w/ ws = 4.492551e-01 and pmax = 1.000000e+00
0.00027777783390655844
159.06521558761597
Running simulation w/ ws = 3.472653e-01 and pmax = 1.000000e+00
0.0002777778417384822
157.18923139572144
Running simulation w/ ws = 1.024898e-01 and pmax = 9.999998e-01
0.0002777777164277282
172.7160313129425
118.86152124404907
116.9737319946289
116.62188649177551
Running simulation w/ ws = 8.572143e-01 and pmax = 1.000000e+00
0.0002777778312959172
Running simulation w/ ws = 1.840816e-01 and pmax = 1.000000e+00
0.0002777778312959172
Running simulation w/ ws = 1.024898e-01 and pmax = 9.999998e-01
0.00027777773470220965
Running simulation w/ ws = 6.736327e-01 and pmax = 9.999999e-01
0.0002777777477554114
156.16570854187012
Running simulation w/ ws = 5.716429e-01 and pmax = 1.000000e+00
0.0002777778051895064
157.4998300075531
Running simulation w/ ws = 8.164184e-01 and pmax = 9.999999e-01
0.00027777775036605184
158.2808165550232
Running simulation w/ ws = 8.572143e-01 and pmax = 1.000000e+00
0.00027777777908309816
176.5396430492401
Running simulation w/ ws = 9.592041e-01 and pmax = 9.999998e-01
0.00027777773470220965
160.8280372619629
Running simulation w/ ws = 9.592041e-01 and pmax = 1.000000e+00
0.000277777828685276
160.72934699058533
Running simulation w/ ws = 3.676633e-01 and pmax = 1.000000e+00
0.00027777779213630197
161.80677890777588
Running simulation w/ ws = 2.656735e-01 and pmax = 1.000000e+00
0.0002777777764724574
159.6323230266571
Running simulation w/ ws = 9.184082e-01 and pmax = 1.000000e+00
0.0002777777999682245
158.4218668937683
Running simulation w/ ws = 4.084592e-01 and pmax = 9.999999e-01
0.00027777775558733277
159.26707339286804
Running simulation w/ ws = 9.796020e-01 and pmax = 1.000000e+00
0.00027777781563207045
161.60660672187805
Running simulation w/ ws = 7.348265e-01 and pmax = 1.000000e+00
0.0002777777843043796
161.66018509864807
Running simulation w/ ws = 1.024898e-01 and pmax = 9.999999e-01
0.000277777745144771
156.52771592140198
Running simulation w/ ws = 8.209184e-02 and pmax = 1.000000e+00
0.0002777778312959172
157.7354075908661
Running simulation w/ ws = 2.044796e-01 and pmax = 1.000000e+00
0.0002777778391278409
158.98951601982117
Running simulation w/ ws = 2.860714e-01 and pmax = 9.999998e-01
0.0002777777216490085
171.93020272254944
Running simulation w/ ws = 2.089796e-02 and pmax = 9.999999e-01
0.0002777777529766923
158.54719257354736
Running simulation w/ ws = 6.124388e-01 and pmax = 1.000000e+00
0.00027777778691502034
160.00317454338074
Running simulation w/ ws = 2.452755e-01 and pmax = 9.999998e-01
0.0002777777320915694
161.4378206729889
Running simulation w/ ws = 5.512449e-01 and pmax = 1.000000e+00
0.0002777778025788655
164.9728717803955
Running simulation w/ ws = 5.920408e-01 and pmax = 1.000000e+00
0.0002777777764724574
158.38556122779846
Running simulation w/ ws = 1.000000e+00 and pmax = 1.000000e+00
0.00027777779213630197
159.4035930633545
Running simulation w/ ws = 7.552245e-01 and pmax = 9.999999e-01
0.0002777777529766923
161.51930165290833
Running simulation w/ ws = 7.756224e-01 and pmax = 1.000000e+00
0.000277777828685276
163.3572871685028
Running simulation w/ ws = 7.756224e-01 and pmax = 9.999998e-01
0.0002777777294809291
151.75488948822021
Running simulation w/ ws = 3.676633e-01 and pmax = 9.999999e-01
0.0002777777529766923
169.77803421020508
Running simulation w/ ws = 8.980102e-01 and pmax = 1.000000e+00
0.00027777780780014735
170.48979425430298
Running simulation w/ ws = 1.228878e-01 and pmax = 9.999998e-01
0.0002777777216490085
154.32398462295532
Running simulation w/ ws = 2.044796e-01 and pmax = 9.999999e-01
0.00027777773731284993
160.00232434272766
Running simulation w/ ws = 7.960204e-01 and pmax = 1.000000e+00
0.0002777778417384822
160.17054438591003
Running simulation w/ ws = 8.980102e-01 and pmax = 9.999999e-01
0.00027777776341925435
160.64501190185547
Running simulation w/ ws = 2.044796e-01 and pmax = 1.000000e+00
0.0002777777999682245
162.4364631175995
Running simulation w/ ws = 7.552245e-01 and pmax = 1.000000e+00
0.0002777777895256611
161.42188715934753
Running simulation w/ ws = 9.388061e-01 and pmax = 9.999999e-01
0.00027777776080861375
160.1195731163025
Running simulation w/ ws = 4.492551e-01 and pmax = 9.999998e-01
0.0002777777320915694
160.7813651561737
154.50730872154236
83.63934826850891
87.1090795993805
Running simulation w/ ws = 1.432857e-01 and pmax = 9.999999e-01
0.00027777775036605184
Running simulation w/ ws = 1.000000e+00 and pmax = 1.000000e+00
0.00027777778169373887
Running simulation w/ ws = 4.129592e-02 and pmax = 1.000000e+00
0.00027777777386181674
Running simulation w/ ws = 1.636837e-01 and pmax = 1.000000e+00
0.00027777778169373887
154.11799454689026
Running simulation w/ ws = 6.736327e-01 and pmax = 9.999999e-01
0.00027777774253413064
158.9971044063568
Running simulation w/ ws = 2.452755e-01 and pmax = 1.000000e+00
0.0002777778208533526
159.1349058151245
Running simulation w/ ws = 1.228878e-01 and pmax = 9.999999e-01
0.00027777775558733277
167.379949092865
Running simulation w/ ws = 6.124388e-01 and pmax = 1.000000e+00
0.0002777778391278409
160.4471309185028
Running simulation w/ ws = 1.636837e-01 and pmax = 1.000000e+00
0.0002777778417384822
157.37997031211853
Running simulation w/ ws = 8.368163e-01 and pmax = 1.000000e+00
0.00027777781824271154
158.3120927810669
Running simulation w/ ws = 9.388061e-01 and pmax = 1.000000e+00
0.00027777781563207045
159.78757572174072
Running simulation w/ ws = 5.920408e-01 and pmax = 1.000000e+00
0.00027777779213630197
158.47633266448975
Running simulation w/ ws = 2.044796e-01 and pmax = 1.000000e+00
0.00027777781824271154
157.98550820350647
Running simulation w/ ws = 3.880612e-01 and pmax = 9.999999e-01
0.00027777774253413064
158.39319038391113
Running simulation w/ ws = 2.860714e-01 and pmax = 9.999999e-01
0.000277777745144771
160.80404472351074
Running simulation w/ ws = 1.000000e+00 and pmax = 1.000000e+00
0.00027777777386181674
159.73714089393616
Running simulation w/ ws = 2.656735e-01 and pmax = 9.999999e-01
0.00027777774253413064
158.90154457092285
Running simulation w/ ws = 9.796020e-01 and pmax = 1.000000e+00
0.0002777778417384822
158.88241338729858
Running simulation w/ ws = 1.228878e-01 and pmax = 1.000000e+00
0.0002777778208533526
158.87155723571777
Running simulation w/ ws = 3.676633e-01 and pmax = 1.000000e+00
0.0002777778312959172
160.33646392822266
Running simulation w/ ws = 3.880612e-01 and pmax = 9.999998e-01
0.00027777772425964867
161.20330548286438
Running simulation w/ ws = 6.940306e-01 and pmax = 1.000000e+00
0.00027777778691502034
160.30147647857666
Running simulation w/ ws = 8.164184e-01 and pmax = 1.000000e+00
0.00027777783651719963
159.5274579524994
Running simulation w/ ws = 4.288571e-01 and pmax = 1.000000e+00
0.00027777777908309816
157.94116616249084
Running simulation w/ ws = 2.452755e-01 and pmax = 1.000000e+00
0.0002777778312959172
159.67503261566162
Running simulation w/ ws = 6.532347e-01 and pmax = 9.999998e-01
0.0002777777216490085
160.08948588371277
Running simulation w/ ws = 2.452755e-01 and pmax = 9.999998e-01
0.00027777772425964867
161.70222401618958
Running simulation w/ ws = 2.656735e-01 and pmax = 1.000000e+00
0.0002777777895256611
157.50248217582703
Running simulation w/ ws = 6.532347e-01 and pmax = 1.000000e+00
0.0002777778391278409
157.69476699829102
Running simulation w/ ws = 9.388061e-01 and pmax = 1.000000e+00
0.0002777777764724574
158.15922212600708
Running simulation w/ ws = 7.960204e-01 and pmax = 9.999999e-01
0.0002777777477554114
160.57138514518738
Running simulation w/ ws = 3.064694e-01 and pmax = 1.000000e+00
0.00027777777386181674
158.20907616615295
Running simulation w/ ws = 6.328367e-01 and pmax = 9.999998e-01
0.0002777777294809291
158.6081418991089
Running simulation w/ ws = 8.572143e-01 and pmax = 1.000000e+00
0.00027777778691502034
160.6274929046631
Running simulation w/ ws = 1.636837e-01 and pmax = 9.999999e-01
0.00027777774253413064
159.09340071678162
Running simulation w/ ws = 8.368163e-01 and pmax = 9.999998e-01
0.0002777777320915694
154.68508076667786
Running simulation w/ ws = 8.980102e-01 and pmax = 1.000000e+00
0.00027777781824271154
154.28497838974
Running simulation w/ ws = 1.228878e-01 and pmax = 9.999999e-01
0.0002777777477554114
154.88315224647522
Running simulation w/ ws = 2.248776e-01 and pmax = 1.000000e+00
0.00027777782607463485
175.0963294506073
117.99382448196411
117.44286036491394
104.38495516777039
Running simulation w/ ws = 5.716429e-01 and pmax = 9.999999e-01
0.0002777777529766923
Running simulation w/ ws = 9.184082e-01 and pmax = 1.000000e+00
0.0002777778417384822
Running simulation w/ ws = 1.840816e-01 and pmax = 1.000000e+00
0.0002777777764724574
Running simulation w/ ws = 8.572143e-01 and pmax = 9.999999e-01
0.00027777776080861375
156.07711386680603
Running simulation w/ ws = 6.940306e-01 and pmax = 1.000000e+00
0.0002777777764724574
160.94084358215332
Running simulation w/ ws = 2.452755e-01 and pmax = 1.000000e+00
0.0002777778104107884
161.26484417915344
Running simulation w/ ws = 4.084592e-01 and pmax = 9.999998e-01
0.0002777777268702889
162.01859593391418
Running simulation w/ ws = 7.348265e-01 and pmax = 1.000000e+00
0.0002777777686405355
157.44905972480774
Running simulation w/ ws = 3.880612e-01 and pmax = 1.000000e+00
0.0002777778234639937
157.314870595932
Running simulation w/ ws = 1.000000e+00 and pmax = 9.999999e-01
0.00027777773992349026
159.16046833992004
Running simulation w/ ws = 8.368163e-01 and pmax = 1.000000e+00
0.0002777777973575837
158.96122884750366
Running simulation w/ ws = 7.144286e-01 and pmax = 1.000000e+00
0.00027777783390655844
157.88669729232788
Running simulation w/ ws = 5.716429e-01 and pmax = 1.000000e+00
0.0002777777973575837
157.89000034332275
Running simulation w/ ws = 7.756224e-01 and pmax = 9.999998e-01
0.00027777772425964867
158.56753754615784
Running simulation w/ ws = 5.716429e-01 and pmax = 1.000000e+00
0.0002777778312959172
159.8594617843628
Running simulation w/ ws = 1.636837e-01 and pmax = 9.999999e-01
0.00027777775558733277
159.35297060012817
Running simulation w/ ws = 3.676633e-01 and pmax = 1.000000e+00
0.0002777778391278409
158.52409100532532
Running simulation w/ ws = 1.432857e-01 and pmax = 1.000000e+00
0.0002777778104107884
158.61940693855286
Running simulation w/ ws = 8.164184e-01 and pmax = 1.000000e+00
0.00027777777908309816
159.24122500419617
Running simulation w/ ws = 5.104490e-01 and pmax = 1.000000e+00
0.0002777777947469428
160.38788771629333
Running simulation w/ ws = 1.228878e-01 and pmax = 1.000000e+00
0.0002777777843043796
156.93192720413208
Running simulation w/ ws = 6.940306e-01 and pmax = 1.000000e+00
0.0002777778391278409
158.39689540863037
Running simulation w/ ws = 3.472653e-01 and pmax = 1.000000e+00
0.0002777777843043796
159.75750422477722
Running simulation w/ ws = 4.492551e-01 and pmax = 9.999998e-01
0.0002777777216490085
157.7474319934845
Running simulation w/ ws = 7.960204e-01 and pmax = 9.999999e-01
0.00027777775819797326
159.4358468055725
Running simulation w/ ws = 5.716429e-01 and pmax = 1.000000e+00
0.00027777778169373887
159.59908986091614
Running simulation w/ ws = 3.472653e-01 and pmax = 1.000000e+00
0.00027777783651719963
161.29959416389465
Running simulation w/ ws = 6.169388e-02 and pmax = 9.999999e-01
0.00027777775819797326
158.13102388381958
Running simulation w/ ws = 7.348265e-01 and pmax = 1.000000e+00
0.00027777783390655844
159.21296381950378
Running simulation w/ ws = 4.492551e-01 and pmax = 1.000000e+00
0.0002777777999682245
159.57411360740662
Running simulation w/ ws = 5.920408e-01 and pmax = 1.000000e+00
0.00027777781563207045
161.80494499206543
Running simulation w/ ws = 2.248776e-01 and pmax = 1.000000e+00
0.0002777778025788655
159.01638793945312
Running simulation w/ ws = 7.756224e-01 and pmax = 1.000000e+00
0.0002777778391278409
159.6998634338379
Running simulation w/ ws = 6.124388e-01 and pmax = 9.999998e-01
0.0002777777294809291
158.6057894229889
Running simulation w/ ws = 8.209184e-02 and pmax = 9.999998e-01
0.00027777773470220965
159.8808376789093
Running simulation w/ ws = 8.776122e-01 and pmax = 1.000000e+00
0.00027777779213630197
159.57504630088806
Running simulation w/ ws = 4.288571e-01 and pmax = 9.999999e-01
0.00027777775819797326
159.45345950126648
Running simulation w/ ws = 5.308469e-01 and pmax = 1.000000e+00
0.00027777778691502034
159.75077962875366
Running simulation w/ ws = 6.532347e-01 and pmax = 9.999999e-01
0.00027777775558733277
158.5592200756073
Running simulation w/ ws = 1.636837e-01 and pmax = 1.000000e+00
0.00027777781824271154
147.21761512756348
153.84708905220032
146.92811036109924
140.61862134933472
Running simulation w/ ws = 7.756224e-01 and pmax = 1.000000e+00
0.0002777778104107884
Running simulation w/ ws = 3.880612e-01 and pmax = 9.999998e-01
0.0002777777216490085
Running simulation w/ ws = 6.124388e-01 and pmax = 1.000000e+00
0.0002777777999682245
Running simulation w/ ws = 8.368163e-01 and pmax = 9.999999e-01
0.0002777777477554114
157.79246640205383
Running simulation w/ ws = 4.288571e-01 and pmax = 9.999998e-01
0.00027777772425964867
159.66341710090637
Running simulation w/ ws = 9.796020e-01 and pmax = 1.000000e+00
0.0002777777843043796
159.82223558425903
Running simulation w/ ws = 7.144286e-01 and pmax = 9.999999e-01
0.00027777775819797326
160.39185571670532
Running simulation w/ ws = 6.328367e-01 and pmax = 9.999999e-01
0.00027777776080861375
157.859370470047
Running simulation w/ ws = 1.228878e-01 and pmax = 9.999999e-01
0.00027777776341925435
158.35811233520508
Running simulation w/ ws = 3.064694e-01 and pmax = 1.000000e+00
0.0002777778208533526
159.62932515144348
Running simulation w/ ws = 2.452755e-01 and pmax = 9.999998e-01
0.0002777777268702889
161.04848265647888
Running simulation w/ ws = 9.796020e-01 and pmax = 9.999999e-01
0.00027777773992349026
157.48501229286194
Running simulation w/ ws = 8.164184e-01 and pmax = 1.000000e+00
0.0002777777999682245
158.59430742263794
Running simulation w/ ws = 5.308469e-01 and pmax = 9.999999e-01
0.00027777775558733277
159.06727933883667
Running simulation w/ ws = 3.064694e-01 and pmax = 9.999999e-01
0.00027777776080861375
161.2592179775238
Running simulation w/ ws = 8.776122e-01 and pmax = 1.000000e+00
0.00027777780780014735
158.51458168029785
Running simulation w/ ws = 2.089796e-02 and pmax = 9.999998e-01
0.00027777772425964867
160.7772295475006
Running simulation w/ ws = 1.228878e-01 and pmax = 1.000000e+00
0.000277777828685276
159.2651617527008
Running simulation w/ ws = 9.796020e-01 and pmax = 1.000000e+00
0.0002777778208533526
159.5581500530243
Running simulation w/ ws = 5.308469e-01 and pmax = 1.000000e+00
0.0002777777973575837
158.83560132980347
Running simulation w/ ws = 4.492551e-01 and pmax = 9.999999e-01
0.00027777773992349026
159.04200220108032
Running simulation w/ ws = 1.024898e-01 and pmax = 9.999999e-01
0.00027777773992349026
160.30825114250183
Running simulation w/ ws = 7.144286e-01 and pmax = 9.999999e-01
0.00027777774253413064
158.47079944610596
Running simulation w/ ws = 3.472653e-01 and pmax = 9.999999e-01
0.00027777773731284993
158.23994040489197
Running simulation w/ ws = 2.452755e-01 and pmax = 9.999999e-01
0.00027777775558733277
158.3013892173767
Running simulation w/ ws = 1.432857e-01 and pmax = 9.999999e-01
0.000277777745144771
160.63137364387512
Running simulation w/ ws = 7.756224e-01 and pmax = 1.000000e+00
0.0002777777947469428
159.91828107833862
Running simulation w/ ws = 5.512449e-01 and pmax = 9.999999e-01
0.00027777776080861375
160.14412379264832
Running simulation w/ ws = 5.308469e-01 and pmax = 1.000000e+00
0.00027777782607463485
159.50034356117249
Running simulation w/ ws = 2.656735e-01 and pmax = 9.999998e-01
0.0002777777216490085
160.87443780899048
Running simulation w/ ws = 2.248776e-01 and pmax = 1.000000e+00
0.00027777783651719963
161.34581756591797
Running simulation w/ ws = 1.228878e-01 and pmax = 1.000000e+00
0.00027777781824271154
158.36921334266663
Running simulation w/ ws = 6.328367e-01 and pmax = 9.999998e-01
0.0002777777268702889
160.69922161102295
Running simulation w/ ws = 6.940306e-01 and pmax = 9.999999e-01
0.00027777775819797326
161.6689190864563
Running simulation w/ ws = 8.209184e-02 and pmax = 1.000000e+00
0.00027777778691502034
161.55425095558167
Running simulation w/ ws = 4.492551e-01 and pmax = 9.999999e-01
0.0002777777529766923
159.10863256454468
Running simulation w/ ws = 2.044796e-01 and pmax = 1.000000e+00
0.0002777777973575837
160.38755464553833
Running simulation w/ ws = 1.000000e+00 and pmax = 9.999998e-01
0.00027777773470220965
158.1774709224701
Running simulation w/ ws = 5.308469e-01 and pmax = 9.999999e-01
0.00027777776080861375
158.70218658447266
Running simulation w/ ws = 3.676633e-01 and pmax = 1.000000e+00
0.00027777783651719963
144.33489680290222
138.10551953315735
139.43749570846558
143.08605551719666
Running simulation w/ ws = 8.980102e-01 and pmax = 1.000000e+00
0.00027777782607463485
Running simulation w/ ws = 8.368163e-01 and pmax = 9.999999e-01
0.00027777776341925435
Running simulation w/ ws = 3.880612e-01 and pmax = 9.999998e-01
0.0002777777320915694
Running simulation w/ ws = 1.000000e+00 and pmax = 1.000000e+00
0.00027777781563207045
154.24493503570557
Running simulation w/ ws = 2.656735e-01 and pmax = 9.999999e-01
0.00027777773731284993
154.92199778556824
Running simulation w/ ws = 7.348265e-01 and pmax = 1.000000e+00
0.00027777778169373887
161.58187985420227
Running simulation w/ ws = 1.432857e-01 and pmax = 1.000000e+00
0.0002777777712511761
163.3522434234619
Running simulation w/ ws = 8.368163e-01 and pmax = 9.999999e-01
0.00027777775819797326
157.43155694007874
Running simulation w/ ws = 4.084592e-01 and pmax = 1.000000e+00
0.00027777783390655844
158.60743713378906
Running simulation w/ ws = 5.716429e-01 and pmax = 9.999999e-01
0.00027777773731284993
156.03539896011353
Running simulation w/ ws = 7.144286e-01 and pmax = 9.999998e-01
0.0002777777164277282
158.65362167358398
Running simulation w/ ws = 1.636837e-01 and pmax = 9.999998e-01
0.0002777777320915694
157.89211916923523
Running simulation w/ ws = 6.532347e-01 and pmax = 9.999998e-01
0.0002777777164277282
158.03208136558533
Running simulation w/ ws = 6.940306e-01 and pmax = 1.000000e+00
0.00027777781824271154
157.38985681533813
Running simulation w/ ws = 6.328367e-01 and pmax = 9.999999e-01
0.00027777775036605184
157.41943979263306
Running simulation w/ ws = 8.209184e-02 and pmax = 9.999998e-01
0.0002777777138170881
158.4476716518402
Running simulation w/ ws = 1.024898e-01 and pmax = 1.000000e+00
0.00027777778691502034
158.45154809951782
Running simulation w/ ws = 8.209184e-02 and pmax = 9.999999e-01
0.00027777773992349026
157.09270811080933
Running simulation w/ ws = 2.044796e-01 and pmax = 1.000000e+00
0.00027777783651719963
158.27842092514038
Running simulation w/ ws = 2.860714e-01 and pmax = 9.999999e-01
0.00027777773992349026
158.84733390808105
Running simulation w/ ws = 6.169388e-02 and pmax = 1.000000e+00
0.0002777778312959172
160.03369283676147
Running simulation w/ ws = 1.432857e-01 and pmax = 9.999999e-01
0.00027777774253413064
159.77085304260254
Running simulation w/ ws = 9.184082e-01 and pmax = 1.000000e+00
0.00027777778169373887
159.94613528251648
Running simulation w/ ws = 8.164184e-01 and pmax = 9.999998e-01
0.00027777773470220965
158.40607023239136
Running simulation w/ ws = 6.532347e-01 and pmax = 9.999999e-01
0.000277777745144771
158.8696050643921
Running simulation w/ ws = 8.572143e-01 and pmax = 1.000000e+00
0.0002777778208533526
156.70966362953186
Running simulation w/ ws = 8.209184e-02 and pmax = 9.999999e-01
0.0002777777477554114
157.85034132003784
Running simulation w/ ws = 2.248776e-01 and pmax = 9.999998e-01
0.0002777777320915694
156.06902146339417
Running simulation w/ ws = 9.388061e-01 and pmax = 1.000000e+00
0.0002777777843043796
157.54243850708008
Running simulation w/ ws = 7.552245e-01 and pmax = 9.999998e-01
0.0002777777138170881
159.67693090438843
Running simulation w/ ws = 5.000000e-04 and pmax = 9.999998e-01
0.00027777772425964867
157.8930425643921
Running simulation w/ ws = 8.209184e-02 and pmax = 9.999999e-01
0.00027777776341925435
157.33541679382324
Running simulation w/ ws = 4.696531e-01 and pmax = 9.999999e-01
0.00027777775558733277
157.269300699234
Running simulation w/ ws = 4.900510e-01 and pmax = 1.000000e+00
0.0002777777947469428
159.68832683563232
Running simulation w/ ws = 5.716429e-01 and pmax = 1.000000e+00
0.00027777783390655844
159.46342945098877
Running simulation w/ ws = 4.900510e-01 and pmax = 1.000000e+00
0.0002777778051895064
158.61550402641296
Running simulation w/ ws = 3.064694e-01 and pmax = 1.000000e+00
0.0002777778104107884
157.71266388893127
Running simulation w/ ws = 5.716429e-01 and pmax = 9.999999e-01
0.00027777775036605184
159.63732314109802
Running simulation w/ ws = 7.756224e-01 and pmax = 1.000000e+00
0.0002777778130214294
160.62684059143066
Running simulation w/ ws = 3.880612e-01 and pmax = 9.999999e-01
0.00027777775558733277
149.9293601512909
148.82873153686523
147.14461469650269
143.5203275680542
Running simulation w/ ws = 1.228878e-01 and pmax = 9.999999e-01
0.00027777775819797326
Running simulation w/ ws = 4.696531e-01 and pmax = 1.000000e+00
0.0002777778051895064
Running simulation w/ ws = 5.920408e-01 and pmax = 9.999998e-01
0.0002777777320915694
Running simulation w/ ws = 2.044796e-01 and pmax = 9.999999e-01
0.00027777775819797326
154.35002851486206
Running simulation w/ ws = 7.348265e-01 and pmax = 1.000000e+00
0.0002777778051895064
156.0688796043396
Running simulation w/ ws = 6.736327e-01 and pmax = 1.000000e+00
0.00027777783390655844
158.0447063446045
Running simulation w/ ws = 1.024898e-01 and pmax = 1.000000e+00
0.0002777778025788655
168.32239723205566
Running simulation w/ ws = 6.532347e-01 and pmax = 1.000000e+00
0.00027777777386181674
153.44239902496338
Running simulation w/ ws = 2.860714e-01 and pmax = 1.000000e+00
0.0002777777999682245
153.80842757225037
Running simulation w/ ws = 2.860714e-01 and pmax = 1.000000e+00
0.0002777777764724574
154.64418506622314
Running simulation w/ ws = 3.472653e-01 and pmax = 9.999999e-01
0.000277777745144771
175.04829263687134
Running simulation w/ ws = 9.592041e-01 and pmax = 9.999999e-01
0.00027777773992349026
158.97218585014343
Running simulation w/ ws = 8.164184e-01 and pmax = 1.000000e+00
0.0002777777843043796
159.01051211357117
Running simulation w/ ws = 9.184082e-01 and pmax = 1.000000e+00
0.00027777780780014735
158.73285484313965
Running simulation w/ ws = 7.960204e-01 and pmax = 1.000000e+00
0.00027777781563207045
156.7649176120758
Running simulation w/ ws = 6.169388e-02 and pmax = 1.000000e+00
0.000277777828685276
156.37069940567017
Running simulation w/ ws = 1.000000e+00 and pmax = 9.999998e-01
0.0002777777216490085
159.5169219970703
Running simulation w/ ws = 5.716429e-01 and pmax = 9.999999e-01
0.00027777775558733277
159.08544492721558
Running simulation w/ ws = 4.129592e-02 and pmax = 1.000000e+00
0.0002777777895256611
158.82773327827454
Running simulation w/ ws = 9.388061e-01 and pmax = 1.000000e+00
0.00027777780780014735
158.69527292251587
Running simulation w/ ws = 9.796020e-01 and pmax = 9.999998e-01
0.0002777777320915694
159.42894053459167
Running simulation w/ ws = 1.000000e+00 and pmax = 1.000000e+00
0.0002777778208533526
159.86782503128052
Running simulation w/ ws = 5.512449e-01 and pmax = 1.000000e+00
0.0002777777660298949
157.47954869270325
Running simulation w/ ws = 6.169388e-02 and pmax = 9.999999e-01
0.00027777776341925435
156.44055891036987
Running simulation w/ ws = 8.572143e-01 and pmax = 9.999998e-01
0.00027777773470220965
160.48506498336792
Running simulation w/ ws = 9.796020e-01 and pmax = 1.000000e+00
0.00027777781824271154
158.78453993797302
Running simulation w/ ws = 5.000000e-04 and pmax = 9.999999e-01
0.00027777775036605184
159.51326155662537
Running simulation w/ ws = 7.348265e-01 and pmax = 1.000000e+00
0.0002777777764724574
160.17915987968445
Running simulation w/ ws = 6.124388e-01 and pmax = 1.000000e+00
0.00027777780780014735
158.63268208503723
Running simulation w/ ws = 9.592041e-01 and pmax = 1.000000e+00
0.0002777777660298949
161.56996393203735
Running simulation w/ ws = 5.308469e-01 and pmax = 1.000000e+00
0.0002777777660298949
157.92591452598572
Running simulation w/ ws = 4.129592e-02 and pmax = 9.999999e-01
0.00027777775558733277
158.1856324672699
Running simulation w/ ws = 8.368163e-01 and pmax = 9.999999e-01
0.00027777776080861375
159.78928208351135
Running simulation w/ ws = 5.716429e-01 and pmax = 1.000000e+00
0.00027777779213630197
158.90846633911133
Running simulation w/ ws = 6.532347e-01 and pmax = 9.999998e-01
0.0002777777320915694
159.0616273880005
Running simulation w/ ws = 8.368163e-01 and pmax = 1.000000e+00
0.0002777777843043796
160.50902843475342
Running simulation w/ ws = 4.288571e-01 and pmax = 9.999999e-01
0.00027777775558733277
159.78948187828064
Running simulation w/ ws = 2.860714e-01 and pmax = 1.000000e+00
0.0002777778208533526
161.0741901397705
Running simulation w/ ws = 5.104490e-01 and pmax = 1.000000e+00
0.0002777778234639937
159.51055145263672
123.84450507164001
117.70342540740967
118.47386598587036
Running simulation w/ ws = 5.104490e-01 and pmax = 1.000000e+00
0.00027777781824271154
Running simulation w/ ws = 3.880612e-01 and pmax = 1.000000e+00
0.0002777778130214294
Running simulation w/ ws = 7.348265e-01 and pmax = 1.000000e+00
0.0002777777947469428
Running simulation w/ ws = 9.388061e-01 and pmax = 1.000000e+00
0.0002777777947469428
154.07716393470764
Running simulation w/ ws = 8.572143e-01 and pmax = 1.000000e+00
0.00027777783651719963
156.20938777923584
Running simulation w/ ws = 2.248776e-01 and pmax = 1.000000e+00
0.00027777777386181674
164.885351896286
Running simulation w/ ws = 2.860714e-01 and pmax = 9.999998e-01
0.0002777777164277282
165.76728010177612
Running simulation w/ ws = 8.209184e-02 and pmax = 1.000000e+00
0.0002777778391278409
148.94895601272583
Running simulation w/ ws = 6.328367e-01 and pmax = 1.000000e+00
0.0002777778104107884
152.3431534767151
Running simulation w/ ws = 4.288571e-01 and pmax = 9.999999e-01
0.00027777776341925435
170.44847083091736
Running simulation w/ ws = 3.472653e-01 and pmax = 1.000000e+00
0.00027777781563207045
171.46883845329285
Running simulation w/ ws = 6.124388e-01 and pmax = 1.000000e+00
0.0002777778104107884
159.1065113544464
Running simulation w/ ws = 8.980102e-01 and pmax = 1.000000e+00
0.0002777778391278409
160.07626247406006
Running simulation w/ ws = 9.184082e-01 and pmax = 1.000000e+00
0.0002777777895256611
159.64837646484375
Running simulation w/ ws = 3.472653e-01 and pmax = 1.000000e+00
0.0002777778104107884
161.1299147605896
Running simulation w/ ws = 4.492551e-01 and pmax = 9.999998e-01
0.00027777773470220965
158.62014865875244
Running simulation w/ ws = 8.980102e-01 and pmax = 1.000000e+00
0.0002777778312959172
161.56274819374084
Running simulation w/ ws = 9.592041e-01 and pmax = 1.000000e+00
0.0002777777764724574
160.0034613609314
Running simulation w/ ws = 7.144286e-01 and pmax = 1.000000e+00
0.0002777777999682245
160.61589431762695
Running simulation w/ ws = 1.000000e+00 and pmax = 9.999998e-01
0.0002777777138170881
149.9641580581665
Running simulation w/ ws = 8.164184e-01 and pmax = 9.999999e-01
0.0002777777477554114
167.4620554447174
Running simulation w/ ws = 7.756224e-01 and pmax = 9.999998e-01
0.0002777777164277282
151.90424370765686
Running simulation w/ ws = 7.552245e-01 and pmax = 1.000000e+00
0.0002777777660298949
169.9036464691162
Running simulation w/ ws = 8.164184e-01 and pmax = 1.000000e+00
0.0002777778051895064
158.38463711738586
Running simulation w/ ws = 4.492551e-01 and pmax = 9.999999e-01
0.00027777775036605184
157.06830406188965
Running simulation w/ ws = 7.552245e-01 and pmax = 1.000000e+00
0.000277777828685276
159.8262870311737
Running simulation w/ ws = 3.064694e-01 and pmax = 1.000000e+00
0.00027777778169373887
158.91661381721497
Running simulation w/ ws = 1.000000e+00 and pmax = 1.000000e+00
0.00027777780780014735
157.27042937278748
Running simulation w/ ws = 4.696531e-01 and pmax = 9.999999e-01
0.000277777745144771
158.65762400627136
Running simulation w/ ws = 4.288571e-01 and pmax = 9.999998e-01
0.0002777777164277282
160.2026286125183
Running simulation w/ ws = 1.636837e-01 and pmax = 1.000000e+00
0.000277777828685276
160.05323147773743
Running simulation w/ ws = 3.676633e-01 and pmax = 1.000000e+00
0.0002777777686405355
158.34599614143372
Running simulation w/ ws = 5.716429e-01 and pmax = 1.000000e+00
0.00027777777386181674
157.74657225608826
Running simulation w/ ws = 2.656735e-01 and pmax = 1.000000e+00
0.0002777777686405355
159.71763348579407
Running simulation w/ ws = 1.636837e-01 and pmax = 1.000000e+00
0.0002777777999682245
161.1455328464508
Running simulation w/ ws = 2.656735e-01 and pmax = 9.999998e-01
0.00027777773470220965
157.5204758644104
Running simulation w/ ws = 9.796020e-01 and pmax = 1.000000e+00
0.0002777778051895064
158.36968612670898
Running simulation w/ ws = 1.840816e-01 and pmax = 1.000000e+00
0.0002777778234639937
159.60010981559753
Running simulation w/ ws = 6.736327e-01 and pmax = 1.000000e+00
0.00027777782607463485
160.2772171497345
121.27018284797668
117.8649480342865
110.57624220848083
There are 50 tasks
