Running simulation w/ ws = 4.696531e-01 and pmax = -1.000000e-07
-2.7777777777777777e-11
Running simulation w/ ws = 5.308469e-01 and pmax = -2.244898e-08
-6.2358276643990936e-12
Running simulation w/ ws = 6.736327e-01 and pmax = 1.000000e-07
2.7777777777777777e-11
Running simulation w/ ws = 4.696531e-01 and pmax = 6.326531e-08
1.7573696145124714e-11
156.06988263130188
Running simulation w/ ws = 7.348265e-01 and pmax = -4.285714e-08
-1.1904761904761902e-11
157.64584255218506
Running simulation w/ ws = 8.572143e-01 and pmax = 8.367347e-08
2.3242630385487528e-11
159.28103137016296
Running simulation w/ ws = 5.512449e-01 and pmax = -2.040816e-09
-5.668934240362809e-13
161.6545922756195
Running simulation w/ ws = 2.656735e-01 and pmax = 3.061224e-08
8.503401360544217e-12
156.4250614643097
Running simulation w/ ws = 1.228878e-01 and pmax = -2.653061e-08
-7.369614512471656e-12
155.25552248954773
Running simulation w/ ws = 1.636837e-01 and pmax = 8.367347e-08
2.3242630385487528e-11
163.78899908065796
Running simulation w/ ws = 7.960204e-01 and pmax = 9.591837e-08
2.6643990929705214e-11
161.78294563293457
Running simulation w/ ws = 6.736327e-01 and pmax = 7.551020e-08
2.0975056689342406e-11
157.53328490257263
157.97667527198792
Running simulation w/ ws = 2.089796e-02 and pmax = -4.285714e-08
-1.1904761904761902e-11
Running simulation w/ ws = 5.716429e-01 and pmax = -8.367347e-08
-2.3242630385487528e-11
161.15489268302917
Running simulation w/ ws = 1.024898e-01 and pmax = 6.326531e-08
1.7573696145124714e-11
162.64498710632324
Running simulation w/ ws = 5.104490e-01 and pmax = 1.020408e-08
2.834467120181405e-12
158.32024812698364
Running simulation w/ ws = 5.920408e-01 and pmax = 1.836735e-08
5.102040816326532e-12
159.08449363708496
Running simulation w/ ws = 5.920408e-01 and pmax = -6.734694e-08
-1.8707482993197277e-11
160.18435764312744
Running simulation w/ ws = 7.144286e-01 and pmax = 1.428571e-08
3.96825396825397e-12
161.9998607635498
Running simulation w/ ws = 4.696531e-01 and pmax = 4.693878e-08
1.3038548752834465e-11
159.94144105911255
Running simulation w/ ws = 5.000000e-04 and pmax = 8.775510e-08
2.437641723356009e-11
159.80937695503235
Running simulation w/ ws = 4.084592e-01 and pmax = -6.122449e-09
-1.7006802721088427e-12
159.90232253074646
Running simulation w/ ws = 2.248776e-01 and pmax = 1.020408e-08
2.834467120181405e-12
161.40540885925293
Running simulation w/ ws = 6.736327e-01 and pmax = 4.693878e-08
1.3038548752834465e-11
159.3883318901062
Running simulation w/ ws = 8.368163e-01 and pmax = 7.142857e-08
1.9841269841269843e-11
159.48345470428467
Running simulation w/ ws = 8.776122e-01 and pmax = -6.122449e-09
-1.7006802721088427e-12
160.8281364440918
Running simulation w/ ws = 7.144286e-01 and pmax = -8.367347e-08
-2.3242630385487528e-11
161.10356402397156
Running simulation w/ ws = 6.328367e-01 and pmax = 1.836735e-08
5.102040816326532e-12
159.02802276611328
Running simulation w/ ws = 3.880612e-01 and pmax = 3.061224e-08
8.503401360544217e-12
159.90002584457397
Running simulation w/ ws = 9.796020e-01 and pmax = -5.918367e-08
-1.6439909297052154e-11
160.58463168144226
Running simulation w/ ws = 3.268673e-01 and pmax = 8.775510e-08
2.437641723356009e-11
161.91277933120728
Running simulation w/ ws = 7.144286e-01 and pmax = -3.061224e-08
-8.503401360544217e-12
159.97376155853271
Running simulation w/ ws = 9.796020e-01 and pmax = -3.469388e-08
-9.63718820861678e-12
161.3137080669403
Running simulation w/ ws = 5.920408e-01 and pmax = 2.653061e-08
7.369614512471656e-12
160.26020193099976
Running simulation w/ ws = 3.064694e-01 and pmax = 6.734694e-08
1.8707482993197283e-11
162.16519141197205
Running simulation w/ ws = 2.089796e-02 and pmax = 3.877551e-08
1.0770975056689341e-11
158.39769411087036
Running simulation w/ ws = 9.184082e-01 and pmax = 7.959184e-08
2.210884353741497e-11
159.14325666427612
Running simulation w/ ws = 6.736327e-01 and pmax = 1.428571e-08
3.96825396825397e-12
158.5076105594635
Running simulation w/ ws = 2.656735e-01 and pmax = 1.000000e-07
2.7777777777777777e-11
161.9880096912384
118.44233775138855
119.82197189331055
105.98637247085571
Running simulation w/ ws = 7.756224e-01 and pmax = 5.510204e-08
1.5306122448979588e-11
Running simulation w/ ws = 2.044796e-01 and pmax = -2.040816e-09
-5.668934240362809e-13
Running simulation w/ ws = 1.228878e-01 and pmax = 1.000000e-07
2.7777777777777777e-11
Running simulation w/ ws = 8.209184e-02 and pmax = 1.836735e-08
5.102040816326532e-12
158.19218349456787
Running simulation w/ ws = 2.452755e-01 and pmax = -1.000000e-07
-2.7777777777777777e-11
159.2566728591919
159.27333331108093
Running simulation w/ ws = 3.064694e-01 and pmax = -4.285714e-08
-1.1904761904761902e-11
Running simulation w/ ws = 6.124388e-01 and pmax = -9.591837e-08
-2.6643990929705214e-11
160.488667011261
Running simulation w/ ws = 8.980102e-01 and pmax = 7.551020e-08
2.0975056689342406e-11
157.80492186546326
Running simulation w/ ws = 5.920408e-01 and pmax = 2.244898e-08
6.2358276643990936e-12
158.27719950675964
Running simulation w/ ws = 3.676633e-01 and pmax = -8.367347e-08
-2.3242630385487528e-11
159.13788032531738
Running simulation w/ ws = 7.552245e-01 and pmax = -2.040816e-09
-5.668934240362809e-13
158.4590015411377
Running simulation w/ ws = 9.592041e-01 and pmax = 1.836735e-08
5.102040816326532e-12
158.02534866333008
Running simulation w/ ws = 4.084592e-01 and pmax = 9.591837e-08
2.6643990929705214e-11
157.92613744735718
Running simulation w/ ws = 3.064694e-01 and pmax = 6.122449e-09
1.7006802721088427e-12
158.73305821418762
Running simulation w/ ws = 4.129592e-02 and pmax = 1.428571e-08
3.96825396825397e-12
160.08597326278687
Running simulation w/ ws = 2.248776e-01 and pmax = -5.918367e-08
-1.6439909297052154e-11
158.88460063934326
Running simulation w/ ws = 3.880612e-01 and pmax = -2.040816e-09
-5.668934240362809e-13
157.95856380462646
Running simulation w/ ws = 6.736327e-01 and pmax = -6.734694e-08
-1.8707482993197277e-11
159.53926277160645
Running simulation w/ ws = 1.636837e-01 and pmax = 1.836735e-08
5.102040816326532e-12
158.415048122406
Running simulation w/ ws = 2.044796e-01 and pmax = -8.367347e-08
-2.3242630385487528e-11
157.22368669509888
Running simulation w/ ws = 7.144286e-01 and pmax = -6.326531e-08
-1.7573696145124717e-11
159.35363864898682
Running simulation w/ ws = 8.164184e-01 and pmax = 1.000000e-07
2.7777777777777777e-11
157.792245388031
Running simulation w/ ws = 7.348265e-01 and pmax = -7.959184e-08
-2.210884353741497e-11
159.34572625160217
Running simulation w/ ws = 4.492551e-01 and pmax = -3.469388e-08
-9.63718820861678e-12
158.63899087905884
Running simulation w/ ws = 3.676633e-01 and pmax = 6.326531e-08
1.7573696145124714e-11
159.1037082672119
Running simulation w/ ws = 9.184082e-01 and pmax = -5.510204e-08
-1.530612244897959e-11
158.78574204444885
Running simulation w/ ws = 6.124388e-01 and pmax = 6.734694e-08
1.8707482993197283e-11
159.786194562912
Running simulation w/ ws = 8.776122e-01 and pmax = -5.510204e-08
-1.530612244897959e-11
158.7425880432129
Running simulation w/ ws = 7.960204e-01 and pmax = 4.693878e-08
1.3038548752834465e-11
157.82972049713135
Running simulation w/ ws = 5.000000e-04 and pmax = -8.775510e-08
-2.437641723356009e-11
159.47562456130981
Running simulation w/ ws = 9.184082e-01 and pmax = 6.734694e-08
1.8707482993197283e-11
161.61736631393433
Running simulation w/ ws = 9.388061e-01 and pmax = -1.000000e-07
-2.7777777777777777e-11
157.34578800201416
Running simulation w/ ws = 4.492551e-01 and pmax = 2.244898e-08
6.2358276643990936e-12
157.7706754207611
Running simulation w/ ws = 7.144286e-01 and pmax = -1.000000e-07
-2.7777777777777777e-11
158.09056663513184
Running simulation w/ ws = 3.880612e-01 and pmax = -5.102041e-08
-1.4172335600907028e-11
159.72450160980225
Running simulation w/ ws = 3.472653e-01 and pmax = 9.183673e-08
2.5510204081632654e-11
158.635662317276
Running simulation w/ ws = 8.368163e-01 and pmax = -5.510204e-08
-1.530612244897959e-11
159.72251152992249
Running simulation w/ ws = 1.024898e-01 and pmax = -3.877551e-08
-1.0770975056689341e-11
158.98472499847412
Running simulation w/ ws = 3.064694e-01 and pmax = -7.551020e-08
-2.0975056689342402e-11
158.51919841766357
Running simulation w/ ws = 5.512449e-01 and pmax = 9.183673e-08
2.5510204081632654e-11
153.65442419052124
151.55790328979492
149.41860389709473
144.60777401924133
Running simulation w/ ws = 4.900510e-01 and pmax = -6.734694e-08
-1.8707482993197277e-11
Running simulation w/ ws = 2.089796e-02 and pmax = -1.020408e-08
-2.834467120181405e-12
Running simulation w/ ws = 2.044796e-01 and pmax = -4.693878e-08
-1.3038548752834467e-11
Running simulation w/ ws = 8.209184e-02 and pmax = 5.510204e-08
1.5306122448979588e-11
155.49318313598633
Running simulation w/ ws = 1.000000e+00 and pmax = -7.551020e-08
-2.0975056689342402e-11
161.53713750839233
Running simulation w/ ws = 4.129592e-02 and pmax = 3.877551e-08
1.0770975056689341e-11
163.65867614746094
Running simulation w/ ws = 5.716429e-01 and pmax = 9.183673e-08
2.5510204081632654e-11
164.4583044052124
Running simulation w/ ws = 1.228878e-01 and pmax = -5.102041e-08
-1.4172335600907028e-11
158.57390785217285
Running simulation w/ ws = 7.144286e-01 and pmax = 4.693878e-08
1.3038548752834465e-11
160.44017624855042
Running simulation w/ ws = 7.348265e-01 and pmax = 2.040816e-09
5.668934240362809e-13
159.74704694747925
Running simulation w/ ws = 6.169388e-02 and pmax = -6.734694e-08
-1.8707482993197277e-11
161.5512776374817
Running simulation w/ ws = 4.492551e-01 and pmax = 3.061224e-08
8.503401360544217e-12
161.34161496162415
Running simulation w/ ws = 3.472653e-01 and pmax = -3.469388e-08
-9.63718820861678e-12
160.62984347343445
Running simulation w/ ws = 5.512449e-01 and pmax = -5.102041e-08
-1.4172335600907028e-11
157.570237159729
Running simulation w/ ws = 9.592041e-01 and pmax = -6.326531e-08
-1.7573696145124717e-11
160.4903645515442
Running simulation w/ ws = 9.796020e-01 and pmax = -1.428571e-08
-3.968253968253966e-12
161.6801953315735
Running simulation w/ ws = 4.900510e-01 and pmax = 8.775510e-08
2.437641723356009e-11
154.4255871772766
Running simulation w/ ws = 8.368163e-01 and pmax = -9.591837e-08
-2.6643990929705214e-11
160.03494381904602
Running simulation w/ ws = 1.228878e-01 and pmax = -2.244898e-08
-6.2358276643990936e-12
161.96176481246948
Running simulation w/ ws = 1.228878e-01 and pmax = -1.020408e-08
-2.834467120181405e-12
154.4135935306549
Running simulation w/ ws = 7.552245e-01 and pmax = -3.061224e-08
-8.503401360544217e-12
163.26808953285217
Running simulation w/ ws = 9.592041e-01 and pmax = -1.000000e-07
-2.7777777777777777e-11
160.143390417099
Running simulation w/ ws = 2.248776e-01 and pmax = 9.183673e-08
2.5510204081632654e-11
162.12855625152588
Running simulation w/ ws = 3.268673e-01 and pmax = 3.877551e-08
1.0770975056689341e-11
155.22065138816833
Running simulation w/ ws = 7.960204e-01 and pmax = -2.244898e-08
-6.2358276643990936e-12
160.77451539039612
Running simulation w/ ws = 6.940306e-01 and pmax = 8.775510e-08
2.437641723356009e-11
162.11995220184326
Running simulation w/ ws = 8.209184e-02 and pmax = -7.551020e-08
-2.0975056689342402e-11
161.93826293945312
Running simulation w/ ws = 1.000000e+00 and pmax = 1.000000e-07
2.7777777777777777e-11
158.9926733970642
Running simulation w/ ws = 5.000000e-04 and pmax = 5.102041e-08
1.4172335600907027e-11
161.02039766311646
Running simulation w/ ws = 4.696531e-01 and pmax = -6.326531e-08
-1.7573696145124717e-11
161.43012118339539
Running simulation w/ ws = 9.388061e-01 and pmax = -4.285714e-08
-1.1904761904761902e-11
161.12466621398926
Running simulation w/ ws = 7.348265e-01 and pmax = 6.326531e-08
1.7573696145124714e-11
164.87017464637756
Running simulation w/ ws = 2.248776e-01 and pmax = -5.102041e-08
-1.4172335600907028e-11
159.9355411529541
Running simulation w/ ws = 2.248776e-01 and pmax = -1.836735e-08
-5.102040816326532e-12
161.1900510787964
Running simulation w/ ws = 6.532347e-01 and pmax = 2.040816e-09
5.668934240362809e-13
160.07330060005188
Running simulation w/ ws = 6.328367e-01 and pmax = 9.591837e-08
2.6643990929705214e-11
152.12522506713867
Running simulation w/ ws = 3.676633e-01 and pmax = 5.918367e-08
1.643990929705215e-11
150.9337763786316
Running simulation w/ ws = 5.512449e-01 and pmax = -6.122449e-09
-1.7006802721088427e-12
171.39209461212158
Running simulation w/ ws = 5.716429e-01 and pmax = 4.285714e-08
1.1904761904761902e-11
170.48302340507507
115.67129802703857
113.53279900550842
114.13623476028442
Running simulation w/ ws = 7.144286e-01 and pmax = -7.959184e-08
-2.210884353741497e-11
Running simulation w/ ws = 1.000000e+00 and pmax = -6.122449e-09
-1.7006802721088427e-12
Running simulation w/ ws = 9.388061e-01 and pmax = -6.326531e-08
-1.7573696145124717e-11
Running simulation w/ ws = 4.129592e-02 and pmax = 4.693878e-08
1.3038548752834465e-11
155.5714991092682
Running simulation w/ ws = 1.024898e-01 and pmax = 7.959184e-08
2.210884353741497e-11
156.7285315990448
Running simulation w/ ws = 7.960204e-01 and pmax = 6.326531e-08
1.7573696145124714e-11
163.54078459739685
Running simulation w/ ws = 2.656735e-01 and pmax = -4.285714e-08
-1.1904761904761902e-11
164.70368599891663
Running simulation w/ ws = 8.164184e-01 and pmax = 6.734694e-08
1.8707482993197283e-11
159.750182390213
Running simulation w/ ws = 7.348265e-01 and pmax = -3.061224e-08
-8.503401360544217e-12
159.56562066078186
Running simulation w/ ws = 2.860714e-01 and pmax = 4.285714e-08
1.1904761904761902e-11
157.19451665878296
Running simulation w/ ws = 9.184082e-01 and pmax = 8.775510e-08
2.437641723356009e-11
159.5944550037384
Running simulation w/ ws = 6.532347e-01 and pmax = -9.183673e-08
-2.5510204081632654e-11
160.31838417053223
Running simulation w/ ws = 5.716429e-01 and pmax = 7.551020e-08
2.0975056689342406e-11
155.1560778617859
Running simulation w/ ws = 8.368163e-01 and pmax = 5.102041e-08
1.4172335600907027e-11
162.10064125061035
Running simulation w/ ws = 1.432857e-01 and pmax = 7.551020e-08
2.0975056689342406e-11
157.27032256126404
Running simulation w/ ws = 3.268673e-01 and pmax = 8.367347e-08
2.3242630385487528e-11
157.67084002494812
Running simulation w/ ws = 6.940306e-01 and pmax = 8.367347e-08
2.3242630385487528e-11
158.91642451286316
Running simulation w/ ws = 5.920408e-01 and pmax = 6.326531e-08
1.7573696145124714e-11
160.92699646949768
Running simulation w/ ws = 2.044796e-01 and pmax = -8.775510e-08
-2.437641723356009e-11
158.36321330070496
Running simulation w/ ws = 1.432857e-01 and pmax = -6.122449e-09
-1.7006802721088427e-12
157.6529974937439
Running simulation w/ ws = 1.840816e-01 and pmax = 1.836735e-08
5.102040816326532e-12
158.57316660881042
Running simulation w/ ws = 9.592041e-01 and pmax = 8.775510e-08
2.437641723356009e-11
159.3781406879425
Running simulation w/ ws = 5.308469e-01 and pmax = 5.918367e-08
1.643990929705215e-11
160.40705060958862
Running simulation w/ ws = 8.776122e-01 and pmax = -9.183673e-08
-2.5510204081632654e-11
156.04900813102722
Running simulation w/ ws = 8.980102e-01 and pmax = -6.326531e-08
-1.7573696145124717e-11
157.83007168769836
Running simulation w/ ws = 1.636837e-01 and pmax = 1.020408e-08
2.834467120181405e-12
159.0606095790863
Running simulation w/ ws = 4.492551e-01 and pmax = -7.959184e-08
-2.210884353741497e-11
160.40092992782593
Running simulation w/ ws = 8.164184e-01 and pmax = 7.142857e-08
1.9841269841269843e-11
157.09087800979614
Running simulation w/ ws = 7.144286e-01 and pmax = 2.040816e-09
5.668934240362809e-13
158.877925157547
Running simulation w/ ws = 9.184082e-01 and pmax = -7.551020e-08
-2.0975056689342402e-11
159.61347723007202
Running simulation w/ ws = 2.044796e-01 and pmax = 7.142857e-08
1.9841269841269843e-11
158.6813473701477
Running simulation w/ ws = 4.492551e-01 and pmax = 3.877551e-08
1.0770975056689341e-11
157.76610112190247
Running simulation w/ ws = 5.104490e-01 and pmax = -2.244898e-08
-6.2358276643990936e-12
158.21399450302124
Running simulation w/ ws = 7.960204e-01 and pmax = 8.775510e-08
2.437641723356009e-11
159.78234696388245
Running simulation w/ ws = 1.636837e-01 and pmax = 2.244898e-08
6.2358276643990936e-12
159.12603068351746
Running simulation w/ ws = 2.089796e-02 and pmax = -6.734694e-08
-1.8707482993197277e-11
156.7886745929718
Running simulation w/ ws = 2.860714e-01 and pmax = -4.693878e-08
-1.3038548752834467e-11
159.04222798347473
Running simulation w/ ws = 6.169388e-02 and pmax = -4.285714e-08
-1.1904761904761902e-11
158.13918328285217
Running simulation w/ ws = 7.144286e-01 and pmax = 5.510204e-08
1.5306122448979588e-11
159.48646569252014
Running simulation w/ ws = 1.228878e-01 and pmax = 6.734694e-08
1.8707482993197283e-11
150.3797149658203
151.29923820495605
144.01454186439514
142.8167896270752
Running simulation w/ ws = 3.676633e-01 and pmax = -2.244898e-08
-6.2358276643990936e-12
Running simulation w/ ws = 7.552245e-01 and pmax = 7.551020e-08
2.0975056689342406e-11
Running simulation w/ ws = 3.268673e-01 and pmax = -3.877551e-08
-1.0770975056689341e-11
Running simulation w/ ws = 6.940306e-01 and pmax = -5.918367e-08
-1.6439909297052154e-11
154.11086535453796
Running simulation w/ ws = 7.144286e-01 and pmax = -6.734694e-08
-1.8707482993197277e-11
155.327627658844
155.334881067276
Running simulation w/ ws = 1.840816e-01 and pmax = -1.428571e-08
-3.968253968253966e-12
Running simulation w/ ws = 4.288571e-01 and pmax = -4.693878e-08
-1.3038548752834467e-11
179.18473768234253
Running simulation w/ ws = 5.104490e-01 and pmax = 4.285714e-08
1.1904761904761902e-11
159.3168921470642
Running simulation w/ ws = 9.592041e-01 and pmax = 3.469388e-08
9.63718820861678e-12
159.56815028190613
Running simulation w/ ws = 6.532347e-01 and pmax = -2.244898e-08
-6.2358276643990936e-12
160.33442163467407
Running simulation w/ ws = 3.064694e-01 and pmax = -1.000000e-07
-2.7777777777777777e-11
160.47415137290955
Running simulation w/ ws = 1.000000e+00 and pmax = 7.959184e-08
2.210884353741497e-11
163.3456265926361
Running simulation w/ ws = 1.840816e-01 and pmax = -8.775510e-08
-2.437641723356009e-11
163.452077627182
Running simulation w/ ws = 2.089796e-02 and pmax = -9.591837e-08
-2.6643990929705214e-11
164.18847966194153
Running simulation w/ ws = 3.268673e-01 and pmax = 7.551020e-08
2.0975056689342406e-11
148.37115955352783
Running simulation w/ ws = 3.064694e-01 and pmax = 7.142857e-08
1.9841269841269843e-11
157.44779086112976
Running simulation w/ ws = 3.064694e-01 and pmax = 5.918367e-08
1.643990929705215e-11
158.0591380596161
Running simulation w/ ws = 1.228878e-01 and pmax = -6.122449e-09
-1.7006802721088427e-12
160.07140135765076
Running simulation w/ ws = 1.636837e-01 and pmax = 2.040816e-09
5.668934240362809e-13
161.4155604839325
Running simulation w/ ws = 4.288571e-01 and pmax = -3.061224e-08
-8.503401360544217e-12
158.4156847000122
Running simulation w/ ws = 8.164184e-01 and pmax = -9.591837e-08
-2.6643990929705214e-11
156.80505299568176
Running simulation w/ ws = 5.000000e-04 and pmax = -1.000000e-07
-2.7777777777777777e-11
159.70494556427002
Running simulation w/ ws = 2.248776e-01 and pmax = -3.877551e-08
-1.0770975056689341e-11
160.83549094200134
Running simulation w/ ws = 4.900510e-01 and pmax = 7.959184e-08
2.210884353741497e-11
158.5962736606598
Running simulation w/ ws = 1.024898e-01 and pmax = -3.061224e-08
-8.503401360544217e-12
159.3337435722351
Running simulation w/ ws = 9.796020e-01 and pmax = 3.061224e-08
8.503401360544217e-12
158.73887085914612
Running simulation w/ ws = 4.492551e-01 and pmax = 6.122449e-09
1.7006802721088427e-12
160.90552735328674
Running simulation w/ ws = 7.552245e-01 and pmax = 5.102041e-08
1.4172335600907027e-11
157.499924659729
Running simulation w/ ws = 7.756224e-01 and pmax = 7.551020e-08
2.0975056689342406e-11
158.40646839141846
Running simulation w/ ws = 8.209184e-02 and pmax = 4.285714e-08
1.1904761904761902e-11
160.78739166259766
Running simulation w/ ws = 2.248776e-01 and pmax = -6.122449e-09
-1.7006802721088427e-12
160.0453941822052
Running simulation w/ ws = 4.900510e-01 and pmax = -6.122449e-09
-1.7006802721088427e-12
157.17727541923523
Running simulation w/ ws = 5.000000e-04 and pmax = -2.653061e-08
-7.369614512471656e-12
158.41938543319702
Running simulation w/ ws = 3.676633e-01 and pmax = -1.428571e-08
-3.968253968253966e-12
160.77476406097412
Running simulation w/ ws = 9.592041e-01 and pmax = -9.591837e-08
-2.6643990929705214e-11
161.77827501296997
Running simulation w/ ws = 2.656735e-01 and pmax = -2.244898e-08
-6.2358276643990936e-12
157.87603449821472
Running simulation w/ ws = 7.756224e-01 and pmax = 2.244898e-08
6.2358276643990936e-12
157.7806429862976
Running simulation w/ ws = 5.920408e-01 and pmax = -3.469388e-08
-9.63718820861678e-12
160.31103420257568
Running simulation w/ ws = 2.452755e-01 and pmax = 5.510204e-08
1.5306122448979588e-11
160.941908121109
121.02458620071411
122.24303865432739
109.70293498039246
Running simulation w/ ws = 6.940306e-01 and pmax = 3.469388e-08
9.63718820861678e-12
Running simulation w/ ws = 6.169388e-02 and pmax = 8.775510e-08
2.437641723356009e-11
Running simulation w/ ws = 6.532347e-01 and pmax = 1.000000e-07
2.7777777777777777e-11
Running simulation w/ ws = 8.209184e-02 and pmax = 6.326531e-08
1.7573696145124714e-11
158.9052176475525
Running simulation w/ ws = 3.676633e-01 and pmax = -5.102041e-08
-1.4172335600907028e-11
161.00284624099731
Running simulation w/ ws = 6.328367e-01 and pmax = -7.959184e-08
-2.210884353741497e-11
161.28025889396667
Running simulation w/ ws = 8.209184e-02 and pmax = 5.102041e-08
1.4172335600907027e-11
163.82758355140686
Running simulation w/ ws = 2.860714e-01 and pmax = -4.285714e-08
-1.1904761904761902e-11
158.9960687160492
Running simulation w/ ws = 2.452755e-01 and pmax = -6.326531e-08
-1.7573696145124717e-11
158.0656406879425
Running simulation w/ ws = 1.432857e-01 and pmax = -5.102041e-08
-1.4172335600907028e-11
160.98945999145508
Running simulation w/ ws = 5.920408e-01 and pmax = 4.693878e-08
1.3038548752834465e-11
159.48842334747314
Running simulation w/ ws = 1.840816e-01 and pmax = -6.122449e-09
-1.7006802721088427e-12
158.78543043136597
Running simulation w/ ws = 4.900510e-01 and pmax = 1.428571e-08
3.96825396825397e-12
160.13327884674072
Running simulation w/ ws = 8.164184e-01 and pmax = -1.836735e-08
-5.102040816326532e-12
160.1384105682373
Running simulation w/ ws = 2.860714e-01 and pmax = 7.551020e-08
2.0975056689342406e-11
159.15509796142578
Running simulation w/ ws = 2.452755e-01 and pmax = 4.285714e-08
1.1904761904761902e-11
160.19318652153015
Running simulation w/ ws = 8.368163e-01 and pmax = 1.000000e-07
2.7777777777777777e-11
159.60280585289001
Running simulation w/ ws = 7.348265e-01 and pmax = 4.285714e-08
1.1904761904761902e-11
159.5897889137268
Running simulation w/ ws = 1.636837e-01 and pmax = -3.061224e-08
-8.503401360544217e-12
159.50566983222961
Running simulation w/ ws = 6.328367e-01 and pmax = 9.183673e-08
2.5510204081632654e-11
160.91720604896545
Running simulation w/ ws = 2.656735e-01 and pmax = -5.510204e-08
-1.530612244897959e-11
161.52955961227417
Running simulation w/ ws = 8.776122e-01 and pmax = 4.693878e-08
1.3038548752834465e-11
160.1681044101715
Running simulation w/ ws = 6.169388e-02 and pmax = 5.102041e-08
1.4172335600907027e-11
162.48271250724792
Running simulation w/ ws = 5.716429e-01 and pmax = 2.040816e-09
5.668934240362809e-13
159.00704050064087
Running simulation w/ ws = 9.796020e-01 and pmax = -2.653061e-08
-7.369614512471656e-12
159.45396065711975
Running simulation w/ ws = 1.228878e-01 and pmax = 7.959184e-08
2.210884353741497e-11
161.44518375396729
Running simulation w/ ws = 7.552245e-01 and pmax = 9.183673e-08
2.5510204081632654e-11
161.61174511909485
Running simulation w/ ws = 1.636837e-01 and pmax = 3.877551e-08
1.0770975056689341e-11
159.50218987464905
Running simulation w/ ws = 1.840816e-01 and pmax = -1.000000e-07
-2.7777777777777777e-11
158.75432014465332
Running simulation w/ ws = 8.209184e-02 and pmax = -4.693878e-08
-1.3038548752834467e-11
161.9377362728119
Running simulation w/ ws = 3.676633e-01 and pmax = -4.693878e-08
-1.3038548752834467e-11
160.77287030220032
Running simulation w/ ws = 4.696531e-01 and pmax = 7.959184e-08
2.210884353741497e-11
158.9940526485443
Running simulation w/ ws = 5.104490e-01 and pmax = -8.775510e-08
-2.437641723356009e-11
160.0965814590454
Running simulation w/ ws = 8.209184e-02 and pmax = -9.183673e-08
-2.5510204081632654e-11
160.40346121788025
Running simulation w/ ws = 8.164184e-01 and pmax = 5.102041e-08
1.4172335600907027e-11
163.34060740470886
Running simulation w/ ws = 3.472653e-01 and pmax = -4.693878e-08
-1.3038548752834467e-11
159.21260809898376
Running simulation w/ ws = 4.900510e-01 and pmax = 5.102041e-08
1.4172335600907027e-11
159.7313826084137
Running simulation w/ ws = 3.880612e-01 and pmax = -4.693878e-08
-1.3038548752834467e-11
159.69146704673767
161.23523259162903
78.5055251121521
74.26594734191895
Running simulation w/ ws = 2.044796e-01 and pmax = -9.591837e-08
-2.6643990929705214e-11
Running simulation w/ ws = 1.432857e-01 and pmax = 3.469388e-08
9.63718820861678e-12
Running simulation w/ ws = 6.169388e-02 and pmax = -4.693878e-08
-1.3038548752834467e-11
Running simulation w/ ws = 7.756224e-01 and pmax = -9.183673e-08
-2.5510204081632654e-11
157.21766352653503
Running simulation w/ ws = 3.268673e-01 and pmax = -1.836735e-08
-5.102040816326532e-12
158.53536200523376
Running simulation w/ ws = 1.432857e-01 and pmax = -7.142857e-08
-1.984126984126984e-11
159.43492650985718
Running simulation w/ ws = 7.756224e-01 and pmax = -2.040816e-09
-5.668934240362809e-13
160.89130926132202
Running simulation w/ ws = 8.164184e-01 and pmax = -6.122449e-09
-1.7006802721088427e-12
156.46115636825562
Running simulation w/ ws = 6.532347e-01 and pmax = -6.734694e-08
-1.8707482993197277e-11
157.85251379013062
Running simulation w/ ws = 1.636837e-01 and pmax = 4.693878e-08
1.3038548752834465e-11
159.02293395996094
Running simulation w/ ws = 3.676633e-01 and pmax = 2.040816e-09
5.668934240362809e-13
161.92550373077393
Running simulation w/ ws = 4.129592e-02 and pmax = -1.836735e-08
-5.102040816326532e-12
158.04210877418518
Running simulation w/ ws = 6.124388e-01 and pmax = 6.122449e-09
1.7006802721088427e-12
158.09256148338318
Running simulation w/ ws = 5.104490e-01 and pmax = -5.510204e-08
-1.530612244897959e-11
157.56532835960388
Running simulation w/ ws = 4.696531e-01 and pmax = -7.551020e-08
-2.0975056689342402e-11
160.84923124313354
Running simulation w/ ws = 2.860714e-01 and pmax = 1.000000e-07
2.7777777777777777e-11
157.5248579978943
Running simulation w/ ws = 3.472653e-01 and pmax = 4.693878e-08
1.3038548752834465e-11
157.44878888130188
Running simulation w/ ws = 4.084592e-01 and pmax = -2.653061e-08
-7.369614512471656e-12
157.82919192314148
Running simulation w/ ws = 1.024898e-01 and pmax = 6.122449e-09
1.7006802721088427e-12
161.55547833442688
Running simulation w/ ws = 2.044796e-01 and pmax = -9.183673e-08
-2.5510204081632654e-11
158.52291345596313
Running simulation w/ ws = 6.736327e-01 and pmax = -3.061224e-08
-8.503401360544217e-12
157.20832800865173
Running simulation w/ ws = 8.209184e-02 and pmax = -1.428571e-08
-3.968253968253966e-12
159.80967235565186
Running simulation w/ ws = 9.796020e-01 and pmax = -2.244898e-08
-6.2358276643990936e-12
161.13957738876343
Running simulation w/ ws = 2.860714e-01 and pmax = 3.061224e-08
8.503401360544217e-12
158.50031971931458
Running simulation w/ ws = 6.124388e-01 and pmax = -7.959184e-08
-2.210884353741497e-11
159.19552969932556
Running simulation w/ ws = 7.960204e-01 and pmax = -6.122449e-09
-1.7006802721088427e-12
159.7000675201416
Running simulation w/ ws = 6.736327e-01 and pmax = 4.285714e-08
1.1904761904761902e-11
160.62830543518066
Running simulation w/ ws = 5.716429e-01 and pmax = 5.510204e-08
1.5306122448979588e-11
158.95839738845825
Running simulation w/ ws = 7.552245e-01 and pmax = 3.877551e-08
1.0770975056689341e-11
157.4882345199585
Running simulation w/ ws = 6.532347e-01 and pmax = 2.244898e-08
6.2358276643990936e-12
158.95478773117065
Running simulation w/ ws = 1.840816e-01 and pmax = 1.000000e-07
2.7777777777777777e-11
162.4832842350006
Running simulation w/ ws = 2.248776e-01 and pmax = -6.734694e-08
-1.8707482993197277e-11
156.8593738079071
Running simulation w/ ws = 3.880612e-01 and pmax = -7.142857e-08
-1.984126984126984e-11
159.0799298286438
Running simulation w/ ws = 5.104490e-01 and pmax = 3.469388e-08
9.63718820861678e-12
160.6474325656891
Running simulation w/ ws = 4.492551e-01 and pmax = -3.877551e-08
-1.0770975056689341e-11
161.9023416042328
Running simulation w/ ws = 1.432857e-01 and pmax = 9.591837e-08
2.6643990929705214e-11
156.97086429595947
Running simulation w/ ws = 9.592041e-01 and pmax = -5.102041e-08
-1.4172335600907028e-11
159.0327160358429
Running simulation w/ ws = 2.248776e-01 and pmax = 6.326531e-08
1.7573696145124714e-11
160.2444748878479
Running simulation w/ ws = 4.492551e-01 and pmax = 2.040816e-09
5.668934240362809e-13
160.30870127677917
122.62478303909302
120.60291957855225
111.121013879776
Running simulation w/ ws = 8.572143e-01 and pmax = 4.693878e-08
1.3038548752834465e-11
Running simulation w/ ws = 6.532347e-01 and pmax = 7.551020e-08
2.0975056689342406e-11
Running simulation w/ ws = 4.129592e-02 and pmax = -1.428571e-08
-3.968253968253966e-12
Running simulation w/ ws = 6.124388e-01 and pmax = -6.326531e-08
-1.7573696145124717e-11
159.38301157951355
Running simulation w/ ws = 6.124388e-01 and pmax = 3.877551e-08
1.0770975056689341e-11
159.6926372051239
Running simulation w/ ws = 8.209184e-02 and pmax = -4.285714e-08
-1.1904761904761902e-11
160.793559551239
Running simulation w/ ws = 5.920408e-01 and pmax = 9.591837e-08
2.6643990929705214e-11
161.61443185806274
Running simulation w/ ws = 3.880612e-01 and pmax = 1.020408e-08
2.834467120181405e-12
159.99375462532043
Running simulation w/ ws = 4.288571e-01 and pmax = 7.551020e-08
2.0975056689342406e-11
159.4157555103302
Running simulation w/ ws = 1.228878e-01 and pmax = 3.061224e-08
8.503401360544217e-12
161.08205437660217
Running simulation w/ ws = 3.064694e-01 and pmax = 2.244898e-08
6.2358276643990936e-12
161.89730668067932
Running simulation w/ ws = 7.756224e-01 and pmax = 5.102041e-08
1.4172335600907027e-11
159.68535614013672
Running simulation w/ ws = 6.169388e-02 and pmax = 1.836735e-08
5.102040816326532e-12
159.38361144065857
Running simulation w/ ws = 5.920408e-01 and pmax = -9.183673e-08
-2.5510204081632654e-11
160.19936108589172
Running simulation w/ ws = 3.268673e-01 and pmax = -5.102041e-08
-1.4172335600907028e-11
161.60142421722412
Running simulation w/ ws = 9.592041e-01 and pmax = 3.877551e-08
1.0770975056689341e-11
158.8962483406067
Running simulation w/ ws = 1.432857e-01 and pmax = -6.326531e-08
-1.7573696145124717e-11
160.9103331565857
159.58951091766357
Running simulation w/ ws = 5.512449e-01 and pmax = 9.591837e-08
2.6643990929705214e-11
Running simulation w/ ws = 6.736327e-01 and pmax = 3.877551e-08
1.0770975056689341e-11
162.03531193733215
Running simulation w/ ws = 7.552245e-01 and pmax = -3.877551e-08
-1.0770975056689341e-11
158.3806540966034
Running simulation w/ ws = 4.900510e-01 and pmax = 6.734694e-08
1.8707482993197283e-11
159.77062606811523
Running simulation w/ ws = 6.169388e-02 and pmax = -5.102041e-08
-1.4172335600907028e-11
161.6947991847992
Running simulation w/ ws = 8.572143e-01 and pmax = 4.285714e-08
1.1904761904761902e-11
161.60222244262695
Running simulation w/ ws = 5.104490e-01 and pmax = 6.734694e-08
1.8707482993197283e-11
158.91896748542786
Running simulation w/ ws = 1.840816e-01 and pmax = -2.244898e-08
-6.2358276643990936e-12
159.66494989395142
Running simulation w/ ws = 2.656735e-01 and pmax = 1.836735e-08
5.102040816326532e-12
159.58736896514893
Running simulation w/ ws = 9.796020e-01 and pmax = 3.877551e-08
1.0770975056689341e-11
162.247629404068
Running simulation w/ ws = 5.512449e-01 and pmax = 1.836735e-08
5.102040816326532e-12
159.02401781082153
Running simulation w/ ws = 8.368163e-01 and pmax = 3.469388e-08
9.63718820861678e-12
160.58898735046387
Running simulation w/ ws = 5.308469e-01 and pmax = -6.326531e-08
-1.7573696145124717e-11
159.77776193618774
Running simulation w/ ws = 1.024898e-01 and pmax = -7.959184e-08
-2.210884353741497e-11
161.9319303035736
Running simulation w/ ws = 5.104490e-01 and pmax = 1.836735e-08
5.102040816326532e-12
159.07050037384033
Running simulation w/ ws = 3.676633e-01 and pmax = -7.142857e-08
-1.984126984126984e-11
160.86564135551453
Running simulation w/ ws = 1.024898e-01 and pmax = -6.122449e-09
-1.7006802721088427e-12
160.91517663002014
Running simulation w/ ws = 7.552245e-01 and pmax = 6.734694e-08
1.8707482993197283e-11
160.9880247116089
Running simulation w/ ws = 8.572143e-01 and pmax = -1.428571e-08
-3.968253968253966e-12
158.31544995307922
Running simulation w/ ws = 2.248776e-01 and pmax = -9.183673e-08
-2.5510204081632654e-11
159.84884762763977
Running simulation w/ ws = 8.164184e-01 and pmax = -4.285714e-08
-1.1904761904761902e-11
159.8766589164734
Running simulation w/ ws = 5.104490e-01 and pmax = -3.877551e-08
-1.0770975056689341e-11
161.32727313041687
116.91327834129333
113.79452538490295
112.6660463809967
Running simulation w/ ws = 1.636837e-01 and pmax = -3.877551e-08
-1.0770975056689341e-11
Running simulation w/ ws = 2.656735e-01 and pmax = -2.653061e-08
-7.369614512471656e-12
Running simulation w/ ws = 8.164184e-01 and pmax = 1.428571e-08
3.96825396825397e-12
Running simulation w/ ws = 2.860714e-01 and pmax = -8.367347e-08
-2.3242630385487528e-11
157.23126673698425
Running simulation w/ ws = 8.572143e-01 and pmax = 5.102041e-08
1.4172335600907027e-11
159.82681465148926
Running simulation w/ ws = 9.184082e-01 and pmax = -8.367347e-08
-2.3242630385487528e-11
159.97807788848877
Running simulation w/ ws = 4.129592e-02 and pmax = 3.469388e-08
9.63718820861678e-12
161.78779315948486
Running simulation w/ ws = 1.432857e-01 and pmax = -1.000000e-07
-2.7777777777777777e-11
151.2554886341095
Running simulation w/ ws = 6.124388e-01 and pmax = -6.122449e-09
-1.7006802721088427e-12
152.47999477386475
Running simulation w/ ws = 3.676633e-01 and pmax = 5.510204e-08
1.5306122448979588e-11
169.25137305259705
Running simulation w/ ws = 4.696531e-01 and pmax = -5.918367e-08
-1.6439909297052154e-11
171.1927261352539
Running simulation w/ ws = 8.572143e-01 and pmax = 3.877551e-08
1.0770975056689341e-11
158.4839906692505
Running simulation w/ ws = 6.124388e-01 and pmax = -1.428571e-08
-3.968253968253966e-12
158.93078231811523
Running simulation w/ ws = 5.000000e-04 and pmax = 9.591837e-08
2.6643990929705214e-11
159.5803563594818
Running simulation w/ ws = 7.756224e-01 and pmax = 1.020408e-08
2.834467120181405e-12
161.03160333633423
Running simulation w/ ws = 3.064694e-01 and pmax = -6.326531e-08
-1.7573696145124717e-11
159.1933672428131
Running simulation w/ ws = 5.920408e-01 and pmax = 9.183673e-08
2.5510204081632654e-11
161.39153909683228
Running simulation w/ ws = 2.860714e-01 and pmax = 3.877551e-08
1.0770975056689341e-11
158.74981045722961
Running simulation w/ ws = 9.388061e-01 and pmax = 7.959184e-08
2.210884353741497e-11
161.6485571861267
Running simulation w/ ws = 1.636837e-01 and pmax = -4.285714e-08
-1.1904761904761902e-11
161.33515572547913
Running simulation w/ ws = 3.064694e-01 and pmax = 1.020408e-08
2.834467120181405e-12
161.74887895584106
Running simulation w/ ws = 2.044796e-01 and pmax = -6.326531e-08
-1.7573696145124717e-11
159.64893507957458
Running simulation w/ ws = 7.960204e-01 and pmax = -3.469388e-08
-9.63718820861678e-12
162.51696681976318
Running simulation w/ ws = 3.880612e-01 and pmax = 5.510204e-08
1.5306122448979588e-11
159.1157202720642
Running simulation w/ ws = 6.532347e-01 and pmax = -9.591837e-08
-2.6643990929705214e-11
160.8923192024231
Running simulation w/ ws = 1.432857e-01 and pmax = -4.285714e-08
-1.1904761904761902e-11
159.59957098960876
Running simulation w/ ws = 1.024898e-01 and pmax = 3.061224e-08
8.503401360544217e-12
163.37735891342163
Running simulation w/ ws = 1.840816e-01 and pmax = -3.061224e-08
-8.503401360544217e-12
157.2585470676422
Running simulation w/ ws = 2.656735e-01 and pmax = -8.775510e-08
-2.437641723356009e-11
161.5873725414276
Running simulation w/ ws = 8.572143e-01 and pmax = 5.918367e-08
1.643990929705215e-11
158.39045000076294
Running simulation w/ ws = 9.796020e-01 and pmax = 6.326531e-08
1.7573696145124714e-11
161.48857951164246
Running simulation w/ ws = 3.676633e-01 and pmax = -3.469388e-08
-9.63718820861678e-12
162.58181381225586
Running simulation w/ ws = 4.696531e-01 and pmax = 3.469388e-08
9.63718820861678e-12
165.49465680122375
Running simulation w/ ws = 4.288571e-01 and pmax = 4.285714e-08
1.1904761904761902e-11
146.88055419921875
Running simulation w/ ws = 4.129592e-02 and pmax = -6.122449e-09
-1.7006802721088427e-12
164.8120584487915
Running simulation w/ ws = 7.756224e-01 and pmax = -6.122449e-09
-1.7006802721088427e-12
158.5773310661316
Running simulation w/ ws = 8.209184e-02 and pmax = 2.244898e-08
6.2358276643990936e-12
162.221435546875
159.8777346611023
162.4737696647644
52.177703619003296
Running simulation w/ ws = 9.592041e-01 and pmax = 6.734694e-08
1.8707482993197283e-11
Running simulation w/ ws = 2.089796e-02 and pmax = 1.836735e-08
5.102040816326532e-12
Running simulation w/ ws = 2.044796e-01 and pmax = -7.142857e-08
-1.984126984126984e-11
Running simulation w/ ws = 7.144286e-01 and pmax = 6.734694e-08
1.8707482993197283e-11
157.97036027908325
Running simulation w/ ws = 9.592041e-01 and pmax = 2.040816e-09
5.668934240362809e-13
159.61906814575195
Running simulation w/ ws = 7.552245e-01 and pmax = -2.244898e-08
-6.2358276643990936e-12
159.851300239563
159.93797135353088
Running simulation w/ ws = 8.368163e-01 and pmax = 3.877551e-08
1.0770975056689341e-11
Running simulation w/ ws = 6.940306e-01 and pmax = -3.469388e-08
-9.63718820861678e-12
157.7382071018219
Running simulation w/ ws = 2.656735e-01 and pmax = -1.020408e-08
-2.834467120181405e-12
159.90759134292603
Running simulation w/ ws = 1.000000e+00 and pmax = 6.734694e-08
1.8707482993197283e-11
159.815491437912
Running simulation w/ ws = 3.268673e-01 and pmax = -3.061224e-08
-8.503401360544217e-12
159.87801456451416
Running simulation w/ ws = 6.940306e-01 and pmax = -7.959184e-08
-2.210884353741497e-11
159.54271459579468
Running simulation w/ ws = 1.636837e-01 and pmax = 7.959184e-08
2.210884353741497e-11
160.13188409805298
Running simulation w/ ws = 1.000000e+00 and pmax = -1.020408e-08
-2.834467120181405e-12
160.49670720100403
Running simulation w/ ws = 6.328367e-01 and pmax = -6.122449e-09
-1.7006802721088427e-12
162.53593826293945
Running simulation w/ ws = 9.184082e-01 and pmax = 3.469388e-08
9.63718820861678e-12
159.64437127113342
Running simulation w/ ws = 5.716429e-01 and pmax = -8.775510e-08
-2.437641723356009e-11
159.67807722091675
Running simulation w/ ws = 9.796020e-01 and pmax = 7.551020e-08
2.0975056689342406e-11
160.64783787727356
Running simulation w/ ws = 5.308469e-01 and pmax = -8.367347e-08
-2.3242630385487528e-11
162.57152128219604
Running simulation w/ ws = 4.129592e-02 and pmax = -1.000000e-07
-2.7777777777777777e-11
159.22712922096252
Running simulation w/ ws = 8.209184e-02 and pmax = -2.653061e-08
-7.369614512471656e-12
160.17185235023499
Running simulation w/ ws = 8.572143e-01 and pmax = -3.877551e-08
-1.0770975056689341e-11
159.55064630508423
Running simulation w/ ws = 1.228878e-01 and pmax = -5.510204e-08
-1.530612244897959e-11
162.78665351867676
Running simulation w/ ws = 1.840816e-01 and pmax = 2.653061e-08
7.369614512471656e-12
160.86500668525696
Running simulation w/ ws = 4.084592e-01 and pmax = -6.326531e-08
-1.7573696145124717e-11
159.97386813163757
Running simulation w/ ws = 8.572143e-01 and pmax = -2.653061e-08
-7.369614512471656e-12
160.01101398468018
Running simulation w/ ws = 4.900510e-01 and pmax = -3.061224e-08
-8.503401360544217e-12
162.59432077407837
Running simulation w/ ws = 1.024898e-01 and pmax = 1.000000e-07
2.7777777777777777e-11
160.56488490104675
Running simulation w/ ws = 3.676633e-01 and pmax = -6.734694e-08
-1.8707482993197277e-11
158.5395646095276
Running simulation w/ ws = 5.308469e-01 and pmax = -3.061224e-08
-8.503401360544217e-12
161.18826842308044
Running simulation w/ ws = 2.044796e-01 and pmax = -2.244898e-08
-6.2358276643990936e-12
162.71780109405518
Running simulation w/ ws = 5.512449e-01 and pmax = -4.285714e-08
-1.1904761904761902e-11
159.26993441581726
Running simulation w/ ws = 5.716429e-01 and pmax = 9.591837e-08
2.6643990929705214e-11
158.37585020065308
Running simulation w/ ws = 2.248776e-01 and pmax = 7.142857e-08
1.9841269841269843e-11
159.67219066619873
Running simulation w/ ws = 8.776122e-01 and pmax = -1.000000e-07
-2.7777777777777777e-11
160.01362466812134
Running simulation w/ ws = 8.164184e-01 and pmax = -2.653061e-08
-7.369614512471656e-12
158.08445000648499
Running simulation w/ ws = 4.900510e-01 and pmax = 7.142857e-08
1.9841269841269843e-11
159.5750389099121
Running simulation w/ ws = 6.940306e-01 and pmax = 4.285714e-08
1.1904761904761902e-11
159.18501114845276
Running simulation w/ ws = 9.592041e-01 and pmax = -6.122449e-09
-1.7006802721088427e-12
161.71729135513306
118.0850670337677
114.40869402885437
117.49329900741577
Running simulation w/ ws = 2.452755e-01 and pmax = 9.183673e-08
2.5510204081632654e-11
Running simulation w/ ws = 4.084592e-01 and pmax = -7.959184e-08
-2.210884353741497e-11
Running simulation w/ ws = 9.184082e-01 and pmax = -8.775510e-08
-2.437641723356009e-11
Running simulation w/ ws = 3.472653e-01 and pmax = 7.551020e-08
2.0975056689342406e-11
156.95115160942078
157.00197768211365
Running simulation w/ ws = 2.656735e-01 and pmax = 5.102041e-08
1.4172335600907027e-11
Running simulation w/ ws = 4.288571e-01 and pmax = -1.000000e-07
-2.7777777777777777e-11
161.39522409439087
Running simulation w/ ws = 4.129592e-02 and pmax = 7.142857e-08
1.9841269841269843e-11
164.1685287952423
Running simulation w/ ws = 2.656735e-01 and pmax = -8.367347e-08
-2.3242630385487528e-11
159.62892127037048
Running simulation w/ ws = 9.184082e-01 and pmax = 2.653061e-08
7.369614512471656e-12
159.83559656143188
Running simulation w/ ws = 9.592041e-01 and pmax = -8.367347e-08
-2.3242630385487528e-11
160.8893814086914
Running simulation w/ ws = 5.716429e-01 and pmax = -4.285714e-08
-1.1904761904761902e-11
163.6720802783966
Running simulation w/ ws = 8.368163e-01 and pmax = -5.102041e-08
-1.4172335600907028e-11
158.33379220962524
Running simulation w/ ws = 1.636837e-01 and pmax = -6.734694e-08
-1.8707482993197277e-11
160.427090883255
Running simulation w/ ws = 3.064694e-01 and pmax = -1.836735e-08
-5.102040816326532e-12
160.5398759841919
Running simulation w/ ws = 2.860714e-01 and pmax = -7.142857e-08
-1.984126984126984e-11
162.6061601638794
Running simulation w/ ws = 4.900510e-01 and pmax = -1.020408e-08
-2.834467120181405e-12
160.61288118362427
Running simulation w/ ws = 5.000000e-04 and pmax = -3.061224e-08
-8.503401360544217e-12
161.49416542053223
Running simulation w/ ws = 3.880612e-01 and pmax = -6.122449e-09
-1.7006802721088427e-12
159.06026601791382
Running simulation w/ ws = 6.124388e-01 and pmax = -3.061224e-08
-8.503401360544217e-12
161.72799587249756
Running simulation w/ ws = 1.228878e-01 and pmax = -3.877551e-08
-1.0770975056689341e-11
160.51056241989136
Running simulation w/ ws = 1.840816e-01 and pmax = -3.469388e-08
-9.63718820861678e-12
161.74218106269836
Running simulation w/ ws = 5.512449e-01 and pmax = -1.000000e-07
-2.7777777777777777e-11
160.20549488067627
Running simulation w/ ws = 2.089796e-02 and pmax = 6.122449e-09
1.7006802721088427e-12
161.01886677742004
Running simulation w/ ws = 4.129592e-02 and pmax = -7.551020e-08
-2.0975056689342402e-11
159.95283770561218
Running simulation w/ ws = 2.452755e-01 and pmax = -6.122449e-09
-1.7006802721088427e-12
160.5753972530365
Running simulation w/ ws = 2.860714e-01 and pmax = 1.020408e-08
2.834467120181405e-12
161.0363221168518
Running simulation w/ ws = 5.104490e-01 and pmax = -7.551020e-08
-2.0975056689342402e-11
163.52504634857178
Running simulation w/ ws = 7.960204e-01 and pmax = -2.040816e-09
-5.668934240362809e-13
157.00584483146667
Running simulation w/ ws = 2.656735e-01 and pmax = 9.183673e-08
2.5510204081632654e-11
160.03713464736938
Running simulation w/ ws = 5.000000e-04 and pmax = 1.836735e-08
5.102040816326532e-12
159.17055010795593
Running simulation w/ ws = 4.288571e-01 and pmax = -3.469388e-08
-9.63718820861678e-12
161.2438497543335
Running simulation w/ ws = 1.840816e-01 and pmax = -8.367347e-08
-2.3242630385487528e-11
159.91738080978394
Running simulation w/ ws = 8.980102e-01 and pmax = 6.734694e-08
1.8707482993197283e-11
159.54682326316833
Running simulation w/ ws = 5.512449e-01 and pmax = -9.591837e-08
-2.6643990929705214e-11
160.91417503356934
Running simulation w/ ws = 9.388061e-01 and pmax = 3.469388e-08
9.63718820861678e-12
161.41258358955383
Running simulation w/ ws = 7.756224e-01 and pmax = 4.285714e-08
1.1904761904761902e-11
158.6686613559723
Running simulation w/ ws = 6.328367e-01 and pmax = 5.510204e-08
1.5306122448979588e-11
160.89913296699524
Running simulation w/ ws = 2.860714e-01 and pmax = -9.591837e-08
-2.6643990929705214e-11
159.92037987709045
Running simulation w/ ws = 4.129592e-02 and pmax = -3.061224e-08
-8.503401360544217e-12
162.51605558395386
122.93560099601746
114.54713559150696
116.6658787727356
Running simulation w/ ws = 7.756224e-01 and pmax = -4.693878e-08
-1.3038548752834467e-11
Running simulation w/ ws = 4.288571e-01 and pmax = -8.367347e-08
-2.3242630385487528e-11
Running simulation w/ ws = 6.328367e-01 and pmax = 2.244898e-08
6.2358276643990936e-12
Running simulation w/ ws = 9.184082e-01 and pmax = -3.469388e-08
-9.63718820861678e-12
145.98596215248108
Running simulation w/ ws = 2.089796e-02 and pmax = 9.591837e-08
2.6643990929705214e-11
162.77778601646423
Running simulation w/ ws = 8.572143e-01 and pmax = 1.000000e-07
2.7777777777777777e-11
165.46316599845886
Running simulation w/ ws = 2.044796e-01 and pmax = -7.959184e-08
-2.210884353741497e-11
167.8587555885315
Running simulation w/ ws = 4.129592e-02 and pmax = -7.142857e-08
-1.984126984126984e-11
156.91604042053223
Running simulation w/ ws = 6.532347e-01 and pmax = -2.040816e-09
-5.668934240362809e-13
159.07410097122192
Running simulation w/ ws = 7.960204e-01 and pmax = 1.836735e-08
5.102040816326532e-12
158.3112769126892
Running simulation w/ ws = 1.636837e-01 and pmax = -1.020408e-08
-2.834467120181405e-12
161.49580430984497
Running simulation w/ ws = 4.288571e-01 and pmax = -7.551020e-08
-2.0975056689342402e-11
162.28898668289185
Running simulation w/ ws = 4.084592e-01 and pmax = 5.918367e-08
1.643990929705215e-11
157.00182485580444
Running simulation w/ ws = 1.432857e-01 and pmax = 7.959184e-08
2.210884353741497e-11
157.41581630706787
Running simulation w/ ws = 6.532347e-01 and pmax = 3.061224e-08
8.503401360544217e-12
161.5310821533203
Running simulation w/ ws = 2.044796e-01 and pmax = -3.061224e-08
-8.503401360544217e-12
160.32078337669373
Running simulation w/ ws = 2.089796e-02 and pmax = 3.469388e-08
9.63718820861678e-12
158.69968438148499
Running simulation w/ ws = 4.696531e-01 and pmax = 2.653061e-08
7.369614512471656e-12
158.39618921279907
Running simulation w/ ws = 1.228878e-01 and pmax = -3.469388e-08
-9.63718820861678e-12
163.12735438346863
Running simulation w/ ws = 1.024898e-01 and pmax = -9.591837e-08
-2.6643990929705214e-11
162.50521755218506
Running simulation w/ ws = 9.796020e-01 and pmax = 9.183673e-08
2.5510204081632654e-11
156.86303067207336
Running simulation w/ ws = 5.308469e-01 and pmax = 7.551020e-08
2.0975056689342406e-11
157.50165820121765
Running simulation w/ ws = 4.492551e-01 and pmax = 1.836735e-08
5.102040816326532e-12
161.96299743652344
Running simulation w/ ws = 7.552245e-01 and pmax = 6.122449e-09
1.7006802721088427e-12
165.54545903205872
Running simulation w/ ws = 4.084592e-01 and pmax = 7.959184e-08
2.210884353741497e-11
164.69525051116943
Running simulation w/ ws = 8.572143e-01 and pmax = -2.244898e-08
-6.2358276643990936e-12
165.15414261817932
Running simulation w/ ws = 9.592041e-01 and pmax = 6.326531e-08
1.7573696145124714e-11
146.7684245109558
Running simulation w/ ws = 9.388061e-01 and pmax = 1.000000e-07
2.7777777777777777e-11
158.2615270614624
Running simulation w/ ws = 1.228878e-01 and pmax = -8.367347e-08
-2.3242630385487528e-11
157.31269478797913
Running simulation w/ ws = 6.736327e-01 and pmax = 7.959184e-08
2.210884353741497e-11
161.1486575603485
Running simulation w/ ws = 8.572143e-01 and pmax = -1.836735e-08
-5.102040816326532e-12
161.1205334663391
Running simulation w/ ws = 6.532347e-01 and pmax = 3.877551e-08
1.0770975056689341e-11
160.08496260643005
Running simulation w/ ws = 7.756224e-01 and pmax = 6.326531e-08
1.7573696145124714e-11
158.03018498420715
Running simulation w/ ws = 5.104490e-01 and pmax = -2.040816e-09
-5.668934240362809e-13
157.73394441604614
Running simulation w/ ws = 5.308469e-01 and pmax = 4.693878e-08
1.3038548752834465e-11
162.3219358921051
Running simulation w/ ws = 3.880612e-01 and pmax = 6.734694e-08
1.8707482993197283e-11
161.43464875221252
Running simulation w/ ws = 1.024898e-01 and pmax = 2.244898e-08
6.2358276643990936e-12
159.41991019248962
Running simulation w/ ws = 5.104490e-01 and pmax = 2.244898e-08
6.2358276643990936e-12
159.19972109794617
Running simulation w/ ws = 1.840816e-01 and pmax = -7.959184e-08
-2.210884353741497e-11
165.73024892807007
118.4932291507721
118.98579621315002
113.07939100265503
Running simulation w/ ws = 5.104490e-01 and pmax = 5.918367e-08
1.643990929705215e-11
Running simulation w/ ws = 4.900510e-01 and pmax = -1.428571e-08
-3.968253968253966e-12
Running simulation w/ ws = 9.796020e-01 and pmax = 2.244898e-08
6.2358276643990936e-12
Running simulation w/ ws = 5.512449e-01 and pmax = -1.836735e-08
-5.102040816326532e-12
151.18861174583435
Running simulation w/ ws = 3.064694e-01 and pmax = 2.040816e-09
5.668934240362809e-13
152.62299346923828
Running simulation w/ ws = 9.796020e-01 and pmax = 6.122449e-09
1.7006802721088427e-12
165.73597598075867
Running simulation w/ ws = 9.592041e-01 and pmax = -3.469388e-08
-9.63718820861678e-12
170.80525517463684
Running simulation w/ ws = 2.044796e-01 and pmax = -1.428571e-08
-3.968253968253966e-12
158.78266429901123
Running simulation w/ ws = 8.368163e-01 and pmax = 7.959184e-08
2.210884353741497e-11
161.05117392539978
Running simulation w/ ws = 2.089796e-02 and pmax = -7.959184e-08
-2.210884353741497e-11
160.78031468391418
Running simulation w/ ws = 5.308469e-01 and pmax = 8.775510e-08
2.437641723356009e-11
159.02341318130493
Running simulation w/ ws = 2.089796e-02 and pmax = -4.693878e-08
-1.3038548752834467e-11
158.69318866729736
Running simulation w/ ws = 3.472653e-01 and pmax = 5.918367e-08
1.643990929705215e-11
160.34630012512207
Running simulation w/ ws = 6.169388e-02 and pmax = 7.551020e-08
2.0975056689342406e-11
160.11715841293335
Running simulation w/ ws = 5.104490e-01 and pmax = 7.142857e-08
1.9841269841269843e-11
161.02353858947754
Running simulation w/ ws = 5.308469e-01 and pmax = -2.040816e-09
-5.668934240362809e-13
149.30435228347778
Running simulation w/ ws = 4.696531e-01 and pmax = -9.183673e-08
-2.5510204081632654e-11
169.34109258651733
Running simulation w/ ws = 2.452755e-01 and pmax = -7.551020e-08
-2.0975056689342402e-11
148.7226700782776
Running simulation w/ ws = 9.388061e-01 and pmax = 6.122449e-09
1.7006802721088427e-12
170.79368662834167
Running simulation w/ ws = 5.512449e-01 and pmax = -7.551020e-08
-2.0975056689342402e-11
159.48422813415527
Running simulation w/ ws = 7.144286e-01 and pmax = 7.142857e-08
1.9841269841269843e-11
159.20528936386108
Running simulation w/ ws = 9.796020e-01 and pmax = -2.040816e-09
-5.668934240362809e-13
159.62015509605408
Running simulation w/ ws = 5.716429e-01 and pmax = -6.326531e-08
-1.7573696145124717e-11
160.50804138183594
Running simulation w/ ws = 5.104490e-01 and pmax = -9.591837e-08
-2.6643990929705214e-11
159.96949076652527
Running simulation w/ ws = 6.169388e-02 and pmax = -8.367347e-08
-2.3242630385487528e-11
159.94417572021484
Running simulation w/ ws = 4.288571e-01 and pmax = 9.183673e-08
2.5510204081632654e-11
159.94986057281494
Running simulation w/ ws = 6.328367e-01 and pmax = -7.142857e-08
-1.984126984126984e-11
160.4997856616974
Running simulation w/ ws = 8.209184e-02 and pmax = -2.040816e-09
-5.668934240362809e-13
161.20920991897583
Running simulation w/ ws = 6.736327e-01 and pmax = 3.469388e-08
9.63718820861678e-12
159.54084944725037
Running simulation w/ ws = 3.472653e-01 and pmax = 5.510204e-08
1.5306122448979588e-11
162.54046821594238
Running simulation w/ ws = 7.960204e-01 and pmax = 6.734694e-08
1.8707482993197283e-11
161.54856491088867
Running simulation w/ ws = 4.900510e-01 and pmax = 3.061224e-08
8.503401360544217e-12
160.5513608455658
Running simulation w/ ws = 5.512449e-01 and pmax = 6.326531e-08
1.7573696145124714e-11
159.4927418231964
Running simulation w/ ws = 7.756224e-01 and pmax = 8.775510e-08
2.437641723356009e-11
161.84940886497498
Running simulation w/ ws = 3.676633e-01 and pmax = 7.551020e-08
2.0975056689342406e-11
163.59859037399292
Running simulation w/ ws = 1.228878e-01 and pmax = -4.285714e-08
-1.1904761904761902e-11
157.38998532295227
Running simulation w/ ws = 6.124388e-01 and pmax = 3.061224e-08
8.503401360544217e-12
157.19712448120117
Running simulation w/ ws = 1.228878e-01 and pmax = -7.551020e-08
-2.0975056689342402e-11
158.18908095359802
Running simulation w/ ws = 7.348265e-01 and pmax = -7.551020e-08
-2.0975056689342402e-11
160.63961720466614
116.99158120155334
118.72760510444641
112.81753396987915
Running simulation w/ ws = 5.308469e-01 and pmax = 3.469388e-08
9.63718820861678e-12
Running simulation w/ ws = 2.656735e-01 and pmax = 8.367347e-08
2.3242630385487528e-11
Running simulation w/ ws = 9.796020e-01 and pmax = -7.959184e-08
-2.210884353741497e-11
Running simulation w/ ws = 6.736327e-01 and pmax = 8.775510e-08
2.437641723356009e-11
149.39102602005005
Running simulation w/ ws = 8.368163e-01 and pmax = -9.183673e-08
-2.5510204081632654e-11
161.63057255744934
Running simulation w/ ws = 6.328367e-01 and pmax = 8.775510e-08
2.437641723356009e-11
162.84865736961365
Running simulation w/ ws = 8.980102e-01 and pmax = -4.285714e-08
-1.1904761904761902e-11
163.62890028953552
Running simulation w/ ws = 5.104490e-01 and pmax = -5.102041e-08
-1.4172335600907028e-11
158.32768988609314
Running simulation w/ ws = 2.089796e-02 and pmax = 3.061224e-08
8.503401360544217e-12
155.88384175300598
Running simulation w/ ws = 2.452755e-01 and pmax = -3.469388e-08
-9.63718820861678e-12
158.17820644378662
Running simulation w/ ws = 3.676633e-01 and pmax = 1.020408e-08
2.834467120181405e-12
160.0956528186798
Running simulation w/ ws = 1.840816e-01 and pmax = 1.428571e-08
3.96825396825397e-12
158.38570880889893
Running simulation w/ ws = 4.084592e-01 and pmax = 7.551020e-08
2.0975056689342406e-11
158.2640347480774
Running simulation w/ ws = 6.940306e-01 and pmax = 1.000000e-07
2.7777777777777777e-11
158.43913626670837
Running simulation w/ ws = 1.000000e+00 and pmax = 1.428571e-08
3.96825396825397e-12
158.8779742717743
Running simulation w/ ws = 1.000000e+00 and pmax = 2.040816e-09
5.668934240362809e-13
157.7971830368042
Running simulation w/ ws = 1.432857e-01 and pmax = 6.326531e-08
1.7573696145124714e-11
158.24960947036743
Running simulation w/ ws = 2.656735e-01 and pmax = 9.591837e-08
2.6643990929705214e-11
157.42890906333923
Running simulation w/ ws = 6.736327e-01 and pmax = 2.244898e-08
6.2358276643990936e-12
159.257385969162
Running simulation w/ ws = 3.676633e-01 and pmax = 2.653061e-08
7.369614512471656e-12
157.17346739768982
Running simulation w/ ws = 7.144286e-01 and pmax = -2.653061e-08
-7.369614512471656e-12
158.37612080574036
Running simulation w/ ws = 7.756224e-01 and pmax = -5.510204e-08
-1.530612244897959e-11
156.80140089988708
Running simulation w/ ws = 4.084592e-01 and pmax = -3.061224e-08
-8.503401360544217e-12
160.33596968650818
Running simulation w/ ws = 8.776122e-01 and pmax = 8.775510e-08
2.437641723356009e-11
160.08673977851868
Running simulation w/ ws = 2.860714e-01 and pmax = -6.734694e-08
-1.8707482993197277e-11
160.63937544822693
Running simulation w/ ws = 1.840816e-01 and pmax = 7.551020e-08
2.0975056689342406e-11
159.51337814331055
Running simulation w/ ws = 2.656735e-01 and pmax = -6.734694e-08
-1.8707482993197277e-11
162.1075074672699
Running simulation w/ ws = 8.164184e-01 and pmax = -6.734694e-08
-1.8707482993197277e-11
157.2709629535675
Running simulation w/ ws = 6.328367e-01 and pmax = -1.836735e-08
-5.102040816326532e-12
158.2980420589447
Running simulation w/ ws = 4.900510e-01 and pmax = 5.918367e-08
1.643990929705215e-11
158.65327191352844
Running simulation w/ ws = 4.492551e-01 and pmax = 5.102041e-08
1.4172335600907027e-11
160.70824456214905
Running simulation w/ ws = 1.840816e-01 and pmax = -6.326531e-08
-1.7573696145124717e-11
158.71323704719543
Running simulation w/ ws = 4.900510e-01 and pmax = -9.591837e-08
-2.6643990929705214e-11
158.46889758110046
Running simulation w/ ws = 2.044796e-01 and pmax = 6.734694e-08
1.8707482993197283e-11
158.44469809532166
Running simulation w/ ws = 2.860714e-01 and pmax = -3.061224e-08
-8.503401360544217e-12
159.65952968597412
Running simulation w/ ws = 6.532347e-01 and pmax = 5.510204e-08
1.5306122448979588e-11
159.18724370002747
Running simulation w/ ws = 4.084592e-01 and pmax = 5.510204e-08
1.5306122448979588e-11
158.66750478744507
Running simulation w/ ws = 9.388061e-01 and pmax = 1.428571e-08
3.96825396825397e-12
158.8594470024109
Running simulation w/ ws = 3.268673e-01 and pmax = -5.510204e-08
-1.530612244897959e-11
160.31231045722961
Running simulation w/ ws = 6.532347e-01 and pmax = -7.142857e-08
-1.984126984126984e-11
150.7809464931488
144.7583565711975
148.03640747070312
133.99951338768005
Running simulation w/ ws = 5.104490e-01 and pmax = 8.775510e-08
2.437641723356009e-11
Running simulation w/ ws = 3.676633e-01 and pmax = -3.061224e-08
-8.503401360544217e-12
Running simulation w/ ws = 4.696531e-01 and pmax = -3.061224e-08
-8.503401360544217e-12
Running simulation w/ ws = 7.348265e-01 and pmax = 5.510204e-08
1.5306122448979588e-11
157.31469058990479
Running simulation w/ ws = 5.716429e-01 and pmax = -1.000000e-07
-2.7777777777777777e-11
157.51824808120728
Running simulation w/ ws = 1.024898e-01 and pmax = -4.693878e-08
-1.3038548752834467e-11
160.80222368240356
Running simulation w/ ws = 8.572143e-01 and pmax = 2.040816e-09
5.668934240362809e-13
165.99114060401917
Running simulation w/ ws = 2.248776e-01 and pmax = 1.428571e-08
3.96825396825397e-12
156.9162082672119
Running simulation w/ ws = 3.064694e-01 and pmax = -2.244898e-08
-6.2358276643990936e-12
161.03019404411316
Running simulation w/ ws = 8.368163e-01 and pmax = -2.653061e-08
-7.369614512471656e-12
159.91748023033142
Running simulation w/ ws = 4.696531e-01 and pmax = -7.959184e-08
-2.210884353741497e-11
160.952739238739
Running simulation w/ ws = 7.960204e-01 and pmax = 4.285714e-08
1.1904761904761902e-11
158.14753913879395
Running simulation w/ ws = 1.000000e+00 and pmax = 1.020408e-08
2.834467120181405e-12
160.40061926841736
Running simulation w/ ws = 3.268673e-01 and pmax = -6.326531e-08
-1.7573696145124717e-11
159.19141912460327
Running simulation w/ ws = 4.084592e-01 and pmax = 5.102041e-08
1.4172335600907027e-11
159.82730984687805
Running simulation w/ ws = 3.472653e-01 and pmax = -1.428571e-08
-3.968253968253966e-12
158.51109886169434
Running simulation w/ ws = 2.656735e-01 and pmax = 2.040816e-09
5.668934240362809e-13
158.9219889640808
Running simulation w/ ws = 9.796020e-01 and pmax = -6.326531e-08
-1.7573696145124717e-11
159.91267824172974
Running simulation w/ ws = 3.472653e-01 and pmax = -1.836735e-08
-5.102040816326532e-12
160.4745213985443
Running simulation w/ ws = 7.552245e-01 and pmax = -4.285714e-08
-1.1904761904761902e-11
159.3236529827118
Running simulation w/ ws = 7.348265e-01 and pmax = 9.183673e-08
2.5510204081632654e-11
159.09172177314758
Running simulation w/ ws = 3.268673e-01 and pmax = 1.428571e-08
3.96825396825397e-12
159.75156903266907
Running simulation w/ ws = 1.024898e-01 and pmax = 9.183673e-08
2.5510204081632654e-11
160.63003134727478
Running simulation w/ ws = 9.388061e-01 and pmax = -8.775510e-08
-2.437641723356009e-11
158.7896454334259
Running simulation w/ ws = 4.288571e-01 and pmax = -5.102041e-08
-1.4172335600907028e-11
159.31477737426758
Running simulation w/ ws = 5.308469e-01 and pmax = -9.591837e-08
-2.6643990929705214e-11
160.32923531532288
Running simulation w/ ws = 1.024898e-01 and pmax = -7.551020e-08
-2.0975056689342402e-11
161.41692781448364
Running simulation w/ ws = 9.184082e-01 and pmax = -2.244898e-08
-6.2358276643990936e-12
158.843731880188
Running simulation w/ ws = 5.000000e-04 and pmax = 8.367347e-08
2.3242630385487528e-11
160.36968445777893
Running simulation w/ ws = 6.940306e-01 and pmax = -4.693878e-08
-1.3038548752834467e-11
160.00961923599243
Running simulation w/ ws = 6.940306e-01 and pmax = 7.142857e-08
1.9841269841269843e-11
160.41464400291443
Running simulation w/ ws = 2.248776e-01 and pmax = 5.510204e-08
1.5306122448979588e-11
150.87368655204773
Running simulation w/ ws = 7.552245e-01 and pmax = 3.469388e-08
9.63718820861678e-12
170.06194233894348
Running simulation w/ ws = 2.089796e-02 and pmax = -3.469388e-08
-9.63718820861678e-12
152.59009957313538
Running simulation w/ ws = 7.144286e-01 and pmax = 9.183673e-08
2.5510204081632654e-11
171.24932408332825
Running simulation w/ ws = 2.860714e-01 and pmax = 5.510204e-08
1.5306122448979588e-11
160.47285842895508
Running simulation w/ ws = 6.124388e-01 and pmax = 1.836735e-08
5.102040816326532e-12
159.51758480072021
Running simulation w/ ws = 8.776122e-01 and pmax = -9.591837e-08
-2.6643990929705214e-11
161.77157521247864
Running simulation w/ ws = 1.636837e-01 and pmax = -7.959184e-08
-2.210884353741497e-11
161.14166259765625
105.54788994789124
121.29265427589417
115.57192540168762
Running simulation w/ ws = 9.184082e-01 and pmax = -2.653061e-08
-7.369614512471656e-12
Running simulation w/ ws = 1.024898e-01 and pmax = -5.918367e-08
-1.6439909297052154e-11
Running simulation w/ ws = 5.716429e-01 and pmax = 4.693878e-08
1.3038548752834465e-11
Running simulation w/ ws = 6.169388e-02 and pmax = -2.040816e-09
-5.668934240362809e-13
151.17677927017212
Running simulation w/ ws = 5.104490e-01 and pmax = 1.000000e-07
2.7777777777777777e-11
161.35511136054993
Running simulation w/ ws = 2.044796e-01 and pmax = -4.285714e-08
-1.1904761904761902e-11
162.81046605110168
Running simulation w/ ws = 2.860714e-01 and pmax = 2.244898e-08
6.2358276643990936e-12
167.30478143692017
Running simulation w/ ws = 7.348265e-01 and pmax = -6.326531e-08
-1.7573696145124717e-11
158.31671619415283
Running simulation w/ ws = 1.432857e-01 and pmax = 4.693878e-08
1.3038548752834465e-11
158.88878345489502
Running simulation w/ ws = 8.368163e-01 and pmax = 4.285714e-08
1.1904761904761902e-11
159.4310863018036
Running simulation w/ ws = 5.920408e-01 and pmax = 6.734694e-08
1.8707482993197283e-11
160.3131148815155
Running simulation w/ ws = 4.900510e-01 and pmax = -5.918367e-08
-1.6439909297052154e-11
159.9686987400055
Running simulation w/ ws = 7.348265e-01 and pmax = -8.775510e-08
-2.437641723356009e-11
159.21830034255981
Running simulation w/ ws = 8.776122e-01 and pmax = -1.836735e-08
-5.102040816326532e-12
160.43719696998596
Running simulation w/ ws = 8.368163e-01 and pmax = -1.428571e-08
-3.968253968253966e-12
159.41423559188843
Running simulation w/ ws = 9.796020e-01 and pmax = 5.918367e-08
1.643990929705215e-11
160.59601950645447
Running simulation w/ ws = 4.084592e-01 and pmax = 1.428571e-08
3.96825396825397e-12
159.44870328903198
Running simulation w/ ws = 9.796020e-01 and pmax = -4.693878e-08
-1.3038548752834467e-11
159.18256497383118
Running simulation w/ ws = 2.089796e-02 and pmax = -2.653061e-08
-7.369614512471656e-12
160.511736869812
Running simulation w/ ws = 7.348265e-01 and pmax = 2.653061e-08
7.369614512471656e-12
159.51822066307068
Running simulation w/ ws = 4.129592e-02 and pmax = -9.183673e-08
-2.5510204081632654e-11
158.61091351509094
Running simulation w/ ws = 3.268673e-01 and pmax = 4.693878e-08
1.3038548752834465e-11
161.34367847442627
Running simulation w/ ws = 5.920408e-01 and pmax = 6.122449e-09
1.7006802721088427e-12
159.773122549057
Running simulation w/ ws = 4.288571e-01 and pmax = 7.142857e-08
1.9841269841269843e-11
159.52032160758972
Running simulation w/ ws = 5.512449e-01 and pmax = -2.653061e-08
-7.369614512471656e-12
159.02695751190186
Running simulation w/ ws = 8.776122e-01 and pmax = 9.591837e-08
2.6643990929705214e-11
160.52170729637146
Running simulation w/ ws = 3.472653e-01 and pmax = 1.428571e-08
3.96825396825397e-12
160.08444023132324
Running simulation w/ ws = 6.328367e-01 and pmax = -1.020408e-08
-2.834467120181405e-12
159.25533628463745
Running simulation w/ ws = 9.184082e-01 and pmax = 5.918367e-08
1.643990929705215e-11
159.07925987243652
Running simulation w/ ws = 1.228878e-01 and pmax = 7.142857e-08
1.9841269841269843e-11
161.04632830619812
Running simulation w/ ws = 6.736327e-01 and pmax = -2.244898e-08
-6.2358276643990936e-12
160.39986896514893
Running simulation w/ ws = 3.268673e-01 and pmax = -1.020408e-08
-2.834467120181405e-12
159.16777324676514
Running simulation w/ ws = 5.104490e-01 and pmax = -1.428571e-08
-3.968253968253966e-12
158.78591203689575
Running simulation w/ ws = 9.388061e-01 and pmax = -2.040816e-09
-5.668934240362809e-13
161.52171778678894
Running simulation w/ ws = 9.388061e-01 and pmax = -4.693878e-08
-1.3038548752834467e-11
160.60658836364746
Running simulation w/ ws = 6.532347e-01 and pmax = -1.020408e-08
-2.834467120181405e-12
158.93286800384521
Running simulation w/ ws = 7.144286e-01 and pmax = 4.285714e-08
1.1904761904761902e-11
158.69559359550476
Running simulation w/ ws = 1.000000e+00 and pmax = 8.367347e-08
2.3242630385487528e-11
160.208172082901
158.9954047203064
82.34888291358948
76.84255790710449
Running simulation w/ ws = 2.044796e-01 and pmax = 2.040816e-09
5.668934240362809e-13
Running simulation w/ ws = 3.880612e-01 and pmax = 4.693878e-08
1.3038548752834465e-11
Running simulation w/ ws = 7.552245e-01 and pmax = 6.326531e-08
1.7573696145124714e-11
Running simulation w/ ws = 8.368163e-01 and pmax = -6.734694e-08
-1.8707482993197277e-11
152.59078240394592
Running simulation w/ ws = 9.184082e-01 and pmax = -4.285714e-08
-1.1904761904761902e-11
154.26918578147888
Running simulation w/ ws = 2.044796e-01 and pmax = 8.367347e-08
2.3242630385487528e-11
165.00037813186646
Running simulation w/ ws = 4.492551e-01 and pmax = 2.653061e-08
7.369614512471656e-12
165.43815755844116
Running simulation w/ ws = 2.089796e-02 and pmax = 5.918367e-08
1.643990929705215e-11
149.88651514053345
Running simulation w/ ws = 6.940306e-01 and pmax = 9.591837e-08
2.6643990929705214e-11
151.48585391044617
Running simulation w/ ws = 1.228878e-01 and pmax = 4.285714e-08
1.1904761904761902e-11
168.3889651298523
Running simulation w/ ws = 7.960204e-01 and pmax = 7.551020e-08
2.0975056689342406e-11
169.16279578208923
Running simulation w/ ws = 5.512449e-01 and pmax = -2.244898e-08
-6.2358276643990936e-12
158.08021354675293
Running simulation w/ ws = 1.636837e-01 and pmax = -5.102041e-08
-1.4172335600907028e-11
160.7132019996643
Running simulation w/ ws = 6.736327e-01 and pmax = 6.122449e-09
1.7006802721088427e-12
158.47954678535461
Running simulation w/ ws = 6.940306e-01 and pmax = 1.836735e-08
5.102040816326532e-12
159.60939002037048
Running simulation w/ ws = 3.268673e-01 and pmax = 1.836735e-08
5.102040816326532e-12
159.89097499847412
Running simulation w/ ws = 1.636837e-01 and pmax = -6.326531e-08
-1.7573696145124717e-11
158.8374195098877
Running simulation w/ ws = 5.716429e-01 and pmax = 7.142857e-08
1.9841269841269843e-11
161.97991847991943
Running simulation w/ ws = 8.980102e-01 and pmax = 5.102041e-08
1.4172335600907027e-11
158.30418753623962
Running simulation w/ ws = 3.676633e-01 and pmax = -9.591837e-08
-2.6643990929705214e-11
161.11425948143005
Running simulation w/ ws = 2.860714e-01 and pmax = 2.040816e-09
5.668934240362809e-13
158.52560567855835
Running simulation w/ ws = 5.512449e-01 and pmax = 5.102041e-08
1.4172335600907027e-11
158.43488574028015
Running simulation w/ ws = 6.532347e-01 and pmax = 4.285714e-08
1.1904761904761902e-11
160.49415946006775
Running simulation w/ ws = 5.000000e-04 and pmax = 1.428571e-08
3.96825396825397e-12
160.77310514450073
Running simulation w/ ws = 9.796020e-01 and pmax = -3.877551e-08
-1.0770975056689341e-11
159.4586305618286
Running simulation w/ ws = 1.024898e-01 and pmax = -5.102041e-08
-1.4172335600907028e-11
159.79722476005554
Running simulation w/ ws = 8.980102e-01 and pmax = -1.020408e-08
-2.834467120181405e-12
161.97391080856323
Running simulation w/ ws = 7.348265e-01 and pmax = 7.959184e-08
2.210884353741497e-11
160.86549544334412
159.3235239982605
Running simulation w/ ws = 2.452755e-01 and pmax = -7.142857e-08
-1.984126984126984e-11
Running simulation w/ ws = 5.104490e-01 and pmax = 9.183673e-08
2.5510204081632654e-11
161.49977111816406
Running simulation w/ ws = 4.288571e-01 and pmax = -7.959184e-08
-2.210884353741497e-11
161.79859018325806
Running simulation w/ ws = 9.184082e-01 and pmax = 4.693878e-08
1.3038548752834465e-11
159.17272067070007
Running simulation w/ ws = 8.572143e-01 and pmax = 7.551020e-08
2.0975056689342406e-11
159.35443758964539
Running simulation w/ ws = 9.592041e-01 and pmax = 4.285714e-08
1.1904761904761902e-11
161.2622835636139
Running simulation w/ ws = 4.129592e-02 and pmax = -7.959184e-08
-2.210884353741497e-11
162.75999093055725
Running simulation w/ ws = 3.064694e-01 and pmax = -6.122449e-09
-1.7006802721088427e-12
158.74158000946045
Running simulation w/ ws = 2.248776e-01 and pmax = -8.775510e-08
-2.437641723356009e-11
159.18514490127563
Running simulation w/ ws = 3.676633e-01 and pmax = -5.510204e-08
-1.530612244897959e-11
159.58333039283752
Running simulation w/ ws = 5.308469e-01 and pmax = 1.836735e-08
5.102040816326532e-12
161.60687565803528
116.65830421447754
117.33758163452148
111.37524628639221
Running simulation w/ ws = 2.089796e-02 and pmax = -9.183673e-08
-2.5510204081632654e-11
Running simulation w/ ws = 8.980102e-01 and pmax = 9.183673e-08
2.5510204081632654e-11
Running simulation w/ ws = 6.124388e-01 and pmax = -1.836735e-08
-5.102040816326532e-12
Running simulation w/ ws = 5.716429e-01 and pmax = -1.020408e-08
-2.834467120181405e-12
158.40903282165527
Running simulation w/ ws = 3.268673e-01 and pmax = -8.775510e-08
-2.437641723356009e-11
158.59828639030457
Running simulation w/ ws = 8.776122e-01 and pmax = -2.040816e-09
-5.668934240362809e-13
159.053866147995
Running simulation w/ ws = 1.024898e-01 and pmax = 5.102041e-08
1.4172335600907027e-11
161.03733253479004
Running simulation w/ ws = 4.084592e-01 and pmax = -1.428571e-08
-3.968253968253966e-12
156.74583077430725
Running simulation w/ ws = 1.228878e-01 and pmax = 8.775510e-08
2.437641723356009e-11
157.63509702682495
Running simulation w/ ws = 6.124388e-01 and pmax = 3.469388e-08
9.63718820861678e-12
159.87949800491333
Running simulation w/ ws = 1.636837e-01 and pmax = -2.040816e-09
-5.668934240362809e-13
158.80142831802368
Running simulation w/ ws = 7.756224e-01 and pmax = -4.285714e-08
-1.1904761904761902e-11
157.88495421409607
Running simulation w/ ws = 2.452755e-01 and pmax = 6.122449e-09
1.7006802721088427e-12
157.454745054245
Running simulation w/ ws = 8.980102e-01 and pmax = -2.653061e-08
-7.369614512471656e-12
159.28353452682495
Running simulation w/ ws = 4.129592e-02 and pmax = -2.653061e-08
-7.369614512471656e-12
159.19574332237244
Running simulation w/ ws = 5.000000e-04 and pmax = -2.040816e-09
-5.668934240362809e-13
160.62733840942383
Running simulation w/ ws = 6.124388e-01 and pmax = 6.326531e-08
1.7573696145124714e-11
160.5086441040039
Running simulation w/ ws = 9.796020e-01 and pmax = -1.020408e-08
-2.834467120181405e-12
161.68740272521973
Running simulation w/ ws = 7.756224e-01 and pmax = -6.326531e-08
-1.7573696145124717e-11
162.8749713897705
Running simulation w/ ws = 1.228878e-01 and pmax = 5.918367e-08
1.643990929705215e-11
157.5260043144226
Running simulation w/ ws = 8.572143e-01 and pmax = 3.469388e-08
9.63718820861678e-12
158.44898653030396
Running simulation w/ ws = 5.920408e-01 and pmax = -2.653061e-08
-7.369614512471656e-12
162.23916172981262
Running simulation w/ ws = 7.144286e-01 and pmax = -9.591837e-08
-2.6643990929705214e-11
160.95864057540894
Running simulation w/ ws = 1.024898e-01 and pmax = 5.918367e-08
1.643990929705215e-11
157.89924502372742
Running simulation w/ ws = 2.248776e-01 and pmax = 4.693878e-08
1.3038548752834465e-11
159.07236218452454
Running simulation w/ ws = 1.228878e-01 and pmax = -1.000000e-07
-2.7777777777777777e-11
159.35463500022888
Running simulation w/ ws = 3.064694e-01 and pmax = -5.918367e-08
-1.6439909297052154e-11
159.01934051513672
Running simulation w/ ws = 2.089796e-02 and pmax = 7.959184e-08
2.210884353741497e-11
157.47468829154968
Running simulation w/ ws = 8.776122e-01 and pmax = -8.367347e-08
-2.3242630385487528e-11
157.74875473976135
Running simulation w/ ws = 7.960204e-01 and pmax = 9.183673e-08
2.5510204081632654e-11
160.19616889953613
Running simulation w/ ws = 8.164184e-01 and pmax = -7.551020e-08
-2.0975056689342402e-11
160.1417887210846
Running simulation w/ ws = 5.512449e-01 and pmax = 4.693878e-08
1.3038548752834465e-11
157.67842721939087
Running simulation w/ ws = 1.840816e-01 and pmax = 5.102041e-08
1.4172335600907027e-11
158.43862771987915
Running simulation w/ ws = 2.248776e-01 and pmax = -2.244898e-08
-6.2358276643990936e-12
159.28500318527222
Running simulation w/ ws = 1.024898e-01 and pmax = 8.367347e-08
2.3242630385487528e-11
160.92089295387268
Running simulation w/ ws = 8.776122e-01 and pmax = -6.326531e-08
-1.7573696145124717e-11
158.3031895160675
Running simulation w/ ws = 6.940306e-01 and pmax = 2.244898e-08
6.2358276643990936e-12
158.9779875278473
Running simulation w/ ws = 6.532347e-01 and pmax = -1.428571e-08
-3.968253968253966e-12
158.98279690742493
Running simulation w/ ws = 6.124388e-01 and pmax = 1.020408e-08
2.834467120181405e-12
159.82594513893127
Running simulation w/ ws = 4.288571e-01 and pmax = -6.326531e-08
-1.7573696145124717e-11
149.4151520729065
154.08547234535217
138.85422277450562
142.42584466934204
Running simulation w/ ws = 2.248776e-01 and pmax = 8.775510e-08
2.437641723356009e-11
Running simulation w/ ws = 1.840816e-01 and pmax = 6.734694e-08
1.8707482993197283e-11
Running simulation w/ ws = 1.636837e-01 and pmax = 6.734694e-08
1.8707482993197283e-11
Running simulation w/ ws = 5.104490e-01 and pmax = 3.061224e-08
8.503401360544217e-12
158.70121717453003
Running simulation w/ ws = 8.980102e-01 and pmax = 1.020408e-08
2.834467120181405e-12
161.0870623588562
Running simulation w/ ws = 8.572143e-01 and pmax = 2.244898e-08
6.2358276643990936e-12
162.1208951473236
Running simulation w/ ws = 3.472653e-01 and pmax = -2.653061e-08
-7.369614512471656e-12
163.973956823349
Running simulation w/ ws = 6.124388e-01 and pmax = 2.244898e-08
6.2358276643990936e-12
158.18749976158142
Running simulation w/ ws = 9.388061e-01 and pmax = 9.183673e-08
2.5510204081632654e-11
161.67157864570618
Running simulation w/ ws = 1.024898e-01 and pmax = 1.428571e-08
3.96825396825397e-12
162.07338690757751
Running simulation w/ ws = 6.328367e-01 and pmax = -3.877551e-08
-1.0770975056689341e-11
161.91321325302124
Running simulation w/ ws = 5.716429e-01 and pmax = 5.102041e-08
1.4172335600907027e-11
159.9273374080658
Running simulation w/ ws = 9.184082e-01 and pmax = 8.367347e-08
2.3242630385487528e-11
161.58592748641968
Running simulation w/ ws = 6.124388e-01 and pmax = -7.551020e-08
-2.0975056689342402e-11
162.85551476478577
Running simulation w/ ws = 6.124388e-01 and pmax = -5.102041e-08
-1.4172335600907028e-11
161.63640093803406
Running simulation w/ ws = 8.209184e-02 and pmax = -7.142857e-08
-1.984126984126984e-11
160.6406910419464
Running simulation w/ ws = 1.840816e-01 and pmax = -5.510204e-08
-1.530612244897959e-11
161.44638895988464
Running simulation w/ ws = 8.572143e-01 and pmax = 5.510204e-08
1.5306122448979588e-11
159.87996816635132
Running simulation w/ ws = 7.144286e-01 and pmax = 7.959184e-08
2.210884353741497e-11
162.55878019332886
Running simulation w/ ws = 2.089796e-02 and pmax = 8.775510e-08
2.437641723356009e-11
160.1052269935608
Running simulation w/ ws = 3.880612e-01 and pmax = 9.591837e-08
2.6643990929705214e-11
160.39507675170898
Running simulation w/ ws = 6.124388e-01 and pmax = 7.959184e-08
2.210884353741497e-11
160.68908429145813
Running simulation w/ ws = 6.169388e-02 and pmax = 6.122449e-09
1.7006802721088427e-12
162.37425923347473
Running simulation w/ ws = 2.860714e-01 and pmax = 7.142857e-08
1.9841269841269843e-11
159.49920892715454
Running simulation w/ ws = 7.756224e-01 and pmax = -7.959184e-08
-2.210884353741497e-11
161.49007153511047
Running simulation w/ ws = 2.656735e-01 and pmax = 4.693878e-08
1.3038548752834465e-11
159.45301914215088
Running simulation w/ ws = 6.169388e-02 and pmax = -7.142857e-08
-1.984126984126984e-11
162.41320180892944
Running simulation w/ ws = 6.736327e-01 and pmax = -7.142857e-08
-1.984126984126984e-11
156.96224403381348
Running simulation w/ ws = 6.532347e-01 and pmax = 6.734694e-08
1.8707482993197283e-11
159.6543481349945
Running simulation w/ ws = 9.592041e-01 and pmax = -2.040816e-09
-5.668934240362809e-13
159.68009448051453
Running simulation w/ ws = 1.840816e-01 and pmax = -4.693878e-08
-1.3038548752834467e-11
161.0510356426239
Running simulation w/ ws = 7.144286e-01 and pmax = -9.183673e-08
-2.5510204081632654e-11
158.7912039756775
Running simulation w/ ws = 9.592041e-01 and pmax = -2.244898e-08
-6.2358276643990936e-12
158.99249291419983
Running simulation w/ ws = 8.980102e-01 and pmax = -2.244898e-08
-6.2358276643990936e-12
159.6490969657898
Running simulation w/ ws = 1.000000e+00 and pmax = -2.040816e-09
-5.668934240362809e-13
160.41445994377136
Running simulation w/ ws = 1.636837e-01 and pmax = -8.775510e-08
-2.437641723356009e-11
158.98830008506775
Running simulation w/ ws = 3.064694e-01 and pmax = -7.959184e-08
-2.210884353741497e-11
159.75158143043518
Running simulation w/ ws = 6.940306e-01 and pmax = -2.040816e-09
-5.668934240362809e-13
160.25194120407104
159.5468509197235
81.53923463821411
73.54480814933777
Running simulation w/ ws = 4.696531e-01 and pmax = 3.877551e-08
1.0770975056689341e-11
Running simulation w/ ws = 7.552245e-01 and pmax = -7.551020e-08
-2.0975056689342402e-11
Running simulation w/ ws = 6.328367e-01 and pmax = 1.020408e-08
2.834467120181405e-12
Running simulation w/ ws = 3.268673e-01 and pmax = -1.428571e-08
-3.968253968253966e-12
160.09139561653137
160.10951590538025
Running simulation w/ ws = 6.736327e-01 and pmax = 2.040816e-09
5.668934240362809e-13
Running simulation w/ ws = 8.572143e-01 and pmax = 6.734694e-08
1.8707482993197283e-11
161.5669276714325
Running simulation w/ ws = 7.552245e-01 and pmax = -5.510204e-08
-1.530612244897959e-11
164.35136461257935
Running simulation w/ ws = 4.129592e-02 and pmax = 6.122449e-09
1.7006802721088427e-12
160.05061864852905
Running simulation w/ ws = 3.880612e-01 and pmax = 2.040816e-09
5.668934240362809e-13
161.59505105018616
Running simulation w/ ws = 6.736327e-01 and pmax = -2.040816e-09
-5.668934240362809e-13
161.82117319107056
Running simulation w/ ws = 4.129592e-02 and pmax = 8.367347e-08
2.3242630385487528e-11
159.7776870727539
Running simulation w/ ws = 8.572143e-01 and pmax = 9.183673e-08
2.5510204081632654e-11
159.13420271873474
Running simulation w/ ws = 5.000000e-04 and pmax = 1.000000e-07
2.7777777777777777e-11
160.03675055503845
Running simulation w/ ws = 1.636837e-01 and pmax = 7.551020e-08
2.0975056689342406e-11
161.7078013420105
Running simulation w/ ws = 1.636837e-01 and pmax = -6.122449e-09
-1.7006802721088427e-12
159.72185850143433
Running simulation w/ ws = 5.512449e-01 and pmax = -5.510204e-08
-1.530612244897959e-11
160.5472960472107
Running simulation w/ ws = 9.796020e-01 and pmax = -8.775510e-08
-2.437641723356009e-11
161.76470828056335
Running simulation w/ ws = 8.572143e-01 and pmax = -5.510204e-08
-1.530612244897959e-11
160.61820673942566
Running simulation w/ ws = 4.492551e-01 and pmax = 9.183673e-08
2.5510204081632654e-11
163.35520362854004
Running simulation w/ ws = 4.900510e-01 and pmax = 9.591837e-08
2.6643990929705214e-11
161.86057019233704
Running simulation w/ ws = 5.000000e-04 and pmax = -9.591837e-08
-2.6643990929705214e-11
159.46993803977966
Running simulation w/ ws = 6.169388e-02 and pmax = 2.244898e-08
6.2358276643990936e-12
161.47536396980286
Running simulation w/ ws = 6.169388e-02 and pmax = 8.367347e-08
2.3242630385487528e-11
161.97492289543152
Running simulation w/ ws = 5.104490e-01 and pmax = -6.326531e-08
-1.7573696145124717e-11
160.90174412727356
Running simulation w/ ws = 9.592041e-01 and pmax = -5.918367e-08
-1.6439909297052154e-11
160.8115999698639
Running simulation w/ ws = 3.676633e-01 and pmax = 1.000000e-07
2.7777777777777777e-11
162.1519718170166
Running simulation w/ ws = 2.860714e-01 and pmax = 4.693878e-08
1.3038548752834465e-11
162.01796889305115
Running simulation w/ ws = 4.492551e-01 and pmax = -1.428571e-08
-3.968253968253966e-12
145.4279534816742
Running simulation w/ ws = 7.348265e-01 and pmax = -1.836735e-08
-5.102040816326532e-12
166.48866534233093
Running simulation w/ ws = 6.169388e-02 and pmax = 1.428571e-08
3.96825396825397e-12
166.00004506111145
Running simulation w/ ws = 4.900510e-01 and pmax = 2.040816e-09
5.668934240362809e-13
165.29765152931213
Running simulation w/ ws = 3.880612e-01 and pmax = -8.367347e-08
-2.3242630385487528e-11
157.97590160369873
Running simulation w/ ws = 5.000000e-04 and pmax = -1.020408e-08
-2.834467120181405e-12
158.7514955997467
Running simulation w/ ws = 6.736327e-01 and pmax = -7.551020e-08
-2.0975056689342402e-11
159.01947951316833
Running simulation w/ ws = 6.124388e-01 and pmax = -5.918367e-08
-1.6439909297052154e-11
158.68054962158203
Running simulation w/ ws = 2.089796e-02 and pmax = -5.102041e-08
-1.4172335600907028e-11
156.34408950805664
155.8239347934723
Running simulation w/ ws = 6.736327e-01 and pmax = 5.510204e-08
1.5306122448979588e-11
156.86759328842163
174.37366008758545
35.01746726036072
Running simulation w/ ws = 5.104490e-01 and pmax = 5.102041e-08
1.4172335600907027e-11
Running simulation w/ ws = 4.696531e-01 and pmax = 6.734694e-08
1.8707482993197283e-11
Running simulation w/ ws = 2.248776e-01 and pmax = -3.061224e-08
-8.503401360544217e-12
Running simulation w/ ws = 8.209184e-02 and pmax = -7.959184e-08
-2.210884353741497e-11
155.3264570236206
Running simulation w/ ws = 2.452755e-01 and pmax = 1.000000e-07
2.7777777777777777e-11
157.78616881370544
Running simulation w/ ws = 2.089796e-02 and pmax = 2.653061e-08
7.369614512471656e-12
159.80308985710144
Running simulation w/ ws = 3.880612e-01 and pmax = -3.469388e-08
-9.63718820861678e-12
166.34380793571472
Running simulation w/ ws = 5.000000e-04 and pmax = 4.693878e-08
1.3038548752834465e-11
158.58378505706787
Running simulation w/ ws = 1.432857e-01 and pmax = 3.061224e-08
8.503401360544217e-12
158.81738948822021
Running simulation w/ ws = 2.089796e-02 and pmax = 5.102041e-08
1.4172335600907027e-11
162.94452452659607
Running simulation w/ ws = 5.308469e-01 and pmax = -1.428571e-08
-3.968253968253966e-12
162.19813752174377
Running simulation w/ ws = 4.900510e-01 and pmax = -9.183673e-08
-2.5510204081632654e-11
160.54366517066956
Running simulation w/ ws = 4.084592e-01 and pmax = 8.367347e-08
2.3242630385487528e-11
159.99869918823242
Running simulation w/ ws = 1.000000e+00 and pmax = 1.836735e-08
5.102040816326532e-12
161.88478827476501
Running simulation w/ ws = 6.124388e-01 and pmax = 1.000000e-07
2.7777777777777777e-11
162.4516658782959
Running simulation w/ ws = 3.676633e-01 and pmax = 9.183673e-08
2.5510204081632654e-11
159.38620114326477
Running simulation w/ ws = 8.572143e-01 and pmax = 1.020408e-08
2.834467120181405e-12
161.60684895515442
Running simulation w/ ws = 9.796020e-01 and pmax = 8.367347e-08
2.3242630385487528e-11
162.27568101882935
Running simulation w/ ws = 4.288571e-01 and pmax = 5.510204e-08
1.5306122448979588e-11
162.25057888031006
Running simulation w/ ws = 4.900510e-01 and pmax = 6.326531e-08
1.7573696145124714e-11
161.26809453964233
Running simulation w/ ws = 8.980102e-01 and pmax = -8.775510e-08
-2.437641723356009e-11
159.9593575000763
Running simulation w/ ws = 3.268673e-01 and pmax = 4.285714e-08
1.1904761904761902e-11
162.86513900756836
Running simulation w/ ws = 7.552245e-01 and pmax = -2.653061e-08
-7.369614512471656e-12
160.8075611591339
Running simulation w/ ws = 9.388061e-01 and pmax = -5.102041e-08
-1.4172335600907028e-11
159.95958185195923
Running simulation w/ ws = 1.024898e-01 and pmax = 7.142857e-08
1.9841269841269843e-11
160.95726776123047
Running simulation w/ ws = 4.696531e-01 and pmax = -3.877551e-08
-1.0770975056689341e-11
162.0041253566742
Running simulation w/ ws = 5.716429e-01 and pmax = 3.469388e-08
9.63718820861678e-12
161.65099787712097
Running simulation w/ ws = 4.900510e-01 and pmax = -5.102041e-08
-1.4172335600907028e-11
159.36322927474976
Running simulation w/ ws = 5.512449e-01 and pmax = 8.367347e-08
2.3242630385487528e-11
160.83543944358826
Running simulation w/ ws = 2.248776e-01 and pmax = -9.591837e-08
-2.6643990929705214e-11
162.21269869804382
Running simulation w/ ws = 2.044796e-01 and pmax = 5.102041e-08
1.4172335600907027e-11
160.5502209663391
Running simulation w/ ws = 4.084592e-01 and pmax = -2.244898e-08
-6.2358276643990936e-12
159.4823694229126
Running simulation w/ ws = 3.064694e-01 and pmax = -2.040816e-09
-5.668934240362809e-13
159.770649433136
Running simulation w/ ws = 8.209184e-02 and pmax = 1.020408e-08
2.834467120181405e-12
161.7202889919281
Running simulation w/ ws = 2.044796e-01 and pmax = -3.469388e-08
-9.63718820861678e-12
161.19831466674805
Running simulation w/ ws = 6.328367e-01 and pmax = -2.040816e-09
-5.668934240362809e-13
158.9879732131958
Running simulation w/ ws = 3.064694e-01 and pmax = -5.102041e-08
-1.4172335600907028e-11
161.1623661518097
Running simulation w/ ws = 6.328367e-01 and pmax = 6.122449e-09
1.7006802721088427e-12
160.20411324501038
162.99528884887695
86.62370920181274
80.11050462722778
Running simulation w/ ws = 2.044796e-01 and pmax = 4.285714e-08
1.1904761904761902e-11
Running simulation w/ ws = 9.592041e-01 and pmax = -7.959184e-08
-2.210884353741497e-11
Running simulation w/ ws = 1.228878e-01 and pmax = 7.551020e-08
2.0975056689342406e-11
Running simulation w/ ws = 2.452755e-01 and pmax = 8.367347e-08
2.3242630385487528e-11
154.9369559288025
Running simulation w/ ws = 1.636837e-01 and pmax = -4.693878e-08
-1.3038548752834467e-11
157.54893732070923
157.57050561904907
Running simulation w/ ws = 5.000000e-04 and pmax = 5.918367e-08
1.643990929705215e-11
Running simulation w/ ws = 1.024898e-01 and pmax = -2.040816e-09
-5.668934240362809e-13
172.0909447669983
Running simulation w/ ws = 5.000000e-04 and pmax = -9.183673e-08
-2.5510204081632654e-11
159.42320609092712
Running simulation w/ ws = 9.592041e-01 and pmax = -3.061224e-08
-8.503401360544217e-12
157.68497824668884
Running simulation w/ ws = 9.796020e-01 and pmax = 5.510204e-08
1.5306122448979588e-11
158.57209491729736
Running simulation w/ ws = 8.980102e-01 and pmax = -2.040816e-09
-5.668934240362809e-13
159.98830342292786
Running simulation w/ ws = 4.696531e-01 and pmax = 1.428571e-08
3.96825396825397e-12
159.3777585029602
Running simulation w/ ws = 6.532347e-01 and pmax = 4.693878e-08
1.3038548752834465e-11
160.01002621650696
Running simulation w/ ws = 1.000000e+00 and pmax = 5.102041e-08
1.4172335600907027e-11
159.41828536987305
Running simulation w/ ws = 6.169388e-02 and pmax = -1.428571e-08
-3.968253968253966e-12
161.14460563659668
Running simulation w/ ws = 2.089796e-02 and pmax = 7.142857e-08
1.9841269841269843e-11
158.47501420974731
159.95745587348938
Running simulation w/ ws = 6.169388e-02 and pmax = 3.469388e-08
9.63718820861678e-12
Running simulation w/ ws = 4.900510e-01 and pmax = 7.551020e-08
2.0975056689342406e-11
159.70991468429565
Running simulation w/ ws = 7.756224e-01 and pmax = -8.367347e-08
-2.3242630385487528e-11
160.82966780662537
Running simulation w/ ws = 9.592041e-01 and pmax = 6.122449e-09
1.7006802721088427e-12
156.71295475959778
Running simulation w/ ws = 3.880612e-01 and pmax = 8.367347e-08
2.3242630385487528e-11
157.33583283424377
Running simulation w/ ws = 8.368163e-01 and pmax = 2.653061e-08
7.369614512471656e-12
158.79591393470764
Running simulation w/ ws = 7.552245e-01 and pmax = 8.775510e-08
2.437641723356009e-11
159.58730721473694
Running simulation w/ ws = 9.592041e-01 and pmax = 4.693878e-08
1.3038548752834465e-11
160.63595867156982
Running simulation w/ ws = 4.288571e-01 and pmax = -6.122449e-09
-1.7006802721088427e-12
160.7705476284027
Running simulation w/ ws = 8.209184e-02 and pmax = 1.000000e-07
2.7777777777777777e-11
161.08354473114014
Running simulation w/ ws = 2.248776e-01 and pmax = 9.591837e-08
2.6643990929705214e-11
164.48346304893494
Running simulation w/ ws = 4.900510e-01 and pmax = -6.326531e-08
-1.7573696145124717e-11
158.5442898273468
Running simulation w/ ws = 5.308469e-01 and pmax = -1.836735e-08
-5.102040816326532e-12
159.47923636436462
Running simulation w/ ws = 6.328367e-01 and pmax = -6.734694e-08
-1.8707482993197277e-11
160.55027794837952
Running simulation w/ ws = 8.368163e-01 and pmax = 5.510204e-08
1.5306122448979588e-11
162.43987107276917
Running simulation w/ ws = 1.228878e-01 and pmax = -1.428571e-08
-3.968253968253966e-12
160.10259985923767
Running simulation w/ ws = 7.552245e-01 and pmax = 1.836735e-08
5.102040816326532e-12
160.31288766860962
Running simulation w/ ws = 1.840816e-01 and pmax = -5.102041e-08
-1.4172335600907028e-11
161.04890179634094
Running simulation w/ ws = 2.656735e-01 and pmax = -1.428571e-08
-3.968253968253966e-12
161.52794289588928
Running simulation w/ ws = 8.572143e-01 and pmax = -3.061224e-08
-8.503401360544217e-12
160.14198803901672
Running simulation w/ ws = 8.209184e-02 and pmax = 5.918367e-08
1.643990929705215e-11
160.74651455879211
Running simulation w/ ws = 1.432857e-01 and pmax = 9.183673e-08
2.5510204081632654e-11
160.94479036331177
Running simulation w/ ws = 7.144286e-01 and pmax = 3.061224e-08
8.503401360544217e-12
162.36323881149292
119.6338996887207
122.28679299354553
116.3554790019989
Running simulation w/ ws = 5.512449e-01 and pmax = -3.469388e-08
-9.63718820861678e-12
Running simulation w/ ws = 7.348265e-01 and pmax = -3.877551e-08
-1.0770975056689341e-11
Running simulation w/ ws = 3.676633e-01 and pmax = -6.326531e-08
-1.7573696145124717e-11
Running simulation w/ ws = 1.000000e+00 and pmax = -9.183673e-08
-2.5510204081632654e-11
157.50696349143982
Running simulation w/ ws = 1.024898e-01 and pmax = -8.367347e-08
-2.3242630385487528e-11
157.9082636833191
Running simulation w/ ws = 1.636837e-01 and pmax = -9.591837e-08
-2.6643990929705214e-11
158.8323905467987
Running simulation w/ ws = 2.860714e-01 and pmax = 9.183673e-08
2.5510204081632654e-11
162.45750069618225
Running simulation w/ ws = 9.184082e-01 and pmax = -3.877551e-08
-1.0770975056689341e-11
156.97480964660645
Running simulation w/ ws = 1.636837e-01 and pmax = 7.142857e-08
1.9841269841269843e-11
158.25796031951904
Running simulation w/ ws = 4.288571e-01 and pmax = -1.020408e-08
-2.834467120181405e-12
158.85661840438843
Running simulation w/ ws = 4.129592e-02 and pmax = -4.285714e-08
-1.1904761904761902e-11
161.02302503585815
Running simulation w/ ws = 5.308469e-01 and pmax = -7.551020e-08
-2.0975056689342402e-11
156.84737038612366
Running simulation w/ ws = 3.676633e-01 and pmax = -7.551020e-08
-2.0975056689342402e-11
158.47914218902588
Running simulation w/ ws = 1.432857e-01 and pmax = 2.244898e-08
6.2358276643990936e-12
158.8876235485077
Running simulation w/ ws = 8.776122e-01 and pmax = -3.469388e-08
-9.63718820861678e-12
161.91178035736084
Running simulation w/ ws = 3.472653e-01 and pmax = 1.836735e-08
5.102040816326532e-12
153.83195185661316
Running simulation w/ ws = 1.228878e-01 and pmax = 5.510204e-08
1.5306122448979588e-11
154.29747462272644
Running simulation w/ ws = 2.044796e-01 and pmax = 7.959184e-08
2.210884353741497e-11
158.7571246623993
Running simulation w/ ws = 6.169388e-02 and pmax = -6.122449e-09
-1.7006802721088427e-12
176.41651725769043
Running simulation w/ ws = 8.776122e-01 and pmax = 3.877551e-08
1.0770975056689341e-11
158.7968144416809
Running simulation w/ ws = 9.592041e-01 and pmax = 2.244898e-08
6.2358276643990936e-12
159.44050979614258
Running simulation w/ ws = 8.368163e-01 and pmax = 1.836735e-08
5.102040816326532e-12
160.05275917053223
Running simulation w/ ws = 7.348265e-01 and pmax = -5.102041e-08
-1.4172335600907028e-11
165.00185465812683
Running simulation w/ ws = 6.124388e-01 and pmax = 8.367347e-08
2.3242630385487528e-11
156.68413019180298
Running simulation w/ ws = 1.636837e-01 and pmax = 6.326531e-08
1.7573696145124714e-11
156.99595022201538
Running simulation w/ ws = 7.144286e-01 and pmax = 5.918367e-08
1.643990929705215e-11
157.58711171150208
Running simulation w/ ws = 7.348265e-01 and pmax = 5.102041e-08
1.4172335600907027e-11
162.2927417755127
Running simulation w/ ws = 2.089796e-02 and pmax = -1.000000e-07
-2.7777777777777777e-11
157.77923965454102
Running simulation w/ ws = 4.900510e-01 and pmax = -5.510204e-08
-1.530612244897959e-11
160.05382752418518
Running simulation w/ ws = 1.000000e+00 and pmax = -3.469388e-08
-9.63718820861678e-12
157.76237630844116
Running simulation w/ ws = 4.492551e-01 and pmax = 8.775510e-08
2.437641723356009e-11
162.3980278968811
Running simulation w/ ws = 8.209184e-02 and pmax = 6.734694e-08
1.8707482993197283e-11
157.9343123435974
Running simulation w/ ws = 2.656735e-01 and pmax = 7.959184e-08
2.210884353741497e-11
160.25777435302734
Running simulation w/ ws = 3.880612e-01 and pmax = 8.775510e-08
2.437641723356009e-11
159.27536582946777
Running simulation w/ ws = 8.572143e-01 and pmax = 6.122449e-09
1.7006802721088427e-12
161.88584733009338
Running simulation w/ ws = 5.104490e-01 and pmax = 2.653061e-08
7.369614512471656e-12
158.03086519241333
Running simulation w/ ws = 6.124388e-01 and pmax = -1.000000e-07
-2.7777777777777777e-11
158.65303778648376
Running simulation w/ ws = 9.388061e-01 and pmax = -7.551020e-08
-2.0975056689342402e-11
157.92856788635254
Running simulation w/ ws = 1.000000e+00 and pmax = 7.142857e-08
1.9841269841269843e-11
161.9371259212494
121.35836887359619
121.29381966590881
106.21063470840454
Running simulation w/ ws = 3.676633e-01 and pmax = -5.918367e-08
-1.6439909297052154e-11
Running simulation w/ ws = 3.268673e-01 and pmax = 5.918367e-08
1.643990929705215e-11
Running simulation w/ ws = 4.084592e-01 and pmax = -4.285714e-08
-1.1904761904761902e-11
Running simulation w/ ws = 7.756224e-01 and pmax = -3.061224e-08
-8.503401360544217e-12
160.0323464870453
Running simulation w/ ws = 4.129592e-02 and pmax = 9.183673e-08
2.5510204081632654e-11
160.44428372383118
Running simulation w/ ws = 6.124388e-01 and pmax = -4.285714e-08
-1.1904761904761902e-11
160.93704962730408
Running simulation w/ ws = 3.472653e-01 and pmax = -5.102041e-08
-1.4172335600907028e-11
161.21474957466125
Running simulation w/ ws = 1.840816e-01 and pmax = 1.020408e-08
2.834467120181405e-12
160.00682401657104
Running simulation w/ ws = 1.432857e-01 and pmax = -1.020408e-08
-2.834467120181405e-12
158.97098875045776
Running simulation w/ ws = 5.716429e-01 and pmax = 2.653061e-08
7.369614512471656e-12
159.7810299396515
Running simulation w/ ws = 4.288571e-01 and pmax = 4.693878e-08
1.3038548752834465e-11
159.36649870872498
Running simulation w/ ws = 3.268673e-01 and pmax = 6.122449e-09
1.7006802721088427e-12
158.48349690437317
Running simulation w/ ws = 4.696531e-01 and pmax = -8.367347e-08
-2.3242630385487528e-11
159.15632915496826
Running simulation w/ ws = 2.044796e-01 and pmax = -7.551020e-08
-2.0975056689342402e-11
159.27461624145508
159.22398018836975
Running simulation w/ ws = 6.940306e-01 and pmax = -5.510204e-08
-1.530612244897959e-11
Running simulation w/ ws = 4.084592e-01 and pmax = 6.734694e-08
1.8707482993197283e-11
158.11224365234375
Running simulation w/ ws = 3.064694e-01 and pmax = 8.367347e-08
2.3242630385487528e-11
157.76379299163818
Running simulation w/ ws = 7.348265e-01 and pmax = 1.836735e-08
5.102040816326532e-12
158.29243540763855
Running simulation w/ ws = 2.044796e-01 and pmax = 4.693878e-08
1.3038548752834465e-11
161.46488451957703
Running simulation w/ ws = 2.656735e-01 and pmax = -4.693878e-08
-1.3038548752834467e-11
159.12025332450867
Running simulation w/ ws = 2.089796e-02 and pmax = -2.244898e-08
-6.2358276643990936e-12
159.220299243927
Running simulation w/ ws = 1.840816e-01 and pmax = 8.367347e-08
2.3242630385487528e-11
160.12494134902954
Running simulation w/ ws = 3.880612e-01 and pmax = 2.244898e-08
6.2358276643990936e-12
160.0072808265686
Running simulation w/ ws = 6.328367e-01 and pmax = -1.428571e-08
-3.968253968253966e-12
158.0093491077423
Running simulation w/ ws = 2.248776e-01 and pmax = -5.510204e-08
-1.530612244897959e-11
158.94300961494446
Running simulation w/ ws = 4.900510e-01 and pmax = -8.775510e-08
-2.437641723356009e-11
160.38022184371948
Running simulation w/ ws = 9.388061e-01 and pmax = 2.244898e-08
6.2358276643990936e-12
159.68645358085632
Running simulation w/ ws = 5.104490e-01 and pmax = 8.367347e-08
2.3242630385487528e-11
158.27927088737488
Running simulation w/ ws = 7.960204e-01 and pmax = -2.653061e-08
-7.369614512471656e-12
160.3343632221222
Running simulation w/ ws = 7.144286e-01 and pmax = -1.428571e-08
-3.968253968253966e-12
159.92039155960083
Running simulation w/ ws = 2.089796e-02 and pmax = 9.183673e-08
2.5510204081632654e-11
161.27482652664185
Running simulation w/ ws = 3.472653e-01 and pmax = 6.326531e-08
1.7573696145124714e-11
158.87534737586975
Running simulation w/ ws = 3.676633e-01 and pmax = -1.000000e-07
-2.7777777777777777e-11
160.18555784225464
Running simulation w/ ws = 6.169388e-02 and pmax = 6.326531e-08
1.7573696145124714e-11
158.11733293533325
Running simulation w/ ws = 7.960204e-01 and pmax = -7.959184e-08
-2.210884353741497e-11
160.83727049827576
Running simulation w/ ws = 1.000000e+00 and pmax = -3.877551e-08
-1.0770975056689341e-11
159.21515417099
Running simulation w/ ws = 5.308469e-01 and pmax = 9.183673e-08
2.5510204081632654e-11
159.2585186958313
Running simulation w/ ws = 3.676633e-01 and pmax = 6.122449e-09
1.7006802721088427e-12
158.98766016960144
Running simulation w/ ws = 3.268673e-01 and pmax = 2.244898e-08
6.2358276643990936e-12
160.21658563613892
Running simulation w/ ws = 8.368163e-01 and pmax = -7.551020e-08
-2.0975056689342402e-11
147.05888104438782
143.04862713813782
136.41708207130432
149.31354689598083
Running simulation w/ ws = 7.960204e-01 and pmax = -3.061224e-08
-8.503401360544217e-12
Running simulation w/ ws = 9.592041e-01 and pmax = 1.000000e-07
2.7777777777777777e-11
Running simulation w/ ws = 1.228878e-01 and pmax = 6.122449e-09
1.7006802721088427e-12
Running simulation w/ ws = 6.940306e-01 and pmax = 7.551020e-08
2.0975056689342406e-11
156.27384662628174
Running simulation w/ ws = 1.432857e-01 and pmax = 3.877551e-08
1.0770975056689341e-11
157.35453748703003
Running simulation w/ ws = 1.000000e+00 and pmax = 8.775510e-08
2.437641723356009e-11
157.73540449142456
Running simulation w/ ws = 4.492551e-01 and pmax = -8.775510e-08
-2.437641723356009e-11
167.35401725769043
Running simulation w/ ws = 2.860714e-01 and pmax = 5.918367e-08
1.643990929705215e-11
157.9738199710846
Running simulation w/ ws = 5.920408e-01 and pmax = 1.000000e-07
2.7777777777777777e-11
158.45000386238098
Running simulation w/ ws = 5.000000e-04 and pmax = -7.142857e-08
-1.984126984126984e-11
159.79590368270874
Running simulation w/ ws = 3.064694e-01 and pmax = 3.469388e-08
9.63718820861678e-12
159.28533506393433
Running simulation w/ ws = 6.532347e-01 and pmax = -8.775510e-08
-2.437641723356009e-11
157.08988547325134
Running simulation w/ ws = 2.044796e-01 and pmax = 1.428571e-08
3.96825396825397e-12
159.33232831954956
Running simulation w/ ws = 7.348265e-01 and pmax = 1.020408e-08
2.834467120181405e-12
160.33945679664612
Running simulation w/ ws = 6.940306e-01 and pmax = 7.959184e-08
2.210884353741497e-11
159.74936366081238
Running simulation w/ ws = 3.676633e-01 and pmax = -3.877551e-08
-1.0770975056689341e-11
157.93211388587952
Running simulation w/ ws = 6.124388e-01 and pmax = -3.877551e-08
-1.0770975056689341e-11
157.6400842666626
Running simulation w/ ws = 1.840816e-01 and pmax = 6.122449e-09
1.7006802721088427e-12
159.94120573997498
Running simulation w/ ws = 5.104490e-01 and pmax = -7.959184e-08
-2.210884353741497e-11
159.77269649505615
Running simulation w/ ws = 9.184082e-01 and pmax = -5.102041e-08
-1.4172335600907028e-11
160.02972865104675
Running simulation w/ ws = 3.472653e-01 and pmax = 6.734694e-08
1.8707482993197283e-11
161.08654141426086
Running simulation w/ ws = 9.388061e-01 and pmax = -6.734694e-08
-1.8707482993197277e-11
161.54524636268616
Running simulation w/ ws = 9.184082e-01 and pmax = -7.959184e-08
-2.210884353741497e-11
162.85422730445862
Running simulation w/ ws = 5.716429e-01 and pmax = 8.775510e-08
2.437641723356009e-11
158.3856382369995
Running simulation w/ ws = 5.104490e-01 and pmax = -3.061224e-08
-8.503401360544217e-12
159.10523653030396
Running simulation w/ ws = 4.696531e-01 and pmax = 7.142857e-08
1.9841269841269843e-11
160.6135709285736
Running simulation w/ ws = 8.164184e-01 and pmax = -5.102041e-08
-1.4172335600907028e-11
160.3222086429596
Running simulation w/ ws = 4.084592e-01 and pmax = -9.183673e-08
-2.5510204081632654e-11
158.9263572692871
Running simulation w/ ws = 5.512449e-01 and pmax = 2.040816e-09
5.668934240362809e-13
159.20065689086914
Running simulation w/ ws = 8.776122e-01 and pmax = 2.244898e-08
6.2358276643990936e-12
158.71661257743835
Running simulation w/ ws = 3.472653e-01 and pmax = 2.040816e-09
5.668934240362809e-13
159.80212712287903
Running simulation w/ ws = 2.089796e-02 and pmax = 6.734694e-08
1.8707482993197283e-11
157.2933325767517
Running simulation w/ ws = 6.532347e-01 and pmax = 9.183673e-08
2.5510204081632654e-11
159.89666938781738
Running simulation w/ ws = 1.840816e-01 and pmax = 7.959184e-08
2.210884353741497e-11
160.59570026397705
Running simulation w/ ws = 2.860714e-01 and pmax = -7.551020e-08
-2.0975056689342402e-11
160.32906293869019
Running simulation w/ ws = 1.432857e-01 and pmax = -7.959184e-08
-2.210884353741497e-11
157.70512747764587
Running simulation w/ ws = 6.532347e-01 and pmax = 6.326531e-08
1.7573696145124714e-11
160.14598393440247
Running simulation w/ ws = 7.144286e-01 and pmax = 3.877551e-08
1.0770975056689341e-11
159.14723253250122
Running simulation w/ ws = 6.328367e-01 and pmax = -3.061224e-08
-8.503401360544217e-12
161.13306427001953
117.65277814865112
122.75318503379822
111.38257908821106
Running simulation w/ ws = 1.024898e-01 and pmax = -8.775510e-08
-2.437641723356009e-11
Running simulation w/ ws = 6.328367e-01 and pmax = -1.000000e-07
-2.7777777777777777e-11
Running simulation w/ ws = 4.696531e-01 and pmax = -5.102041e-08
-1.4172335600907028e-11
Running simulation w/ ws = 5.920408e-01 and pmax = -1.428571e-08
-3.968253968253966e-12
156.13829255104065
Running simulation w/ ws = 1.432857e-01 and pmax = 5.510204e-08
1.5306122448979588e-11
158.6220247745514
Running simulation w/ ws = 1.432857e-01 and pmax = -2.244898e-08
-6.2358276643990936e-12
159.47446131706238
Running simulation w/ ws = 2.860714e-01 and pmax = -2.244898e-08
-6.2358276643990936e-12
160.78626894950867
Running simulation w/ ws = 1.024898e-01 and pmax = -5.510204e-08
-1.530612244897959e-11
158.14659309387207
Running simulation w/ ws = 3.676633e-01 and pmax = -7.959184e-08
-2.210884353741497e-11
157.18478560447693
Running simulation w/ ws = 2.044796e-01 and pmax = -1.020408e-08
-2.834467120181405e-12
159.23488187789917
Running simulation w/ ws = 5.920408e-01 and pmax = -8.367347e-08
-2.3242630385487528e-11
159.68257880210876
Running simulation w/ ws = 9.796020e-01 and pmax = 9.591837e-08
2.6643990929705214e-11
157.06489968299866
Running simulation w/ ws = 6.736327e-01 and pmax = 6.326531e-08
1.7573696145124714e-11
158.9293782711029
Running simulation w/ ws = 9.592041e-01 and pmax = -7.142857e-08
-1.984126984126984e-11
156.59221863746643
Running simulation w/ ws = 9.184082e-01 and pmax = 2.244898e-08
6.2358276643990936e-12
159.57525610923767
Running simulation w/ ws = 6.532347e-01 and pmax = 7.142857e-08
1.9841269841269843e-11
157.60738563537598
Running simulation w/ ws = 4.696531e-01 and pmax = -8.775510e-08
-2.437641723356009e-11
157.51966071128845
Running simulation w/ ws = 8.776122e-01 and pmax = -2.244898e-08
-6.2358276643990936e-12
157.65033078193665
Running simulation w/ ws = 7.348265e-01 and pmax = 3.469388e-08
9.63718820861678e-12
158.78290915489197
Running simulation w/ ws = 1.000000e+00 and pmax = 9.183673e-08
2.5510204081632654e-11
159.14239311218262
Running simulation w/ ws = 7.960204e-01 and pmax = 8.367347e-08
2.3242630385487528e-11
159.57688283920288
Running simulation w/ ws = 1.000000e+00 and pmax = -5.918367e-08
-1.6439909297052154e-11
160.08052349090576
Running simulation w/ ws = 8.572143e-01 and pmax = 1.836735e-08
5.102040816326532e-12
161.4487442970276
Running simulation w/ ws = 1.840816e-01 and pmax = 9.591837e-08
2.6643990929705214e-11
158.6928367614746
Running simulation w/ ws = 8.164184e-01 and pmax = 3.061224e-08
8.503401360544217e-12
158.11082768440247
Running simulation w/ ws = 6.328367e-01 and pmax = 2.040816e-09
5.668934240362809e-13
159.08090257644653
Running simulation w/ ws = 8.164184e-01 and pmax = -2.244898e-08
-6.2358276643990936e-12
159.81410336494446
Running simulation w/ ws = 3.472653e-01 and pmax = 1.000000e-07
2.7777777777777777e-11
159.10891366004944
Running simulation w/ ws = 4.900510e-01 and pmax = 1.836735e-08
5.102040816326532e-12
160.1685333251953
Running simulation w/ ws = 7.144286e-01 and pmax = 1.020408e-08
2.834467120181405e-12
158.31661248207092
Running simulation w/ ws = 6.736327e-01 and pmax = 5.102041e-08
1.4172335600907027e-11
159.7534990310669
Running simulation w/ ws = 5.104490e-01 and pmax = 9.591837e-08
2.6643990929705214e-11
159.3265504837036
Running simulation w/ ws = 4.084592e-01 and pmax = -1.836735e-08
-5.102040816326532e-12
160.9607810974121
Running simulation w/ ws = 4.492551e-01 and pmax = 4.693878e-08
1.3038548752834465e-11
158.59145379066467
Running simulation w/ ws = 9.796020e-01 and pmax = 1.428571e-08
3.96825396825397e-12
160.5504629611969
Running simulation w/ ws = 3.472653e-01 and pmax = -5.510204e-08
-1.530612244897959e-11
158.80849599838257
Running simulation w/ ws = 5.308469e-01 and pmax = -4.693878e-08
-1.3038548752834467e-11
159.35748887062073
Running simulation w/ ws = 4.696531e-01 and pmax = -4.285714e-08
-1.1904761904761902e-11
158.72679042816162
Running simulation w/ ws = 8.164184e-01 and pmax = 7.551020e-08
2.0975056689342406e-11
161.16273522377014
Running simulation w/ ws = 9.184082e-01 and pmax = -1.020408e-08
-2.834467120181405e-12
147.84062314033508
152.2808814048767
150.0976939201355
141.3668978214264
Running simulation w/ ws = 3.676633e-01 and pmax = 3.469388e-08
9.63718820861678e-12
Running simulation w/ ws = 4.288571e-01 and pmax = 2.244898e-08
6.2358276643990936e-12
Running simulation w/ ws = 1.840816e-01 and pmax = -5.918367e-08
-1.6439909297052154e-11
Running simulation w/ ws = 2.044796e-01 and pmax = 2.653061e-08
7.369614512471656e-12
157.81269598007202
Running simulation w/ ws = 5.308469e-01 and pmax = 8.367347e-08
2.3242630385487528e-11
158.50500583648682
Running simulation w/ ws = 4.492551e-01 and pmax = -6.734694e-08
-1.8707482993197277e-11
160.86106038093567
Running simulation w/ ws = 7.348265e-01 and pmax = 7.551020e-08
2.0975056689342406e-11
163.02392840385437
Running simulation w/ ws = 4.288571e-01 and pmax = -9.591837e-08
-2.6643990929705214e-11
159.22385334968567
Running simulation w/ ws = 1.432857e-01 and pmax = 8.775510e-08
2.437641723356009e-11
159.4859766960144
Running simulation w/ ws = 6.328367e-01 and pmax = 5.918367e-08
1.643990929705215e-11
159.83578205108643
Running simulation w/ ws = 3.472653e-01 and pmax = -3.877551e-08
-1.0770975056689341e-11
161.71294260025024
Running simulation w/ ws = 2.248776e-01 and pmax = 5.102041e-08
1.4172335600907027e-11
157.65388798713684
Running simulation w/ ws = 3.064694e-01 and pmax = -9.591837e-08
-2.6643990929705214e-11
159.88414859771729
Running simulation w/ ws = 2.656735e-01 and pmax = -9.591837e-08
-2.6643990929705214e-11
158.18620991706848
Running simulation w/ ws = 8.209184e-02 and pmax = 2.040816e-09
5.668934240362809e-13
159.39853405952454
Running simulation w/ ws = 4.084592e-01 and pmax = 2.244898e-08
6.2358276643990936e-12
156.93817377090454
Running simulation w/ ws = 1.636837e-01 and pmax = 4.285714e-08
1.1904761904761902e-11
158.3766918182373
Running simulation w/ ws = 2.656735e-01 and pmax = 7.551020e-08
2.0975056689342406e-11
158.69241189956665
Running simulation w/ ws = 4.129592e-02 and pmax = -4.693878e-08
-1.3038548752834467e-11
160.8458116054535
Running simulation w/ ws = 8.572143e-01 and pmax = -6.122449e-09
-1.7006802721088427e-12
158.62202620506287
Running simulation w/ ws = 3.268673e-01 and pmax = 2.040816e-09
5.668934240362809e-13
157.51410126686096
Running simulation w/ ws = 7.960204e-01 and pmax = 7.142857e-08
1.9841269841269843e-11
159.41488361358643
Running simulation w/ ws = 9.388061e-01 and pmax = -2.653061e-08
-7.369614512471656e-12
162.08020329475403
Running simulation w/ ws = 1.228878e-01 and pmax = 4.693878e-08
1.3038548752834465e-11
159.38295245170593
Running simulation w/ ws = 4.084592e-01 and pmax = -4.693878e-08
-1.3038548752834467e-11
158.74036526679993
Running simulation w/ ws = 6.169388e-02 and pmax = -9.183673e-08
-2.5510204081632654e-11
159.1592800617218
Running simulation w/ ws = 3.472653e-01 and pmax = -7.551020e-08
-2.0975056689342402e-11
162.6916642189026
Running simulation w/ ws = 2.248776e-01 and pmax = 1.836735e-08
5.102040816326532e-12
157.48896026611328
Running simulation w/ ws = 2.656735e-01 and pmax = 1.428571e-08
3.96825396825397e-12
158.36697793006897
Running simulation w/ ws = 1.000000e+00 and pmax = 6.326531e-08
1.7573696145124714e-11
160.38079190254211
Running simulation w/ ws = 8.368163e-01 and pmax = 6.326531e-08
1.7573696145124714e-11
162.6244673728943
Running simulation w/ ws = 5.000000e-04 and pmax = 1.020408e-08
2.834467120181405e-12
158.21040630340576
Running simulation w/ ws = 6.940306e-01 and pmax = 1.020408e-08
2.834467120181405e-12
158.93936038017273
Running simulation w/ ws = 3.880612e-01 and pmax = 1.836735e-08
5.102040816326532e-12
160.9195318222046
Running simulation w/ ws = 2.656735e-01 and pmax = -7.959184e-08
-2.210884353741497e-11
162.72431564331055
Running simulation w/ ws = 3.268673e-01 and pmax = 7.959184e-08
2.210884353741497e-11
157.4356768131256
Running simulation w/ ws = 2.452755e-01 and pmax = 7.959184e-08
2.210884353741497e-11
159.3679599761963
Running simulation w/ ws = 8.368163e-01 and pmax = 6.734694e-08
1.8707482993197283e-11
160.56172800064087
Running simulation w/ ws = 9.796020e-01 and pmax = 3.469388e-08
9.63718820861678e-12
161.69743537902832
117.20130276679993
117.42170429229736
111.0730242729187
Running simulation w/ ws = 6.736327e-01 and pmax = 9.183673e-08
2.5510204081632654e-11
Running simulation w/ ws = 2.248776e-01 and pmax = 1.000000e-07
2.7777777777777777e-11
Running simulation w/ ws = 6.532347e-01 and pmax = 2.653061e-08
7.369614512471656e-12
Running simulation w/ ws = 8.164184e-01 and pmax = 1.020408e-08
2.834467120181405e-12
158.41277623176575
Running simulation w/ ws = 9.388061e-01 and pmax = -1.836735e-08
-5.102040816326532e-12
158.52829599380493
Running simulation w/ ws = 6.124388e-01 and pmax = -1.020408e-08
-2.834467120181405e-12
160.88852763175964
Running simulation w/ ws = 6.940306e-01 and pmax = -9.183673e-08
-2.5510204081632654e-11
161.1388020515442
Running simulation w/ ws = 5.308469e-01 and pmax = -6.122449e-09
-1.7006802721088427e-12
156.2436740398407
Running simulation w/ ws = 4.129592e-02 and pmax = 2.653061e-08
7.369614512471656e-12
158.57721590995789
Running simulation w/ ws = 5.000000e-04 and pmax = 6.326531e-08
1.7573696145124714e-11
160.25054049491882
Running simulation w/ ws = 3.880612e-01 and pmax = -9.591837e-08
-2.6643990929705214e-11
161.1588237285614
Running simulation w/ ws = 2.248776e-01 and pmax = 3.061224e-08
8.503401360544217e-12
161.48400950431824
Running simulation w/ ws = 4.129592e-02 and pmax = -1.020408e-08
-2.834467120181405e-12
159.56265807151794
Running simulation w/ ws = 1.228878e-01 and pmax = -9.183673e-08
-2.5510204081632654e-11
162.24942898750305
163.0021779537201
Running simulation w/ ws = 7.348265e-01 and pmax = 9.591837e-08
2.6643990929705214e-11
Running simulation w/ ws = 7.960204e-01 and pmax = -1.428571e-08
-3.968253968253966e-12
157.5749819278717
Running simulation w/ ws = 9.388061e-01 and pmax = 6.734694e-08
1.8707482993197283e-11
158.79104685783386
Running simulation w/ ws = 3.064694e-01 and pmax = 5.102041e-08
1.4172335600907027e-11
160.27571415901184
Running simulation w/ ws = 8.164184e-01 and pmax = -9.183673e-08
-2.5510204081632654e-11
160.4643633365631
Running simulation w/ ws = 1.636837e-01 and pmax = 1.000000e-07
2.7777777777777777e-11
157.53716135025024
Running simulation w/ ws = 2.860714e-01 and pmax = 5.102041e-08
1.4172335600907027e-11
159.68288564682007
Running simulation w/ ws = 6.532347e-01 and pmax = 8.775510e-08
2.437641723356009e-11
159.82597184181213
Running simulation w/ ws = 8.209184e-02 and pmax = 3.877551e-08
1.0770975056689341e-11
160.11415028572083
Running simulation w/ ws = 9.184082e-01 and pmax = 9.591837e-08
2.6643990929705214e-11
157.94473814964294
Running simulation w/ ws = 8.980102e-01 and pmax = 2.040816e-09
5.668934240362809e-13
157.77183055877686
Running simulation w/ ws = 4.492551e-01 and pmax = 7.551020e-08
2.0975056689342406e-11
159.49943685531616
Running simulation w/ ws = 9.184082e-01 and pmax = 7.142857e-08
1.9841269841269843e-11
163.04335713386536
Running simulation w/ ws = 5.920408e-01 and pmax = 3.061224e-08
8.503401360544217e-12
158.9405608177185
Running simulation w/ ws = 3.676633e-01 and pmax = -8.775510e-08
-2.437641723356009e-11
158.19928240776062
Running simulation w/ ws = 2.452755e-01 and pmax = -3.061224e-08
-8.503401360544217e-12
160.21193170547485
Running simulation w/ ws = 9.388061e-01 and pmax = 3.877551e-08
1.0770975056689341e-11
161.161785364151
Running simulation w/ ws = 5.716429e-01 and pmax = 3.061224e-08
8.503401360544217e-12
157.96548223495483
Running simulation w/ ws = 2.044796e-01 and pmax = 1.000000e-07
2.7777777777777777e-11
159.8742597103119
Running simulation w/ ws = 2.044796e-01 and pmax = 3.877551e-08
1.0770975056689341e-11
159.98469018936157
Running simulation w/ ws = 7.348265e-01 and pmax = 7.142857e-08
1.9841269841269843e-11
160.75564861297607
Running simulation w/ ws = 1.432857e-01 and pmax = 5.918367e-08
1.643990929705215e-11
159.38151955604553
Running simulation w/ ws = 5.308469e-01 and pmax = -5.102041e-08
-1.4172335600907028e-11
159.62369298934937
Running simulation w/ ws = 5.104490e-01 and pmax = -2.653061e-08
-7.369614512471656e-12
161.661306142807
160.3296091556549
85.1167778968811
81.25053882598877
Running simulation w/ ws = 9.388061e-01 and pmax = 5.510204e-08
1.5306122448979588e-11
Running simulation w/ ws = 4.288571e-01 and pmax = 2.653061e-08
7.369614512471656e-12
Running simulation w/ ws = 6.169388e-02 and pmax = -3.061224e-08
-8.503401360544217e-12
Running simulation w/ ws = 3.880612e-01 and pmax = 3.877551e-08
1.0770975056689341e-11
160.52562308311462
Running simulation w/ ws = 8.776122e-01 and pmax = 1.428571e-08
3.96825396825397e-12
161.4295048713684
Running simulation w/ ws = 6.169388e-02 and pmax = 3.877551e-08
1.0770975056689341e-11
162.36952900886536
Running simulation w/ ws = 1.840816e-01 and pmax = -7.142857e-08
-1.984126984126984e-11
162.9553246498108
Running simulation w/ ws = 5.308469e-01 and pmax = 5.510204e-08
1.5306122448979588e-11
160.06418204307556
Running simulation w/ ws = 6.532347e-01 and pmax = -3.469388e-08
-9.63718820861678e-12
159.5061538219452
Running simulation w/ ws = 6.940306e-01 and pmax = -1.000000e-07
-2.7777777777777777e-11
162.83626317977905
Running simulation w/ ws = 9.388061e-01 and pmax = 5.918367e-08
1.643990929705215e-11
162.29723238945007
Running simulation w/ ws = 7.756224e-01 and pmax = -8.775510e-08
-2.437641723356009e-11
158.79813265800476
Running simulation w/ ws = 3.472653e-01 and pmax = -6.326531e-08
-1.7573696145124717e-11
159.284485578537
Running simulation w/ ws = 1.432857e-01 and pmax = 6.122449e-09
1.7006802721088427e-12
160.010977268219
Running simulation w/ ws = 2.860714e-01 and pmax = 9.591837e-08
2.6643990929705214e-11
161.66443705558777
Running simulation w/ ws = 8.572143e-01 and pmax = -1.020408e-08
-2.834467120181405e-12
158.10257267951965
Running simulation w/ ws = 9.796020e-01 and pmax = 7.959184e-08
2.210884353741497e-11
159.04394435882568
Running simulation w/ ws = 5.308469e-01 and pmax = 7.959184e-08
2.210884353741497e-11
157.90741395950317
Running simulation w/ ws = 6.940306e-01 and pmax = -6.122449e-09
-1.7006802721088427e-12
161.66838908195496
Running simulation w/ ws = 3.472653e-01 and pmax = 3.061224e-08
8.503401360544217e-12
158.37256264686584
Running simulation w/ ws = 3.472653e-01 and pmax = -6.122449e-09
-1.7006802721088427e-12
157.67347073554993
Running simulation w/ ws = 2.656735e-01 and pmax = -9.183673e-08
-2.5510204081632654e-11
159.46393942832947
Running simulation w/ ws = 7.756224e-01 and pmax = -2.653061e-08
-7.369614512471656e-12
159.17838287353516
Running simulation w/ ws = 6.328367e-01 and pmax = -4.693878e-08
-1.3038548752834467e-11
159.25800561904907
Running simulation w/ ws = 8.776122e-01 and pmax = -6.734694e-08
-1.8707482993197277e-11
159.7834346294403
Running simulation w/ ws = 2.452755e-01 and pmax = -8.775510e-08
-2.437641723356009e-11
159.3399040699005
Running simulation w/ ws = 8.209184e-02 and pmax = -5.102041e-08
-1.4172335600907028e-11
158.2311305999756
Running simulation w/ ws = 1.840816e-01 and pmax = -1.020408e-08
-2.834467120181405e-12
158.08027815818787
Running simulation w/ ws = 3.472653e-01 and pmax = -8.367347e-08
-2.3242630385487528e-11
158.80062079429626
Running simulation w/ ws = 4.288571e-01 and pmax = 1.000000e-07
2.7777777777777777e-11
158.99557828903198
Running simulation w/ ws = 2.656735e-01 and pmax = 5.510204e-08
1.5306122448979588e-11
159.0202181339264
Running simulation w/ ws = 3.880612e-01 and pmax = 2.653061e-08
7.369614512471656e-12
156.63657593727112
Running simulation w/ ws = 3.472653e-01 and pmax = -7.959184e-08
-2.210884353741497e-11
159.05970525741577
Running simulation w/ ws = 6.532347e-01 and pmax = -6.122449e-09
-1.7006802721088427e-12
160.73390984535217
Running simulation w/ ws = 8.209184e-02 and pmax = 7.142857e-08
1.9841269841269843e-11
160.18818378448486
Running simulation w/ ws = 6.940306e-01 and pmax = 1.428571e-08
3.96825396825397e-12
157.92807865142822
Running simulation w/ ws = 4.900510e-01 and pmax = -3.877551e-08
-1.0770975056689341e-11
160.40078330039978
Running simulation w/ ws = 5.512449e-01 and pmax = -3.061224e-08
-8.503401360544217e-12
159.17284393310547
Running simulation w/ ws = 8.980102e-01 and pmax = -9.591837e-08
-2.6643990929705214e-11
161.679429769516
116.99808740615845
114.47605681419373
109.5926821231842
Running simulation w/ ws = 2.248776e-01 and pmax = -8.367347e-08
-2.3242630385487528e-11
Running simulation w/ ws = 4.492551e-01 and pmax = -1.836735e-08
-5.102040816326532e-12
Running simulation w/ ws = 4.084592e-01 and pmax = 4.285714e-08
1.1904761904761902e-11
Running simulation w/ ws = 3.472653e-01 and pmax = -8.775510e-08
-2.437641723356009e-11
154.18134260177612
Running simulation w/ ws = 4.129592e-02 and pmax = 5.510204e-08
1.5306122448979588e-11
155.95041847229004
Running simulation w/ ws = 1.024898e-01 and pmax = -3.469388e-08
-9.63718820861678e-12
156.55771684646606
Running simulation w/ ws = 4.288571e-01 and pmax = 1.020408e-08
2.834467120181405e-12
169.8424220085144
Running simulation w/ ws = 5.104490e-01 and pmax = 1.428571e-08
3.96825396825397e-12
144.66433119773865
Running simulation w/ ws = 6.169388e-02 and pmax = 9.183673e-08
2.5510204081632654e-11
163.78248858451843
Running simulation w/ ws = 6.328367e-01 and pmax = -8.775510e-08
-2.437641723356009e-11
163.56475615501404
Running simulation w/ ws = 3.064694e-01 and pmax = -9.183673e-08
-2.5510204081632654e-11
163.10440707206726
Running simulation w/ ws = 1.024898e-01 and pmax = -6.734694e-08
-1.8707482993197277e-11
158.80260467529297
Running simulation w/ ws = 3.676633e-01 and pmax = 7.142857e-08
1.9841269841269843e-11
157.89856910705566
Running simulation w/ ws = 2.656735e-01 and pmax = -6.122449e-09
-1.7006802721088427e-12
158.3930275440216
Running simulation w/ ws = 8.980102e-01 and pmax = 6.122449e-09
1.7006802721088427e-12
159.8514382839203
Running simulation w/ ws = 4.696531e-01 and pmax = -2.244898e-08
-6.2358276643990936e-12
157.0277898311615
Running simulation w/ ws = 6.328367e-01 and pmax = -6.326531e-08
-1.7573696145124717e-11
157.93439316749573
Running simulation w/ ws = 6.736327e-01 and pmax = 6.734694e-08
1.8707482993197283e-11
159.09490537643433
Running simulation w/ ws = 5.716429e-01 and pmax = 1.428571e-08
3.96825396825397e-12
159.4191792011261
Running simulation w/ ws = 4.900510e-01 and pmax = 3.469388e-08
9.63718820861678e-12
157.60386991500854
Running simulation w/ ws = 5.000000e-04 and pmax = -1.428571e-08
-3.968253968253966e-12
159.57439851760864
Running simulation w/ ws = 8.209184e-02 and pmax = -3.061224e-08
-8.503401360544217e-12
158.54303193092346
Running simulation w/ ws = 2.452755e-01 and pmax = 6.734694e-08
1.8707482993197283e-11
159.7686026096344
Running simulation w/ ws = 7.348265e-01 and pmax = -1.428571e-08
-3.968253968253966e-12
158.02278232574463
Running simulation w/ ws = 4.129592e-02 and pmax = -5.102041e-08
-1.4172335600907028e-11
158.3775293827057
Running simulation w/ ws = 4.288571e-01 and pmax = 5.918367e-08
1.643990929705215e-11
159.17706394195557
Running simulation w/ ws = 7.756224e-01 and pmax = 8.367347e-08
2.3242630385487528e-11
159.87615847587585
Running simulation w/ ws = 3.880612e-01 and pmax = -3.061224e-08
-8.503401360544217e-12
156.95693612098694
Running simulation w/ ws = 2.452755e-01 and pmax = 7.551020e-08
2.0975056689342406e-11
157.99663639068604
Running simulation w/ ws = 4.900510e-01 and pmax = -8.367347e-08
-2.3242630385487528e-11
159.6937816143036
Running simulation w/ ws = 2.248776e-01 and pmax = -1.428571e-08
-3.968253968253966e-12
158.52469635009766
Running simulation w/ ws = 6.532347e-01 and pmax = 5.102041e-08
1.4172335600907027e-11
157.4951651096344
Running simulation w/ ws = 1.000000e+00 and pmax = -1.836735e-08
-5.102040816326532e-12
158.56077480316162
Running simulation w/ ws = 9.388061e-01 and pmax = -7.142857e-08
-1.984126984126984e-11
159.04925537109375
Running simulation w/ ws = 4.084592e-01 and pmax = 4.693878e-08
1.3038548752834465e-11
158.2236738204956
Running simulation w/ ws = 1.432857e-01 and pmax = -5.510204e-08
-1.530612244897959e-11
157.20553517341614
Running simulation w/ ws = 2.089796e-02 and pmax = 4.285714e-08
1.1904761904761902e-11
158.30488681793213
Running simulation w/ ws = 5.716429e-01 and pmax = -2.653061e-08
-7.369614512471656e-12
159.47498989105225
Running simulation w/ ws = 8.368163e-01 and pmax = -8.775510e-08
-2.437641723356009e-11
158.8806791305542
Running simulation w/ ws = 4.129592e-02 and pmax = -8.367347e-08
-2.3242630385487528e-11
151.10710644721985
142.30658626556396
150.20372009277344
144.63179206848145
Running simulation w/ ws = 9.184082e-01 and pmax = -6.122449e-09
-1.7006802721088427e-12
Running simulation w/ ws = 4.492551e-01 and pmax = -6.122449e-09
-1.7006802721088427e-12
Running simulation w/ ws = 8.980102e-01 and pmax = 2.653061e-08
7.369614512471656e-12
Running simulation w/ ws = 8.776122e-01 and pmax = 6.734694e-08
1.8707482993197283e-11
146.8923020362854
Running simulation w/ ws = 8.209184e-02 and pmax = -6.734694e-08
-1.8707482993197277e-11
166.32920384407043
Running simulation w/ ws = 2.656735e-01 and pmax = -1.000000e-07
-2.7777777777777777e-11
166.43065071105957
Running simulation w/ ws = 7.756224e-01 and pmax = 4.693878e-08
1.3038548752834465e-11
167.56814551353455
Running simulation w/ ws = 4.492551e-01 and pmax = 6.734694e-08
1.8707482993197283e-11
172.0352909564972
Running simulation w/ ws = 5.512449e-01 and pmax = -5.918367e-08
-1.6439909297052154e-11
154.1928746700287
Running simulation w/ ws = 7.348265e-01 and pmax = -6.122449e-09
-1.7006802721088427e-12
155.3635540008545
Running simulation w/ ws = 8.164184e-01 and pmax = 8.775510e-08
2.437641723356009e-11
155.7809338569641
Running simulation w/ ws = 5.920408e-01 and pmax = -7.142857e-08
-1.984126984126984e-11
159.6149332523346
Running simulation w/ ws = 6.169388e-02 and pmax = 7.959184e-08
2.210884353741497e-11
159.10836100578308
Running simulation w/ ws = 4.696531e-01 and pmax = -6.122449e-09
-1.7006802721088427e-12
159.03431844711304
Running simulation w/ ws = 6.124388e-01 and pmax = 5.918367e-08
1.643990929705215e-11
160.51113057136536
Running simulation w/ ws = 6.328367e-01 and pmax = 1.428571e-08
3.96825396825397e-12
159.0854218006134
Running simulation w/ ws = 2.860714e-01 and pmax = 6.122449e-09
1.7006802721088427e-12
160.39924788475037
Running simulation w/ ws = 5.308469e-01 and pmax = 1.000000e-07
2.7777777777777777e-11
159.00331616401672
Running simulation w/ ws = 7.144286e-01 and pmax = 7.551020e-08
2.0975056689342406e-11
161.5005452632904
Running simulation w/ ws = 1.228878e-01 and pmax = 8.367347e-08
2.3242630385487528e-11
158.87849688529968
Running simulation w/ ws = 6.940306e-01 and pmax = 5.102041e-08
1.4172335600907027e-11
158.69281387329102
Running simulation w/ ws = 9.388061e-01 and pmax = -1.020408e-08
-2.834467120181405e-12
159.8856270313263
Running simulation w/ ws = 5.000000e-04 and pmax = 2.244898e-08
6.2358276643990936e-12
160.41794753074646
Running simulation w/ ws = 2.656735e-01 and pmax = -3.469388e-08
-9.63718820861678e-12
159.12020874023438
Running simulation w/ ws = 4.288571e-01 and pmax = -2.244898e-08
-6.2358276643990936e-12
160.06695079803467
Running simulation w/ ws = 3.064694e-01 and pmax = 7.551020e-08
2.0975056689342406e-11
160.54306602478027
Running simulation w/ ws = 6.169388e-02 and pmax = -7.959184e-08
-2.210884353741497e-11
160.00177145004272
Running simulation w/ ws = 2.656735e-01 and pmax = -5.102041e-08
-1.4172335600907028e-11
158.61400318145752
Running simulation w/ ws = 5.920408e-01 and pmax = -4.693878e-08
-1.3038548752834467e-11
160.04934549331665
Running simulation w/ ws = 2.656735e-01 and pmax = -3.877551e-08
-1.0770975056689341e-11
160.69881677627563
Running simulation w/ ws = 8.572143e-01 and pmax = -9.591837e-08
-2.6643990929705214e-11
161.15212273597717
Running simulation w/ ws = 4.129592e-02 and pmax = 1.000000e-07
2.7777777777777777e-11
159.284437417984
Running simulation w/ ws = 5.000000e-04 and pmax = -4.693878e-08
-1.3038548752834467e-11
159.93720316886902
161.362375497818
Running simulation w/ ws = 4.129592e-02 and pmax = -2.244898e-08
-6.2358276643990936e-12
Running simulation w/ ws = 7.348265e-01 and pmax = 3.061224e-08
8.503401360544217e-12
160.424396276474
Running simulation w/ ws = 7.552245e-01 and pmax = -1.836735e-08
-5.102040816326532e-12
159.1281979084015
Running simulation w/ ws = 6.736327e-01 and pmax = 8.367347e-08
2.3242630385487528e-11
157.09320759773254
Running simulation w/ ws = 9.592041e-01 and pmax = 2.653061e-08
7.369614512471656e-12
160.3065071105957
Running simulation w/ ws = 8.776122e-01 and pmax = -1.428571e-08
-3.968253968253966e-12
160.87125062942505
115.84855604171753
115.3751745223999
113.42938780784607
Running simulation w/ ws = 7.552245e-01 and pmax = -3.469388e-08
-9.63718820861678e-12
Running simulation w/ ws = 8.776122e-01 and pmax = 5.510204e-08
1.5306122448979588e-11
Running simulation w/ ws = 5.920408e-01 and pmax = 8.775510e-08
2.437641723356009e-11
Running simulation w/ ws = 4.288571e-01 and pmax = -5.918367e-08
-1.6439909297052154e-11
156.28454208374023
Running simulation w/ ws = 9.184082e-01 and pmax = 5.102041e-08
1.4172335600907027e-11
159.07515668869019
Running simulation w/ ws = 2.452755e-01 and pmax = -3.877551e-08
-1.0770975056689341e-11
160.26074767112732
Running simulation w/ ws = 4.696531e-01 and pmax = -9.591837e-08
-2.6643990929705214e-11
160.59128427505493
Running simulation w/ ws = 1.228878e-01 and pmax = 3.469388e-08
9.63718820861678e-12
157.62711787223816
Running simulation w/ ws = 3.268673e-01 and pmax = -1.000000e-07
-2.7777777777777777e-11
158.82456398010254
Running simulation w/ ws = 4.696531e-01 and pmax = 1.836735e-08
5.102040816326532e-12
159.55659127235413
Running simulation w/ ws = 5.000000e-04 and pmax = 9.183673e-08
2.5510204081632654e-11
159.50868678092957
Running simulation w/ ws = 3.268673e-01 and pmax = -8.367347e-08
-2.3242630385487528e-11
159.25785040855408
Running simulation w/ ws = 7.960204e-01 and pmax = 5.102041e-08
1.4172335600907027e-11
157.39243817329407
Running simulation w/ ws = 8.776122e-01 and pmax = -2.653061e-08
-7.369614512471656e-12
159.43332433700562
Running simulation w/ ws = 8.776122e-01 and pmax = 7.142857e-08
1.9841269841269843e-11
159.73994278907776
Running simulation w/ ws = 5.000000e-04 and pmax = -7.959184e-08
-2.210884353741497e-11
158.3208408355713
Running simulation w/ ws = 5.512449e-01 and pmax = 2.244898e-08
6.2358276643990936e-12
160.5335774421692
Running simulation w/ ws = 5.920408e-01 and pmax = 8.367347e-08
2.3242630385487528e-11
158.59355330467224
Running simulation w/ ws = 1.636837e-01 and pmax = 9.183673e-08
2.5510204081632654e-11
160.5052947998047
Running simulation w/ ws = 5.716429e-01 and pmax = -7.959184e-08
-2.210884353741497e-11
158.32800269126892
Running simulation w/ ws = 6.940306e-01 and pmax = 3.061224e-08
8.503401360544217e-12
159.4795594215393
Running simulation w/ ws = 1.840816e-01 and pmax = -6.734694e-08
-1.8707482993197277e-11
158.21052598953247
Running simulation w/ ws = 7.348265e-01 and pmax = 6.122449e-09
1.7006802721088427e-12
160.66809010505676
Running simulation w/ ws = 3.472653e-01 and pmax = 4.285714e-08
1.1904761904761902e-11
158.4488275051117
Running simulation w/ ws = 8.776122e-01 and pmax = 3.469388e-08
9.63718820861678e-12
159.3624472618103
Running simulation w/ ws = 6.736327e-01 and pmax = -3.877551e-08
-1.0770975056689341e-11
158.63611888885498
Running simulation w/ ws = 5.716429e-01 and pmax = 6.326531e-08
1.7573696145124714e-11
159.59794688224792
Running simulation w/ ws = 7.552245e-01 and pmax = 1.000000e-07
2.7777777777777777e-11
158.33149242401123
Running simulation w/ ws = 2.452755e-01 and pmax = -4.693878e-08
-1.3038548752834467e-11
159.9383044242859
157.55161833763123
Running simulation w/ ws = 6.532347e-01 and pmax = -2.653061e-08
-7.369614512471656e-12
Running simulation w/ ws = 7.348265e-01 and pmax = -4.693878e-08
-1.3038548752834467e-11
161.06800293922424
Running simulation w/ ws = 1.432857e-01 and pmax = -8.775510e-08
-2.437641723356009e-11
160.21943521499634
Running simulation w/ ws = 2.452755e-01 and pmax = 3.061224e-08
8.503401360544217e-12
160.78266096115112
Running simulation w/ ws = 1.024898e-01 and pmax = -6.326531e-08
-1.7573696145124717e-11
160.8200123310089
Running simulation w/ ws = 8.776122e-01 and pmax = 7.959184e-08
2.210884353741497e-11
159.95783615112305
Running simulation w/ ws = 8.776122e-01 and pmax = 2.040816e-09
5.668934240362809e-13
159.26173305511475
Running simulation w/ ws = 6.169388e-02 and pmax = -2.244898e-08
-6.2358276643990936e-12
159.16067361831665
Running simulation w/ ws = 8.209184e-02 and pmax = -8.775510e-08
-2.437641723356009e-11
160.48556327819824
Running simulation w/ ws = 4.084592e-01 and pmax = 9.183673e-08
2.5510204081632654e-11
160.71484541893005
Running simulation w/ ws = 1.024898e-01 and pmax = -2.244898e-08
-6.2358276643990936e-12
147.58558440208435
146.53610491752625
148.35508799552917
141.03158354759216
Running simulation w/ ws = 2.860714e-01 and pmax = -5.918367e-08
-1.6439909297052154e-11
Running simulation w/ ws = 4.288571e-01 and pmax = -2.040816e-09
-5.668934240362809e-13
Running simulation w/ ws = 4.696531e-01 and pmax = -2.653061e-08
-7.369614512471656e-12
Running simulation w/ ws = 9.388061e-01 and pmax = -6.122449e-09
-1.7006802721088427e-12
148.9323456287384
Running simulation w/ ws = 5.920408e-01 and pmax = -3.877551e-08
-1.0770975056689341e-11
158.07594084739685
Running simulation w/ ws = 1.000000e+00 and pmax = 3.877551e-08
1.0770975056689341e-11
167.45094776153564
Running simulation w/ ws = 4.084592e-01 and pmax = 2.653061e-08
7.369614512471656e-12
168.53396320343018
Running simulation w/ ws = 4.288571e-01 and pmax = -3.877551e-08
-1.0770975056689341e-11
158.67643785476685
Running simulation w/ ws = 2.860714e-01 and pmax = 6.734694e-08
1.8707482993197283e-11
156.90200686454773
Running simulation w/ ws = 9.184082e-01 and pmax = -3.061224e-08
-8.503401360544217e-12
159.83956336975098
Running simulation w/ ws = 2.860714e-01 and pmax = -2.653061e-08
-7.369614512471656e-12
160.3000180721283
Running simulation w/ ws = 5.716429e-01 and pmax = -3.877551e-08
-1.0770975056689341e-11
158.58342814445496
Running simulation w/ ws = 6.124388e-01 and pmax = -2.244898e-08
-6.2358276643990936e-12
159.46089029312134
Running simulation w/ ws = 8.980102e-01 and pmax = 2.244898e-08
6.2358276643990936e-12
159.72536635398865
Running simulation w/ ws = 2.452755e-01 and pmax = 2.653061e-08
7.369614512471656e-12
161.30203247070312
Running simulation w/ ws = 5.512449e-01 and pmax = -1.020408e-08
-2.834467120181405e-12
158.61323022842407
Running simulation w/ ws = 6.940306e-01 and pmax = 4.693878e-08
1.3038548752834465e-11
160.07534980773926
Running simulation w/ ws = 2.248776e-01 and pmax = 5.918367e-08
1.643990929705215e-11
160.6118519306183
Running simulation w/ ws = 1.432857e-01 and pmax = 4.285714e-08
1.1904761904761902e-11
159.10160541534424
Running simulation w/ ws = 6.940306e-01 and pmax = -1.836735e-08
-5.102040816326532e-12
167.66677451133728
Running simulation w/ ws = 5.920408e-01 and pmax = -5.918367e-08
-1.6439909297052154e-11
151.95685505867004
Running simulation w/ ws = 9.796020e-01 and pmax = -3.061224e-08
-8.503401360544217e-12
150.9983811378479
Running simulation w/ ws = 3.676633e-01 and pmax = -4.285714e-08
-1.1904761904761902e-11
167.33785104751587
Running simulation w/ ws = 8.164184e-01 and pmax = 6.326531e-08
1.7573696145124714e-11
158.52736449241638
Running simulation w/ ws = 1.000000e+00 and pmax = 7.551020e-08
2.0975056689342406e-11
158.23199701309204
Running simulation w/ ws = 2.452755e-01 and pmax = 1.428571e-08
3.96825396825397e-12
157.4353950023651
159.08624243736267
Running simulation w/ ws = 4.696531e-01 and pmax = -5.510204e-08
-1.530612244897959e-11
Running simulation w/ ws = 2.248776e-01 and pmax = 7.551020e-08
2.0975056689342406e-11
159.31214666366577
Running simulation w/ ws = 2.656735e-01 and pmax = 4.285714e-08
1.1904761904761902e-11
159.73861861228943
Running simulation w/ ws = 1.024898e-01 and pmax = 1.020408e-08
2.834467120181405e-12
159.24975156784058
Running simulation w/ ws = 8.980102e-01 and pmax = -1.836735e-08
-5.102040816326532e-12
160.5023376941681
Running simulation w/ ws = 8.776122e-01 and pmax = -7.959184e-08
-2.210884353741497e-11
154.22130131721497
Running simulation w/ ws = 7.960204e-01 and pmax = -4.285714e-08
-1.1904761904761902e-11
154.88128066062927
Running simulation w/ ws = 8.209184e-02 and pmax = -3.469388e-08
-9.63718820861678e-12
156.22866535186768
Running simulation w/ ws = 6.736327e-01 and pmax = -6.122449e-09
-1.7006802721088427e-12
171.79404163360596
Running simulation w/ ws = 7.552245e-01 and pmax = -5.918367e-08
-1.6439909297052154e-11
159.0163037776947
Running simulation w/ ws = 8.209184e-02 and pmax = 4.693878e-08
1.3038548752834465e-11
158.57491040229797
Running simulation w/ ws = 4.084592e-01 and pmax = -9.591837e-08
-2.6643990929705214e-11
158.765074968338
Running simulation w/ ws = 1.228878e-01 and pmax = 1.836735e-08
5.102040816326532e-12
158.63688373565674
Running simulation w/ ws = 6.736327e-01 and pmax = -5.510204e-08
-1.530612244897959e-11
150.07276558876038
146.11599040031433
150.79622626304626
143.73352098464966
Running simulation w/ ws = 5.512449e-01 and pmax = -7.959184e-08
-2.210884353741497e-11
Running simulation w/ ws = 4.696531e-01 and pmax = -1.020408e-08
-2.834467120181405e-12
Running simulation w/ ws = 2.248776e-01 and pmax = 6.734694e-08
1.8707482993197283e-11
Running simulation w/ ws = 2.452755e-01 and pmax = -2.244898e-08
-6.2358276643990936e-12
158.50554037094116
Running simulation w/ ws = 1.228878e-01 and pmax = 2.040816e-09
5.668934240362809e-13
160.36586451530457
Running simulation w/ ws = 6.532347e-01 and pmax = -3.061224e-08
-8.503401360544217e-12
160.72144317626953
Running simulation w/ ws = 4.492551e-01 and pmax = -8.367347e-08
-2.3242630385487528e-11
160.76216006278992
Running simulation w/ ws = 1.024898e-01 and pmax = 5.510204e-08
1.5306122448979588e-11
159.30807781219482
Running simulation w/ ws = 5.000000e-04 and pmax = -5.918367e-08
-1.6439909297052154e-11
157.73461937904358
Running simulation w/ ws = 4.492551e-01 and pmax = 5.918367e-08
1.643990929705215e-11
158.5308871269226
Running simulation w/ ws = 7.552245e-01 and pmax = 5.510204e-08
1.5306122448979588e-11
159.335045337677
Running simulation w/ ws = 1.432857e-01 and pmax = -9.183673e-08
-2.5510204081632654e-11
158.01046657562256
Running simulation w/ ws = 4.288571e-01 and pmax = -1.836735e-08
-5.102040816326532e-12
158.50687718391418
Running simulation w/ ws = 2.656735e-01 and pmax = -7.142857e-08
-1.984126984126984e-11
159.31365442276
Running simulation w/ ws = 7.960204e-01 and pmax = -4.693878e-08
-1.3038548752834467e-11
159.4342086315155
Running simulation w/ ws = 9.184082e-01 and pmax = -2.040816e-09
-5.668934240362809e-13
158.22515106201172
Running simulation w/ ws = 6.940306e-01 and pmax = -4.285714e-08
-1.1904761904761902e-11
159.35104036331177
Running simulation w/ ws = 1.840816e-01 and pmax = 4.285714e-08
1.1904761904761902e-11
158.9436318874359
Running simulation w/ ws = 9.184082e-01 and pmax = -1.836735e-08
-5.102040816326532e-12
158.8093569278717
Running simulation w/ ws = 9.796020e-01 and pmax = -5.510204e-08
-1.530612244897959e-11
158.59285926818848
Running simulation w/ ws = 2.248776e-01 and pmax = -7.142857e-08
-1.984126984126984e-11
157.90085339546204
Running simulation w/ ws = 5.104490e-01 and pmax = 2.040816e-09
5.668934240362809e-13
160.2612521648407
Running simulation w/ ws = 2.044796e-01 and pmax = -5.510204e-08
-1.530612244897959e-11
159.31148719787598
Running simulation w/ ws = 2.656735e-01 and pmax = 8.775510e-08
2.437641723356009e-11
157.81375074386597
Running simulation w/ ws = 4.492551e-01 and pmax = -5.918367e-08
-1.6439909297052154e-11
159.8316888809204
Running simulation w/ ws = 3.064694e-01 and pmax = 5.510204e-08
1.5306122448979588e-11
160.1026771068573
Running simulation w/ ws = 4.288571e-01 and pmax = 7.959184e-08
2.210884353741497e-11
159.81768822669983
Running simulation w/ ws = 9.388061e-01 and pmax = -9.183673e-08
-2.5510204081632654e-11
157.6951014995575
Running simulation w/ ws = 3.064694e-01 and pmax = -1.020408e-08
-2.834467120181405e-12
157.47433233261108
Running simulation w/ ws = 8.980102e-01 and pmax = -6.122449e-09
-1.7006802721088427e-12
158.923734664917
Running simulation w/ ws = 7.960204e-01 and pmax = 3.469388e-08
9.63718820861678e-12
160.99608707427979
Running simulation w/ ws = 6.328367e-01 and pmax = 3.469388e-08
9.63718820861678e-12
158.40281081199646
Running simulation w/ ws = 1.000000e+00 and pmax = -7.142857e-08
-1.984126984126984e-11
159.08726167678833
Running simulation w/ ws = 1.024898e-01 and pmax = -4.285714e-08
-1.1904761904761902e-11
157.69677686691284
Running simulation w/ ws = 2.452755e-01 and pmax = 2.244898e-08
6.2358276643990936e-12
159.15609431266785
Running simulation w/ ws = 5.000000e-04 and pmax = -7.551020e-08
-2.0975056689342402e-11
159.41459393501282
Running simulation w/ ws = 6.736327e-01 and pmax = -4.693878e-08
-1.3038548752834467e-11
158.5353331565857
Running simulation w/ ws = 5.000000e-04 and pmax = 3.061224e-08
8.503401360544217e-12
158.16495513916016
Running simulation w/ ws = 7.144286e-01 and pmax = -6.122449e-09
-1.7006802721088427e-12
160.8933081626892
Running simulation w/ ws = 1.636837e-01 and pmax = -7.551020e-08
-2.0975056689342402e-11
147.55351972579956
152.89572930335999
148.30918645858765
143.68174719810486
Running simulation w/ ws = 4.696531e-01 and pmax = -7.142857e-08
-1.984126984126984e-11
Running simulation w/ ws = 6.124388e-01 and pmax = 9.183673e-08
2.5510204081632654e-11
Running simulation w/ ws = 6.532347e-01 and pmax = -5.510204e-08
-1.530612244897959e-11
Running simulation w/ ws = 6.532347e-01 and pmax = -8.367347e-08
-2.3242630385487528e-11
160.3557140827179
Running simulation w/ ws = 3.676633e-01 and pmax = 3.061224e-08
8.503401360544217e-12
161.2073791027069
Running simulation w/ ws = 2.656735e-01 and pmax = 1.020408e-08
2.834467120181405e-12
162.74945068359375
Running simulation w/ ws = 7.756224e-01 and pmax = -3.877551e-08
-1.0770975056689341e-11
163.2226424217224
Running simulation w/ ws = 6.940306e-01 and pmax = 5.918367e-08
1.643990929705215e-11
159.74663376808167
Running simulation w/ ws = 4.084592e-01 and pmax = 1.000000e-07
2.7777777777777777e-11
161.7271373271942
Running simulation w/ ws = 6.328367e-01 and pmax = 4.693878e-08
1.3038548752834465e-11
161.0091369152069
Running simulation w/ ws = 5.512449e-01 and pmax = -6.326531e-08
-1.7573696145124717e-11
162.3420398235321
Running simulation w/ ws = 2.452755e-01 and pmax = 5.918367e-08
1.643990929705215e-11
160.42609286308289
Running simulation w/ ws = 7.756224e-01 and pmax = 2.040816e-09
5.668934240362809e-13
161.86773872375488
Running simulation w/ ws = 2.656735e-01 and pmax = 3.877551e-08
1.0770975056689341e-11
161.11763429641724
Running simulation w/ ws = 8.209184e-02 and pmax = -5.510204e-08
-1.530612244897959e-11
162.1225597858429
Running simulation w/ ws = 8.980102e-01 and pmax = -3.469388e-08
-9.63718820861678e-12
160.56184148788452
Running simulation w/ ws = 2.089796e-02 and pmax = -7.142857e-08
-1.984126984126984e-11
159.13662433624268
Running simulation w/ ws = 4.288571e-01 and pmax = -2.653061e-08
-7.369614512471656e-12
161.12469339370728
Running simulation w/ ws = 6.736327e-01 and pmax = -8.367347e-08
-2.3242630385487528e-11
163.88681268692017
Running simulation w/ ws = 5.512449e-01 and pmax = 1.020408e-08
2.834467120181405e-12
151.01088309288025
Running simulation w/ ws = 6.940306e-01 and pmax = -2.653061e-08
-7.369614512471656e-12
151.73384523391724
Running simulation w/ ws = 8.368163e-01 and pmax = -7.959184e-08
-2.210884353741497e-11
170.56241965293884
Running simulation w/ ws = 6.124388e-01 and pmax = -8.775510e-08
-2.437641723356009e-11
170.30814337730408
Running simulation w/ ws = 1.636837e-01 and pmax = 5.510204e-08
1.5306122448979588e-11
160.1671314239502
Running simulation w/ ws = 5.920408e-01 and pmax = -9.591837e-08
-2.6643990929705214e-11
160.54687452316284
Running simulation w/ ws = 2.248776e-01 and pmax = 7.959184e-08
2.210884353741497e-11
158.9722285270691
Running simulation w/ ws = 4.084592e-01 and pmax = -5.102041e-08
-1.4172335600907028e-11
160.48867321014404
Running simulation w/ ws = 1.228878e-01 and pmax = -2.040816e-09
-5.668934240362809e-13
161.22854566574097
Running simulation w/ ws = 6.736327e-01 and pmax = -6.326531e-08
-1.7573696145124717e-11
161.22488737106323
Running simulation w/ ws = 9.592041e-01 and pmax = 1.428571e-08
3.96825396825397e-12
159.58470010757446
Running simulation w/ ws = 1.024898e-01 and pmax = 8.775510e-08
2.437641723356009e-11
159.17921829223633
Running simulation w/ ws = 4.900510e-01 and pmax = -1.836735e-08
-5.102040816326532e-12
161.55199718475342
Running simulation w/ ws = 3.064694e-01 and pmax = 8.775510e-08
2.437641723356009e-11
161.27920007705688
Running simulation w/ ws = 7.144286e-01 and pmax = -2.040816e-09
-5.668934240362809e-13
160.19389748573303
Running simulation w/ ws = 9.796020e-01 and pmax = -6.734694e-08
-1.8707482993197277e-11
159.64932560920715
Running simulation w/ ws = 3.676633e-01 and pmax = -6.122449e-09
-1.7006802721088427e-12
160.5265829563141
Running simulation w/ ws = 5.512449e-01 and pmax = 8.775510e-08
2.437641723356009e-11
161.28129243850708
159.0943341255188
156.81336784362793
41.31023454666138
Running simulation w/ ws = 5.920408e-01 and pmax = 5.102041e-08
1.4172335600907027e-11
Running simulation w/ ws = 4.288571e-01 and pmax = 3.061224e-08
8.503401360544217e-12
Running simulation w/ ws = 4.492551e-01 and pmax = -9.591837e-08
-2.6643990929705214e-11
Running simulation w/ ws = 3.676633e-01 and pmax = -1.836735e-08
-5.102040816326532e-12
149.84392523765564
Running simulation w/ ws = 6.169388e-02 and pmax = 9.591837e-08
2.6643990929705214e-11
158.978209733963
Running simulation w/ ws = 8.572143e-01 and pmax = 9.591837e-08
2.6643990929705214e-11
162.29107689857483
Running simulation w/ ws = 9.388061e-01 and pmax = -9.591837e-08
-2.6643990929705214e-11
166.3099341392517
Running simulation w/ ws = 9.592041e-01 and pmax = -3.877551e-08
-1.0770975056689341e-11
159.50561094284058
Running simulation w/ ws = 6.124388e-01 and pmax = 5.102041e-08
1.4172335600907027e-11
158.6806960105896
Running simulation w/ ws = 1.000000e+00 and pmax = -2.653061e-08
-7.369614512471656e-12
159.39047837257385
Running simulation w/ ws = 2.656735e-01 and pmax = 6.122449e-09
1.7006802721088427e-12
159.74102306365967
Running simulation w/ ws = 8.209184e-02 and pmax = -5.918367e-08
-1.6439909297052154e-11
150.93397688865662
Running simulation w/ ws = 2.089796e-02 and pmax = -5.510204e-08
-1.530612244897959e-11
150.80934977531433
Running simulation w/ ws = 8.368163e-01 and pmax = 8.367347e-08
2.3242630385487528e-11
171.26256132125854
Running simulation w/ ws = 9.184082e-01 and pmax = -5.918367e-08
-1.6439909297052154e-11
171.02794098854065
Running simulation w/ ws = 7.756224e-01 and pmax = 3.061224e-08
8.503401360544217e-12
157.4148292541504
Running simulation w/ ws = 1.228878e-01 and pmax = -6.326531e-08
-1.7573696145124717e-11
164.09828352928162
Running simulation w/ ws = 3.472653e-01 and pmax = 9.591837e-08
2.6643990929705214e-11
160.94887804985046
Running simulation w/ ws = 8.164184e-01 and pmax = -5.918367e-08
-1.6439909297052154e-11
158.44830679893494
Running simulation w/ ws = 9.184082e-01 and pmax = 1.020408e-08
2.834467120181405e-12
161.30230236053467
Running simulation w/ ws = 7.552245e-01 and pmax = -8.775510e-08
-2.437641723356009e-11
162.03890085220337
Running simulation w/ ws = 2.452755e-01 and pmax = -5.102041e-08
-1.4172335600907028e-11
160.23461484909058
Running simulation w/ ws = 6.532347e-01 and pmax = 1.020408e-08
2.834467120181405e-12
158.73947620391846
Running simulation w/ ws = 1.432857e-01 and pmax = 2.653061e-08
7.369614512471656e-12
159.57429814338684
Running simulation w/ ws = 2.860714e-01 and pmax = -5.102041e-08
-1.4172335600907028e-11
161.47300243377686
Running simulation w/ ws = 3.064694e-01 and pmax = 9.183673e-08
2.5510204081632654e-11
161.53384041786194
Running simulation w/ ws = 6.736327e-01 and pmax = 5.918367e-08
1.643990929705215e-11
160.8568410873413
Running simulation w/ ws = 4.900510e-01 and pmax = 6.122449e-09
1.7006802721088427e-12
159.908043384552
Running simulation w/ ws = 3.472653e-01 and pmax = 3.877551e-08
1.0770975056689341e-11
159.93394780158997
Running simulation w/ ws = 7.144286e-01 and pmax = -7.142857e-08
-1.984126984126984e-11
160.51196384429932
Running simulation w/ ws = 1.840816e-01 and pmax = -7.551020e-08
-2.0975056689342402e-11
158.85422682762146
Running simulation w/ ws = 4.492551e-01 and pmax = -2.653061e-08
-7.369614512471656e-12
160.09020686149597
Running simulation w/ ws = 4.129592e-02 and pmax = -6.326531e-08
-1.7573696145124717e-11
160.40324544906616
Running simulation w/ ws = 7.552245e-01 and pmax = -9.591837e-08
-2.6643990929705214e-11
161.232812166214
Running simulation w/ ws = 5.920408e-01 and pmax = 7.142857e-08
1.9841269841269843e-11
161.19629883766174
Running simulation w/ ws = 6.124388e-01 and pmax = -2.040816e-09
-5.668934240362809e-13
159.1003634929657
Running simulation w/ ws = 7.756224e-01 and pmax = -1.428571e-08
-3.968253968253966e-12
160.4667911529541
Running simulation w/ ws = 9.388061e-01 and pmax = -8.367347e-08
-2.3242630385487528e-11
161.24471712112427
160.46191239356995
80.42573070526123
75.32267832756042
Running simulation w/ ws = 8.980102e-01 and pmax = 1.428571e-08
3.96825396825397e-12
Running simulation w/ ws = 3.064694e-01 and pmax = -3.469388e-08
-9.63718820861678e-12
Running simulation w/ ws = 4.084592e-01 and pmax = 6.326531e-08
1.7573696145124714e-11
Running simulation w/ ws = 6.940306e-01 and pmax = -1.428571e-08
-3.968253968253966e-12
158.44027280807495
158.4504930973053
Running simulation w/ ws = 3.880612e-01 and pmax = -1.020408e-08
-2.834467120181405e-12
Running simulation w/ ws = 3.880612e-01 and pmax = 7.959184e-08
2.210884353741497e-11
159.56676244735718
159.66294741630554
Running simulation w/ ws = 8.368163e-01 and pmax = -3.469388e-08
-9.63718820861678e-12
Running simulation w/ ws = 1.636837e-01 and pmax = -1.428571e-08
-3.968253968253966e-12
157.3380949497223
Running simulation w/ ws = 5.920408e-01 and pmax = 5.918367e-08
1.643990929705215e-11
159.41016006469727
Running simulation w/ ws = 5.716429e-01 and pmax = -5.102041e-08
-1.4172335600907028e-11
158.34355092048645
Running simulation w/ ws = 5.308469e-01 and pmax = 1.020408e-08
2.834467120181405e-12
158.9451813697815
Running simulation w/ ws = 3.064694e-01 and pmax = -2.653061e-08
-7.369614512471656e-12
158.17565512657166
Running simulation w/ ws = 2.860714e-01 and pmax = 6.326531e-08
1.7573696145124714e-11
158.1388282775879
Running simulation w/ ws = 2.452755e-01 and pmax = -1.428571e-08
-3.968253968253966e-12
158.19879746437073
Running simulation w/ ws = 6.169388e-02 and pmax = 5.918367e-08
1.643990929705215e-11
159.39173984527588
Running simulation w/ ws = 1.024898e-01 and pmax = -1.020408e-08
-2.834467120181405e-12
157.21378207206726
Running simulation w/ ws = 8.776122e-01 and pmax = -4.693878e-08
-1.3038548752834467e-11
158.21708273887634
Running simulation w/ ws = 1.228878e-01 and pmax = -1.836735e-08
-5.102040816326532e-12
158.4422845840454
Running simulation w/ ws = 2.656735e-01 and pmax = 6.734694e-08
1.8707482993197283e-11
160.1324360370636
Running simulation w/ ws = 5.920408e-01 and pmax = -2.244898e-08
-6.2358276643990936e-12
157.32815098762512
Running simulation w/ ws = 7.144286e-01 and pmax = -1.020408e-08
-2.834467120181405e-12
160.0336709022522
Running simulation w/ ws = 7.960204e-01 and pmax = -5.510204e-08
-1.530612244897959e-11
160.1665358543396
Running simulation w/ ws = 6.124388e-01 and pmax = -3.469388e-08
-9.63718820861678e-12
158.2499716281891
Running simulation w/ ws = 3.064694e-01 and pmax = 4.693878e-08
1.3038548752834465e-11
159.3333022594452
Running simulation w/ ws = 5.920408e-01 and pmax = -7.551020e-08
-2.0975056689342402e-11
160.23828840255737
Running simulation w/ ws = 1.636837e-01 and pmax = -5.918367e-08
-1.6439909297052154e-11
161.2028467655182
Running simulation w/ ws = 4.696531e-01 and pmax = 3.061224e-08
8.503401360544217e-12
160.9899604320526
Running simulation w/ ws = 8.164184e-01 and pmax = -3.061224e-08
-8.503401360544217e-12
157.8124861717224
Running simulation w/ ws = 4.900510e-01 and pmax = 4.285714e-08
1.1904761904761902e-11
159.5111083984375
Running simulation w/ ws = 3.676633e-01 and pmax = 3.877551e-08
1.0770975056689341e-11
158.32087302207947
Running simulation w/ ws = 7.552245e-01 and pmax = 2.244898e-08
6.2358276643990936e-12
159.91447162628174
Running simulation w/ ws = 8.209184e-02 and pmax = -1.000000e-07
-2.7777777777777777e-11
158.4798867702484
Running simulation w/ ws = 5.104490e-01 and pmax = -3.469388e-08
-9.63718820861678e-12
158.9119062423706
Running simulation w/ ws = 7.144286e-01 and pmax = -4.285714e-08
-1.1904761904761902e-11
159.5632724761963
Running simulation w/ ws = 2.860714e-01 and pmax = 8.775510e-08
2.437641723356009e-11
160.95758700370789
Running simulation w/ ws = 9.184082e-01 and pmax = -4.693878e-08
-1.3038548752834467e-11
159.75490474700928
Running simulation w/ ws = 9.796020e-01 and pmax = 2.653061e-08
7.369614512471656e-12
159.44441080093384
Running simulation w/ ws = 4.129592e-02 and pmax = 7.551020e-08
2.0975056689342406e-11
159.99560570716858
Running simulation w/ ws = 8.572143e-01 and pmax = 1.428571e-08
3.96825396825397e-12
161.83769941329956
Running simulation w/ ws = 6.169388e-02 and pmax = -7.551020e-08
-2.0975056689342402e-11
152.47723579406738
147.9941053390503
145.7170753479004
145.92086338996887
Running simulation w/ ws = 9.592041e-01 and pmax = -4.285714e-08
-1.1904761904761902e-11
Running simulation w/ ws = 5.512449e-01 and pmax = 2.653061e-08
7.369614512471656e-12
Running simulation w/ ws = 6.169388e-02 and pmax = -3.469388e-08
-9.63718820861678e-12
Running simulation w/ ws = 5.308469e-01 and pmax = 4.285714e-08
1.1904761904761902e-11
150.0310821533203
Running simulation w/ ws = 6.736327e-01 and pmax = -2.653061e-08
-7.369614512471656e-12
161.15800261497498
Running simulation w/ ws = 8.164184e-01 and pmax = 2.653061e-08
7.369614512471656e-12
161.24964380264282
Running simulation w/ ws = 9.592041e-01 and pmax = -9.183673e-08
-2.5510204081632654e-11
169.45702409744263
Running simulation w/ ws = 5.000000e-04 and pmax = -8.367347e-08
-2.3242630385487528e-11
159.64543962478638
Running simulation w/ ws = 8.368163e-01 and pmax = -5.918367e-08
-1.6439909297052154e-11
156.81507635116577
Running simulation w/ ws = 9.592041e-01 and pmax = 7.142857e-08
1.9841269841269843e-11
159.8478229045868
Running simulation w/ ws = 6.328367e-01 and pmax = 6.734694e-08
1.8707482993197283e-11
158.92322778701782
Running simulation w/ ws = 9.796020e-01 and pmax = -1.836735e-08
-5.102040816326532e-12
161.5339126586914
Running simulation w/ ws = 4.492551e-01 and pmax = -4.693878e-08
-1.3038548752834467e-11
160.96450901031494
Running simulation w/ ws = 4.900510e-01 and pmax = 3.877551e-08
1.0770975056689341e-11
161.75467658042908
Running simulation w/ ws = 8.164184e-01 and pmax = -1.000000e-07
-2.7777777777777777e-11
156.26922273635864
Running simulation w/ ws = 5.308469e-01 and pmax = 2.653061e-08
7.369614512471656e-12
161.64693546295166
Running simulation w/ ws = 8.980102e-01 and pmax = -1.000000e-07
-2.7777777777777777e-11
158.9258267879486
Running simulation w/ ws = 5.104490e-01 and pmax = 5.510204e-08
1.5306122448979588e-11
158.2976517677307
Running simulation w/ ws = 5.000000e-04 and pmax = 6.122449e-09
1.7006802721088427e-12
162.61572980880737
Running simulation w/ ws = 9.184082e-01 and pmax = -1.428571e-08
-3.968253968253966e-12
161.79701685905457
Running simulation w/ ws = 4.492551e-01 and pmax = 8.367347e-08
2.3242630385487528e-11
157.45315551757812
Running simulation w/ ws = 3.880612e-01 and pmax = -7.551020e-08
-2.0975056689342402e-11
158.59948325157166
Running simulation w/ ws = 7.552245e-01 and pmax = -6.734694e-08
-1.8707482993197277e-11
159.80862712860107
Running simulation w/ ws = 3.880612e-01 and pmax = -9.183673e-08
-2.5510204081632654e-11
158.77190899848938
Running simulation w/ ws = 6.169388e-02 and pmax = -1.836735e-08
-5.102040816326532e-12
160.80700778961182
Running simulation w/ ws = 5.512449e-01 and pmax = 7.142857e-08
1.9841269841269843e-11
159.68326139450073
Running simulation w/ ws = 3.880612e-01 and pmax = -1.000000e-07
-2.7777777777777777e-11
160.9242753982544
Running simulation w/ ws = 8.164184e-01 and pmax = -5.510204e-08
-1.530612244897959e-11
158.42943692207336
Running simulation w/ ws = 9.184082e-01 and pmax = 2.040816e-09
5.668934240362809e-13
159.3758225440979
Running simulation w/ ws = 1.432857e-01 and pmax = -9.591837e-08
-2.6643990929705214e-11
157.31697750091553
Running simulation w/ ws = 4.129592e-02 and pmax = 5.918367e-08
1.643990929705215e-11
159.63939762115479
Running simulation w/ ws = 5.716429e-01 and pmax = -5.510204e-08
-1.530612244897959e-11
156.55227255821228
Running simulation w/ ws = 2.860714e-01 and pmax = -6.122449e-09
-1.7006802721088427e-12
160.39581513404846
Running simulation w/ ws = 5.512449e-01 and pmax = 7.551020e-08
2.0975056689342406e-11
158.50127339363098
Running simulation w/ ws = 7.348265e-01 and pmax = -6.734694e-08
-1.8707482993197277e-11
159.53047895431519
Running simulation w/ ws = 6.328367e-01 and pmax = -5.918367e-08
-1.6439909297052154e-11
157.80893564224243
Running simulation w/ ws = 9.592041e-01 and pmax = 9.183673e-08
2.5510204081632654e-11
161.1061418056488
Running simulation w/ ws = 6.532347e-01 and pmax = 1.836735e-08
5.102040816326532e-12
159.8115861415863
Running simulation w/ ws = 5.716429e-01 and pmax = -3.469388e-08
-9.63718820861678e-12
159.9461634159088
Running simulation w/ ws = 7.144286e-01 and pmax = -7.551020e-08
-2.0975056689342402e-11
149.30558919906616
146.98313975334167
148.68668365478516
140.6095974445343
Running simulation w/ ws = 8.572143e-01 and pmax = -1.000000e-07
-2.7777777777777777e-11
Running simulation w/ ws = 9.592041e-01 and pmax = -1.020408e-08
-2.834467120181405e-12
Running simulation w/ ws = 5.512449e-01 and pmax = 3.469388e-08
9.63718820861678e-12
Running simulation w/ ws = 2.044796e-01 and pmax = 7.551020e-08
2.0975056689342406e-11
153.81431245803833
Running simulation w/ ws = 4.696531e-01 and pmax = 2.244898e-08
6.2358276643990936e-12
155.0543065071106
Running simulation w/ ws = 2.452755e-01 and pmax = -6.734694e-08
-1.8707482993197277e-11
159.85108017921448
Running simulation w/ ws = 6.328367e-01 and pmax = -9.183673e-08
-2.5510204081632654e-11
170.80855631828308
Running simulation w/ ws = 7.960204e-01 and pmax = 5.918367e-08
1.643990929705215e-11
144.06595826148987
Running simulation w/ ws = 8.980102e-01 and pmax = 4.693878e-08
1.3038548752834465e-11
164.58040285110474
Running simulation w/ ws = 4.288571e-01 and pmax = 1.836735e-08
5.102040816326532e-12
164.2680721282959
Running simulation w/ ws = 8.572143e-01 and pmax = -3.469388e-08
-9.63718820861678e-12
165.54836416244507
Running simulation w/ ws = 2.089796e-02 and pmax = -2.040816e-09
-5.668934240362809e-13
160.07699275016785
Running simulation w/ ws = 1.000000e+00 and pmax = 4.693878e-08
1.3038548752834465e-11
159.58894872665405
Running simulation w/ ws = 4.900510e-01 and pmax = 9.183673e-08
2.5510204081632654e-11
158.92732048034668
Running simulation w/ ws = 8.209184e-02 and pmax = 6.122449e-09
1.7006802721088427e-12
159.83084964752197
Running simulation w/ ws = 5.104490e-01 and pmax = -7.142857e-08
-1.984126984126984e-11
159.26314973831177
Running simulation w/ ws = 8.368163e-01 and pmax = -3.061224e-08
-8.503401360544217e-12
159.1560502052307
Running simulation w/ ws = 4.288571e-01 and pmax = -9.183673e-08
-2.5510204081632654e-11
159.04265999794006
Running simulation w/ ws = 8.980102e-01 and pmax = 6.326531e-08
1.7573696145124714e-11
161.09351563453674
Running simulation w/ ws = 5.716429e-01 and pmax = -9.183673e-08
-2.5510204081632654e-11
158.83744478225708
Running simulation w/ ws = 4.492551e-01 and pmax = -2.244898e-08
-6.2358276643990936e-12
158.18408226966858
Running simulation w/ ws = 1.840816e-01 and pmax = 8.775510e-08
2.437641723356009e-11
159.34214878082275
Running simulation w/ ws = 6.532347e-01 and pmax = 1.428571e-08
3.96825396825397e-12
158.99085974693298
Running simulation w/ ws = 4.696531e-01 and pmax = -2.040816e-09
-5.668934240362809e-13
157.52839469909668
Running simulation w/ ws = 6.124388e-01 and pmax = -4.693878e-08
-1.3038548752834467e-11
158.5827374458313
Running simulation w/ ws = 9.184082e-01 and pmax = -1.000000e-07
-2.7777777777777777e-11
159.5151286125183
Running simulation w/ ws = 4.129592e-02 and pmax = -9.591837e-08
-2.6643990929705214e-11
158.4774706363678
Running simulation w/ ws = 5.104490e-01 and pmax = 7.551020e-08
2.0975056689342406e-11
158.74674463272095
Running simulation w/ ws = 3.472653e-01 and pmax = -9.591837e-08
-2.6643990929705214e-11
159.6579291820526
Running simulation w/ ws = 1.000000e+00 and pmax = -5.510204e-08
-1.530612244897959e-11
158.46055483818054
Running simulation w/ ws = 4.696531e-01 and pmax = 1.000000e-07
2.7777777777777777e-11
158.19650220870972
Running simulation w/ ws = 7.756224e-01 and pmax = -1.836735e-08
-5.102040816326532e-12
158.47482180595398
Running simulation w/ ws = 2.656735e-01 and pmax = -3.061224e-08
-8.503401360544217e-12
158.33580327033997
Running simulation w/ ws = 1.024898e-01 and pmax = 6.734694e-08
1.8707482993197283e-11
159.27066445350647
Running simulation w/ ws = 2.044796e-01 and pmax = -6.734694e-08
-1.8707482993197277e-11
159.90696954727173
Running simulation w/ ws = 7.144286e-01 and pmax = 6.122449e-09
1.7006802721088427e-12
159.07310557365417
Running simulation w/ ws = 8.164184e-01 and pmax = -4.693878e-08
-1.3038548752834467e-11
159.40846967697144
Running simulation w/ ws = 8.572143e-01 and pmax = -8.775510e-08
-2.437641723356009e-11
157.60113549232483
Running simulation w/ ws = 7.960204e-01 and pmax = -1.000000e-07
-2.7777777777777777e-11
159.72943353652954
Running simulation w/ ws = 4.696531e-01 and pmax = -3.469388e-08
-9.63718820861678e-12
144.90624713897705
153.57304978370667
149.54636216163635
141.17799401283264
Running simulation w/ ws = 9.388061e-01 and pmax = 7.142857e-08
1.9841269841269843e-11
Running simulation w/ ws = 3.064694e-01 and pmax = -3.061224e-08
-8.503401360544217e-12
Running simulation w/ ws = 5.000000e-04 and pmax = 7.551020e-08
2.0975056689342406e-11
Running simulation w/ ws = 9.388061e-01 and pmax = 8.775510e-08
2.437641723356009e-11
155.42077231407166
Running simulation w/ ws = 7.552245e-01 and pmax = -7.959184e-08
-2.210884353741497e-11
155.61780667304993
Running simulation w/ ws = 5.104490e-01 and pmax = -1.836735e-08
-5.102040816326532e-12
157.02411246299744
Running simulation w/ ws = 3.268673e-01 and pmax = -2.653061e-08
-7.369614512471656e-12
176.15611243247986
Running simulation w/ ws = 5.000000e-04 and pmax = -6.734694e-08
-1.8707482993197277e-11
157.70023107528687
Running simulation w/ ws = 2.089796e-02 and pmax = 6.326531e-08
1.7573696145124714e-11
160.62110328674316
Running simulation w/ ws = 6.940306e-01 and pmax = -1.020408e-08
-2.834467120181405e-12
160.6418948173523
Running simulation w/ ws = 5.104490e-01 and pmax = -8.367347e-08
-2.3242630385487528e-11
161.47799110412598
Running simulation w/ ws = 3.676633e-01 and pmax = 6.734694e-08
1.8707482993197283e-11
163.8407862186432
Running simulation w/ ws = 7.144286e-01 and pmax = -5.510204e-08
-1.530612244897959e-11
164.2709879875183
Running simulation w/ ws = 1.000000e+00 and pmax = -7.959184e-08
-2.210884353741497e-11
165.34346342086792
Running simulation w/ ws = 5.308469e-01 and pmax = 7.142857e-08
1.9841269841269843e-11
146.25341844558716
Running simulation w/ ws = 3.268673e-01 and pmax = 9.183673e-08
2.5510204081632654e-11
157.33439922332764
Running simulation w/ ws = 3.880612e-01 and pmax = -3.877551e-08
-1.0770975056689341e-11
159.2380816936493
Running simulation w/ ws = 2.860714e-01 and pmax = 7.959184e-08
2.210884353741497e-11
158.56791877746582
Running simulation w/ ws = 9.592041e-01 and pmax = -8.775510e-08
-2.437641723356009e-11
161.2680950164795
Running simulation w/ ws = 5.512449e-01 and pmax = -6.734694e-08
-1.8707482993197277e-11
159.55834197998047
Running simulation w/ ws = 8.368163e-01 and pmax = 9.183673e-08
2.5510204081632654e-11
160.17513751983643
Running simulation w/ ws = 2.656735e-01 and pmax = 7.142857e-08
1.9841269841269843e-11
159.6176655292511
Running simulation w/ ws = 2.044796e-01 and pmax = 6.326531e-08
1.7573696145124714e-11
161.88539719581604
Running simulation w/ ws = 3.064694e-01 and pmax = -7.142857e-08
-1.984126984126984e-11
158.33790254592896
Running simulation w/ ws = 3.064694e-01 and pmax = -8.775510e-08
-2.437641723356009e-11
161.77999591827393
Running simulation w/ ws = 2.452755e-01 and pmax = 7.142857e-08
1.9841269841269843e-11
160.681813955307
Running simulation w/ ws = 7.960204e-01 and pmax = 5.510204e-08
1.5306122448979588e-11
160.65768909454346
Running simulation w/ ws = 9.796020e-01 and pmax = -1.000000e-07
-2.7777777777777777e-11
159.46352338790894
Running simulation w/ ws = 8.164184e-01 and pmax = 8.367347e-08
2.3242630385487528e-11
160.45857048034668
Running simulation w/ ws = 4.129592e-02 and pmax = -5.918367e-08
-1.6439909297052154e-11
160.7394847869873
Running simulation w/ ws = 8.368163e-01 and pmax = 2.244898e-08
6.2358276643990936e-12
160.98273229599
Running simulation w/ ws = 6.169388e-02 and pmax = 1.020408e-08
2.834467120181405e-12
158.5187509059906
Running simulation w/ ws = 7.756224e-01 and pmax = 6.734694e-08
1.8707482993197283e-11
160.83740615844727
Running simulation w/ ws = 6.532347e-01 and pmax = -5.102041e-08
-1.4172335600907028e-11
161.8124439716339
Running simulation w/ ws = 6.532347e-01 and pmax = 9.591837e-08
2.6643990929705214e-11
160.52001571655273
Running simulation w/ ws = 1.000000e+00 and pmax = -8.775510e-08
-2.437641723356009e-11
158.74274277687073
Running simulation w/ ws = 5.512449e-01 and pmax = 6.734694e-08
1.8707482993197283e-11
160.4483859539032
Running simulation w/ ws = 8.776122e-01 and pmax = -1.020408e-08
-2.834467120181405e-12
160.69435858726501
Running simulation w/ ws = 8.980102e-01 and pmax = 1.000000e-07
2.7777777777777777e-11
161.56006479263306
117.7763602733612
108.99492692947388
108.24125409126282
Running simulation w/ ws = 3.268673e-01 and pmax = 7.142857e-08
1.9841269841269843e-11
Running simulation w/ ws = 5.920408e-01 and pmax = -2.040816e-09
-5.668934240362809e-13
Running simulation w/ ws = 8.164184e-01 and pmax = 9.591837e-08
2.6643990929705214e-11
Running simulation w/ ws = 9.388061e-01 and pmax = -5.510204e-08
-1.530612244897959e-11
153.7769000530243
Running simulation w/ ws = 4.129592e-02 and pmax = 1.836735e-08
5.102040816326532e-12
160.04428815841675
Running simulation w/ ws = 5.104490e-01 and pmax = -1.000000e-07
-2.7777777777777777e-11
163.19289231300354
Running simulation w/ ws = 6.328367e-01 and pmax = 7.959184e-08
2.210884353741497e-11
163.72230195999146
Running simulation w/ ws = 3.268673e-01 and pmax = -7.959184e-08
-2.210884353741497e-11
149.29182648658752
Running simulation w/ ws = 3.676633e-01 and pmax = -1.020408e-08
-2.834467120181405e-12
150.19586491584778
Running simulation w/ ws = 3.268673e-01 and pmax = -2.244898e-08
-6.2358276643990936e-12
169.37069964408875
Running simulation w/ ws = 8.164184e-01 and pmax = -6.326531e-08
-1.7573696145124717e-11
172.54083585739136
Running simulation w/ ws = 8.980102e-01 and pmax = -5.918367e-08
-1.6439909297052154e-11
157.17272996902466
Running simulation w/ ws = 6.940306e-01 and pmax = 5.510204e-08
1.5306122448979588e-11
158.06619811058044
Running simulation w/ ws = 2.452755e-01 and pmax = -9.591837e-08
-2.6643990929705214e-11
159.98062014579773
Running simulation w/ ws = 6.736327e-01 and pmax = -5.918367e-08
-1.6439909297052154e-11
157.48282289505005
Running simulation w/ ws = 2.044796e-01 and pmax = 1.020408e-08
2.834467120181405e-12
157.86558198928833
Running simulation w/ ws = 1.432857e-01 and pmax = -1.836735e-08
-5.102040816326532e-12
159.5265543460846
Running simulation w/ ws = 6.736327e-01 and pmax = -1.428571e-08
-3.968253968253966e-12
158.33738708496094
Running simulation w/ ws = 6.532347e-01 and pmax = -5.918367e-08
-1.6439909297052154e-11
159.45785570144653
Running simulation w/ ws = 7.144286e-01 and pmax = 2.244898e-08
6.2358276643990936e-12
159.16212463378906
Running simulation w/ ws = 8.164184e-01 and pmax = -8.775510e-08
-2.437641723356009e-11
159.20726251602173
Running simulation w/ ws = 8.368163e-01 and pmax = 9.591837e-08
2.6643990929705214e-11
159.7935333251953
Running simulation w/ ws = 4.084592e-01 and pmax = 8.775510e-08
2.437641723356009e-11
159.14765334129333
Running simulation w/ ws = 9.592041e-01 and pmax = 7.551020e-08
2.0975056689342406e-11
159.59418439865112
Running simulation w/ ws = 8.209184e-02 and pmax = -6.326531e-08
-1.7573696145124717e-11
159.97448754310608
Running simulation w/ ws = 7.348265e-01 and pmax = -2.653061e-08
-7.369614512471656e-12
159.40123915672302
Running simulation w/ ws = 6.940306e-01 and pmax = 2.653061e-08
7.369614512471656e-12
159.58124041557312
Running simulation w/ ws = 2.452755e-01 and pmax = -7.959184e-08
-2.210884353741497e-11
160.22989892959595
Running simulation w/ ws = 3.880612e-01 and pmax = 5.918367e-08
1.643990929705215e-11
159.46746039390564
Running simulation w/ ws = 9.592041e-01 and pmax = -1.836735e-08
-5.102040816326532e-12
159.9336075782776
Running simulation w/ ws = 4.900510e-01 and pmax = 8.367347e-08
2.3242630385487528e-11
158.17946457862854
Running simulation w/ ws = 6.736327e-01 and pmax = 9.591837e-08
2.6643990929705214e-11
160.09943509101868
Running simulation w/ ws = 7.960204e-01 and pmax = -6.326531e-08
-1.7573696145124717e-11
159.60388588905334
Running simulation w/ ws = 6.736327e-01 and pmax = -1.000000e-07
-2.7777777777777777e-11
158.94676566123962
Running simulation w/ ws = 5.000000e-04 and pmax = 3.469388e-08
9.63718820861678e-12
159.64401626586914
Running simulation w/ ws = 9.184082e-01 and pmax = 7.551020e-08
2.0975056689342406e-11
150.63400626182556
Running simulation w/ ws = 7.960204e-01 and pmax = -8.775510e-08
-2.437641723356009e-11
153.56701397895813
Running simulation w/ ws = 4.288571e-01 and pmax = 3.877551e-08
1.0770975056689341e-11
172.68422746658325
172.50364518165588
Running simulation w/ ws = 5.920408e-01 and pmax = 3.877551e-08
1.0770975056689341e-11
Running simulation w/ ws = 5.308469e-01 and pmax = 6.122449e-09
1.7006802721088427e-12
151.01888012886047
144.3349609375
146.50427055358887
148.2531497478485
Running simulation w/ ws = 7.348265e-01 and pmax = -2.040816e-09
-5.668934240362809e-13
Running simulation w/ ws = 1.840816e-01 and pmax = -2.040816e-09
-5.668934240362809e-13
Running simulation w/ ws = 1.840816e-01 and pmax = 3.061224e-08
8.503401360544217e-12
Running simulation w/ ws = 6.169388e-02 and pmax = 4.693878e-08
1.3038548752834465e-11
158.7895827293396
Running simulation w/ ws = 9.592041e-01 and pmax = -6.734694e-08
-1.8707482993197277e-11
160.18083691596985
Running simulation w/ ws = 2.248776e-01 and pmax = -1.000000e-07
-2.7777777777777777e-11
161.31624031066895
Running simulation w/ ws = 8.980102e-01 and pmax = -7.551020e-08
-2.0975056689342402e-11
161.52303194999695
Running simulation w/ ws = 8.572143e-01 and pmax = -8.367347e-08
-2.3242630385487528e-11
159.17898225784302
Running simulation w/ ws = 7.348265e-01 and pmax = 8.367347e-08
2.3242630385487528e-11
160.82294702529907
Running simulation w/ ws = 6.328367e-01 and pmax = -2.653061e-08
-7.369614512471656e-12
158.70744132995605
Running simulation w/ ws = 9.592041e-01 and pmax = 1.020408e-08
2.834467120181405e-12
160.98697209358215
Running simulation w/ ws = 6.736327e-01 and pmax = -8.775510e-08
-2.437641723356009e-11
157.20456433296204
Running simulation w/ ws = 7.348265e-01 and pmax = 6.734694e-08
1.8707482993197283e-11
158.7218725681305
Running simulation w/ ws = 5.920408e-01 and pmax = -6.122449e-09
-1.7006802721088427e-12
158.50887322425842
Running simulation w/ ws = 6.940306e-01 and pmax = 6.122449e-09
1.7006802721088427e-12
158.5042862892151
Running simulation w/ ws = 4.129592e-02 and pmax = 4.285714e-08
1.1904761904761902e-11
158.18815660476685
Running simulation w/ ws = 3.472653e-01 and pmax = 2.653061e-08
7.369614512471656e-12
157.91675901412964
Running simulation w/ ws = 6.169388e-02 and pmax = -5.918367e-08
-1.6439909297052154e-11
158.61129474639893
Running simulation w/ ws = 2.044796e-01 and pmax = 6.122449e-09
1.7006802721088427e-12
159.2228398323059
Running simulation w/ ws = 1.000000e+00 and pmax = 9.591837e-08
2.6643990929705214e-11
158.7511613368988
Running simulation w/ ws = 7.552245e-01 and pmax = -5.102041e-08
-1.4172335600907028e-11
157.90042781829834
Running simulation w/ ws = 7.144286e-01 and pmax = 8.367347e-08
2.3242630385487528e-11
159.0954942703247
Running simulation w/ ws = 7.348265e-01 and pmax = -8.367347e-08
-2.3242630385487528e-11
158.34592509269714
Running simulation w/ ws = 2.860714e-01 and pmax = -1.428571e-08
-3.968253968253966e-12
157.48063278198242
Running simulation w/ ws = 8.980102e-01 and pmax = 1.836735e-08
5.102040816326532e-12
158.65326642990112
Running simulation w/ ws = 1.000000e+00 and pmax = -2.244898e-08
-6.2358276643990936e-12
160.39695811271667
Running simulation w/ ws = 3.676633e-01 and pmax = 5.102041e-08
1.4172335600907027e-11
160.41251134872437
Running simulation w/ ws = 8.368163e-01 and pmax = 1.428571e-08
3.96825396825397e-12
156.50214743614197
Running simulation w/ ws = 6.940306e-01 and pmax = -5.102041e-08
-1.4172335600907028e-11
159.51126980781555
Running simulation w/ ws = 7.144286e-01 and pmax = 8.775510e-08
2.437641723356009e-11
158.4879219532013
Running simulation w/ ws = 5.104490e-01 and pmax = 6.122449e-09
1.7006802721088427e-12
158.8682086467743
Running simulation w/ ws = 5.000000e-04 and pmax = -5.510204e-08
-1.530612244897959e-11
160.04296493530273
Running simulation w/ ws = 1.000000e+00 and pmax = -4.285714e-08
-1.1904761904761902e-11
159.95455980300903
Running simulation w/ ws = 6.532347e-01 and pmax = 5.918367e-08
1.643990929705215e-11
160.8275442123413
Running simulation w/ ws = 5.920408e-01 and pmax = 3.469388e-08
9.63718820861678e-12
158.716073513031
Running simulation w/ ws = 9.592041e-01 and pmax = 3.061224e-08
8.503401360544217e-12
159.63439846038818
Running simulation w/ ws = 7.144286e-01 and pmax = -4.693878e-08
-1.3038548752834467e-11
159.20373702049255
Running simulation w/ ws = 1.840816e-01 and pmax = -9.183673e-08
-2.5510204081632654e-11
160.38241815567017
Running simulation w/ ws = 1.024898e-01 and pmax = -9.183673e-08
-2.5510204081632654e-11
161.12564063072205
Running simulation w/ ws = 4.084592e-01 and pmax = 3.469388e-08
9.63718820861678e-12
140.81941962242126
149.5693964958191
143.29900312423706
147.83093976974487
Running simulation w/ ws = 1.432857e-01 and pmax = 1.000000e-07
2.7777777777777777e-11
Running simulation w/ ws = 2.089796e-02 and pmax = 1.020408e-08
2.834467120181405e-12
Running simulation w/ ws = 7.348265e-01 and pmax = 1.428571e-08
3.96825396825397e-12
Running simulation w/ ws = 3.064694e-01 and pmax = 1.428571e-08
3.96825396825397e-12
157.13535833358765
Running simulation w/ ws = 8.209184e-02 and pmax = -2.244898e-08
-6.2358276643990936e-12
158.4571611881256
158.49176955223083
Running simulation w/ ws = 7.960204e-01 and pmax = -9.591837e-08
-2.6643990929705214e-11
Running simulation w/ ws = 4.288571e-01 and pmax = 2.040816e-09
5.668934240362809e-13
172.52549481391907
Running simulation w/ ws = 2.044796e-01 and pmax = 5.510204e-08
1.5306122448979588e-11
159.3580298423767
Running simulation w/ ws = 1.000000e+00 and pmax = -9.591837e-08
-2.6643990929705214e-11
159.56572318077087
Running simulation w/ ws = 1.024898e-01 and pmax = 9.591837e-08
2.6643990929705214e-11
159.82995796203613
Running simulation w/ ws = 7.144286e-01 and pmax = -5.918367e-08
-1.6439909297052154e-11
162.54506182670593
Running simulation w/ ws = 2.248776e-01 and pmax = -2.653061e-08
-7.369614512471656e-12
162.0042963027954
Running simulation w/ ws = 1.840816e-01 and pmax = 3.877551e-08
1.0770975056689341e-11
160.5026249885559
Running simulation w/ ws = 2.656735e-01 and pmax = 2.653061e-08
7.369614512471656e-12
160.96283316612244
Running simulation w/ ws = 4.492551e-01 and pmax = -1.000000e-07
-2.7777777777777777e-11
160.7708399295807
Running simulation w/ ws = 3.472653e-01 and pmax = 7.142857e-08
1.9841269841269843e-11
159.34578895568848
Running simulation w/ ws = 6.169388e-02 and pmax = -1.020408e-08
-2.834467120181405e-12
159.97139835357666
Running simulation w/ ws = 6.328367e-01 and pmax = 5.102041e-08
1.4172335600907027e-11
160.46513605117798
Running simulation w/ ws = 9.592041e-01 and pmax = 5.918367e-08
1.643990929705215e-11
160.5033872127533
Running simulation w/ ws = 1.024898e-01 and pmax = 3.877551e-08
1.0770975056689341e-11
160.37378644943237
Running simulation w/ ws = 6.124388e-01 and pmax = 8.775510e-08
2.437641723356009e-11
160.012797832489
Running simulation w/ ws = 9.796020e-01 and pmax = -7.551020e-08
-2.0975056689342402e-11
162.10376572608948
Running simulation w/ ws = 6.169388e-02 and pmax = 7.142857e-08
1.9841269841269843e-11
161.23692965507507
Running simulation w/ ws = 7.144286e-01 and pmax = -1.836735e-08
-5.102040816326532e-12
157.6703178882599
Running simulation w/ ws = 4.900510e-01 and pmax = 2.244898e-08
6.2358276643990936e-12
157.899738073349
Running simulation w/ ws = 5.716429e-01 and pmax = -2.040816e-09
-5.668934240362809e-13
158.84987092018127
Running simulation w/ ws = 6.169388e-02 and pmax = -8.775510e-08
-2.437641723356009e-11
158.89760899543762
Running simulation w/ ws = 3.880612e-01 and pmax = 4.285714e-08
1.1904761904761902e-11
159.57196712493896
Running simulation w/ ws = 2.452755e-01 and pmax = -5.510204e-08
-1.530612244897959e-11
161.00579977035522
Running simulation w/ ws = 9.184082e-01 and pmax = 3.061224e-08
8.503401360544217e-12
162.34383416175842
Running simulation w/ ws = 4.492551e-01 and pmax = 1.428571e-08
3.96825396825397e-12
161.47463059425354
Running simulation w/ ws = 6.940306e-01 and pmax = -8.367347e-08
-2.3242630385487528e-11
160.92100358009338
Running simulation w/ ws = 5.920408e-01 and pmax = -6.326531e-08
-1.7573696145124717e-11
162.38673210144043
Running simulation w/ ws = 1.000000e+00 and pmax = -6.734694e-08
-1.8707482993197277e-11
163.30151677131653
Running simulation w/ ws = 6.940306e-01 and pmax = 9.183673e-08
2.5510204081632654e-11
159.72367453575134
Running simulation w/ ws = 2.452755e-01 and pmax = 8.775510e-08
2.437641723356009e-11
160.18478059768677
Running simulation w/ ws = 9.388061e-01 and pmax = -5.918367e-08
-1.6439909297052154e-11
162.49983763694763
Running simulation w/ ws = 4.492551e-01 and pmax = 7.959184e-08
2.210884353741497e-11
162.07804703712463
157.29921889305115
81.98958420753479
76.24224162101746
Running simulation w/ ws = 6.940306e-01 and pmax = 6.734694e-08
1.8707482993197283e-11
Running simulation w/ ws = 6.940306e-01 and pmax = 3.877551e-08
1.0770975056689341e-11
Running simulation w/ ws = 5.716429e-01 and pmax = -9.591837e-08
-2.6643990929705214e-11
Running simulation w/ ws = 4.492551e-01 and pmax = 9.591837e-08
2.6643990929705214e-11
154.5973813533783
Running simulation w/ ws = 5.308469e-01 and pmax = 6.734694e-08
1.8707482993197283e-11
155.32572960853577
Running simulation w/ ws = 6.328367e-01 and pmax = -5.510204e-08
-1.530612244897959e-11
160.36499285697937
Running simulation w/ ws = 1.000000e+00 and pmax = 2.244898e-08
6.2358276643990936e-12
169.31413745880127
Running simulation w/ ws = 7.756224e-01 and pmax = 7.959184e-08
2.210884353741497e-11
159.51562023162842
Running simulation w/ ws = 6.169388e-02 and pmax = -1.000000e-07
-2.7777777777777777e-11
159.03378653526306
Running simulation w/ ws = 4.288571e-01 and pmax = 6.122449e-09
1.7006802721088427e-12
158.91367840766907
Running simulation w/ ws = 7.144286e-01 and pmax = 1.836735e-08
5.102040816326532e-12
157.81271481513977
Running simulation w/ ws = 1.000000e+00 and pmax = 5.918367e-08
1.643990929705215e-11
147.40052843093872
Running simulation w/ ws = 4.288571e-01 and pmax = 6.734694e-08
1.8707482993197283e-11
166.43361973762512
Running simulation w/ ws = 8.572143e-01 and pmax = -7.959184e-08
-2.210884353741497e-11
167.396986246109
Running simulation w/ ws = 5.716429e-01 and pmax = 1.000000e-07
2.7777777777777777e-11
165.25344491004944
Running simulation w/ ws = 5.308469e-01 and pmax = -1.000000e-07
-2.7777777777777777e-11
158.1475865840912
Running simulation w/ ws = 2.089796e-02 and pmax = -3.061224e-08
-8.503401360544217e-12
158.92124557495117
Running simulation w/ ws = 4.900510e-01 and pmax = 1.020408e-08
2.834467120181405e-12
160.08971905708313
Running simulation w/ ws = 8.572143e-01 and pmax = -7.142857e-08
-1.984126984126984e-11
161.54476737976074
Running simulation w/ ws = 7.756224e-01 and pmax = 3.877551e-08
1.0770975056689341e-11
158.15017986297607
Running simulation w/ ws = 3.064694e-01 and pmax = -5.510204e-08
-1.530612244897959e-11
159.2648355960846
Running simulation w/ ws = 4.492551e-01 and pmax = -4.285714e-08
-1.1904761904761902e-11
159.67861080169678
Running simulation w/ ws = 6.736327e-01 and pmax = 1.020408e-08
2.834467120181405e-12
159.04756546020508
Running simulation w/ ws = 2.248776e-01 and pmax = 2.653061e-08
7.369614512471656e-12
157.78206157684326
Running simulation w/ ws = 3.268673e-01 and pmax = -4.693878e-08
-1.3038548752834467e-11
158.30195331573486
Running simulation w/ ws = 8.776122e-01 and pmax = 5.102041e-08
1.4172335600907027e-11
158.80392813682556
Running simulation w/ ws = 5.000000e-04 and pmax = 3.877551e-08
1.0770975056689341e-11
160.53209042549133
Running simulation w/ ws = 4.084592e-01 and pmax = -1.020408e-08
-2.834467120181405e-12
158.2978961467743
Running simulation w/ ws = 1.000000e+00 and pmax = 6.122449e-09
1.7006802721088427e-12
158.49902653694153
Running simulation w/ ws = 3.676633e-01 and pmax = 2.244898e-08
6.2358276643990936e-12
160.90198755264282
Running simulation w/ ws = 7.960204e-01 and pmax = -1.020408e-08
-2.834467120181405e-12
158.9344620704651
Running simulation w/ ws = 3.880612e-01 and pmax = -6.734694e-08
-1.8707482993197277e-11
159.13086533546448
Running simulation w/ ws = 7.552245e-01 and pmax = -6.122449e-09
-1.7006802721088427e-12
159.4705352783203
Running simulation w/ ws = 2.656735e-01 and pmax = 5.918367e-08
1.643990929705215e-11
159.94265055656433
Running simulation w/ ws = 7.756224e-01 and pmax = 1.428571e-08
3.96825396825397e-12
158.60748386383057
Running simulation w/ ws = 4.696531e-01 and pmax = 9.183673e-08
2.5510204081632654e-11
159.01340532302856
Running simulation w/ ws = 2.089796e-02 and pmax = -1.836735e-08
-5.102040816326532e-12
159.373295545578
Running simulation w/ ws = 5.104490e-01 and pmax = 7.959184e-08
2.210884353741497e-11
158.95667910575867
Running simulation w/ ws = 6.124388e-01 and pmax = 2.653061e-08
7.369614512471656e-12
158.27912378311157
Running simulation w/ ws = 1.636837e-01 and pmax = 5.918367e-08
1.643990929705215e-11
151.62406826019287
145.57901740074158
143.88140869140625
141.6743094921112
Running simulation w/ ws = 6.940306e-01 and pmax = -7.551020e-08
-2.0975056689342402e-11
Running simulation w/ ws = 2.860714e-01 and pmax = 8.367347e-08
2.3242630385487528e-11
Running simulation w/ ws = 2.089796e-02 and pmax = 1.000000e-07
2.7777777777777777e-11
Running simulation w/ ws = 5.308469e-01 and pmax = -2.653061e-08
-7.369614512471656e-12
159.83423924446106
Running simulation w/ ws = 2.089796e-02 and pmax = 4.693878e-08
1.3038548752834465e-11
161.49198198318481
161.50185656547546
Running simulation w/ ws = 6.328367e-01 and pmax = 7.142857e-08
1.9841269841269843e-11
Running simulation w/ ws = 5.308469e-01 and pmax = -5.510204e-08
-1.530612244897959e-11
163.28014254570007
Running simulation w/ ws = 8.572143e-01 and pmax = 7.142857e-08
1.9841269841269843e-11
159.3038740158081
Running simulation w/ ws = 8.164184e-01 and pmax = 3.469388e-08
9.63718820861678e-12
160.59490704536438
Running simulation w/ ws = 2.860714e-01 and pmax = 1.428571e-08
3.96825396825397e-12
160.75968861579895
Running simulation w/ ws = 6.124388e-01 and pmax = -9.183673e-08
-2.5510204081632654e-11
159.09860825538635
Running simulation w/ ws = 2.089796e-02 and pmax = 8.367347e-08
2.3242630385487528e-11
157.94775080680847
Running simulation w/ ws = 4.129592e-02 and pmax = -8.775510e-08
-2.437641723356009e-11
156.81726837158203
Running simulation w/ ws = 1.636837e-01 and pmax = 3.469388e-08
9.63718820861678e-12
159.8366334438324
Running simulation w/ ws = 6.124388e-01 and pmax = 5.510204e-08
1.5306122448979588e-11
160.77247786521912
Running simulation w/ ws = 8.776122e-01 and pmax = 1.020408e-08
2.834467120181405e-12
157.09405159950256
Running simulation w/ ws = 9.796020e-01 and pmax = 5.102041e-08
1.4172335600907027e-11
159.63205790519714
Running simulation w/ ws = 4.129592e-02 and pmax = 8.775510e-08
2.437641723356009e-11
160.15611290931702
Running simulation w/ ws = 9.592041e-01 and pmax = -4.693878e-08
-1.3038548752834467e-11
160.07246899604797
Running simulation w/ ws = 8.209184e-02 and pmax = -1.836735e-08
-5.102040816326532e-12
157.7558717727661
Running simulation w/ ws = 2.248776e-01 and pmax = -1.020408e-08
-2.834467120181405e-12
158.7013852596283
Running simulation w/ ws = 8.209184e-02 and pmax = 1.428571e-08
3.96825396825397e-12
160.41875886917114
Running simulation w/ ws = 2.452755e-01 and pmax = 3.469388e-08
9.63718820861678e-12
160.91287565231323
Running simulation w/ ws = 8.776122e-01 and pmax = -5.102041e-08
-1.4172335600907028e-11
157.1894714832306
Running simulation w/ ws = 8.209184e-02 and pmax = 2.653061e-08
7.369614512471656e-12
158.74545240402222
Running simulation w/ ws = 2.860714e-01 and pmax = -5.510204e-08
-1.530612244897959e-11
160.54141092300415
Running simulation w/ ws = 2.044796e-01 and pmax = -3.877551e-08
-1.0770975056689341e-11
160.37699508666992
Running simulation w/ ws = 9.388061e-01 and pmax = 8.367347e-08
2.3242630385487528e-11
158.9217894077301
Running simulation w/ ws = 4.492551e-01 and pmax = -7.142857e-08
-1.984126984126984e-11
158.02010536193848
Running simulation w/ ws = 8.368163e-01 and pmax = -2.040816e-09
-5.668934240362809e-13
159.09388947486877
Running simulation w/ ws = 3.268673e-01 and pmax = 3.469388e-08
9.63718820861678e-12
160.567321062088
Running simulation w/ ws = 3.064694e-01 and pmax = 3.061224e-08
8.503401360544217e-12
157.9319531917572
Running simulation w/ ws = 6.940306e-01 and pmax = -6.734694e-08
-1.8707482993197277e-11
158.55310368537903
Running simulation w/ ws = 3.676633e-01 and pmax = 1.836735e-08
5.102040816326532e-12
160.59916257858276
Running simulation w/ ws = 3.268673e-01 and pmax = -4.285714e-08
-1.1904761904761902e-11
160.46919751167297
Running simulation w/ ws = 4.492551e-01 and pmax = 1.000000e-07
2.7777777777777777e-11
156.89452028274536
Running simulation w/ ws = 2.089796e-02 and pmax = 2.040816e-09
5.668934240362809e-13
158.59806609153748
Running simulation w/ ws = 3.268673e-01 and pmax = 5.102041e-08
1.4172335600907027e-11
159.73755359649658
Running simulation w/ ws = 7.348265e-01 and pmax = -3.469388e-08
-9.63718820861678e-12
161.34003615379333
118.54563069343567
117.25970602035522
105.8143846988678
Running simulation w/ ws = 8.980102e-01 and pmax = 3.061224e-08
8.503401360544217e-12
Running simulation w/ ws = 8.368163e-01 and pmax = -6.326531e-08
-1.7573696145124717e-11
Running simulation w/ ws = 5.000000e-04 and pmax = 5.510204e-08
1.5306122448979588e-11
Running simulation w/ ws = 7.960204e-01 and pmax = 1.000000e-07
2.7777777777777777e-11
157.6912486553192
Running simulation w/ ws = 4.084592e-01 and pmax = -5.918367e-08
-1.6439909297052154e-11
158.49362182617188
Running simulation w/ ws = 2.860714e-01 and pmax = -8.775510e-08
-2.437641723356009e-11
159.12273001670837
Running simulation w/ ws = 9.796020e-01 and pmax = -9.183673e-08
-2.5510204081632654e-11
165.05959916114807
Running simulation w/ ws = 2.248776e-01 and pmax = 2.244898e-08
6.2358276643990936e-12
158.4542260169983
Running simulation w/ ws = 6.940306e-01 and pmax = 2.040816e-09
5.668934240362809e-13
160.05678033828735
158.71705269813538
Running simulation w/ ws = 7.552245e-01 and pmax = 1.020408e-08
2.834467120181405e-12
Running simulation w/ ws = 2.860714e-01 and pmax = -1.836735e-08
-5.102040816326532e-12
159.4115436077118
Running simulation w/ ws = 7.960204e-01 and pmax = 1.428571e-08
3.96825396825397e-12
159.00473928451538
Running simulation w/ ws = 1.636837e-01 and pmax = 8.775510e-08
2.437641723356009e-11
159.06221318244934
Running simulation w/ ws = 5.920408e-01 and pmax = -3.061224e-08
-8.503401360544217e-12
160.42727947235107
Running simulation w/ ws = 8.368163e-01 and pmax = -1.020408e-08
-2.834467120181405e-12
157.73866963386536
Running simulation w/ ws = 8.776122e-01 and pmax = 3.061224e-08
8.503401360544217e-12
159.61373591423035
Running simulation w/ ws = 5.308469e-01 and pmax = 3.061224e-08
8.503401360544217e-12
158.75201296806335
Running simulation w/ ws = 1.228878e-01 and pmax = -7.959184e-08
-2.210884353741497e-11
159.39582014083862
Running simulation w/ ws = 5.104490e-01 and pmax = -4.693878e-08
-1.3038548752834467e-11
159.48109006881714
Running simulation w/ ws = 3.472653e-01 and pmax = -3.061224e-08
-8.503401360544217e-12
159.19020199775696
Running simulation w/ ws = 1.636837e-01 and pmax = 3.061224e-08
8.503401360544217e-12
159.3771448135376
Running simulation w/ ws = 1.432857e-01 and pmax = -3.877551e-08
-1.0770975056689341e-11
159.31928515434265
Running simulation w/ ws = 6.328367e-01 and pmax = -8.367347e-08
-2.3242630385487528e-11
156.10274481773376
Running simulation w/ ws = 3.064694e-01 and pmax = 1.000000e-07
2.7777777777777777e-11
157.95986676216125
Running simulation w/ ws = 1.228878e-01 and pmax = -5.918367e-08
-1.6439909297052154e-11
158.4687042236328
Running simulation w/ ws = 5.104490e-01 and pmax = 6.326531e-08
1.7573696145124714e-11
158.38784956932068
Running simulation w/ ws = 3.676633e-01 and pmax = 4.693878e-08
1.3038548752834465e-11
160.23456382751465
Running simulation w/ ws = 7.552245e-01 and pmax = -7.142857e-08
-1.984126984126984e-11
160.06150007247925
Running simulation w/ ws = 1.024898e-01 and pmax = 2.040816e-09
5.668934240362809e-13
162.31444597244263
Running simulation w/ ws = 4.900510e-01 and pmax = 1.000000e-07
2.7777777777777777e-11
159.97738885879517
Running simulation w/ ws = 1.432857e-01 and pmax = 7.142857e-08
1.9841269841269843e-11
161.2839217185974
Running simulation w/ ws = 5.308469e-01 and pmax = 1.428571e-08
3.96825396825397e-12
161.46583366394043
Running simulation w/ ws = 8.164184e-01 and pmax = -7.959184e-08
-2.210884353741497e-11
162.07006120681763
Running simulation w/ ws = 3.268673e-01 and pmax = -5.918367e-08
-1.6439909297052154e-11
161.1574261188507
Running simulation w/ ws = 9.388061e-01 and pmax = 6.326531e-08
1.7573696145124714e-11
162.56223130226135
Running simulation w/ ws = 9.796020e-01 and pmax = -8.367347e-08
-2.3242630385487528e-11
162.30359959602356
Running simulation w/ ws = 7.348265e-01 and pmax = 4.693878e-08
1.3038548752834465e-11
160.03986835479736
Running simulation w/ ws = 4.084592e-01 and pmax = -6.734694e-08
-1.8707482993197277e-11
161.4391062259674
Running simulation w/ ws = 9.388061e-01 and pmax = 2.040816e-09
5.668934240362809e-13
163.5547833442688
Running simulation w/ ws = 7.960204e-01 and pmax = -3.877551e-08
-1.0770975056689341e-11
142.60228037834167
146.6195261478424
140.79591512680054
147.28436827659607
Running simulation w/ ws = 3.880612e-01 and pmax = -1.836735e-08
-5.102040816326532e-12
Running simulation w/ ws = 2.656735e-01 and pmax = -1.836735e-08
-5.102040816326532e-12
Running simulation w/ ws = 8.368163e-01 and pmax = 6.122449e-09
1.7006802721088427e-12
Running simulation w/ ws = 3.880612e-01 and pmax = -5.510204e-08
-1.530612244897959e-11
153.48612594604492
Running simulation w/ ws = 5.920408e-01 and pmax = 1.020408e-08
2.834467120181405e-12
161.739972114563
Running simulation w/ ws = 4.492551e-01 and pmax = -2.040816e-09
-5.668934240362809e-13
162.9755413532257
Running simulation w/ ws = 6.940306e-01 and pmax = -9.591837e-08
-2.6643990929705214e-11
163.5878448486328
Running simulation w/ ws = 2.044796e-01 and pmax = 5.918367e-08
1.643990929705215e-11
158.7859766483307
Running simulation w/ ws = 5.000000e-04 and pmax = 7.959184e-08
2.210884353741497e-11
159.47924280166626
Running simulation w/ ws = 2.044796e-01 and pmax = -1.836735e-08
-5.102040816326532e-12
160.86736702919006
Running simulation w/ ws = 3.472653e-01 and pmax = -9.183673e-08
-2.5510204081632654e-11
160.0165934562683
Running simulation w/ ws = 4.492551e-01 and pmax = 3.469388e-08
9.63718820861678e-12
158.90539932250977
Running simulation w/ ws = 5.000000e-04 and pmax = -1.836735e-08
-5.102040816326532e-12
159.9250249862671
Running simulation w/ ws = 4.900510e-01 and pmax = -7.551020e-08
-2.0975056689342402e-11
160.61949825286865
Running simulation w/ ws = 7.756224e-01 and pmax = 3.469388e-08
9.63718820861678e-12
160.2604784965515
Running simulation w/ ws = 8.572143e-01 and pmax = -4.285714e-08
-1.1904761904761902e-11
161.51014852523804
Running simulation w/ ws = 5.512449e-01 and pmax = 6.122449e-09
1.7006802721088427e-12
162.5208568572998
Running simulation w/ ws = 4.696531e-01 and pmax = 1.020408e-08
2.834467120181405e-12
162.8364691734314
Running simulation w/ ws = 7.756224e-01 and pmax = 5.918367e-08
1.643990929705215e-11
163.08623814582825
Running simulation w/ ws = 5.000000e-04 and pmax = 6.734694e-08
1.8707482993197283e-11
158.2936770915985
Running simulation w/ ws = 1.024898e-01 and pmax = 1.836735e-08
5.102040816326532e-12
160.73501014709473
Running simulation w/ ws = 4.129592e-02 and pmax = 6.734694e-08
1.8707482993197283e-11
161.1778600215912
Running simulation w/ ws = 4.696531e-01 and pmax = -1.836735e-08
-5.102040816326532e-12
163.01420712471008
Running simulation w/ ws = 9.184082e-01 and pmax = 9.183673e-08
2.5510204081632654e-11
161.05745387077332
Running simulation w/ ws = 8.164184e-01 and pmax = 4.285714e-08
1.1904761904761902e-11
160.2215452194214
Running simulation w/ ws = 8.776122e-01 and pmax = 5.918367e-08
1.643990929705215e-11
162.7796812057495
Running simulation w/ ws = 3.880612e-01 and pmax = 6.122449e-09
1.7006802721088427e-12
161.64576530456543
Running simulation w/ ws = 8.368163e-01 and pmax = 1.020408e-08
2.834467120181405e-12
160.75209951400757
Running simulation w/ ws = 3.880612e-01 and pmax = -1.428571e-08
-3.968253968253966e-12
161.46513557434082
Running simulation w/ ws = 4.900510e-01 and pmax = -4.285714e-08
-1.1904761904761902e-11
160.9428198337555
Running simulation w/ ws = 3.268673e-01 and pmax = -6.122449e-09
-1.7006802721088427e-12
161.3669466972351
Running simulation w/ ws = 5.716429e-01 and pmax = -6.734694e-08
-1.8707482993197277e-11
160.9559187889099
Running simulation w/ ws = 1.024898e-01 and pmax = -2.653061e-08
-7.369614512471656e-12
161.19698858261108
Running simulation w/ ws = 8.164184e-01 and pmax = 4.693878e-08
1.3038548752834465e-11
161.17027616500854
Running simulation w/ ws = 2.089796e-02 and pmax = 7.551020e-08
2.0975056689342406e-11
162.1076717376709
Running simulation w/ ws = 8.572143e-01 and pmax = -5.918367e-08
-1.6439909297052154e-11
161.8919539451599
Running simulation w/ ws = 5.308469e-01 and pmax = -9.183673e-08
-2.5510204081632654e-11
160.87485790252686
160.30819296836853
159.03795623779297
46.093127727508545
Running simulation w/ ws = 7.348265e-01 and pmax = -1.020408e-08
-2.834467120181405e-12
Running simulation w/ ws = 9.184082e-01 and pmax = 4.285714e-08
1.1904761904761902e-11
Running simulation w/ ws = 7.756224e-01 and pmax = 9.591837e-08
2.6643990929705214e-11
Running simulation w/ ws = 4.288571e-01 and pmax = -7.142857e-08
-1.984126984126984e-11
158.5123040676117
Running simulation w/ ws = 8.980102e-01 and pmax = -7.959184e-08
-2.210884353741497e-11
159.22785663604736
Running simulation w/ ws = 1.432857e-01 and pmax = -5.918367e-08
-1.6439909297052154e-11
160.7965760231018
Running simulation w/ ws = 3.472653e-01 and pmax = -5.918367e-08
-1.6439909297052154e-11
161.6645803451538
Running simulation w/ ws = 5.716429e-01 and pmax = -4.693878e-08
-1.3038548752834467e-11
157.13008761405945
Running simulation w/ ws = 7.144286e-01 and pmax = 3.469388e-08
9.63718820861678e-12
159.34491205215454
Running simulation w/ ws = 3.676633e-01 and pmax = 7.959184e-08
2.210884353741497e-11
161.25747799873352
Running simulation w/ ws = 1.840816e-01 and pmax = -3.877551e-08
-1.0770975056689341e-11
161.381493806839
Running simulation w/ ws = 5.104490e-01 and pmax = -9.183673e-08
-2.5510204081632654e-11
157.78573632240295
Running simulation w/ ws = 2.248776e-01 and pmax = 6.122449e-09
1.7006802721088427e-12
157.9598138332367
Running simulation w/ ws = 6.124388e-01 and pmax = -5.510204e-08
-1.530612244897959e-11
160.88989520072937
Running simulation w/ ws = 8.164184e-01 and pmax = 9.183673e-08
2.5510204081632654e-11
162.37219071388245
Running simulation w/ ws = 1.024898e-01 and pmax = -1.836735e-08
-5.102040816326532e-12
157.98546695709229
Running simulation w/ ws = 9.388061e-01 and pmax = 4.693878e-08
1.3038548752834465e-11
159.12503910064697
Running simulation w/ ws = 1.024898e-01 and pmax = 3.469388e-08
9.63718820861678e-12
161.04265427589417
Running simulation w/ ws = 7.960204e-01 and pmax = 6.122449e-09
1.7006802721088427e-12
160.89311408996582
Running simulation w/ ws = 9.184082e-01 and pmax = 6.122449e-09
1.7006802721088427e-12
158.79558086395264
Running simulation w/ ws = 6.169388e-02 and pmax = -3.877551e-08
-1.0770975056689341e-11
159.2569272518158
Running simulation w/ ws = 2.860714e-01 and pmax = -1.000000e-07
-2.7777777777777777e-11
160.03559851646423
Running simulation w/ ws = 1.840816e-01 and pmax = 6.326531e-08
1.7573696145124714e-11
160.94065690040588
Running simulation w/ ws = 5.308469e-01 and pmax = -3.877551e-08
-1.0770975056689341e-11
161.48810005187988
Running simulation w/ ws = 9.184082e-01 and pmax = -7.142857e-08
-1.984126984126984e-11
161.45616722106934
Running simulation w/ ws = 8.776122e-01 and pmax = 6.122449e-09
1.7006802721088427e-12
161.65667510032654
Running simulation w/ ws = 8.164184e-01 and pmax = -1.428571e-08
-3.968253968253966e-12
161.32382726669312
Running simulation w/ ws = 7.756224e-01 and pmax = -5.918367e-08
-1.6439909297052154e-11
159.29125332832336
Running simulation w/ ws = 6.940306e-01 and pmax = -3.877551e-08
-1.0770975056689341e-11
159.616765499115
Running simulation w/ ws = 1.840816e-01 and pmax = -2.653061e-08
-7.369614512471656e-12
161.95231819152832
Running simulation w/ ws = 6.736327e-01 and pmax = -3.469388e-08
-9.63718820861678e-12
161.3633451461792
Running simulation w/ ws = 7.144286e-01 and pmax = -2.244898e-08
-6.2358276643990936e-12
157.49488520622253
Running simulation w/ ws = 3.472653e-01 and pmax = 7.959184e-08
2.210884353741497e-11
157.94647312164307
Running simulation w/ ws = 6.532347e-01 and pmax = -4.285714e-08
-1.1904761904761902e-11
159.199462890625
Running simulation w/ ws = 5.920408e-01 and pmax = -7.959184e-08
-2.210884353741497e-11
159.76432180404663
Running simulation w/ ws = 6.124388e-01 and pmax = 9.591837e-08
2.6643990929705214e-11
157.87433052062988
Running simulation w/ ws = 4.900510e-01 and pmax = -1.000000e-07
-2.7777777777777777e-11
157.4047486782074
Running simulation w/ ws = 5.000000e-04 and pmax = -6.326531e-08
-1.7573696145124717e-11
158.17868185043335
Running simulation w/ ws = 5.716429e-01 and pmax = 8.367347e-08
2.3242630385487528e-11
160.37646436691284
120.5180413722992
117.1287853717804
106.38497710227966
Running simulation w/ ws = 1.228878e-01 and pmax = -8.775510e-08
-2.437641723356009e-11
Running simulation w/ ws = 6.532347e-01 and pmax = -7.551020e-08
-2.0975056689342402e-11
Running simulation w/ ws = 5.000000e-04 and pmax = 4.285714e-08
1.1904761904761902e-11
Running simulation w/ ws = 7.756224e-01 and pmax = 2.653061e-08
7.369614512471656e-12
158.19461512565613
Running simulation w/ ws = 8.980102e-01 and pmax = 7.142857e-08
1.9841269841269843e-11
162.3318178653717
Running simulation w/ ws = 7.144286e-01 and pmax = -3.469388e-08
-9.63718820861678e-12
162.39986634254456
Running simulation w/ ws = 4.900510e-01 and pmax = 5.510204e-08
1.5306122448979588e-11
162.45640635490417
Running simulation w/ ws = 1.228878e-01 and pmax = 9.183673e-08
2.5510204081632654e-11
158.55691242218018
Running simulation w/ ws = 7.552245e-01 and pmax = -9.183673e-08
-2.5510204081632654e-11
161.19587230682373
Running simulation w/ ws = 3.880612e-01 and pmax = 7.142857e-08
1.9841269841269843e-11
162.00316214561462
Running simulation w/ ws = 7.348265e-01 and pmax = -1.000000e-07
-2.7777777777777777e-11
162.29160022735596
Running simulation w/ ws = 5.716429e-01 and pmax = 7.959184e-08
2.210884353741497e-11
158.90569233894348
Running simulation w/ ws = 5.308469e-01 and pmax = -5.918367e-08
-1.6439909297052154e-11
160.26900577545166
Running simulation w/ ws = 7.144286e-01 and pmax = -8.775510e-08
-2.437641723356009e-11
161.5029227733612
Running simulation w/ ws = 2.452755e-01 and pmax = -9.183673e-08
-2.5510204081632654e-11
163.50283241271973
Running simulation w/ ws = 1.840816e-01 and pmax = -4.285714e-08
-1.1904761904761902e-11
156.515150308609
Running simulation w/ ws = 8.209184e-02 and pmax = -9.591837e-08
-2.6643990929705214e-11
161.21938157081604
Running simulation w/ ws = 1.024898e-01 and pmax = 7.551020e-08
2.0975056689342406e-11
162.66270804405212
Running simulation w/ ws = 1.840816e-01 and pmax = -1.836735e-08
-5.102040816326532e-12
164.01815605163574
Running simulation w/ ws = 9.796020e-01 and pmax = -7.142857e-08
-1.984126984126984e-11
159.72003555297852
Running simulation w/ ws = 5.716429e-01 and pmax = 6.734694e-08
1.8707482993197283e-11
161.26685619354248
Running simulation w/ ws = 9.796020e-01 and pmax = 4.693878e-08
1.3038548752834465e-11
161.99207067489624
Running simulation w/ ws = 6.736327e-01 and pmax = 3.061224e-08
8.503401360544217e-12
163.72224855422974
Running simulation w/ ws = 9.184082e-01 and pmax = 5.510204e-08
1.5306122448979588e-11
160.05723309516907
Running simulation w/ ws = 3.064694e-01 and pmax = 3.877551e-08
1.0770975056689341e-11
160.75988483428955
Running simulation w/ ws = 3.268673e-01 and pmax = -7.142857e-08
-1.984126984126984e-11
161.59384679794312
Running simulation w/ ws = 6.532347e-01 and pmax = -4.693878e-08
-1.3038548752834467e-11
161.65169882774353
Running simulation w/ ws = 7.756224e-01 and pmax = -7.142857e-08
-1.984126984126984e-11
160.44523453712463
Running simulation w/ ws = 7.756224e-01 and pmax = -6.734694e-08
-1.8707482993197277e-11
160.64325141906738
Running simulation w/ ws = 8.776122e-01 and pmax = 6.326531e-08
1.7573696145124714e-11
161.05518174171448
Running simulation w/ ws = 5.000000e-04 and pmax = -6.122449e-09
-1.7006802721088427e-12
163.66560626029968
Running simulation w/ ws = 6.736327e-01 and pmax = -7.959184e-08
-2.210884353741497e-11
160.06674885749817
Running simulation w/ ws = 7.144286e-01 and pmax = -5.102041e-08
-1.4172335600907028e-11
161.45360779762268
Running simulation w/ ws = 8.368163e-01 and pmax = 7.551020e-08
2.0975056689342406e-11
161.90063381195068
Running simulation w/ ws = 6.940306e-01 and pmax = -8.775510e-08
-2.437641723356009e-11
163.15836215019226
Running simulation w/ ws = 5.920408e-01 and pmax = -1.000000e-07
-2.7777777777777777e-11
161.24760365486145
Running simulation w/ ws = 4.288571e-01 and pmax = -4.285714e-08
-1.1904761904761902e-11
160.59777688980103
160.8283634185791
154.84373140335083
52.482653856277466
Running simulation w/ ws = 1.636837e-01 and pmax = -2.244898e-08
-6.2358276643990936e-12
Running simulation w/ ws = 5.512449e-01 and pmax = -8.367347e-08
-2.3242630385487528e-11
Running simulation w/ ws = 8.368163e-01 and pmax = 5.918367e-08
1.643990929705215e-11
Running simulation w/ ws = 7.552245e-01 and pmax = 5.918367e-08
1.643990929705215e-11
158.16362738609314
Running simulation w/ ws = 3.676633e-01 and pmax = 8.775510e-08
2.437641723356009e-11
158.55091500282288
Running simulation w/ ws = 2.089796e-02 and pmax = -8.367347e-08
-2.3242630385487528e-11
159.15185117721558
Running simulation w/ ws = 2.452755e-01 and pmax = 5.102041e-08
1.4172335600907027e-11
161.92259168624878
Running simulation w/ ws = 1.432857e-01 and pmax = 1.428571e-08
3.96825396825397e-12
157.15996861457825
Running simulation w/ ws = 2.860714e-01 and pmax = -6.326531e-08
-1.7573696145124717e-11
158.9388792514801
Running simulation w/ ws = 3.064694e-01 and pmax = -3.877551e-08
-1.0770975056689341e-11
159.40141797065735
Running simulation w/ ws = 8.980102e-01 and pmax = 5.918367e-08
1.643990929705215e-11
160.2137291431427
Running simulation w/ ws = 6.328367e-01 and pmax = 2.653061e-08
7.369614512471656e-12
160.618079662323
Running simulation w/ ws = 9.796020e-01 and pmax = 1.020408e-08
2.834467120181405e-12
160.7459192276001
Running simulation w/ ws = 7.552245e-01 and pmax = -8.367347e-08
-2.3242630385487528e-11
160.25062203407288
Running simulation w/ ws = 4.492551e-01 and pmax = 6.326531e-08
1.7573696145124714e-11
161.12369418144226
Running simulation w/ ws = 7.552245e-01 and pmax = 1.428571e-08
3.96825396825397e-12
158.05521988868713
Running simulation w/ ws = 1.000000e+00 and pmax = -6.326531e-08
-1.7573696145124717e-11
158.51293206214905
Running simulation w/ ws = 7.960204e-01 and pmax = 3.061224e-08
8.503401360544217e-12
159.4789538383484
Running simulation w/ ws = 1.840816e-01 and pmax = 5.918367e-08
1.643990929705215e-11
160.1391921043396
Running simulation w/ ws = 1.840816e-01 and pmax = 2.244898e-08
6.2358276643990936e-12
159.7003083229065
Running simulation w/ ws = 6.532347e-01 and pmax = 7.959184e-08
2.210884353741497e-11
159.4786353111267
Running simulation w/ ws = 6.328367e-01 and pmax = -9.591837e-08
-2.6643990929705214e-11
157.81171011924744
Running simulation w/ ws = 5.920408e-01 and pmax = 4.285714e-08
1.1904761904761902e-11
160.10294008255005
Running simulation w/ ws = 8.209184e-02 and pmax = -6.122449e-09
-1.7006802721088427e-12
156.9975929260254
Running simulation w/ ws = 3.880612e-01 and pmax = 1.000000e-07
2.7777777777777777e-11
158.89055061340332
Running simulation w/ ws = 2.452755e-01 and pmax = -8.367347e-08
-2.3242630385487528e-11
159.23595666885376
Running simulation w/ ws = 7.552245e-01 and pmax = 9.591837e-08
2.6643990929705214e-11
160.91749262809753
Running simulation w/ ws = 6.124388e-01 and pmax = -6.734694e-08
-1.8707482993197277e-11
159.20180368423462
Running simulation w/ ws = 7.756224e-01 and pmax = 1.000000e-07
2.7777777777777777e-11
158.56354999542236
Running simulation w/ ws = 8.980102e-01 and pmax = 4.285714e-08
1.1904761904761902e-11
159.06464982032776
Running simulation w/ ws = 5.920408e-01 and pmax = -4.285714e-08
-1.1904761904761902e-11
159.90422344207764
Running simulation w/ ws = 4.084592e-01 and pmax = -8.775510e-08
-2.437641723356009e-11
160.01551246643066
Running simulation w/ ws = 6.736327e-01 and pmax = 7.142857e-08
1.9841269841269843e-11
158.54746270179749
Running simulation w/ ws = 5.716429e-01 and pmax = 6.122449e-09
1.7006802721088427e-12
159.89190292358398
Running simulation w/ ws = 7.552245e-01 and pmax = 2.653061e-08
7.369614512471656e-12
160.95879292488098
Running simulation w/ ws = 7.960204e-01 and pmax = -6.734694e-08
-1.8707482993197277e-11
159.26116943359375
Running simulation w/ ws = 3.268673e-01 and pmax = 6.326531e-08
1.7573696145124714e-11
158.40438389778137
Running simulation w/ ws = 5.308469e-01 and pmax = -1.020408e-08
-2.834467120181405e-12
159.74348640441895
Running simulation w/ ws = 1.636837e-01 and pmax = 1.428571e-08
3.96825396825397e-12
160.25916051864624
Running simulation w/ ws = 2.044796e-01 and pmax = 8.775510e-08
2.437641723356009e-11
148.97071623802185
150.384108543396
148.69342160224915
138.7785496711731
Running simulation w/ ws = 4.696531e-01 and pmax = 9.591837e-08
2.6643990929705214e-11
Running simulation w/ ws = 9.796020e-01 and pmax = 6.734694e-08
1.8707482993197283e-11
Running simulation w/ ws = 6.328367e-01 and pmax = 7.551020e-08
2.0975056689342406e-11
Running simulation w/ ws = 2.860714e-01 and pmax = -3.877551e-08
-1.0770975056689341e-11
153.60466265678406
Running simulation w/ ws = 7.348265e-01 and pmax = 1.000000e-07
2.7777777777777777e-11
155.80808305740356
Running simulation w/ ws = 4.492551e-01 and pmax = 4.285714e-08
1.1904761904761902e-11
162.46564841270447
Running simulation w/ ws = 2.452755e-01 and pmax = -1.020408e-08
-2.834467120181405e-12
167.29261231422424
Running simulation w/ ws = 2.452755e-01 and pmax = -1.836735e-08
-5.102040816326532e-12
158.7707540988922
Running simulation w/ ws = 5.308469e-01 and pmax = 3.877551e-08
1.0770975056689341e-11
159.3644757270813
Running simulation w/ ws = 6.940306e-01 and pmax = -6.326531e-08
-1.7573696145124717e-11
159.0138795375824
Running simulation w/ ws = 6.736327e-01 and pmax = -1.020408e-08
-2.834467120181405e-12
159.43680381774902
Running simulation w/ ws = 2.452755e-01 and pmax = 2.040816e-09
5.668934240362809e-13
147.63935375213623
Running simulation w/ ws = 6.940306e-01 and pmax = -7.142857e-08
-1.984126984126984e-11
149.65852117538452
Running simulation w/ ws = 2.044796e-01 and pmax = 3.469388e-08
9.63718820861678e-12
169.05787801742554
Running simulation w/ ws = 6.532347e-01 and pmax = -1.000000e-07
-2.7777777777777777e-11
170.4913306236267
Running simulation w/ ws = 5.512449e-01 and pmax = -1.428571e-08
-3.968253968253966e-12
157.10465097427368
Running simulation w/ ws = 4.084592e-01 and pmax = -2.040816e-09
-5.668934240362809e-13
157.8595540523529
Running simulation w/ ws = 5.512449e-01 and pmax = 4.285714e-08
1.1904761904761902e-11
158.48966932296753
Running simulation w/ ws = 2.044796e-01 and pmax = 9.591837e-08
2.6643990929705214e-11
160.01268482208252
Running simulation w/ ws = 3.880612e-01 and pmax = -7.959184e-08
-2.210884353741497e-11
157.85442686080933
Running simulation w/ ws = 1.432857e-01 and pmax = 6.734694e-08
1.8707482993197283e-11
158.33910131454468
Running simulation w/ ws = 8.980102e-01 and pmax = -6.734694e-08
-1.8707482993197277e-11
159.92699885368347
Running simulation w/ ws = 4.492551e-01 and pmax = -5.510204e-08
-1.530612244897959e-11
159.961496591568
Running simulation w/ ws = 3.880612e-01 and pmax = 1.428571e-08
3.96825396825397e-12
155.67204689979553
Running simulation w/ ws = 5.512449e-01 and pmax = 1.000000e-07
2.7777777777777777e-11
153.71227359771729
Running simulation w/ ws = 4.696531e-01 and pmax = -4.693878e-08
-1.3038548752834467e-11
153.37941932678223
Running simulation w/ ws = 8.572143e-01 and pmax = -5.102041e-08
-1.4172335600907028e-11
177.17629837989807
Running simulation w/ ws = 8.980102e-01 and pmax = -9.183673e-08
-2.5510204081632654e-11
158.49037313461304
Running simulation w/ ws = 8.368163e-01 and pmax = -2.244898e-08
-6.2358276643990936e-12
159.1409740447998
Running simulation w/ ws = 1.840816e-01 and pmax = 5.510204e-08
1.5306122448979588e-11
158.2084035873413
Running simulation w/ ws = 3.268673e-01 and pmax = 1.020408e-08
2.834467120181405e-12
160.59729599952698
Running simulation w/ ws = 8.572143e-01 and pmax = -6.326531e-08
-1.7573696145124717e-11
158.65285301208496
Running simulation w/ ws = 3.880612e-01 and pmax = -6.326531e-08
-1.7573696145124717e-11
159.3684139251709
Running simulation w/ ws = 9.796020e-01 and pmax = 4.285714e-08
1.1904761904761902e-11
157.79855799674988
Running simulation w/ ws = 7.348265e-01 and pmax = 8.775510e-08
2.437641723356009e-11
161.91895055770874
Running simulation w/ ws = 5.308469e-01 and pmax = -6.734694e-08
-1.8707482993197277e-11
151.62696027755737
Running simulation w/ ws = 8.209184e-02 and pmax = 9.591837e-08
2.6643990929705214e-11
157.5918698310852
Running simulation w/ ws = 3.472653e-01 and pmax = 3.469388e-08
9.63718820861678e-12
173.1831760406494
Running simulation w/ ws = 4.129592e-02 and pmax = 6.326531e-08
1.7573696145124714e-11
157.69237756729126
124.52141690254211
124.2833080291748
117.72090220451355
Running simulation w/ ws = 4.696531e-01 and pmax = 4.285714e-08
1.1904761904761902e-11
Running simulation w/ ws = 6.532347e-01 and pmax = -7.959184e-08
-2.210884353741497e-11
Running simulation w/ ws = 6.169388e-02 and pmax = 5.510204e-08
1.5306122448979588e-11
Running simulation w/ ws = 8.368163e-01 and pmax = -7.142857e-08
-1.984126984126984e-11
155.54144287109375
Running simulation w/ ws = 3.880612e-01 and pmax = -2.244898e-08
-6.2358276643990936e-12
156.95135641098022
Running simulation w/ ws = 5.716429e-01 and pmax = -7.551020e-08
-2.0975056689342402e-11
163.3543541431427
Running simulation w/ ws = 4.084592e-01 and pmax = 7.142857e-08
1.9841269841269843e-11
165.73505687713623
Running simulation w/ ws = 9.388061e-01 and pmax = -3.877551e-08
-1.0770975056689341e-11
159.05978226661682
Running simulation w/ ws = 4.696531e-01 and pmax = 7.551020e-08
2.0975056689342406e-11
160.25159192085266
Running simulation w/ ws = 1.840816e-01 and pmax = 4.693878e-08
1.3038548752834465e-11
159.84234189987183
Running simulation w/ ws = 9.184082e-01 and pmax = 1.000000e-07
2.7777777777777777e-11
160.53275156021118
Running simulation w/ ws = 5.716429e-01 and pmax = -1.428571e-08
-3.968253968253966e-12
160.08148622512817
Running simulation w/ ws = 1.000000e+00 and pmax = -3.061224e-08
-8.503401360544217e-12
160.25131797790527
Running simulation w/ ws = 4.696531e-01 and pmax = 5.918367e-08
1.643990929705215e-11
160.73455786705017
Running simulation w/ ws = 5.104490e-01 and pmax = -4.285714e-08
-1.1904761904761902e-11
161.32874584197998
Running simulation w/ ws = 7.960204e-01 and pmax = -8.367347e-08
-2.3242630385487528e-11
161.2213728427887
Running simulation w/ ws = 3.676633e-01 and pmax = 8.367347e-08
2.3242630385487528e-11
160.45956897735596
Running simulation w/ ws = 4.900510e-01 and pmax = -2.040816e-09
-5.668934240362809e-13
158.98947763442993
Running simulation w/ ws = 2.044796e-01 and pmax = -5.918367e-08
-1.6439909297052154e-11
162.3453586101532
Running simulation w/ ws = 6.124388e-01 and pmax = 4.693878e-08
1.3038548752834465e-11
159.21791577339172
Running simulation w/ ws = 4.288571e-01 and pmax = 3.469388e-08
9.63718820861678e-12
160.7821717262268
Running simulation w/ ws = 5.716429e-01 and pmax = -2.244898e-08
-6.2358276643990936e-12
159.36445665359497
Running simulation w/ ws = 7.552245e-01 and pmax = 8.367347e-08
2.3242630385487528e-11
161.68730807304382
Running simulation w/ ws = 3.064694e-01 and pmax = 2.653061e-08
7.369614512471656e-12
159.38384699821472
Running simulation w/ ws = 5.716429e-01 and pmax = 2.244898e-08
6.2358276643990936e-12
158.9569706916809
Running simulation w/ ws = 8.776122e-01 and pmax = 7.551020e-08
2.0975056689342406e-11
160.3780755996704
Running simulation w/ ws = 4.084592e-01 and pmax = -3.469388e-08
-9.63718820861678e-12
162.28506922721863
Running simulation w/ ws = 2.656735e-01 and pmax = 3.469388e-08
9.63718820861678e-12
166.39026308059692
Running simulation w/ ws = 2.044796e-01 and pmax = -1.000000e-07
-2.7777777777777777e-11
148.5471920967102
Running simulation w/ ws = 9.796020e-01 and pmax = 8.775510e-08
2.437641723356009e-11
165.3565230369568
Running simulation w/ ws = 1.840816e-01 and pmax = 9.183673e-08
2.5510204081632654e-11
166.07506561279297
Running simulation w/ ws = 5.308469e-01 and pmax = 5.102041e-08
1.4172335600907027e-11
160.01198148727417
Running simulation w/ ws = 1.432857e-01 and pmax = 5.102041e-08
1.4172335600907027e-11
160.28286957740784
Running simulation w/ ws = 3.268673e-01 and pmax = 6.734694e-08
1.8707482993197283e-11
163.90276622772217
Running simulation w/ ws = 6.169388e-02 and pmax = 2.653061e-08
7.369614512471656e-12
161.2691295146942
Running simulation w/ ws = 3.472653e-01 and pmax = 1.020408e-08
2.834467120181405e-12
158.9840018749237
Running simulation w/ ws = 8.980102e-01 and pmax = -3.877551e-08
-1.0770975056689341e-11
161.7811999320984
Running simulation w/ ws = 5.512449e-01 and pmax = 3.061224e-08
8.503401360544217e-12
162.1149299144745
160.8367359638214
76.31038284301758
75.92388081550598
Running simulation w/ ws = 8.572143e-01 and pmax = 3.061224e-08
8.503401360544217e-12
Running simulation w/ ws = 2.452755e-01 and pmax = -4.285714e-08
-1.1904761904761902e-11
Running simulation w/ ws = 3.880612e-01 and pmax = -5.918367e-08
-1.6439909297052154e-11
Running simulation w/ ws = 4.129592e-02 and pmax = -5.510204e-08
-1.530612244897959e-11
152.1143090724945
Running simulation w/ ws = 2.656735e-01 and pmax = 6.326531e-08
1.7573696145124714e-11
159.76154923439026
Running simulation w/ ws = 2.044796e-01 and pmax = -5.102041e-08
-1.4172335600907028e-11
160.49870586395264
Running simulation w/ ws = 9.592041e-01 and pmax = 8.367347e-08
2.3242630385487528e-11
162.77970933914185
Running simulation w/ ws = 5.308469e-01 and pmax = -7.959184e-08
-2.210884353741497e-11
158.94814491271973
Running simulation w/ ws = 7.348265e-01 and pmax = -9.183673e-08
-2.5510204081632654e-11
158.13201546669006
Running simulation w/ ws = 9.796020e-01 and pmax = 7.142857e-08
1.9841269841269843e-11
158.71703338623047
Running simulation w/ ws = 9.184082e-01 and pmax = 1.836735e-08
5.102040816326532e-12
157.56977152824402
Running simulation w/ ws = 6.328367e-01 and pmax = -4.285714e-08
-1.1904761904761902e-11
156.96028876304626
Running simulation w/ ws = 4.492551e-01 and pmax = -5.102041e-08
-1.4172335600907028e-11
157.84566354751587
Running simulation w/ ws = 3.472653e-01 and pmax = 5.102041e-08
1.4172335600907027e-11
160.0463352203369
Running simulation w/ ws = 1.432857e-01 and pmax = -2.040816e-09
-5.668934240362809e-13
157.94533777236938
Running simulation w/ ws = 4.084592e-01 and pmax = -1.000000e-07
-2.7777777777777777e-11
157.69777369499207
Running simulation w/ ws = 8.368163e-01 and pmax = 3.061224e-08
8.503401360544217e-12
158.12073349952698
Running simulation w/ ws = 7.348265e-01 and pmax = -9.591837e-08
-2.6643990929705214e-11
159.9561071395874
Running simulation w/ ws = 8.980102e-01 and pmax = 8.367347e-08
2.3242630385487528e-11
160.55236291885376
Running simulation w/ ws = 7.960204e-01 and pmax = 2.244898e-08
6.2358276643990936e-12
157.46922707557678
Running simulation w/ ws = 6.328367e-01 and pmax = -2.244898e-08
-6.2358276643990936e-12
158.55742073059082
Running simulation w/ ws = 7.144286e-01 and pmax = 2.653061e-08
7.369614512471656e-12
160.65416717529297
Running simulation w/ ws = 8.164184e-01 and pmax = 2.040816e-09
5.668934240362809e-13
160.75028681755066
Running simulation w/ ws = 4.900510e-01 and pmax = -7.959184e-08
-2.210884353741497e-11
157.24287366867065
Running simulation w/ ws = 5.512449e-01 and pmax = 5.510204e-08
1.5306122448979588e-11
158.21064805984497
Running simulation w/ ws = 5.920408e-01 and pmax = 7.959184e-08
2.210884353741497e-11
156.69854283332825
Running simulation w/ ws = 9.796020e-01 and pmax = 1.000000e-07
2.7777777777777777e-11
160.68053722381592
Running simulation w/ ws = 7.144286e-01 and pmax = 5.102041e-08
1.4172335600907027e-11
160.26393055915833
Running simulation w/ ws = 2.248776e-01 and pmax = 3.877551e-08
1.0770975056689341e-11
158.23673725128174
Running simulation w/ ws = 8.572143e-01 and pmax = 8.775510e-08
2.437641723356009e-11
159.45982789993286
Running simulation w/ ws = 9.592041e-01 and pmax = 9.591837e-08
2.6643990929705214e-11
161.5582938194275
Running simulation w/ ws = 4.084592e-01 and pmax = 2.040816e-09
5.668934240362809e-13
158.8783676624298
Running simulation w/ ws = 9.388061e-01 and pmax = -7.959184e-08
-2.210884353741497e-11
158.36675763130188
Running simulation w/ ws = 8.164184e-01 and pmax = 3.877551e-08
1.0770975056689341e-11
160.1415936946869
Running simulation w/ ws = 8.980102e-01 and pmax = -5.510204e-08
-1.530612244897959e-11
158.32548642158508
Running simulation w/ ws = 6.532347e-01 and pmax = -1.836735e-08
-5.102040816326532e-12
160.49617886543274
Running simulation w/ ws = 3.880612e-01 and pmax = 5.102041e-08
1.4172335600907027e-11
158.6656036376953
Running simulation w/ ws = 5.512449e-01 and pmax = -4.693878e-08
-1.3038548752834467e-11
160.1648654937744
Running simulation w/ ws = 2.656735e-01 and pmax = -2.040816e-09
-5.668934240362809e-13
162.10642743110657
Running simulation w/ ws = 1.024898e-01 and pmax = 2.653061e-08
7.369614512471656e-12
149.1169126033783
148.00281190872192
146.8251438140869
139.7395522594452
Running simulation w/ ws = 1.024898e-01 and pmax = -1.428571e-08
-3.968253968253966e-12
Running simulation w/ ws = 8.209184e-02 and pmax = 8.775510e-08
2.437641723356009e-11
Running simulation w/ ws = 8.572143e-01 and pmax = -7.551020e-08
-2.0975056689342402e-11
Running simulation w/ ws = 2.089796e-02 and pmax = -7.551020e-08
-2.0975056689342402e-11
154.14839005470276
Running simulation w/ ws = 3.676633e-01 and pmax = -2.040816e-09
-5.668934240362809e-13
155.6818287372589
Running simulation w/ ws = 4.129592e-02 and pmax = 2.040816e-09
5.668934240362809e-13
157.10709381103516
Running simulation w/ ws = 6.736327e-01 and pmax = 2.653061e-08
7.369614512471656e-12
173.4207363128662
Running simulation w/ ws = 8.980102e-01 and pmax = -5.102041e-08
-1.4172335600907028e-11
157.82657599449158
Running simulation w/ ws = 4.288571e-01 and pmax = 8.775510e-08
2.437641723356009e-11
156.66189336776733
Running simulation w/ ws = 9.388061e-01 and pmax = 5.102041e-08
1.4172335600907027e-11
160.23618388175964
Running simulation w/ ws = 8.164184e-01 and pmax = -7.142857e-08
-1.984126984126984e-11
160.37082862854004
Running simulation w/ ws = 5.000000e-04 and pmax = -4.285714e-08
-1.1904761904761902e-11
158.21535801887512
Running simulation w/ ws = 3.472653e-01 and pmax = -2.040816e-09
-5.668934240362809e-13
156.7714397907257
Running simulation w/ ws = 4.696531e-01 and pmax = 8.367347e-08
2.3242630385487528e-11
160.00169849395752
Running simulation w/ ws = 1.432857e-01 and pmax = 1.836735e-08
5.102040816326532e-12
160.90931725502014
Running simulation w/ ws = 8.164184e-01 and pmax = -1.020408e-08
-2.834467120181405e-12
156.37525868415833
Running simulation w/ ws = 7.144286e-01 and pmax = -3.877551e-08
-1.0770975056689341e-11
158.38438153266907
Running simulation w/ ws = 9.796020e-01 and pmax = -4.285714e-08
-1.1904761904761902e-11
160.62993049621582
Running simulation w/ ws = 1.000000e+00 and pmax = 5.510204e-08
1.5306122448979588e-11
160.857346534729
Running simulation w/ ws = 4.288571e-01 and pmax = 8.367347e-08
2.3242630385487528e-11
157.15277075767517
Running simulation w/ ws = 1.636837e-01 and pmax = -5.510204e-08
-1.530612244897959e-11
158.29835987091064
Running simulation w/ ws = 7.756224e-01 and pmax = -2.244898e-08
-6.2358276643990936e-12
160.52188205718994
Running simulation w/ ws = 2.860714e-01 and pmax = -7.959184e-08
-2.210884353741497e-11
159.86845111846924
Running simulation w/ ws = 5.920408e-01 and pmax = -5.510204e-08
-1.530612244897959e-11
157.49766993522644
Running simulation w/ ws = 5.920408e-01 and pmax = -1.836735e-08
-5.102040816326532e-12
158.37894082069397
Running simulation w/ ws = 3.268673e-01 and pmax = -7.551020e-08
-2.0975056689342402e-11
160.25094056129456
Running simulation w/ ws = 2.248776e-01 and pmax = -4.285714e-08
-1.1904761904761902e-11
161.54229712486267
Running simulation w/ ws = 5.512449e-01 and pmax = -9.183673e-08
-2.5510204081632654e-11
157.38581347465515
Running simulation w/ ws = 1.024898e-01 and pmax = -1.000000e-07
-2.7777777777777777e-11
157.64229559898376
Running simulation w/ ws = 9.592041e-01 and pmax = 7.959184e-08
2.210884353741497e-11
159.84336876869202
Running simulation w/ ws = 7.348265e-01 and pmax = 3.877551e-08
1.0770975056689341e-11
160.25388360023499
Running simulation w/ ws = 5.512449e-01 and pmax = -8.775510e-08
-2.437641723356009e-11
158.69864988327026
Running simulation w/ ws = 1.636837e-01 and pmax = 5.102041e-08
1.4172335600907027e-11
158.52571415901184
Running simulation w/ ws = 3.064694e-01 and pmax = 6.326531e-08
1.7573696145124714e-11
160.3434579372406
Running simulation w/ ws = 5.716429e-01 and pmax = -6.122449e-09
-1.7006802721088427e-12
159.65678000450134
Running simulation w/ ws = 7.144286e-01 and pmax = 9.591837e-08
2.6643990929705214e-11
158.66079783439636
Running simulation w/ ws = 5.104490e-01 and pmax = -5.918367e-08
-1.6439909297052154e-11
157.2958483695984
Running simulation w/ ws = 9.592041e-01 and pmax = 5.510204e-08
1.5306122448979588e-11
160.6891679763794
Running simulation w/ ws = 2.089796e-02 and pmax = -1.428571e-08
-3.968253968253966e-12
160.2252151966095
125.29786276817322
123.83111214637756
108.41966962814331
Running simulation w/ ws = 4.288571e-01 and pmax = 1.428571e-08
3.96825396825397e-12
Running simulation w/ ws = 8.776122e-01 and pmax = -3.061224e-08
-8.503401360544217e-12
Running simulation w/ ws = 5.308469e-01 and pmax = 2.040816e-09
5.668934240362809e-13
Running simulation w/ ws = 9.592041e-01 and pmax = -5.510204e-08
-1.530612244897959e-11
157.4353973865509
Running simulation w/ ws = 3.268673e-01 and pmax = 2.653061e-08
7.369614512471656e-12
158.0043590068817
Running simulation w/ ws = 8.776122e-01 and pmax = -3.877551e-08
-1.0770975056689341e-11
158.30373454093933
Running simulation w/ ws = 3.880612e-01 and pmax = 9.183673e-08
2.5510204081632654e-11
164.67657113075256
Running simulation w/ ws = 2.248776e-01 and pmax = -4.693878e-08
-1.3038548752834467e-11
157.73868227005005
Running simulation w/ ws = 9.796020e-01 and pmax = 2.040816e-09
5.668934240362809e-13
159.4618787765503
Running simulation w/ ws = 1.228878e-01 and pmax = 1.020408e-08
2.834467120181405e-12
160.23565983772278
Running simulation w/ ws = 1.636837e-01 and pmax = 6.122449e-09
1.7006802721088427e-12
157.63344264030457
Running simulation w/ ws = 3.472653e-01 and pmax = 8.367347e-08
2.3242630385487528e-11
160.84633994102478
Running simulation w/ ws = 8.209184e-02 and pmax = 8.367347e-08
2.3242630385487528e-11
160.05571126937866
Running simulation w/ ws = 2.860714e-01 and pmax = -2.040816e-09
-5.668934240362809e-13
159.7598488330841
Running simulation w/ ws = 8.776122e-01 and pmax = -4.285714e-08
-1.1904761904761902e-11
157.88380813598633
Running simulation w/ ws = 2.656735e-01 and pmax = -7.551020e-08
-2.0975056689342402e-11
157.86204528808594
Running simulation w/ ws = 4.084592e-01 and pmax = 6.122449e-09
1.7006802721088427e-12
159.4673388004303
Running simulation w/ ws = 5.920408e-01 and pmax = -1.020408e-08
-2.834467120181405e-12
159.7849681377411
Running simulation w/ ws = 5.716429e-01 and pmax = -3.061224e-08
-8.503401360544217e-12
158.72623348236084
Running simulation w/ ws = 2.044796e-01 and pmax = 9.183673e-08
2.5510204081632654e-11
159.2690351009369
Running simulation w/ ws = 7.348265e-01 and pmax = -2.244898e-08
-6.2358276643990936e-12
158.66980814933777
Running simulation w/ ws = 5.104490e-01 and pmax = -6.734694e-08
-1.8707482993197277e-11
156.58834528923035
Running simulation w/ ws = 2.044796e-01 and pmax = 1.836735e-08
5.102040816326532e-12
160.11060643196106
Running simulation w/ ws = 2.248776e-01 and pmax = -6.326531e-08
-1.7573696145124717e-11
158.57807564735413
Running simulation w/ ws = 6.328367e-01 and pmax = -5.102041e-08
-1.4172335600907028e-11
158.64618682861328
Running simulation w/ ws = 7.552245e-01 and pmax = 7.142857e-08
1.9841269841269843e-11
159.97602128982544
Running simulation w/ ws = 8.209184e-02 and pmax = 3.469388e-08
9.63718820861678e-12
158.94678664207458
Running simulation w/ ws = 5.104490e-01 and pmax = -6.122449e-09
-1.7006802721088427e-12
157.10597467422485
Running simulation w/ ws = 4.129592e-02 and pmax = -6.734694e-08
-1.8707482993197277e-11
159.20171308517456
Running simulation w/ ws = 6.328367e-01 and pmax = 3.061224e-08
8.503401360544217e-12
158.28565979003906
Running simulation w/ ws = 3.472653e-01 and pmax = -1.020408e-08
-2.834467120181405e-12
161.00997638702393
Running simulation w/ ws = 5.308469e-01 and pmax = -7.142857e-08
-1.984126984126984e-11
157.88292407989502
Running simulation w/ ws = 5.000000e-04 and pmax = -2.244898e-08
-6.2358276643990936e-12
159.05739402770996
Running simulation w/ ws = 3.064694e-01 and pmax = -1.428571e-08
-3.968253968253966e-12
160.11313676834106
Running simulation w/ ws = 6.124388e-01 and pmax = -8.367347e-08
-2.3242630385487528e-11
160.66118550300598
Running simulation w/ ws = 8.572143e-01 and pmax = -6.734694e-08
-1.8707482993197277e-11
155.8368353843689
Running simulation w/ ws = 8.164184e-01 and pmax = 5.510204e-08
1.5306122448979588e-11
157.1472189426422
Running simulation w/ ws = 2.452755e-01 and pmax = 6.326531e-08
1.7573696145124714e-11
158.6087019443512
Running simulation w/ ws = 8.776122e-01 and pmax = 4.285714e-08
1.1904761904761902e-11
158.80891585350037
Running simulation w/ ws = 6.328367e-01 and pmax = 1.000000e-07
2.7777777777777777e-11
152.61240935325623
150.01519012451172
146.47205090522766
143.06752943992615
Running simulation w/ ws = 7.348265e-01 and pmax = 2.244898e-08
6.2358276643990936e-12
Running simulation w/ ws = 5.920408e-01 and pmax = 2.040816e-09
5.668934240362809e-13
Running simulation w/ ws = 9.388061e-01 and pmax = 7.551020e-08
2.0975056689342406e-11
Running simulation w/ ws = 2.089796e-02 and pmax = -3.877551e-08
-1.0770975056689341e-11
155.94502115249634
Running simulation w/ ws = 1.432857e-01 and pmax = -8.367347e-08
-2.3242630385487528e-11
158.32581901550293
Running simulation w/ ws = 5.000000e-04 and pmax = 2.040816e-09
5.668934240362809e-13
161.28579592704773
Running simulation w/ ws = 7.552245e-01 and pmax = -6.326531e-08
-1.7573696145124717e-11
163.49389362335205
Running simulation w/ ws = 4.696531e-01 and pmax = 5.102041e-08
1.4172335600907027e-11
159.4536316394806
Running simulation w/ ws = 6.736327e-01 and pmax = -9.183673e-08
-2.5510204081632654e-11
158.4104630947113
Running simulation w/ ws = 3.880612e-01 and pmax = -2.653061e-08
-7.369614512471656e-12
159.25039768218994
Running simulation w/ ws = 1.000000e+00 and pmax = -1.428571e-08
-3.968253968253966e-12
160.27340698242188
Running simulation w/ ws = 2.248776e-01 and pmax = -7.959184e-08
-2.210884353741497e-11
158.33948373794556
Running simulation w/ ws = 4.288571e-01 and pmax = -5.510204e-08
-1.530612244897959e-11
160.489116191864
Running simulation w/ ws = 4.492551e-01 and pmax = -1.020408e-08
-2.834467120181405e-12
160.41624855995178
Running simulation w/ ws = 8.164184e-01 and pmax = -3.877551e-08
-1.0770975056689341e-11
159.54947519302368
Running simulation w/ ws = 8.209184e-02 and pmax = 9.183673e-08
2.5510204081632654e-11
159.20229482650757
Running simulation w/ ws = 8.164184e-01 and pmax = -3.469388e-08
-9.63718820861678e-12
159.42194485664368
Running simulation w/ ws = 3.472653e-01 and pmax = -2.244898e-08
-6.2358276643990936e-12
159.90957832336426
Running simulation w/ ws = 4.696531e-01 and pmax = 2.040816e-09
5.668934240362809e-13
161.44749212265015
Running simulation w/ ws = 8.980102e-01 and pmax = -4.693878e-08
-1.3038548752834467e-11
159.95844960212708
Running simulation w/ ws = 7.552245e-01 and pmax = 7.959184e-08
2.210884353741497e-11
160.96562027931213
Running simulation w/ ws = 5.000000e-04 and pmax = -3.877551e-08
-1.0770975056689341e-11
160.48045182228088
Running simulation w/ ws = 4.492551e-01 and pmax = -6.326531e-08
-1.7573696145124717e-11
157.4960916042328
Running simulation w/ ws = 6.124388e-01 and pmax = 7.551020e-08
2.0975056689342406e-11
158.55847334861755
Running simulation w/ ws = 6.169388e-02 and pmax = -2.653061e-08
-7.369614512471656e-12
160.76964116096497
Running simulation w/ ws = 3.064694e-01 and pmax = 7.959184e-08
2.210884353741497e-11
159.53736877441406
Running simulation w/ ws = 6.328367e-01 and pmax = 3.877551e-08
1.0770975056689341e-11
160.6314239501953
Running simulation w/ ws = 3.268673e-01 and pmax = 9.591837e-08
2.6643990929705214e-11
159.51657342910767
Running simulation w/ ws = 8.980102e-01 and pmax = 7.959184e-08
2.210884353741497e-11
158.93865489959717
Running simulation w/ ws = 6.169388e-02 and pmax = 3.061224e-08
8.503401360544217e-12
159.5502552986145
Running simulation w/ ws = 9.184082e-01 and pmax = -6.734694e-08
-1.8707482993197277e-11
160.45666360855103
Running simulation w/ ws = 4.900510e-01 and pmax = 2.653061e-08
7.369614512471656e-12
158.1690332889557
Running simulation w/ ws = 5.104490e-01 and pmax = -1.020408e-08
-2.834467120181405e-12
159.87610292434692
Running simulation w/ ws = 9.184082e-01 and pmax = -6.326531e-08
-1.7573696145124717e-11
161.17296314239502
Running simulation w/ ws = 8.980102e-01 and pmax = 5.510204e-08
1.5306122448979588e-11
161.05586123466492
Running simulation w/ ws = 2.860714e-01 and pmax = -9.183673e-08
-2.5510204081632654e-11
160.51139187812805
Running simulation w/ ws = 4.696531e-01 and pmax = 5.510204e-08
1.5306122448979588e-11
161.26207900047302
Running simulation w/ ws = 1.636837e-01 and pmax = -3.469388e-08
-9.63718820861678e-12
158.6587896347046
Running simulation w/ ws = 2.248776e-01 and pmax = -3.469388e-08
-9.63718820861678e-12
159.36940789222717
Running simulation w/ ws = 8.209184e-02 and pmax = 3.061224e-08
8.503401360544217e-12
149.61718654632568
148.25604224205017
147.65060925483704
144.9658842086792
Running simulation w/ ws = 1.228878e-01 and pmax = 3.877551e-08
1.0770975056689341e-11
Running simulation w/ ws = 2.452755e-01 and pmax = -5.918367e-08
-1.6439909297052154e-11
Running simulation w/ ws = 6.736327e-01 and pmax = -1.836735e-08
-5.102040816326532e-12
Running simulation w/ ws = 8.776122e-01 and pmax = 9.183673e-08
2.5510204081632654e-11
158.62740969657898
Running simulation w/ ws = 1.228878e-01 and pmax = 1.428571e-08
3.96825396825397e-12
161.18763256072998
Running simulation w/ ws = 7.960204e-01 and pmax = 1.020408e-08
2.834467120181405e-12
164.8715898990631
Running simulation w/ ws = 1.432857e-01 and pmax = -3.061224e-08
-8.503401360544217e-12
166.53603863716125
Running simulation w/ ws = 4.084592e-01 and pmax = 1.836735e-08
5.102040816326532e-12
158.89044499397278
Running simulation w/ ws = 5.000000e-04 and pmax = -3.469388e-08
-9.63718820861678e-12
161.29864382743835
Running simulation w/ ws = 8.776122e-01 and pmax = -8.775510e-08
-2.437641723356009e-11
160.78090500831604
Running simulation w/ ws = 2.248776e-01 and pmax = 8.367347e-08
2.3242630385487528e-11
164.91187500953674
Running simulation w/ ws = 1.000000e+00 and pmax = 3.061224e-08
8.503401360544217e-12
151.44179129600525
Running simulation w/ ws = 4.129592e-02 and pmax = 5.102041e-08
1.4172335600907027e-11
164.581068277359
Running simulation w/ ws = 6.169388e-02 and pmax = -5.510204e-08
-1.530612244897959e-11
164.33091378211975
Running simulation w/ ws = 8.368163e-01 and pmax = -1.836735e-08
-5.102040816326532e-12
156.15574669837952
Running simulation w/ ws = 6.169388e-02 and pmax = 4.285714e-08
1.1904761904761902e-11
159.8804430961609
Running simulation w/ ws = 4.129592e-02 and pmax = 7.959184e-08
2.210884353741497e-11
157.43102025985718
Running simulation w/ ws = 9.388061e-01 and pmax = -3.061224e-08
-8.503401360544217e-12
157.35049486160278
Running simulation w/ ws = 4.084592e-01 and pmax = -5.510204e-08
-1.530612244897959e-11
163.52864503860474
Running simulation w/ ws = 5.308469e-01 and pmax = 6.326531e-08
1.7573696145124714e-11
160.1166491508484
Running simulation w/ ws = 5.920408e-01 and pmax = 5.510204e-08
1.5306122448979588e-11
157.7578477859497
Running simulation w/ ws = 8.572143e-01 and pmax = 7.959184e-08
2.210884353741497e-11
157.9816541671753
Running simulation w/ ws = 7.960204e-01 and pmax = -9.183673e-08
-2.5510204081632654e-11
162.13144421577454
Running simulation w/ ws = 3.268673e-01 and pmax = -9.591837e-08
-2.6643990929705214e-11
158.62825560569763
Running simulation w/ ws = 1.636837e-01 and pmax = -8.367347e-08
-2.3242630385487528e-11
160.52784061431885
Running simulation w/ ws = 9.388061e-01 and pmax = 1.836735e-08
5.102040816326532e-12
157.03902411460876
Running simulation w/ ws = 7.756224e-01 and pmax = 7.142857e-08
1.9841269841269843e-11
162.5090913772583
Running simulation w/ ws = 4.900510e-01 and pmax = -2.244898e-08
-6.2358276643990936e-12
158.0342333316803
Running simulation w/ ws = 6.736327e-01 and pmax = -9.591837e-08
-2.6643990929705214e-11
159.70086884498596
Running simulation w/ ws = 3.880612e-01 and pmax = 7.551020e-08
2.0975056689342406e-11
158.63994002342224
Running simulation w/ ws = 8.776122e-01 and pmax = 2.653061e-08
7.369614512471656e-12
162.02384448051453
Running simulation w/ ws = 2.248776e-01 and pmax = 2.040816e-09
5.668934240362809e-13
158.52181029319763
Running simulation w/ ws = 1.024898e-01 and pmax = -7.142857e-08
-1.984126984126984e-11
158.41087174415588
Running simulation w/ ws = 6.124388e-01 and pmax = 2.040816e-09
5.668934240362809e-13
160.98960494995117
Running simulation w/ ws = 5.716429e-01 and pmax = 5.918367e-08
1.643990929705215e-11
162.14765310287476
Running simulation w/ ws = 1.636837e-01 and pmax = 2.653061e-08
7.369614512471656e-12
158.17356300354004
Running simulation w/ ws = 7.960204e-01 and pmax = 7.959184e-08
2.210884353741497e-11
159.28117632865906
Running simulation w/ ws = 8.572143e-01 and pmax = 2.653061e-08
7.369614512471656e-12
161.36632132530212
Running simulation w/ ws = 1.432857e-01 and pmax = 8.367347e-08
2.3242630385487528e-11
163.36573600769043
120.94842648506165
118.10602355003357
114.91430568695068
Running simulation w/ ws = 8.368163e-01 and pmax = 8.775510e-08
2.437641723356009e-11
Running simulation w/ ws = 5.716429e-01 and pmax = -1.836735e-08
-5.102040816326532e-12
Running simulation w/ ws = 6.169388e-02 and pmax = -9.591837e-08
-2.6643990929705214e-11
Running simulation w/ ws = 5.000000e-04 and pmax = 2.653061e-08
7.369614512471656e-12
161.76676392555237
Running simulation w/ ws = 9.388061e-01 and pmax = -3.469388e-08
-9.63718820861678e-12
163.01602005958557
Running simulation w/ ws = 3.268673e-01 and pmax = 5.510204e-08
1.5306122448979588e-11
163.35626530647278
Running simulation w/ ws = 1.432857e-01 and pmax = 2.040816e-09
5.668934240362809e-13
163.47264504432678
Running simulation w/ ws = 9.796020e-01 and pmax = 1.836735e-08
5.102040816326532e-12
159.84103107452393
Running simulation w/ ws = 3.676633e-01 and pmax = 4.285714e-08
1.1904761904761902e-11
160.29824542999268
Running simulation w/ ws = 4.084592e-01 and pmax = 3.061224e-08
8.503401360544217e-12
162.22656869888306
161.75971460342407
Running simulation w/ ws = 8.368163e-01 and pmax = 2.040816e-09
5.668934240362809e-13
Running simulation w/ ws = 3.064694e-01 and pmax = 4.285714e-08
1.1904761904761902e-11
157.27284121513367
Running simulation w/ ws = 3.676633e-01 and pmax = -9.183673e-08
-2.5510204081632654e-11
157.0443742275238
Running simulation w/ ws = 9.592041e-01 and pmax = -1.428571e-08
-3.968253968253966e-12
159.7675802707672
Running simulation w/ ws = 4.084592e-01 and pmax = 3.877551e-08
1.0770975056689341e-11
161.89520597457886
Running simulation w/ ws = 4.129592e-02 and pmax = 2.244898e-08
6.2358276643990936e-12
157.51741337776184
Running simulation w/ ws = 6.328367e-01 and pmax = -3.469388e-08
-9.63718820861678e-12
158.28497219085693
Running simulation w/ ws = 5.512449e-01 and pmax = 1.428571e-08
3.96825396825397e-12
159.79183769226074
Running simulation w/ ws = 1.228878e-01 and pmax = 5.102041e-08
1.4172335600907027e-11
160.92702627182007
Running simulation w/ ws = 8.980102e-01 and pmax = 8.775510e-08
2.437641723356009e-11
157.40888738632202
Running simulation w/ ws = 5.512449e-01 and pmax = 7.959184e-08
2.210884353741497e-11
158.95073795318604
Running simulation w/ ws = 7.756224e-01 and pmax = -3.469388e-08
-9.63718820861678e-12
160.21695494651794
Running simulation w/ ws = 2.452755e-01 and pmax = 9.591837e-08
2.6643990929705214e-11
160.6224570274353
Running simulation w/ ws = 8.980102e-01 and pmax = -3.061224e-08
-8.503401360544217e-12
156.98755860328674
Running simulation w/ ws = 7.552245e-01 and pmax = 3.061224e-08
8.503401360544217e-12
159.0516073703766
Running simulation w/ ws = 3.676633e-01 and pmax = -2.653061e-08
-7.369614512471656e-12
160.25895380973816
Running simulation w/ ws = 6.169388e-02 and pmax = 1.000000e-07
2.7777777777777777e-11
161.09378576278687
Running simulation w/ ws = 7.756224e-01 and pmax = 6.122449e-09
1.7006802721088427e-12
158.2252995967865
Running simulation w/ ws = 1.228878e-01 and pmax = -9.591837e-08
-2.6643990929705214e-11
158.4294855594635
Running simulation w/ ws = 8.980102e-01 and pmax = 3.877551e-08
1.0770975056689341e-11
158.93794751167297
Running simulation w/ ws = 9.388061e-01 and pmax = 2.653061e-08
7.369614512471656e-12
161.3726406097412
Running simulation w/ ws = 1.024898e-01 and pmax = 4.693878e-08
1.3038548752834465e-11
158.0428409576416
Running simulation w/ ws = 9.184082e-01 and pmax = 6.326531e-08
1.7573696145124714e-11
159.6842589378357
Running simulation w/ ws = 6.940306e-01 and pmax = -3.061224e-08
-8.503401360544217e-12
160.22134113311768
Running simulation w/ ws = 9.388061e-01 and pmax = -1.428571e-08
-3.968253968253966e-12
160.70365238189697
Running simulation w/ ws = 1.840816e-01 and pmax = 7.142857e-08
1.9841269841269843e-11
157.96548748016357
Running simulation w/ ws = 6.532347e-01 and pmax = -3.877551e-08
-1.0770975056689341e-11
159.42834568023682
Running simulation w/ ws = 9.796020e-01 and pmax = -6.122449e-09
-1.7006802721088427e-12
159.97554302215576
Running simulation w/ ws = 1.432857e-01 and pmax = 1.020408e-08
2.834467120181405e-12
161.36810064315796
122.18054604530334
114.96557116508484
108.21893525123596
Running simulation w/ ws = 3.064694e-01 and pmax = -8.367347e-08
-2.3242630385487528e-11
Running simulation w/ ws = 6.328367e-01 and pmax = 6.326531e-08
1.7573696145124714e-11
Running simulation w/ ws = 9.388061e-01 and pmax = 4.285714e-08
1.1904761904761902e-11
Running simulation w/ ws = 2.089796e-02 and pmax = 5.510204e-08
1.5306122448979588e-11
157.66311120986938
Running simulation w/ ws = 2.452755e-01 and pmax = 4.693878e-08
1.3038548752834465e-11
159.14672350883484
Running simulation w/ ws = 4.288571e-01 and pmax = 6.326531e-08
1.7573696145124714e-11
159.2661373615265
Running simulation w/ ws = 7.756224e-01 and pmax = -5.102041e-08
-1.4172335600907028e-11
159.37814450263977
Running simulation w/ ws = 3.268673e-01 and pmax = -3.469388e-08
-9.63718820861678e-12
158.34301471710205
Running simulation w/ ws = 5.512449e-01 and pmax = -3.877551e-08
-1.0770975056689341e-11
159.2598011493683
Running simulation w/ ws = 3.880612e-01 and pmax = -8.775510e-08
-2.437641723356009e-11
159.6197509765625
Running simulation w/ ws = 5.716429e-01 and pmax = 1.020408e-08
2.834467120181405e-12
160.56691002845764
Running simulation w/ ws = 7.756224e-01 and pmax = -7.551020e-08
-2.0975056689342402e-11
156.80064582824707
Running simulation w/ ws = 5.716429e-01 and pmax = 1.836735e-08
5.102040816326532e-12
158.93741989135742
Running simulation w/ ws = 1.636837e-01 and pmax = -1.000000e-07
-2.7777777777777777e-11
159.98986625671387
Running simulation w/ ws = 6.124388e-01 and pmax = -7.142857e-08
-1.984126984126984e-11
160.41759419441223
Running simulation w/ ws = 1.000000e+00 and pmax = -8.367347e-08
-2.3242630385487528e-11
156.19763946533203
Running simulation w/ ws = 3.064694e-01 and pmax = 9.591837e-08
2.6643990929705214e-11
158.18126797676086
Running simulation w/ ws = 2.044796e-01 and pmax = 3.061224e-08
8.503401360544217e-12
159.9753406047821
Running simulation w/ ws = 1.636837e-01 and pmax = 9.591837e-08
2.6643990929705214e-11
160.74707412719727
Running simulation w/ ws = 1.000000e+00 and pmax = 3.469388e-08
9.63718820861678e-12
158.78112769126892
Running simulation w/ ws = 3.268673e-01 and pmax = -9.183673e-08
-2.5510204081632654e-11
159.49838376045227
Running simulation w/ ws = 9.184082e-01 and pmax = -9.591837e-08
-2.6643990929705214e-11
160.9798231124878
Running simulation w/ ws = 9.592041e-01 and pmax = -2.653061e-08
-7.369614512471656e-12
162.78091716766357
Running simulation w/ ws = 5.308469e-01 and pmax = -8.775510e-08
-2.437641723356009e-11
158.9234139919281
Running simulation w/ ws = 5.000000e-04 and pmax = -5.102041e-08
-1.4172335600907028e-11
161.62728595733643
Running simulation w/ ws = 8.776122e-01 and pmax = -7.551020e-08
-2.0975056689342402e-11
162.22826480865479
Running simulation w/ ws = 1.000000e+00 and pmax = -4.693878e-08
-1.3038548752834467e-11
162.19295120239258
Running simulation w/ ws = 4.129592e-02 and pmax = 3.061224e-08
8.503401360544217e-12
158.85718870162964
Running simulation w/ ws = 1.024898e-01 and pmax = 4.285714e-08
1.1904761904761902e-11
160.9232988357544
Running simulation w/ ws = 4.288571e-01 and pmax = -6.734694e-08
-1.8707482993197277e-11
160.2466835975647
Running simulation w/ ws = 4.084592e-01 and pmax = -8.367347e-08
-2.3242630385487528e-11
163.50214672088623
Running simulation w/ ws = 2.452755e-01 and pmax = -2.040816e-09
-5.668934240362809e-13
157.66652989387512
Running simulation w/ ws = 7.552245e-01 and pmax = 2.040816e-09
5.668934240362809e-13
162.66299724578857
Running simulation w/ ws = 1.000000e+00 and pmax = -1.000000e-07
-2.7777777777777777e-11
161.55351972579956
Running simulation w/ ws = 8.980102e-01 and pmax = 3.469388e-08
9.63718820861678e-12
161.6261122226715
Running simulation w/ ws = 3.268673e-01 and pmax = 1.000000e-07
2.7777777777777777e-11
161.12443494796753
Running simulation w/ ws = 3.064694e-01 and pmax = -4.693878e-08
-1.3038548752834467e-11
161.0180230140686
Running simulation w/ ws = 2.248776e-01 and pmax = 4.285714e-08
1.1904761904761902e-11
160.55944418907166
Running simulation w/ ws = 8.164184e-01 and pmax = 2.244898e-08
6.2358276643990936e-12
161.7860143184662
121.90270447731018
107.20121574401855
110.14649629592896
Running simulation w/ ws = 4.084592e-01 and pmax = -7.551020e-08
-2.0975056689342402e-11
Running simulation w/ ws = 4.900510e-01 and pmax = -7.142857e-08
-1.984126984126984e-11
Running simulation w/ ws = 7.144286e-01 and pmax = 1.000000e-07
2.7777777777777777e-11
Running simulation w/ ws = 8.209184e-02 and pmax = -3.877551e-08
-1.0770975056689341e-11
160.15219569206238
Running simulation w/ ws = 1.432857e-01 and pmax = -1.428571e-08
-3.968253968253966e-12
160.57630610466003
Running simulation w/ ws = 4.696531e-01 and pmax = -1.428571e-08
-3.968253968253966e-12
162.5379559993744
Running simulation w/ ws = 5.920408e-01 and pmax = 7.551020e-08
2.0975056689342406e-11
163.1255819797516
Running simulation w/ ws = 1.228878e-01 and pmax = -3.061224e-08
-8.503401360544217e-12
160.2191550731659
Running simulation w/ ws = 2.089796e-02 and pmax = 1.428571e-08
3.96825396825397e-12
160.6873495578766
Running simulation w/ ws = 4.492551e-01 and pmax = 5.510204e-08
1.5306122448979588e-11
162.02359652519226
Running simulation w/ ws = 9.184082e-01 and pmax = 1.428571e-08
3.96825396825397e-12
163.01556587219238
Running simulation w/ ws = 6.736327e-01 and pmax = -4.285714e-08
-1.1904761904761902e-11
160.29655265808105
Running simulation w/ ws = 8.368163e-01 and pmax = -1.000000e-07
-2.7777777777777777e-11
160.50756812095642
Running simulation w/ ws = 6.736327e-01 and pmax = -5.102041e-08
-1.4172335600907028e-11
162.59843802452087
Running simulation w/ ws = 3.064694e-01 and pmax = -6.734694e-08
-1.8707482993197277e-11
162.33151507377625
Running simulation w/ ws = 4.900510e-01 and pmax = 4.693878e-08
1.3038548752834465e-11
160.35831022262573
Running simulation w/ ws = 8.776122e-01 and pmax = -5.918367e-08
-1.6439909297052154e-11
160.46188020706177
Running simulation w/ ws = 8.368163e-01 and pmax = -4.285714e-08
-1.1904761904761902e-11
160.85147643089294
Running simulation w/ ws = 4.900510e-01 and pmax = -2.653061e-08
-7.369614512471656e-12
160.78602123260498
Running simulation w/ ws = 5.920408e-01 and pmax = 1.428571e-08
3.96825396825397e-12
159.21854329109192
Running simulation w/ ws = 7.960204e-01 and pmax = 2.040816e-09
5.668934240362809e-13
159.86013460159302
Running simulation w/ ws = 5.920408e-01 and pmax = -8.775510e-08
-2.437641723356009e-11
161.32922840118408
Running simulation w/ ws = 6.328367e-01 and pmax = -7.551020e-08
-2.0975056689342402e-11
160.83448123931885
Running simulation w/ ws = 5.920408e-01 and pmax = -5.102041e-08
-1.4172335600907028e-11
162.10166335105896
Running simulation w/ ws = 4.084592e-01 and pmax = 1.020408e-08
2.834467120181405e-12
163.4900608062744
Running simulation w/ ws = 2.860714e-01 and pmax = -1.020408e-08
-2.834467120181405e-12
160.76209378242493
Running simulation w/ ws = 7.960204e-01 and pmax = -1.836735e-08
-5.102040816326532e-12
162.26882004737854
Running simulation w/ ws = 8.776122e-01 and pmax = 1.836735e-08
5.102040816326532e-12
159.85172057151794
Running simulation w/ ws = 1.228878e-01 and pmax = 9.591837e-08
2.6643990929705214e-11
162.2210500240326
Running simulation w/ ws = 3.472653e-01 and pmax = -6.734694e-08
-1.8707482993197277e-11
161.7650921344757
Running simulation w/ ws = 8.164184e-01 and pmax = 5.918367e-08
1.643990929705215e-11
162.90251970291138
Running simulation w/ ws = 7.960204e-01 and pmax = -7.551020e-08
-2.0975056689342402e-11
162.80245542526245
Running simulation w/ ws = 7.552245e-01 and pmax = 4.285714e-08
1.1904761904761902e-11
161.90241360664368
Running simulation w/ ws = 8.209184e-02 and pmax = -1.020408e-08
-2.834467120181405e-12
163.03527855873108
Running simulation w/ ws = 1.000000e+00 and pmax = -5.102041e-08
-1.4172335600907028e-11
162.98204612731934
Running simulation w/ ws = 7.960204e-01 and pmax = -5.102041e-08
-1.4172335600907028e-11
160.3497598171234
Running simulation w/ ws = 5.308469e-01 and pmax = 9.591837e-08
2.6643990929705214e-11
161.47777223587036
160.1126766204834
158.24978470802307
41.35652422904968
Running simulation w/ ws = 6.940306e-01 and pmax = -2.244898e-08
-6.2358276643990936e-12
Running simulation w/ ws = 4.129592e-02 and pmax = 1.020408e-08
2.834467120181405e-12
Running simulation w/ ws = 6.940306e-01 and pmax = 6.326531e-08
1.7573696145124714e-11
Running simulation w/ ws = 8.164184e-01 and pmax = -8.367347e-08
-2.3242630385487528e-11
156.40503406524658
Running simulation w/ ws = 7.144286e-01 and pmax = 6.326531e-08
1.7573696145124714e-11
160.1888153553009
Running simulation w/ ws = 4.696531e-01 and pmax = -6.734694e-08
-1.8707482993197277e-11
164.0075740814209
Running simulation w/ ws = 9.184082e-01 and pmax = -9.183673e-08
-2.5510204081632654e-11
165.36836791038513
Running simulation w/ ws = 2.089796e-02 and pmax = 2.244898e-08
6.2358276643990936e-12
160.75278735160828
Running simulation w/ ws = 6.736327e-01 and pmax = 1.836735e-08
5.102040816326532e-12
159.4830720424652
Running simulation w/ ws = 6.124388e-01 and pmax = 4.285714e-08
1.1904761904761902e-11
162.2100293636322
Running simulation w/ ws = 3.268673e-01 and pmax = -2.040816e-09
-5.668934240362809e-13
161.47587370872498
Running simulation w/ ws = 5.000000e-04 and pmax = 7.142857e-08
1.9841269841269843e-11
159.29434418678284
Running simulation w/ ws = 7.960204e-01 and pmax = -7.142857e-08
-1.984126984126984e-11
160.06094694137573
Running simulation w/ ws = 9.592041e-01 and pmax = -7.551020e-08
-2.0975056689342402e-11
162.6318280696869
Running simulation w/ ws = 5.512449e-01 and pmax = -7.142857e-08
-1.984126984126984e-11
162.6727774143219
Running simulation w/ ws = 3.676633e-01 and pmax = 9.591837e-08
2.6643990929705214e-11
149.5878186225891
Running simulation w/ ws = 6.169388e-02 and pmax = -6.326531e-08
-1.7573696145124717e-11
150.79271483421326
Running simulation w/ ws = 4.288571e-01 and pmax = -1.428571e-08
-3.968253968253966e-12
168.66228532791138
Running simulation w/ ws = 7.348265e-01 and pmax = 5.918367e-08
1.643990929705215e-11
167.20832133293152
Running simulation w/ ws = 3.880612e-01 and pmax = 6.326531e-08
1.7573696145124714e-11
158.59897112846375
Running simulation w/ ws = 3.676633e-01 and pmax = 1.428571e-08
3.96825396825397e-12
158.97508788108826
Running simulation w/ ws = 9.592041e-01 and pmax = 5.102041e-08
1.4172335600907027e-11
157.8178060054779
Running simulation w/ ws = 2.452755e-01 and pmax = -2.653061e-08
-7.369614512471656e-12
158.55247259140015
Running simulation w/ ws = 8.164184e-01 and pmax = 7.959184e-08
2.210884353741497e-11
159.571875333786
Running simulation w/ ws = 5.308469e-01 and pmax = -4.285714e-08
-1.1904761904761902e-11
159.34745073318481
Running simulation w/ ws = 5.308469e-01 and pmax = -3.469388e-08
-9.63718820861678e-12
158.82376980781555
Running simulation w/ ws = 7.960204e-01 and pmax = -5.918367e-08
-1.6439909297052154e-11
157.9510622024536
Running simulation w/ ws = 8.980102e-01 and pmax = -1.428571e-08
-3.968253968253966e-12
159.80820035934448
Running simulation w/ ws = 8.980102e-01 and pmax = -7.142857e-08
-1.984126984126984e-11
159.19195079803467
Running simulation w/ ws = 8.980102e-01 and pmax = -8.367347e-08
-2.3242630385487528e-11
158.8933675289154
Running simulation w/ ws = 5.104490e-01 and pmax = 3.877551e-08
1.0770975056689341e-11
158.5414056777954
Running simulation w/ ws = 2.089796e-02 and pmax = -5.918367e-08
-1.6439909297052154e-11
157.4652771949768
Running simulation w/ ws = 3.268673e-01 and pmax = -6.734694e-08
-1.8707482993197277e-11
160.43579387664795
Running simulation w/ ws = 4.288571e-01 and pmax = 5.102041e-08
1.4172335600907027e-11
159.07424521446228
Running simulation w/ ws = 8.368163e-01 and pmax = -8.367347e-08
-2.3242630385487528e-11
158.04050278663635
Running simulation w/ ws = 1.636837e-01 and pmax = -2.653061e-08
-7.369614512471656e-12
159.3536262512207
Running simulation w/ ws = 3.472653e-01 and pmax = 2.244898e-08
6.2358276643990936e-12
159.89828372001648
Running simulation w/ ws = 3.472653e-01 and pmax = 8.775510e-08
2.437641723356009e-11
158.67448782920837
Running simulation w/ ws = 1.840816e-01 and pmax = 2.040816e-09
5.668934240362809e-13
159.48288130760193
Running simulation w/ ws = 2.860714e-01 and pmax = 1.836735e-08
5.102040816326532e-12
151.01585340499878
149.90304040908813
148.6495761871338
147.92749571800232
Running simulation w/ ws = 8.209184e-02 and pmax = 7.551020e-08
2.0975056689342406e-11
Running simulation w/ ws = 3.472653e-01 and pmax = 6.122449e-09
1.7006802721088427e-12
Running simulation w/ ws = 2.860714e-01 and pmax = -3.469388e-08
-9.63718820861678e-12
Running simulation w/ ws = 4.129592e-02 and pmax = -3.877551e-08
-1.0770975056689341e-11
158.87335205078125
Running simulation w/ ws = 9.388061e-01 and pmax = 9.591837e-08
2.6643990929705214e-11
159.15811944007874
Running simulation w/ ws = 5.308469e-01 and pmax = 2.244898e-08
6.2358276643990936e-12
159.3107249736786
Running simulation w/ ws = 7.348265e-01 and pmax = -5.510204e-08
-1.530612244897959e-11
159.48270726203918
Running simulation w/ ws = 2.860714e-01 and pmax = 3.469388e-08
9.63718820861678e-12
159.24131417274475
159.40995526313782
Running simulation w/ ws = 4.129592e-02 and pmax = -3.469388e-08
-9.63718820861678e-12
Running simulation w/ ws = 7.348265e-01 and pmax = -5.918367e-08
-1.6439909297052154e-11
159.00515961647034
Running simulation w/ ws = 1.432857e-01 and pmax = -6.734694e-08
-1.8707482993197277e-11
159.90957903862
Running simulation w/ ws = 8.164184e-01 and pmax = 1.836735e-08
5.102040816326532e-12
157.65592980384827
Running simulation w/ ws = 7.756224e-01 and pmax = 9.183673e-08
2.5510204081632654e-11
158.56974005699158
Running simulation w/ ws = 6.532347e-01 and pmax = 6.122449e-09
1.7006802721088427e-12
159.13678455352783
Running simulation w/ ws = 4.492551e-01 and pmax = -7.551020e-08
-2.0975056689342402e-11
160.8125936985016
Running simulation w/ ws = 9.796020e-01 and pmax = -9.591837e-08
-2.6643990929705214e-11
158.95394372940063
Running simulation w/ ws = 3.268673e-01 and pmax = 3.061224e-08
8.503401360544217e-12
158.69675660133362
Running simulation w/ ws = 1.000000e+00 and pmax = 4.285714e-08
1.1904761904761902e-11
158.1507396697998
Running simulation w/ ws = 7.552245e-01 and pmax = -4.693878e-08
-1.3038548752834467e-11
160.96984267234802
Running simulation w/ ws = 1.228878e-01 and pmax = -4.693878e-08
-1.3038548752834467e-11
158.21321773529053
Running simulation w/ ws = 1.432857e-01 and pmax = -2.653061e-08
-7.369614512471656e-12
158.29897356033325
Running simulation w/ ws = 1.228878e-01 and pmax = -6.734694e-08
-1.8707482993197277e-11
160.40252208709717
Running simulation w/ ws = 6.532347e-01 and pmax = 3.469388e-08
9.63718820861678e-12
160.96053814888
Running simulation w/ ws = 8.776122e-01 and pmax = 1.000000e-07
2.7777777777777777e-11
158.5202910900116
Running simulation w/ ws = 6.328367e-01 and pmax = 4.285714e-08
1.1904761904761902e-11
157.1528742313385
Running simulation w/ ws = 1.228878e-01 and pmax = 2.244898e-08
6.2358276643990936e-12
160.4654517173767
Running simulation w/ ws = 2.656735e-01 and pmax = -5.918367e-08
-1.6439909297052154e-11
160.75703811645508
Running simulation w/ ws = 2.860714e-01 and pmax = 2.653061e-08
7.369614512471656e-12
158.90459823608398
Running simulation w/ ws = 1.636837e-01 and pmax = -9.183673e-08
-2.5510204081632654e-11
158.82938504219055
Running simulation w/ ws = 9.796020e-01 and pmax = -5.102041e-08
-1.4172335600907028e-11
162.01050066947937
Running simulation w/ ws = 4.492551e-01 and pmax = -3.061224e-08
-8.503401360544217e-12
161.0228717327118
Running simulation w/ ws = 8.368163e-01 and pmax = 4.693878e-08
1.3038548752834465e-11
158.594722032547
Running simulation w/ ws = 2.452755e-01 and pmax = 1.836735e-08
5.102040816326532e-12
159.54065799713135
Running simulation w/ ws = 9.388061e-01 and pmax = 1.020408e-08
2.834467120181405e-12
159.21959829330444
Running simulation w/ ws = 3.880612e-01 and pmax = 3.469388e-08
9.63718820861678e-12
160.23284482955933
Running simulation w/ ws = 2.044796e-01 and pmax = -2.653061e-08
-7.369614512471656e-12
157.77097272872925
Running simulation w/ ws = 4.900510e-01 and pmax = -4.693878e-08
-1.3038548752834467e-11
160.08760905265808
Running simulation w/ ws = 7.348265e-01 and pmax = -7.142857e-08
-1.984126984126984e-11
158.55581951141357
Running simulation w/ ws = 8.209184e-02 and pmax = 7.959184e-08
2.210884353741497e-11
159.84304809570312
Running simulation w/ ws = 8.776122e-01 and pmax = 8.367347e-08
2.3242630385487528e-11
141.70883178710938
153.31174063682556
151.45112872123718
140.03036522865295
Running simulation w/ ws = 9.184082e-01 and pmax = 3.877551e-08
1.0770975056689341e-11
Running simulation w/ ws = 4.696531e-01 and pmax = 6.122449e-09
1.7006802721088427e-12
Running simulation w/ ws = 7.756224e-01 and pmax = 1.836735e-08
5.102040816326532e-12
Running simulation w/ ws = 4.696531e-01 and pmax = 8.775510e-08
2.437641723356009e-11
158.11812806129456
Running simulation w/ ws = 3.472653e-01 and pmax = -1.000000e-07
-2.7777777777777777e-11
158.70449328422546
Running simulation w/ ws = 3.472653e-01 and pmax = -7.142857e-08
-1.984126984126984e-11
159.67358326911926
Running simulation w/ ws = 2.248776e-01 and pmax = 3.469388e-08
9.63718820861678e-12
159.8733811378479
Running simulation w/ ws = 5.512449e-01 and pmax = 5.918367e-08
1.643990929705215e-11
156.77862095832825
Running simulation w/ ws = 2.656735e-01 and pmax = 2.244898e-08
6.2358276643990936e-12
158.25770711898804
Running simulation w/ ws = 8.776122e-01 and pmax = -7.142857e-08
-1.984126984126984e-11
158.00401377677917
Running simulation w/ ws = 2.248776e-01 and pmax = -2.040816e-09
-5.668934240362809e-13
159.35499548912048
Running simulation w/ ws = 9.388061e-01 and pmax = 3.061224e-08
8.503401360544217e-12
159.54563307762146
Running simulation w/ ws = 4.288571e-01 and pmax = -8.775510e-08
-2.437641723356009e-11
159.21261429786682
Running simulation w/ ws = 6.532347e-01 and pmax = -6.326531e-08
-1.7573696145124717e-11
158.21056079864502
Running simulation w/ ws = 6.124388e-01 and pmax = -2.653061e-08
-7.369614512471656e-12
160.45824146270752
Running simulation w/ ws = 6.328367e-01 and pmax = 8.367347e-08
2.3242630385487528e-11
158.3587737083435
Running simulation w/ ws = 5.104490e-01 and pmax = 4.693878e-08
1.3038548752834465e-11
158.87613701820374
Running simulation w/ ws = 7.552245e-01 and pmax = 4.693878e-08
1.3038548752834465e-11
160.18930864334106
Running simulation w/ ws = 1.432857e-01 and pmax = -4.693878e-08
-1.3038548752834467e-11
160.84862399101257
Running simulation w/ ws = 2.044796e-01 and pmax = -6.122449e-09
-1.7006802721088427e-12
157.80573058128357
Running simulation w/ ws = 5.716429e-01 and pmax = -5.918367e-08
-1.6439909297052154e-11
158.0848639011383
Running simulation w/ ws = 6.124388e-01 and pmax = 1.428571e-08
3.96825396825397e-12
159.66133451461792
Running simulation w/ ws = 7.756224e-01 and pmax = -1.000000e-07
-2.7777777777777777e-11
159.72925758361816
Running simulation w/ ws = 7.552245e-01 and pmax = -1.000000e-07
-2.7777777777777777e-11
157.84353470802307
Running simulation w/ ws = 4.129592e-02 and pmax = 9.591837e-08
2.6643990929705214e-11
157.50466442108154
Running simulation w/ ws = 1.228878e-01 and pmax = -7.142857e-08
-1.984126984126984e-11
157.4862039089203
Running simulation w/ ws = 1.636837e-01 and pmax = -7.142857e-08
-1.984126984126984e-11
158.67864561080933
Running simulation w/ ws = 1.432857e-01 and pmax = -7.551020e-08
-2.0975056689342402e-11
157.25002217292786
Running simulation w/ ws = 8.572143e-01 and pmax = -2.040816e-09
-5.668934240362809e-13
156.6401445865631
Running simulation w/ ws = 2.452755e-01 and pmax = 3.877551e-08
1.0770975056689341e-11
159.30390763282776
Running simulation w/ ws = 2.656735e-01 and pmax = -6.326531e-08
-1.7573696145124717e-11
159.52244186401367
Running simulation w/ ws = 7.552245e-01 and pmax = -1.428571e-08
-3.968253968253966e-12
148.91560888290405
Running simulation w/ ws = 4.900510e-01 and pmax = -3.469388e-08
-9.63718820861678e-12
150.85429096221924
Running simulation w/ ws = 8.980102e-01 and pmax = 9.591837e-08
2.6643990929705214e-11
167.39010500907898
Running simulation w/ ws = 2.089796e-02 and pmax = -6.326531e-08
-1.7573696145124717e-11
169.62482929229736
Running simulation w/ ws = 6.169388e-02 and pmax = 6.734694e-08
1.8707482993197283e-11
158.3486249446869
Running simulation w/ ws = 1.636837e-01 and pmax = -1.836735e-08
-5.102040816326532e-12
157.8955659866333
Running simulation w/ ws = 8.368163e-01 and pmax = -6.122449e-09
-1.7006802721088427e-12
158.53314471244812
Running simulation w/ ws = 7.756224e-01 and pmax = -9.591837e-08
-2.6643990929705214e-11
157.93405938148499
Running simulation w/ ws = 8.368163e-01 and pmax = -3.877551e-08
-1.0770975056689341e-11
152.35280013084412
147.98239398002625
143.97333216667175
142.22170114517212
Running simulation w/ ws = 6.169388e-02 and pmax = 2.040816e-09
5.668934240362809e-13
Running simulation w/ ws = 4.492551e-01 and pmax = -9.183673e-08
-2.5510204081632654e-11
Running simulation w/ ws = 7.960204e-01 and pmax = 2.653061e-08
7.369614512471656e-12
Running simulation w/ ws = 8.164184e-01 and pmax = 6.122449e-09
1.7006802721088427e-12
151.48032355308533
Running simulation w/ ws = 4.492551e-01 and pmax = 7.142857e-08
1.9841269841269843e-11
160.47963523864746
Running simulation w/ ws = 4.084592e-01 and pmax = -7.142857e-08
-1.984126984126984e-11
162.61161184310913
Running simulation w/ ws = 5.716429e-01 and pmax = -7.142857e-08
-1.984126984126984e-11
166.27788639068604
Running simulation w/ ws = 2.089796e-02 and pmax = -6.122449e-09
-1.7006802721088427e-12
150.38814306259155
Running simulation w/ ws = 5.716429e-01 and pmax = 3.877551e-08
1.0770975056689341e-11
151.98407983779907
Running simulation w/ ws = 1.840816e-01 and pmax = 3.469388e-08
9.63718820861678e-12
170.6865725517273
Running simulation w/ ws = 2.248776e-01 and pmax = -7.551020e-08
-2.0975056689342402e-11
171.71569275856018
Running simulation w/ ws = 3.880612e-01 and pmax = -4.285714e-08
-1.1904761904761902e-11
158.35429072380066
Running simulation w/ ws = 9.388061e-01 and pmax = -2.244898e-08
-6.2358276643990936e-12
160.76133346557617
Running simulation w/ ws = 2.452755e-01 and pmax = 1.020408e-08
2.834467120181405e-12
159.8811469078064
Running simulation w/ ws = 6.532347e-01 and pmax = 8.367347e-08
2.3242630385487528e-11
158.18773555755615
Running simulation w/ ws = 4.129592e-02 and pmax = -2.040816e-09
-5.668934240362809e-13
160.9550426006317
Running simulation w/ ws = 4.288571e-01 and pmax = 9.591837e-08
2.6643990929705214e-11
160.16326522827148
Running simulation w/ ws = 4.084592e-01 and pmax = -3.877551e-08
-1.0770975056689341e-11
160.65533900260925
Running simulation w/ ws = 8.572143e-01 and pmax = -4.693878e-08
-1.3038548752834467e-11
159.73280262947083
Running simulation w/ ws = 4.492551e-01 and pmax = 1.020408e-08
2.834467120181405e-12
159.22806096076965
Running simulation w/ ws = 3.064694e-01 and pmax = 1.836735e-08
5.102040816326532e-12
160.51221585273743
Running simulation w/ ws = 7.552245e-01 and pmax = -1.020408e-08
-2.834467120181405e-12
159.61222434043884
Running simulation w/ ws = 6.124388e-01 and pmax = 7.142857e-08
1.9841269841269843e-11
160.6026964187622
Running simulation w/ ws = 8.572143e-01 and pmax = 6.326531e-08
1.7573696145124714e-11
164.17602634429932
Running simulation w/ ws = 3.472653e-01 and pmax = -4.285714e-08
-1.1904761904761902e-11
145.09611535072327
Running simulation w/ ws = 1.432857e-01 and pmax = -3.469388e-08
-9.63718820861678e-12
165.71253871917725
Running simulation w/ ws = 1.840816e-01 and pmax = -9.591837e-08
-2.6643990929705214e-11
165.5528564453125
Running simulation w/ ws = 8.209184e-02 and pmax = -8.367347e-08
-2.3242630385487528e-11
158.95973563194275
Running simulation w/ ws = 8.572143e-01 and pmax = -9.183673e-08
-2.5510204081632654e-11
159.94145798683167
Running simulation w/ ws = 7.960204e-01 and pmax = 3.877551e-08
1.0770975056689341e-11
158.68799924850464
Running simulation w/ ws = 8.164184e-01 and pmax = -2.040816e-09
-5.668934240362809e-13
158.39629936218262
Running simulation w/ ws = 8.368163e-01 and pmax = -4.693878e-08
-1.3038548752834467e-11
157.52463364601135
Running simulation w/ ws = 5.512449e-01 and pmax = 3.877551e-08
1.0770975056689341e-11
160.12024807929993
Running simulation w/ ws = 1.228878e-01 and pmax = 2.653061e-08
7.369614512471656e-12
159.54566311836243
Running simulation w/ ws = 1.228878e-01 and pmax = 6.326531e-08
1.7573696145124714e-11
160.08613872528076
Running simulation w/ ws = 2.089796e-02 and pmax = -8.775510e-08
-2.437641723356009e-11
157.89659690856934
Running simulation w/ ws = 7.756224e-01 and pmax = -1.020408e-08
-2.834467120181405e-12
160.03948664665222
Running simulation w/ ws = 1.000000e+00 and pmax = 2.653061e-08
7.369614512471656e-12
160.2889542579651
Running simulation w/ ws = 2.044796e-01 and pmax = 2.244898e-08
6.2358276643990936e-12
159.23243021965027
117.24871683120728
113.16558527946472
107.47617101669312
There are 50 tasks
