running python
Running simulation w/ ws = 1.000000e-04 and Px0 = 1.083343e-03
90.933762550354
Depth averaged velocity = -2.613438
Running simulation w/ ws = -1.000000e-04 and Px0 = 1.166675e-03
87.31843161582947
Depth averaged velocity = -2.712096
Running simulation w/ ws = 3.333333e-05 and Px0 = 4.166825e-04
87.74129557609558
Depth averaged velocity = -1.620767
Running simulation w/ ws = -8.333333e-05 and Px0 = 1.416673e-03
88.45076274871826
Depth averaged velocity = -2.988594
Running simulation w/ ws = 5.833333e-05 and Px0 = 1.333340e-03
90.03800392150879
Depth averaged velocity = -2.899359
Running simulation w/ ws = -6.666667e-05 and Px0 = 1.916668e-03
88.56774663925171
Depth averaged velocity = -3.476229
Running simulation w/ ws = -3.333333e-05 and Px0 = 2.000000e-08
89.36513328552246
Depth averaged velocity = -0.004842
Running simulation w/ ws = -8.333333e-05 and Px0 = 7.500125e-04
88.11398792266846
Depth averaged velocity = -2.174500
Running simulation w/ ws = -4.166667e-05 and Px0 = 2.000000e-03
89.06240797042847
Depth averaged velocity = -3.550997
Running simulation w/ ws = -7.500000e-05 and Px0 = 1.833335e-03
88.66836833953857
Depth averaged velocity = -3.399817
Running simulation w/ ws = -3.333333e-05 and Px0 = 9.166775e-04
87.8204071521759
Depth averaged velocity = -2.404008
Running simulation w/ ws = -4.166667e-05 and Px0 = 7.500125e-04
87.5266683101654
Depth averaged velocity = -2.174500
Running simulation w/ ws = -1.666667e-05 and Px0 = 1.833335e-03
87.01737260818481
Depth averaged velocity = -3.399817
Running simulation w/ ws = 3.333333e-05 and Px0 = 5.000150e-04
87.7990894317627
Depth averaged velocity = -1.775464
Running simulation w/ ws = 5.000000e-05 and Px0 = 1.500005e-03
87.58942675590515
Depth averaged velocity = -3.075240
Running simulation w/ ws = 1.666667e-05 and Px0 = 7.500125e-04
87.36562085151672
Depth averaged velocity = -2.174500
Running simulation w/ ws = -1.666667e-05 and Px0 = 1.666850e-04
87.47094011306763
Depth averaged velocity = -1.025076
Running simulation w/ ws = -4.166667e-05 and Px0 = 1.833335e-03
88.15627360343933
Depth averaged velocity = -3.399817
Running simulation w/ ws = -2.500000e-05 and Px0 = 1.833335e-03
87.86406350135803
Depth averaged velocity = -3.399817
Running simulation w/ ws = -7.500000e-05 and Px0 = 2.000000e-03
61.320780992507935
Depth averaged velocity = -3.550997
Running simulation w/ ws = 8.333333e-06 and Px0 = 1.583338e-03
88.70129132270813
Depth averaged velocity = -3.159512
Running simulation w/ ws = -7.500000e-05 and Px0 = 6.666800e-04
87.07050156593323
Depth averaged velocity = -2.050136
Running simulation w/ ws = 6.666667e-05 and Px0 = 5.000150e-04
88.58853507041931
Depth averaged velocity = -1.775464
Running simulation w/ ws = 1.666667e-05 and Px0 = 1.166675e-03
88.84360694885254
Depth averaged velocity = -2.712096
Running simulation w/ ws = -7.500000e-05 and Px0 = 1.916668e-03
88.74430108070374
Depth averaged velocity = -3.476229
Running simulation w/ ws = -1.000000e-04 and Px0 = 1.916668e-03
88.76013946533203
Depth averaged velocity = -3.476229
Running simulation w/ ws = 0.000000e+00 and Px0 = 1.916668e-03
87.6048834323883
Depth averaged velocity = -3.476229
Running simulation w/ ws = 7.500000e-05 and Px0 = 8.335250e-05
89.23789095878601
Depth averaged velocity = -0.724879
Running simulation w/ ws = -5.000000e-05 and Px0 = 1.583338e-03
87.61495447158813
Depth averaged velocity = -3.159512
Running simulation w/ ws = -3.333333e-05 and Px0 = 4.166825e-04
87.31066942214966
Depth averaged velocity = -1.620767
Running simulation w/ ws = -1.000000e-04 and Px0 = 8.335250e-05
87.70136380195618
Depth averaged velocity = -0.724879
Running simulation w/ ws = 4.166667e-05 and Px0 = 1.750003e-03
87.32981491088867
Depth averaged velocity = -3.321647
Running simulation w/ ws = -1.000000e-04 and Px0 = 1.000010e-03
88.73785662651062
Depth averaged velocity = -2.510907
Running simulation w/ ws = 2.500000e-05 and Px0 = 1.416673e-03
87.29462265968323
Depth averaged velocity = -2.988594
Running simulation w/ ws = -9.166667e-05 and Px0 = 1.000010e-03
88.08449459075928
Depth averaged velocity = -2.510907
Running simulation w/ ws = -5.000000e-05 and Px0 = 1.333340e-03
87.37650656700134
Depth averaged velocity = -2.899359
Running simulation w/ ws = -6.666667e-05 and Px0 = 1.000010e-03
87.99669218063354
Depth averaged velocity = -2.510907
Running simulation w/ ws = -5.000000e-05 and Px0 = 1.666850e-04
87.56443667411804
Depth averaged velocity = -1.025076
Running simulation w/ ws = 3.333333e-05 and Px0 = 7.500125e-04
86.64987683296204
Depth averaged velocity = -2.174500
Running simulation w/ ws = 2.500000e-05 and Px0 = 3.333500e-04
64.70637011528015
Depth averaged velocity = -1.449658
Running simulation w/ ws = -8.333333e-06 and Px0 = 8.333450e-04
89.56558465957642
Depth averaged velocity = -2.292128
Running simulation w/ ws = 3.333333e-05 and Px0 = 1.250008e-03
89.77452182769775
Depth averaged velocity = -2.807289
Running simulation w/ ws = 5.000000e-05 and Px0 = 1.666670e-03
87.82768869400024
Depth averaged velocity = -3.241593
Running simulation w/ ws = 6.666667e-05 and Px0 = 1.750003e-03
88.98554301261902
Depth averaged velocity = -3.321647
Running simulation w/ ws = -5.833333e-05 and Px0 = 5.833475e-04
89.04184126853943
Depth averaged velocity = -1.917723
Running simulation w/ ws = -2.500000e-05 and Px0 = 2.000000e-03
89.81208205223083
Depth averaged velocity = -3.550997
Running simulation w/ ws = 8.333333e-06 and Px0 = 1.666670e-03
87.99529194831848
Depth averaged velocity = -3.241593
Running simulation w/ ws = 8.333333e-05 and Px0 = 1.166675e-03
88.07269620895386
Depth averaged velocity = -2.712096
Running simulation w/ ws = -6.666667e-05 and Px0 = 1.750003e-03
89.08026814460754
Depth averaged velocity = -3.321647
Running simulation w/ ws = 5.833333e-05 and Px0 = 1.500005e-03
88.94327425956726
Depth averaged velocity = -3.075240
Running simulation w/ ws = -2.500000e-05 and Px0 = 1.250008e-03
89.49901461601257
Depth averaged velocity = -2.807289
Running simulation w/ ws = 1.666667e-05 and Px0 = 1.500005e-03
88.22899317741394
Depth averaged velocity = -3.075240
Running simulation w/ ws = 4.166667e-05 and Px0 = 1.583338e-03
87.69503569602966
Depth averaged velocity = -3.159512
Running simulation w/ ws = 1.000000e-04 and Px0 = 8.335250e-05
88.34447240829468
Depth averaged velocity = -0.724879
Running simulation w/ ws = -6.666667e-05 and Px0 = 1.666850e-04
88.12658596038818
Depth averaged velocity = -1.025076
Running simulation w/ ws = 2.500000e-05 and Px0 = 7.500125e-04
88.44747877120972
Depth averaged velocity = -2.174500
Running simulation w/ ws = 1.666667e-05 and Px0 = 1.333340e-03
88.60293221473694
Depth averaged velocity = -2.899359
Running simulation w/ ws = -5.000000e-05 and Px0 = 1.000010e-03
89.71803879737854
Depth averaged velocity = -2.510907
Running simulation w/ ws = -8.333333e-06 and Px0 = 8.335250e-05
88.82323098182678
Depth averaged velocity = -0.724879
Running simulation w/ ws = 9.166667e-05 and Px0 = 1.666850e-04
88.33886384963989
Depth averaged velocity = -1.025076
Running simulation w/ ws = 8.333333e-05 and Px0 = 1.666670e-03
88.9015748500824
Depth averaged velocity = -3.241593
Running simulation w/ ws = -1.666667e-05 and Px0 = 1.666670e-03
87.76647210121155
Depth averaged velocity = -3.241593
Running simulation w/ ws = -8.333333e-06 and Px0 = 2.500175e-04
87.94100046157837
Depth averaged velocity = -1.255443
Running simulation w/ ws = -9.166667e-05 and Px0 = 7.500125e-04
89.01014971733093
Depth averaged velocity = -2.174500
Running simulation w/ ws = -3.333333e-05 and Px0 = 1.333340e-03
90.34333157539368
Depth averaged velocity = -2.899359
Running simulation w/ ws = -9.166667e-05 and Px0 = 5.000150e-04
88.41723966598511
Depth averaged velocity = -1.775464
Running simulation w/ ws = -1.666667e-05 and Px0 = 8.335250e-05
88.16575455665588
Depth averaged velocity = -0.724879
Running simulation w/ ws = 4.166667e-05 and Px0 = 1.416673e-03
88.11054849624634
Depth averaged velocity = -2.988594
Running simulation w/ ws = 3.333333e-05 and Px0 = 1.583338e-03
88.86436939239502
Depth averaged velocity = -3.159512
Running simulation w/ ws = 5.833333e-05 and Px0 = 2.000000e-08
88.17930817604065
Depth averaged velocity = -0.004842
Running simulation w/ ws = 7.500000e-05 and Px0 = 1.916668e-03
88.54418873786926
Depth averaged velocity = -3.476229
Running simulation w/ ws = 4.166667e-05 and Px0 = 2.000000e-08
88.72481560707092
Depth averaged velocity = -0.004842
Running simulation w/ ws = -6.666667e-05 and Px0 = 1.833335e-03
88.07621359825134
Depth averaged velocity = -3.399817
Running simulation w/ ws = 0.000000e+00 and Px0 = 8.333450e-04
87.9705822467804
Depth averaged velocity = -2.292128
Running simulation w/ ws = 4.166667e-05 and Px0 = 1.666670e-03
89.57241201400757
Depth averaged velocity = -3.241593
Running simulation w/ ws = 2.500000e-05 and Px0 = 8.333450e-04
88.84984850883484
Depth averaged velocity = -2.292128
Running simulation w/ ws = -2.500000e-05 and Px0 = 5.000150e-04
89.67047166824341
Depth averaged velocity = -1.775464
Running simulation w/ ws = 3.333333e-05 and Px0 = 9.166775e-04
88.81719851493835
Depth averaged velocity = -2.404008
Running simulation w/ ws = 3.333333e-05 and Px0 = 1.833335e-03
58.79364490509033
Depth averaged velocity = -3.399817
Running simulation w/ ws = -6.666667e-05 and Px0 = 8.335250e-05
87.75787925720215
Depth averaged velocity = -0.724879
Running simulation w/ ws = 1.666667e-05 and Px0 = 1.666850e-04
87.58773303031921
Depth averaged velocity = -1.025076
Running simulation w/ ws = 8.333333e-05 and Px0 = 1.416673e-03
86.9533531665802
Depth averaged velocity = -2.988594
Running simulation w/ ws = -8.333333e-06 and Px0 = 1.083343e-03
88.10846042633057
Depth averaged velocity = -2.613438
Running simulation w/ ws = 8.333333e-05 and Px0 = 8.335250e-05
90.18848490715027
Depth averaged velocity = -0.724879
Running simulation w/ ws = 8.333333e-06 and Px0 = 1.416673e-03
91.2285885810852
Depth averaged velocity = -2.988594
Running simulation w/ ws = 1.666667e-05 and Px0 = 2.500175e-04
87.37475061416626
Depth averaged velocity = -1.255443
Running simulation w/ ws = 6.666667e-05 and Px0 = 3.333500e-04
89.94343185424805
Depth averaged velocity = -1.449658
Running simulation w/ ws = -5.833333e-05 and Px0 = 1.416673e-03
87.68777179718018
Depth averaged velocity = -2.988594
Running simulation w/ ws = 4.166667e-05 and Px0 = 2.000000e-03
87.0537359714508
Depth averaged velocity = -3.550997
Running simulation w/ ws = 1.000000e-04 and Px0 = 1.833335e-03
87.59219884872437
Depth averaged velocity = -3.399817
Running simulation w/ ws = 0.000000e+00 and Px0 = 1.833335e-03
91.90414428710938
Depth averaged velocity = -3.399817
Running simulation w/ ws = -7.500000e-05 and Px0 = 1.000010e-03
89.76972079277039
Depth averaged velocity = -2.510907
Running simulation w/ ws = -5.000000e-05 and Px0 = 9.166775e-04
87.76002430915833
Depth averaged velocity = -2.404008
Running simulation w/ ws = 5.833333e-05 and Px0 = 1.916668e-03
87.74110221862793
Depth averaged velocity = -3.476229
Running simulation w/ ws = -8.333333e-06 and Px0 = 1.166675e-03
87.80551218986511
Depth averaged velocity = -2.712096
Running simulation w/ ws = -6.666667e-05 and Px0 = 1.083343e-03
87.91655445098877
Depth averaged velocity = -2.613438
Running simulation w/ ws = -4.166667e-05 and Px0 = 5.833475e-04
88.10379672050476
Depth averaged velocity = -1.917723
Running simulation w/ ws = -4.166667e-05 and Px0 = 1.333340e-03
88.04239225387573
Depth averaged velocity = -2.899359
Running simulation w/ ws = -5.000000e-05 and Px0 = 1.500005e-03
61.03190588951111
Depth averaged velocity = -3.075240
Running simulation w/ ws = -5.833333e-05 and Px0 = 1.166675e-03
89.18061423301697
Depth averaged velocity = -2.712096
Running simulation w/ ws = 0.000000e+00 and Px0 = 5.833475e-04
91.78686451911926
Depth averaged velocity = -1.917723
Running simulation w/ ws = 8.333333e-06 and Px0 = 1.083343e-03
90.64868521690369
Depth averaged velocity = -2.613438
Running simulation w/ ws = 4.166667e-05 and Px0 = 1.166675e-03
89.3412024974823
Depth averaged velocity = -2.712096
Running simulation w/ ws = 5.833333e-05 and Px0 = 5.000150e-04
87.7135112285614
Depth averaged velocity = -1.775464
Running simulation w/ ws = 9.166667e-05 and Px0 = 1.250008e-03
87.1899905204773
Depth averaged velocity = -2.807289
Running simulation w/ ws = 5.000000e-05 and Px0 = 1.666850e-04
89.22684955596924
Depth averaged velocity = -1.025076
Running simulation w/ ws = -6.666667e-05 and Px0 = 9.166775e-04
87.37471318244934
Depth averaged velocity = -2.404008
Running simulation w/ ws = 8.333333e-06 and Px0 = 8.333450e-04
87.16562628746033
Depth averaged velocity = -2.292128
Running simulation w/ ws = -1.000000e-04 and Px0 = 5.000150e-04
86.95254325866699
Depth averaged velocity = -1.775464
Running simulation w/ ws = 4.166667e-05 and Px0 = 3.333500e-04
87.55951142311096
Depth averaged velocity = -1.449658
Running simulation w/ ws = 5.000000e-05 and Px0 = 1.750003e-03
88.24736952781677
Depth averaged velocity = -3.321647
Running simulation w/ ws = -1.000000e-04 and Px0 = 2.000000e-08
90.8569221496582
Depth averaged velocity = -0.004842
Running simulation w/ ws = 8.333333e-05 and Px0 = 1.250008e-03
88.0016827583313
Depth averaged velocity = -2.807289
Running simulation w/ ws = 1.000000e-04 and Px0 = 6.666800e-04
87.77973318099976
Depth averaged velocity = -2.050136
Running simulation w/ ws = -6.666667e-05 and Px0 = 1.500005e-03
87.4763126373291
Depth averaged velocity = -3.075240
Running simulation w/ ws = -6.666667e-05 and Px0 = 2.000000e-08
88.18648171424866
Depth averaged velocity = -0.004842
Running simulation w/ ws = 1.666667e-05 and Px0 = 5.833475e-04
87.72018647193909
Depth averaged velocity = -1.917723
Running simulation w/ ws = 6.666667e-05 and Px0 = 1.500005e-03
88.1062433719635
Depth averaged velocity = -3.075240
Running simulation w/ ws = -5.833333e-05 and Px0 = 2.500175e-04
60.001123666763306
Depth averaged velocity = -1.255443
Running simulation w/ ws = 9.166667e-05 and Px0 = 5.000150e-04
89.14559817314148
Depth averaged velocity = -1.775464
Running simulation w/ ws = -8.333333e-05 and Px0 = 2.500175e-04
88.13034272193909
Depth averaged velocity = -1.255443
Running simulation w/ ws = -7.500000e-05 and Px0 = 5.000150e-04
89.35818815231323
Depth averaged velocity = -1.775464
Running simulation w/ ws = 5.833333e-05 and Px0 = 1.666850e-04
92.09349822998047
Depth averaged velocity = -1.025076
Running simulation w/ ws = 1.000000e-04 and Px0 = 1.000010e-03
91.90284013748169
Depth averaged velocity = -2.510907
Running simulation w/ ws = 8.333333e-05 and Px0 = 1.750003e-03
88.55191230773926
Depth averaged velocity = -3.321647
Running simulation w/ ws = 6.666667e-05 and Px0 = 1.666850e-04
89.25447678565979
Depth averaged velocity = -1.025076
Running simulation w/ ws = 5.833333e-05 and Px0 = 5.833475e-04
89.94092869758606
Depth averaged velocity = -1.917723
Running simulation w/ ws = -8.333333e-06 and Px0 = 1.750003e-03
88.86625528335571
Depth averaged velocity = -3.321647
Running simulation w/ ws = 1.666667e-05 and Px0 = 8.335250e-05
88.47855520248413
Depth averaged velocity = -0.724879
Running simulation w/ ws = 7.500000e-05 and Px0 = 1.166675e-03
88.80626440048218
Depth averaged velocity = -2.712096
Running simulation w/ ws = 5.833333e-05 and Px0 = 6.666800e-04
87.83727550506592
Depth averaged velocity = -2.050136
Running simulation w/ ws = -1.666667e-05 and Px0 = 2.000000e-08
88.76774907112122
Depth averaged velocity = -0.004842
Running simulation w/ ws = -5.833333e-05 and Px0 = 8.335250e-05
89.20136523246765
Depth averaged velocity = -0.724879
Running simulation w/ ws = -5.000000e-05 and Px0 = 3.333500e-04
87.44590592384338
Depth averaged velocity = -1.449658
Running simulation w/ ws = -5.000000e-05 and Px0 = 8.335250e-05
87.80389475822449
Depth averaged velocity = -0.724879
Running simulation w/ ws = 3.333333e-05 and Px0 = 3.333500e-04
88.1326355934143
Depth averaged velocity = -1.449658
Running simulation w/ ws = -9.166667e-05 and Px0 = 1.416673e-03
87.01072025299072
Depth averaged velocity = -2.988594
Running simulation w/ ws = 0.000000e+00 and Px0 = 3.333500e-04
88.20398449897766
Depth averaged velocity = -1.449658
Running simulation w/ ws = -9.166667e-05 and Px0 = 5.833475e-04
90.91735434532166
Depth averaged velocity = -1.917723
Running simulation w/ ws = 7.500000e-05 and Px0 = 2.500175e-04
89.18095874786377
Depth averaged velocity = -1.255443
Running simulation w/ ws = -8.333333e-06 and Px0 = 1.416673e-03
88.51246929168701
Depth averaged velocity = -2.988594
Running simulation w/ ws = -1.000000e-04 and Px0 = 8.333450e-04
89.06936526298523
Depth averaged velocity = -2.292128
Running simulation w/ ws = 7.500000e-05 and Px0 = 1.833335e-03
90.88215255737305
Depth averaged velocity = -3.399817
Running simulation w/ ws = 4.166667e-05 and Px0 = 1.833335e-03
90.23128509521484
Depth averaged velocity = -3.399817
Running simulation w/ ws = 1.000000e-04 and Px0 = 9.166775e-04
91.46565079689026
Depth averaged velocity = -2.404008
Running simulation w/ ws = -3.333333e-05 and Px0 = 3.333500e-04
90.5381989479065
Depth averaged velocity = -1.449658
Running simulation w/ ws = 0.000000e+00 and Px0 = 1.000010e-03
89.3916962146759
Depth averaged velocity = -2.510907
Running simulation w/ ws = 4.166667e-05 and Px0 = 4.166825e-04
89.35706853866577
Depth averaged velocity = -1.620767
Running simulation w/ ws = -5.833333e-05 and Px0 = 1.333340e-03
89.95879006385803
Depth averaged velocity = -2.899359
Running simulation w/ ws = 1.666667e-05 and Px0 = 1.250008e-03
89.1628532409668
Depth averaged velocity = -2.807289
Running simulation w/ ws = 3.333333e-05 and Px0 = 2.500175e-04
91.93101191520691
Depth averaged velocity = -1.255443
Running simulation w/ ws = 1.666667e-05 and Px0 = 1.916668e-03
89.06397533416748
Depth averaged velocity = -3.476229
Running simulation w/ ws = -1.000000e-04 and Px0 = 5.833475e-04
89.86939191818237
Depth averaged velocity = -1.917723
Running simulation w/ ws = 7.500000e-05 and Px0 = 5.000150e-04
89.96601390838623
Depth averaged velocity = -1.775464
Running simulation w/ ws = 4.166667e-05 and Px0 = 5.833475e-04
90.26652669906616
Depth averaged velocity = -1.917723
Running simulation w/ ws = -5.000000e-05 and Px0 = 1.916668e-03
90.47651076316833
Depth averaged velocity = -3.476229
Running simulation w/ ws = 9.166667e-05 and Px0 = 2.000000e-08
83.81461572647095
Depth averaged velocity = -0.004842
Running simulation w/ ws = -8.333333e-06 and Px0 = 1.666850e-04
87.08986377716064
Depth averaged velocity = -1.025076
Running simulation w/ ws = -1.000000e-04 and Px0 = 1.250008e-03
89.50899910926819
Depth averaged velocity = -2.807289
Running simulation w/ ws = 1.000000e-04 and Px0 = 1.583338e-03
87.39711785316467
Depth averaged velocity = -3.159512
Running simulation w/ ws = -6.666667e-05 and Px0 = 1.666670e-03
87.72952651977539
Depth averaged velocity = -3.241593
Running simulation w/ ws = 5.000000e-05 and Px0 = 1.916668e-03
88.27929401397705
Depth averaged velocity = -3.476229
Running simulation w/ ws = -8.333333e-06 and Px0 = 1.500005e-03
87.4313063621521
Depth averaged velocity = -3.075240
Running simulation w/ ws = -3.333333e-05 and Px0 = 2.000000e-03
86.98041248321533
Depth averaged velocity = -3.550997
Running simulation w/ ws = 5.833333e-05 and Px0 = 7.500125e-04
87.24734568595886
Depth averaged velocity = -2.174500
Running simulation w/ ws = 3.333333e-05 and Px0 = 1.083343e-03
86.83723640441895
Depth averaged velocity = -2.613438
Running simulation w/ ws = -8.333333e-05 and Px0 = 1.250008e-03
87.97626280784607
Depth averaged velocity = -2.807289
Running simulation w/ ws = 2.500000e-05 and Px0 = 5.833475e-04
86.3306519985199
Depth averaged velocity = -1.917723
Running simulation w/ ws = -2.500000e-05 and Px0 = 1.500005e-03
86.21975708007812
Depth averaged velocity = -3.075240
Running simulation w/ ws = 0.000000e+00 and Px0 = 2.500175e-04
87.00726079940796
Depth averaged velocity = -1.255443
Running simulation w/ ws = -6.666667e-05 and Px0 = 2.000000e-03
87.60282897949219
Depth averaged velocity = -3.550997
Running simulation w/ ws = 0.000000e+00 and Px0 = 1.666670e-03
86.8541190624237
Depth averaged velocity = -3.241593
Running simulation w/ ws = 9.166667e-05 and Px0 = 1.833335e-03
87.74160742759705
Depth averaged velocity = -3.399817
Running simulation w/ ws = 7.500000e-05 and Px0 = 1.000010e-03
89.52380442619324
Depth averaged velocity = -2.510907
Running simulation w/ ws = 8.333333e-05 and Px0 = 1.500005e-03
86.2365882396698
Depth averaged velocity = -3.075240
Running simulation w/ ws = 6.666667e-05 and Px0 = 1.583338e-03
87.15313601493835
Depth averaged velocity = -3.159512
Running simulation w/ ws = -9.166667e-05 and Px0 = 2.000000e-03
68.50358819961548
Depth averaged velocity = -3.550997
Running simulation w/ ws = -8.333333e-05 and Px0 = 1.916668e-03
88.70025300979614
Depth averaged velocity = -3.476229
Running simulation w/ ws = -1.666667e-05 and Px0 = 2.500175e-04
89.06767439842224
Depth averaged velocity = -1.255443
Running simulation w/ ws = -6.666667e-05 and Px0 = 2.500175e-04
88.42823791503906
Depth averaged velocity = -1.255443
Running simulation w/ ws = 8.333333e-06 and Px0 = 1.833335e-03
89.46219825744629
Depth averaged velocity = -3.399817
Running simulation w/ ws = -6.666667e-05 and Px0 = 7.500125e-04
91.27573132514954
Depth averaged velocity = -2.174500
Running simulation w/ ws = 8.333333e-05 and Px0 = 2.500175e-04
88.84245014190674
Depth averaged velocity = -1.255443
Running simulation w/ ws = 5.000000e-05 and Px0 = 8.335250e-05
89.83613228797913
Depth averaged velocity = -0.724879
Running simulation w/ ws = 1.000000e-04 and Px0 = 1.500005e-03
88.78101062774658
Depth averaged velocity = -3.075240
Running simulation w/ ws = -8.333333e-05 and Px0 = 5.000150e-04
88.70165228843689
Depth averaged velocity = -1.775464
Running simulation w/ ws = 7.500000e-05 and Px0 = 1.500005e-03
88.09571886062622
Depth averaged velocity = -3.075240
Running simulation w/ ws = -1.666667e-05 and Px0 = 8.333450e-04
89.18125605583191
Depth averaged velocity = -2.292128
Running simulation w/ ws = -6.666667e-05 and Px0 = 8.333450e-04
89.34245038032532
Depth averaged velocity = -2.292128
Running simulation w/ ws = 5.833333e-05 and Px0 = 1.583338e-03
89.79035496711731
Depth averaged velocity = -3.159512
Running simulation w/ ws = 9.166667e-05 and Px0 = 8.333450e-04
89.53492188453674
Depth averaged velocity = -2.292128
Running simulation w/ ws = -7.500000e-05 and Px0 = 2.500175e-04
88.88476657867432
Depth averaged velocity = -1.255443
Running simulation w/ ws = 5.000000e-05 and Px0 = 2.000000e-08
88.23345923423767
Depth averaged velocity = -0.004842
Running simulation w/ ws = 0.000000e+00 and Px0 = 2.000000e-08
88.3270480632782
Depth averaged velocity = -0.004842
Running simulation w/ ws = -1.666667e-05 and Px0 = 9.166775e-04
90.67879009246826
Depth averaged velocity = -2.404008
Running simulation w/ ws = -7.500000e-05 and Px0 = 2.000000e-08
87.01288032531738
Depth averaged velocity = -0.004842
Running simulation w/ ws = 5.833333e-05 and Px0 = 2.000000e-03
88.22323632240295
Depth averaged velocity = -3.550997
Running simulation w/ ws = 3.333333e-05 and Px0 = 8.333450e-04
87.3362820148468
Depth averaged velocity = -2.292128
Running simulation w/ ws = -5.000000e-05 and Px0 = 7.500125e-04
88.99238920211792
Depth averaged velocity = -2.174500
Running simulation w/ ws = -8.333333e-06 and Px0 = 4.166825e-04
87.97853755950928
Depth averaged velocity = -1.620767
Running simulation w/ ws = -1.666667e-05 and Px0 = 3.333500e-04
87.89311265945435
Depth averaged velocity = -1.449658
Running simulation w/ ws = -4.166667e-05 and Px0 = 6.666800e-04
87.56714582443237
Depth averaged velocity = -2.050136
Running simulation w/ ws = 2.500000e-05 and Px0 = 1.166675e-03
87.36081004142761
Depth averaged velocity = -2.712096
Running simulation w/ ws = 1.000000e-04 and Px0 = 5.000150e-04
87.43774366378784
Depth averaged velocity = -1.775464
Running simulation w/ ws = 7.500000e-05 and Px0 = 9.166775e-04
89.04384756088257
Depth averaged velocity = -2.404008
Running simulation w/ ws = -2.500000e-05 and Px0 = 2.000000e-08
87.76795291900635
Depth averaged velocity = -0.004842
Running simulation w/ ws = -7.500000e-05 and Px0 = 1.333340e-03
90.03545832633972
Depth averaged velocity = -2.899359
Running simulation w/ ws = 3.333333e-05 and Px0 = 2.000000e-08
88.55364871025085
Depth averaged velocity = -0.004842
Running simulation w/ ws = 9.166667e-05 and Px0 = 5.833475e-04
87.7636206150055
Depth averaged velocity = -1.917723
Running simulation w/ ws = -7.500000e-05 and Px0 = 8.333450e-04
89.02933883666992
Depth averaged velocity = -2.292128
Running simulation w/ ws = -3.333333e-05 and Px0 = 2.500175e-04
88.34074974060059
Depth averaged velocity = -1.255443
Running simulation w/ ws = 8.333333e-06 and Px0 = 1.666850e-04
87.83971786499023
Depth averaged velocity = -1.025076
Running simulation w/ ws = -1.000000e-04 and Px0 = 4.166825e-04
87.50943899154663
Depth averaged velocity = -1.620767
Running simulation w/ ws = 1.000000e-04 and Px0 = 2.000000e-08
89.1520586013794
Depth averaged velocity = -0.004842
Running simulation w/ ws = -1.000000e-04 and Px0 = 1.500005e-03
88.19521880149841
Depth averaged velocity = -3.075240
Running simulation w/ ws = -7.500000e-05 and Px0 = 1.666850e-04
62.28608322143555
Depth averaged velocity = -1.025076
Running simulation w/ ws = -8.333333e-06 and Px0 = 1.666670e-03
88.08688068389893
Depth averaged velocity = -3.241593
Running simulation w/ ws = -8.333333e-05 and Px0 = 4.166825e-04
88.7704725265503
Depth averaged velocity = -1.620767
Running simulation w/ ws = 9.166667e-05 and Px0 = 6.666800e-04
89.01786303520203
Depth averaged velocity = -2.050136
Running simulation w/ ws = -5.000000e-05 and Px0 = 8.333450e-04
89.22828793525696
Depth averaged velocity = -2.292128
Running simulation w/ ws = -8.333333e-05 and Px0 = 1.666850e-04
89.21532344818115
Depth averaged velocity = -1.025076
Running simulation w/ ws = -6.666667e-05 and Px0 = 5.833475e-04
90.82710886001587
Depth averaged velocity = -1.917723
Running simulation w/ ws = 5.000000e-05 and Px0 = 6.666800e-04
89.37753057479858
Depth averaged velocity = -2.050136
Running simulation w/ ws = -8.333333e-05 and Px0 = 2.000000e-03
89.44975185394287
Depth averaged velocity = -3.550997
Running simulation w/ ws = 5.000000e-05 and Px0 = 5.000150e-04
88.58090257644653
Depth averaged velocity = -1.775464
Running simulation w/ ws = -8.333333e-06 and Px0 = 6.666800e-04
91.40298843383789
Depth averaged velocity = -2.050136
Running simulation w/ ws = -8.333333e-06 and Px0 = 3.333500e-04
90.06872367858887
Depth averaged velocity = -1.449658
Running simulation w/ ws = 5.000000e-05 and Px0 = 4.166825e-04
87.97587132453918
Depth averaged velocity = -1.620767
Running simulation w/ ws = -9.166667e-05 and Px0 = 1.500005e-03
87.98164129257202
Depth averaged velocity = -3.075240
Running simulation w/ ws = 5.833333e-05 and Px0 = 1.416673e-03
88.32182002067566
Depth averaged velocity = -2.988594
Running simulation w/ ws = -1.000000e-04 and Px0 = 1.416673e-03
89.36837697029114
Depth averaged velocity = -2.988594
Running simulation w/ ws = -5.833333e-05 and Px0 = 1.250008e-03
87.30682945251465
Depth averaged velocity = -2.807289
Running simulation w/ ws = -8.333333e-06 and Px0 = 2.000000e-08
88.23384499549866
Depth averaged velocity = -0.004842
Running simulation w/ ws = 7.500000e-05 and Px0 = 8.333450e-04
88.68414092063904
Depth averaged velocity = -2.292128
Running simulation w/ ws = 8.333333e-06 and Px0 = 5.833475e-04
88.19620513916016
Depth averaged velocity = -1.917723
Running simulation w/ ws = -1.666667e-05 and Px0 = 4.166825e-04
88.02391266822815
Depth averaged velocity = -1.620767
Running simulation w/ ws = 0.000000e+00 and Px0 = 1.083343e-03
89.40513467788696
Depth averaged velocity = -2.613438
Running simulation w/ ws = -8.333333e-05 and Px0 = 1.583338e-03
87.67742013931274
Depth averaged velocity = -3.159512
Running simulation w/ ws = 8.333333e-05 and Px0 = 6.666800e-04
88.8844792842865
Depth averaged velocity = -2.050136
Running simulation w/ ws = 2.500000e-05 and Px0 = 1.666850e-04
87.98448491096497
Depth averaged velocity = -1.025076
Running simulation w/ ws = -4.166667e-05 and Px0 = 2.500175e-04
87.69752883911133
Depth averaged velocity = -1.255443
Running simulation w/ ws = 0.000000e+00 and Px0 = 9.166775e-04
88.1026451587677
Depth averaged velocity = -2.404008
Running simulation w/ ws = 5.833333e-05 and Px0 = 8.335250e-05
89.4075243473053
Depth averaged velocity = -0.724879
Running simulation w/ ws = 8.333333e-06 and Px0 = 1.500005e-03
86.92100858688354
Depth averaged velocity = -3.075240
Running simulation w/ ws = 7.500000e-05 and Px0 = 2.000000e-03
87.47865033149719
Depth averaged velocity = -3.550997
Running simulation w/ ws = -5.833333e-05 and Px0 = 1.083343e-03
88.97589778900146
Depth averaged velocity = -2.613438
Running simulation w/ ws = 2.500000e-05 and Px0 = 5.000150e-04
88.2902626991272
Depth averaged velocity = -1.775464
Running simulation w/ ws = 4.166667e-05 and Px0 = 1.083343e-03
91.00787496566772
Depth averaged velocity = -2.613438
Running simulation w/ ws = -1.000000e-04 and Px0 = 7.500125e-04
87.57314491271973
Depth averaged velocity = -2.174500
Running simulation w/ ws = 2.500000e-05 and Px0 = 2.000000e-03
88.9893593788147
Depth averaged velocity = -3.550997
Running simulation w/ ws = -6.666667e-05 and Px0 = 3.333500e-04
88.78807020187378
Depth averaged velocity = -1.449658
Running simulation w/ ws = 4.166667e-05 and Px0 = 8.333450e-04
87.38716459274292
Depth averaged velocity = -2.292128
Running simulation w/ ws = -9.166667e-05 and Px0 = 1.250008e-03
88.57688856124878
Depth averaged velocity = -2.807289
Running simulation w/ ws = -3.333333e-05 and Px0 = 7.500125e-04
88.48206114768982
Depth averaged velocity = -2.174500
Running simulation w/ ws = -3.333333e-05 and Px0 = 1.833335e-03
60.6423864364624
Depth averaged velocity = -3.399817
Running simulation w/ ws = -4.166667e-05 and Px0 = 1.166675e-03
88.30007481575012
Depth averaged velocity = -2.712096
Running simulation w/ ws = -5.833333e-05 and Px0 = 1.833335e-03
87.61112117767334
Depth averaged velocity = -3.399817
Running simulation w/ ws = 6.666667e-05 and Px0 = 1.333340e-03
87.33135914802551
Depth averaged velocity = -2.899359
Running simulation w/ ws = 2.500000e-05 and Px0 = 2.000000e-08
87.1996717453003
Depth averaged velocity = -0.004842
Running simulation w/ ws = 5.000000e-05 and Px0 = 1.333340e-03
87.99521374702454
Depth averaged velocity = -2.899359
Running simulation w/ ws = -7.500000e-05 and Px0 = 1.083343e-03
90.64784932136536
Depth averaged velocity = -2.613438
Running simulation w/ ws = 8.333333e-06 and Px0 = 8.335250e-05
87.99241065979004
Depth averaged velocity = -0.724879
Running simulation w/ ws = -9.166667e-05 and Px0 = 1.333340e-03
87.39999651908875
Depth averaged velocity = -2.899359
Running simulation w/ ws = -7.500000e-05 and Px0 = 3.333500e-04
88.46330523490906
Depth averaged velocity = -1.449658
Running simulation w/ ws = -1.666667e-05 and Px0 = 1.416673e-03
88.91412997245789
Depth averaged velocity = -2.988594
Running simulation w/ ws = 1.000000e-04 and Px0 = 1.666670e-03
88.20985674858093
Depth averaged velocity = -3.241593
Running simulation w/ ws = 3.333333e-05 and Px0 = 1.166675e-03
88.6533989906311
Depth averaged velocity = -2.712096
Running simulation w/ ws = -1.666667e-05 and Px0 = 1.166675e-03
87.83158922195435
Depth averaged velocity = -2.712096
Running simulation w/ ws = -3.333333e-05 and Px0 = 5.833475e-04
86.7987265586853
Depth averaged velocity = -1.917723
Running simulation w/ ws = -5.833333e-05 and Px0 = 2.000000e-08
87.82727313041687
Depth averaged velocity = -0.004842
Running simulation w/ ws = -1.666667e-05 and Px0 = 1.000010e-03
89.81496095657349
Depth averaged velocity = -2.510907
Running simulation w/ ws = -6.666667e-05 and Px0 = 1.416673e-03
88.17148566246033
Depth averaged velocity = -2.988594
Running simulation w/ ws = 9.166667e-05 and Px0 = 3.333500e-04
87.46624827384949
Depth averaged velocity = -1.449658
Running simulation w/ ws = 4.166667e-05 and Px0 = 8.335250e-05
87.02575635910034
Depth averaged velocity = -0.724879
Running simulation w/ ws = -3.333333e-05 and Px0 = 1.666850e-04
62.9062876701355
Depth averaged velocity = -1.025076
Running simulation w/ ws = 1.000000e-04 and Px0 = 1.666850e-04
88.77497911453247
Depth averaged velocity = -1.025076
Running simulation w/ ws = 2.500000e-05 and Px0 = 1.250008e-03
89.32226634025574
Depth averaged velocity = -2.807289
Running simulation w/ ws = -1.666667e-05 and Px0 = 1.916668e-03
88.97039270401001
Depth averaged velocity = -3.476229
Running simulation w/ ws = 7.500000e-05 and Px0 = 1.083343e-03
87.91123723983765
Depth averaged velocity = -2.613438
Running simulation w/ ws = -2.500000e-05 and Px0 = 1.083343e-03
88.20406079292297
Depth averaged velocity = -2.613438
Running simulation w/ ws = -3.333333e-05 and Px0 = 8.335250e-05
88.18768119812012
Depth averaged velocity = -0.724879
Running simulation w/ ws = 7.500000e-05 and Px0 = 2.000000e-08
89.95324277877808
Depth averaged velocity = -0.004842
Running simulation w/ ws = -4.166667e-05 and Px0 = 1.583338e-03
90.22744512557983
Depth averaged velocity = -3.159512
Running simulation w/ ws = -9.166667e-05 and Px0 = 1.916668e-03
88.78107523918152
Depth averaged velocity = -3.476229
Running simulation w/ ws = -8.333333e-06 and Px0 = 9.166775e-04
89.28735828399658
Depth averaged velocity = -2.404008
Running simulation w/ ws = -2.500000e-05 and Px0 = 1.333340e-03
87.81989002227783
Depth averaged velocity = -2.899359
Running simulation w/ ws = 5.833333e-05 and Px0 = 4.166825e-04
88.91266131401062
Depth averaged velocity = -1.620767
Running simulation w/ ws = 1.000000e-04 and Px0 = 1.250008e-03
88.50430655479431
Depth averaged velocity = -2.807289
Running simulation w/ ws = -9.166667e-05 and Px0 = 9.166775e-04
87.92069482803345
Depth averaged velocity = -2.404008
Running simulation w/ ws = -3.333333e-05 and Px0 = 1.000010e-03
87.51812744140625
Depth averaged velocity = -2.510907
Running simulation w/ ws = -9.166667e-05 and Px0 = 1.583338e-03
87.83507871627808
Depth averaged velocity = -3.159512
Running simulation w/ ws = 2.500000e-05 and Px0 = 1.583338e-03
87.54675650596619
Depth averaged velocity = -3.159512
Running simulation w/ ws = -5.833333e-05 and Px0 = 1.916668e-03
87.92873167991638
Depth averaged velocity = -3.476229
Running simulation w/ ws = 9.166667e-05 and Px0 = 1.500005e-03
88.78082799911499
Depth averaged velocity = -3.075240
Running simulation w/ ws = -5.000000e-05 and Px0 = 1.166675e-03
59.70363736152649
Depth averaged velocity = -2.712096
Running simulation w/ ws = 6.666667e-05 and Px0 = 1.166675e-03
88.64708852767944
Depth averaged velocity = -2.712096
Running simulation w/ ws = -9.166667e-05 and Px0 = 2.500175e-04
88.36073231697083
Depth averaged velocity = -1.255443
Running simulation w/ ws = 1.000000e-04 and Px0 = 1.750003e-03
87.70525479316711
Depth averaged velocity = -3.321647
Running simulation w/ ws = 8.333333e-06 and Px0 = 2.000000e-08
88.0561466217041
Depth averaged velocity = -0.004842
Running simulation w/ ws = -9.166667e-05 and Px0 = 8.333450e-04
87.88773441314697
Depth averaged velocity = -2.292128
Running simulation w/ ws = 2.500000e-05 and Px0 = 6.666800e-04
88.4578788280487
Depth averaged velocity = -2.050136
Running simulation w/ ws = -7.500000e-05 and Px0 = 9.166775e-04
87.97918558120728
Depth averaged velocity = -2.404008
Running simulation w/ ws = -8.333333e-05 and Px0 = 8.333450e-04
87.36690783500671
Depth averaged velocity = -2.292128
Running simulation w/ ws = 8.333333e-05 and Px0 = 4.166825e-04
87.68220162391663
Depth averaged velocity = -1.620767
Running simulation w/ ws = 2.500000e-05 and Px0 = 1.750003e-03
88.96272563934326
Depth averaged velocity = -3.321647
Running simulation w/ ws = -6.666667e-05 and Px0 = 1.583338e-03
89.75702214241028
Depth averaged velocity = -3.159512
Running simulation w/ ws = -5.833333e-05 and Px0 = 1.583338e-03
87.22094535827637
Depth averaged velocity = -3.159512
Running simulation w/ ws = -1.666667e-05 and Px0 = 1.750003e-03
89.16029596328735
Depth averaged velocity = -3.321647
Running simulation w/ ws = -5.833333e-05 and Px0 = 9.166775e-04
92.79923367500305
Depth averaged velocity = -2.404008
Running simulation w/ ws = -5.833333e-05 and Px0 = 2.000000e-03
88.76823878288269
Depth averaged velocity = -3.550997
Running simulation w/ ws = -1.000000e-04 and Px0 = 6.666800e-04
89.57292199134827
Depth averaged velocity = -2.050136
Running simulation w/ ws = 6.666667e-05 and Px0 = 1.416673e-03
89.59004998207092
Depth averaged velocity = -2.988594
Running simulation w/ ws = -8.333333e-05 and Px0 = 1.333340e-03
89.24777126312256
Depth averaged velocity = -2.899359
Running simulation w/ ws = -9.166667e-05 and Px0 = 1.833335e-03
88.86306643486023
Depth averaged velocity = -3.399817
Running simulation w/ ws = 8.333333e-06 and Px0 = 1.000010e-03
88.20065760612488
Depth averaged velocity = -2.510907
Running simulation w/ ws = 8.333333e-06 and Px0 = 5.000150e-04
88.22653150558472
Depth averaged velocity = -1.775464
Running simulation w/ ws = -8.333333e-06 and Px0 = 7.500125e-04
89.23898530006409
Depth averaged velocity = -2.174500
Running simulation w/ ws = 4.166667e-05 and Px0 = 2.500175e-04
88.45026540756226
Depth averaged velocity = -1.255443
Running simulation w/ ws = 6.666667e-05 and Px0 = 9.166775e-04
88.54972100257874
Depth averaged velocity = -2.404008
Running simulation w/ ws = 1.000000e-04 and Px0 = 3.333500e-04
88.907550573349
Depth averaged velocity = -1.449658
Running simulation w/ ws = -9.166667e-05 and Px0 = 3.333500e-04
89.05798125267029
Depth averaged velocity = -1.449658
Running simulation w/ ws = 3.333333e-05 and Px0 = 1.666670e-03
87.98770046234131
Depth averaged velocity = -3.241593
Running simulation w/ ws = 5.000000e-05 and Px0 = 1.000010e-03
88.64947986602783
Depth averaged velocity = -2.510907
Running simulation w/ ws = -9.166667e-05 and Px0 = 6.666800e-04
90.29507780075073
Depth averaged velocity = -2.050136
Running simulation w/ ws = -5.000000e-05 and Px0 = 1.416673e-03
89.37484431266785
Depth averaged velocity = -2.988594
Running simulation w/ ws = 1.666667e-05 and Px0 = 8.333450e-04
89.58349514007568
Depth averaged velocity = -2.292128
Running simulation w/ ws = 4.166667e-05 and Px0 = 1.250008e-03
88.0640549659729
Depth averaged velocity = -2.807289
Running simulation w/ ws = 8.333333e-06 and Px0 = 2.500175e-04
88.7608995437622
Depth averaged velocity = -1.255443
Running simulation w/ ws = 5.000000e-05 and Px0 = 1.583338e-03
89.47516226768494
Depth averaged velocity = -3.159512
Running simulation w/ ws = -7.500000e-05 and Px0 = 4.166825e-04
88.77316474914551
Depth averaged velocity = -1.620767
Running simulation w/ ws = 5.833333e-05 and Px0 = 1.833335e-03
88.8648784160614
Depth averaged velocity = -3.399817
Running simulation w/ ws = -5.833333e-05 and Px0 = 1.000010e-03
88.2205138206482
Depth averaged velocity = -2.510907
Running simulation w/ ws = 1.000000e-04 and Px0 = 4.166825e-04
89.56882548332214
Depth averaged velocity = -1.620767
Running simulation w/ ws = -9.166667e-05 and Px0 = 1.666850e-04
90.48743009567261
Depth averaged velocity = -1.025076
Running simulation w/ ws = 5.000000e-05 and Px0 = 9.166775e-04
89.07624220848083
Depth averaged velocity = -2.404008
Running simulation w/ ws = -4.166667e-05 and Px0 = 1.750003e-03
90.04114508628845
Depth averaged velocity = -3.321647
Running simulation w/ ws = -7.500000e-05 and Px0 = 1.250008e-03
88.73680758476257
Depth averaged velocity = -2.807289
Running simulation w/ ws = 0.000000e+00 and Px0 = 5.000150e-04
88.29005265235901
Depth averaged velocity = -1.775464
Running simulation w/ ws = -1.666667e-05 and Px0 = 1.250008e-03
88.14113783836365
Depth averaged velocity = -2.807289
Running simulation w/ ws = -5.000000e-05 and Px0 = 2.000000e-03
88.35694313049316
Depth averaged velocity = -3.550997
Running simulation w/ ws = 6.666667e-05 and Px0 = 6.666800e-04
88.7034261226654
Depth averaged velocity = -2.050136
Running simulation w/ ws = 1.666667e-05 and Px0 = 6.666800e-04
89.65416741371155
Depth averaged velocity = -2.050136
Running simulation w/ ws = 1.000000e-04 and Px0 = 1.333340e-03
89.52149820327759
Depth averaged velocity = -2.899359
Running simulation w/ ws = -1.666667e-05 and Px0 = 5.000150e-04
88.89730381965637
Depth averaged velocity = -1.775464
Running simulation w/ ws = 5.000000e-05 and Px0 = 1.166675e-03
88.30819582939148
Depth averaged velocity = -2.712096
Running simulation w/ ws = 0.000000e+00 and Px0 = 6.666800e-04
89.01126170158386
Depth averaged velocity = -2.050136
Running simulation w/ ws = -1.666667e-05 and Px0 = 1.500005e-03
88.93764352798462
Depth averaged velocity = -3.075240
Running simulation w/ ws = -9.166667e-05 and Px0 = 2.000000e-08
88.49779152870178
Depth averaged velocity = -0.004842
Running simulation w/ ws = 3.333333e-05 and Px0 = 1.000010e-03
90.5111711025238
Depth averaged velocity = -2.510907
Running simulation w/ ws = -1.000000e-04 and Px0 = 1.583338e-03
89.08598375320435
Depth averaged velocity = -3.159512
Running simulation w/ ws = -1.000000e-04 and Px0 = 2.000000e-03
90.27731323242188
Depth averaged velocity = -3.550997
Running simulation w/ ws = 2.500000e-05 and Px0 = 1.833335e-03
87.7912540435791
Depth averaged velocity = -3.399817
Running simulation w/ ws = -2.500000e-05 and Px0 = 1.166675e-03
88.71945452690125
Depth averaged velocity = -2.712096
Running simulation w/ ws = -7.500000e-05 and Px0 = 1.500005e-03
88.57145643234253
Depth averaged velocity = -3.075240
Running simulation w/ ws = -1.000000e-04 and Px0 = 1.750003e-03
88.5304536819458
Depth averaged velocity = -3.321647
Running simulation w/ ws = -9.166667e-05 and Px0 = 1.166675e-03
90.89791655540466
Depth averaged velocity = -2.712096
Running simulation w/ ws = -1.000000e-04 and Px0 = 2.500175e-04
88.2101354598999
Depth averaged velocity = -1.255443
Running simulation w/ ws = -4.166667e-05 and Px0 = 1.916668e-03
89.5466365814209
Depth averaged velocity = -3.476229
Running simulation w/ ws = 8.333333e-06 and Px0 = 1.916668e-03
89.0631890296936
Depth averaged velocity = -3.476229
Running simulation w/ ws = -9.166667e-05 and Px0 = 1.666670e-03
88.9176573753357
Depth averaged velocity = -3.241593
Running simulation w/ ws = 6.666667e-05 and Px0 = 8.335250e-05
89.19081234931946
Depth averaged velocity = -0.724879
Running simulation w/ ws = 1.000000e-04 and Px0 = 8.333450e-04
89.50403022766113
Depth averaged velocity = -2.292128
Running simulation w/ ws = 9.166667e-05 and Px0 = 1.666670e-03
90.04843425750732
Depth averaged velocity = -3.241593
Running simulation w/ ws = 1.000000e-04 and Px0 = 1.166675e-03
88.00294780731201
Depth averaged velocity = -2.712096
Running simulation w/ ws = 1.666667e-05 and Px0 = 1.000010e-03
89.02089333534241
Depth averaged velocity = -2.510907
Running simulation w/ ws = -2.500000e-05 and Px0 = 7.500125e-04
87.47656917572021
Depth averaged velocity = -2.174500
Running simulation w/ ws = 7.500000e-05 and Px0 = 7.500125e-04
88.448566198349
Depth averaged velocity = -2.174500
Running simulation w/ ws = -8.333333e-06 and Px0 = 5.833475e-04
88.42412400245667
Depth averaged velocity = -1.917723
Running simulation w/ ws = 9.166667e-05 and Px0 = 9.166775e-04
89.24272155761719
Depth averaged velocity = -2.404008
Running simulation w/ ws = 0.000000e+00 and Px0 = 1.333340e-03
88.6410117149353
Depth averaged velocity = -2.899359
Running simulation w/ ws = 9.166667e-05 and Px0 = 2.500175e-04
88.2985897064209
Depth averaged velocity = -1.255443
Running simulation w/ ws = 8.333333e-06 and Px0 = 1.333340e-03
88.67126083374023
Depth averaged velocity = -2.899359
Running simulation w/ ws = 6.666667e-05 and Px0 = 8.333450e-04
89.64460825920105
Depth averaged velocity = -2.292128
Running simulation w/ ws = 5.000000e-05 and Px0 = 1.250008e-03
88.4985249042511
Depth averaged velocity = -2.807289
Running simulation w/ ws = -5.000000e-05 and Px0 = 2.000000e-08
88.18471026420593
Depth averaged velocity = -0.004842
Running simulation w/ ws = -8.333333e-05 and Px0 = 1.750003e-03
88.05839323997498
Depth averaged velocity = -3.321647
Running simulation w/ ws = 8.333333e-06 and Px0 = 1.750003e-03
88.51627373695374
Depth averaged velocity = -3.321647
Running simulation w/ ws = 0.000000e+00 and Px0 = 1.500005e-03
88.4612398147583
Depth averaged velocity = -3.075240
Running simulation w/ ws = -8.333333e-06 and Px0 = 1.833335e-03
88.08244180679321
Depth averaged velocity = -3.399817
Running simulation w/ ws = 5.000000e-05 and Px0 = 5.833475e-04
87.72515296936035
Depth averaged velocity = -1.917723
Running simulation w/ ws = 4.166667e-05 and Px0 = 1.333340e-03
87.37149548530579
Depth averaged velocity = -2.899359
Running simulation w/ ws = 1.666667e-05 and Px0 = 5.000150e-04
87.59965205192566
Depth averaged velocity = -1.775464
Running simulation w/ ws = 8.333333e-05 and Px0 = 5.833475e-04
89.32002210617065
Depth averaged velocity = -1.917723
Running simulation w/ ws = 3.333333e-05 and Px0 = 1.916668e-03
88.3173975944519
Depth averaged velocity = -3.476229
Running simulation w/ ws = -4.166667e-05 and Px0 = 1.250008e-03
88.19748616218567
Depth averaged velocity = -2.807289
Running simulation w/ ws = 8.333333e-06 and Px0 = 6.666800e-04
88.37885332107544
Depth averaged velocity = -2.050136
Running simulation w/ ws = 8.333333e-06 and Px0 = 4.166825e-04
89.45583367347717
Depth averaged velocity = -1.620767
Running simulation w/ ws = 2.500000e-05 and Px0 = 9.166775e-04
89.10264086723328
Depth averaged velocity = -2.404008
Running simulation w/ ws = 5.833333e-05 and Px0 = 1.666670e-03
88.52487206459045
Depth averaged velocity = -3.241593
Running simulation w/ ws = 6.666667e-05 and Px0 = 2.000000e-08
88.2327048778534
Depth averaged velocity = -0.004842
Running simulation w/ ws = -8.333333e-05 and Px0 = 1.166675e-03
60.47631645202637
Depth averaged velocity = -2.712096
Running simulation w/ ws = -1.666667e-05 and Px0 = 1.333340e-03
87.58232617378235
Depth averaged velocity = -2.899359
Running simulation w/ ws = 4.166667e-05 and Px0 = 5.000150e-04
87.57968044281006
Depth averaged velocity = -1.775464
Running simulation w/ ws = 9.166667e-05 and Px0 = 1.583338e-03
86.85868716239929
Depth averaged velocity = -3.159512
Running simulation w/ ws = -2.500000e-05 and Px0 = 3.333500e-04
87.65836071968079
Depth averaged velocity = -1.449658
Running simulation w/ ws = -8.333333e-06 and Px0 = 2.000000e-03
88.2904589176178
Depth averaged velocity = -3.550997
Running simulation w/ ws = 9.166667e-05 and Px0 = 1.916668e-03
88.89593362808228
Depth averaged velocity = -3.476229
Running simulation w/ ws = -8.333333e-05 and Px0 = 1.666670e-03
87.9208197593689
Depth averaged velocity = -3.241593
Running simulation w/ ws = 8.333333e-05 and Px0 = 1.333340e-03
87.69153070449829
Depth averaged velocity = -2.899359
Running simulation w/ ws = 8.333333e-06 and Px0 = 2.000000e-03
89.52349472045898
Depth averaged velocity = -3.550997
Running simulation w/ ws = -5.833333e-05 and Px0 = 6.666800e-04
87.04980611801147
Depth averaged velocity = -2.050136
Running simulation w/ ws = 1.666667e-05 and Px0 = 3.333500e-04
87.43572759628296
Depth averaged velocity = -1.449658
Running simulation w/ ws = -1.000000e-04 and Px0 = 1.666670e-03
88.14238286018372
Depth averaged velocity = -3.241593
Running simulation w/ ws = 5.833333e-05 and Px0 = 1.750003e-03
87.51053810119629
Depth averaged velocity = -3.321647
Running simulation w/ ws = 7.500000e-05 and Px0 = 1.250008e-03
87.08978390693665
Depth averaged velocity = -2.807289
Running simulation w/ ws = -1.000000e-04 and Px0 = 1.333340e-03
87.84138131141663
Depth averaged velocity = -2.899359
Running simulation w/ ws = -4.166667e-05 and Px0 = 1.000010e-03
87.67519330978394
Depth averaged velocity = -2.510907
Running simulation w/ ws = -2.500000e-05 and Px0 = 1.583338e-03
87.79101824760437
Depth averaged velocity = -3.159512
Running simulation w/ ws = 0.000000e+00 and Px0 = 1.750003e-03
87.7997875213623
Depth averaged velocity = -3.321647
Running simulation w/ ws = 0.000000e+00 and Px0 = 4.166825e-04
87.79273891448975
Depth averaged velocity = -1.620767
Running simulation w/ ws = 5.833333e-05 and Px0 = 8.333450e-04
65.28013920783997
Depth averaged velocity = -2.292128
Running simulation w/ ws = -2.500000e-05 and Px0 = 6.666800e-04
87.52213454246521
Depth averaged velocity = -2.050136
Running simulation w/ ws = -3.333333e-05 and Px0 = 1.500005e-03
89.51744937896729
Depth averaged velocity = -3.075240
Running simulation w/ ws = 4.166667e-05 and Px0 = 1.916668e-03
89.35367226600647
Depth averaged velocity = -3.476229
Running simulation w/ ws = 9.166667e-05 and Px0 = 1.000010e-03
88.99869728088379
Depth averaged velocity = -2.510907
Running simulation w/ ws = -8.333333e-05 and Px0 = 1.833335e-03
89.52690386772156
Depth averaged velocity = -3.399817
Running simulation w/ ws = 5.000000e-05 and Px0 = 3.333500e-04
89.27119755744934
Depth averaged velocity = -1.449658
Running simulation w/ ws = -1.666667e-05 and Px0 = 2.000000e-03
89.6672465801239
Depth averaged velocity = -3.550997
Running simulation w/ ws = 7.500000e-05 and Px0 = 1.666670e-03
88.06516790390015
Depth averaged velocity = -3.241593
Running simulation w/ ws = 8.333333e-06 and Px0 = 7.500125e-04
88.49553322792053
Depth averaged velocity = -2.174500
Running simulation w/ ws = 8.333333e-05 and Px0 = 9.166775e-04
89.87934827804565
Depth averaged velocity = -2.404008
Running simulation w/ ws = -6.666667e-05 and Px0 = 5.000150e-04
88.99358034133911
Depth averaged velocity = -1.775464
Running simulation w/ ws = -2.500000e-05 and Px0 = 1.666670e-03
88.24804401397705
Depth averaged velocity = -3.241593
Running simulation w/ ws = 4.166667e-05 and Px0 = 1.000010e-03
88.7662410736084
Depth averaged velocity = -2.510907
Running simulation w/ ws = -4.166667e-05 and Px0 = 1.416673e-03
88.9478223323822
Depth averaged velocity = -2.988594
Running simulation w/ ws = 6.666667e-05 and Px0 = 1.666670e-03
89.73800706863403
Depth averaged velocity = -3.241593
Running simulation w/ ws = 5.000000e-05 and Px0 = 7.500125e-04
89.66655540466309
Depth averaged velocity = -2.174500
Running simulation w/ ws = -2.500000e-05 and Px0 = 1.666850e-04
88.51061487197876
Depth averaged velocity = -1.025076
Running simulation w/ ws = -4.166667e-05 and Px0 = 3.333500e-04
89.41037344932556
Depth averaged velocity = -1.449658
Running simulation w/ ws = -6.666667e-05 and Px0 = 4.166825e-04
87.92260599136353
Depth averaged velocity = -1.620767
Running simulation w/ ws = -8.333333e-06 and Px0 = 1.333340e-03
88.43924736976624
Depth averaged velocity = -2.899359
Running simulation w/ ws = -3.333333e-05 and Px0 = 5.000150e-04
94.67024326324463
Depth averaged velocity = -1.775464
Running simulation w/ ws = -5.833333e-05 and Px0 = 7.500125e-04
88.97762131690979
Depth averaged velocity = -2.174500
Running simulation w/ ws = -3.333333e-05 and Px0 = 1.166675e-03
90.30752325057983
Depth averaged velocity = -2.712096
Running simulation w/ ws = 1.666667e-05 and Px0 = 1.666670e-03
88.90914559364319
Depth averaged velocity = -3.241593
Running simulation w/ ws = -6.666667e-05 and Px0 = 6.666800e-04
88.46495652198792
Depth averaged velocity = -2.050136
Running simulation w/ ws = -4.166667e-05 and Px0 = 1.500005e-03
89.27962279319763
Depth averaged velocity = -3.075240
Running simulation w/ ws = -8.333333e-06 and Px0 = 1.000010e-03
90.68090844154358
Depth averaged velocity = -2.510907
Running simulation w/ ws = 6.666667e-05 and Px0 = 1.916668e-03
90.47301697731018
Depth averaged velocity = -3.476229
Running simulation w/ ws = -3.333333e-05 and Px0 = 1.250008e-03
88.61240315437317
Depth averaged velocity = -2.807289
Running simulation w/ ws = -3.333333e-05 and Px0 = 1.583338e-03
88.55609035491943
Depth averaged velocity = -3.159512
Running simulation w/ ws = -2.500000e-05 and Px0 = 9.166775e-04
90.48669672012329
Depth averaged velocity = -2.404008
Running simulation w/ ws = 8.333333e-06 and Px0 = 9.166775e-04
89.5388572216034
Depth averaged velocity = -2.404008
Running simulation w/ ws = -7.500000e-05 and Px0 = 5.833475e-04
88.62103939056396
Depth averaged velocity = -1.917723
Running simulation w/ ws = 4.166667e-05 and Px0 = 1.500005e-03
91.66738867759705
Depth averaged velocity = -3.075240
Running simulation w/ ws = -1.000000e-04 and Px0 = 9.166775e-04
89.52372407913208
Depth averaged velocity = -2.404008
Running simulation w/ ws = 5.833333e-05 and Px0 = 9.166775e-04
90.91800355911255
Depth averaged velocity = -2.404008
Running simulation w/ ws = -3.333333e-05 and Px0 = 1.083343e-03
88.53080487251282
Depth averaged velocity = -2.613438
Running simulation w/ ws = -6.666667e-05 and Px0 = 1.250008e-03
83.99796772003174
Depth averaged velocity = -2.807289
Running simulation w/ ws = 1.666667e-05 and Px0 = 1.833335e-03
88.82495331764221
Depth averaged velocity = -3.399817
Running simulation w/ ws = 3.333333e-05 and Px0 = 1.750003e-03
88.08429789543152
Depth averaged velocity = -3.321647
Running simulation w/ ws = -8.333333e-05 and Px0 = 1.083343e-03
89.53637170791626
Depth averaged velocity = -2.613438
Running simulation w/ ws = 0.000000e+00 and Px0 = 2.000000e-03
87.90427708625793
Depth averaged velocity = -3.550997
Running simulation w/ ws = -5.833333e-05 and Px0 = 4.166825e-04
89.13829684257507
Depth averaged velocity = -1.620767
Running simulation w/ ws = 5.000000e-05 and Px0 = 2.500175e-04
88.4302544593811
Depth averaged velocity = -1.255443
Running simulation w/ ws = -5.833333e-05 and Px0 = 5.000150e-04
87.71095752716064
Depth averaged velocity = -1.775464
Running simulation w/ ws = -2.500000e-05 and Px0 = 5.833475e-04
87.33594727516174
Depth averaged velocity = -1.917723
Running simulation w/ ws = -1.000000e-04 and Px0 = 3.333500e-04
89.89577913284302
Depth averaged velocity = -1.449658
Running simulation w/ ws = -3.333333e-05 and Px0 = 8.333450e-04
89.75058317184448
Depth averaged velocity = -2.292128
Running simulation w/ ws = -1.666667e-05 and Px0 = 1.083343e-03
89.19251942634583
Depth averaged velocity = -2.613438
Running simulation w/ ws = 5.000000e-05 and Px0 = 8.333450e-04
89.97138333320618
Depth averaged velocity = -2.292128
Running simulation w/ ws = -8.333333e-05 and Px0 = 2.000000e-08
88.04371118545532
Depth averaged velocity = -0.004842
Running simulation w/ ws = -4.166667e-05 and Px0 = 9.166775e-04
90.33440613746643
Depth averaged velocity = -2.404008
Running simulation w/ ws = 2.500000e-05 and Px0 = 8.335250e-05
92.70730996131897
Depth averaged velocity = -0.724879
Running simulation w/ ws = -3.333333e-05 and Px0 = 1.916668e-03
87.58250880241394
Depth averaged velocity = -3.476229
Running simulation w/ ws = 1.666667e-05 and Px0 = 1.416673e-03
90.24065470695496
Depth averaged velocity = -2.988594
Running simulation w/ ws = 6.666667e-05 and Px0 = 7.500125e-04
87.63604593276978
Depth averaged velocity = -2.174500
Running simulation w/ ws = -7.500000e-05 and Px0 = 1.750003e-03
87.70571541786194
Depth averaged velocity = -3.321647
Running simulation w/ ws = 9.166667e-05 and Px0 = 1.333340e-03
90.29410147666931
Depth averaged velocity = -2.899359
Running simulation w/ ws = -7.500000e-05 and Px0 = 7.500125e-04
88.8172345161438
Depth averaged velocity = -2.174500
Running simulation w/ ws = -7.500000e-05 and Px0 = 1.166675e-03
88.27872705459595
Depth averaged velocity = -2.712096
Running simulation w/ ws = -2.500000e-05 and Px0 = 1.416673e-03
89.07412719726562
Depth averaged velocity = -2.988594
Running simulation w/ ws = -8.333333e-05 and Px0 = 5.833475e-04
89.24676537513733
Depth averaged velocity = -1.917723
Running simulation w/ ws = -9.166667e-05 and Px0 = 1.750003e-03
88.57996225357056
Depth averaged velocity = -3.321647
Running simulation w/ ws = 8.333333e-05 and Px0 = 1.833335e-03
91.15193343162537
Depth averaged velocity = -3.399817
Running simulation w/ ws = 3.333333e-05 and Px0 = 6.666800e-04
88.66171979904175
Depth averaged velocity = -2.050136
Running simulation w/ ws = -2.500000e-05 and Px0 = 8.333450e-04
90.35551571846008
Depth averaged velocity = -2.292128
Running simulation w/ ws = -7.500000e-05 and Px0 = 1.416673e-03
89.15559339523315
Depth averaged velocity = -2.988594
Running simulation w/ ws = -5.833333e-05 and Px0 = 3.333500e-04
88.48884081840515
Depth averaged velocity = -1.449658
Running simulation w/ ws = 8.333333e-05 and Px0 = 1.083343e-03
90.17171907424927
Depth averaged velocity = -2.613438
Running simulation w/ ws = 6.666667e-05 and Px0 = 1.833335e-03
89.73572516441345
Depth averaged velocity = -3.399817
Running simulation w/ ws = 9.166667e-05 and Px0 = 7.500125e-04
89.63854169845581
Depth averaged velocity = -2.174500
Running simulation w/ ws = 1.666667e-05 and Px0 = 1.750003e-03
89.29112887382507
Depth averaged velocity = -3.321647
Running simulation w/ ws = -8.333333e-06 and Px0 = 1.583338e-03
88.27009010314941
Depth averaged velocity = -3.159512
Running simulation w/ ws = 8.333333e-06 and Px0 = 1.166675e-03
90.2576093673706
Depth averaged velocity = -2.712096
Running simulation w/ ws = -1.666667e-05 and Px0 = 1.583338e-03
89.92966389656067
Depth averaged velocity = -3.159512
Running simulation w/ ws = -8.333333e-06 and Px0 = 1.916668e-03
87.16475510597229
Depth averaged velocity = -3.476229
Running simulation w/ ws = 5.000000e-05 and Px0 = 1.416673e-03
87.662921667099
Depth averaged velocity = -2.988594
Running simulation w/ ws = 2.500000e-05 and Px0 = 1.500005e-03
87.08163237571716
Depth averaged velocity = -3.075240
Running simulation w/ ws = 5.833333e-05 and Px0 = 1.250008e-03
87.41963005065918
Depth averaged velocity = -2.807289
Running simulation w/ ws = 8.333333e-05 and Px0 = 8.333450e-04
87.69467568397522
Depth averaged velocity = -2.292128
Running simulation w/ ws = 8.333333e-05 and Px0 = 2.000000e-03
88.42616033554077
Depth averaged velocity = -3.550997
Running simulation w/ ws = 4.166667e-05 and Px0 = 7.500125e-04
87.6745252609253
Depth averaged velocity = -2.174500
Running simulation w/ ws = 7.500000e-05 and Px0 = 3.333500e-04
88.0830979347229
Depth averaged velocity = -1.449658
Running simulation w/ ws = -4.166667e-05 and Px0 = 5.000150e-04
88.48613739013672
Depth averaged velocity = -1.775464
Running simulation w/ ws = -8.333333e-05 and Px0 = 9.166775e-04
87.2718858718872
Depth averaged velocity = -2.404008
Running simulation w/ ws = 7.500000e-05 and Px0 = 1.416673e-03
88.80573511123657
Depth averaged velocity = -2.988594
Running simulation w/ ws = 9.166667e-05 and Px0 = 4.166825e-04
89.05590176582336
Depth averaged velocity = -1.620767
Running simulation w/ ws = -5.833333e-05 and Px0 = 1.666850e-04
87.3629937171936
Depth averaged velocity = -1.025076
Running simulation w/ ws = -1.666667e-05 and Px0 = 7.500125e-04
88.05432319641113
Depth averaged velocity = -2.174500
Running simulation w/ ws = -4.166667e-05 and Px0 = 4.166825e-04
88.74811482429504
Depth averaged velocity = -1.620767
Running simulation w/ ws = 2.500000e-05 and Px0 = 1.666670e-03
89.75251078605652
Depth averaged velocity = -3.241593
Running simulation w/ ws = -5.000000e-05 and Px0 = 5.000150e-04
87.40898156166077
Depth averaged velocity = -1.775464
Running simulation w/ ws = -1.666667e-05 and Px0 = 5.833475e-04
88.94042372703552
Depth averaged velocity = -1.917723
Running simulation w/ ws = -8.333333e-06 and Px0 = 5.000150e-04
88.82203555107117
Depth averaged velocity = -1.775464
Running simulation w/ ws = 8.333333e-05 and Px0 = 3.333500e-04
88.11633014678955
Depth averaged velocity = -1.449658
Running simulation w/ ws = 5.000000e-05 and Px0 = 1.833335e-03
62.76965379714966
Depth averaged velocity = -3.399817
Running simulation w/ ws = 1.666667e-05 and Px0 = 2.000000e-08
88.73589992523193
Depth averaged velocity = -0.004842
Running simulation w/ ws = 8.333333e-05 and Px0 = 7.500125e-04
87.74295139312744
Depth averaged velocity = -2.174500
Running simulation w/ ws = -4.166667e-05 and Px0 = 1.666670e-03
87.29662299156189
Depth averaged velocity = -3.241593
Running simulation w/ ws = 2.500000e-05 and Px0 = 1.333340e-03
87.17181372642517
Depth averaged velocity = -2.899359
Running simulation w/ ws = 0.000000e+00 and Px0 = 1.166675e-03
88.45254826545715
Depth averaged velocity = -2.712096
Running simulation w/ ws = 1.000000e-04 and Px0 = 7.500125e-04
88.46775913238525
Depth averaged velocity = -2.174500
Running simulation w/ ws = -9.166667e-05 and Px0 = 1.083343e-03
87.47811126708984
Depth averaged velocity = -2.613438
Running simulation w/ ws = -3.333333e-05 and Px0 = 1.666670e-03
89.10100960731506
Depth averaged velocity = -3.241593
Running simulation w/ ws = -9.166667e-05 and Px0 = 8.335250e-05
89.5915858745575
Depth averaged velocity = -0.724879
Running simulation w/ ws = 9.166667e-05 and Px0 = 1.750003e-03
88.62236595153809
Depth averaged velocity = -3.321647
Running simulation w/ ws = 3.333333e-05 and Px0 = 1.500005e-03
88.9195454120636
Depth averaged velocity = -3.075240
Running simulation w/ ws = 0.000000e+00 and Px0 = 1.416673e-03
86.48650360107422
Depth averaged velocity = -2.988594
Running simulation w/ ws = 3.333333e-05 and Px0 = 1.416673e-03
87.1379714012146
Depth averaged velocity = -2.988594
Running simulation w/ ws = 7.500000e-05 and Px0 = 1.750003e-03
86.47394609451294
Depth averaged velocity = -3.321647
Running simulation w/ ws = 6.666667e-05 and Px0 = 1.000010e-03
87.40281200408936
Depth averaged velocity = -2.510907
Running simulation w/ ws = 9.166667e-05 and Px0 = 2.000000e-03
88.0008454322815
Depth averaged velocity = -3.550997
Running simulation w/ ws = 7.500000e-05 and Px0 = 4.166825e-04
87.69298696517944
Depth averaged velocity = -1.620767
Running simulation w/ ws = -3.333333e-05 and Px0 = 6.666800e-04
87.34629988670349
Depth averaged velocity = -2.050136
Running simulation w/ ws = 4.166667e-05 and Px0 = 6.666800e-04
86.91194725036621
Depth averaged velocity = -2.050136
Running simulation w/ ws = 0.000000e+00 and Px0 = 1.583338e-03
64.16821360588074
Depth averaged velocity = -3.159512
Running simulation w/ ws = -5.000000e-05 and Px0 = 1.666670e-03
89.29918479919434
Depth averaged velocity = -3.241593
Running simulation w/ ws = 1.000000e-04 and Px0 = 2.000000e-03
88.2181658744812
Depth averaged velocity = -3.550997
Running simulation w/ ws = -4.166667e-05 and Px0 = 8.335250e-05
88.68612217903137
Depth averaged velocity = -0.724879
Running simulation w/ ws = 9.166667e-05 and Px0 = 1.166675e-03
88.8226089477539
Depth averaged velocity = -2.712096
Running simulation w/ ws = 7.500000e-05 and Px0 = 1.333340e-03
90.0018618106842
Depth averaged velocity = -2.899359
Running simulation w/ ws = 5.833333e-05 and Px0 = 2.500175e-04
88.91007256507874
Depth averaged velocity = -1.255443
Running simulation w/ ws = 6.666667e-05 and Px0 = 2.000000e-03
87.43364524841309
Depth averaged velocity = -3.550997
Running simulation w/ ws = -4.166667e-05 and Px0 = 1.083343e-03
87.33715319633484
Depth averaged velocity = -2.613438
Running simulation w/ ws = -2.500000e-05 and Px0 = 2.500175e-04
87.43056774139404
Depth averaged velocity = -1.255443
Running simulation w/ ws = 6.666667e-05 and Px0 = 2.500175e-04
88.17054343223572
Depth averaged velocity = -1.255443
Running simulation w/ ws = -7.500000e-05 and Px0 = 1.583338e-03
89.46312403678894
Depth averaged velocity = -3.159512
Running simulation w/ ws = -5.000000e-05 and Px0 = 5.833475e-04
88.16306638717651
Depth averaged velocity = -1.917723
Running simulation w/ ws = 8.333333e-06 and Px0 = 3.333500e-04
88.84682083129883
Depth averaged velocity = -1.449658
Running simulation w/ ws = 2.500000e-05 and Px0 = 1.000010e-03
90.79767560958862
Depth averaged velocity = -2.510907
Running simulation w/ ws = -8.333333e-05 and Px0 = 3.333500e-04
89.45628142356873
Depth averaged velocity = -1.449658
Running simulation w/ ws = 5.833333e-05 and Px0 = 3.333500e-04
87.2034478187561
Depth averaged velocity = -1.449658
Running simulation w/ ws = 3.333333e-05 and Px0 = 1.666850e-04
87.77419185638428
Depth averaged velocity = -1.025076
Running simulation w/ ws = -7.500000e-05 and Px0 = 1.666670e-03
86.9143545627594
Depth averaged velocity = -3.241593
Running simulation w/ ws = -1.666667e-05 and Px0 = 6.666800e-04
90.7305850982666
Depth averaged velocity = -2.050136
Running simulation w/ ws = 1.000000e-04 and Px0 = 1.416673e-03
57.76608443260193
Depth averaged velocity = -2.988594
Running simulation w/ ws = 2.500000e-05 and Px0 = 4.166825e-04
88.43571519851685
Depth averaged velocity = -1.620767
Running simulation w/ ws = -8.333333e-05 and Px0 = 1.000010e-03
89.11414957046509
Depth averaged velocity = -2.510907
Running simulation w/ ws = -5.833333e-05 and Px0 = 8.333450e-04
89.37461972236633
Depth averaged velocity = -2.292128
Running simulation w/ ws = 4.166667e-05 and Px0 = 1.666850e-04
89.57989859580994
Depth averaged velocity = -1.025076
Running simulation w/ ws = 1.666667e-05 and Px0 = 1.083343e-03
91.1052565574646
Depth averaged velocity = -2.613438
Running simulation w/ ws = -9.166667e-05 and Px0 = 4.166825e-04
89.25027632713318
Depth averaged velocity = -1.620767
Running simulation w/ ws = 1.666667e-05 and Px0 = 1.583338e-03
88.96213221549988
Depth averaged velocity = -3.159512
Running simulation w/ ws = 6.666667e-05 and Px0 = 5.833475e-04
87.75958490371704
Depth averaged velocity = -1.917723
Running simulation w/ ws = 5.833333e-05 and Px0 = 1.000010e-03
88.5687518119812
Depth averaged velocity = -2.510907
Running simulation w/ ws = 1.666667e-05 and Px0 = 4.166825e-04
89.16488909721375
Depth averaged velocity = -1.620767
Running simulation w/ ws = 3.333333e-05 and Px0 = 2.000000e-03
88.80519247055054
Depth averaged velocity = -3.550997
Running simulation w/ ws = 1.666667e-05 and Px0 = 2.000000e-03
89.46654939651489
Depth averaged velocity = -3.550997
Running simulation w/ ws = -5.833333e-05 and Px0 = 1.750003e-03
88.7610969543457
Depth averaged velocity = -3.321647
Running simulation w/ ws = 1.000000e-04 and Px0 = 1.916668e-03
89.0401406288147
Depth averaged velocity = -3.476229
Running simulation w/ ws = 3.333333e-05 and Px0 = 8.335250e-05
88.60258340835571
Depth averaged velocity = -0.724879
Running simulation w/ ws = -5.000000e-05 and Px0 = 1.083343e-03
88.37340760231018
Depth averaged velocity = -2.613438
Running simulation w/ ws = 8.333333e-05 and Px0 = 5.000150e-04
88.95333075523376
Depth averaged velocity = -1.775464
Running simulation w/ ws = 7.500000e-05 and Px0 = 6.666800e-04
88.91379690170288
Depth averaged velocity = -2.050136
Running simulation w/ ws = -4.166667e-05 and Px0 = 2.000000e-08
88.69851183891296
Depth averaged velocity = -0.004842
Running simulation w/ ws = 1.000000e-04 and Px0 = 5.833475e-04
87.39623284339905
Depth averaged velocity = -1.917723
Running simulation w/ ws = 6.666667e-05 and Px0 = 1.083343e-03
87.45169258117676
Depth averaged velocity = -2.613438
Running simulation w/ ws = -8.333333e-06 and Px0 = 1.250008e-03
90.07007479667664
Depth averaged velocity = -2.807289
Running simulation w/ ws = -4.166667e-05 and Px0 = 1.666850e-04
90.62499165534973
Depth averaged velocity = -1.025076
Running simulation w/ ws = 6.666667e-05 and Px0 = 4.166825e-04
92.0840015411377
Depth averaged velocity = -1.620767
Running simulation w/ ws = 0.000000e+00 and Px0 = 7.500125e-04
88.31552195549011
Depth averaged velocity = -2.174500
Running simulation w/ ws = -2.500000e-05 and Px0 = 1.000010e-03
88.14443874359131
Depth averaged velocity = -2.510907
Running simulation w/ ws = -2.500000e-05 and Px0 = 1.750003e-03
88.74559831619263
Depth averaged velocity = -3.321647
Running simulation w/ ws = 8.333333e-05 and Px0 = 1.583338e-03
90.71816182136536
Depth averaged velocity = -3.159512
Running simulation w/ ws = -8.333333e-05 and Px0 = 1.500005e-03
87.94526839256287
Depth averaged velocity = -3.075240
Running simulation w/ ws = 0.000000e+00 and Px0 = 8.335250e-05
88.80397391319275
Depth averaged velocity = -0.724879
Running simulation w/ ws = -1.000000e-04 and Px0 = 1.833335e-03
89.07091617584229
Depth averaged velocity = -3.399817
Running simulation w/ ws = -7.500000e-05 and Px0 = 8.335250e-05
89.9284656047821
Depth averaged velocity = -0.724879
Running simulation w/ ws = 6.666667e-05 and Px0 = 1.250008e-03
88.67261815071106
Depth averaged velocity = -2.807289
Running simulation w/ ws = -4.166667e-05 and Px0 = 8.333450e-04
88.98808026313782
Depth averaged velocity = -2.292128
Running simulation w/ ws = 7.500000e-05 and Px0 = 1.666850e-04
89.0059323310852
Depth averaged velocity = -1.025076
Running simulation w/ ws = -2.500000e-05 and Px0 = 4.166825e-04
88.44020867347717
Depth averaged velocity = -1.620767
Running simulation w/ ws = 8.333333e-05 and Px0 = 1.000010e-03
88.25170755386353
Depth averaged velocity = -2.510907
Running simulation w/ ws = 8.333333e-05 and Px0 = 1.916668e-03
87.6417465209961
Depth averaged velocity = -3.476229
Running simulation w/ ws = 7.500000e-05 and Px0 = 5.833475e-04
87.54127097129822
Depth averaged velocity = -1.917723
Running simulation w/ ws = 2.500000e-05 and Px0 = 1.083343e-03
88.39172792434692
Depth averaged velocity = -2.613438
Running simulation w/ ws = -5.000000e-05 and Px0 = 2.500175e-04
87.45448184013367
Depth averaged velocity = -1.255443
Running simulation w/ ws = 5.000000e-05 and Px0 = 1.083343e-03
87.42540001869202
Depth averaged velocity = -2.613438
Running simulation w/ ws = -5.833333e-05 and Px0 = 1.500005e-03
88.52822041511536
Depth averaged velocity = -3.075240
Running simulation w/ ws = -5.000000e-05 and Px0 = 1.750003e-03
87.16680788993835
Depth averaged velocity = -3.321647
Running simulation w/ ws = -1.000000e-04 and Px0 = 1.083343e-03
89.67811107635498
Depth averaged velocity = -2.613438
Running simulation w/ ws = 8.333333e-05 and Px0 = 1.666850e-04
88.06262254714966
Depth averaged velocity = -1.025076
Running simulation w/ ws = -5.000000e-05 and Px0 = 1.250008e-03
88.089195728302
Depth averaged velocity = -2.807289
Running simulation w/ ws = -1.000000e-04 and Px0 = 1.666850e-04
87.51431393623352
Depth averaged velocity = -1.025076
Running simulation w/ ws = -3.333333e-05 and Px0 = 1.416673e-03
87.04671621322632
Depth averaged velocity = -2.988594
Running simulation w/ ws = 4.166667e-05 and Px0 = 9.166775e-04
87.77605319023132
Depth averaged velocity = -2.404008
Running simulation w/ ws = 5.833333e-05 and Px0 = 1.166675e-03
87.10400629043579
Depth averaged velocity = -2.712096
Running simulation w/ ws = 7.500000e-05 and Px0 = 1.583338e-03
88.00531053543091
Depth averaged velocity = -3.159512
Running simulation w/ ws = 9.166667e-05 and Px0 = 8.335250e-05
89.81086945533752
Depth averaged velocity = -0.724879
Running simulation w/ ws = 2.500000e-05 and Px0 = 2.500175e-04
87.70712423324585
Depth averaged velocity = -1.255443
Running simulation w/ ws = 5.000000e-05 and Px0 = 2.000000e-03
87.19197964668274
Depth averaged velocity = -3.550997
Running simulation w/ ws = -5.833333e-05 and Px0 = 1.666670e-03
88.68541860580444
Depth averaged velocity = -3.241593
Running simulation w/ ws = -3.333333e-05 and Px0 = 1.750003e-03
89.16365933418274
Depth averaged velocity = -3.321647
Running simulation w/ ws = 8.333333e-06 and Px0 = 1.250008e-03
64.21910858154297
Depth averaged velocity = -2.807289
Running simulation w/ ws = 5.833333e-05 and Px0 = 1.083343e-03
89.33255624771118
Depth averaged velocity = -2.613438
Running simulation w/ ws = 2.500000e-05 and Px0 = 1.916668e-03
87.70482468605042
Depth averaged velocity = -3.476229
Running simulation w/ ws = 1.666667e-05 and Px0 = 9.166775e-04
87.66576743125916
Depth averaged velocity = -2.404008
Running simulation w/ ws = -8.333333e-05 and Px0 = 8.335250e-05
89.28317356109619
Depth averaged velocity = -0.724879
Running simulation w/ ws = -8.333333e-05 and Px0 = 6.666800e-04
88.10716152191162
Depth averaged velocity = -2.050136
Running simulation w/ ws = 8.333333e-05 and Px0 = 2.000000e-08
87.19862389564514
Depth averaged velocity = -0.004842
Running simulation w/ ws = 0.000000e+00 and Px0 = 1.666850e-04
89.40126156806946
Depth averaged velocity = -1.025076
Running simulation w/ ws = -6.666667e-05 and Px0 = 1.333340e-03
87.91725969314575
Depth averaged velocity = -2.899359
Running simulation w/ ws = -5.000000e-05 and Px0 = 6.666800e-04
88.98940944671631
Depth averaged velocity = -2.050136
Running simulation w/ ws = 1.000000e-04 and Px0 = 2.500175e-04
88.10236239433289
Depth averaged velocity = -1.255443
Running simulation w/ ws = 9.166667e-05 and Px0 = 1.083343e-03
86.8623960018158
Depth averaged velocity = -2.613438
Running simulation w/ ws = -6.666667e-05 and Px0 = 1.166675e-03
87.09206676483154
Depth averaged velocity = -2.712096
Running simulation w/ ws = 3.333333e-05 and Px0 = 5.833475e-04
86.73798990249634
Depth averaged velocity = -1.917723
Running simulation w/ ws = -5.000000e-05 and Px0 = 1.833335e-03
87.70229053497314
Depth averaged velocity = -3.399817
Running simulation w/ ws = -2.500000e-05 and Px0 = 1.916668e-03
90.23690271377563
Depth averaged velocity = -3.476229
Running simulation w/ ws = 3.333333e-05 and Px0 = 1.333340e-03
86.45897388458252
Depth averaged velocity = -2.899359
Running simulation w/ ws = 0.000000e+00 and Px0 = 1.250008e-03
86.96672487258911
Depth averaged velocity = -2.807289
Running simulation w/ ws = -5.000000e-05 and Px0 = 4.166825e-04
87.01234745979309
Depth averaged velocity = -1.620767
Running simulation w/ ws = -2.500000e-05 and Px0 = 8.335250e-05
87.1122088432312
Depth averaged velocity = -0.724879
Running simulation w/ ws = 9.166667e-05 and Px0 = 1.416673e-03
63.4511182308197
Depth averaged velocity = -2.988594
There are 25 tasks
Pressure = 0.000000, ws = -0.000100
Pressure = 0.000000, ws = -0.000092
Pressure = 0.000000, ws = -0.000083
Pressure = 0.000000, ws = -0.000075
Pressure = 0.000000, ws = -0.000067
Pressure = 0.000000, ws = -0.000058
Pressure = 0.000000, ws = -0.000050
Pressure = 0.000000, ws = -0.000042
Pressure = 0.000000, ws = -0.000033
Pressure = 0.000000, ws = -0.000025
Pressure = 0.000000, ws = -0.000017
Pressure = 0.000000, ws = -0.000008
Pressure = 0.000000, ws = 0.000000
Pressure = 0.000000, ws = 0.000008
Pressure = 0.000000, ws = 0.000017
Pressure = 0.000000, ws = 0.000025
Pressure = 0.000000, ws = 0.000033
Pressure = 0.000000, ws = 0.000042
Pressure = 0.000000, ws = 0.000050
Pressure = 0.000000, ws = 0.000058
Pressure = 0.000000, ws = 0.000067
Pressure = 0.000000, ws = 0.000075
Pressure = 0.000000, ws = 0.000083
Pressure = 0.000000, ws = 0.000092
Pressure = 0.000000, ws = 0.000100
Pressure = 0.000083, ws = -0.000100
Pressure = 0.000083, ws = -0.000092
Pressure = 0.000083, ws = -0.000083
Pressure = 0.000083, ws = -0.000075
Pressure = 0.000083, ws = -0.000067
Pressure = 0.000083, ws = -0.000058
Pressure = 0.000083, ws = -0.000050
Pressure = 0.000083, ws = -0.000042
Pressure = 0.000083, ws = -0.000033
Pressure = 0.000083, ws = -0.000025
Pressure = 0.000083, ws = -0.000017
Pressure = 0.000083, ws = -0.000008
Pressure = 0.000083, ws = 0.000000
Pressure = 0.000083, ws = 0.000008
Pressure = 0.000083, ws = 0.000017
Pressure = 0.000083, ws = 0.000025
Pressure = 0.000083, ws = 0.000033
Pressure = 0.000083, ws = 0.000042
Pressure = 0.000083, ws = 0.000050
Pressure = 0.000083, ws = 0.000058
Pressure = 0.000083, ws = 0.000067
Pressure = 0.000083, ws = 0.000075
Pressure = 0.000083, ws = 0.000083
Pressure = 0.000083, ws = 0.000092
Pressure = 0.000083, ws = 0.000100
Pressure = 0.000167, ws = -0.000100
Pressure = 0.000167, ws = -0.000092
Pressure = 0.000167, ws = -0.000083
Pressure = 0.000167, ws = -0.000075
Pressure = 0.000167, ws = -0.000067
Pressure = 0.000167, ws = -0.000058
Pressure = 0.000167, ws = -0.000050
Pressure = 0.000167, ws = -0.000042
Pressure = 0.000167, ws = -0.000033
Pressure = 0.000167, ws = -0.000025
Pressure = 0.000167, ws = -0.000017
Pressure = 0.000167, ws = -0.000008
Pressure = 0.000167, ws = 0.000000
Pressure = 0.000167, ws = 0.000008
Pressure = 0.000167, ws = 0.000017
Pressure = 0.000167, ws = 0.000025
Pressure = 0.000167, ws = 0.000033
Pressure = 0.000167, ws = 0.000042
Pressure = 0.000167, ws = 0.000050
Pressure = 0.000167, ws = 0.000058
Pressure = 0.000167, ws = 0.000067
Pressure = 0.000167, ws = 0.000075
Pressure = 0.000167, ws = 0.000083
Pressure = 0.000167, ws = 0.000092
Pressure = 0.000167, ws = 0.000100
Pressure = 0.000250, ws = -0.000100
Pressure = 0.000250, ws = -0.000092
Pressure = 0.000250, ws = -0.000083
Pressure = 0.000250, ws = -0.000075
Pressure = 0.000250, ws = -0.000067
Pressure = 0.000250, ws = -0.000058
Pressure = 0.000250, ws = -0.000050
Pressure = 0.000250, ws = -0.000042
Pressure = 0.000250, ws = -0.000033
Pressure = 0.000250, ws = -0.000025
Pressure = 0.000250, ws = -0.000017
Pressure = 0.000250, ws = -0.000008
Pressure = 0.000250, ws = 0.000000
Pressure = 0.000250, ws = 0.000008
Pressure = 0.000250, ws = 0.000017
Pressure = 0.000250, ws = 0.000025
Pressure = 0.000250, ws = 0.000033
Pressure = 0.000250, ws = 0.000042
Pressure = 0.000250, ws = 0.000050
Pressure = 0.000250, ws = 0.000058
Pressure = 0.000250, ws = 0.000067
Pressure = 0.000250, ws = 0.000075
Pressure = 0.000250, ws = 0.000083
Pressure = 0.000250, ws = 0.000092
Pressure = 0.000250, ws = 0.000100
Pressure = 0.000333, ws = -0.000100
Pressure = 0.000333, ws = -0.000092
Pressure = 0.000333, ws = -0.000083
Pressure = 0.000333, ws = -0.000075
Pressure = 0.000333, ws = -0.000067
Pressure = 0.000333, ws = -0.000058
Pressure = 0.000333, ws = -0.000050
Pressure = 0.000333, ws = -0.000042
Pressure = 0.000333, ws = -0.000033
Pressure = 0.000333, ws = -0.000025
Pressure = 0.000333, ws = -0.000017
Pressure = 0.000333, ws = -0.000008
Pressure = 0.000333, ws = 0.000000
Pressure = 0.000333, ws = 0.000008
Pressure = 0.000333, ws = 0.000017
Pressure = 0.000333, ws = 0.000025
Pressure = 0.000333, ws = 0.000033
Pressure = 0.000333, ws = 0.000042
Pressure = 0.000333, ws = 0.000050
Pressure = 0.000333, ws = 0.000058
Pressure = 0.000333, ws = 0.000067
Pressure = 0.000333, ws = 0.000075
Pressure = 0.000333, ws = 0.000083
Pressure = 0.000333, ws = 0.000092
Pressure = 0.000333, ws = 0.000100
Pressure = 0.000417, ws = -0.000100
Pressure = 0.000417, ws = -0.000092
Pressure = 0.000417, ws = -0.000083
Pressure = 0.000417, ws = -0.000075
Pressure = 0.000417, ws = -0.000067
Pressure = 0.000417, ws = -0.000058
Pressure = 0.000417, ws = -0.000050
Pressure = 0.000417, ws = -0.000042
Pressure = 0.000417, ws = -0.000033
Pressure = 0.000417, ws = -0.000025
Pressure = 0.000417, ws = -0.000017
Pressure = 0.000417, ws = -0.000008
Pressure = 0.000417, ws = 0.000000
Pressure = 0.000417, ws = 0.000008
Pressure = 0.000417, ws = 0.000017
Pressure = 0.000417, ws = 0.000025
Pressure = 0.000417, ws = 0.000033
Pressure = 0.000417, ws = 0.000042
Pressure = 0.000417, ws = 0.000050
Pressure = 0.000417, ws = 0.000058
Pressure = 0.000417, ws = 0.000067
Pressure = 0.000417, ws = 0.000075
Pressure = 0.000417, ws = 0.000083
Pressure = 0.000417, ws = 0.000092
Pressure = 0.000417, ws = 0.000100
Pressure = 0.000500, ws = -0.000100
Pressure = 0.000500, ws = -0.000092
Pressure = 0.000500, ws = -0.000083
Pressure = 0.000500, ws = -0.000075
Pressure = 0.000500, ws = -0.000067
Pressure = 0.000500, ws = -0.000058
Pressure = 0.000500, ws = -0.000050
Pressure = 0.000500, ws = -0.000042
Pressure = 0.000500, ws = -0.000033
Pressure = 0.000500, ws = -0.000025
Pressure = 0.000500, ws = -0.000017
Pressure = 0.000500, ws = -0.000008
Pressure = 0.000500, ws = 0.000000
Pressure = 0.000500, ws = 0.000008
Pressure = 0.000500, ws = 0.000017
Pressure = 0.000500, ws = 0.000025
Pressure = 0.000500, ws = 0.000033
Pressure = 0.000500, ws = 0.000042
Pressure = 0.000500, ws = 0.000050
Pressure = 0.000500, ws = 0.000058
Pressure = 0.000500, ws = 0.000067
Pressure = 0.000500, ws = 0.000075
Pressure = 0.000500, ws = 0.000083
Pressure = 0.000500, ws = 0.000092
Pressure = 0.000500, ws = 0.000100
Pressure = 0.000583, ws = -0.000100
Pressure = 0.000583, ws = -0.000092
Pressure = 0.000583, ws = -0.000083
Pressure = 0.000583, ws = -0.000075
Pressure = 0.000583, ws = -0.000067
Pressure = 0.000583, ws = -0.000058
Pressure = 0.000583, ws = -0.000050
Pressure = 0.000583, ws = -0.000042
Pressure = 0.000583, ws = -0.000033
Pressure = 0.000583, ws = -0.000025
Pressure = 0.000583, ws = -0.000017
Pressure = 0.000583, ws = -0.000008
Pressure = 0.000583, ws = 0.000000
Pressure = 0.000583, ws = 0.000008
Pressure = 0.000583, ws = 0.000017
Pressure = 0.000583, ws = 0.000025
Pressure = 0.000583, ws = 0.000033
Pressure = 0.000583, ws = 0.000042
Pressure = 0.000583, ws = 0.000050
Pressure = 0.000583, ws = 0.000058
Pressure = 0.000583, ws = 0.000067
Pressure = 0.000583, ws = 0.000075
Pressure = 0.000583, ws = 0.000083
Pressure = 0.000583, ws = 0.000092
Pressure = 0.000583, ws = 0.000100
Pressure = 0.000667, ws = -0.000100
Pressure = 0.000667, ws = -0.000092
Pressure = 0.000667, ws = -0.000083
Pressure = 0.000667, ws = -0.000075
Pressure = 0.000667, ws = -0.000067
Pressure = 0.000667, ws = -0.000058
Pressure = 0.000667, ws = -0.000050
Pressure = 0.000667, ws = -0.000042
Pressure = 0.000667, ws = -0.000033
Pressure = 0.000667, ws = -0.000025
Pressure = 0.000667, ws = -0.000017
Pressure = 0.000667, ws = -0.000008
Pressure = 0.000667, ws = 0.000000
Pressure = 0.000667, ws = 0.000008
Pressure = 0.000667, ws = 0.000017
Pressure = 0.000667, ws = 0.000025
Pressure = 0.000667, ws = 0.000033
Pressure = 0.000667, ws = 0.000042
Pressure = 0.000667, ws = 0.000050
Pressure = 0.000667, ws = 0.000058
Pressure = 0.000667, ws = 0.000067
Pressure = 0.000667, ws = 0.000075
Pressure = 0.000667, ws = 0.000083
Pressure = 0.000667, ws = 0.000092
Pressure = 0.000667, ws = 0.000100
Pressure = 0.000750, ws = -0.000100
Pressure = 0.000750, ws = -0.000092
Pressure = 0.000750, ws = -0.000083
Pressure = 0.000750, ws = -0.000075
Pressure = 0.000750, ws = -0.000067
Pressure = 0.000750, ws = -0.000058
Pressure = 0.000750, ws = -0.000050
Pressure = 0.000750, ws = -0.000042
Pressure = 0.000750, ws = -0.000033
Pressure = 0.000750, ws = -0.000025
Pressure = 0.000750, ws = -0.000017
Pressure = 0.000750, ws = -0.000008
Pressure = 0.000750, ws = 0.000000
Pressure = 0.000750, ws = 0.000008
Pressure = 0.000750, ws = 0.000017
Pressure = 0.000750, ws = 0.000025
Pressure = 0.000750, ws = 0.000033
Pressure = 0.000750, ws = 0.000042
Pressure = 0.000750, ws = 0.000050
Pressure = 0.000750, ws = 0.000058
Pressure = 0.000750, ws = 0.000067
Pressure = 0.000750, ws = 0.000075
Pressure = 0.000750, ws = 0.000083
Pressure = 0.000750, ws = 0.000092
Pressure = 0.000750, ws = 0.000100
Pressure = 0.000833, ws = -0.000100
Pressure = 0.000833, ws = -0.000092
Pressure = 0.000833, ws = -0.000083
Pressure = 0.000833, ws = -0.000075
Pressure = 0.000833, ws = -0.000067
Pressure = 0.000833, ws = -0.000058
Pressure = 0.000833, ws = -0.000050
Pressure = 0.000833, ws = -0.000042
Pressure = 0.000833, ws = -0.000033
Pressure = 0.000833, ws = -0.000025
Pressure = 0.000833, ws = -0.000017
Pressure = 0.000833, ws = -0.000008
Pressure = 0.000833, ws = 0.000000
Pressure = 0.000833, ws = 0.000008
Pressure = 0.000833, ws = 0.000017
Pressure = 0.000833, ws = 0.000025
Pressure = 0.000833, ws = 0.000033
Pressure = 0.000833, ws = 0.000042
Pressure = 0.000833, ws = 0.000050
Pressure = 0.000833, ws = 0.000058
Pressure = 0.000833, ws = 0.000067
Pressure = 0.000833, ws = 0.000075
Pressure = 0.000833, ws = 0.000083
Pressure = 0.000833, ws = 0.000092
Pressure = 0.000833, ws = 0.000100
Pressure = 0.000917, ws = -0.000100
Pressure = 0.000917, ws = -0.000092
Pressure = 0.000917, ws = -0.000083
Pressure = 0.000917, ws = -0.000075
Pressure = 0.000917, ws = -0.000067
Pressure = 0.000917, ws = -0.000058
Pressure = 0.000917, ws = -0.000050
Pressure = 0.000917, ws = -0.000042
Pressure = 0.000917, ws = -0.000033
Pressure = 0.000917, ws = -0.000025
Pressure = 0.000917, ws = -0.000017
Pressure = 0.000917, ws = -0.000008
Pressure = 0.000917, ws = 0.000000
Pressure = 0.000917, ws = 0.000008
Pressure = 0.000917, ws = 0.000017
Pressure = 0.000917, ws = 0.000025
Pressure = 0.000917, ws = 0.000033
Pressure = 0.000917, ws = 0.000042
Pressure = 0.000917, ws = 0.000050
Pressure = 0.000917, ws = 0.000058
Pressure = 0.000917, ws = 0.000067
Pressure = 0.000917, ws = 0.000075
Pressure = 0.000917, ws = 0.000083
Pressure = 0.000917, ws = 0.000092
Pressure = 0.000917, ws = 0.000100
Pressure = 0.001000, ws = -0.000100
Pressure = 0.001000, ws = -0.000092
Pressure = 0.001000, ws = -0.000083
Pressure = 0.001000, ws = -0.000075
Pressure = 0.001000, ws = -0.000067
Pressure = 0.001000, ws = -0.000058
Pressure = 0.001000, ws = -0.000050
Pressure = 0.001000, ws = -0.000042
Pressure = 0.001000, ws = -0.000033
Pressure = 0.001000, ws = -0.000025
Pressure = 0.001000, ws = -0.000017
Pressure = 0.001000, ws = -0.000008
Pressure = 0.001000, ws = 0.000000
Pressure = 0.001000, ws = 0.000008
Pressure = 0.001000, ws = 0.000017
Pressure = 0.001000, ws = 0.000025
Pressure = 0.001000, ws = 0.000033
Pressure = 0.001000, ws = 0.000042
Pressure = 0.001000, ws = 0.000050
Pressure = 0.001000, ws = 0.000058
Pressure = 0.001000, ws = 0.000067
Pressure = 0.001000, ws = 0.000075
Pressure = 0.001000, ws = 0.000083
Pressure = 0.001000, ws = 0.000092
Pressure = 0.001000, ws = 0.000100
Pressure = 0.001083, ws = -0.000100
Pressure = 0.001083, ws = -0.000092
Pressure = 0.001083, ws = -0.000083
Pressure = 0.001083, ws = -0.000075
Pressure = 0.001083, ws = -0.000067
Pressure = 0.001083, ws = -0.000058
Pressure = 0.001083, ws = -0.000050
Pressure = 0.001083, ws = -0.000042
Pressure = 0.001083, ws = -0.000033
Pressure = 0.001083, ws = -0.000025
Pressure = 0.001083, ws = -0.000017
Pressure = 0.001083, ws = -0.000008
Pressure = 0.001083, ws = 0.000000
Pressure = 0.001083, ws = 0.000008
Pressure = 0.001083, ws = 0.000017
Pressure = 0.001083, ws = 0.000025
Pressure = 0.001083, ws = 0.000033
Pressure = 0.001083, ws = 0.000042
Pressure = 0.001083, ws = 0.000050
Pressure = 0.001083, ws = 0.000058
Pressure = 0.001083, ws = 0.000067
Pressure = 0.001083, ws = 0.000075
Pressure = 0.001083, ws = 0.000083
Pressure = 0.001083, ws = 0.000092
Pressure = 0.001083, ws = 0.000100
Pressure = 0.001167, ws = -0.000100
Pressure = 0.001167, ws = -0.000092
Pressure = 0.001167, ws = -0.000083
Pressure = 0.001167, ws = -0.000075
Pressure = 0.001167, ws = -0.000067
Pressure = 0.001167, ws = -0.000058
Pressure = 0.001167, ws = -0.000050
Pressure = 0.001167, ws = -0.000042
Pressure = 0.001167, ws = -0.000033
Pressure = 0.001167, ws = -0.000025
Pressure = 0.001167, ws = -0.000017
Pressure = 0.001167, ws = -0.000008
Pressure = 0.001167, ws = 0.000000
Pressure = 0.001167, ws = 0.000008
Pressure = 0.001167, ws = 0.000017
Pressure = 0.001167, ws = 0.000025
Pressure = 0.001167, ws = 0.000033
Pressure = 0.001167, ws = 0.000042
Pressure = 0.001167, ws = 0.000050
Pressure = 0.001167, ws = 0.000058
Pressure = 0.001167, ws = 0.000067
Pressure = 0.001167, ws = 0.000075
Pressure = 0.001167, ws = 0.000083
Pressure = 0.001167, ws = 0.000092
Pressure = 0.001167, ws = 0.000100
Pressure = 0.001250, ws = -0.000100
Pressure = 0.001250, ws = -0.000092
Pressure = 0.001250, ws = -0.000083
Pressure = 0.001250, ws = -0.000075
Pressure = 0.001250, ws = -0.000067
Pressure = 0.001250, ws = -0.000058
Pressure = 0.001250, ws = -0.000050
Pressure = 0.001250, ws = -0.000042
Pressure = 0.001250, ws = -0.000033
Pressure = 0.001250, ws = -0.000025
Pressure = 0.001250, ws = -0.000017
Pressure = 0.001250, ws = -0.000008
Pressure = 0.001250, ws = 0.000000
Pressure = 0.001250, ws = 0.000008
Pressure = 0.001250, ws = 0.000017
Pressure = 0.001250, ws = 0.000025
Pressure = 0.001250, ws = 0.000033
Pressure = 0.001250, ws = 0.000042
Pressure = 0.001250, ws = 0.000050
Pressure = 0.001250, ws = 0.000058
Pressure = 0.001250, ws = 0.000067
Pressure = 0.001250, ws = 0.000075
Pressure = 0.001250, ws = 0.000083
Pressure = 0.001250, ws = 0.000092
Pressure = 0.001250, ws = 0.000100
Pressure = 0.001333, ws = -0.000100
Pressure = 0.001333, ws = -0.000092
Pressure = 0.001333, ws = -0.000083
Pressure = 0.001333, ws = -0.000075
Pressure = 0.001333, ws = -0.000067
Pressure = 0.001333, ws = -0.000058
Pressure = 0.001333, ws = -0.000050
Pressure = 0.001333, ws = -0.000042
Pressure = 0.001333, ws = -0.000033
Pressure = 0.001333, ws = -0.000025
Pressure = 0.001333, ws = -0.000017
Pressure = 0.001333, ws = -0.000008
Pressure = 0.001333, ws = 0.000000
Pressure = 0.001333, ws = 0.000008
Pressure = 0.001333, ws = 0.000017
Pressure = 0.001333, ws = 0.000025
Pressure = 0.001333, ws = 0.000033
Pressure = 0.001333, ws = 0.000042
Pressure = 0.001333, ws = 0.000050
Pressure = 0.001333, ws = 0.000058
Pressure = 0.001333, ws = 0.000067
Pressure = 0.001333, ws = 0.000075
Pressure = 0.001333, ws = 0.000083
Pressure = 0.001333, ws = 0.000092
Pressure = 0.001333, ws = 0.000100
Pressure = 0.001417, ws = -0.000100
Pressure = 0.001417, ws = -0.000092
Pressure = 0.001417, ws = -0.000083
Pressure = 0.001417, ws = -0.000075
Pressure = 0.001417, ws = -0.000067
Pressure = 0.001417, ws = -0.000058
Pressure = 0.001417, ws = -0.000050
Pressure = 0.001417, ws = -0.000042
Pressure = 0.001417, ws = -0.000033
Pressure = 0.001417, ws = -0.000025
Pressure = 0.001417, ws = -0.000017
Pressure = 0.001417, ws = -0.000008
Pressure = 0.001417, ws = 0.000000
Pressure = 0.001417, ws = 0.000008
Pressure = 0.001417, ws = 0.000017
Pressure = 0.001417, ws = 0.000025
Pressure = 0.001417, ws = 0.000033
Pressure = 0.001417, ws = 0.000042
Pressure = 0.001417, ws = 0.000050
Pressure = 0.001417, ws = 0.000058
Pressure = 0.001417, ws = 0.000067
Pressure = 0.001417, ws = 0.000075
Pressure = 0.001417, ws = 0.000083
Pressure = 0.001417, ws = 0.000092
Pressure = 0.001417, ws = 0.000100
Pressure = 0.001500, ws = -0.000100
Pressure = 0.001500, ws = -0.000092
Pressure = 0.001500, ws = -0.000083
Pressure = 0.001500, ws = -0.000075
Pressure = 0.001500, ws = -0.000067
Pressure = 0.001500, ws = -0.000058
Pressure = 0.001500, ws = -0.000050
Pressure = 0.001500, ws = -0.000042
Pressure = 0.001500, ws = -0.000033
Pressure = 0.001500, ws = -0.000025
Pressure = 0.001500, ws = -0.000017
Pressure = 0.001500, ws = -0.000008
Pressure = 0.001500, ws = 0.000000
Pressure = 0.001500, ws = 0.000008
Pressure = 0.001500, ws = 0.000017
Pressure = 0.001500, ws = 0.000025
Pressure = 0.001500, ws = 0.000033
Pressure = 0.001500, ws = 0.000042
Pressure = 0.001500, ws = 0.000050
Pressure = 0.001500, ws = 0.000058
Pressure = 0.001500, ws = 0.000067
Pressure = 0.001500, ws = 0.000075
Pressure = 0.001500, ws = 0.000083
Pressure = 0.001500, ws = 0.000092
Pressure = 0.001500, ws = 0.000100
Pressure = 0.001583, ws = -0.000100
Pressure = 0.001583, ws = -0.000092
Pressure = 0.001583, ws = -0.000083
Pressure = 0.001583, ws = -0.000075
Pressure = 0.001583, ws = -0.000067
Pressure = 0.001583, ws = -0.000058
Pressure = 0.001583, ws = -0.000050
Pressure = 0.001583, ws = -0.000042
Pressure = 0.001583, ws = -0.000033
Pressure = 0.001583, ws = -0.000025
Pressure = 0.001583, ws = -0.000017
Pressure = 0.001583, ws = -0.000008
Pressure = 0.001583, ws = 0.000000
Pressure = 0.001583, ws = 0.000008
Pressure = 0.001583, ws = 0.000017
Pressure = 0.001583, ws = 0.000025
Pressure = 0.001583, ws = 0.000033
Pressure = 0.001583, ws = 0.000042
Pressure = 0.001583, ws = 0.000050
Pressure = 0.001583, ws = 0.000058
Pressure = 0.001583, ws = 0.000067
Pressure = 0.001583, ws = 0.000075
Pressure = 0.001583, ws = 0.000083
Pressure = 0.001583, ws = 0.000092
Pressure = 0.001583, ws = 0.000100
Pressure = 0.001667, ws = -0.000100
Pressure = 0.001667, ws = -0.000092
Pressure = 0.001667, ws = -0.000083
Pressure = 0.001667, ws = -0.000075
Pressure = 0.001667, ws = -0.000067
Pressure = 0.001667, ws = -0.000058
Pressure = 0.001667, ws = -0.000050
Pressure = 0.001667, ws = -0.000042
Pressure = 0.001667, ws = -0.000033
Pressure = 0.001667, ws = -0.000025
Pressure = 0.001667, ws = -0.000017
Pressure = 0.001667, ws = -0.000008
Pressure = 0.001667, ws = 0.000000
Pressure = 0.001667, ws = 0.000008
Pressure = 0.001667, ws = 0.000017
Pressure = 0.001667, ws = 0.000025
Pressure = 0.001667, ws = 0.000033
Pressure = 0.001667, ws = 0.000042
Pressure = 0.001667, ws = 0.000050
Pressure = 0.001667, ws = 0.000058
Pressure = 0.001667, ws = 0.000067
Pressure = 0.001667, ws = 0.000075
Pressure = 0.001667, ws = 0.000083
Pressure = 0.001667, ws = 0.000092
Pressure = 0.001667, ws = 0.000100
Pressure = 0.001750, ws = -0.000100
Pressure = 0.001750, ws = -0.000092
Pressure = 0.001750, ws = -0.000083
Pressure = 0.001750, ws = -0.000075
Pressure = 0.001750, ws = -0.000067
Pressure = 0.001750, ws = -0.000058
Pressure = 0.001750, ws = -0.000050
Pressure = 0.001750, ws = -0.000042
Pressure = 0.001750, ws = -0.000033
Pressure = 0.001750, ws = -0.000025
Pressure = 0.001750, ws = -0.000017
Pressure = 0.001750, ws = -0.000008
Pressure = 0.001750, ws = 0.000000
Pressure = 0.001750, ws = 0.000008
Pressure = 0.001750, ws = 0.000017
Pressure = 0.001750, ws = 0.000025
Pressure = 0.001750, ws = 0.000033
Pressure = 0.001750, ws = 0.000042
Pressure = 0.001750, ws = 0.000050
Pressure = 0.001750, ws = 0.000058
Pressure = 0.001750, ws = 0.000067
Pressure = 0.001750, ws = 0.000075
Pressure = 0.001750, ws = 0.000083
Pressure = 0.001750, ws = 0.000092
Pressure = 0.001750, ws = 0.000100
Pressure = 0.001833, ws = -0.000100
Pressure = 0.001833, ws = -0.000092
Pressure = 0.001833, ws = -0.000083
Pressure = 0.001833, ws = -0.000075
Pressure = 0.001833, ws = -0.000067
Pressure = 0.001833, ws = -0.000058
Pressure = 0.001833, ws = -0.000050
Pressure = 0.001833, ws = -0.000042
Pressure = 0.001833, ws = -0.000033
Pressure = 0.001833, ws = -0.000025
Pressure = 0.001833, ws = -0.000017
Pressure = 0.001833, ws = -0.000008
Pressure = 0.001833, ws = 0.000000
Pressure = 0.001833, ws = 0.000008
Pressure = 0.001833, ws = 0.000017
Pressure = 0.001833, ws = 0.000025
Pressure = 0.001833, ws = 0.000033
Pressure = 0.001833, ws = 0.000042
Pressure = 0.001833, ws = 0.000050
Pressure = 0.001833, ws = 0.000058
Pressure = 0.001833, ws = 0.000067
Pressure = 0.001833, ws = 0.000075
Pressure = 0.001833, ws = 0.000083
Pressure = 0.001833, ws = 0.000092
Pressure = 0.001833, ws = 0.000100
Pressure = 0.001917, ws = -0.000100
Pressure = 0.001917, ws = -0.000092
Pressure = 0.001917, ws = -0.000083
Pressure = 0.001917, ws = -0.000075
Pressure = 0.001917, ws = -0.000067
Pressure = 0.001917, ws = -0.000058
Pressure = 0.001917, ws = -0.000050
Pressure = 0.001917, ws = -0.000042
Pressure = 0.001917, ws = -0.000033
Pressure = 0.001917, ws = -0.000025
Pressure = 0.001917, ws = -0.000017
Pressure = 0.001917, ws = -0.000008
Pressure = 0.001917, ws = 0.000000
Pressure = 0.001917, ws = 0.000008
Pressure = 0.001917, ws = 0.000017
Pressure = 0.001917, ws = 0.000025
Pressure = 0.001917, ws = 0.000033
Pressure = 0.001917, ws = 0.000042
Pressure = 0.001917, ws = 0.000050
Pressure = 0.001917, ws = 0.000058
Pressure = 0.001917, ws = 0.000067
Pressure = 0.001917, ws = 0.000075
Pressure = 0.001917, ws = 0.000083
Pressure = 0.001917, ws = 0.000092
Pressure = 0.001917, ws = 0.000100
Pressure = 0.002000, ws = -0.000100
Pressure = 0.002000, ws = -0.000092
Pressure = 0.002000, ws = -0.000083
Pressure = 0.002000, ws = -0.000075
Pressure = 0.002000, ws = -0.000067
Pressure = 0.002000, ws = -0.000058
Pressure = 0.002000, ws = -0.000050
Pressure = 0.002000, ws = -0.000042
Pressure = 0.002000, ws = -0.000033
Pressure = 0.002000, ws = -0.000025
Pressure = 0.002000, ws = -0.000017
Pressure = 0.002000, ws = -0.000008
Pressure = 0.002000, ws = 0.000000
Pressure = 0.002000, ws = 0.000008
Pressure = 0.002000, ws = 0.000017
Pressure = 0.002000, ws = 0.000025
Pressure = 0.002000, ws = 0.000033
Pressure = 0.002000, ws = 0.000042
Pressure = 0.002000, ws = 0.000050
Pressure = 0.002000, ws = 0.000058
Pressure = 0.002000, ws = 0.000067
Pressure = 0.002000, ws = 0.000075
Pressure = 0.002000, ws = 0.000083
Pressure = 0.002000, ws = 0.000092
Pressure = 0.002000, ws = 0.000100
2024-04-02 13:55:03,847 - distributed.client - ERROR - cannot schedule new futures after shutdown
Traceback (most recent call last):
  File "/global/software/sl-7.x86_64/modules/langs/python/3.10/lib/python3.10/site-packages/distributed/comm/tcp.py", line 223, in read
    frames_nbytes = await stream.read_bytes(fmt_size)
tornado.iostream.StreamClosedError: Stream is closed

The above exception was the direct cause of the following exception:

Traceback (most recent call last):
  File "/global/software/sl-7.x86_64/modules/langs/python/3.10/lib/python3.10/site-packages/distributed/client.py", line 1392, in _handle_report
    msgs = await self.scheduler_comm.comm.read()
  File "/global/software/sl-7.x86_64/modules/langs/python/3.10/lib/python3.10/site-packages/distributed/comm/tcp.py", line 239, in read
    convert_stream_closed_error(self, e)
  File "/global/software/sl-7.x86_64/modules/langs/python/3.10/lib/python3.10/site-packages/distributed/comm/tcp.py", line 144, in convert_stream_closed_error
    raise CommClosedError(f"in {obj}: {exc}") from exc
distributed.comm.core.CommClosedError: in <TCP (closed) Client->Scheduler local=tcp://127.0.0.1:51124 remote=tcp://127.0.0.1:42971>: Stream is closed

During handling of the above exception, another exception occurred:

Traceback (most recent call last):
  File "/global/software/sl-7.x86_64/modules/langs/python/3.10/lib/python3.10/site-packages/distributed/utils.py", line 778, in wrapper
    return await func(*args, **kwargs)
  File "/global/software/sl-7.x86_64/modules/langs/python/3.10/lib/python3.10/site-packages/distributed/client.py", line 1211, in _reconnect
    await self._ensure_connected(timeout=timeout)
  File "/global/software/sl-7.x86_64/modules/langs/python/3.10/lib/python3.10/site-packages/distributed/client.py", line 1241, in _ensure_connected
    comm = await connect(
  File "/global/software/sl-7.x86_64/modules/langs/python/3.10/lib/python3.10/site-packages/distributed/comm/core.py", line 291, in connect
    comm = await asyncio.wait_for(
  File "/global/software/sl-7.x86_64/modules/langs/python/3.10/lib/python3.10/asyncio/tasks.py", line 445, in wait_for
    return fut.result()
  File "/global/software/sl-7.x86_64/modules/langs/python/3.10/lib/python3.10/site-packages/distributed/comm/tcp.py", line 449, in connect
    stream = await self.client.connect(
  File "/global/software/sl-7.x86_64/modules/langs/python/3.10/lib/python3.10/site-packages/tornado/tcpclient.py", line 265, in connect
    addrinfo = await self.resolver.resolve(host, port, af)
  File "/global/software/sl-7.x86_64/modules/langs/python/3.10/lib/python3.10/site-packages/distributed/comm/tcp.py", line 434, in resolve
    for fam, _, _, _, address in await asyncio.get_running_loop().getaddrinfo(
  File "/global/software/sl-7.x86_64/modules/langs/python/3.10/lib/python3.10/asyncio/base_events.py", line 863, in getaddrinfo
    return await self.run_in_executor(
  File "/global/software/sl-7.x86_64/modules/langs/python/3.10/lib/python3.10/asyncio/base_events.py", line 821, in run_in_executor
    executor.submit(func, *args), loop=self)
  File "/global/software/sl-7.x86_64/modules/langs/python/3.10/lib/python3.10/concurrent/futures/thread.py", line 167, in submit
    raise RuntimeError('cannot schedule new futures after shutdown')
RuntimeError: cannot schedule new futures after shutdown
cannot schedule new futures after shutdown
Traceback (most recent call last):
  File "/global/software/sl-7.x86_64/modules/langs/python/3.10/lib/python3.10/site-packages/distributed/comm/tcp.py", line 223, in read
    frames_nbytes = await stream.read_bytes(fmt_size)
tornado.iostream.StreamClosedError: Stream is closed

The above exception was the direct cause of the following exception:

Traceback (most recent call last):
  File "/global/software/sl-7.x86_64/modules/langs/python/3.10/lib/python3.10/site-packages/distributed/client.py", line 1392, in _handle_report
    msgs = await self.scheduler_comm.comm.read()
  File "/global/software/sl-7.x86_64/modules/langs/python/3.10/lib/python3.10/site-packages/distributed/comm/tcp.py", line 239, in read
    convert_stream_closed_error(self, e)
  File "/global/software/sl-7.x86_64/modules/langs/python/3.10/lib/python3.10/site-packages/distributed/comm/tcp.py", line 144, in convert_stream_closed_error
    raise CommClosedError(f"in {obj}: {exc}") from exc
distributed.comm.core.CommClosedError: in <TCP (closed) Client->Scheduler local=tcp://127.0.0.1:51124 remote=tcp://127.0.0.1:42971>: Stream is closed

During handling of the above exception, another exception occurred:

Traceback (most recent call last):
  File "/global/software/sl-7.x86_64/modules/langs/python/3.10/lib/python3.10/site-packages/distributed/utils.py", line 778, in wrapper
    return await func(*args, **kwargs)
  File "/global/software/sl-7.x86_64/modules/langs/python/3.10/lib/python3.10/site-packages/distributed/client.py", line 1400, in _handle_report
    await self._reconnect()
  File "/global/software/sl-7.x86_64/modules/langs/python/3.10/lib/python3.10/site-packages/distributed/utils.py", line 778, in wrapper
    return await func(*args, **kwargs)
  File "/global/software/sl-7.x86_64/modules/langs/python/3.10/lib/python3.10/site-packages/distributed/client.py", line 1211, in _reconnect
    await self._ensure_connected(timeout=timeout)
  File "/global/software/sl-7.x86_64/modules/langs/python/3.10/lib/python3.10/site-packages/distributed/client.py", line 1241, in _ensure_connected
    comm = await connect(
  File "/global/software/sl-7.x86_64/modules/langs/python/3.10/lib/python3.10/site-packages/distributed/comm/core.py", line 291, in connect
    comm = await asyncio.wait_for(
  File "/global/software/sl-7.x86_64/modules/langs/python/3.10/lib/python3.10/asyncio/tasks.py", line 445, in wait_for
    return fut.result()
  File "/global/software/sl-7.x86_64/modules/langs/python/3.10/lib/python3.10/site-packages/distributed/comm/tcp.py", line 449, in connect
    stream = await self.client.connect(
  File "/global/software/sl-7.x86_64/modules/langs/python/3.10/lib/python3.10/site-packages/tornado/tcpclient.py", line 265, in connect
    addrinfo = await self.resolver.resolve(host, port, af)
  File "/global/software/sl-7.x86_64/modules/langs/python/3.10/lib/python3.10/site-packages/distributed/comm/tcp.py", line 434, in resolve
    for fam, _, _, _, address in await asyncio.get_running_loop().getaddrinfo(
  File "/global/software/sl-7.x86_64/modules/langs/python/3.10/lib/python3.10/asyncio/base_events.py", line 863, in getaddrinfo
    return await self.run_in_executor(
  File "/global/software/sl-7.x86_64/modules/langs/python/3.10/lib/python3.10/asyncio/base_events.py", line 821, in run_in_executor
    executor.submit(func, *args), loop=self)
  File "/global/software/sl-7.x86_64/modules/langs/python/3.10/lib/python3.10/concurrent/futures/thread.py", line 167, in submit
    raise RuntimeError('cannot schedule new futures after shutdown')
RuntimeError: cannot schedule new futures after shutdown
2024-04-02 13:55:03,890 - distributed.client - ERROR - cannot schedule new futures after shutdown
Traceback (most recent call last):
  File "/global/software/sl-7.x86_64/modules/langs/python/3.10/lib/python3.10/site-packages/distributed/comm/tcp.py", line 223, in read
    frames_nbytes = await stream.read_bytes(fmt_size)
tornado.iostream.StreamClosedError: Stream is closed

The above exception was the direct cause of the following exception:

Traceback (most recent call last):
  File "/global/software/sl-7.x86_64/modules/langs/python/3.10/lib/python3.10/site-packages/distributed/client.py", line 1392, in _handle_report
    msgs = await self.scheduler_comm.comm.read()
  File "/global/software/sl-7.x86_64/modules/langs/python/3.10/lib/python3.10/site-packages/distributed/comm/tcp.py", line 239, in read
    convert_stream_closed_error(self, e)
  File "/global/software/sl-7.x86_64/modules/langs/python/3.10/lib/python3.10/site-packages/distributed/comm/tcp.py", line 144, in convert_stream_closed_error
    raise CommClosedError(f"in {obj}: {exc}") from exc
distributed.comm.core.CommClosedError: in <TCP (closed) Client->Scheduler local=tcp://127.0.0.1:51124 remote=tcp://127.0.0.1:42971>: Stream is closed

During handling of the above exception, another exception occurred:

Traceback (most recent call last):
  File "/global/software/sl-7.x86_64/modules/langs/python/3.10/lib/python3.10/site-packages/distributed/client.py", line 1520, in _close
    await asyncio.wait_for(asyncio.shield(handle_report_task), 0.1)
  File "/global/software/sl-7.x86_64/modules/langs/python/3.10/lib/python3.10/asyncio/tasks.py", line 445, in wait_for
    return fut.result()
  File "/global/software/sl-7.x86_64/modules/langs/python/3.10/lib/python3.10/site-packages/distributed/utils.py", line 778, in wrapper
    return await func(*args, **kwargs)
  File "/global/software/sl-7.x86_64/modules/langs/python/3.10/lib/python3.10/site-packages/distributed/client.py", line 1400, in _handle_report
    await self._reconnect()
  File "/global/software/sl-7.x86_64/modules/langs/python/3.10/lib/python3.10/site-packages/distributed/utils.py", line 778, in wrapper
    return await func(*args, **kwargs)
  File "/global/software/sl-7.x86_64/modules/langs/python/3.10/lib/python3.10/site-packages/distributed/client.py", line 1211, in _reconnect
    await self._ensure_connected(timeout=timeout)
  File "/global/software/sl-7.x86_64/modules/langs/python/3.10/lib/python3.10/site-packages/distributed/client.py", line 1241, in _ensure_connected
    comm = await connect(
  File "/global/software/sl-7.x86_64/modules/langs/python/3.10/lib/python3.10/site-packages/distributed/comm/core.py", line 291, in connect
    comm = await asyncio.wait_for(
  File "/global/software/sl-7.x86_64/modules/langs/python/3.10/lib/python3.10/asyncio/tasks.py", line 445, in wait_for
    return fut.result()
  File "/global/software/sl-7.x86_64/modules/langs/python/3.10/lib/python3.10/site-packages/distributed/comm/tcp.py", line 449, in connect
    stream = await self.client.connect(
  File "/global/software/sl-7.x86_64/modules/langs/python/3.10/lib/python3.10/site-packages/tornado/tcpclient.py", line 265, in connect
    addrinfo = await self.resolver.resolve(host, port, af)
  File "/global/software/sl-7.x86_64/modules/langs/python/3.10/lib/python3.10/site-packages/distributed/comm/tcp.py", line 434, in resolve
    for fam, _, _, _, address in await asyncio.get_running_loop().getaddrinfo(
  File "/global/software/sl-7.x86_64/modules/langs/python/3.10/lib/python3.10/asyncio/base_events.py", line 863, in getaddrinfo
    return await self.run_in_executor(
  File "/global/software/sl-7.x86_64/modules/langs/python/3.10/lib/python3.10/asyncio/base_events.py", line 821, in run_in_executor
    executor.submit(func, *args), loop=self)
  File "/global/software/sl-7.x86_64/modules/langs/python/3.10/lib/python3.10/concurrent/futures/thread.py", line 167, in submit
    raise RuntimeError('cannot schedule new futures after shutdown')
RuntimeError: cannot schedule new futures after shutdown
