pmax: 0.0005
ws: -1e-05
pmax: 0.0005
ws: -9.166666666666668e-06
pmax: 0.0005
ws: -8.333333333333334e-06
pmax: 0.0005
ws: -7.500000000000001e-06
pmax: 0.0005
ws: -6.666666666666667e-06
pmax: 0.0005
ws: -5.833333333333334e-06
pmax: 0.0005
ws: -5e-06
pmax: 0.0005
ws: -4.166666666666667e-06
pmax: 0.0005
ws: -3.3333333333333333e-06
pmax: 0.0005
ws: -2.4999999999999998e-06
pmax: 0.0005
ws: -1.666666666666667e-06
pmax: 0.0005
ws: -8.333333333333327e-07
pmax: 0.0005
ws: 0.0
pmax: 0.0005
ws: 8.333333333333344e-07
pmax: 0.0005
ws: 1.666666666666667e-06
pmax: 0.0005
ws: 2.5000000000000015e-06
pmax: 0.0005
ws: 3.333333333333334e-06
pmax: 0.0005
ws: 4.166666666666667e-06
pmax: 0.0005
ws: 5.000000000000001e-06
pmax: 0.0005
ws: 5.833333333333336e-06
pmax: 0.0005
ws: 6.666666666666667e-06
pmax: 0.0005
ws: 7.500000000000001e-06
pmax: 0.0005
ws: 8.333333333333335e-06
pmax: 0.0005
ws: 9.16666666666667e-06
pmax: 0.0005
ws: 1e-05
pmax: 0.0213125
ws: -1e-05
pmax: 0.0213125
ws: -9.166666666666668e-06
pmax: 0.0213125
ws: -8.333333333333334e-06
pmax: 0.0213125
ws: -7.500000000000001e-06
pmax: 0.0213125
ws: -6.666666666666667e-06
pmax: 0.0213125
ws: -5.833333333333334e-06
pmax: 0.0213125
ws: -5e-06
pmax: 0.0213125
ws: -4.166666666666667e-06
pmax: 0.0213125
ws: -3.3333333333333333e-06
pmax: 0.0213125
ws: -2.4999999999999998e-06
pmax: 0.0213125
ws: -1.666666666666667e-06
pmax: 0.0213125
ws: -8.333333333333327e-07
pmax: 0.0213125
ws: 0.0
pmax: 0.0213125
ws: 8.333333333333344e-07
pmax: 0.0213125
ws: 1.666666666666667e-06
pmax: 0.0213125
ws: 2.5000000000000015e-06
pmax: 0.0213125
ws: 3.333333333333334e-06
pmax: 0.0213125
ws: 4.166666666666667e-06
pmax: 0.0213125
ws: 5.000000000000001e-06
pmax: 0.0213125
ws: 5.833333333333336e-06
pmax: 0.0213125
ws: 6.666666666666667e-06
pmax: 0.0213125
ws: 7.500000000000001e-06
pmax: 0.0213125
ws: 8.333333333333335e-06
pmax: 0.0213125
ws: 9.16666666666667e-06
pmax: 0.0213125
ws: 1e-05
pmax: 0.042125
ws: -1e-05
pmax: 0.042125
ws: -9.166666666666668e-06
pmax: 0.042125
ws: -8.333333333333334e-06
pmax: 0.042125
ws: -7.500000000000001e-06
pmax: 0.042125
ws: -6.666666666666667e-06
pmax: 0.042125
ws: -5.833333333333334e-06
pmax: 0.042125
ws: -5e-06
pmax: 0.042125
ws: -4.166666666666667e-06
pmax: 0.042125
ws: -3.3333333333333333e-06
pmax: 0.042125
ws: -2.4999999999999998e-06
pmax: 0.042125
ws: -1.666666666666667e-06
pmax: 0.042125
ws: -8.333333333333327e-07
pmax: 0.042125
ws: 0.0
pmax: 0.042125
ws: 8.333333333333344e-07
pmax: 0.042125
ws: 1.666666666666667e-06
pmax: 0.042125
ws: 2.5000000000000015e-06
pmax: 0.042125
ws: 3.333333333333334e-06
pmax: 0.042125
ws: 4.166666666666667e-06
pmax: 0.042125
ws: 5.000000000000001e-06
pmax: 0.042125
ws: 5.833333333333336e-06
pmax: 0.042125
ws: 6.666666666666667e-06
pmax: 0.042125
ws: 7.500000000000001e-06
pmax: 0.042125
ws: 8.333333333333335e-06
pmax: 0.042125
ws: 9.16666666666667e-06
pmax: 0.042125
ws: 1e-05
pmax: 0.06293750000000001
ws: -1e-05
pmax: 0.06293750000000001
ws: -9.166666666666668e-06
pmax: 0.06293750000000001
ws: -8.333333333333334e-06
pmax: 0.06293750000000001
ws: -7.500000000000001e-06
pmax: 0.06293750000000001
ws: -6.666666666666667e-06
pmax: 0.06293750000000001
ws: -5.833333333333334e-06
pmax: 0.06293750000000001
ws: -5e-06
pmax: 0.06293750000000001
ws: -4.166666666666667e-06
pmax: 0.06293750000000001
ws: -3.3333333333333333e-06
pmax: 0.06293750000000001
ws: -2.4999999999999998e-06
pmax: 0.06293750000000001
ws: -1.666666666666667e-06
pmax: 0.06293750000000001
ws: -8.333333333333327e-07
pmax: 0.06293750000000001
ws: 0.0
pmax: 0.06293750000000001
ws: 8.333333333333344e-07
pmax: 0.06293750000000001
ws: 1.666666666666667e-06
pmax: 0.06293750000000001
ws: 2.5000000000000015e-06
pmax: 0.06293750000000001
ws: 3.333333333333334e-06
pmax: 0.06293750000000001
ws: 4.166666666666667e-06
pmax: 0.06293750000000001
ws: 5.000000000000001e-06
pmax: 0.06293750000000001
ws: 5.833333333333336e-06
pmax: 0.06293750000000001
ws: 6.666666666666667e-06
pmax: 0.06293750000000001
ws: 7.500000000000001e-06
pmax: 0.06293750000000001
ws: 8.333333333333335e-06
pmax: 0.06293750000000001
ws: 9.16666666666667e-06
pmax: 0.06293750000000001
ws: 1e-05
pmax: 0.08375
ws: -1e-05
pmax: 0.08375
ws: -9.166666666666668e-06
pmax: 0.08375
ws: -8.333333333333334e-06
pmax: 0.08375
ws: -7.500000000000001e-06
pmax: 0.08375
ws: -6.666666666666667e-06
pmax: 0.08375
ws: -5.833333333333334e-06
pmax: 0.08375
ws: -5e-06
pmax: 0.08375
ws: -4.166666666666667e-06
pmax: 0.08375
ws: -3.3333333333333333e-06
pmax: 0.08375
ws: -2.4999999999999998e-06
pmax: 0.08375
ws: -1.666666666666667e-06
pmax: 0.08375
ws: -8.333333333333327e-07
pmax: 0.08375
ws: 0.0
pmax: 0.08375
ws: 8.333333333333344e-07
pmax: 0.08375
ws: 1.666666666666667e-06
pmax: 0.08375
ws: 2.5000000000000015e-06
pmax: 0.08375
ws: 3.333333333333334e-06
pmax: 0.08375
ws: 4.166666666666667e-06
pmax: 0.08375
ws: 5.000000000000001e-06
pmax: 0.08375
ws: 5.833333333333336e-06
pmax: 0.08375
ws: 6.666666666666667e-06
pmax: 0.08375
ws: 7.500000000000001e-06
pmax: 0.08375
ws: 8.333333333333335e-06
pmax: 0.08375
ws: 9.16666666666667e-06
pmax: 0.08375
ws: 1e-05
pmax: 0.1045625
ws: -1e-05
pmax: 0.1045625
ws: -9.166666666666668e-06
pmax: 0.1045625
ws: -8.333333333333334e-06
pmax: 0.1045625
ws: -7.500000000000001e-06
pmax: 0.1045625
ws: -6.666666666666667e-06
pmax: 0.1045625
ws: -5.833333333333334e-06
pmax: 0.1045625
ws: -5e-06
pmax: 0.1045625
ws: -4.166666666666667e-06
pmax: 0.1045625
ws: -3.3333333333333333e-06
pmax: 0.1045625
ws: -2.4999999999999998e-06
pmax: 0.1045625
ws: -1.666666666666667e-06
pmax: 0.1045625
ws: -8.333333333333327e-07
pmax: 0.1045625
ws: 0.0
pmax: 0.1045625
ws: 8.333333333333344e-07
pmax: 0.1045625
ws: 1.666666666666667e-06
pmax: 0.1045625
ws: 2.5000000000000015e-06
pmax: 0.1045625
ws: 3.333333333333334e-06
pmax: 0.1045625
ws: 4.166666666666667e-06
pmax: 0.1045625
ws: 5.000000000000001e-06
pmax: 0.1045625
ws: 5.833333333333336e-06
pmax: 0.1045625
ws: 6.666666666666667e-06
pmax: 0.1045625
ws: 7.500000000000001e-06
pmax: 0.1045625
ws: 8.333333333333335e-06
pmax: 0.1045625
ws: 9.16666666666667e-06
pmax: 0.1045625
ws: 1e-05
pmax: 0.12537500000000001
ws: -1e-05
pmax: 0.12537500000000001
ws: -9.166666666666668e-06
pmax: 0.12537500000000001
ws: -8.333333333333334e-06
pmax: 0.12537500000000001
ws: -7.500000000000001e-06
pmax: 0.12537500000000001
ws: -6.666666666666667e-06
pmax: 0.12537500000000001
ws: -5.833333333333334e-06
pmax: 0.12537500000000001
ws: -5e-06
pmax: 0.12537500000000001
ws: -4.166666666666667e-06
pmax: 0.12537500000000001
ws: -3.3333333333333333e-06
pmax: 0.12537500000000001
ws: -2.4999999999999998e-06
pmax: 0.12537500000000001
ws: -1.666666666666667e-06
pmax: 0.12537500000000001
ws: -8.333333333333327e-07
pmax: 0.12537500000000001
ws: 0.0
pmax: 0.12537500000000001
ws: 8.333333333333344e-07
pmax: 0.12537500000000001
ws: 1.666666666666667e-06
pmax: 0.12537500000000001
ws: 2.5000000000000015e-06
pmax: 0.12537500000000001
ws: 3.333333333333334e-06
pmax: 0.12537500000000001
ws: 4.166666666666667e-06
pmax: 0.12537500000000001
ws: 5.000000000000001e-06
pmax: 0.12537500000000001
ws: 5.833333333333336e-06
pmax: 0.12537500000000001
ws: 6.666666666666667e-06
pmax: 0.12537500000000001
ws: 7.500000000000001e-06
pmax: 0.12537500000000001
ws: 8.333333333333335e-06
pmax: 0.12537500000000001
ws: 9.16666666666667e-06
pmax: 0.12537500000000001
ws: 1e-05
pmax: 0.1461875
ws: -1e-05
pmax: 0.1461875
ws: -9.166666666666668e-06
pmax: 0.1461875
ws: -8.333333333333334e-06
pmax: 0.1461875
ws: -7.500000000000001e-06
pmax: 0.1461875
ws: -6.666666666666667e-06
pmax: 0.1461875
ws: -5.833333333333334e-06
pmax: 0.1461875
ws: -5e-06
pmax: 0.1461875
ws: -4.166666666666667e-06
pmax: 0.1461875
ws: -3.3333333333333333e-06
pmax: 0.1461875
ws: -2.4999999999999998e-06
pmax: 0.1461875
ws: -1.666666666666667e-06
pmax: 0.1461875
ws: -8.333333333333327e-07
pmax: 0.1461875
ws: 0.0
pmax: 0.1461875
ws: 8.333333333333344e-07
pmax: 0.1461875
ws: 1.666666666666667e-06
pmax: 0.1461875
ws: 2.5000000000000015e-06
pmax: 0.1461875
ws: 3.333333333333334e-06
pmax: 0.1461875
ws: 4.166666666666667e-06
pmax: 0.1461875
ws: 5.000000000000001e-06
pmax: 0.1461875
ws: 5.833333333333336e-06
pmax: 0.1461875
ws: 6.666666666666667e-06
pmax: 0.1461875
ws: 7.500000000000001e-06
pmax: 0.1461875
ws: 8.333333333333335e-06
pmax: 0.1461875
ws: 9.16666666666667e-06
pmax: 0.1461875
ws: 1e-05
pmax: 0.167
ws: -1e-05
pmax: 0.167
ws: -9.166666666666668e-06
pmax: 0.167
ws: -8.333333333333334e-06
pmax: 0.167
ws: -7.500000000000001e-06
pmax: 0.167
ws: -6.666666666666667e-06
pmax: 0.167
ws: -5.833333333333334e-06
pmax: 0.167
ws: -5e-06
pmax: 0.167
ws: -4.166666666666667e-06
pmax: 0.167
ws: -3.3333333333333333e-06
pmax: 0.167
ws: -2.4999999999999998e-06
pmax: 0.167
ws: -1.666666666666667e-06
pmax: 0.167
ws: -8.333333333333327e-07
pmax: 0.167
ws: 0.0
pmax: 0.167
ws: 8.333333333333344e-07
pmax: 0.167
ws: 1.666666666666667e-06
pmax: 0.167
ws: 2.5000000000000015e-06
pmax: 0.167
ws: 3.333333333333334e-06
pmax: 0.167
ws: 4.166666666666667e-06
pmax: 0.167
ws: 5.000000000000001e-06
pmax: 0.167
ws: 5.833333333333336e-06
pmax: 0.167
ws: 6.666666666666667e-06
pmax: 0.167
ws: 7.500000000000001e-06
pmax: 0.167
ws: 8.333333333333335e-06
pmax: 0.167
ws: 9.16666666666667e-06
pmax: 0.167
ws: 1e-05
pmax: 0.18781250000000002
ws: -1e-05
pmax: 0.18781250000000002
ws: -9.166666666666668e-06
pmax: 0.18781250000000002
ws: -8.333333333333334e-06
pmax: 0.18781250000000002
ws: -7.500000000000001e-06
pmax: 0.18781250000000002
ws: -6.666666666666667e-06
pmax: 0.18781250000000002
ws: -5.833333333333334e-06
pmax: 0.18781250000000002
ws: -5e-06
pmax: 0.18781250000000002
ws: -4.166666666666667e-06
pmax: 0.18781250000000002
ws: -3.3333333333333333e-06
pmax: 0.18781250000000002
ws: -2.4999999999999998e-06
pmax: 0.18781250000000002
ws: -1.666666666666667e-06
pmax: 0.18781250000000002
ws: -8.333333333333327e-07
pmax: 0.18781250000000002
ws: 0.0
pmax: 0.18781250000000002
ws: 8.333333333333344e-07
pmax: 0.18781250000000002
ws: 1.666666666666667e-06
pmax: 0.18781250000000002
ws: 2.5000000000000015e-06
pmax: 0.18781250000000002
ws: 3.333333333333334e-06
pmax: 0.18781250000000002
ws: 4.166666666666667e-06
pmax: 0.18781250000000002
ws: 5.000000000000001e-06
pmax: 0.18781250000000002
ws: 5.833333333333336e-06
pmax: 0.18781250000000002
ws: 6.666666666666667e-06
pmax: 0.18781250000000002
ws: 7.500000000000001e-06
pmax: 0.18781250000000002
ws: 8.333333333333335e-06
pmax: 0.18781250000000002
ws: 9.16666666666667e-06
pmax: 0.18781250000000002
ws: 1e-05
pmax: 0.208625
ws: -1e-05
pmax: 0.208625
ws: -9.166666666666668e-06
pmax: 0.208625
ws: -8.333333333333334e-06
pmax: 0.208625
ws: -7.500000000000001e-06
pmax: 0.208625
ws: -6.666666666666667e-06
pmax: 0.208625
ws: -5.833333333333334e-06
pmax: 0.208625
ws: -5e-06
pmax: 0.208625
ws: -4.166666666666667e-06
pmax: 0.208625
ws: -3.3333333333333333e-06
pmax: 0.208625
ws: -2.4999999999999998e-06
pmax: 0.208625
ws: -1.666666666666667e-06
pmax: 0.208625
ws: -8.333333333333327e-07
pmax: 0.208625
ws: 0.0
pmax: 0.208625
ws: 8.333333333333344e-07
pmax: 0.208625
ws: 1.666666666666667e-06
pmax: 0.208625
ws: 2.5000000000000015e-06
pmax: 0.208625
ws: 3.333333333333334e-06
pmax: 0.208625
ws: 4.166666666666667e-06
pmax: 0.208625
ws: 5.000000000000001e-06
pmax: 0.208625
ws: 5.833333333333336e-06
pmax: 0.208625
ws: 6.666666666666667e-06
pmax: 0.208625
ws: 7.500000000000001e-06
pmax: 0.208625
ws: 8.333333333333335e-06
pmax: 0.208625
ws: 9.16666666666667e-06
pmax: 0.208625
ws: 1e-05
pmax: 0.22943750000000002
ws: -1e-05
pmax: 0.22943750000000002
ws: -9.166666666666668e-06
pmax: 0.22943750000000002
ws: -8.333333333333334e-06
pmax: 0.22943750000000002
ws: -7.500000000000001e-06
pmax: 0.22943750000000002
ws: -6.666666666666667e-06
pmax: 0.22943750000000002
ws: -5.833333333333334e-06
pmax: 0.22943750000000002
ws: -5e-06
pmax: 0.22943750000000002
ws: -4.166666666666667e-06
pmax: 0.22943750000000002
ws: -3.3333333333333333e-06
pmax: 0.22943750000000002
ws: -2.4999999999999998e-06
pmax: 0.22943750000000002
ws: -1.666666666666667e-06
pmax: 0.22943750000000002
ws: -8.333333333333327e-07
pmax: 0.22943750000000002
ws: 0.0
pmax: 0.22943750000000002
ws: 8.333333333333344e-07
pmax: 0.22943750000000002
ws: 1.666666666666667e-06
pmax: 0.22943750000000002
ws: 2.5000000000000015e-06
pmax: 0.22943750000000002
ws: 3.333333333333334e-06
pmax: 0.22943750000000002
ws: 4.166666666666667e-06
pmax: 0.22943750000000002
ws: 5.000000000000001e-06
pmax: 0.22943750000000002
ws: 5.833333333333336e-06
pmax: 0.22943750000000002
ws: 6.666666666666667e-06
pmax: 0.22943750000000002
ws: 7.500000000000001e-06
pmax: 0.22943750000000002
ws: 8.333333333333335e-06
pmax: 0.22943750000000002
ws: 9.16666666666667e-06
pmax: 0.22943750000000002
ws: 1e-05
pmax: 0.25025000000000003
ws: -1e-05
pmax: 0.25025000000000003
ws: -9.166666666666668e-06
pmax: 0.25025000000000003
ws: -8.333333333333334e-06
pmax: 0.25025000000000003
ws: -7.500000000000001e-06
pmax: 0.25025000000000003
ws: -6.666666666666667e-06
pmax: 0.25025000000000003
ws: -5.833333333333334e-06
pmax: 0.25025000000000003
ws: -5e-06
pmax: 0.25025000000000003
ws: -4.166666666666667e-06
pmax: 0.25025000000000003
ws: -3.3333333333333333e-06
pmax: 0.25025000000000003
ws: -2.4999999999999998e-06
pmax: 0.25025000000000003
ws: -1.666666666666667e-06
pmax: 0.25025000000000003
ws: -8.333333333333327e-07
pmax: 0.25025000000000003
ws: 0.0
pmax: 0.25025000000000003
ws: 8.333333333333344e-07
pmax: 0.25025000000000003
ws: 1.666666666666667e-06
pmax: 0.25025000000000003
ws: 2.5000000000000015e-06
pmax: 0.25025000000000003
ws: 3.333333333333334e-06
pmax: 0.25025000000000003
ws: 4.166666666666667e-06
pmax: 0.25025000000000003
ws: 5.000000000000001e-06
pmax: 0.25025000000000003
ws: 5.833333333333336e-06
pmax: 0.25025000000000003
ws: 6.666666666666667e-06
pmax: 0.25025000000000003
ws: 7.500000000000001e-06
pmax: 0.25025000000000003
ws: 8.333333333333335e-06
pmax: 0.25025000000000003
ws: 9.16666666666667e-06
pmax: 0.25025000000000003
ws: 1e-05
pmax: 0.27106250000000004
ws: -1e-05
pmax: 0.27106250000000004
ws: -9.166666666666668e-06
pmax: 0.27106250000000004
ws: -8.333333333333334e-06
pmax: 0.27106250000000004
ws: -7.500000000000001e-06
pmax: 0.27106250000000004
ws: -6.666666666666667e-06
pmax: 0.27106250000000004
ws: -5.833333333333334e-06
pmax: 0.27106250000000004
ws: -5e-06
pmax: 0.27106250000000004
ws: -4.166666666666667e-06
pmax: 0.27106250000000004
ws: -3.3333333333333333e-06
pmax: 0.27106250000000004
ws: -2.4999999999999998e-06
pmax: 0.27106250000000004
ws: -1.666666666666667e-06
pmax: 0.27106250000000004
ws: -8.333333333333327e-07
pmax: 0.27106250000000004
ws: 0.0
pmax: 0.27106250000000004
ws: 8.333333333333344e-07
pmax: 0.27106250000000004
ws: 1.666666666666667e-06
pmax: 0.27106250000000004
ws: 2.5000000000000015e-06
pmax: 0.27106250000000004
ws: 3.333333333333334e-06
pmax: 0.27106250000000004
ws: 4.166666666666667e-06
pmax: 0.27106250000000004
ws: 5.000000000000001e-06
pmax: 0.27106250000000004
ws: 5.833333333333336e-06
pmax: 0.27106250000000004
ws: 6.666666666666667e-06
pmax: 0.27106250000000004
ws: 7.500000000000001e-06
pmax: 0.27106250000000004
ws: 8.333333333333335e-06
pmax: 0.27106250000000004
ws: 9.16666666666667e-06
pmax: 0.27106250000000004
ws: 1e-05
pmax: 0.291875
ws: -1e-05
pmax: 0.291875
ws: -9.166666666666668e-06
pmax: 0.291875
ws: -8.333333333333334e-06
pmax: 0.291875
ws: -7.500000000000001e-06
pmax: 0.291875
ws: -6.666666666666667e-06
pmax: 0.291875
ws: -5.833333333333334e-06
pmax: 0.291875
ws: -5e-06
pmax: 0.291875
ws: -4.166666666666667e-06
pmax: 0.291875
ws: -3.3333333333333333e-06
pmax: 0.291875
ws: -2.4999999999999998e-06
pmax: 0.291875
ws: -1.666666666666667e-06
pmax: 0.291875
ws: -8.333333333333327e-07
pmax: 0.291875
ws: 0.0
pmax: 0.291875
ws: 8.333333333333344e-07
pmax: 0.291875
ws: 1.666666666666667e-06
pmax: 0.291875
ws: 2.5000000000000015e-06
pmax: 0.291875
ws: 3.333333333333334e-06
pmax: 0.291875
ws: 4.166666666666667e-06
pmax: 0.291875
ws: 5.000000000000001e-06
pmax: 0.291875
ws: 5.833333333333336e-06
pmax: 0.291875
ws: 6.666666666666667e-06
pmax: 0.291875
ws: 7.500000000000001e-06
pmax: 0.291875
ws: 8.333333333333335e-06
pmax: 0.291875
ws: 9.16666666666667e-06
pmax: 0.291875
ws: 1e-05
pmax: 0.3126875
ws: -1e-05
pmax: 0.3126875
ws: -9.166666666666668e-06
pmax: 0.3126875
ws: -8.333333333333334e-06
pmax: 0.3126875
ws: -7.500000000000001e-06
pmax: 0.3126875
ws: -6.666666666666667e-06
pmax: 0.3126875
ws: -5.833333333333334e-06
pmax: 0.3126875
ws: -5e-06
pmax: 0.3126875
ws: -4.166666666666667e-06
pmax: 0.3126875
ws: -3.3333333333333333e-06
pmax: 0.3126875
ws: -2.4999999999999998e-06
pmax: 0.3126875
ws: -1.666666666666667e-06
pmax: 0.3126875
ws: -8.333333333333327e-07
pmax: 0.3126875
ws: 0.0
pmax: 0.3126875
ws: 8.333333333333344e-07
pmax: 0.3126875
ws: 1.666666666666667e-06
pmax: 0.3126875
ws: 2.5000000000000015e-06
pmax: 0.3126875
ws: 3.333333333333334e-06
pmax: 0.3126875
ws: 4.166666666666667e-06
pmax: 0.3126875
ws: 5.000000000000001e-06
pmax: 0.3126875
ws: 5.833333333333336e-06
pmax: 0.3126875
ws: 6.666666666666667e-06
pmax: 0.3126875
ws: 7.500000000000001e-06
pmax: 0.3126875
ws: 8.333333333333335e-06
pmax: 0.3126875
ws: 9.16666666666667e-06
pmax: 0.3126875
ws: 1e-05
pmax: 0.3335
ws: -1e-05
pmax: 0.3335
ws: -9.166666666666668e-06
pmax: 0.3335
ws: -8.333333333333334e-06
pmax: 0.3335
ws: -7.500000000000001e-06
pmax: 0.3335
ws: -6.666666666666667e-06
pmax: 0.3335
ws: -5.833333333333334e-06
pmax: 0.3335
ws: -5e-06
pmax: 0.3335
ws: -4.166666666666667e-06
pmax: 0.3335
ws: -3.3333333333333333e-06
pmax: 0.3335
ws: -2.4999999999999998e-06
pmax: 0.3335
ws: -1.666666666666667e-06
pmax: 0.3335
ws: -8.333333333333327e-07
pmax: 0.3335
ws: 0.0
pmax: 0.3335
ws: 8.333333333333344e-07
pmax: 0.3335
ws: 1.666666666666667e-06
pmax: 0.3335
ws: 2.5000000000000015e-06
pmax: 0.3335
ws: 3.333333333333334e-06
pmax: 0.3335
ws: 4.166666666666667e-06
pmax: 0.3335
ws: 5.000000000000001e-06
pmax: 0.3335
ws: 5.833333333333336e-06
pmax: 0.3335
ws: 6.666666666666667e-06
pmax: 0.3335
ws: 7.500000000000001e-06
pmax: 0.3335
ws: 8.333333333333335e-06
pmax: 0.3335
ws: 9.16666666666667e-06
pmax: 0.3335
ws: 1e-05
pmax: 0.35431250000000003
ws: -1e-05
pmax: 0.35431250000000003
ws: -9.166666666666668e-06
pmax: 0.35431250000000003
ws: -8.333333333333334e-06
pmax: 0.35431250000000003
ws: -7.500000000000001e-06
pmax: 0.35431250000000003
ws: -6.666666666666667e-06
pmax: 0.35431250000000003
ws: -5.833333333333334e-06
pmax: 0.35431250000000003
ws: -5e-06
pmax: 0.35431250000000003
ws: -4.166666666666667e-06
pmax: 0.35431250000000003
ws: -3.3333333333333333e-06
pmax: 0.35431250000000003
ws: -2.4999999999999998e-06
pmax: 0.35431250000000003
ws: -1.666666666666667e-06
pmax: 0.35431250000000003
ws: -8.333333333333327e-07
pmax: 0.35431250000000003
ws: 0.0
pmax: 0.35431250000000003
ws: 8.333333333333344e-07
pmax: 0.35431250000000003
ws: 1.666666666666667e-06
pmax: 0.35431250000000003
ws: 2.5000000000000015e-06
pmax: 0.35431250000000003
ws: 3.333333333333334e-06
pmax: 0.35431250000000003
ws: 4.166666666666667e-06
pmax: 0.35431250000000003
ws: 5.000000000000001e-06
pmax: 0.35431250000000003
ws: 5.833333333333336e-06
pmax: 0.35431250000000003
ws: 6.666666666666667e-06
pmax: 0.35431250000000003
ws: 7.500000000000001e-06
pmax: 0.35431250000000003
ws: 8.333333333333335e-06
pmax: 0.35431250000000003
ws: 9.16666666666667e-06
pmax: 0.35431250000000003
ws: 1e-05
pmax: 0.37512500000000004
ws: -1e-05
pmax: 0.37512500000000004
ws: -9.166666666666668e-06
pmax: 0.37512500000000004
ws: -8.333333333333334e-06
pmax: 0.37512500000000004
ws: -7.500000000000001e-06
pmax: 0.37512500000000004
ws: -6.666666666666667e-06
pmax: 0.37512500000000004
ws: -5.833333333333334e-06
pmax: 0.37512500000000004
ws: -5e-06
pmax: 0.37512500000000004
ws: -4.166666666666667e-06
pmax: 0.37512500000000004
ws: -3.3333333333333333e-06
pmax: 0.37512500000000004
ws: -2.4999999999999998e-06
pmax: 0.37512500000000004
ws: -1.666666666666667e-06
pmax: 0.37512500000000004
ws: -8.333333333333327e-07
pmax: 0.37512500000000004
ws: 0.0
pmax: 0.37512500000000004
ws: 8.333333333333344e-07
pmax: 0.37512500000000004
ws: 1.666666666666667e-06
pmax: 0.37512500000000004
ws: 2.5000000000000015e-06
pmax: 0.37512500000000004
ws: 3.333333333333334e-06
pmax: 0.37512500000000004
ws: 4.166666666666667e-06
pmax: 0.37512500000000004
ws: 5.000000000000001e-06
pmax: 0.37512500000000004
ws: 5.833333333333336e-06
pmax: 0.37512500000000004
ws: 6.666666666666667e-06
pmax: 0.37512500000000004
ws: 7.500000000000001e-06
pmax: 0.37512500000000004
ws: 8.333333333333335e-06
pmax: 0.37512500000000004
ws: 9.16666666666667e-06
pmax: 0.37512500000000004
ws: 1e-05
pmax: 0.3959375
ws: -1e-05
pmax: 0.3959375
ws: -9.166666666666668e-06
pmax: 0.3959375
ws: -8.333333333333334e-06
pmax: 0.3959375
ws: -7.500000000000001e-06
pmax: 0.3959375
ws: -6.666666666666667e-06
pmax: 0.3959375
ws: -5.833333333333334e-06
pmax: 0.3959375
ws: -5e-06
pmax: 0.3959375
ws: -4.166666666666667e-06
pmax: 0.3959375
ws: -3.3333333333333333e-06
pmax: 0.3959375
ws: -2.4999999999999998e-06
pmax: 0.3959375
ws: -1.666666666666667e-06
pmax: 0.3959375
ws: -8.333333333333327e-07
pmax: 0.3959375
ws: 0.0
pmax: 0.3959375
ws: 8.333333333333344e-07
pmax: 0.3959375
ws: 1.666666666666667e-06
pmax: 0.3959375
ws: 2.5000000000000015e-06
pmax: 0.3959375
ws: 3.333333333333334e-06
pmax: 0.3959375
ws: 4.166666666666667e-06
pmax: 0.3959375
ws: 5.000000000000001e-06
pmax: 0.3959375
ws: 5.833333333333336e-06
pmax: 0.3959375
ws: 6.666666666666667e-06
pmax: 0.3959375
ws: 7.500000000000001e-06
pmax: 0.3959375
ws: 8.333333333333335e-06
pmax: 0.3959375
ws: 9.16666666666667e-06
pmax: 0.3959375
ws: 1e-05
pmax: 0.41675
ws: -1e-05
pmax: 0.41675
ws: -9.166666666666668e-06
pmax: 0.41675
ws: -8.333333333333334e-06
pmax: 0.41675
ws: -7.500000000000001e-06
pmax: 0.41675
ws: -6.666666666666667e-06
pmax: 0.41675
ws: -5.833333333333334e-06
pmax: 0.41675
ws: -5e-06
pmax: 0.41675
ws: -4.166666666666667e-06
pmax: 0.41675
ws: -3.3333333333333333e-06
pmax: 0.41675
ws: -2.4999999999999998e-06
pmax: 0.41675
ws: -1.666666666666667e-06
pmax: 0.41675
ws: -8.333333333333327e-07
pmax: 0.41675
ws: 0.0
pmax: 0.41675
ws: 8.333333333333344e-07
pmax: 0.41675
ws: 1.666666666666667e-06
pmax: 0.41675
ws: 2.5000000000000015e-06
pmax: 0.41675
ws: 3.333333333333334e-06
pmax: 0.41675
ws: 4.166666666666667e-06
pmax: 0.41675
ws: 5.000000000000001e-06
pmax: 0.41675
ws: 5.833333333333336e-06
pmax: 0.41675
ws: 6.666666666666667e-06
pmax: 0.41675
ws: 7.500000000000001e-06
pmax: 0.41675
ws: 8.333333333333335e-06
pmax: 0.41675
ws: 9.16666666666667e-06
pmax: 0.41675
ws: 1e-05
pmax: 0.4375625
ws: -1e-05
pmax: 0.4375625
ws: -9.166666666666668e-06
pmax: 0.4375625
ws: -8.333333333333334e-06
pmax: 0.4375625
ws: -7.500000000000001e-06
pmax: 0.4375625
ws: -6.666666666666667e-06
pmax: 0.4375625
ws: -5.833333333333334e-06
pmax: 0.4375625
ws: -5e-06
pmax: 0.4375625
ws: -4.166666666666667e-06
pmax: 0.4375625
ws: -3.3333333333333333e-06
pmax: 0.4375625
ws: -2.4999999999999998e-06
pmax: 0.4375625
ws: -1.666666666666667e-06
pmax: 0.4375625
ws: -8.333333333333327e-07
pmax: 0.4375625
ws: 0.0
pmax: 0.4375625
ws: 8.333333333333344e-07
pmax: 0.4375625
ws: 1.666666666666667e-06
pmax: 0.4375625
ws: 2.5000000000000015e-06
pmax: 0.4375625
ws: 3.333333333333334e-06
pmax: 0.4375625
ws: 4.166666666666667e-06
pmax: 0.4375625
ws: 5.000000000000001e-06
pmax: 0.4375625
ws: 5.833333333333336e-06
pmax: 0.4375625
ws: 6.666666666666667e-06
pmax: 0.4375625
ws: 7.500000000000001e-06
pmax: 0.4375625
ws: 8.333333333333335e-06
pmax: 0.4375625
ws: 9.16666666666667e-06
pmax: 0.4375625
ws: 1e-05
pmax: 0.45837500000000003
ws: -1e-05
pmax: 0.45837500000000003
ws: -9.166666666666668e-06
pmax: 0.45837500000000003
ws: -8.333333333333334e-06
pmax: 0.45837500000000003
ws: -7.500000000000001e-06
pmax: 0.45837500000000003
ws: -6.666666666666667e-06
pmax: 0.45837500000000003
ws: -5.833333333333334e-06
pmax: 0.45837500000000003
ws: -5e-06
pmax: 0.45837500000000003
ws: -4.166666666666667e-06
pmax: 0.45837500000000003
ws: -3.3333333333333333e-06
pmax: 0.45837500000000003
ws: -2.4999999999999998e-06
pmax: 0.45837500000000003
ws: -1.666666666666667e-06
pmax: 0.45837500000000003
ws: -8.333333333333327e-07
pmax: 0.45837500000000003
ws: 0.0
pmax: 0.45837500000000003
ws: 8.333333333333344e-07
pmax: 0.45837500000000003
ws: 1.666666666666667e-06
pmax: 0.45837500000000003
ws: 2.5000000000000015e-06
pmax: 0.45837500000000003
ws: 3.333333333333334e-06
pmax: 0.45837500000000003
ws: 4.166666666666667e-06
pmax: 0.45837500000000003
ws: 5.000000000000001e-06
pmax: 0.45837500000000003
ws: 5.833333333333336e-06
pmax: 0.45837500000000003
ws: 6.666666666666667e-06
pmax: 0.45837500000000003
ws: 7.500000000000001e-06
pmax: 0.45837500000000003
ws: 8.333333333333335e-06
pmax: 0.45837500000000003
ws: 9.16666666666667e-06
pmax: 0.45837500000000003
ws: 1e-05
pmax: 0.47918750000000004
ws: -1e-05
pmax: 0.47918750000000004
ws: -9.166666666666668e-06
pmax: 0.47918750000000004
ws: -8.333333333333334e-06
pmax: 0.47918750000000004
ws: -7.500000000000001e-06
pmax: 0.47918750000000004
ws: -6.666666666666667e-06
pmax: 0.47918750000000004
ws: -5.833333333333334e-06
pmax: 0.47918750000000004
ws: -5e-06
pmax: 0.47918750000000004
ws: -4.166666666666667e-06
pmax: 0.47918750000000004
ws: -3.3333333333333333e-06
pmax: 0.47918750000000004
ws: -2.4999999999999998e-06
pmax: 0.47918750000000004
ws: -1.666666666666667e-06
pmax: 0.47918750000000004
ws: -8.333333333333327e-07
pmax: 0.47918750000000004
ws: 0.0
pmax: 0.47918750000000004
ws: 8.333333333333344e-07
pmax: 0.47918750000000004
ws: 1.666666666666667e-06
pmax: 0.47918750000000004
ws: 2.5000000000000015e-06
pmax: 0.47918750000000004
ws: 3.333333333333334e-06
pmax: 0.47918750000000004
ws: 4.166666666666667e-06
pmax: 0.47918750000000004
ws: 5.000000000000001e-06
pmax: 0.47918750000000004
ws: 5.833333333333336e-06
pmax: 0.47918750000000004
ws: 6.666666666666667e-06
pmax: 0.47918750000000004
ws: 7.500000000000001e-06
pmax: 0.47918750000000004
ws: 8.333333333333335e-06
pmax: 0.47918750000000004
ws: 9.16666666666667e-06
pmax: 0.47918750000000004
ws: 1e-05
pmax: 0.5
ws: -1e-05
pmax: 0.5
ws: -9.166666666666668e-06
pmax: 0.5
ws: -8.333333333333334e-06
pmax: 0.5
ws: -7.500000000000001e-06
pmax: 0.5
ws: -6.666666666666667e-06
pmax: 0.5
ws: -5.833333333333334e-06
pmax: 0.5
ws: -5e-06
pmax: 0.5
ws: -4.166666666666667e-06
pmax: 0.5
ws: -3.3333333333333333e-06
pmax: 0.5
ws: -2.4999999999999998e-06
pmax: 0.5
ws: -1.666666666666667e-06
pmax: 0.5
ws: -8.333333333333327e-07
pmax: 0.5
ws: 0.0
pmax: 0.5
ws: 8.333333333333344e-07
pmax: 0.5
ws: 1.666666666666667e-06
pmax: 0.5
ws: 2.5000000000000015e-06
pmax: 0.5
ws: 3.333333333333334e-06
pmax: 0.5
ws: 4.166666666666667e-06
pmax: 0.5
ws: 5.000000000000001e-06
pmax: 0.5
ws: 5.833333333333336e-06
pmax: 0.5
ws: 6.666666666666667e-06
pmax: 0.5
ws: 7.500000000000001e-06
pmax: 0.5
ws: 8.333333333333335e-06
pmax: 0.5
ws: 9.16666666666667e-06
pmax: 0.5
ws: 1e-05
Setting constant concentration for Diatoms @ 200
No initial condition for this pressure gradient --> using default!
Using initial condition from ../initial_condition/initial_condition-pressure=2.00e-07.csv
Depth averaged turbulent dissipation = 0.018987
Ratio = 0.735020
63.16109657287598
Setting constant concentration for Diatoms @ 200
No initial condition for this pressure gradient --> using default!
Using initial condition from ../initial_condition/initial_condition-pressure=2.00e-07.csv
Depth averaged turbulent dissipation = 0.018987
Ratio = 0.927871
82.6968297958374
Setting constant concentration for Diatoms @ 200
No initial condition for this pressure gradient --> using default!
Using initial condition from ../initial_condition/initial_condition-pressure=2.00e-07.csv
Depth averaged turbulent dissipation = 0.018987
Ratio = 1.755909
99.066903591156
Setting constant concentration for Diatoms @ 200
No initial condition for this pressure gradient --> using default!
Using initial condition from ../initial_condition/initial_condition-pressure=2.00e-07.csv
Depth averaged turbulent dissipation = 0.018987
Ratio = 12.400135
61.119558334350586
Setting constant concentration for Diatoms @ 200
No initial condition for this pressure gradient --> using default!
Using initial condition from ../initial_condition/initial_condition-pressure=2.00e-07.csv
Depth averaged turbulent dissipation = 0.018987
Ratio = 2.563277
69.05959105491638
Setting constant concentration for Diatoms @ 200
No initial condition for this pressure gradient --> using default!
Using initial condition from ../initial_condition/initial_condition-pressure=2.00e-07.csv
Depth averaged turbulent dissipation = 0.018987
Ratio = 2.565380
61.51523947715759
Setting constant concentration for Diatoms @ 200
No initial condition for this pressure gradient --> using default!
Using initial condition from ../initial_condition/initial_condition-pressure=2.00e-07.csv
Depth averaged turbulent dissipation = 0.018987
Ratio = 5.519611
62.56032657623291
Setting constant concentration for Diatoms @ 200
No initial condition for this pressure gradient --> using default!
Using initial condition from ../initial_condition/initial_condition-pressure=2.00e-07.csv
Depth averaged turbulent dissipation = 0.018987
Ratio = 1.065478
71.33093762397766
Setting constant concentration for Diatoms @ 200
No initial condition for this pressure gradient --> using default!
Using initial condition from ../initial_condition/initial_condition-pressure=2.00e-07.csv
Depth averaged turbulent dissipation = 0.018987
Ratio = 13.993802
61.14387249946594
Setting constant concentration for Diatoms @ 200
No initial condition for this pressure gradient --> using default!
Using initial condition from ../initial_condition/initial_condition-pressure=2.00e-07.csv
Depth averaged turbulent dissipation = 0.018987
Ratio = 9.367405
61.16603088378906
Setting constant concentration for Diatoms @ 200
No initial condition for this pressure gradient --> using default!
Using initial condition from ../initial_condition/initial_condition-pressure=2.00e-07.csv
Depth averaged turbulent dissipation = 0.018987
Ratio = 3.779404
67.77970576286316
Setting constant concentration for Diatoms @ 200
No initial condition for this pressure gradient --> using default!
Using initial condition from ../initial_condition/initial_condition-pressure=2.00e-07.csv
Depth averaged turbulent dissipation = 0.018987
Ratio = 13.852946
61.64921045303345
Setting constant concentration for Diatoms @ 200
No initial condition for this pressure gradient --> using default!
Using initial condition from ../initial_condition/initial_condition-pressure=2.00e-07.csv
Depth averaged turbulent dissipation = 0.018987
Ratio = 1.367167
61.2241575717926
Setting constant concentration for Diatoms @ 200
No initial condition for this pressure gradient --> using default!
Using initial condition from ../initial_condition/initial_condition-pressure=2.00e-07.csv
Depth averaged turbulent dissipation = 0.018987
Ratio = 1.366864
65.32631731033325
Setting constant concentration for Diatoms @ 200
No initial condition for this pressure gradient --> using default!
Using initial condition from ../initial_condition/initial_condition-pressure=2.00e-07.csv
Depth averaged turbulent dissipation = 0.018987
Ratio = 2.845739
61.337037801742554
Setting constant concentration for Diatoms @ 200
No initial condition for this pressure gradient --> using default!
Using initial condition from ../initial_condition/initial_condition-pressure=2.00e-07.csv
Depth averaged turbulent dissipation = 0.018987
Ratio = 5.065296
62.24932599067688
Setting constant concentration for Diatoms @ 200
No initial condition for this pressure gradient --> using default!
Using initial condition from ../initial_condition/initial_condition-pressure=2.00e-07.csv
Depth averaged turbulent dissipation = 0.018987
Ratio = 0.831739
65.89256048202515
Setting constant concentration for Diatoms @ 200
No initial condition for this pressure gradient --> using default!
Using initial condition from ../initial_condition/initial_condition-pressure=2.00e-07.csv
Depth averaged turbulent dissipation = 0.018987
Ratio = 1.753829
70.48840999603271
Setting constant concentration for Diatoms @ 200
No initial condition for this pressure gradient --> using default!
Using initial condition from ../initial_condition/initial_condition-pressure=2.00e-07.csv
Depth averaged turbulent dissipation = 0.018987
Ratio = 1.278529
60.87582850456238
Setting constant concentration for Diatoms @ 200
No initial condition for this pressure gradient --> using default!
Using initial condition from ../initial_condition/initial_condition-pressure=2.00e-07.csv
Depth averaged turbulent dissipation = 0.018987
Ratio = 8.532754
69.07876968383789
Setting constant concentration for Diatoms @ 200
No initial condition for this pressure gradient --> using default!
Using initial condition from ../initial_condition/initial_condition-pressure=2.00e-07.csv
Depth averaged turbulent dissipation = 0.018987
Ratio = 2.562227
58.999887228012085
Setting constant concentration for Diatoms @ 200
No initial condition for this pressure gradient --> using default!
Using initial condition from ../initial_condition/initial_condition-pressure=2.00e-07.csv
Depth averaged turbulent dissipation = 0.018987
Ratio = 3.312380
60.85286808013916
Setting constant concentration for Diatoms @ 200
No initial condition for this pressure gradient --> using default!
Using initial condition from ../initial_condition/initial_condition-pressure=2.00e-07.csv
Depth averaged turbulent dissipation = 0.018987
Ratio = 4.354678
61.75718879699707
Setting constant concentration for Diatoms @ 200
No initial condition for this pressure gradient --> using default!
Using initial condition from ../initial_condition/initial_condition-pressure=2.00e-07.csv
Depth averaged turbulent dissipation = 0.018987
Ratio = 2.561178
68.97657370567322
Setting constant concentration for Diatoms @ 200
No initial condition for this pressure gradient --> using default!
Using initial condition from ../initial_condition/initial_condition-pressure=2.00e-07.csv
Depth averaged turbulent dissipation = 0.018987
Ratio = 2.908500
61.97862958908081
Setting constant concentration for Diatoms @ 200
No initial condition for this pressure gradient --> using default!
Using initial condition from ../initial_condition/initial_condition-pressure=2.00e-07.csv
Depth averaged turbulent dissipation = 0.018987
Ratio = 8.176908
66.221519947052
Setting constant concentration for Diatoms @ 200
No initial condition for this pressure gradient --> using default!
Using initial condition from ../initial_condition/initial_condition-pressure=2.00e-07.csv
Depth averaged turbulent dissipation = 0.018987
Ratio = 2.922880
61.67139410972595
Setting constant concentration for Diatoms @ 200
No initial condition for this pressure gradient --> using default!
Using initial condition from ../initial_condition/initial_condition-pressure=2.00e-07.csv
Depth averaged turbulent dissipation = 0.018987
Ratio = 2.398976
61.41449785232544
Setting constant concentration for Diatoms @ 200
No initial condition for this pressure gradient --> using default!
Using initial condition from ../initial_condition/initial_condition-pressure=2.00e-07.csv
Depth averaged turbulent dissipation = 0.018987
Ratio = 4.872590
61.51501274108887
Setting constant concentration for Diatoms @ 200
No initial condition for this pressure gradient --> using default!
Using initial condition from ../initial_condition/initial_condition-pressure=2.00e-07.csv
Depth averaged turbulent dissipation = 0.018987
Ratio = 9.312895
61.304121017456055
Setting constant concentration for Diatoms @ 200
No initial condition for this pressure gradient --> using default!
Using initial condition from ../initial_condition/initial_condition-pressure=2.00e-07.csv
Depth averaged turbulent dissipation = 0.018987
Ratio = 1.757995
58.77754521369934
Setting constant concentration for Diatoms @ 200
No initial condition for this pressure gradient --> using default!
Using initial condition from ../initial_condition/initial_condition-pressure=2.00e-07.csv
Depth averaged turbulent dissipation = 0.018987
Ratio = 4.866722
69.98122668266296
Setting constant concentration for Diatoms @ 200
No initial condition for this pressure gradient --> using default!
Using initial condition from ../initial_condition/initial_condition-pressure=2.00e-07.csv
Depth averaged turbulent dissipation = 0.018987
Ratio = 10.705166
64.98599696159363
Setting constant concentration for Diatoms @ 200
No initial condition for this pressure gradient --> using default!
Using initial condition from ../initial_condition/initial_condition-pressure=2.00e-07.csv
Depth averaged turbulent dissipation = 0.018987
Ratio = 1.064223
79.4902172088623
Setting constant concentration for Diatoms @ 200
No initial condition for this pressure gradient --> using default!
Using initial condition from ../initial_condition/initial_condition-pressure=2.00e-07.csv
Depth averaged turbulent dissipation = 0.018987
Ratio = 1.550160
62.69908547401428
Setting constant concentration for Diatoms @ 200
No initial condition for this pressure gradient --> using default!
Using initial condition from ../initial_condition/initial_condition-pressure=2.00e-07.csv
Depth averaged turbulent dissipation = 0.018987
Ratio = 9.731737
61.78634428977966
Setting constant concentration for Diatoms @ 200
No initial condition for this pressure gradient --> using default!
Using initial condition from ../initial_condition/initial_condition-pressure=2.00e-07.csv
Depth averaged turbulent dissipation = 0.018987
Ratio = 0.650053
62.95825481414795
Setting constant concentration for Diatoms @ 200
No initial condition for this pressure gradient --> using default!
Using initial condition from ../initial_condition/initial_condition-pressure=2.00e-07.csv
Depth averaged turbulent dissipation = 0.018987
Ratio = 3.664386
62.96567416191101
Setting constant concentration for Diatoms @ 200
No initial condition for this pressure gradient --> using default!
Using initial condition from ../initial_condition/initial_condition-pressure=2.00e-07.csv
Depth averaged turbulent dissipation = 0.018987
Ratio = 1.754349
64.26490831375122
Setting constant concentration for Diatoms @ 200
No initial condition for this pressure gradient --> using default!
Using initial condition from ../initial_condition/initial_condition-pressure=2.00e-07.csv
Depth averaged turbulent dissipation = 0.018987
Ratio = 2.113472
63.67396664619446
Setting constant concentration for Diatoms @ 200
No initial condition for this pressure gradient --> using default!
Using initial condition from ../initial_condition/initial_condition-pressure=2.00e-07.csv
Depth averaged turbulent dissipation = 0.018987
Ratio = 5.409017
73.53223514556885
Setting constant concentration for Diatoms @ 200
No initial condition for this pressure gradient --> using default!
Using initial condition from ../initial_condition/initial_condition-pressure=2.00e-07.csv
Depth averaged turbulent dissipation = 0.018987
Ratio = 0.734993
64.88448572158813
Setting constant concentration for Diatoms @ 200
No initial condition for this pressure gradient --> using default!
Using initial condition from ../initial_condition/initial_condition-pressure=2.00e-07.csv
Depth averaged turbulent dissipation = 0.018987
Ratio = 3.313992
83.46076560020447
Setting constant concentration for Diatoms @ 200
No initial condition for this pressure gradient --> using default!
Using initial condition from ../initial_condition/initial_condition-pressure=2.00e-07.csv
Depth averaged turbulent dissipation = 0.018987
Ratio = 8.344256
69.2877767086029
Setting constant concentration for Diatoms @ 200
No initial condition for this pressure gradient --> using default!
Using initial condition from ../initial_condition/initial_condition-pressure=2.00e-07.csv
Depth averaged turbulent dissipation = 0.018987
Ratio = 1.756430
61.96835494041443
Setting constant concentration for Diatoms @ 200
No initial condition for this pressure gradient --> using default!
Using initial condition from ../initial_condition/initial_condition-pressure=2.00e-07.csv
Depth averaged turbulent dissipation = 0.018987
Ratio = 11.104145
76.95488858222961
Setting constant concentration for Diatoms @ 200
No initial condition for this pressure gradient --> using default!
Using initial condition from ../initial_condition/initial_condition-pressure=2.00e-07.csv
Depth averaged turbulent dissipation = 0.018987
Ratio = 0.745499
58.73117971420288
Setting constant concentration for Diatoms @ 200
No initial condition for this pressure gradient --> using default!
Using initial condition from ../initial_condition/initial_condition-pressure=2.00e-07.csv
Depth averaged turbulent dissipation = 0.018987
Ratio = 0.734856
59.777945041656494
Setting constant concentration for Diatoms @ 200
No initial condition for this pressure gradient --> using default!
Using initial condition from ../initial_condition/initial_condition-pressure=2.00e-07.csv
Depth averaged turbulent dissipation = 0.018987
Ratio = 4.752886
61.54221510887146
Setting constant concentration for Diatoms @ 200
No initial condition for this pressure gradient --> using default!
Using initial condition from ../initial_condition/initial_condition-pressure=2.00e-07.csv
Depth averaged turbulent dissipation = 0.018987
Ratio = 4.289762
60.871665239334106
Setting constant concentration for Diatoms @ 200
No initial condition for this pressure gradient --> using default!
Using initial condition from ../initial_condition/initial_condition-pressure=2.00e-07.csv
Depth averaged turbulent dissipation = 0.018987
Ratio = 5.894564
72.60095500946045
Setting constant concentration for Diatoms @ 200
No initial condition for this pressure gradient --> using default!
Using initial condition from ../initial_condition/initial_condition-pressure=2.00e-07.csv
Depth averaged turbulent dissipation = 0.018987
Ratio = 3.777417
63.59883093833923
Setting constant concentration for Diatoms @ 200
No initial condition for this pressure gradient --> using default!
Using initial condition from ../initial_condition/initial_condition-pressure=2.00e-07.csv
Depth averaged turbulent dissipation = 0.018987
Ratio = 0.735048
68.88620328903198
Setting constant concentration for Diatoms @ 200
No initial condition for this pressure gradient --> using default!
Using initial condition from ../initial_condition/initial_condition-pressure=2.00e-07.csv
Depth averaged turbulent dissipation = 0.018987
Ratio = 9.111170
68.44378280639648
Setting constant concentration for Diatoms @ 200
No initial condition for this pressure gradient --> using default!
Using initial condition from ../initial_condition/initial_condition-pressure=2.00e-07.csv
Depth averaged turbulent dissipation = 0.018987
Ratio = 11.108441
60.60869479179382
Setting constant concentration for Diatoms @ 200
No initial condition for this pressure gradient --> using default!
Using initial condition from ../initial_condition/initial_condition-pressure=2.00e-07.csv
Depth averaged turbulent dissipation = 0.018987
Ratio = 12.241420
91.81176471710205
Setting constant concentration for Diatoms @ 200
No initial condition for this pressure gradient --> using default!
Using initial condition from ../initial_condition/initial_condition-pressure=2.00e-07.csv
Depth averaged turbulent dissipation = 0.018987
Ratio = 1.759561
81.63562750816345
Setting constant concentration for Diatoms @ 200
No initial condition for this pressure gradient --> using default!
Using initial condition from ../initial_condition/initial_condition-pressure=2.00e-07.csv
Depth averaged turbulent dissipation = 0.018987
Ratio = 0.683410
86.68808317184448
Setting constant concentration for Diatoms @ 200
No initial condition for this pressure gradient --> using default!
Using initial condition from ../initial_condition/initial_condition-pressure=2.00e-07.csv
Depth averaged turbulent dissipation = 0.018987
Ratio = 12.123589
65.07791376113892
Setting constant concentration for Diatoms @ 200
No initial condition for this pressure gradient --> using default!
Using initial condition from ../initial_condition/initial_condition-pressure=2.00e-07.csv
Depth averaged turbulent dissipation = 0.018987
Ratio = 0.570698
78.42738819122314
Setting constant concentration for Diatoms @ 200
No initial condition for this pressure gradient --> using default!
Using initial condition from ../initial_condition/initial_condition-pressure=2.00e-07.csv
Depth averaged turbulent dissipation = 0.018987
Ratio = 0.622456
101.67855453491211
Setting constant concentration for Diatoms @ 200
No initial condition for this pressure gradient --> using default!
Using initial condition from ../initial_condition/initial_condition-pressure=2.00e-07.csv
Depth averaged turbulent dissipation = 0.018987
Ratio = 2.915022
94.58528685569763
Setting constant concentration for Diatoms @ 200
No initial condition for this pressure gradient --> using default!
Using initial condition from ../initial_condition/initial_condition-pressure=2.00e-07.csv
Depth averaged turbulent dissipation = 0.018987
Ratio = 1.224066
65.4776680469513
Setting constant concentration for Diatoms @ 200
No initial condition for this pressure gradient --> using default!
Using initial condition from ../initial_condition/initial_condition-pressure=2.00e-07.csv
Depth averaged turbulent dissipation = 0.018987
Ratio = 7.157791
77.5385992527008
Setting constant concentration for Diatoms @ 200
No initial condition for this pressure gradient --> using default!
Using initial condition from ../initial_condition/initial_condition-pressure=2.00e-07.csv
Depth averaged turbulent dissipation = 0.018987
Ratio = 10.629872
60.674654960632324
Setting constant concentration for Diatoms @ 200
No initial condition for this pressure gradient --> using default!
Using initial condition from ../initial_condition/initial_condition-pressure=2.00e-07.csv
Depth averaged turbulent dissipation = 0.018987
Ratio = 2.496337
62.026976108551025
Setting constant concentration for Diatoms @ 200
No initial condition for this pressure gradient --> using default!
Using initial condition from ../initial_condition/initial_condition-pressure=2.00e-07.csv
Depth averaged turbulent dissipation = 0.018987
Ratio = 4.087838
101.46078181266785
Setting constant concentration for Diatoms @ 200
No initial condition for this pressure gradient --> using default!
Using initial condition from ../initial_condition/initial_condition-pressure=2.00e-07.csv
Depth averaged turbulent dissipation = 0.018987
Ratio = 1.991203
64.1173186302185
Setting constant concentration for Diatoms @ 200
No initial condition for this pressure gradient --> using default!
Using initial condition from ../initial_condition/initial_condition-pressure=2.00e-07.csv
Depth averaged turbulent dissipation = 0.018987
Ratio = 0.948316
61.600409746170044
Setting constant concentration for Diatoms @ 200
No initial condition for this pressure gradient --> using default!
Using initial condition from ../initial_condition/initial_condition-pressure=2.00e-07.csv
Depth averaged turbulent dissipation = 0.018987
Ratio = 3.018154
77.064444065094
Setting constant concentration for Diatoms @ 200
No initial condition for this pressure gradient --> using default!
Using initial condition from ../initial_condition/initial_condition-pressure=2.00e-07.csv
Depth averaged turbulent dissipation = 0.018987
Ratio = 5.641897
92.872225522995
Setting constant concentration for Diatoms @ 200
No initial condition for this pressure gradient --> using default!
Using initial condition from ../initial_condition/initial_condition-pressure=2.00e-07.csv
Depth averaged turbulent dissipation = 0.018987
Ratio = 0.724225
96.99301433563232
Setting constant concentration for Diatoms @ 200
No initial condition for this pressure gradient --> using default!
Using initial condition from ../initial_condition/initial_condition-pressure=2.00e-07.csv
Depth averaged turbulent dissipation = 0.018987
Ratio = 1.121931
71.08792495727539
Setting constant concentration for Diatoms @ 200
No initial condition for this pressure gradient --> using default!
Using initial condition from ../initial_condition/initial_condition-pressure=2.00e-07.csv
Depth averaged turbulent dissipation = 0.018987
Ratio = 3.912943
80.18852519989014
Setting constant concentration for Diatoms @ 200
No initial condition for this pressure gradient --> using default!
Using initial condition from ../initial_condition/initial_condition-pressure=2.00e-07.csv
Depth averaged turbulent dissipation = 0.018987
Ratio = 1.757473
97.17191290855408
Setting constant concentration for Diatoms @ 200
No initial condition for this pressure gradient --> using default!
Using initial condition from ../initial_condition/initial_condition-pressure=2.00e-07.csv
Depth averaged turbulent dissipation = 0.018987
Ratio = 4.451022
84.0665991306305
Setting constant concentration for Diatoms @ 200
No initial condition for this pressure gradient --> using default!
Using initial condition from ../initial_condition/initial_condition-pressure=2.00e-07.csv
Depth averaged turbulent dissipation = 0.018987
Ratio = 1.822574
88.26249742507935
Setting constant concentration for Diatoms @ 200
No initial condition for this pressure gradient --> using default!
Using initial condition from ../initial_condition/initial_condition-pressure=2.00e-07.csv
Depth averaged turbulent dissipation = 0.018987
Ratio = 12.219886
90.63764882087708
Setting constant concentration for Diatoms @ 200
No initial condition for this pressure gradient --> using default!
Using initial condition from ../initial_condition/initial_condition-pressure=2.00e-07.csv
Depth averaged turbulent dissipation = 0.018987
Ratio = 1.366258
79.20459008216858
Setting constant concentration for Diatoms @ 200
No initial condition for this pressure gradient --> using default!
Using initial condition from ../initial_condition/initial_condition-pressure=2.00e-07.csv
Depth averaged turbulent dissipation = 0.018987
Ratio = 5.560658
64.10357451438904
Setting constant concentration for Diatoms @ 200
No initial condition for this pressure gradient --> using default!
Using initial condition from ../initial_condition/initial_condition-pressure=2.00e-07.csv
Depth averaged turbulent dissipation = 0.018987
Ratio = 1.368382
105.8288311958313
Setting constant concentration for Diatoms @ 200
No initial condition for this pressure gradient --> using default!
Using initial condition from ../initial_condition/initial_condition-pressure=2.00e-07.csv
Depth averaged turbulent dissipation = 0.018987
Ratio = 1.979598
107.38429164886475
Setting constant concentration for Diatoms @ 200
No initial condition for this pressure gradient --> using default!
Using initial condition from ../initial_condition/initial_condition-pressure=2.00e-07.csv
Depth averaged turbulent dissipation = 0.018987
Ratio = 0.735075
87.34309530258179
Setting constant concentration for Diatoms @ 200
No initial condition for this pressure gradient --> using default!
Using initial condition from ../initial_condition/initial_condition-pressure=2.00e-07.csv
Depth averaged turbulent dissipation = 0.018987
Ratio = 13.865675
62.7381477355957
Setting constant concentration for Diatoms @ 200
No initial condition for this pressure gradient --> using default!
Using initial condition from ../initial_condition/initial_condition-pressure=2.00e-07.csv
Depth averaged turbulent dissipation = 0.018987
Ratio = 3.773446
108.91559982299805
Setting constant concentration for Diatoms @ 200
No initial condition for this pressure gradient --> using default!
Using initial condition from ../initial_condition/initial_condition-pressure=2.00e-07.csv
Depth averaged turbulent dissipation = 0.018987
Ratio = 3.761571
83.1002926826477
Setting constant concentration for Diatoms @ 200
No initial condition for this pressure gradient --> using default!
Using initial condition from ../initial_condition/initial_condition-pressure=2.00e-07.csv
Depth averaged turbulent dissipation = 0.018987
Ratio = 4.275274
80.64427733421326
Setting constant concentration for Diatoms @ 200
No initial condition for this pressure gradient --> using default!
Using initial condition from ../initial_condition/initial_condition-pressure=2.00e-07.csv
Depth averaged turbulent dissipation = 0.018987
Ratio = 5.571389
66.87608766555786
Setting constant concentration for Diatoms @ 200
No initial condition for this pressure gradient --> using default!
Using initial condition from ../initial_condition/initial_condition-pressure=2.00e-07.csv
Depth averaged turbulent dissipation = 0.018987
Ratio = 4.287343
67.39030766487122
Setting constant concentration for Diatoms @ 200
No initial condition for this pressure gradient --> using default!
Using initial condition from ../initial_condition/initial_condition-pressure=2.00e-07.csv
Depth averaged turbulent dissipation = 0.018987
Ratio = 1.854117
91.11078763008118
Setting constant concentration for Diatoms @ 200
No initial condition for this pressure gradient --> using default!
Using initial condition from ../initial_condition/initial_condition-pressure=2.00e-07.csv
Depth averaged turbulent dissipation = 0.018987
Ratio = 3.999445
67.3579204082489
Setting constant concentration for Diatoms @ 200
No initial condition for this pressure gradient --> using default!
Using initial condition from ../initial_condition/initial_condition-pressure=2.00e-07.csv
Depth averaged turbulent dissipation = 0.018987
Ratio = 9.948367
76.95325446128845
Setting constant concentration for Diatoms @ 200
No initial condition for this pressure gradient --> using default!
Using initial condition from ../initial_condition/initial_condition-pressure=2.00e-07.csv
Depth averaged turbulent dissipation = 0.018987
Ratio = 1.758517
68.7051842212677
Setting constant concentration for Diatoms @ 200
No initial condition for this pressure gradient --> using default!
Using initial condition from ../initial_condition/initial_condition-pressure=2.00e-07.csv
Depth averaged turbulent dissipation = 0.018987
Ratio = 2.570648
87.90780401229858
Setting constant concentration for Diatoms @ 200
No initial condition for this pressure gradient --> using default!
Using initial condition from ../initial_condition/initial_condition-pressure=2.00e-07.csv
Depth averaged turbulent dissipation = 0.018987
Ratio = 0.940771
66.31110215187073
Setting constant concentration for Diatoms @ 200
No initial condition for this pressure gradient --> using default!
Using initial condition from ../initial_condition/initial_condition-pressure=2.00e-07.csv
Depth averaged turbulent dissipation = 0.018987
Ratio = 1.335387
67.21322512626648
Setting constant concentration for Diatoms @ 200
No initial condition for this pressure gradient --> using default!
Using initial condition from ../initial_condition/initial_condition-pressure=2.00e-07.csv
Depth averaged turbulent dissipation = 0.018987
Ratio = 1.065007
61.03824019432068
Setting constant concentration for Diatoms @ 200
No initial condition for this pressure gradient --> using default!
Using initial condition from ../initial_condition/initial_condition-pressure=2.00e-07.csv
Depth averaged turbulent dissipation = 0.018987
Ratio = 1.367774
63.35397672653198
Setting constant concentration for Diatoms @ 200
No initial condition for this pressure gradient --> using default!
Using initial condition from ../initial_condition/initial_condition-pressure=2.00e-07.csv
Depth averaged turbulent dissipation = 0.018987
Ratio = 0.761873
60.58921766281128
Setting constant concentration for Diatoms @ 200
No initial condition for this pressure gradient --> using default!
Using initial condition from ../initial_condition/initial_condition-pressure=2.00e-07.csv
Depth averaged turbulent dissipation = 0.018987
Ratio = 7.479458
66.16029834747314
Setting constant concentration for Diatoms @ 200
No initial condition for this pressure gradient --> using default!
Using initial condition from ../initial_condition/initial_condition-pressure=2.00e-07.csv
Depth averaged turbulent dissipation = 0.018987
Ratio = 0.940148
76.54514861106873
Setting constant concentration for Diatoms @ 200
No initial condition for this pressure gradient --> using default!
Using initial condition from ../initial_condition/initial_condition-pressure=2.00e-07.csv
Depth averaged turbulent dissipation = 0.018987
Ratio = 3.323693
98.48977589607239
Setting constant concentration for Diatoms @ 200
No initial condition for this pressure gradient --> using default!
Using initial condition from ../initial_condition/initial_condition-pressure=2.00e-07.csv
Depth averaged turbulent dissipation = 0.018987
Ratio = 6.418835
74.70995807647705
Setting constant concentration for Diatoms @ 200
No initial condition for this pressure gradient --> using default!
Using initial condition from ../initial_condition/initial_condition-pressure=2.00e-07.csv
Depth averaged turbulent dissipation = 0.018987
Ratio = 0.650055
72.03910732269287
Setting constant concentration for Diatoms @ 200
No initial condition for this pressure gradient --> using default!
Using initial condition from ../initial_condition/initial_condition-pressure=2.00e-07.csv
Depth averaged turbulent dissipation = 0.018987
Ratio = 7.163546
70.03568029403687
Setting constant concentration for Diatoms @ 200
No initial condition for this pressure gradient --> using default!
Using initial condition from ../initial_condition/initial_condition-pressure=2.00e-07.csv
Depth averaged turbulent dissipation = 0.018987
Ratio = 9.382404
78.05877041816711
Setting constant concentration for Diatoms @ 200
No initial condition for this pressure gradient --> using default!
Using initial condition from ../initial_condition/initial_condition-pressure=2.00e-07.csv
Depth averaged turbulent dissipation = 0.018987
Ratio = 3.757626
68.24394655227661
Setting constant concentration for Diatoms @ 200
No initial condition for this pressure gradient --> using default!
Using initial condition from ../initial_condition/initial_condition-pressure=2.00e-07.csv
Depth averaged turbulent dissipation = 0.018987
Ratio = 0.941188
71.33192944526672
Setting constant concentration for Diatoms @ 200
No initial condition for this pressure gradient --> using default!
Using initial condition from ../initial_condition/initial_condition-pressure=2.00e-07.csv
Depth averaged turbulent dissipation = 0.018987
Ratio = 1.064850
77.56226420402527
Setting constant concentration for Diatoms @ 200
No initial condition for this pressure gradient --> using default!
Using initial condition from ../initial_condition/initial_condition-pressure=2.00e-07.csv
Depth averaged turbulent dissipation = 0.018987
Ratio = 3.595133
73.84264612197876
Setting constant concentration for Diatoms @ 200
No initial condition for this pressure gradient --> using default!
Using initial condition from ../initial_condition/initial_condition-pressure=2.00e-07.csv
Depth averaged turbulent dissipation = 0.018987
Ratio = 7.815418
82.1253912448883
Setting constant concentration for Diatoms @ 200
No initial condition for this pressure gradient --> using default!
Using initial condition from ../initial_condition/initial_condition-pressure=2.00e-07.csv
Depth averaged turbulent dissipation = 0.018987
Ratio = 9.337500
73.87987637519836
Setting constant concentration for Diatoms @ 200
No initial condition for this pressure gradient --> using default!
Using initial condition from ../initial_condition/initial_condition-pressure=2.00e-07.csv
Depth averaged turbulent dissipation = 0.018987
Ratio = 1.549357
85.30800557136536
Setting constant concentration for Diatoms @ 200
No initial condition for this pressure gradient --> using default!
Using initial condition from ../initial_condition/initial_condition-pressure=2.00e-07.csv
Depth averaged turbulent dissipation = 0.018987
Ratio = 4.272867
72.74597191810608
Setting constant concentration for Diatoms @ 200
No initial condition for this pressure gradient --> using default!
Using initial condition from ../initial_condition/initial_condition-pressure=2.00e-07.csv
Depth averaged turbulent dissipation = 0.018987
Ratio = 1.065164
72.8527512550354
Setting constant concentration for Diatoms @ 200
No initial condition for this pressure gradient --> using default!
Using initial condition from ../initial_condition/initial_condition-pressure=2.00e-07.csv
Depth averaged turbulent dissipation = 0.018987
Ratio = 4.743195
110.25342988967896
Setting constant concentration for Diatoms @ 200
No initial condition for this pressure gradient --> using default!
Using initial condition from ../initial_condition/initial_condition-pressure=2.00e-07.csv
Depth averaged turbulent dissipation = 0.018987
Ratio = 12.166265
102.7836081981659
Setting constant concentration for Diatoms @ 200
No initial condition for this pressure gradient --> using default!
Using initial condition from ../initial_condition/initial_condition-pressure=2.00e-07.csv
Depth averaged turbulent dissipation = 0.018987
Ratio = 2.566432
77.05882215499878
Setting constant concentration for Diatoms @ 200
No initial condition for this pressure gradient --> using default!
Using initial condition from ../initial_condition/initial_condition-pressure=2.00e-07.csv
Depth averaged turbulent dissipation = 0.018987
Ratio = 2.389577
120.2102301120758
Setting constant concentration for Diatoms @ 200
No initial condition for this pressure gradient --> using default!
Using initial condition from ../initial_condition/initial_condition-pressure=2.00e-07.csv
Depth averaged turbulent dissipation = 0.018987
Ratio = 12.144903
60.47728157043457
Setting constant concentration for Diatoms @ 200
No initial condition for this pressure gradient --> using default!
Using initial condition from ../initial_condition/initial_condition-pressure=2.00e-07.csv
Depth averaged turbulent dissipation = 0.018987
Ratio = 3.903044
148.17532348632812
Setting constant concentration for Diatoms @ 200
No initial condition for this pressure gradient --> using default!
Using initial condition from ../initial_condition/initial_condition-pressure=2.00e-07.csv
Depth averaged turbulent dissipation = 0.018987
Ratio = 10.660324
91.24107670783997
Setting constant concentration for Diatoms @ 200
No initial condition for this pressure gradient --> using default!
Using initial condition from ../initial_condition/initial_condition-pressure=2.00e-07.csv
Depth averaged turbulent dissipation = 0.018987
Ratio = 2.571703
91.27399730682373
Setting constant concentration for Diatoms @ 200
No initial condition for this pressure gradient --> using default!
Using initial condition from ../initial_condition/initial_condition-pressure=2.00e-07.csv
Depth averaged turbulent dissipation = 0.018987
Ratio = 6.342020
61.598674297332764
Setting constant concentration for Diatoms @ 200
No initial condition for this pressure gradient --> using default!
Using initial condition from ../initial_condition/initial_condition-pressure=2.00e-07.csv
Depth averaged turbulent dissipation = 0.018987
Ratio = 0.807479
136.5672664642334
Setting constant concentration for Diatoms @ 200
No initial condition for this pressure gradient --> using default!
Using initial condition from ../initial_condition/initial_condition-pressure=2.00e-07.csv
Depth averaged turbulent dissipation = 0.018987
Ratio = 6.320446
63.28269863128662
Setting constant concentration for Diatoms @ 200
No initial condition for this pressure gradient --> using default!
Using initial condition from ../initial_condition/initial_condition-pressure=2.00e-07.csv
Depth averaged turbulent dissipation = 0.018987
Ratio = 7.175195
64.05020356178284
Setting constant concentration for Diatoms @ 200
No initial condition for this pressure gradient --> using default!
Using initial condition from ../initial_condition/initial_condition-pressure=2.00e-07.csv
Depth averaged turbulent dissipation = 0.018987
Ratio = 1.678602
61.83694648742676
Setting constant concentration for Diatoms @ 200
No initial condition for this pressure gradient --> using default!
Using initial condition from ../initial_condition/initial_condition-pressure=2.00e-07.csv
Depth averaged turbulent dissipation = 0.018987
Ratio = 0.631224
91.03726863861084
Setting constant concentration for Diatoms @ 200
No initial condition for this pressure gradient --> using default!
Using initial condition from ../initial_condition/initial_condition-pressure=2.00e-07.csv
Depth averaged turbulent dissipation = 0.018987
Ratio = 5.564232
60.84971022605896
Setting constant concentration for Diatoms @ 200
No initial condition for this pressure gradient --> using default!
Using initial condition from ../initial_condition/initial_condition-pressure=2.00e-07.csv
Depth averaged turbulent dissipation = 0.018987
Ratio = 8.183117
58.50775384902954
Setting constant concentration for Diatoms @ 200
No initial condition for this pressure gradient --> using default!
Using initial condition from ../initial_condition/initial_condition-pressure=2.00e-07.csv
Depth averaged turbulent dissipation = 0.018987
Ratio = 1.064066
138.98977541923523
Setting constant concentration for Diatoms @ 200
No initial condition for this pressure gradient --> using default!
Using initial condition from ../initial_condition/initial_condition-pressure=2.00e-07.csv
Depth averaged turbulent dissipation = 0.018987
Ratio = 1.206370
59.27226257324219
Setting constant concentration for Diatoms @ 200
No initial condition for this pressure gradient --> using default!
Using initial condition from ../initial_condition/initial_condition-pressure=2.00e-07.csv
Depth averaged turbulent dissipation = 0.018987
Ratio = 6.286700
72.38244009017944
Setting constant concentration for Diatoms @ 200
No initial condition for this pressure gradient --> using default!
Using initial condition from ../initial_condition/initial_condition-pressure=2.00e-07.csv
Depth averaged turbulent dissipation = 0.018987
Ratio = 6.568476
65.50938272476196
Setting constant concentration for Diatoms @ 200
No initial condition for this pressure gradient --> using default!
Using initial condition from ../initial_condition/initial_condition-pressure=2.00e-07.csv
Depth averaged turbulent dissipation = 0.018987
Ratio = 1.549758
95.0675220489502
Setting constant concentration for Diatoms @ 200
No initial condition for this pressure gradient --> using default!
Using initial condition from ../initial_condition/initial_condition-pressure=2.00e-07.csv
Depth averaged turbulent dissipation = 0.018987
Ratio = 8.722036
111.49426198005676
Setting constant concentration for Diatoms @ 200
No initial condition for this pressure gradient --> using default!
Using initial condition from ../initial_condition/initial_condition-pressure=2.00e-07.csv
Depth averaged turbulent dissipation = 0.018987
Ratio = 0.913843
60.09492325782776
Setting constant concentration for Diatoms @ 200
No initial condition for this pressure gradient --> using default!
Using initial condition from ../initial_condition/initial_condition-pressure=2.00e-07.csv
Depth averaged turbulent dissipation = 0.018987
Ratio = 13.539557
99.00367712974548
Setting constant concentration for Diatoms @ 200
No initial condition for this pressure gradient --> using default!
Using initial condition from ../initial_condition/initial_condition-pressure=2.00e-07.csv
Depth averaged turbulent dissipation = 0.018987
Ratio = 12.155578
156.24434447288513
Setting constant concentration for Diatoms @ 200
No initial condition for this pressure gradient --> using default!
Using initial condition from ../initial_condition/initial_condition-pressure=2.00e-07.csv
Depth averaged turbulent dissipation = 0.018987
Ratio = 6.862739
61.88395643234253
Setting constant concentration for Diatoms @ 200
No initial condition for this pressure gradient --> using default!
Using initial condition from ../initial_condition/initial_condition-pressure=2.00e-07.csv
Depth averaged turbulent dissipation = 0.018987
Ratio = 2.898514
120.64237880706787
Setting constant concentration for Diatoms @ 200
No initial condition for this pressure gradient --> using default!
Using initial condition from ../initial_condition/initial_condition-pressure=2.00e-07.csv
Depth averaged turbulent dissipation = 0.018987
Ratio = 4.077850
61.39419889450073
Setting constant concentration for Diatoms @ 200
No initial condition for this pressure gradient --> using default!
Using initial condition from ../initial_condition/initial_condition-pressure=2.00e-07.csv
Depth averaged turbulent dissipation = 0.018987
Ratio = 4.539803
65.7685010433197
Setting constant concentration for Diatoms @ 200
No initial condition for this pressure gradient --> using default!
Using initial condition from ../initial_condition/initial_condition-pressure=2.00e-07.csv
Depth averaged turbulent dissipation = 0.018987
Ratio = 0.940667
77.65938186645508
Setting constant concentration for Diatoms @ 200
No initial condition for this pressure gradient --> using default!
Using initial condition from ../initial_condition/initial_condition-pressure=2.00e-07.csv
Depth averaged turbulent dissipation = 0.018987
Ratio = 0.645089
61.810664653778076
Setting constant concentration for Diatoms @ 200
No initial condition for this pressure gradient --> using default!
Using initial condition from ../initial_condition/initial_condition-pressure=2.00e-07.csv
Depth averaged turbulent dissipation = 0.018987
Ratio = 4.946422
126.09569001197815
Setting constant concentration for Diatoms @ 200
No initial condition for this pressure gradient --> using default!
Using initial condition from ../initial_condition/initial_condition-pressure=2.00e-07.csv
Depth averaged turbulent dissipation = 0.018987
Ratio = 0.831248
64.79031705856323
Setting constant concentration for Diatoms @ 200
No initial condition for this pressure gradient --> using default!
Using initial condition from ../initial_condition/initial_condition-pressure=2.00e-07.csv
Depth averaged turbulent dissipation = 0.018987
Ratio = 6.294692
148.6305067539215
Setting constant concentration for Diatoms @ 200
No initial condition for this pressure gradient --> using default!
Using initial condition from ../initial_condition/initial_condition-pressure=2.00e-07.csv
Depth averaged turbulent dissipation = 0.018987
Ratio = 3.318837
65.40853667259216
Setting constant concentration for Diatoms @ 200
No initial condition for this pressure gradient --> using default!
Using initial condition from ../initial_condition/initial_condition-pressure=2.00e-07.csv
Depth averaged turbulent dissipation = 0.018987
Ratio = 7.185530
110.37303757667542
Setting constant concentration for Diatoms @ 200
No initial condition for this pressure gradient --> using default!
Using initial condition from ../initial_condition/initial_condition-pressure=2.00e-07.csv
Depth averaged turbulent dissipation = 0.018987
Ratio = 2.265548
214.03196120262146
Setting constant concentration for Diatoms @ 200
No initial condition for this pressure gradient --> using default!
Using initial condition from ../initial_condition/initial_condition-pressure=2.00e-07.csv
Depth averaged turbulent dissipation = 0.018987
Ratio = 0.837630
106.65656590461731
Setting constant concentration for Diatoms @ 200
No initial condition for this pressure gradient --> using default!
Using initial condition from ../initial_condition/initial_condition-pressure=2.00e-07.csv
Depth averaged turbulent dissipation = 0.018987
Ratio = 5.553520
75.52555871009827
Setting constant concentration for Diatoms @ 200
No initial condition for this pressure gradient --> using default!
Using initial condition from ../initial_condition/initial_condition-pressure=2.00e-07.csv
Depth averaged turbulent dissipation = 0.018987
Ratio = 1.243845
76.2195975780487
Setting constant concentration for Diatoms @ 200
No initial condition for this pressure gradient --> using default!
Using initial condition from ../initial_condition/initial_condition-pressure=2.00e-07.csv
Depth averaged turbulent dissipation = 0.018987
Ratio = 2.655773
130.91528964042664
Setting constant concentration for Diatoms @ 200
No initial condition for this pressure gradient --> using default!
Using initial condition from ../initial_condition/initial_condition-pressure=2.00e-07.csv
Depth averaged turbulent dissipation = 0.018987
Ratio = 8.208015
104.75994300842285
Setting constant concentration for Diatoms @ 200
No initial condition for this pressure gradient --> using default!
Using initial condition from ../initial_condition/initial_condition-pressure=2.00e-07.csv
Depth averaged turbulent dissipation = 0.018987
Ratio = 5.532185
71.05581283569336
Setting constant concentration for Diatoms @ 200
No initial condition for this pressure gradient --> using default!
Using initial condition from ../initial_condition/initial_condition-pressure=2.00e-07.csv
Depth averaged turbulent dissipation = 0.018987
Ratio = 9.313548
141.0255172252655
Setting constant concentration for Diatoms @ 200
No initial condition for this pressure gradient --> using default!
Using initial condition from ../initial_condition/initial_condition-pressure=2.00e-07.csv
Depth averaged turbulent dissipation = 0.018987
Ratio = 1.936865
111.17607498168945
Setting constant concentration for Diatoms @ 200
No initial condition for this pressure gradient --> using default!
Using initial condition from ../initial_condition/initial_condition-pressure=2.00e-07.csv
Depth averaged turbulent dissipation = 0.018987
Ratio = 10.642456
68.53784275054932
Setting constant concentration for Diatoms @ 200
No initial condition for this pressure gradient --> using default!
Using initial condition from ../initial_condition/initial_condition-pressure=2.00e-07.csv
Depth averaged turbulent dissipation = 0.018987
Ratio = 1.572404
144.98421049118042
Setting constant concentration for Diatoms @ 200
No initial condition for this pressure gradient --> using default!
Using initial condition from ../initial_condition/initial_condition-pressure=2.00e-07.csv
Depth averaged turbulent dissipation = 0.018987
Ratio = 6.707053
70.12004947662354
Setting constant concentration for Diatoms @ 200
No initial condition for this pressure gradient --> using default!
Using initial condition from ../initial_condition/initial_condition-pressure=2.00e-07.csv
Depth averaged turbulent dissipation = 0.018987
Ratio = 0.756456
163.7201189994812
Setting constant concentration for Diatoms @ 200
No initial condition for this pressure gradient --> using default!
Using initial condition from ../initial_condition/initial_condition-pressure=2.00e-07.csv
Depth averaged turbulent dissipation = 0.018987
Ratio = 1.299284
81.8544545173645
Setting constant concentration for Diatoms @ 200
No initial condition for this pressure gradient --> using default!
Using initial condition from ../initial_condition/initial_condition-pressure=2.00e-07.csv
Depth averaged turbulent dissipation = 0.018987
Ratio = 13.245347
102.89466142654419
Setting constant concentration for Diatoms @ 200
No initial condition for this pressure gradient --> using default!
Using initial condition from ../initial_condition/initial_condition-pressure=2.00e-07.csv
Depth averaged turbulent dissipation = 0.018987
Ratio = 9.731916
101.37111115455627
Setting constant concentration for Diatoms @ 200
No initial condition for this pressure gradient --> using default!
Using initial condition from ../initial_condition/initial_condition-pressure=2.00e-07.csv
Depth averaged turbulent dissipation = 0.018987
Ratio = 3.310768
69.36778259277344
Setting constant concentration for Diatoms @ 200
No initial condition for this pressure gradient --> using default!
Using initial condition from ../initial_condition/initial_condition-pressure=2.00e-07.csv
Depth averaged turbulent dissipation = 0.018987
Ratio = 0.894170
70.7989649772644
Setting constant concentration for Diatoms @ 200
No initial condition for this pressure gradient --> using default!
Using initial condition from ../initial_condition/initial_condition-pressure=2.00e-07.csv
Depth averaged turbulent dissipation = 0.018987
Ratio = 1.548153
80.4589114189148
Setting constant concentration for Diatoms @ 200
No initial condition for this pressure gradient --> using default!
Using initial condition from ../initial_condition/initial_condition-pressure=2.00e-07.csv
Depth averaged turbulent dissipation = 0.018987
Ratio = 5.511155
209.70604276657104
Setting constant concentration for Diatoms @ 200
No initial condition for this pressure gradient --> using default!
Using initial condition from ../initial_condition/initial_condition-pressure=2.00e-07.csv
Depth averaged turbulent dissipation = 0.018987
Ratio = 0.650055
73.85770034790039
Setting constant concentration for Diatoms @ 200
No initial condition for this pressure gradient --> using default!
Using initial condition from ../initial_condition/initial_condition-pressure=2.00e-07.csv
Depth averaged turbulent dissipation = 0.018987
Ratio = 1.368078
77.39040899276733
Setting constant concentration for Diatoms @ 200
No initial condition for this pressure gradient --> using default!
Using initial condition from ../initial_condition/initial_condition-pressure=2.00e-07.csv
Depth averaged turbulent dissipation = 0.018987
Ratio = 4.345043
110.6427047252655
Setting constant concentration for Diatoms @ 200
No initial condition for this pressure gradient --> using default!
Using initial condition from ../initial_condition/initial_condition-pressure=2.00e-07.csv
Depth averaged turbulent dissipation = 0.018987
Ratio = 7.180360
130.3099000453949
Setting constant concentration for Diatoms @ 200
No initial condition for this pressure gradient --> using default!
Using initial condition from ../initial_condition/initial_condition-pressure=2.00e-07.csv
Depth averaged turbulent dissipation = 0.018987
Ratio = 3.674527
159.42560386657715
Setting constant concentration for Diatoms @ 200
No initial condition for this pressure gradient --> using default!
Using initial condition from ../initial_condition/initial_condition-pressure=2.00e-07.csv
Depth averaged turbulent dissipation = 0.018987
Ratio = 3.763546
83.19500851631165
Setting constant concentration for Diatoms @ 200
No initial condition for this pressure gradient --> using default!
Using initial condition from ../initial_condition/initial_condition-pressure=2.00e-07.csv
Depth averaged turbulent dissipation = 0.018987
Ratio = 2.198412
142.6491129398346
Setting constant concentration for Diatoms @ 200
No initial condition for this pressure gradient --> using default!
Using initial condition from ../initial_condition/initial_condition-pressure=2.00e-07.csv
Depth averaged turbulent dissipation = 0.018987
Ratio = 10.651385
150.9644377231598
Setting constant concentration for Diatoms @ 200
No initial condition for this pressure gradient --> using default!
Using initial condition from ../initial_condition/initial_condition-pressure=2.00e-07.csv
Depth averaged turbulent dissipation = 0.018987
Ratio = 6.150329
92.41061115264893
Setting constant concentration for Diatoms @ 200
No initial condition for this pressure gradient --> using default!
Using initial condition from ../initial_condition/initial_condition-pressure=2.00e-07.csv
Depth averaged turbulent dissipation = 0.018987
Ratio = 0.773099
154.12790608406067
Setting constant concentration for Diatoms @ 200
No initial condition for this pressure gradient --> using default!
Using initial condition from ../initial_condition/initial_condition-pressure=2.00e-07.csv
Depth averaged turbulent dissipation = 0.018987
Ratio = 4.640397
79.38188195228577
Setting constant concentration for Diatoms @ 200
No initial condition for this pressure gradient --> using default!
Using initial condition from ../initial_condition/initial_condition-pressure=2.00e-07.csv
Depth averaged turbulent dissipation = 0.018987
Ratio = 1.306652
61.408175468444824
Setting constant concentration for Diatoms @ 200
No initial condition for this pressure gradient --> using default!
Using initial condition from ../initial_condition/initial_condition-pressure=2.00e-07.csv
Depth averaged turbulent dissipation = 0.018987
Ratio = 2.568538
121.20095753669739
Setting constant concentration for Diatoms @ 200
No initial condition for this pressure gradient --> using default!
Using initial condition from ../initial_condition/initial_condition-pressure=2.00e-07.csv
Depth averaged turbulent dissipation = 0.018987
Ratio = 5.539284
63.5339035987854
Setting constant concentration for Diatoms @ 200
No initial condition for this pressure gradient --> using default!
Using initial condition from ../initial_condition/initial_condition-pressure=2.00e-07.csv
Depth averaged turbulent dissipation = 0.018987
Ratio = 0.831616
178.62017607688904
Setting constant concentration for Diatoms @ 200
No initial condition for this pressure gradient --> using default!
Using initial condition from ../initial_condition/initial_condition-pressure=2.00e-07.csv
Depth averaged turbulent dissipation = 0.018987
Ratio = 5.291955
86.18734574317932
Setting constant concentration for Diatoms @ 200
No initial condition for this pressure gradient --> using default!
Using initial condition from ../initial_condition/initial_condition-pressure=2.00e-07.csv
Depth averaged turbulent dissipation = 0.018987
Ratio = 12.187677
148.7179639339447
Setting constant concentration for Diatoms @ 200
No initial condition for this pressure gradient --> using default!
Using initial condition from ../initial_condition/initial_condition-pressure=2.00e-07.csv
Depth averaged turbulent dissipation = 0.018987
Ratio = 0.740167
128.75372648239136
Setting constant concentration for Diatoms @ 200
No initial condition for this pressure gradient --> using default!
Using initial condition from ../initial_condition/initial_condition-pressure=2.00e-07.csv
Depth averaged turbulent dissipation = 0.018987
Ratio = 8.245554
159.80371260643005
Setting constant concentration for Diatoms @ 200
No initial condition for this pressure gradient --> using default!
Using initial condition from ../initial_condition/initial_condition-pressure=2.00e-07.csv
Depth averaged turbulent dissipation = 0.018987
Ratio = 3.084935
91.61085939407349
Setting constant concentration for Diatoms @ 200
No initial condition for this pressure gradient --> using default!
Using initial condition from ../initial_condition/initial_condition-pressure=2.00e-07.csv
Depth averaged turbulent dissipation = 0.018987
Ratio = 1.327913
100.52396368980408
Setting constant concentration for Diatoms @ 200
No initial condition for this pressure gradient --> using default!
Using initial condition from ../initial_condition/initial_condition-pressure=2.00e-07.csv
Depth averaged turbulent dissipation = 0.018987
Ratio = 1.128737
209.64952754974365
Setting constant concentration for Diatoms @ 200
No initial condition for this pressure gradient --> using default!
Using initial condition from ../initial_condition/initial_condition-pressure=2.00e-07.csv
Depth averaged turbulent dissipation = 0.018987
Ratio = 0.919952
142.40575122833252
Setting constant concentration for Diatoms @ 200
No initial condition for this pressure gradient --> using default!
Using initial condition from ../initial_condition/initial_condition-pressure=2.00e-07.csv
Depth averaged turbulent dissipation = 0.018987
Ratio = 8.189332
62.80591797828674
Setting constant concentration for Diatoms @ 200
No initial condition for this pressure gradient --> using default!
Using initial condition from ../initial_condition/initial_condition-pressure=2.00e-07.csv
Depth averaged turbulent dissipation = 0.018987
Ratio = 3.294173
122.00780367851257
Setting constant concentration for Diatoms @ 200
No initial condition for this pressure gradient --> using default!
Using initial condition from ../initial_condition/initial_condition-pressure=2.00e-07.csv
Depth averaged turbulent dissipation = 0.018987
Ratio = 0.996908
121.93425488471985
Setting constant concentration for Diatoms @ 200
No initial condition for this pressure gradient --> using default!
Using initial condition from ../initial_condition/initial_condition-pressure=2.00e-07.csv
Depth averaged turbulent dissipation = 0.018987
Ratio = 1.205925
165.76656937599182
Setting constant concentration for Diatoms @ 200
No initial condition for this pressure gradient --> using default!
Using initial condition from ../initial_condition/initial_condition-pressure=2.00e-07.csv
Depth averaged turbulent dissipation = 0.018987
Ratio = 2.962552
61.6038384437561
Setting constant concentration for Diatoms @ 200
No initial condition for this pressure gradient --> using default!
Using initial condition from ../initial_condition/initial_condition-pressure=2.00e-07.csv
Depth averaged turbulent dissipation = 0.018987
Ratio = 0.813160
134.7231171131134
Setting constant concentration for Diatoms @ 200
No initial condition for this pressure gradient --> using default!
Using initial condition from ../initial_condition/initial_condition-pressure=2.00e-07.csv
Depth averaged turbulent dissipation = 0.018987
Ratio = 4.280096
160.09398984909058
Setting constant concentration for Diatoms @ 200
No initial condition for this pressure gradient --> using default!
Using initial condition from ../initial_condition/initial_condition-pressure=2.00e-07.csv
Depth averaged turbulent dissipation = 0.018987
Ratio = 2.665381
67.93010807037354
Setting constant concentration for Diatoms @ 200
No initial condition for this pressure gradient --> using default!
Using initial condition from ../initial_condition/initial_condition-pressure=2.00e-07.csv
Depth averaged turbulent dissipation = 0.018987
Ratio = 1.755389
163.29780864715576
Setting constant concentration for Diatoms @ 200
No initial condition for this pressure gradient --> using default!
Using initial condition from ../initial_condition/initial_condition-pressure=2.00e-07.csv
Depth averaged turbulent dissipation = 0.018987
Ratio = 1.547352
64.9559211730957
Setting constant concentration for Diatoms @ 200
No initial condition for this pressure gradient --> using default!
Using initial condition from ../initial_condition/initial_condition-pressure=2.00e-07.csv
Depth averaged turbulent dissipation = 0.018987
Ratio = 11.608316
105.8612961769104
Setting constant concentration for Diatoms @ 200
No initial condition for this pressure gradient --> using default!
Using initial condition from ../initial_condition/initial_condition-pressure=2.00e-07.csv
Depth averaged turbulent dissipation = 0.018987
Ratio = 0.650050
67.51638007164001
Setting constant concentration for Diatoms @ 200
No initial condition for this pressure gradient --> using default!
Using initial condition from ../initial_condition/initial_condition-pressure=2.00e-07.csv
Depth averaged turbulent dissipation = 0.018987
Ratio = 0.617654
122.0540668964386
Setting constant concentration for Diatoms @ 200
No initial condition for this pressure gradient --> using default!
Using initial condition from ../initial_condition/initial_condition-pressure=2.00e-07.csv
Depth averaged turbulent dissipation = 0.018987
Ratio = 1.365653
65.94800877571106
Setting constant concentration for Diatoms @ 200
No initial condition for this pressure gradient --> using default!
Using initial condition from ../initial_condition/initial_condition-pressure=2.00e-07.csv
Depth averaged turbulent dissipation = 0.018987
Ratio = 4.168135
63.14690327644348
Setting constant concentration for Diatoms @ 200
No initial condition for this pressure gradient --> using default!
Using initial condition from ../initial_condition/initial_condition-pressure=2.00e-07.csv
Depth averaged turbulent dissipation = 0.018987
Ratio = 4.178163
64.40114450454712
Setting constant concentration for Diatoms @ 200
No initial condition for this pressure gradient --> using default!
Using initial condition from ../initial_condition/initial_condition-pressure=2.00e-07.csv
Depth averaged turbulent dissipation = 0.018987
Ratio = 1.097744
100.59352350234985
Setting constant concentration for Diatoms @ 200
No initial condition for this pressure gradient --> using default!
Using initial condition from ../initial_condition/initial_condition-pressure=2.00e-07.csv
Depth averaged turbulent dissipation = 0.018987
Ratio = 8.529776
183.28785634040833
Setting constant concentration for Diatoms @ 200
No initial condition for this pressure gradient --> using default!
Using initial condition from ../initial_condition/initial_condition-pressure=2.00e-07.csv
Depth averaged turbulent dissipation = 0.018987
Ratio = 4.294608
70.5431113243103
Setting constant concentration for Diatoms @ 200
No initial condition for this pressure gradient --> using default!
Using initial condition from ../initial_condition/initial_condition-pressure=2.00e-07.csv
Depth averaged turbulent dissipation = 0.018987
Ratio = 1.365048
157.86153101921082
Setting constant concentration for Diatoms @ 200
No initial condition for this pressure gradient --> using default!
Using initial condition from ../initial_condition/initial_condition-pressure=2.00e-07.csv
Depth averaged turbulent dissipation = 0.018987
Ratio = 4.881412
124.83763694763184
Setting constant concentration for Diatoms @ 200
No initial condition for this pressure gradient --> using default!
Using initial condition from ../initial_condition/initial_condition-pressure=2.00e-07.csv
Depth averaged turbulent dissipation = 0.018987
Ratio = 0.874916
191.53438138961792
Setting constant concentration for Diatoms @ 200
No initial condition for this pressure gradient --> using default!
Using initial condition from ../initial_condition/initial_condition-pressure=2.00e-07.csv
Depth averaged turbulent dissipation = 0.018987
Ratio = 7.216655
149.48268032073975
Setting constant concentration for Diatoms @ 200
No initial condition for this pressure gradient --> using default!
Using initial condition from ../initial_condition/initial_condition-pressure=2.00e-07.csv
Depth averaged turbulent dissipation = 0.018987
Ratio = 0.668705
66.9852385520935
Setting constant concentration for Diatoms @ 200
No initial condition for this pressure gradient --> using default!
Using initial condition from ../initial_condition/initial_condition-pressure=2.00e-07.csv
Depth averaged turbulent dissipation = 0.018987
Ratio = 1.505326
100.56702136993408
Setting constant concentration for Diatoms @ 200
No initial condition for this pressure gradient --> using default!
Using initial condition from ../initial_condition/initial_condition-pressure=2.00e-07.csv
Depth averaged turbulent dissipation = 0.018987
Ratio = 0.831125
71.28218674659729
Setting constant concentration for Diatoms @ 200
No initial condition for this pressure gradient --> using default!
Using initial condition from ../initial_condition/initial_condition-pressure=2.00e-07.csv
Depth averaged turbulent dissipation = 0.018987
Ratio = 7.195884
73.63413047790527
Setting constant concentration for Diatoms @ 200
No initial condition for this pressure gradient --> using default!
Using initial condition from ../initial_condition/initial_condition-pressure=2.00e-07.csv
Depth averaged turbulent dissipation = 0.018987
Ratio = 1.012360
122.93473386764526
Setting constant concentration for Diatoms @ 200
No initial condition for this pressure gradient --> using default!
Using initial condition from ../initial_condition/initial_condition-pressure=2.00e-07.csv
Depth averaged turbulent dissipation = 0.018987
Ratio = 3.366991
131.43504786491394
Setting constant concentration for Diatoms @ 200
No initial condition for this pressure gradient --> using default!
Using initial condition from ../initial_condition/initial_condition-pressure=2.00e-07.csv
Depth averaged turbulent dissipation = 0.018987
Ratio = 2.918947
175.34705662727356
Setting constant concentration for Diatoms @ 200
No initial condition for this pressure gradient --> using default!
Using initial condition from ../initial_condition/initial_condition-pressure=2.00e-07.csv
Depth averaged turbulent dissipation = 0.018987
Ratio = 1.990538
80.91178297996521
Setting constant concentration for Diatoms @ 200
No initial condition for this pressure gradient --> using default!
Using initial condition from ../initial_condition/initial_condition-pressure=2.00e-07.csv
Depth averaged turbulent dissipation = 0.018987
Ratio = 1.472856
76.23921489715576
Setting constant concentration for Diatoms @ 200
No initial condition for this pressure gradient --> using default!
Using initial condition from ../initial_condition/initial_condition-pressure=2.00e-07.csv
Depth averaged turbulent dissipation = 0.018987
Ratio = 0.650051
141.97204184532166
Setting constant concentration for Diatoms @ 200
No initial condition for this pressure gradient --> using default!
Using initial condition from ../initial_condition/initial_condition-pressure=2.00e-07.csv
Depth averaged turbulent dissipation = 0.018987
Ratio = 6.329063
175.1835367679596
Setting constant concentration for Diatoms @ 200
No initial condition for this pressure gradient --> using default!
Using initial condition from ../initial_condition/initial_condition-pressure=2.00e-07.csv
Depth averaged turbulent dissipation = 0.018987
Ratio = 2.257132
176.51357698440552
Setting constant concentration for Diatoms @ 200
No initial condition for this pressure gradient --> using default!
Using initial condition from ../initial_condition/initial_condition-pressure=2.00e-07.csv
Depth averaged turbulent dissipation = 0.018987
Ratio = 0.650057
177.2033863067627
Setting constant concentration for Diatoms @ 200
No initial condition for this pressure gradient --> using default!
Using initial condition from ../initial_condition/initial_condition-pressure=2.00e-07.csv
Depth averaged turbulent dissipation = 0.018987
Ratio = 3.818441
81.48268795013428
Setting constant concentration for Diatoms @ 200
No initial condition for this pressure gradient --> using default!
Using initial condition from ../initial_condition/initial_condition-pressure=2.00e-07.csv
Depth averaged turbulent dissipation = 0.018987
Ratio = 0.609097
80.43258762359619
Setting constant concentration for Diatoms @ 200
No initial condition for this pressure gradient --> using default!
Using initial condition from ../initial_condition/initial_condition-pressure=2.00e-07.csv
Depth averaged turbulent dissipation = 0.018987
Ratio = 6.324753
77.25818467140198
Setting constant concentration for Diatoms @ 200
No initial condition for this pressure gradient --> using default!
Using initial condition from ../initial_condition/initial_condition-pressure=2.00e-07.csv
Depth averaged turbulent dissipation = 0.018987
Ratio = 3.441400
105.26066875457764
Setting constant concentration for Diatoms @ 200
No initial condition for this pressure gradient --> using default!
Using initial condition from ../initial_condition/initial_condition-pressure=2.00e-07.csv
Depth averaged turbulent dissipation = 0.018987
Ratio = 1.996539
161.42056560516357
Setting constant concentration for Diatoms @ 200
No initial condition for this pressure gradient --> using default!
Using initial condition from ../initial_condition/initial_condition-pressure=2.00e-07.csv
Depth averaged turbulent dissipation = 0.018987
Ratio = 9.520372
169.81556010246277
Setting constant concentration for Diatoms @ 200
No initial condition for this pressure gradient --> using default!
Using initial condition from ../initial_condition/initial_condition-pressure=2.00e-07.csv
Depth averaged turbulent dissipation = 0.018987
Ratio = 8.347538
161.9935073852539
Setting constant concentration for Diatoms @ 200
No initial condition for this pressure gradient --> using default!
Using initial condition from ../initial_condition/initial_condition-pressure=2.00e-07.csv
Depth averaged turbulent dissipation = 0.018987
Ratio = 4.875528
191.809157371521
Setting constant concentration for Diatoms @ 200
No initial condition for this pressure gradient --> using default!
Using initial condition from ../initial_condition/initial_condition-pressure=2.00e-07.csv
Depth averaged turbulent dissipation = 0.018987
Ratio = 1.550965
79.09182810783386
Setting constant concentration for Diatoms @ 200
No initial condition for this pressure gradient --> using default!
Using initial condition from ../initial_condition/initial_condition-pressure=2.00e-07.csv
Depth averaged turbulent dissipation = 0.018987
Ratio = 1.365350
171.13579535484314
Setting constant concentration for Diatoms @ 200
No initial condition for this pressure gradient --> using default!
Using initial condition from ../initial_condition/initial_condition-pressure=2.00e-07.csv
Depth averaged turbulent dissipation = 0.018987
Ratio = 10.169579
80.48796319961548
Setting constant concentration for Diatoms @ 200
No initial condition for this pressure gradient --> using default!
Using initial condition from ../initial_condition/initial_condition-pressure=2.00e-07.csv
Depth averaged turbulent dissipation = 0.018987
Ratio = 1.991869
190.23281145095825
Setting constant concentration for Diatoms @ 200
No initial condition for this pressure gradient --> using default!
Using initial condition from ../initial_condition/initial_condition-pressure=2.00e-07.csv
Depth averaged turbulent dissipation = 0.018987
Ratio = 0.954483
81.4932451248169
Setting constant concentration for Diatoms @ 200
No initial condition for this pressure gradient --> using default!
Using initial condition from ../initial_condition/initial_condition-pressure=2.00e-07.csv
Depth averaged turbulent dissipation = 0.018987
Ratio = 0.650054
153.24320816993713
Setting constant concentration for Diatoms @ 200
No initial condition for this pressure gradient --> using default!
Using initial condition from ../initial_condition/initial_condition-pressure=2.00e-07.csv
Depth averaged turbulent dissipation = 0.018987
Ratio = 2.266393
111.728994846344
Setting constant concentration for Diatoms @ 200
No initial condition for this pressure gradient --> using default!
Using initial condition from ../initial_condition/initial_condition-pressure=2.00e-07.csv
Depth averaged turbulent dissipation = 0.018987
Ratio = 2.551472
145.26985096931458
Setting constant concentration for Diatoms @ 200
No initial condition for this pressure gradient --> using default!
Using initial condition from ../initial_condition/initial_condition-pressure=2.00e-07.csv
Depth averaged turbulent dissipation = 0.018987
Ratio = 2.916329
82.95145297050476
Setting constant concentration for Diatoms @ 200
No initial condition for this pressure gradient --> using default!
Using initial condition from ../initial_condition/initial_condition-pressure=2.00e-07.csv
Depth averaged turbulent dissipation = 0.018987
Ratio = 2.912410
146.96419715881348
Setting constant concentration for Diatoms @ 200
No initial condition for this pressure gradient --> using default!
Using initial condition from ../initial_condition/initial_condition-pressure=2.00e-07.csv
Depth averaged turbulent dissipation = 0.018987
Ratio = 10.395656
194.93276405334473
Setting constant concentration for Diatoms @ 200
No initial condition for this pressure gradient --> using default!
Using initial condition from ../initial_condition/initial_condition-pressure=2.00e-07.csv
Depth averaged turbulent dissipation = 0.018987
Ratio = 7.988953
208.66927194595337
Setting constant concentration for Diatoms @ 200
No initial condition for this pressure gradient --> using default!
Using initial condition from ../initial_condition/initial_condition-pressure=2.00e-07.csv
Depth averaged turbulent dissipation = 0.018987
Ratio = 1.041197
175.93029308319092
Setting constant concentration for Diatoms @ 200
No initial condition for this pressure gradient --> using default!
Using initial condition from ../initial_condition/initial_condition-pressure=2.00e-07.csv
Depth averaged turbulent dissipation = 0.018987
Ratio = 7.232288
88.53407216072083
Setting constant concentration for Diatoms @ 200
No initial condition for this pressure gradient --> using default!
Using initial condition from ../initial_condition/initial_condition-pressure=2.00e-07.csv
Depth averaged turbulent dissipation = 0.018987
Ratio = 1.379545
234.32216215133667
Setting constant concentration for Diatoms @ 200
No initial condition for this pressure gradient --> using default!
Using initial condition from ../initial_condition/initial_condition-pressure=2.00e-07.csv
Depth averaged turbulent dissipation = 0.018987
Ratio = 0.778603
127.6252167224884
Setting constant concentration for Diatoms @ 200
No initial condition for this pressure gradient --> using default!
Using initial condition from ../initial_condition/initial_condition-pressure=2.00e-07.csv
Depth averaged turbulent dissipation = 0.018987
Ratio = 1.670315
86.615647315979
Setting constant concentration for Diatoms @ 200
No initial condition for this pressure gradient --> using default!
Using initial condition from ../initial_condition/initial_condition-pressure=2.00e-07.csv
Depth averaged turbulent dissipation = 0.018987
Ratio = 10.696178
158.19438099861145
Setting constant concentration for Diatoms @ 200
No initial condition for this pressure gradient --> using default!
Using initial condition from ../initial_condition/initial_condition-pressure=2.00e-07.csv
Depth averaged turbulent dissipation = 0.018987
Ratio = 1.064536
185.58336424827576
Setting constant concentration for Diatoms @ 200
No initial condition for this pressure gradient --> using default!
Using initial condition from ../initial_condition/initial_condition-pressure=2.00e-07.csv
Depth averaged turbulent dissipation = 0.018987
Ratio = 2.160057
88.41550850868225
Setting constant concentration for Diatoms @ 200
No initial condition for this pressure gradient --> using default!
Using initial condition from ../initial_condition/initial_condition-pressure=2.00e-07.csv
Depth averaged turbulent dissipation = 0.018987
Ratio = 1.774867
86.32023239135742
Setting constant concentration for Diatoms @ 200
No initial condition for this pressure gradient --> using default!
Using initial condition from ../initial_condition/initial_condition-pressure=2.00e-07.csv
Depth averaged turbulent dissipation = 0.018987
Ratio = 3.304335
102.85542869567871
Setting constant concentration for Diatoms @ 200
No initial condition for this pressure gradient --> using default!
Using initial condition from ../initial_condition/initial_condition-pressure=2.00e-07.csv
Depth averaged turbulent dissipation = 0.018987
Ratio = 8.239282
114.80577778816223
Setting constant concentration for Diatoms @ 200
No initial condition for this pressure gradient --> using default!
Using initial condition from ../initial_condition/initial_condition-pressure=2.00e-07.csv
Depth averaged turbulent dissipation = 0.018987
Ratio = 10.862830
187.63956546783447
Setting constant concentration for Diatoms @ 200
No initial condition for this pressure gradient --> using default!
Using initial condition from ../initial_condition/initial_condition-pressure=2.00e-07.csv
Depth averaged turbulent dissipation = 0.018987
Ratio = 10.687199
192.0488886833191
Setting constant concentration for Diatoms @ 200
No initial condition for this pressure gradient --> using default!
Using initial condition from ../initial_condition/initial_condition-pressure=2.00e-07.csv
Depth averaged turbulent dissipation = 0.018987
Ratio = 9.344965
181.0998682975769
Setting constant concentration for Diatoms @ 200
No initial condition for this pressure gradient --> using default!
Using initial condition from ../initial_condition/initial_condition-pressure=2.00e-07.csv
Depth averaged turbulent dissipation = 0.018987
Ratio = 3.517436
191.43299770355225
Setting constant concentration for Diatoms @ 200
No initial condition for this pressure gradient --> using default!
Using initial condition from ../initial_condition/initial_condition-pressure=2.00e-07.csv
Depth averaged turbulent dissipation = 0.018987
Ratio = 13.929549
178.7560362815857
Setting constant concentration for Diatoms @ 200
No initial condition for this pressure gradient --> using default!
Using initial condition from ../initial_condition/initial_condition-pressure=2.00e-07.csv
Depth averaged turbulent dissipation = 0.018987
Ratio = 0.940563
154.42165231704712
Setting constant concentration for Diatoms @ 200
No initial condition for this pressure gradient --> using default!
Using initial condition from ../initial_condition/initial_condition-pressure=2.00e-07.csv
Depth averaged turbulent dissipation = 0.018987
Ratio = 9.330044
118.98627805709839
Setting constant concentration for Diatoms @ 200
No initial condition for this pressure gradient --> using default!
Using initial condition from ../initial_condition/initial_condition-pressure=2.00e-07.csv
Depth averaged turbulent dissipation = 0.018987
Ratio = 12.209137
121.84770345687866
Setting constant concentration for Diatoms @ 200
No initial condition for this pressure gradient --> using default!
Using initial condition from ../initial_condition/initial_condition-pressure=2.00e-07.csv
Depth averaged turbulent dissipation = 0.018987
Ratio = 0.659254
188.45804953575134
Setting constant concentration for Diatoms @ 200
No initial condition for this pressure gradient --> using default!
Using initial condition from ../initial_condition/initial_condition-pressure=2.00e-07.csv
Depth averaged turbulent dissipation = 0.018987
Ratio = 10.732190
156.96848273277283
Setting constant concentration for Diatoms @ 200
No initial condition for this pressure gradient --> using default!
Using initial condition from ../initial_condition/initial_condition-pressure=2.00e-07.csv
Depth averaged turbulent dissipation = 0.018987
Ratio = 2.451882
157.04566264152527
Setting constant concentration for Diatoms @ 200
No initial condition for this pressure gradient --> using default!
Using initial condition from ../initial_condition/initial_condition-pressure=2.00e-07.csv
Depth averaged turbulent dissipation = 0.018987
Ratio = 3.989500
100.9710156917572
Setting constant concentration for Diatoms @ 200
No initial condition for this pressure gradient --> using default!
Using initial condition from ../initial_condition/initial_condition-pressure=2.00e-07.csv
Depth averaged turbulent dissipation = 0.018987
Ratio = 0.831003
92.24106621742249
Setting constant concentration for Diatoms @ 200
No initial condition for this pressure gradient --> using default!
Using initial condition from ../initial_condition/initial_condition-pressure=2.00e-07.csv
Depth averaged turbulent dissipation = 0.018987
Ratio = 4.869655
92.21258878707886
Setting constant concentration for Diatoms @ 200
No initial condition for this pressure gradient --> using default!
Using initial condition from ../initial_condition/initial_condition-pressure=2.00e-07.csv
Depth averaged turbulent dissipation = 0.018987
Ratio = 0.523199
210.75295495986938
Setting constant concentration for Diatoms @ 200
No initial condition for this pressure gradient --> using default!
Using initial condition from ../initial_condition/initial_condition-pressure=2.00e-07.csv
Depth averaged turbulent dissipation = 0.018987
Ratio = 6.311845
174.41503286361694
Setting constant concentration for Diatoms @ 200
No initial condition for this pressure gradient --> using default!
Using initial condition from ../initial_condition/initial_condition-pressure=2.00e-07.csv
Depth averaged turbulent dissipation = 0.018987
Ratio = 3.222912
190.6684272289276
Setting constant concentration for Diatoms @ 200
No initial condition for this pressure gradient --> using default!
Using initial condition from ../initial_condition/initial_condition-pressure=2.00e-07.csv
Depth averaged turbulent dissipation = 0.018987
Ratio = 0.640226
158.0472538471222
Setting constant concentration for Diatoms @ 200
No initial condition for this pressure gradient --> using default!
Using initial condition from ../initial_condition/initial_condition-pressure=2.00e-07.csv
Depth averaged turbulent dissipation = 0.018987
Ratio = 5.766862
186.2431538105011
Setting constant concentration for Diatoms @ 200
No initial condition for this pressure gradient --> using default!
Using initial condition from ../initial_condition/initial_condition-pressure=2.00e-07.csv
Depth averaged turbulent dissipation = 0.018987
Ratio = 1.057414
94.70350098609924
Setting constant concentration for Diatoms @ 200
No initial condition for this pressure gradient --> using default!
Using initial condition from ../initial_condition/initial_condition-pressure=2.00e-07.csv
Depth averaged turbulent dissipation = 0.018987
Ratio = 0.650054
177.19062566757202
Setting constant concentration for Diatoms @ 200
No initial condition for this pressure gradient --> using default!
Using initial condition from ../initial_condition/initial_condition-pressure=2.00e-07.csv
Depth averaged turbulent dissipation = 0.018987
Ratio = 1.547752
127.64544153213501
Setting constant concentration for Diatoms @ 200
No initial condition for this pressure gradient --> using default!
Using initial condition from ../initial_condition/initial_condition-pressure=2.00e-07.csv
Depth averaged turbulent dissipation = 0.018987
Ratio = 6.316144
206.1280813217163
Setting constant concentration for Diatoms @ 200
No initial condition for this pressure gradient --> using default!
Using initial condition from ../initial_condition/initial_condition-pressure=2.00e-07.csv
Depth averaged turbulent dissipation = 0.018987
Ratio = 7.206260
193.8066861629486
Setting constant concentration for Diatoms @ 200
No initial condition for this pressure gradient --> using default!
Using initial condition from ../initial_condition/initial_condition-pressure=2.00e-07.csv
Depth averaged turbulent dissipation = 0.018987
Ratio = 2.835847
98.22719669342041
Setting constant concentration for Diatoms @ 200
No initial condition for this pressure gradient --> using default!
Using initial condition from ../initial_condition/initial_condition-pressure=2.00e-07.csv
Depth averaged turbulent dissipation = 0.018987
Ratio = 1.992534
167.69395112991333
Setting constant concentration for Diatoms @ 200
No initial condition for this pressure gradient --> using default!
Using initial condition from ../initial_condition/initial_condition-pressure=2.00e-07.csv
Depth averaged turbulent dissipation = 0.018987
Ratio = 4.955595
186.48218822479248
Setting constant concentration for Diatoms @ 200
No initial condition for this pressure gradient --> using default!
Using initial condition from ../initial_condition/initial_condition-pressure=2.00e-07.csv
Depth averaged turbulent dissipation = 0.018987
Ratio = 1.197702
132.0162708759308
Setting constant concentration for Diatoms @ 200
No initial condition for this pressure gradient --> using default!
Using initial condition from ../initial_condition/initial_condition-pressure=2.00e-07.csv
Depth averaged turbulent dissipation = 0.018987
Ratio = 13.878420
99.22955799102783
Setting constant concentration for Diatoms @ 200
No initial condition for this pressure gradient --> using default!
Using initial condition from ../initial_condition/initial_condition-pressure=2.00e-07.csv
Depth averaged turbulent dissipation = 0.018987
Ratio = 2.542056
101.13910841941833
Setting constant concentration for Diatoms @ 200
No initial condition for this pressure gradient --> using default!
Using initial condition from ../initial_condition/initial_condition-pressure=2.00e-07.csv
Depth averaged turbulent dissipation = 0.018987
Ratio = 2.573817
154.4889075756073
Setting constant concentration for Diatoms @ 200
No initial condition for this pressure gradient --> using default!
Using initial condition from ../initial_condition/initial_condition-pressure=2.00e-07.csv
Depth averaged turbulent dissipation = 0.018987
Ratio = 6.333378
162.88512635231018
Setting constant concentration for Diatoms @ 200
No initial condition for this pressure gradient --> using default!
Using initial condition from ../initial_condition/initial_condition-pressure=2.00e-07.csv
Depth averaged turbulent dissipation = 0.018987
Ratio = 2.260492
132.4250659942627
Setting constant concentration for Diatoms @ 200
No initial condition for this pressure gradient --> using default!
Using initial condition from ../initial_condition/initial_condition-pressure=2.00e-07.csv
Depth averaged turbulent dissipation = 0.018987
Ratio = 1.065321
184.88471460342407
Setting constant concentration for Diatoms @ 200
No initial condition for this pressure gradient --> using default!
Using initial condition from ../initial_condition/initial_condition-pressure=2.00e-07.csv
Depth averaged turbulent dissipation = 0.018987
Ratio = 0.578652
166.9836301803589
Setting constant concentration for Diatoms @ 200
No initial condition for this pressure gradient --> using default!
Using initial condition from ../initial_condition/initial_condition-pressure=2.00e-07.csv
Depth averaged turbulent dissipation = 0.018987
Ratio = 1.546551
126.18568897247314
Setting constant concentration for Diatoms @ 200
No initial condition for this pressure gradient --> using default!
Using initial condition from ../initial_condition/initial_condition-pressure=2.00e-07.csv
Depth averaged turbulent dissipation = 0.018987
Ratio = 0.734938
134.7115762233734
Setting constant concentration for Diatoms @ 200
No initial condition for this pressure gradient --> using default!
Using initial condition from ../initial_condition/initial_condition-pressure=2.00e-07.csv
Depth averaged turbulent dissipation = 0.018987
Ratio = 1.207039
217.81847286224365
Setting constant concentration for Diatoms @ 200
No initial condition for this pressure gradient --> using default!
Using initial condition from ../initial_condition/initial_condition-pressure=2.00e-07.csv
Depth averaged turbulent dissipation = 0.018987
Ratio = 2.256293
220.8463921546936
Setting constant concentration for Diatoms @ 200
No initial condition for this pressure gradient --> using default!
Using initial condition from ../initial_condition/initial_condition-pressure=2.00e-07.csv
Depth averaged turbulent dissipation = 0.018987
Ratio = 10.678231
121.72924160957336
Setting constant concentration for Diatoms @ 200
No initial condition for this pressure gradient --> using default!
Using initial condition from ../initial_condition/initial_condition-pressure=2.00e-07.csv
Depth averaged turbulent dissipation = 0.018987
Ratio = 8.220502
198.58402705192566
Setting constant concentration for Diatoms @ 200
No initial condition for this pressure gradient --> using default!
Using initial condition from ../initial_condition/initial_condition-pressure=2.00e-07.csv
Depth averaged turbulent dissipation = 0.018987
Ratio = 0.500937
226.60597133636475
Setting constant concentration for Diatoms @ 200
No initial condition for this pressure gradient --> using default!
Using initial condition from ../initial_condition/initial_condition-pressure=2.00e-07.csv
Depth averaged turbulent dissipation = 0.018987
Ratio = 11.866533
210.51902842521667
Setting constant concentration for Diatoms @ 200
No initial condition for this pressure gradient --> using default!
Using initial condition from ../initial_condition/initial_condition-pressure=2.00e-07.csv
Depth averaged turbulent dissipation = 0.018987
Ratio = 3.431457
166.93557262420654
Setting constant concentration for Diatoms @ 200
No initial condition for this pressure gradient --> using default!
Using initial condition from ../initial_condition/initial_condition-pressure=2.00e-07.csv
Depth averaged turbulent dissipation = 0.018987
Ratio = 7.008066
134.3080770969391
Setting constant concentration for Diatoms @ 200
No initial condition for this pressure gradient --> using default!
Using initial condition from ../initial_condition/initial_condition-pressure=2.00e-07.csv
Depth averaged turbulent dissipation = 0.018987
Ratio = 8.166299
204.612548828125
Setting constant concentration for Diatoms @ 200
No initial condition for this pressure gradient --> using default!
Using initial condition from ../initial_condition/initial_condition-pressure=2.00e-07.csv
Depth averaged turbulent dissipation = 0.018987
Ratio = 0.735103
102.75389432907104
Setting constant concentration for Diatoms @ 200
No initial condition for this pressure gradient --> using default!
Using initial condition from ../initial_condition/initial_condition-pressure=2.00e-07.csv
Depth averaged turbulent dissipation = 0.018987
Ratio = 1.642437
169.5836296081543
Setting constant concentration for Diatoms @ 200
No initial condition for this pressure gradient --> using default!
Using initial condition from ../initial_condition/initial_condition-pressure=2.00e-07.csv
Depth averaged turbulent dissipation = 0.018987
Ratio = 4.270461
105.45144748687744
Setting constant concentration for Diatoms @ 200
No initial condition for this pressure gradient --> using default!
Using initial condition from ../initial_condition/initial_condition-pressure=2.00e-07.csv
Depth averaged turbulent dissipation = 0.018987
Ratio = 3.769481
203.2289309501648
Setting constant concentration for Diatoms @ 200
No initial condition for this pressure gradient --> using default!
Using initial condition from ../initial_condition/initial_condition-pressure=2.00e-07.csv
Depth averaged turbulent dissipation = 0.018987
Ratio = 1.065636
176.35049104690552
Setting constant concentration for Diatoms @ 200
No initial condition for this pressure gradient --> using default!
Using initial condition from ../initial_condition/initial_condition-pressure=2.00e-07.csv
Depth averaged turbulent dissipation = 0.018987
Ratio = 13.891179
189.98989820480347
Setting constant concentration for Diatoms @ 200
No initial condition for this pressure gradient --> using default!
Using initial condition from ../initial_condition/initial_condition-pressure=2.00e-07.csv
Depth averaged turbulent dissipation = 0.018987
Ratio = 5.399948
206.43658900260925
Setting constant concentration for Diatoms @ 200
No initial condition for this pressure gradient --> using default!
Using initial condition from ../initial_condition/initial_condition-pressure=2.00e-07.csv
Depth averaged turbulent dissipation = 0.018987
Ratio = 0.650052
108.08201789855957
Setting constant concentration for Diatoms @ 200
No initial condition for this pressure gradient --> using default!
Using initial condition from ../initial_condition/initial_condition-pressure=2.00e-07.csv
Depth averaged turbulent dissipation = 0.018987
Ratio = 13.903954
148.88777613639832
Setting constant concentration for Diatoms @ 200
No initial condition for this pressure gradient --> using default!
Using initial condition from ../initial_condition/initial_condition-pressure=2.00e-07.csv
Depth averaged turbulent dissipation = 0.018987
Ratio = 0.790104
222.80602860450745
Setting constant concentration for Diatoms @ 200
No initial condition for this pressure gradient --> using default!
Using initial condition from ../initial_condition/initial_condition-pressure=2.00e-07.csv
Depth averaged turbulent dissipation = 0.018987
Ratio = 0.703622
219.79856061935425
Setting constant concentration for Diatoms @ 200
No initial condition for this pressure gradient --> using default!
Using initial condition from ../initial_condition/initial_condition-pressure=2.00e-07.csv
Depth averaged turbulent dissipation = 0.018987
Ratio = 6.346347
111.57717490196228
Setting constant concentration for Diatoms @ 200
No initial condition for this pressure gradient --> using default!
Using initial condition from ../initial_condition/initial_condition-pressure=2.00e-07.csv
Depth averaged turbulent dissipation = 0.018987
Ratio = 2.014446
147.57882595062256
Setting constant concentration for Diatoms @ 200
No initial condition for this pressure gradient --> using default!
Using initial condition from ../initial_condition/initial_condition-pressure=2.00e-07.csv
Depth averaged turbulent dissipation = 0.018987
Ratio = 1.988545
236.04715061187744
Setting constant concentration for Diatoms @ 200
No initial condition for this pressure gradient --> using default!
Using initial condition from ../initial_condition/initial_condition-pressure=2.00e-07.csv
Depth averaged turbulent dissipation = 0.018987
Ratio = 1.205036
207.0577142238617
Setting constant concentration for Diatoms @ 200
No initial condition for this pressure gradient --> using default!
Using initial condition from ../initial_condition/initial_condition-pressure=2.00e-07.csv
Depth averaged turbulent dissipation = 0.018987
Ratio = 2.261333
209.80385637283325
Setting constant concentration for Diatoms @ 200
No initial condition for this pressure gradient --> using default!
Using initial condition from ../initial_condition/initial_condition-pressure=2.00e-07.csv
Depth averaged turbulent dissipation = 0.018987
Ratio = 0.831555
133.6113564968109
Setting constant concentration for Diatoms @ 200
No initial condition for this pressure gradient --> using default!
Using initial condition from ../initial_condition/initial_condition-pressure=2.00e-07.csv
Depth averaged turbulent dissipation = 0.018987
Ratio = 1.993868
139.11072373390198
Setting constant concentration for Diatoms @ 200
No initial condition for this pressure gradient --> using default!
Using initial condition from ../initial_condition/initial_condition-pressure=2.00e-07.csv
Depth averaged turbulent dissipation = 0.018987
Ratio = 2.058958
139.21229457855225
Setting constant concentration for Diatoms @ 200
No initial condition for this pressure gradient --> using default!
Using initial condition from ../initial_condition/initial_condition-pressure=2.00e-07.csv
Depth averaged turbulent dissipation = 0.018987
Ratio = 8.162728
219.55856561660767
Setting constant concentration for Diatoms @ 200
No initial condition for this pressure gradient --> using default!
Using initial condition from ../initial_condition/initial_condition-pressure=2.00e-07.csv
Depth averaged turbulent dissipation = 0.018987
Ratio = 1.251004
140.45115780830383
Setting constant concentration for Diatoms @ 200
No initial condition for this pressure gradient --> using default!
Using initial condition from ../initial_condition/initial_condition-pressure=2.00e-07.csv
Depth averaged turbulent dissipation = 0.018987
Ratio = 0.596022
199.04405689239502
Setting constant concentration for Diatoms @ 200
No initial condition for this pressure gradient --> using default!
Using initial condition from ../initial_condition/initial_condition-pressure=2.00e-07.csv
Depth averaged turbulent dissipation = 0.018987
Ratio = 4.890256
109.94483757019043
Setting constant concentration for Diatoms @ 200
No initial condition for this pressure gradient --> using default!
Using initial condition from ../initial_condition/initial_condition-pressure=2.00e-07.csv
Depth averaged turbulent dissipation = 0.018987
Ratio = 1.994535
237.88374018669128
Setting constant concentration for Diatoms @ 200
No initial condition for this pressure gradient --> using default!
Using initial condition from ../initial_condition/initial_condition-pressure=2.00e-07.csv
Depth averaged turbulent dissipation = 0.018987
Ratio = 5.549956
221.5926673412323
Setting constant concentration for Diatoms @ 200
No initial condition for this pressure gradient --> using default!
Using initial condition from ../initial_condition/initial_condition-pressure=2.00e-07.csv
Depth averaged turbulent dissipation = 0.018987
Ratio = 3.755655
111.08377242088318
Setting constant concentration for Diatoms @ 200
No initial condition for this pressure gradient --> using default!
Using initial condition from ../initial_condition/initial_condition-pressure=2.00e-07.csv
Depth averaged turbulent dissipation = 0.018987
Ratio = 3.357117
216.7665512561798
Setting constant concentration for Diatoms @ 200
No initial condition for this pressure gradient --> using default!
Using initial condition from ../initial_condition/initial_condition-pressure=2.00e-07.csv
Depth averaged turbulent dissipation = 0.018987
Ratio = 1.357166
237.0536024570465
Setting constant concentration for Diatoms @ 200
No initial condition for this pressure gradient --> using default!
Using initial condition from ../initial_condition/initial_condition-pressure=2.00e-07.csv
Depth averaged turbulent dissipation = 0.018987
Ratio = 10.714164
139.17176747322083
Setting constant concentration for Diatoms @ 200
No initial condition for this pressure gradient --> using default!
Using initial condition from ../initial_condition/initial_condition-pressure=2.00e-07.csv
Depth averaged turbulent dissipation = 0.018987
Ratio = 0.831064
210.07177066802979
Setting constant concentration for Diatoms @ 200
No initial condition for this pressure gradient --> using default!
Using initial condition from ../initial_condition/initial_condition-pressure=2.00e-07.csv
Depth averaged turbulent dissipation = 0.018987
Ratio = 0.969206
120.81549644470215
Setting constant concentration for Diatoms @ 200
No initial condition for this pressure gradient --> using default!
Using initial condition from ../initial_condition/initial_condition-pressure=2.00e-07.csv
Depth averaged turbulent dissipation = 0.018987
Ratio = 1.550562
142.68248081207275
Setting constant concentration for Diatoms @ 200
No initial condition for this pressure gradient --> using default!
Using initial condition from ../initial_condition/initial_condition-pressure=2.00e-07.csv
Depth averaged turbulent dissipation = 0.018987
Ratio = 4.884357
112.99995470046997
Setting constant concentration for Diatoms @ 200
No initial condition for this pressure gradient --> using default!
Using initial condition from ../initial_condition/initial_condition-pressure=2.00e-07.csv
Depth averaged turbulent dissipation = 0.018987
Ratio = 1.513264
232.40693831443787
Setting constant concentration for Diatoms @ 200
No initial condition for this pressure gradient --> using default!
Using initial condition from ../initial_condition/initial_condition-pressure=2.00e-07.csv
Depth averaged turbulent dissipation = 0.018987
Ratio = 4.277684
115.90784049034119
Setting constant concentration for Diatoms @ 200
No initial condition for this pressure gradient --> using default!
Using initial condition from ../initial_condition/initial_condition-pressure=2.00e-07.csv
Depth averaged turbulent dissipation = 0.018987
Ratio = 1.607044
152.292827129364
Setting constant concentration for Diatoms @ 200
No initial condition for this pressure gradient --> using default!
Using initial condition from ../initial_condition/initial_condition-pressure=2.00e-07.csv
Depth averaged turbulent dissipation = 0.018987
Ratio = 1.065950
177.20456743240356
Setting constant concentration for Diatoms @ 200
No initial condition for this pressure gradient --> using default!
Using initial condition from ../initial_condition/initial_condition-pressure=2.00e-07.csv
Depth averaged turbulent dissipation = 0.018987
Ratio = 7.014723
199.90667152404785
Setting constant concentration for Diatoms @ 200
No initial condition for this pressure gradient --> using default!
Using initial condition from ../initial_condition/initial_condition-pressure=2.00e-07.csv
Depth averaged turbulent dissipation = 0.018987
Ratio = 12.957462
114.78630566596985
Setting constant concentration for Diatoms @ 200
No initial condition for this pressure gradient --> using default!
Using initial condition from ../initial_condition/initial_condition-pressure=2.00e-07.csv
Depth averaged turbulent dissipation = 0.018987
Ratio = 10.723172
226.19537901878357
Setting constant concentration for Diatoms @ 200
No initial condition for this pressure gradient --> using default!
Using initial condition from ../initial_condition/initial_condition-pressure=2.00e-07.csv
Depth averaged turbulent dissipation = 0.018987
Ratio = 2.564328
121.48005962371826
Setting constant concentration for Diatoms @ 200
No initial condition for this pressure gradient --> using default!
Using initial condition from ../initial_condition/initial_condition-pressure=2.00e-07.csv
Depth averaged turbulent dissipation = 0.018987
Ratio = 2.262175
142.9955313205719
Setting constant concentration for Diatoms @ 200
No initial condition for this pressure gradient --> using default!
Using initial condition from ../initial_condition/initial_condition-pressure=2.00e-07.csv
Depth averaged turbulent dissipation = 0.018987
Ratio = 5.567809
234.42078614234924
Setting constant concentration for Diatoms @ 200
No initial condition for this pressure gradient --> using default!
Using initial condition from ../initial_condition/initial_condition-pressure=2.00e-07.csv
Depth averaged turbulent dissipation = 0.018987
Ratio = 9.374901
219.9036738872528
Setting constant concentration for Diatoms @ 200
No initial condition for this pressure gradient --> using default!
Using initial condition from ../initial_condition/initial_condition-pressure=2.00e-07.csv
Depth averaged turbulent dissipation = 0.018987
Ratio = 1.206593
142.16253757476807
Setting constant concentration for Diatoms @ 200
No initial condition for this pressure gradient --> using default!
Using initial condition from ../initial_condition/initial_condition-pressure=2.00e-07.csv
Depth averaged turbulent dissipation = 0.018987
Ratio = 2.258811
184.72861909866333
Setting constant concentration for Diatoms @ 200
No initial condition for this pressure gradient --> using default!
Using initial condition from ../initial_condition/initial_condition-pressure=2.00e-07.csv
Depth averaged turbulent dissipation = 0.018987
Ratio = 0.729473
235.43308639526367
Setting constant concentration for Diatoms @ 200
No initial condition for this pressure gradient --> using default!
Using initial condition from ../initial_condition/initial_condition-pressure=2.00e-07.csv
Depth averaged turbulent dissipation = 0.018987
Ratio = 3.307549
153.69793486595154
Setting constant concentration for Diatoms @ 200
No initial condition for this pressure gradient --> using default!
Using initial condition from ../initial_condition/initial_condition-pressure=2.00e-07.csv
Depth averaged turbulent dissipation = 0.018987
Ratio = 3.771463
200.69495844841003
Setting constant concentration for Diatoms @ 200
No initial condition for this pressure gradient --> using default!
Using initial condition from ../initial_condition/initial_condition-pressure=2.00e-07.csv
Depth averaged turbulent dissipation = 0.018987
Ratio = 2.263018
233.40921545028687
Setting constant concentration for Diatoms @ 200
No initial condition for this pressure gradient --> using default!
Using initial condition from ../initial_condition/initial_condition-pressure=2.00e-07.csv
Depth averaged turbulent dissipation = 0.018987
Ratio = 0.933944
157.15616822242737
Setting constant concentration for Diatoms @ 200
No initial condition for this pressure gradient --> using default!
Using initial condition from ../initial_condition/initial_condition-pressure=2.00e-07.csv
Depth averaged turbulent dissipation = 0.018987
Ratio = 6.303261
181.90720772743225
Setting constant concentration for Diatoms @ 200
No initial condition for this pressure gradient --> using default!
Using initial condition from ../initial_condition/initial_condition-pressure=2.00e-07.csv
Depth averaged turbulent dissipation = 0.018987
Ratio = 1.065793
219.19031238555908
Setting constant concentration for Diatoms @ 200
No initial condition for this pressure gradient --> using default!
Using initial condition from ../initial_condition/initial_condition-pressure=2.00e-07.csv
Depth averaged turbulent dissipation = 0.018987
Ratio = 4.297034
244.6328740119934
Setting constant concentration for Diatoms @ 200
No initial condition for this pressure gradient --> using default!
Using initial condition from ../initial_condition/initial_condition-pressure=2.00e-07.csv
Depth averaged turbulent dissipation = 0.018987
Ratio = 0.583224
121.86193323135376
Setting constant concentration for Diatoms @ 200
No initial condition for this pressure gradient --> using default!
Using initial condition from ../initial_condition/initial_condition-pressure=2.00e-07.csv
Depth averaged turbulent dissipation = 0.018987
Ratio = 1.367471
234.59185242652893
Setting constant concentration for Diatoms @ 200
No initial condition for this pressure gradient --> using default!
Using initial condition from ../initial_condition/initial_condition-pressure=2.00e-07.csv
Depth averaged turbulent dissipation = 0.018987
Ratio = 2.259651
178.64577198028564
Setting constant concentration for Diatoms @ 200
No initial condition for this pressure gradient --> using default!
Using initial condition from ../initial_condition/initial_condition-pressure=2.00e-07.csv
Depth averaged turbulent dissipation = 0.018987
Ratio = 11.602797
164.11389422416687
Setting constant concentration for Diatoms @ 200
No initial condition for this pressure gradient --> using default!
Using initial condition from ../initial_condition/initial_condition-pressure=2.00e-07.csv
Depth averaged turbulent dissipation = 0.018987
Ratio = 1.783269
189.0716691017151
Setting constant concentration for Diatoms @ 200
No initial condition for this pressure gradient --> using default!
Using initial condition from ../initial_condition/initial_condition-pressure=2.00e-07.csv
Depth averaged turbulent dissipation = 0.018987
Ratio = 7.650750
233.32945823669434
Setting constant concentration for Diatoms @ 200
No initial condition for this pressure gradient --> using default!
Using initial condition from ../initial_condition/initial_condition-pressure=2.00e-07.csv
Depth averaged turbulent dissipation = 0.018987
Ratio = 11.860365
161.96162295341492
Setting constant concentration for Diatoms @ 200
No initial condition for this pressure gradient --> using default!
Using initial condition from ../initial_condition/initial_condition-pressure=2.00e-07.csv
Depth averaged turbulent dissipation = 0.018987
Ratio = 8.719376
154.2205159664154
Setting constant concentration for Diatoms @ 200
No initial condition for this pressure gradient --> using default!
Using initial condition from ../initial_condition/initial_condition-pressure=2.00e-07.csv
Depth averaged turbulent dissipation = 0.018987
Ratio = 0.604373
246.2744700908661
Setting constant concentration for Diatoms @ 200
No initial condition for this pressure gradient --> using default!
Using initial condition from ../initial_condition/initial_condition-pressure=2.00e-07.csv
Depth averaged turbulent dissipation = 0.018987
Ratio = 2.150919
128.17142820358276
Setting constant concentration for Diatoms @ 200
No initial condition for this pressure gradient --> using default!
Using initial condition from ../initial_condition/initial_condition-pressure=2.00e-07.csv
Depth averaged turbulent dissipation = 0.018987
Ratio = 0.831493
124.70559501647949
Setting constant concentration for Diatoms @ 200
No initial condition for this pressure gradient --> using default!
Using initial condition from ../initial_condition/initial_condition-pressure=2.00e-07.csv
Depth averaged turbulent dissipation = 0.018987
Ratio = 5.528640
125.99572420120239
Setting constant concentration for Diatoms @ 200
No initial condition for this pressure gradient --> using default!
Using initial condition from ../initial_condition/initial_condition-pressure=2.00e-07.csv
Depth averaged turbulent dissipation = 0.018987
Ratio = 2.921568
151.96799683570862
Setting constant concentration for Diatoms @ 200
No initial condition for this pressure gradient --> using default!
Using initial condition from ../initial_condition/initial_condition-pressure=2.00e-07.csv
Depth averaged turbulent dissipation = 0.018987
Ratio = 3.735652
235.10648345947266
Setting constant concentration for Diatoms @ 200
No initial condition for this pressure gradient --> using default!
Using initial condition from ../initial_condition/initial_condition-pressure=2.00e-07.csv
Depth averaged turbulent dissipation = 0.018987
Ratio = 1.217010
220.04216289520264
Setting constant concentration for Diatoms @ 200
No initial condition for this pressure gradient --> using default!
Using initial condition from ../initial_condition/initial_condition-pressure=2.00e-07.csv
Depth averaged turbulent dissipation = 0.018987
Ratio = 1.387056
165.64516425132751
Setting constant concentration for Diatoms @ 200
No initial condition for this pressure gradient --> using default!
Using initial condition from ../initial_condition/initial_condition-pressure=2.00e-07.csv
Depth averaged turbulent dissipation = 0.018987
Ratio = 0.688514
170.35917353630066
Setting constant concentration for Diatoms @ 200
No initial condition for this pressure gradient --> using default!
Using initial condition from ../initial_condition/initial_condition-pressure=2.00e-07.csv
Depth averaged turbulent dissipation = 0.018987
Ratio = 1.993201
170.47972106933594
Setting constant concentration for Diatoms @ 200
No initial condition for this pressure gradient --> using default!
Using initial condition from ../initial_condition/initial_condition-pressure=2.00e-07.csv
Depth averaged turbulent dissipation = 0.018987
Ratio = 5.056141
129.04668617248535
Setting constant concentration for Diatoms @ 200
No initial condition for this pressure gradient --> using default!
Using initial condition from ../initial_condition/initial_condition-pressure=2.00e-07.csv
Depth averaged turbulent dissipation = 0.018987
Ratio = 3.094853
239.9940643310547
Setting constant concentration for Diatoms @ 200
No initial condition for this pressure gradient --> using default!
Using initial condition from ../initial_condition/initial_condition-pressure=2.00e-07.csv
Depth averaged turbulent dissipation = 0.018987
Ratio = 7.484813
156.45065903663635
Setting constant concentration for Diatoms @ 200
No initial condition for this pressure gradient --> using default!
Using initial condition from ../initial_condition/initial_condition-pressure=2.00e-07.csv
Depth averaged turbulent dissipation = 0.018987
Ratio = 11.350763
129.5967264175415
Setting constant concentration for Diatoms @ 200
No initial condition for this pressure gradient --> using default!
Using initial condition from ../initial_condition/initial_condition-pressure=2.00e-07.csv
Depth averaged turbulent dissipation = 0.018987
Ratio = 2.569593
244.44221687316895
Setting constant concentration for Diatoms @ 200
No initial condition for this pressure gradient --> using default!
Using initial condition from ../initial_condition/initial_condition-pressure=2.00e-07.csv
Depth averaged turbulent dissipation = 0.018987
Ratio = 3.305941
172.50377988815308
Setting constant concentration for Diatoms @ 200
No initial condition for this pressure gradient --> using default!
Using initial condition from ../initial_condition/initial_condition-pressure=2.00e-07.csv
Depth averaged turbulent dissipation = 0.018987
Ratio = 10.866551
224.6204273700714
Setting constant concentration for Diatoms @ 200
No initial condition for this pressure gradient --> using default!
Using initial condition from ../initial_condition/initial_condition-pressure=2.00e-07.csv
Depth averaged turbulent dissipation = 0.018987
Ratio = 2.952803
157.54481172561646
Setting constant concentration for Diatoms @ 200
No initial condition for this pressure gradient --> using default!
Using initial condition from ../initial_condition/initial_condition-pressure=2.00e-07.csv
Depth averaged turbulent dissipation = 0.018987
Ratio = 12.134240
175.19667434692383
Setting constant concentration for Diatoms @ 200
No initial condition for this pressure gradient --> using default!
Using initial condition from ../initial_condition/initial_condition-pressure=2.00e-07.csv
Depth averaged turbulent dissipation = 0.018987
Ratio = 4.857939
164.08944010734558
Setting constant concentration for Diatoms @ 200
No initial condition for this pressure gradient --> using default!
Using initial condition from ../initial_condition/initial_condition-pressure=2.00e-07.csv
Depth averaged turbulent dissipation = 0.018987
Ratio = 1.989873
169.28577995300293
Setting constant concentration for Diatoms @ 200
No initial condition for this pressure gradient --> using default!
Using initial condition from ../initial_condition/initial_condition-pressure=2.00e-07.csv
Depth averaged turbulent dissipation = 0.018987
Ratio = 1.715554
131.4505763053894
Setting constant concentration for Diatoms @ 200
No initial condition for this pressure gradient --> using default!
Using initial condition from ../initial_condition/initial_condition-pressure=2.00e-07.csv
Depth averaged turbulent dissipation = 0.018987
Ratio = 1.178908
133.82512855529785
Setting constant concentration for Diatoms @ 200
No initial condition for this pressure gradient --> using default!
Using initial condition from ../initial_condition/initial_condition-pressure=2.00e-07.csv
Depth averaged turbulent dissipation = 0.018987
Ratio = 3.284370
131.5954978466034
Setting constant concentration for Diatoms @ 200
No initial condition for this pressure gradient --> using default!
Using initial condition from ../initial_condition/initial_condition-pressure=2.00e-07.csv
Depth averaged turbulent dissipation = 0.018987
Ratio = 10.626704
135.89001369476318
Setting constant concentration for Diatoms @ 200
No initial condition for this pressure gradient --> using default!
Using initial condition from ../initial_condition/initial_condition-pressure=2.00e-07.csv
Depth averaged turbulent dissipation = 0.018987
Ratio = 1.366561
243.11994862556458
Setting constant concentration for Diatoms @ 200
No initial condition for this pressure gradient --> using default!
Using initial condition from ../initial_condition/initial_condition-pressure=2.00e-07.csv
Depth averaged turbulent dissipation = 0.018987
Ratio = 2.607812
186.61825013160706
Setting constant concentration for Diatoms @ 200
No initial condition for this pressure gradient --> using default!
Using initial condition from ../initial_condition/initial_condition-pressure=2.00e-07.csv
Depth averaged turbulent dissipation = 0.018987
Ratio = 0.990550
161.3282778263092
Setting constant concentration for Diatoms @ 200
No initial condition for this pressure gradient --> using default!
Using initial condition from ../initial_condition/initial_condition-pressure=2.00e-07.csv
Depth averaged turbulent dissipation = 0.018987
Ratio = 1.104449
164.67950057983398
Setting constant concentration for Diatoms @ 200
No initial condition for this pressure gradient --> using default!
Using initial condition from ../initial_condition/initial_condition-pressure=2.00e-07.csv
Depth averaged turbulent dissipation = 0.018987
Ratio = 0.650050
172.07830476760864
Setting constant concentration for Diatoms @ 200
No initial condition for this pressure gradient --> using default!
Using initial condition from ../initial_condition/initial_condition-pressure=2.00e-07.csv
Depth averaged turbulent dissipation = 0.018987
Ratio = 1.271266
214.8499150276184
Setting constant concentration for Diatoms @ 200
No initial condition for this pressure gradient --> using default!
Using initial condition from ../initial_condition/initial_condition-pressure=2.00e-07.csv
Depth averaged turbulent dissipation = 0.018987
Ratio = 9.315156
234.5327205657959
Setting constant concentration for Diatoms @ 200
No initial condition for this pressure gradient --> using default!
Using initial condition from ../initial_condition/initial_condition-pressure=2.00e-07.csv
Depth averaged turbulent dissipation = 0.018987
Ratio = 0.558438
223.8366961479187
Setting constant concentration for Diatoms @ 200
No initial condition for this pressure gradient --> using default!
Using initial condition from ../initial_condition/initial_condition-pressure=2.00e-07.csv
Depth averaged turbulent dissipation = 0.018987
Ratio = 10.633537
187.85277438163757
Setting constant concentration for Diatoms @ 200
No initial condition for this pressure gradient --> using default!
Using initial condition from ../initial_condition/initial_condition-pressure=2.00e-07.csv
Depth averaged turbulent dissipation = 0.018987
Ratio = 0.831309
143.88928055763245
Setting constant concentration for Diatoms @ 200
No initial condition for this pressure gradient --> using default!
Using initial condition from ../initial_condition/initial_condition-pressure=2.00e-07.csv
Depth averaged turbulent dissipation = 0.018987
Ratio = 1.754869
142.39496088027954
Setting constant concentration for Diatoms @ 200
No initial condition for this pressure gradient --> using default!
Using initial condition from ../initial_condition/initial_condition-pressure=2.00e-07.csv
Depth averaged turbulent dissipation = 0.018987
Ratio = 4.284925
140.20276761054993
Setting constant concentration for Diatoms @ 200
No initial condition for this pressure gradient --> using default!
Using initial condition from ../initial_condition/initial_condition-pressure=2.00e-07.csv
Depth averaged turbulent dissipation = 0.018987
Ratio = 6.025062
164.29070568084717
Setting constant concentration for Diatoms @ 200
No initial condition for this pressure gradient --> using default!
Using initial condition from ../initial_condition/initial_condition-pressure=2.00e-07.csv
Depth averaged turbulent dissipation = 0.018987
Ratio = 0.698436
171.0293674468994
Setting constant concentration for Diatoms @ 200
No initial condition for this pressure gradient --> using default!
Using initial condition from ../initial_condition/initial_condition-pressure=2.00e-07.csv
Depth averaged turbulent dissipation = 0.018987
Ratio = 4.260397
235.49696588516235
Setting constant concentration for Diatoms @ 200
No initial condition for this pressure gradient --> using default!
Using initial condition from ../initial_condition/initial_condition-pressure=2.00e-07.csv
Depth averaged turbulent dissipation = 0.018987
Ratio = 2.572760
229.59927368164062
Setting constant concentration for Diatoms @ 200
No initial condition for this pressure gradient --> using default!
Using initial condition from ../initial_condition/initial_condition-pressure=2.00e-07.csv
Depth averaged turbulent dissipation = 0.018987
Ratio = 3.767501
141.1309962272644
Setting constant concentration for Diatoms @ 200
No initial condition for this pressure gradient --> using default!
Using initial condition from ../initial_condition/initial_condition-pressure=2.00e-07.csv
Depth averaged turbulent dissipation = 0.018987
Ratio = 1.548554
254.09210681915283
Setting constant concentration for Diatoms @ 200
No initial condition for this pressure gradient --> using default!
Using initial condition from ../initial_condition/initial_condition-pressure=2.00e-07.csv
Depth averaged turbulent dissipation = 0.018987
Ratio = 1.206148
170.3059277534485
Setting constant concentration for Diatoms @ 200
No initial condition for this pressure gradient --> using default!
Using initial condition from ../initial_condition/initial_condition-pressure=2.00e-07.csv
Depth averaged turbulent dissipation = 0.018987
Ratio = 0.734883
201.26066827774048
Setting constant concentration for Diatoms @ 200
No initial condition for this pressure gradient --> using default!
Using initial condition from ../initial_condition/initial_condition-pressure=2.00e-07.csv
Depth averaged turbulent dissipation = 0.018987
Ratio = 3.507425
219.8592140674591
Setting constant concentration for Diatoms @ 200
No initial condition for this pressure gradient --> using default!
Using initial condition from ../initial_condition/initial_condition-pressure=2.00e-07.csv
Depth averaged turbulent dissipation = 0.018987
Ratio = 13.916744
250.5222041606903
Setting constant concentration for Diatoms @ 200
No initial condition for this pressure gradient --> using default!
Using initial condition from ../initial_condition/initial_condition-pressure=2.00e-07.csv
Depth averaged turbulent dissipation = 0.018987
Ratio = 9.322596
229.39503622055054
Setting constant concentration for Diatoms @ 200
No initial condition for this pressure gradient --> using default!
Using initial condition from ../initial_condition/initial_condition-pressure=2.00e-07.csv
Depth averaged turbulent dissipation = 0.018987
Ratio = 10.168492
208.52796411514282
Setting constant concentration for Diatoms @ 200
No initial condition for this pressure gradient --> using default!
Using initial condition from ../initial_condition/initial_condition-pressure=2.00e-07.csv
Depth averaged turbulent dissipation = 0.018987
Ratio = 12.252206
200.44879174232483
Setting constant concentration for Diatoms @ 200
No initial condition for this pressure gradient --> using default!
Using initial condition from ../initial_condition/initial_condition-pressure=2.00e-07.csv
Depth averaged turbulent dissipation = 0.018987
Ratio = 4.893210
139.85628247261047
Setting constant concentration for Diatoms @ 200
No initial condition for this pressure gradient --> using default!
Using initial condition from ../initial_condition/initial_condition-pressure=2.00e-07.csv
Depth averaged turbulent dissipation = 0.018987
Ratio = 0.861903
253.10683679580688
Setting constant concentration for Diatoms @ 200
No initial condition for this pressure gradient --> using default!
Using initial condition from ../initial_condition/initial_condition-pressure=2.00e-07.csv
Depth averaged turbulent dissipation = 0.018987
Ratio = 2.237849
250.47789096832275
Setting constant concentration for Diatoms @ 200
No initial condition for this pressure gradient --> using default!
Using initial condition from ../initial_condition/initial_condition-pressure=2.00e-07.csv
Depth averaged turbulent dissipation = 0.018987
Ratio = 4.549475
257.96271872520447
Setting constant concentration for Diatoms @ 200
No initial condition for this pressure gradient --> using default!
Using initial condition from ../initial_condition/initial_condition-pressure=2.00e-07.csv
Depth averaged turbulent dissipation = 0.018987
Ratio = 1.634260
142.21092462539673
Setting constant concentration for Diatoms @ 200
No initial condition for this pressure gradient --> using default!
Using initial condition from ../initial_condition/initial_condition-pressure=2.00e-07.csv
Depth averaged turbulent dissipation = 0.018987
Ratio = 1.564442
172.55846452713013
Setting constant concentration for Diatoms @ 200
No initial condition for this pressure gradient --> using default!
Using initial condition from ../initial_condition/initial_condition-pressure=2.00e-07.csv
Depth averaged turbulent dissipation = 0.018987
Ratio = 3.232995
198.74895334243774
Setting constant concentration for Diatoms @ 200
No initial condition for this pressure gradient --> using default!
Using initial condition from ../initial_condition/initial_condition-pressure=2.00e-07.csv
Depth averaged turbulent dissipation = 0.018987
Ratio = 0.940356
225.5234878063202
Setting constant concentration for Diatoms @ 200
No initial condition for this pressure gradient --> using default!
Using initial condition from ../initial_condition/initial_condition-pressure=2.00e-07.csv
Depth averaged turbulent dissipation = 0.018987
Ratio = 10.394085
176.5491361618042
Setting constant concentration for Diatoms @ 200
No initial condition for this pressure gradient --> using default!
Using initial condition from ../initial_condition/initial_condition-pressure=2.00e-07.csv
Depth averaged turbulent dissipation = 0.018987
Ratio = 12.230647
264.94207787513733
Setting constant concentration for Diatoms @ 200
No initial condition for this pressure gradient --> using default!
Using initial condition from ../initial_condition/initial_condition-pressure=2.00e-07.csv
Depth averaged turbulent dissipation = 0.018987
Ratio = 6.714013
250.98398327827454
Setting constant concentration for Diatoms @ 200
No initial condition for this pressure gradient --> using default!
Using initial condition from ../initial_condition/initial_condition-pressure=2.00e-07.csv
Depth averaged turbulent dissipation = 0.018987
Ratio = 1.546952
171.88208961486816
Setting constant concentration for Diatoms @ 200
No initial condition for this pressure gradient --> using default!
Using initial condition from ../initial_condition/initial_condition-pressure=2.00e-07.csv
Depth averaged turbulent dissipation = 0.018987
Ratio = 1.153553
140.56159591674805
Setting constant concentration for Diatoms @ 200
No initial condition for this pressure gradient --> using default!
Using initial condition from ../initial_condition/initial_condition-pressure=2.00e-07.csv
Depth averaged turbulent dissipation = 0.018987
Ratio = 2.263861
143.8766107559204
Setting constant concentration for Diatoms @ 200
No initial condition for this pressure gradient --> using default!
Using initial condition from ../initial_condition/initial_condition-pressure=2.00e-07.csv
Depth averaged turbulent dissipation = 0.018987
Ratio = 9.389916
242.4421238899231
Setting constant concentration for Diatoms @ 200
No initial condition for this pressure gradient --> using default!
Using initial condition from ../initial_condition/initial_condition-pressure=2.00e-07.csv
Depth averaged turbulent dissipation = 0.018987
Ratio = 0.734965
256.3041956424713
Setting constant concentration for Diatoms @ 200
No initial condition for this pressure gradient --> using default!
Using initial condition from ../initial_condition/initial_condition-pressure=2.00e-07.csv
Depth averaged turbulent dissipation = 0.018987
Ratio = 12.130432
246.62469840049744
Setting constant concentration for Diatoms @ 200
No initial condition for this pressure gradient --> using default!
Using initial condition from ../initial_condition/initial_condition-pressure=2.00e-07.csv
Depth averaged turbulent dissipation = 0.018987
Ratio = 1.074072
144.78550505638123
Setting constant concentration for Diatoms @ 200
No initial condition for this pressure gradient --> using default!
Using initial condition from ../initial_condition/initial_condition-pressure=2.00e-07.csv
Depth averaged turbulent dissipation = 0.018987
Ratio = 0.673727
201.01528668403625
Setting constant concentration for Diatoms @ 200
No initial condition for this pressure gradient --> using default!
Using initial condition from ../initial_condition/initial_condition-pressure=2.00e-07.csv
Depth averaged turbulent dissipation = 0.018987
Ratio = 13.840231
144.87240743637085
Setting constant concentration for Diatoms @ 200
No initial condition for this pressure gradient --> using default!
Using initial condition from ../initial_condition/initial_condition-pressure=2.00e-07.csv
Depth averaged turbulent dissipation = 0.018987
Ratio = 1.862735
266.0320019721985
Setting constant concentration for Diatoms @ 200
No initial condition for this pressure gradient --> using default!
Using initial condition from ../initial_condition/initial_condition-pressure=2.00e-07.csv
Depth averaged turbulent dissipation = 0.018987
Ratio = 10.624628
178.46988582611084
Setting constant concentration for Diatoms @ 200
No initial condition for this pressure gradient --> using default!
Using initial condition from ../initial_condition/initial_condition-pressure=2.00e-07.csv
Depth averaged turbulent dissipation = 0.018987
Ratio = 4.848245
265.3527398109436
Setting constant concentration for Diatoms @ 200
No initial condition for this pressure gradient --> using default!
Using initial condition from ../initial_condition/initial_condition-pressure=2.00e-07.csv
Depth averaged turbulent dissipation = 0.018987
Ratio = 0.511949
265.57436966896057
Setting constant concentration for Diatoms @ 200
No initial condition for this pressure gradient --> using default!
Using initial condition from ../initial_condition/initial_condition-pressure=2.00e-07.csv
Depth averaged turbulent dissipation = 0.018987
Ratio = 1.759039
174.21131467819214
Setting constant concentration for Diatoms @ 200
No initial condition for this pressure gradient --> using default!
Using initial condition from ../initial_condition/initial_condition-pressure=2.00e-07.csv
Depth averaged turbulent dissipation = 0.018987
Ratio = 0.856072
247.69596886634827
Setting constant concentration for Diatoms @ 200
No initial condition for this pressure gradient --> using default!
Using initial condition from ../initial_condition/initial_condition-pressure=2.00e-07.csv
Depth averaged turbulent dissipation = 0.018987
Ratio = 1.441079
146.46873903274536
Setting constant concentration for Diatoms @ 200
No initial condition for this pressure gradient --> using default!
Using initial condition from ../initial_condition/initial_condition-pressure=2.00e-07.csv
Depth averaged turbulent dissipation = 0.018987
Ratio = 2.246941
230.86553502082825
Setting constant concentration for Diatoms @ 200
No initial condition for this pressure gradient --> using default!
Using initial condition from ../initial_condition/initial_condition-pressure=2.00e-07.csv
Depth averaged turbulent dissipation = 0.018987
Ratio = 0.831432
272.5574948787689
Setting constant concentration for Diatoms @ 200
No initial condition for this pressure gradient --> using default!
Using initial condition from ../initial_condition/initial_condition-pressure=2.00e-07.csv
Depth averaged turbulent dissipation = 0.018987
Ratio = 0.591374
256.91526794433594
Setting constant concentration for Diatoms @ 200
No initial condition for this pressure gradient --> using default!
Using initial condition from ../initial_condition/initial_condition-pressure=2.00e-07.csv
Depth averaged turbulent dissipation = 0.018987
Ratio = 8.214256
153.88915610313416
Setting constant concentration for Diatoms @ 200
No initial condition for this pressure gradient --> using default!
Using initial condition from ../initial_condition/initial_condition-pressure=2.00e-07.csv
Depth averaged turbulent dissipation = 0.018987
Ratio = 13.942369
147.9258153438568
Setting constant concentration for Diatoms @ 200
No initial condition for this pressure gradient --> using default!
Using initial condition from ../initial_condition/initial_condition-pressure=2.00e-07.csv
Depth averaged turbulent dissipation = 0.018987
Ratio = 0.566201
275.48950839042664
Setting constant concentration for Diatoms @ 200
No initial condition for this pressure gradient --> using default!
Using initial condition from ../initial_condition/initial_condition-pressure=2.00e-07.csv
Depth averaged turbulent dissipation = 0.018987
Ratio = 4.250785
252.49179887771606
Setting constant concentration for Diatoms @ 200
No initial condition for this pressure gradient --> using default!
Using initial condition from ../initial_condition/initial_condition-pressure=2.00e-07.csv
Depth averaged turbulent dissipation = 0.018987
Ratio = 3.759598
239.55016040802002
Setting constant concentration for Diatoms @ 200
No initial condition for this pressure gradient --> using default!
Using initial condition from ../initial_condition/initial_condition-pressure=2.00e-07.csv
Depth averaged turbulent dissipation = 0.018987
Ratio = 5.535733
181.27053427696228
Setting constant concentration for Diatoms @ 200
No initial condition for this pressure gradient --> using default!
Using initial condition from ../initial_condition/initial_condition-pressure=2.00e-07.csv
Depth averaged turbulent dissipation = 0.018987
Ratio = 1.190747
206.5214183330536
Setting constant concentration for Diatoms @ 200
No initial condition for this pressure gradient --> using default!
Using initial condition from ../initial_condition/initial_condition-pressure=2.00e-07.csv
Depth averaged turbulent dissipation = 0.018987
Ratio = 12.675769
209.24886989593506
Setting constant concentration for Diatoms @ 200
No initial condition for this pressure gradient --> using default!
Using initial condition from ../initial_condition/initial_condition-pressure=2.00e-07.csv
Depth averaged turbulent dissipation = 0.018987
Ratio = 3.317221
201.88231444358826
Setting constant concentration for Diatoms @ 200
No initial condition for this pressure gradient --> using default!
Using initial condition from ../initial_condition/initial_condition-pressure=2.00e-07.csv
Depth averaged turbulent dissipation = 0.018987
Ratio = 2.920257
262.3318409919739
Setting constant concentration for Diatoms @ 200
No initial condition for this pressure gradient --> using default!
Using initial condition from ../initial_condition/initial_condition-pressure=2.00e-07.csv
Depth averaged turbulent dissipation = 0.018987
Ratio = 1.207262
247.55383133888245
Setting constant concentration for Diatoms @ 200
No initial condition for this pressure gradient --> using default!
Using initial condition from ../initial_condition/initial_condition-pressure=2.00e-07.csv
Depth averaged turbulent dissipation = 0.018987
Ratio = 0.654312
263.494820356369
Setting constant concentration for Diatoms @ 200
No initial condition for this pressure gradient --> using default!
Using initial condition from ../initial_condition/initial_condition-pressure=2.00e-07.csv
Depth averaged turbulent dissipation = 0.018987
Ratio = 0.650056
151.10050463676453
Setting constant concentration for Diatoms @ 200
No initial condition for this pressure gradient --> using default!
Using initial condition from ../initial_condition/initial_condition-pressure=2.00e-07.csv
Depth averaged turbulent dissipation = 0.018987
Ratio = 0.734911
252.03103375434875
Setting constant concentration for Diatoms @ 200
No initial condition for this pressure gradient --> using default!
Using initial condition from ../initial_condition/initial_condition-pressure=2.00e-07.csv
Depth averaged turbulent dissipation = 0.018987
Ratio = 5.886306
150.09882760047913
Setting constant concentration for Diatoms @ 200
No initial condition for this pressure gradient --> using default!
Using initial condition from ../initial_condition/initial_condition-pressure=2.00e-07.csv
Depth averaged turbulent dissipation = 0.018987
Ratio = 2.784317
187.88082766532898
Setting constant concentration for Diatoms @ 200
No initial condition for this pressure gradient --> using default!
Using initial condition from ../initial_condition/initial_condition-pressure=2.00e-07.csv
Depth averaged turbulent dissipation = 0.018987
Ratio = 2.067882
178.29789924621582
Setting constant concentration for Diatoms @ 200
No initial condition for this pressure gradient --> using default!
Using initial condition from ../initial_condition/initial_condition-pressure=2.00e-07.csv
Depth averaged turbulent dissipation = 0.018987
Ratio = 7.211455
233.74619579315186
Setting constant concentration for Diatoms @ 200
No initial condition for this pressure gradient --> using default!
Using initial condition from ../initial_condition/initial_condition-pressure=2.00e-07.csv
Depth averaged turbulent dissipation = 0.018987
Ratio = 2.724207
263.9241044521332
Setting constant concentration for Diatoms @ 200
No initial condition for this pressure gradient --> using default!
Using initial condition from ../initial_condition/initial_condition-pressure=2.00e-07.csv
Depth averaged turbulent dissipation = 0.018987
Ratio = 7.170036
254.08199310302734
Setting constant concentration for Diatoms @ 200
No initial condition for this pressure gradient --> using default!
Using initial condition from ../initial_condition/initial_condition-pressure=2.00e-07.csv
Depth averaged turbulent dissipation = 0.018987
Ratio = 0.719058
245.79358863830566
Setting constant concentration for Diatoms @ 200
No initial condition for this pressure gradient --> using default!
Using initial condition from ../initial_condition/initial_condition-pressure=2.00e-07.csv
Depth averaged turbulent dissipation = 0.018987
Ratio = 4.878468
151.35348963737488
Setting constant concentration for Diatoms @ 200
No initial condition for this pressure gradient --> using default!
Using initial condition from ../initial_condition/initial_condition-pressure=2.00e-07.csv
Depth averaged turbulent dissipation = 0.018987
Ratio = 0.825232
254.1678581237793
Setting constant concentration for Diatoms @ 200
No initial condition for this pressure gradient --> using default!
Using initial condition from ../initial_condition/initial_condition-pressure=2.00e-07.csv
Depth averaged turbulent dissipation = 0.018987
Ratio = 9.113145
265.11751794815063
Setting constant concentration for Diatoms @ 200
No initial condition for this pressure gradient --> using default!
Using initial condition from ../initial_condition/initial_condition-pressure=2.00e-07.csv
Depth averaged turbulent dissipation = 0.018987
Ratio = 2.104442
184.7437174320221
Setting constant concentration for Diatoms @ 200
No initial condition for this pressure gradient --> using default!
Using initial condition from ../initial_condition/initial_condition-pressure=2.00e-07.csv
Depth averaged turbulent dissipation = 0.018987
Ratio = 8.170706
249.80425357818604
Setting constant concentration for Diatoms @ 200
No initial condition for this pressure gradient --> using default!
Using initial condition from ../initial_condition/initial_condition-pressure=2.00e-07.csv
Depth averaged turbulent dissipation = 0.018987
Ratio = 2.442380
225.74652242660522
Setting constant concentration for Diatoms @ 200
No initial condition for this pressure gradient --> using default!
Using initial condition from ../initial_condition/initial_condition-pressure=2.00e-07.csv
Depth averaged turbulent dissipation = 0.018987
Ratio = 1.538504
159.33700299263
Setting constant concentration for Diatoms @ 200
No initial condition for this pressure gradient --> using default!
Using initial condition from ../initial_condition/initial_condition-pressure=2.00e-07.csv
Depth averaged turbulent dissipation = 0.018987
Ratio = 10.669272
279.98802185058594
Setting constant concentration for Diatoms @ 200
No initial condition for this pressure gradient --> using default!
Using initial condition from ../initial_condition/initial_condition-pressure=2.00e-07.csv
Depth averaged turbulent dissipation = 0.018987
Ratio = 8.913144
191.45346426963806
Setting constant concentration for Diatoms @ 200
No initial condition for this pressure gradient --> using default!
Using initial condition from ../initial_condition/initial_condition-pressure=2.00e-07.csv
Depth averaged turbulent dissipation = 0.018987
Ratio = 9.397436
263.1937131881714
Setting constant concentration for Diatoms @ 200
No initial condition for this pressure gradient --> using default!
Using initial condition from ../initial_condition/initial_condition-pressure=2.00e-07.csv
Depth averaged turbulent dissipation = 0.018987
Ratio = 0.735130
181.6358127593994
Setting constant concentration for Diatoms @ 200
No initial condition for this pressure gradient --> using default!
Using initial condition from ../initial_condition/initial_condition-pressure=2.00e-07.csv
Depth averaged turbulent dissipation = 0.018987
Ratio = 4.839059
152.99230456352234
Setting constant concentration for Diatoms @ 200
No initial condition for this pressure gradient --> using default!
Using initial condition from ../initial_condition/initial_condition-pressure=2.00e-07.csv
Depth averaged turbulent dissipation = 0.018987
Ratio = 7.201069
234.09385418891907
Setting constant concentration for Diatoms @ 200
No initial condition for this pressure gradient --> using default!
Using initial condition from ../initial_condition/initial_condition-pressure=2.00e-07.csv
Depth averaged turbulent dissipation = 0.018987
Ratio = 5.168266
270.9950406551361
Setting constant concentration for Diatoms @ 200
No initial condition for this pressure gradient --> using default!
Using initial condition from ../initial_condition/initial_condition-pressure=2.00e-07.csv
Depth averaged turbulent dissipation = 0.018987
Ratio = 2.913716
155.68903279304504
Setting constant concentration for Diatoms @ 200
No initial condition for this pressure gradient --> using default!
Using initial condition from ../initial_condition/initial_condition-pressure=2.00e-07.csv
Depth averaged turbulent dissipation = 0.018987
Ratio = 1.050905
188.47797322273254
Setting constant concentration for Diatoms @ 200
No initial condition for this pressure gradient --> using default!
Using initial condition from ../initial_condition/initial_condition-pressure=2.00e-07.csv
Depth averaged turbulent dissipation = 0.018987
Ratio = 0.534694
153.73933935165405
Setting constant concentration for Diatoms @ 200
No initial condition for this pressure gradient --> using default!
Using initial condition from ../initial_condition/initial_condition-pressure=2.00e-07.csv
Depth averaged turbulent dissipation = 0.018987
Ratio = 4.441367
180.102721452713
Setting constant concentration for Diatoms @ 200
No initial condition for this pressure gradient --> using default!
Using initial condition from ../initial_condition/initial_condition-pressure=2.00e-07.csv
Depth averaged turbulent dissipation = 0.018987
Ratio = 6.426060
213.52475214004517
Setting constant concentration for Diatoms @ 200
No initial condition for this pressure gradient --> using default!
Using initial condition from ../initial_condition/initial_condition-pressure=2.00e-07.csv
Depth averaged turbulent dissipation = 0.018987
Ratio = 1.814064
269.00480246543884
Setting constant concentration for Diatoms @ 200
No initial condition for this pressure gradient --> using default!
Using initial condition from ../initial_condition/initial_condition-pressure=2.00e-07.csv
Depth averaged turbulent dissipation = 0.018987
Ratio = 4.650080
214.21790528297424
Setting constant concentration for Diatoms @ 200
No initial condition for this pressure gradient --> using default!
Using initial condition from ../initial_condition/initial_condition-pressure=2.00e-07.csv
Depth averaged turbulent dissipation = 0.018987
Ratio = 5.542838
248.77359557151794
Setting constant concentration for Diatoms @ 200
No initial condition for this pressure gradient --> using default!
Using initial condition from ../initial_condition/initial_condition-pressure=2.00e-07.csv
Depth averaged turbulent dissipation = 0.018987
Ratio = 7.322436
182.86014246940613
Setting constant concentration for Diatoms @ 200
No initial condition for this pressure gradient --> using default!
Using initial condition from ../initial_condition/initial_condition-pressure=2.00e-07.csv
Depth averaged turbulent dissipation = 0.018987
Ratio = 0.940252
280.042644739151
Setting constant concentration for Diatoms @ 200
No initial condition for this pressure gradient --> using default!
Using initial condition from ../initial_condition/initial_condition-pressure=2.00e-07.csv
Depth averaged turbulent dissipation = 0.018987
Ratio = 1.205703
212.1511197090149
Setting constant concentration for Diatoms @ 200
No initial condition for this pressure gradient --> using default!
Using initial condition from ../initial_condition/initial_condition-pressure=2.00e-07.csv
Depth averaged turbulent dissipation = 0.018987
Ratio = 4.299461
265.2857210636139
Setting constant concentration for Diatoms @ 200
No initial condition for this pressure gradient --> using default!
Using initial condition from ../initial_condition/initial_condition-pressure=2.00e-07.csv
Depth averaged turbulent dissipation = 0.018987
Ratio = 3.765523
165.9676320552826
Setting constant concentration for Diatoms @ 200
No initial condition for this pressure gradient --> using default!
Using initial condition from ../initial_condition/initial_condition-pressure=2.00e-07.csv
Depth averaged turbulent dissipation = 0.018987
Ratio = 1.207485
240.05269074440002
Setting constant concentration for Diatoms @ 200
No initial condition for this pressure gradient --> using default!
Using initial condition from ../initial_condition/initial_condition-pressure=2.00e-07.csv
Depth averaged turbulent dissipation = 0.018987
Ratio = 1.064379
238.96668028831482
Setting constant concentration for Diatoms @ 200
No initial condition for this pressure gradient --> using default!
Using initial condition from ../initial_condition/initial_condition-pressure=2.00e-07.csv
Depth averaged turbulent dissipation = 0.018987
Ratio = 1.171899
191.2668640613556
Setting constant concentration for Diatoms @ 200
No initial condition for this pressure gradient --> using default!
Using initial condition from ../initial_condition/initial_condition-pressure=2.00e-07.csv
Depth averaged turbulent dissipation = 0.018987
Ratio = 7.190704
246.14103174209595
Setting constant concentration for Diatoms @ 200
No initial condition for this pressure gradient --> using default!
Using initial condition from ../initial_condition/initial_condition-pressure=2.00e-07.csv
Depth averaged turbulent dissipation = 0.018987
Ratio = 2.347200
162.99531888961792
Setting constant concentration for Diatoms @ 200
No initial condition for this pressure gradient --> using default!
Using initial condition from ../initial_condition/initial_condition-pressure=2.00e-07.csv
Depth averaged turbulent dissipation = 0.018987
Ratio = 7.993617
159.7370526790619
Setting constant concentration for Diatoms @ 200
No initial condition for this pressure gradient --> using default!
Using initial condition from ../initial_condition/initial_condition-pressure=2.00e-07.csv
Depth averaged turbulent dissipation = 0.018987
Ratio = 3.775430
244.91152906417847
Setting constant concentration for Diatoms @ 200
No initial condition for this pressure gradient --> using default!
Using initial condition from ../initial_condition/initial_condition-pressure=2.00e-07.csv
Depth averaged turbulent dissipation = 0.018987
Ratio = 2.909802
197.14497995376587
Setting constant concentration for Diatoms @ 200
No initial condition for this pressure gradient --> using default!
Using initial condition from ../initial_condition/initial_condition-pressure=2.00e-07.csv
Depth averaged turbulent dissipation = 0.018987
Ratio = 7.227072
192.32049989700317
Setting constant concentration for Diatoms @ 200
No initial condition for this pressure gradient --> using default!
Using initial condition from ../initial_condition/initial_condition-pressure=2.00e-07.csv
Depth averaged turbulent dissipation = 0.018987
Ratio = 12.176965
241.5319061279297
Setting constant concentration for Diatoms @ 200
No initial condition for this pressure gradient --> using default!
Using initial condition from ../initial_condition/initial_condition-pressure=2.00e-07.csv
Depth averaged turbulent dissipation = 0.018987
Ratio = 9.359917
165.3931543827057
Setting constant concentration for Diatoms @ 200
No initial condition for this pressure gradient --> using default!
Using initial condition from ../initial_condition/initial_condition-pressure=2.00e-07.csv
Depth averaged turbulent dissipation = 0.018987
Ratio = 13.980921
191.31964921951294
Setting constant concentration for Diatoms @ 200
No initial condition for this pressure gradient --> using default!
Using initial condition from ../initial_condition/initial_condition-pressure=2.00e-07.csv
Depth averaged turbulent dissipation = 0.018987
Ratio = 2.917638
274.9714744091034
Setting constant concentration for Diatoms @ 200
No initial condition for this pressure gradient --> using default!
Using initial condition from ../initial_condition/initial_condition-pressure=2.00e-07.csv
Depth averaged turbulent dissipation = 0.018987
Ratio = 1.365955
211.57300519943237
Setting constant concentration for Diatoms @ 200
No initial condition for this pressure gradient --> using default!
Using initial condition from ../initial_condition/initial_condition-pressure=2.00e-07.csv
Depth averaged turbulent dissipation = 0.018987
Ratio = 9.947744
258.18681955337524
Setting constant concentration for Diatoms @ 200
No initial condition for this pressure gradient --> using default!
Using initial condition from ../initial_condition/initial_condition-pressure=2.00e-07.csv
Depth averaged turbulent dissipation = 0.018987
Ratio = 1.205258
241.00034046173096
Setting constant concentration for Diatoms @ 200
No initial condition for this pressure gradient --> using default!
Using initial condition from ../initial_condition/initial_condition-pressure=2.00e-07.csv
Depth averaged turbulent dissipation = 0.018987
Ratio = 8.233016
242.05249214172363
Setting constant concentration for Diatoms @ 200
No initial condition for this pressure gradient --> using default!
Using initial condition from ../initial_condition/initial_condition-pressure=2.00e-07.csv
Depth averaged turbulent dissipation = 0.018987
Ratio = 1.551367
160.24550533294678
Setting constant concentration for Diatoms @ 200
No initial condition for this pressure gradient --> using default!
Using initial condition from ../initial_condition/initial_condition-pressure=2.00e-07.csv
Depth averaged turbulent dissipation = 0.018987
Ratio = 8.226756
278.21532583236694
Setting constant concentration for Diatoms @ 200
No initial condition for this pressure gradient --> using default!
Using initial condition from ../initial_condition/initial_condition-pressure=2.00e-07.csv
Depth averaged turbulent dissipation = 0.018987
Ratio = 4.282509
220.69811725616455
Setting constant concentration for Diatoms @ 200
No initial condition for this pressure gradient --> using default!
Using initial condition from ../initial_condition/initial_condition-pressure=2.00e-07.csv
Depth averaged turbulent dissipation = 0.018987
Ratio = 0.546438
211.1083323955536
Setting constant concentration for Diatoms @ 200
No initial condition for this pressure gradient --> using default!
Using initial condition from ../initial_condition/initial_condition-pressure=2.00e-07.csv
Depth averaged turbulent dissipation = 0.018987
Ratio = 0.940460
204.1293749809265
Setting constant concentration for Diatoms @ 200
No initial condition for this pressure gradient --> using default!
Using initial condition from ../initial_condition/initial_condition-pressure=2.00e-07.csv
Depth averaged turbulent dissipation = 0.018987
Ratio = 3.315606
194.91973328590393
Setting constant concentration for Diatoms @ 200
No initial condition for this pressure gradient --> using default!
Using initial condition from ../initial_condition/initial_condition-pressure=2.00e-07.csv
Depth averaged turbulent dissipation = 0.018987
Ratio = 1.995202
253.84316563606262
Setting constant concentration for Diatoms @ 200
No initial condition for this pressure gradient --> using default!
Using initial condition from ../initial_condition/initial_condition-pressure=2.00e-07.csv
Depth averaged turbulent dissipation = 0.018987
Ratio = 1.364746
161.37058544158936
Setting constant concentration for Diatoms @ 200
No initial condition for this pressure gradient --> using default!
Using initial condition from ../initial_condition/initial_condition-pressure=2.00e-07.csv
Depth averaged turbulent dissipation = 0.018987
Ratio = 0.636105
302.1326684951782
Setting constant concentration for Diatoms @ 200
No initial condition for this pressure gradient --> using default!
Using initial condition from ../initial_condition/initial_condition-pressure=2.00e-07.csv
Depth averaged turbulent dissipation = 0.018987
Ratio = 0.940979
161.50423550605774
Setting constant concentration for Diatoms @ 200
No initial condition for this pressure gradient --> using default!
Using initial condition from ../initial_condition/initial_condition-pressure=2.00e-07.csv
Depth averaged turbulent dissipation = 0.018987
Ratio = 6.016885
166.81858372688293
Setting constant concentration for Diatoms @ 200
No initial condition for this pressure gradient --> using default!
Using initial condition from ../initial_condition/initial_condition-pressure=2.00e-07.csv
Depth averaged turbulent dissipation = 0.018987
Ratio = 1.146646
221.23657369613647
Setting constant concentration for Diatoms @ 200
No initial condition for this pressure gradient --> using default!
Using initial condition from ../initial_condition/initial_condition-pressure=2.00e-07.csv
Depth averaged turbulent dissipation = 0.018987
Ratio = 0.713787
162.99690628051758
Setting constant concentration for Diatoms @ 200
No initial condition for this pressure gradient --> using default!
Using initial condition from ../initial_condition/initial_condition-pressure=2.00e-07.csv
Depth averaged turbulent dissipation = 0.018987
Ratio = 7.645613
196.07054162025452
Setting constant concentration for Diatoms @ 200
No initial condition for this pressure gradient --> using default!
Using initial condition from ../initial_condition/initial_condition-pressure=2.00e-07.csv
Depth averaged turbulent dissipation = 0.018987
Ratio = 2.911106
170.6841893196106
Setting constant concentration for Diatoms @ 200
No initial condition for this pressure gradient --> using default!
Using initial condition from ../initial_condition/initial_condition-pressure=2.00e-07.csv
Depth averaged turbulent dissipation = 0.018987
Ratio = 1.349760
191.92009854316711
Setting constant concentration for Diatoms @ 200
No initial condition for this pressure gradient --> using default!
Using initial condition from ../initial_condition/initial_condition-pressure=2.00e-07.csv
Depth averaged turbulent dissipation = 0.018987
Ratio = 5.758531
195.62992215156555
Setting constant concentration for Diatoms @ 200
No initial condition for this pressure gradient --> using default!
Using initial condition from ../initial_condition/initial_condition-pressure=2.00e-07.csv
Depth averaged turbulent dissipation = 0.018987
Ratio = 0.795696
233.94391751289368
Setting constant concentration for Diatoms @ 200
No initial condition for this pressure gradient --> using default!
Using initial condition from ../initial_condition/initial_condition-pressure=2.00e-07.csv
Depth averaged turbulent dissipation = 0.018987
Ratio = 1.945702
162.64519500732422
Setting constant concentration for Diatoms @ 200
No initial condition for this pressure gradient --> using default!
Using initial condition from ../initial_condition/initial_condition-pressure=2.00e-07.csv
Depth averaged turbulent dissipation = 0.018987
Ratio = 0.975467
161.72767305374146
Setting constant concentration for Diatoms @ 200
No initial condition for this pressure gradient --> using default!
Using initial condition from ../initial_condition/initial_condition-pressure=2.00e-07.csv
Depth averaged turbulent dissipation = 0.018987
Ratio = 1.736508
272.6680107116699
Setting constant concentration for Diatoms @ 200
No initial condition for this pressure gradient --> using default!
Using initial condition from ../initial_condition/initial_condition-pressure=2.00e-07.csv
Depth averaged turbulent dissipation = 0.018987
Ratio = 0.831186
195.68320870399475
Setting constant concentration for Diatoms @ 200
No initial condition for this pressure gradient --> using default!
Using initial condition from ../initial_condition/initial_condition-pressure=2.00e-07.csv
Depth averaged turbulent dissipation = 0.018987
Ratio = 3.027988
163.2637505531311
Setting constant concentration for Diatoms @ 200
No initial condition for this pressure gradient --> using default!
Using initial condition from ../initial_condition/initial_condition-pressure=2.00e-07.csv
Depth averaged turbulent dissipation = 0.018987
Ratio = 1.995870
207.39926600456238
Setting constant concentration for Diatoms @ 200
No initial condition for this pressure gradient --> using default!
Using initial condition from ../initial_condition/initial_condition-pressure=2.00e-07.csv
Depth averaged turbulent dissipation = 0.018987
Ratio = 3.745452
229.85150742530823
Setting constant concentration for Diatoms @ 200
No initial condition for this pressure gradient --> using default!
Using initial condition from ../initial_condition/initial_condition-pressure=2.00e-07.csv
Depth averaged turbulent dissipation = 0.018987
Ratio = 9.352437
198.545179605484
Setting constant concentration for Diatoms @ 200
No initial condition for this pressure gradient --> using default!
Using initial condition from ../initial_condition/initial_condition-pressure=2.00e-07.csv
Depth averaged turbulent dissipation = 0.018987
Ratio = 6.307551
288.1317718029022
Setting constant concentration for Diatoms @ 200
No initial condition for this pressure gradient --> using default!
Using initial condition from ../initial_condition/initial_condition-pressure=2.00e-07.csv
Depth averaged turbulent dissipation = 0.018987
Ratio = 1.417596
193.1425817012787
Setting constant concentration for Diatoms @ 200
No initial condition for this pressure gradient --> using default!
Using initial condition from ../initial_condition/initial_condition-pressure=2.00e-07.csv
Depth averaged turbulent dissipation = 0.018987
Ratio = 2.257971
191.3418047428131
Setting constant concentration for Diatoms @ 200
No initial condition for this pressure gradient --> using default!
Using initial condition from ../initial_condition/initial_condition-pressure=2.00e-07.csv
Depth averaged turbulent dissipation = 0.018987
Ratio = 4.887305
274.8709514141083
Setting constant concentration for Diatoms @ 200
No initial condition for this pressure gradient --> using default!
Using initial condition from ../initial_condition/initial_condition-pressure=2.00e-07.csv
Depth averaged turbulent dissipation = 0.018987
Ratio = 7.221861
206.06531047821045
Setting constant concentration for Diatoms @ 200
No initial condition for this pressure gradient --> using default!
Using initial condition from ../initial_condition/initial_condition-pressure=2.00e-07.csv
Depth averaged turbulent dissipation = 0.018987
Ratio = 1.018815
169.4895441532135
Setting constant concentration for Diatoms @ 200
No initial condition for this pressure gradient --> using default!
Using initial condition from ../initial_condition/initial_condition-pressure=2.00e-07.csv
Depth averaged turbulent dissipation = 0.018987
Ratio = 6.298974
166.29707098007202
Setting constant concentration for Diatoms @ 200
No initial condition for this pressure gradient --> using default!
Using initial condition from ../initial_condition/initial_condition-pressure=2.00e-07.csv
Depth averaged turbulent dissipation = 0.018987
Ratio = 2.598299
270.28789949417114
Setting constant concentration for Diatoms @ 200
No initial condition for this pressure gradient --> using default!
Using initial condition from ../initial_condition/initial_condition-pressure=2.00e-07.csv
Depth averaged turbulent dissipation = 0.018987
Ratio = 11.355658
164.1488962173462
Setting constant concentration for Diatoms @ 200
No initial condition for this pressure gradient --> using default!
Using initial condition from ../initial_condition/initial_condition-pressure=2.00e-07.csv
Depth averaged turbulent dissipation = 0.018987
Ratio = 0.650051
193.98487615585327
Setting constant concentration for Diatoms @ 200
No initial condition for this pressure gradient --> using default!
Using initial condition from ../initial_condition/initial_condition-pressure=2.00e-07.csv
Depth averaged turbulent dissipation = 0.018987
Ratio = 1.753310
198.05779242515564
Setting constant concentration for Diatoms @ 200
No initial condition for this pressure gradient --> using default!
Using initial condition from ../initial_condition/initial_condition-pressure=2.00e-07.csv
Depth averaged turbulent dissipation = 0.018987
Ratio = 2.207656
162.90658450126648
Setting constant concentration for Diatoms @ 200
No initial condition for this pressure gradient --> using default!
Using initial condition from ../initial_condition/initial_condition-pressure=2.00e-07.csv
Depth averaged turbulent dissipation = 0.018987
Ratio = 1.206816
168.5692708492279
Setting constant concentration for Diatoms @ 200
No initial condition for this pressure gradient --> using default!
Using initial condition from ../initial_condition/initial_condition-pressure=2.00e-07.csv
Depth averaged turbulent dissipation = 0.018987
Ratio = 1.903771
190.4281623363495
Setting constant concentration for Diatoms @ 200
No initial condition for this pressure gradient --> using default!
Using initial condition from ../initial_condition/initial_condition-pressure=2.00e-07.csv
Depth averaged turbulent dissipation = 0.018987
Ratio = 6.561379
232.57223963737488
Setting constant concentration for Diatoms @ 200
No initial condition for this pressure gradient --> using default!
Using initial condition from ../initial_condition/initial_condition-pressure=2.00e-07.csv
Depth averaged turbulent dissipation = 0.018987
Ratio = 1.756951
197.1078028678894
Setting constant concentration for Diatoms @ 200
No initial condition for this pressure gradient --> using default!
Using initial condition from ../initial_condition/initial_condition-pressure=2.00e-07.csv
Depth averaged turbulent dissipation = 0.018987
Ratio = 5.557087
165.50135040283203
Setting constant concentration for Diatoms @ 200
No initial condition for this pressure gradient --> using default!
Using initial condition from ../initial_condition/initial_condition-pressure=2.00e-07.csv
Depth averaged turbulent dissipation = 0.018987
Ratio = 1.064693
205.36283612251282
Setting constant concentration for Diatoms @ 200
No initial condition for this pressure gradient --> using default!
Using initial condition from ../initial_condition/initial_condition-pressure=2.00e-07.csv
Depth averaged turbulent dissipation = 0.018987
Ratio = 3.153177
287.7597794532776
Setting constant concentration for Diatoms @ 200
No initial condition for this pressure gradient --> using default!
Using initial condition from ../initial_condition/initial_condition-pressure=2.00e-07.csv
Depth averaged turbulent dissipation = 0.018987
Ratio = 6.337697
166.3127121925354
Setting constant concentration for Diatoms @ 200
No initial condition for this pressure gradient --> using default!
Using initial condition from ../initial_condition/initial_condition-pressure=2.00e-07.csv
Depth averaged turbulent dissipation = 0.018987
Ratio = 6.279356
197.30878353118896
Setting constant concentration for Diatoms @ 200
No initial condition for this pressure gradient --> using default!
Using initial condition from ../initial_condition/initial_condition-pressure=2.00e-07.csv
Depth averaged turbulent dissipation = 0.018987
Ratio = 1.548955
195.95257091522217
Setting constant concentration for Diatoms @ 200
No initial condition for this pressure gradient --> using default!
Using initial condition from ../initial_condition/initial_condition-pressure=2.00e-07.csv
Depth averaged turbulent dissipation = 0.018987
Ratio = 4.863792
208.27675890922546
Setting constant concentration for Diatoms @ 200
No initial condition for this pressure gradient --> using default!
Using initial condition from ../initial_condition/initial_condition-pressure=2.00e-07.csv
Depth averaged turbulent dissipation = 0.018987
Ratio = 2.774519
235.92951130867004
Setting constant concentration for Diatoms @ 200
No initial condition for this pressure gradient --> using default!
Using initial condition from ../initial_condition/initial_condition-pressure=2.00e-07.csv
Depth averaged turbulent dissipation = 0.018987
Ratio = 3.585056
231.2697193622589
Setting constant concentration for Diatoms @ 200
No initial condition for this pressure gradient --> using default!
Using initial condition from ../initial_condition/initial_condition-pressure=2.00e-07.csv
Depth averaged turbulent dissipation = 0.018987
Ratio = 2.264704
278.09438467025757
Setting constant concentration for Diatoms @ 200
No initial condition for this pressure gradient --> using default!
Using initial condition from ../initial_condition/initial_condition-pressure=2.00e-07.csv
Depth averaged turbulent dissipation = 0.018987
Ratio = 1.989209
223.71706461906433
Setting constant concentration for Diatoms @ 200
No initial condition for this pressure gradient --> using default!
Using initial condition from ../initial_condition/initial_condition-pressure=2.00e-07.csv
Depth averaged turbulent dissipation = 0.018987
Ratio = 7.820325
195.24350905418396
Setting constant concentration for Diatoms @ 200
No initial condition for this pressure gradient --> using default!
Using initial condition from ../initial_condition/initial_condition-pressure=2.00e-07.csv
Depth averaged turbulent dissipation = 0.018987
Ratio = 12.198401
227.403222322464
Setting constant concentration for Diatoms @ 200
No initial condition for this pressure gradient --> using default!
Using initial condition from ../initial_condition/initial_condition-pressure=2.00e-07.csv
Depth averaged turbulent dissipation = 0.018987
Ratio = 2.337904
164.36286306381226
Setting constant concentration for Diatoms @ 200
No initial condition for this pressure gradient --> using default!
Using initial condition from ../initial_condition/initial_condition-pressure=2.00e-07.csv
Depth averaged turbulent dissipation = 0.018987
Ratio = 1.409980
171.67029428482056
Setting constant concentration for Diatoms @ 200
No initial condition for this pressure gradient --> using default!
Using initial condition from ../initial_condition/initial_condition-pressure=2.00e-07.csv
Depth averaged turbulent dissipation = 0.018987
Ratio = 8.195553
195.03130292892456
Setting constant concentration for Diatoms @ 200
No initial condition for this pressure gradient --> using default!
Using initial condition from ../initial_condition/initial_condition-pressure=2.00e-07.csv
Depth averaged turbulent dissipation = 0.018987
Ratio = 2.888852
167.26001834869385
Setting constant concentration for Diatoms @ 200
No initial condition for this pressure gradient --> using default!
Using initial condition from ../initial_condition/initial_condition-pressure=2.00e-07.csv
Depth averaged turbulent dissipation = 0.018987
Ratio = 0.940875
200.347886800766
Setting constant concentration for Diatoms @ 200
No initial condition for this pressure gradient --> using default!
Using initial condition from ../initial_condition/initial_condition-pressure=2.00e-07.csv
Depth averaged turbulent dissipation = 0.018987
Ratio = 1.530648
266.8783187866211
Setting constant concentration for Diatoms @ 200
No initial condition for this pressure gradient --> using default!
Using initial condition from ../initial_condition/initial_condition-pressure=2.00e-07.csv
Depth averaged turbulent dissipation = 0.018987
Ratio = 4.860864
202.66206073760986
Setting constant concentration for Diatoms @ 200
No initial condition for this pressure gradient --> using default!
Using initial condition from ../initial_condition/initial_condition-pressure=2.00e-07.csv
Depth averaged turbulent dissipation = 0.018987
Ratio = 3.320455
196.48210334777832
Setting constant concentration for Diatoms @ 200
No initial condition for this pressure gradient --> using default!
Using initial condition from ../initial_condition/initial_condition-pressure=2.00e-07.csv
Depth averaged turbulent dissipation = 0.018987
Ratio = 0.734829
250.3161587715149
Setting constant concentration for Diatoms @ 200
No initial condition for this pressure gradient --> using default!
Using initial condition from ../initial_condition/initial_condition-pressure=2.00e-07.csv
Depth averaged turbulent dissipation = 0.018987
Ratio = 1.205481
169.3812346458435
Setting constant concentration for Diatoms @ 200
No initial condition for this pressure gradient --> using default!
Using initial condition from ../initial_condition/initial_condition-pressure=2.00e-07.csv
Depth averaged turbulent dissipation = 0.018987
Ratio = 0.880839
166.76698970794678
Setting constant concentration for Diatoms @ 200
No initial condition for this pressure gradient --> using default!
Using initial condition from ../initial_condition/initial_condition-pressure=2.00e-07.csv
Depth averaged turbulent dissipation = 0.018987
Ratio = 1.480686
189.92205548286438
Setting constant concentration for Diatoms @ 200
No initial condition for this pressure gradient --> using default!
Using initial condition from ../initial_condition/initial_condition-pressure=2.00e-07.csv
Depth averaged turbulent dissipation = 0.018987
Ratio = 9.520125
204.73490238189697
Setting constant concentration for Diatoms @ 200
No initial condition for this pressure gradient --> using default!
Using initial condition from ../initial_condition/initial_condition-pressure=2.00e-07.csv
Depth averaged turbulent dissipation = 0.018987
Ratio = 2.924193
166.64636874198914
Setting constant concentration for Diatoms @ 200
No initial condition for this pressure gradient --> using default!
Using initial condition from ../initial_condition/initial_condition-pressure=2.00e-07.csv
Depth averaged turbulent dissipation = 0.018987
Ratio = 1.895044
258.80669355392456
Setting constant concentration for Diatoms @ 200
No initial condition for this pressure gradient --> using default!
Using initial condition from ../initial_condition/initial_condition-pressure=2.00e-07.csv
Depth averaged turbulent dissipation = 0.018987
Ratio = 1.707157
194.21890830993652
Setting constant concentration for Diatoms @ 200
No initial condition for this pressure gradient --> using default!
Using initial condition from ../initial_condition/initial_condition-pressure=2.00e-07.csv
Depth averaged turbulent dissipation = 0.018987
Ratio = 0.831678
277.57388043403625
Setting constant concentration for Diatoms @ 200
No initial condition for this pressure gradient --> using default!
Using initial condition from ../initial_condition/initial_condition-pressure=2.00e-07.csv
Depth averaged turbulent dissipation = 0.018987
Ratio = 0.819580
188.16331791877747
Setting constant concentration for Diatoms @ 200
No initial condition for this pressure gradient --> using default!
Using initial condition from ../initial_condition/initial_condition-pressure=2.00e-07.csv
Depth averaged turbulent dissipation = 0.018987
Ratio = 3.163178
193.9022092819214
Setting constant concentration for Diatoms @ 200
No initial condition for this pressure gradient --> using default!
Using initial condition from ../initial_condition/initial_condition-pressure=2.00e-07.csv
Depth averaged turbulent dissipation = 0.018987
Ratio = 13.968055
176.74425148963928
Setting constant concentration for Diatoms @ 200
No initial condition for this pressure gradient --> using default!
Using initial condition from ../initial_condition/initial_condition-pressure=2.00e-07.csv
Depth averaged turbulent dissipation = 0.018987
Ratio = 0.843371
203.77730178833008
Setting constant concentration for Diatoms @ 200
No initial condition for this pressure gradient --> using default!
Using initial condition from ../initial_condition/initial_condition-pressure=2.00e-07.csv
Depth averaged turbulent dissipation = 0.018987
Ratio = 5.177399
200.98833560943604
Setting constant concentration for Diatoms @ 200
No initial condition for this pressure gradient --> using default!
Using initial condition from ../initial_condition/initial_condition-pressure=2.00e-07.csv
Depth averaged turbulent dissipation = 0.018987
Ratio = 7.316876
234.732253074646
Setting constant concentration for Diatoms @ 200
No initial condition for this pressure gradient --> using default!
Using initial condition from ../initial_condition/initial_condition-pressure=2.00e-07.csv
Depth averaged turbulent dissipation = 0.018987
Ratio = 6.158418
169.60243797302246
Setting constant concentration for Diatoms @ 200
No initial condition for this pressure gradient --> using default!
Using initial condition from ../initial_condition/initial_condition-pressure=2.00e-07.csv
Depth averaged turbulent dissipation = 0.018987
Ratio = 2.505941
167.84284567832947
Setting constant concentration for Diatoms @ 200
No initial condition for this pressure gradient --> using default!
Using initial condition from ../initial_condition/initial_condition-pressure=2.00e-07.csv
Depth averaged turbulent dissipation = 0.018987
Ratio = 3.309158
206.30632257461548
Setting constant concentration for Diatoms @ 200
No initial condition for this pressure gradient --> using default!
Using initial condition from ../initial_condition/initial_condition-pressure=2.00e-07.csv
Depth averaged turbulent dissipation = 0.018987
Ratio = 4.292184
167.83373188972473
Setting constant concentration for Diatoms @ 200
No initial condition for this pressure gradient --> using default!
Using initial condition from ../initial_condition/initial_condition-pressure=2.00e-07.csv
Depth averaged turbulent dissipation = 0.018987
Ratio = 6.855926
228.1872181892395
Setting constant concentration for Diatoms @ 200
No initial condition for this pressure gradient --> using default!
Using initial condition from ../initial_condition/initial_condition-pressure=2.00e-07.csv
Depth averaged turbulent dissipation = 0.018987
Ratio = 1.970887
235.56097412109375
Setting constant concentration for Diatoms @ 200
No initial condition for this pressure gradient --> using default!
Using initial condition from ../initial_condition/initial_condition-pressure=2.00e-07.csv
Depth averaged turbulent dissipation = 0.018987
Ratio = 8.915469
193.8591296672821
Setting constant concentration for Diatoms @ 200
No initial condition for this pressure gradient --> using default!
Using initial condition from ../initial_condition/initial_condition-pressure=2.00e-07.csv
Depth averaged turbulent dissipation = 0.018987
Ratio = 2.287335
206.3520245552063
Setting constant concentration for Diatoms @ 200
No initial condition for this pressure gradient --> using default!
Using initial condition from ../initial_condition/initial_condition-pressure=2.00e-07.csv
Depth averaged turbulent dissipation = 0.018987
Ratio = 0.650053
200.17132472991943
Setting constant concentration for Diatoms @ 200
No initial condition for this pressure gradient --> using default!
Using initial condition from ../initial_condition/initial_condition-pressure=2.00e-07.csv
Depth averaged turbulent dissipation = 0.018987
Ratio = 0.900185
174.83242988586426
Setting constant concentration for Diatoms @ 200
No initial condition for this pressure gradient --> using default!
Using initial condition from ../initial_condition/initial_condition-pressure=2.00e-07.csv
Depth averaged turbulent dissipation = 0.018987
Ratio = 9.404964
167.25113487243652
Setting constant concentration for Diatoms @ 200
No initial condition for this pressure gradient --> using default!
Using initial condition from ../initial_condition/initial_condition-pressure=2.00e-07.csv
Depth averaged turbulent dissipation = 0.018987
Ratio = 2.714504
198.9403839111328
Setting constant concentration for Diatoms @ 200
No initial condition for this pressure gradient --> using default!
Using initial condition from ../initial_condition/initial_condition-pressure=2.00e-07.csv
Depth averaged turbulent dissipation = 0.018987
Ratio = 2.567485
173.1806755065918
Setting constant concentration for Diatoms @ 200
No initial condition for this pressure gradient --> using default!
Using initial condition from ../initial_condition/initial_condition-pressure=2.00e-07.csv
Depth averaged turbulent dissipation = 0.018987
Ratio = 5.633500
169.15519642829895
Setting constant concentration for Diatoms @ 200
No initial condition for this pressure gradient --> using default!
Using initial condition from ../initial_condition/initial_condition-pressure=2.00e-07.csv
Depth averaged turbulent dissipation = 0.018987
Ratio = 8.201781
199.74252104759216
Setting constant concentration for Diatoms @ 200
No initial condition for this pressure gradient --> using default!
Using initial condition from ../initial_condition/initial_condition-pressure=2.00e-07.csv
Depth averaged turbulent dissipation = 0.018987
Ratio = 3.322073
209.57033014297485
Setting constant concentration for Diatoms @ 200
No initial condition for this pressure gradient --> using default!
Using initial condition from ../initial_condition/initial_condition-pressure=2.00e-07.csv
Depth averaged turbulent dissipation = 0.018987
Ratio = 2.023264
208.3610987663269
Setting constant concentration for Diatoms @ 200
No initial condition for this pressure gradient --> using default!
Using initial condition from ../initial_condition/initial_condition-pressure=2.00e-07.csv
Depth averaged turbulent dissipation = 0.018987
Ratio = 1.034644
170.80630922317505
Setting constant concentration for Diatoms @ 200
No initial condition for this pressure gradient --> using default!
Using initial condition from ../initial_condition/initial_condition-pressure=2.00e-07.csv
Depth averaged turbulent dissipation = 0.018987
Ratio = 1.204814
169.73882174491882
Setting constant concentration for Diatoms @ 200
No initial condition for this pressure gradient --> using default!
Using initial condition from ../initial_condition/initial_condition-pressure=2.00e-07.csv
Depth averaged turbulent dissipation = 0.018987
Ratio = 0.941292
174.1275510787964
Setting constant concentration for Diatoms @ 200
No initial condition for this pressure gradient --> using default!
Using initial condition from ../initial_condition/initial_condition-pressure=2.00e-07.csv
Depth averaged turbulent dissipation = 0.018987
Ratio = 2.296529
177.213711977005
Setting constant concentration for Diatoms @ 200
No initial condition for this pressure gradient --> using default!
Using initial condition from ../initial_condition/initial_condition-pressure=2.00e-07.csv
Depth averaged turbulent dissipation = 0.018987
Ratio = 1.744803
198.1016445159912
Setting constant concentration for Diatoms @ 200
No initial condition for this pressure gradient --> using default!
Using initial condition from ../initial_condition/initial_condition-pressure=2.00e-07.csv
Depth averaged turbulent dissipation = 0.018987
Ratio = 1.598974
178.45061206817627
Setting constant concentration for Diatoms @ 200
No initial condition for this pressure gradient --> using default!
Using initial condition from ../initial_condition/initial_condition-pressure=2.00e-07.csv
Depth averaged turbulent dissipation = 0.018987
Ratio = 0.735157
197.27283883094788
Setting constant concentration for Diatoms @ 200
No initial condition for this pressure gradient --> using default!
Using initial condition from ../initial_condition/initial_condition-pressure=2.00e-07.csv
Depth averaged turbulent dissipation = 0.018987
Ratio = 1.080679
203.95225620269775
Setting constant concentration for Diatoms @ 200
No initial condition for this pressure gradient --> using default!
Using initial condition from ../initial_condition/initial_condition-pressure=2.00e-07.csv
Depth averaged turbulent dissipation = 0.018987
Ratio = 5.546396
178.46578741073608
Setting constant concentration for Diatoms @ 200
No initial condition for this pressure gradient --> using default!
Using initial condition from ../initial_condition/initial_condition-pressure=2.00e-07.csv
Depth averaged turbulent dissipation = 0.018987
Ratio = 1.448802
211.32840204238892
Setting constant concentration for Diatoms @ 200
No initial condition for this pressure gradient --> using default!
Using initial condition from ../initial_condition/initial_condition-pressure=2.00e-07.csv
Depth averaged turbulent dissipation = 0.018987
Ratio = 3.828292
174.106769323349
Setting constant concentration for Diatoms @ 200
No initial condition for this pressure gradient --> using default!
Using initial condition from ../initial_condition/initial_condition-pressure=2.00e-07.csv
Depth averaged turbulent dissipation = 0.018987
Ratio = 0.831370
175.15551686286926
Setting constant concentration for Diatoms @ 200
No initial condition for this pressure gradient --> using default!
Using initial condition from ../initial_condition/initial_condition-pressure=2.00e-07.csv
Depth averaged turbulent dissipation = 0.018987
Ratio = 0.941396
174.27808690071106
Setting constant concentration for Diatoms @ 200
No initial condition for this pressure gradient --> using default!
Using initial condition from ../initial_condition/initial_condition-pressure=2.00e-07.csv
Depth averaged turbulent dissipation = 0.018987
Ratio = 5.282851
178.15697622299194
Setting constant concentration for Diatoms @ 200
No initial condition for this pressure gradient --> using default!
Using initial condition from ../initial_condition/initial_condition-pressure=2.00e-07.csv
Depth averaged turbulent dissipation = 0.018987
Ratio = 0.941084
175.1116373538971
Setting constant concentration for Diatoms @ 200
No initial condition for this pressure gradient --> using default!
Using initial condition from ../initial_condition/initial_condition-pressure=2.00e-07.csv
Depth averaged turbulent dissipation = 0.018987
Ratio = 13.955205
179.515319108963
