pmax: 0.0005
ws: -1e-05
pmax: 0.0005
ws: -9.166666666666668e-06
pmax: 0.0005
ws: -8.333333333333334e-06
pmax: 0.0005
ws: -7.500000000000001e-06
pmax: 0.0005
ws: -6.666666666666667e-06
pmax: 0.0005
ws: -5.833333333333334e-06
pmax: 0.0005
ws: -5e-06
pmax: 0.0005
ws: -4.166666666666667e-06
pmax: 0.0005
ws: -3.3333333333333333e-06
pmax: 0.0005
ws: -2.4999999999999998e-06
pmax: 0.0005
ws: -1.666666666666667e-06
pmax: 0.0005
ws: -8.333333333333327e-07
pmax: 0.0005
ws: 0.0
pmax: 0.0005
ws: 8.333333333333344e-07
pmax: 0.0005
ws: 1.666666666666667e-06
pmax: 0.0005
ws: 2.5000000000000015e-06
pmax: 0.0005
ws: 3.333333333333334e-06
pmax: 0.0005
ws: 4.166666666666667e-06
pmax: 0.0005
ws: 5.000000000000001e-06
pmax: 0.0005
ws: 5.833333333333336e-06
pmax: 0.0005
ws: 6.666666666666667e-06
pmax: 0.0005
ws: 7.500000000000001e-06
pmax: 0.0005
ws: 8.333333333333335e-06
pmax: 0.0005
ws: 9.16666666666667e-06
pmax: 0.0005
ws: 1e-05
pmax: 0.0213125
ws: -1e-05
pmax: 0.0213125
ws: -9.166666666666668e-06
pmax: 0.0213125
ws: -8.333333333333334e-06
pmax: 0.0213125
ws: -7.500000000000001e-06
pmax: 0.0213125
ws: -6.666666666666667e-06
pmax: 0.0213125
ws: -5.833333333333334e-06
pmax: 0.0213125
ws: -5e-06
pmax: 0.0213125
ws: -4.166666666666667e-06
pmax: 0.0213125
ws: -3.3333333333333333e-06
pmax: 0.0213125
ws: -2.4999999999999998e-06
pmax: 0.0213125
ws: -1.666666666666667e-06
pmax: 0.0213125
ws: -8.333333333333327e-07
pmax: 0.0213125
ws: 0.0
pmax: 0.0213125
ws: 8.333333333333344e-07
pmax: 0.0213125
ws: 1.666666666666667e-06
pmax: 0.0213125
ws: 2.5000000000000015e-06
pmax: 0.0213125
ws: 3.333333333333334e-06
pmax: 0.0213125
ws: 4.166666666666667e-06
pmax: 0.0213125
ws: 5.000000000000001e-06
pmax: 0.0213125
ws: 5.833333333333336e-06
pmax: 0.0213125
ws: 6.666666666666667e-06
pmax: 0.0213125
ws: 7.500000000000001e-06
pmax: 0.0213125
ws: 8.333333333333335e-06
pmax: 0.0213125
ws: 9.16666666666667e-06
pmax: 0.0213125
ws: 1e-05
pmax: 0.042125
ws: -1e-05
pmax: 0.042125
ws: -9.166666666666668e-06
pmax: 0.042125
ws: -8.333333333333334e-06
pmax: 0.042125
ws: -7.500000000000001e-06
pmax: 0.042125
ws: -6.666666666666667e-06
pmax: 0.042125
ws: -5.833333333333334e-06
pmax: 0.042125
ws: -5e-06
pmax: 0.042125
ws: -4.166666666666667e-06
pmax: 0.042125
ws: -3.3333333333333333e-06
pmax: 0.042125
ws: -2.4999999999999998e-06
pmax: 0.042125
ws: -1.666666666666667e-06
pmax: 0.042125
ws: -8.333333333333327e-07
pmax: 0.042125
ws: 0.0
pmax: 0.042125
ws: 8.333333333333344e-07
pmax: 0.042125
ws: 1.666666666666667e-06
pmax: 0.042125
ws: 2.5000000000000015e-06
pmax: 0.042125
ws: 3.333333333333334e-06
pmax: 0.042125
ws: 4.166666666666667e-06
pmax: 0.042125
ws: 5.000000000000001e-06
pmax: 0.042125
ws: 5.833333333333336e-06
pmax: 0.042125
ws: 6.666666666666667e-06
pmax: 0.042125
ws: 7.500000000000001e-06
pmax: 0.042125
ws: 8.333333333333335e-06
pmax: 0.042125
ws: 9.16666666666667e-06
pmax: 0.042125
ws: 1e-05
pmax: 0.06293750000000001
ws: -1e-05
pmax: 0.06293750000000001
ws: -9.166666666666668e-06
pmax: 0.06293750000000001
ws: -8.333333333333334e-06
pmax: 0.06293750000000001
ws: -7.500000000000001e-06
pmax: 0.06293750000000001
ws: -6.666666666666667e-06
pmax: 0.06293750000000001
ws: -5.833333333333334e-06
pmax: 0.06293750000000001
ws: -5e-06
pmax: 0.06293750000000001
ws: -4.166666666666667e-06
pmax: 0.06293750000000001
ws: -3.3333333333333333e-06
pmax: 0.06293750000000001
ws: -2.4999999999999998e-06
pmax: 0.06293750000000001
ws: -1.666666666666667e-06
pmax: 0.06293750000000001
ws: -8.333333333333327e-07
pmax: 0.06293750000000001
ws: 0.0
pmax: 0.06293750000000001
ws: 8.333333333333344e-07
pmax: 0.06293750000000001
ws: 1.666666666666667e-06
pmax: 0.06293750000000001
ws: 2.5000000000000015e-06
pmax: 0.06293750000000001
ws: 3.333333333333334e-06
pmax: 0.06293750000000001
ws: 4.166666666666667e-06
pmax: 0.06293750000000001
ws: 5.000000000000001e-06
pmax: 0.06293750000000001
ws: 5.833333333333336e-06
pmax: 0.06293750000000001
ws: 6.666666666666667e-06
pmax: 0.06293750000000001
ws: 7.500000000000001e-06
pmax: 0.06293750000000001
ws: 8.333333333333335e-06
pmax: 0.06293750000000001
ws: 9.16666666666667e-06
pmax: 0.06293750000000001
ws: 1e-05
pmax: 0.08375
ws: -1e-05
pmax: 0.08375
ws: -9.166666666666668e-06
pmax: 0.08375
ws: -8.333333333333334e-06
pmax: 0.08375
ws: -7.500000000000001e-06
pmax: 0.08375
ws: -6.666666666666667e-06
pmax: 0.08375
ws: -5.833333333333334e-06
pmax: 0.08375
ws: -5e-06
pmax: 0.08375
ws: -4.166666666666667e-06
pmax: 0.08375
ws: -3.3333333333333333e-06
pmax: 0.08375
ws: -2.4999999999999998e-06
pmax: 0.08375
ws: -1.666666666666667e-06
pmax: 0.08375
ws: -8.333333333333327e-07
pmax: 0.08375
ws: 0.0
pmax: 0.08375
ws: 8.333333333333344e-07
pmax: 0.08375
ws: 1.666666666666667e-06
pmax: 0.08375
ws: 2.5000000000000015e-06
pmax: 0.08375
ws: 3.333333333333334e-06
pmax: 0.08375
ws: 4.166666666666667e-06
pmax: 0.08375
ws: 5.000000000000001e-06
pmax: 0.08375
ws: 5.833333333333336e-06
pmax: 0.08375
ws: 6.666666666666667e-06
pmax: 0.08375
ws: 7.500000000000001e-06
pmax: 0.08375
ws: 8.333333333333335e-06
pmax: 0.08375
ws: 9.16666666666667e-06
pmax: 0.08375
ws: 1e-05
pmax: 0.1045625
ws: -1e-05
pmax: 0.1045625
ws: -9.166666666666668e-06
pmax: 0.1045625
ws: -8.333333333333334e-06
pmax: 0.1045625
ws: -7.500000000000001e-06
pmax: 0.1045625
ws: -6.666666666666667e-06
pmax: 0.1045625
ws: -5.833333333333334e-06
pmax: 0.1045625
ws: -5e-06
pmax: 0.1045625
ws: -4.166666666666667e-06
pmax: 0.1045625
ws: -3.3333333333333333e-06
pmax: 0.1045625
ws: -2.4999999999999998e-06
pmax: 0.1045625
ws: -1.666666666666667e-06
pmax: 0.1045625
ws: -8.333333333333327e-07
pmax: 0.1045625
ws: 0.0
pmax: 0.1045625
ws: 8.333333333333344e-07
pmax: 0.1045625
ws: 1.666666666666667e-06
pmax: 0.1045625
ws: 2.5000000000000015e-06
pmax: 0.1045625
ws: 3.333333333333334e-06
pmax: 0.1045625
ws: 4.166666666666667e-06
pmax: 0.1045625
ws: 5.000000000000001e-06
pmax: 0.1045625
ws: 5.833333333333336e-06
pmax: 0.1045625
ws: 6.666666666666667e-06
pmax: 0.1045625
ws: 7.500000000000001e-06
pmax: 0.1045625
ws: 8.333333333333335e-06
pmax: 0.1045625
ws: 9.16666666666667e-06
pmax: 0.1045625
ws: 1e-05
pmax: 0.12537500000000001
ws: -1e-05
pmax: 0.12537500000000001
ws: -9.166666666666668e-06
pmax: 0.12537500000000001
ws: -8.333333333333334e-06
pmax: 0.12537500000000001
ws: -7.500000000000001e-06
pmax: 0.12537500000000001
ws: -6.666666666666667e-06
pmax: 0.12537500000000001
ws: -5.833333333333334e-06
pmax: 0.12537500000000001
ws: -5e-06
pmax: 0.12537500000000001
ws: -4.166666666666667e-06
pmax: 0.12537500000000001
ws: -3.3333333333333333e-06
pmax: 0.12537500000000001
ws: -2.4999999999999998e-06
pmax: 0.12537500000000001
ws: -1.666666666666667e-06
pmax: 0.12537500000000001
ws: -8.333333333333327e-07
pmax: 0.12537500000000001
ws: 0.0
pmax: 0.12537500000000001
ws: 8.333333333333344e-07
pmax: 0.12537500000000001
ws: 1.666666666666667e-06
pmax: 0.12537500000000001
ws: 2.5000000000000015e-06
pmax: 0.12537500000000001
ws: 3.333333333333334e-06
pmax: 0.12537500000000001
ws: 4.166666666666667e-06
pmax: 0.12537500000000001
ws: 5.000000000000001e-06
pmax: 0.12537500000000001
ws: 5.833333333333336e-06
pmax: 0.12537500000000001
ws: 6.666666666666667e-06
pmax: 0.12537500000000001
ws: 7.500000000000001e-06
pmax: 0.12537500000000001
ws: 8.333333333333335e-06
pmax: 0.12537500000000001
ws: 9.16666666666667e-06
pmax: 0.12537500000000001
ws: 1e-05
pmax: 0.1461875
ws: -1e-05
pmax: 0.1461875
ws: -9.166666666666668e-06
pmax: 0.1461875
ws: -8.333333333333334e-06
pmax: 0.1461875
ws: -7.500000000000001e-06
pmax: 0.1461875
ws: -6.666666666666667e-06
pmax: 0.1461875
ws: -5.833333333333334e-06
pmax: 0.1461875
ws: -5e-06
pmax: 0.1461875
ws: -4.166666666666667e-06
pmax: 0.1461875
ws: -3.3333333333333333e-06
pmax: 0.1461875
ws: -2.4999999999999998e-06
pmax: 0.1461875
ws: -1.666666666666667e-06
pmax: 0.1461875
ws: -8.333333333333327e-07
pmax: 0.1461875
ws: 0.0
pmax: 0.1461875
ws: 8.333333333333344e-07
pmax: 0.1461875
ws: 1.666666666666667e-06
pmax: 0.1461875
ws: 2.5000000000000015e-06
pmax: 0.1461875
ws: 3.333333333333334e-06
pmax: 0.1461875
ws: 4.166666666666667e-06
pmax: 0.1461875
ws: 5.000000000000001e-06
pmax: 0.1461875
ws: 5.833333333333336e-06
pmax: 0.1461875
ws: 6.666666666666667e-06
pmax: 0.1461875
ws: 7.500000000000001e-06
pmax: 0.1461875
ws: 8.333333333333335e-06
pmax: 0.1461875
ws: 9.16666666666667e-06
pmax: 0.1461875
ws: 1e-05
pmax: 0.167
ws: -1e-05
pmax: 0.167
ws: -9.166666666666668e-06
pmax: 0.167
ws: -8.333333333333334e-06
pmax: 0.167
ws: -7.500000000000001e-06
pmax: 0.167
ws: -6.666666666666667e-06
pmax: 0.167
ws: -5.833333333333334e-06
pmax: 0.167
ws: -5e-06
pmax: 0.167
ws: -4.166666666666667e-06
pmax: 0.167
ws: -3.3333333333333333e-06
pmax: 0.167
ws: -2.4999999999999998e-06
pmax: 0.167
ws: -1.666666666666667e-06
pmax: 0.167
ws: -8.333333333333327e-07
pmax: 0.167
ws: 0.0
pmax: 0.167
ws: 8.333333333333344e-07
pmax: 0.167
ws: 1.666666666666667e-06
pmax: 0.167
ws: 2.5000000000000015e-06
pmax: 0.167
ws: 3.333333333333334e-06
pmax: 0.167
ws: 4.166666666666667e-06
pmax: 0.167
ws: 5.000000000000001e-06
pmax: 0.167
ws: 5.833333333333336e-06
pmax: 0.167
ws: 6.666666666666667e-06
pmax: 0.167
ws: 7.500000000000001e-06
pmax: 0.167
ws: 8.333333333333335e-06
pmax: 0.167
ws: 9.16666666666667e-06
pmax: 0.167
ws: 1e-05
pmax: 0.18781250000000002
ws: -1e-05
pmax: 0.18781250000000002
ws: -9.166666666666668e-06
pmax: 0.18781250000000002
ws: -8.333333333333334e-06
pmax: 0.18781250000000002
ws: -7.500000000000001e-06
pmax: 0.18781250000000002
ws: -6.666666666666667e-06
pmax: 0.18781250000000002
ws: -5.833333333333334e-06
pmax: 0.18781250000000002
ws: -5e-06
pmax: 0.18781250000000002
ws: -4.166666666666667e-06
pmax: 0.18781250000000002
ws: -3.3333333333333333e-06
pmax: 0.18781250000000002
ws: -2.4999999999999998e-06
pmax: 0.18781250000000002
ws: -1.666666666666667e-06
pmax: 0.18781250000000002
ws: -8.333333333333327e-07
pmax: 0.18781250000000002
ws: 0.0
pmax: 0.18781250000000002
ws: 8.333333333333344e-07
pmax: 0.18781250000000002
ws: 1.666666666666667e-06
pmax: 0.18781250000000002
ws: 2.5000000000000015e-06
pmax: 0.18781250000000002
ws: 3.333333333333334e-06
pmax: 0.18781250000000002
ws: 4.166666666666667e-06
pmax: 0.18781250000000002
ws: 5.000000000000001e-06
pmax: 0.18781250000000002
ws: 5.833333333333336e-06
pmax: 0.18781250000000002
ws: 6.666666666666667e-06
pmax: 0.18781250000000002
ws: 7.500000000000001e-06
pmax: 0.18781250000000002
ws: 8.333333333333335e-06
pmax: 0.18781250000000002
ws: 9.16666666666667e-06
pmax: 0.18781250000000002
ws: 1e-05
pmax: 0.208625
ws: -1e-05
pmax: 0.208625
ws: -9.166666666666668e-06
pmax: 0.208625
ws: -8.333333333333334e-06
pmax: 0.208625
ws: -7.500000000000001e-06
pmax: 0.208625
ws: -6.666666666666667e-06
pmax: 0.208625
ws: -5.833333333333334e-06
pmax: 0.208625
ws: -5e-06
pmax: 0.208625
ws: -4.166666666666667e-06
pmax: 0.208625
ws: -3.3333333333333333e-06
pmax: 0.208625
ws: -2.4999999999999998e-06
pmax: 0.208625
ws: -1.666666666666667e-06
pmax: 0.208625
ws: -8.333333333333327e-07
pmax: 0.208625
ws: 0.0
pmax: 0.208625
ws: 8.333333333333344e-07
pmax: 0.208625
ws: 1.666666666666667e-06
pmax: 0.208625
ws: 2.5000000000000015e-06
pmax: 0.208625
ws: 3.333333333333334e-06
pmax: 0.208625
ws: 4.166666666666667e-06
pmax: 0.208625
ws: 5.000000000000001e-06
pmax: 0.208625
ws: 5.833333333333336e-06
pmax: 0.208625
ws: 6.666666666666667e-06
pmax: 0.208625
ws: 7.500000000000001e-06
pmax: 0.208625
ws: 8.333333333333335e-06
pmax: 0.208625
ws: 9.16666666666667e-06
pmax: 0.208625
ws: 1e-05
pmax: 0.22943750000000002
ws: -1e-05
pmax: 0.22943750000000002
ws: -9.166666666666668e-06
pmax: 0.22943750000000002
ws: -8.333333333333334e-06
pmax: 0.22943750000000002
ws: -7.500000000000001e-06
pmax: 0.22943750000000002
ws: -6.666666666666667e-06
pmax: 0.22943750000000002
ws: -5.833333333333334e-06
pmax: 0.22943750000000002
ws: -5e-06
pmax: 0.22943750000000002
ws: -4.166666666666667e-06
pmax: 0.22943750000000002
ws: -3.3333333333333333e-06
pmax: 0.22943750000000002
ws: -2.4999999999999998e-06
pmax: 0.22943750000000002
ws: -1.666666666666667e-06
pmax: 0.22943750000000002
ws: -8.333333333333327e-07
pmax: 0.22943750000000002
ws: 0.0
pmax: 0.22943750000000002
ws: 8.333333333333344e-07
pmax: 0.22943750000000002
ws: 1.666666666666667e-06
pmax: 0.22943750000000002
ws: 2.5000000000000015e-06
pmax: 0.22943750000000002
ws: 3.333333333333334e-06
pmax: 0.22943750000000002
ws: 4.166666666666667e-06
pmax: 0.22943750000000002
ws: 5.000000000000001e-06
pmax: 0.22943750000000002
ws: 5.833333333333336e-06
pmax: 0.22943750000000002
ws: 6.666666666666667e-06
pmax: 0.22943750000000002
ws: 7.500000000000001e-06
pmax: 0.22943750000000002
ws: 8.333333333333335e-06
pmax: 0.22943750000000002
ws: 9.16666666666667e-06
pmax: 0.22943750000000002
ws: 1e-05
pmax: 0.25025000000000003
ws: -1e-05
pmax: 0.25025000000000003
ws: -9.166666666666668e-06
pmax: 0.25025000000000003
ws: -8.333333333333334e-06
pmax: 0.25025000000000003
ws: -7.500000000000001e-06
pmax: 0.25025000000000003
ws: -6.666666666666667e-06
pmax: 0.25025000000000003
ws: -5.833333333333334e-06
pmax: 0.25025000000000003
ws: -5e-06
pmax: 0.25025000000000003
ws: -4.166666666666667e-06
pmax: 0.25025000000000003
ws: -3.3333333333333333e-06
pmax: 0.25025000000000003
ws: -2.4999999999999998e-06
pmax: 0.25025000000000003
ws: -1.666666666666667e-06
pmax: 0.25025000000000003
ws: -8.333333333333327e-07
pmax: 0.25025000000000003
ws: 0.0
pmax: 0.25025000000000003
ws: 8.333333333333344e-07
pmax: 0.25025000000000003
ws: 1.666666666666667e-06
pmax: 0.25025000000000003
ws: 2.5000000000000015e-06
pmax: 0.25025000000000003
ws: 3.333333333333334e-06
pmax: 0.25025000000000003
ws: 4.166666666666667e-06
pmax: 0.25025000000000003
ws: 5.000000000000001e-06
pmax: 0.25025000000000003
ws: 5.833333333333336e-06
pmax: 0.25025000000000003
ws: 6.666666666666667e-06
pmax: 0.25025000000000003
ws: 7.500000000000001e-06
pmax: 0.25025000000000003
ws: 8.333333333333335e-06
pmax: 0.25025000000000003
ws: 9.16666666666667e-06
pmax: 0.25025000000000003
ws: 1e-05
pmax: 0.27106250000000004
ws: -1e-05
pmax: 0.27106250000000004
ws: -9.166666666666668e-06
pmax: 0.27106250000000004
ws: -8.333333333333334e-06
pmax: 0.27106250000000004
ws: -7.500000000000001e-06
pmax: 0.27106250000000004
ws: -6.666666666666667e-06
pmax: 0.27106250000000004
ws: -5.833333333333334e-06
pmax: 0.27106250000000004
ws: -5e-06
pmax: 0.27106250000000004
ws: -4.166666666666667e-06
pmax: 0.27106250000000004
ws: -3.3333333333333333e-06
pmax: 0.27106250000000004
ws: -2.4999999999999998e-06
pmax: 0.27106250000000004
ws: -1.666666666666667e-06
pmax: 0.27106250000000004
ws: -8.333333333333327e-07
pmax: 0.27106250000000004
ws: 0.0
pmax: 0.27106250000000004
ws: 8.333333333333344e-07
pmax: 0.27106250000000004
ws: 1.666666666666667e-06
pmax: 0.27106250000000004
ws: 2.5000000000000015e-06
pmax: 0.27106250000000004
ws: 3.333333333333334e-06
pmax: 0.27106250000000004
ws: 4.166666666666667e-06
pmax: 0.27106250000000004
ws: 5.000000000000001e-06
pmax: 0.27106250000000004
ws: 5.833333333333336e-06
pmax: 0.27106250000000004
ws: 6.666666666666667e-06
pmax: 0.27106250000000004
ws: 7.500000000000001e-06
pmax: 0.27106250000000004
ws: 8.333333333333335e-06
pmax: 0.27106250000000004
ws: 9.16666666666667e-06
pmax: 0.27106250000000004
ws: 1e-05
pmax: 0.291875
ws: -1e-05
pmax: 0.291875
ws: -9.166666666666668e-06
pmax: 0.291875
ws: -8.333333333333334e-06
pmax: 0.291875
ws: -7.500000000000001e-06
pmax: 0.291875
ws: -6.666666666666667e-06
pmax: 0.291875
ws: -5.833333333333334e-06
pmax: 0.291875
ws: -5e-06
pmax: 0.291875
ws: -4.166666666666667e-06
pmax: 0.291875
ws: -3.3333333333333333e-06
pmax: 0.291875
ws: -2.4999999999999998e-06
pmax: 0.291875
ws: -1.666666666666667e-06
pmax: 0.291875
ws: -8.333333333333327e-07
pmax: 0.291875
ws: 0.0
pmax: 0.291875
ws: 8.333333333333344e-07
pmax: 0.291875
ws: 1.666666666666667e-06
pmax: 0.291875
ws: 2.5000000000000015e-06
pmax: 0.291875
ws: 3.333333333333334e-06
pmax: 0.291875
ws: 4.166666666666667e-06
pmax: 0.291875
ws: 5.000000000000001e-06
pmax: 0.291875
ws: 5.833333333333336e-06
pmax: 0.291875
ws: 6.666666666666667e-06
pmax: 0.291875
ws: 7.500000000000001e-06
pmax: 0.291875
ws: 8.333333333333335e-06
pmax: 0.291875
ws: 9.16666666666667e-06
pmax: 0.291875
ws: 1e-05
pmax: 0.3126875
ws: -1e-05
pmax: 0.3126875
ws: -9.166666666666668e-06
pmax: 0.3126875
ws: -8.333333333333334e-06
pmax: 0.3126875
ws: -7.500000000000001e-06
pmax: 0.3126875
ws: -6.666666666666667e-06
pmax: 0.3126875
ws: -5.833333333333334e-06
pmax: 0.3126875
ws: -5e-06
pmax: 0.3126875
ws: -4.166666666666667e-06
pmax: 0.3126875
ws: -3.3333333333333333e-06
pmax: 0.3126875
ws: -2.4999999999999998e-06
pmax: 0.3126875
ws: -1.666666666666667e-06
pmax: 0.3126875
ws: -8.333333333333327e-07
pmax: 0.3126875
ws: 0.0
pmax: 0.3126875
ws: 8.333333333333344e-07
pmax: 0.3126875
ws: 1.666666666666667e-06
pmax: 0.3126875
ws: 2.5000000000000015e-06
pmax: 0.3126875
ws: 3.333333333333334e-06
pmax: 0.3126875
ws: 4.166666666666667e-06
pmax: 0.3126875
ws: 5.000000000000001e-06
pmax: 0.3126875
ws: 5.833333333333336e-06
pmax: 0.3126875
ws: 6.666666666666667e-06
pmax: 0.3126875
ws: 7.500000000000001e-06
pmax: 0.3126875
ws: 8.333333333333335e-06
pmax: 0.3126875
ws: 9.16666666666667e-06
pmax: 0.3126875
ws: 1e-05
pmax: 0.3335
ws: -1e-05
pmax: 0.3335
ws: -9.166666666666668e-06
pmax: 0.3335
ws: -8.333333333333334e-06
pmax: 0.3335
ws: -7.500000000000001e-06
pmax: 0.3335
ws: -6.666666666666667e-06
pmax: 0.3335
ws: -5.833333333333334e-06
pmax: 0.3335
ws: -5e-06
pmax: 0.3335
ws: -4.166666666666667e-06
pmax: 0.3335
ws: -3.3333333333333333e-06
pmax: 0.3335
ws: -2.4999999999999998e-06
pmax: 0.3335
ws: -1.666666666666667e-06
pmax: 0.3335
ws: -8.333333333333327e-07
pmax: 0.3335
ws: 0.0
pmax: 0.3335
ws: 8.333333333333344e-07
pmax: 0.3335
ws: 1.666666666666667e-06
pmax: 0.3335
ws: 2.5000000000000015e-06
pmax: 0.3335
ws: 3.333333333333334e-06
pmax: 0.3335
ws: 4.166666666666667e-06
pmax: 0.3335
ws: 5.000000000000001e-06
pmax: 0.3335
ws: 5.833333333333336e-06
pmax: 0.3335
ws: 6.666666666666667e-06
pmax: 0.3335
ws: 7.500000000000001e-06
pmax: 0.3335
ws: 8.333333333333335e-06
pmax: 0.3335
ws: 9.16666666666667e-06
pmax: 0.3335
ws: 1e-05
pmax: 0.35431250000000003
ws: -1e-05
pmax: 0.35431250000000003
ws: -9.166666666666668e-06
pmax: 0.35431250000000003
ws: -8.333333333333334e-06
pmax: 0.35431250000000003
ws: -7.500000000000001e-06
pmax: 0.35431250000000003
ws: -6.666666666666667e-06
pmax: 0.35431250000000003
ws: -5.833333333333334e-06
pmax: 0.35431250000000003
ws: -5e-06
pmax: 0.35431250000000003
ws: -4.166666666666667e-06
pmax: 0.35431250000000003
ws: -3.3333333333333333e-06
pmax: 0.35431250000000003
ws: -2.4999999999999998e-06
pmax: 0.35431250000000003
ws: -1.666666666666667e-06
pmax: 0.35431250000000003
ws: -8.333333333333327e-07
pmax: 0.35431250000000003
ws: 0.0
pmax: 0.35431250000000003
ws: 8.333333333333344e-07
pmax: 0.35431250000000003
ws: 1.666666666666667e-06
pmax: 0.35431250000000003
ws: 2.5000000000000015e-06
pmax: 0.35431250000000003
ws: 3.333333333333334e-06
pmax: 0.35431250000000003
ws: 4.166666666666667e-06
pmax: 0.35431250000000003
ws: 5.000000000000001e-06
pmax: 0.35431250000000003
ws: 5.833333333333336e-06
pmax: 0.35431250000000003
ws: 6.666666666666667e-06
pmax: 0.35431250000000003
ws: 7.500000000000001e-06
pmax: 0.35431250000000003
ws: 8.333333333333335e-06
pmax: 0.35431250000000003
ws: 9.16666666666667e-06
pmax: 0.35431250000000003
ws: 1e-05
pmax: 0.37512500000000004
ws: -1e-05
pmax: 0.37512500000000004
ws: -9.166666666666668e-06
pmax: 0.37512500000000004
ws: -8.333333333333334e-06
pmax: 0.37512500000000004
ws: -7.500000000000001e-06
pmax: 0.37512500000000004
ws: -6.666666666666667e-06
pmax: 0.37512500000000004
ws: -5.833333333333334e-06
pmax: 0.37512500000000004
ws: -5e-06
pmax: 0.37512500000000004
ws: -4.166666666666667e-06
pmax: 0.37512500000000004
ws: -3.3333333333333333e-06
pmax: 0.37512500000000004
ws: -2.4999999999999998e-06
pmax: 0.37512500000000004
ws: -1.666666666666667e-06
pmax: 0.37512500000000004
ws: -8.333333333333327e-07
pmax: 0.37512500000000004
ws: 0.0
pmax: 0.37512500000000004
ws: 8.333333333333344e-07
pmax: 0.37512500000000004
ws: 1.666666666666667e-06
pmax: 0.37512500000000004
ws: 2.5000000000000015e-06
pmax: 0.37512500000000004
ws: 3.333333333333334e-06
pmax: 0.37512500000000004
ws: 4.166666666666667e-06
pmax: 0.37512500000000004
ws: 5.000000000000001e-06
pmax: 0.37512500000000004
ws: 5.833333333333336e-06
pmax: 0.37512500000000004
ws: 6.666666666666667e-06
pmax: 0.37512500000000004
ws: 7.500000000000001e-06
pmax: 0.37512500000000004
ws: 8.333333333333335e-06
pmax: 0.37512500000000004
ws: 9.16666666666667e-06
pmax: 0.37512500000000004
ws: 1e-05
pmax: 0.3959375
ws: -1e-05
pmax: 0.3959375
ws: -9.166666666666668e-06
pmax: 0.3959375
ws: -8.333333333333334e-06
pmax: 0.3959375
ws: -7.500000000000001e-06
pmax: 0.3959375
ws: -6.666666666666667e-06
pmax: 0.3959375
ws: -5.833333333333334e-06
pmax: 0.3959375
ws: -5e-06
pmax: 0.3959375
ws: -4.166666666666667e-06
pmax: 0.3959375
ws: -3.3333333333333333e-06
pmax: 0.3959375
ws: -2.4999999999999998e-06
pmax: 0.3959375
ws: -1.666666666666667e-06
pmax: 0.3959375
ws: -8.333333333333327e-07
pmax: 0.3959375
ws: 0.0
pmax: 0.3959375
ws: 8.333333333333344e-07
pmax: 0.3959375
ws: 1.666666666666667e-06
pmax: 0.3959375
ws: 2.5000000000000015e-06
pmax: 0.3959375
ws: 3.333333333333334e-06
pmax: 0.3959375
ws: 4.166666666666667e-06
pmax: 0.3959375
ws: 5.000000000000001e-06
pmax: 0.3959375
ws: 5.833333333333336e-06
pmax: 0.3959375
ws: 6.666666666666667e-06
pmax: 0.3959375
ws: 7.500000000000001e-06
pmax: 0.3959375
ws: 8.333333333333335e-06
pmax: 0.3959375
ws: 9.16666666666667e-06
pmax: 0.3959375
ws: 1e-05
pmax: 0.41675
ws: -1e-05
pmax: 0.41675
ws: -9.166666666666668e-06
pmax: 0.41675
ws: -8.333333333333334e-06
pmax: 0.41675
ws: -7.500000000000001e-06
pmax: 0.41675
ws: -6.666666666666667e-06
pmax: 0.41675
ws: -5.833333333333334e-06
pmax: 0.41675
ws: -5e-06
pmax: 0.41675
ws: -4.166666666666667e-06
pmax: 0.41675
ws: -3.3333333333333333e-06
pmax: 0.41675
ws: -2.4999999999999998e-06
pmax: 0.41675
ws: -1.666666666666667e-06
pmax: 0.41675
ws: -8.333333333333327e-07
pmax: 0.41675
ws: 0.0
pmax: 0.41675
ws: 8.333333333333344e-07
pmax: 0.41675
ws: 1.666666666666667e-06
pmax: 0.41675
ws: 2.5000000000000015e-06
pmax: 0.41675
ws: 3.333333333333334e-06
pmax: 0.41675
ws: 4.166666666666667e-06
pmax: 0.41675
ws: 5.000000000000001e-06
pmax: 0.41675
ws: 5.833333333333336e-06
pmax: 0.41675
ws: 6.666666666666667e-06
pmax: 0.41675
ws: 7.500000000000001e-06
pmax: 0.41675
ws: 8.333333333333335e-06
pmax: 0.41675
ws: 9.16666666666667e-06
pmax: 0.41675
ws: 1e-05
pmax: 0.4375625
ws: -1e-05
pmax: 0.4375625
ws: -9.166666666666668e-06
pmax: 0.4375625
ws: -8.333333333333334e-06
pmax: 0.4375625
ws: -7.500000000000001e-06
pmax: 0.4375625
ws: -6.666666666666667e-06
pmax: 0.4375625
ws: -5.833333333333334e-06
pmax: 0.4375625
ws: -5e-06
pmax: 0.4375625
ws: -4.166666666666667e-06
pmax: 0.4375625
ws: -3.3333333333333333e-06
pmax: 0.4375625
ws: -2.4999999999999998e-06
pmax: 0.4375625
ws: -1.666666666666667e-06
pmax: 0.4375625
ws: -8.333333333333327e-07
pmax: 0.4375625
ws: 0.0
pmax: 0.4375625
ws: 8.333333333333344e-07
pmax: 0.4375625
ws: 1.666666666666667e-06
pmax: 0.4375625
ws: 2.5000000000000015e-06
pmax: 0.4375625
ws: 3.333333333333334e-06
pmax: 0.4375625
ws: 4.166666666666667e-06
pmax: 0.4375625
ws: 5.000000000000001e-06
pmax: 0.4375625
ws: 5.833333333333336e-06
pmax: 0.4375625
ws: 6.666666666666667e-06
pmax: 0.4375625
ws: 7.500000000000001e-06
pmax: 0.4375625
ws: 8.333333333333335e-06
pmax: 0.4375625
ws: 9.16666666666667e-06
pmax: 0.4375625
ws: 1e-05
pmax: 0.45837500000000003
ws: -1e-05
pmax: 0.45837500000000003
ws: -9.166666666666668e-06
pmax: 0.45837500000000003
ws: -8.333333333333334e-06
pmax: 0.45837500000000003
ws: -7.500000000000001e-06
pmax: 0.45837500000000003
ws: -6.666666666666667e-06
pmax: 0.45837500000000003
ws: -5.833333333333334e-06
pmax: 0.45837500000000003
ws: -5e-06
pmax: 0.45837500000000003
ws: -4.166666666666667e-06
pmax: 0.45837500000000003
ws: -3.3333333333333333e-06
pmax: 0.45837500000000003
ws: -2.4999999999999998e-06
pmax: 0.45837500000000003
ws: -1.666666666666667e-06
pmax: 0.45837500000000003
ws: -8.333333333333327e-07
pmax: 0.45837500000000003
ws: 0.0
pmax: 0.45837500000000003
ws: 8.333333333333344e-07
pmax: 0.45837500000000003
ws: 1.666666666666667e-06
pmax: 0.45837500000000003
ws: 2.5000000000000015e-06
pmax: 0.45837500000000003
ws: 3.333333333333334e-06
pmax: 0.45837500000000003
ws: 4.166666666666667e-06
pmax: 0.45837500000000003
ws: 5.000000000000001e-06
pmax: 0.45837500000000003
ws: 5.833333333333336e-06
pmax: 0.45837500000000003
ws: 6.666666666666667e-06
pmax: 0.45837500000000003
ws: 7.500000000000001e-06
pmax: 0.45837500000000003
ws: 8.333333333333335e-06
pmax: 0.45837500000000003
ws: 9.16666666666667e-06
pmax: 0.45837500000000003
ws: 1e-05
pmax: 0.47918750000000004
ws: -1e-05
pmax: 0.47918750000000004
ws: -9.166666666666668e-06
pmax: 0.47918750000000004
ws: -8.333333333333334e-06
pmax: 0.47918750000000004
ws: -7.500000000000001e-06
pmax: 0.47918750000000004
ws: -6.666666666666667e-06
pmax: 0.47918750000000004
ws: -5.833333333333334e-06
pmax: 0.47918750000000004
ws: -5e-06
pmax: 0.47918750000000004
ws: -4.166666666666667e-06
pmax: 0.47918750000000004
ws: -3.3333333333333333e-06
pmax: 0.47918750000000004
ws: -2.4999999999999998e-06
pmax: 0.47918750000000004
ws: -1.666666666666667e-06
pmax: 0.47918750000000004
ws: -8.333333333333327e-07
pmax: 0.47918750000000004
ws: 0.0
pmax: 0.47918750000000004
ws: 8.333333333333344e-07
pmax: 0.47918750000000004
ws: 1.666666666666667e-06
pmax: 0.47918750000000004
ws: 2.5000000000000015e-06
pmax: 0.47918750000000004
ws: 3.333333333333334e-06
pmax: 0.47918750000000004
ws: 4.166666666666667e-06
pmax: 0.47918750000000004
ws: 5.000000000000001e-06
pmax: 0.47918750000000004
ws: 5.833333333333336e-06
pmax: 0.47918750000000004
ws: 6.666666666666667e-06
pmax: 0.47918750000000004
ws: 7.500000000000001e-06
pmax: 0.47918750000000004
ws: 8.333333333333335e-06
pmax: 0.47918750000000004
ws: 9.16666666666667e-06
pmax: 0.47918750000000004
ws: 1e-05
pmax: 0.5
ws: -1e-05
pmax: 0.5
ws: -9.166666666666668e-06
pmax: 0.5
ws: -8.333333333333334e-06
pmax: 0.5
ws: -7.500000000000001e-06
pmax: 0.5
ws: -6.666666666666667e-06
pmax: 0.5
ws: -5.833333333333334e-06
pmax: 0.5
ws: -5e-06
pmax: 0.5
ws: -4.166666666666667e-06
pmax: 0.5
ws: -3.3333333333333333e-06
pmax: 0.5
ws: -2.4999999999999998e-06
pmax: 0.5
ws: -1.666666666666667e-06
pmax: 0.5
ws: -8.333333333333327e-07
pmax: 0.5
ws: 0.0
pmax: 0.5
ws: 8.333333333333344e-07
pmax: 0.5
ws: 1.666666666666667e-06
pmax: 0.5
ws: 2.5000000000000015e-06
pmax: 0.5
ws: 3.333333333333334e-06
pmax: 0.5
ws: 4.166666666666667e-06
pmax: 0.5
ws: 5.000000000000001e-06
pmax: 0.5
ws: 5.833333333333336e-06
pmax: 0.5
ws: 6.666666666666667e-06
pmax: 0.5
ws: 7.500000000000001e-06
pmax: 0.5
ws: 8.333333333333335e-06
pmax: 0.5
ws: 9.16666666666667e-06
pmax: 0.5
ws: 1e-05
Setting constant concentration for Diatoms @ 200
No initial condition for this pressure gradient --> using default!
Using initial condition from ../initial_condition/initial_condition-pressure=2.00e-07.csv
Depth averaged turbulent dissipation = 0.000019
Ratio = 1.102617
52.077340841293335
Setting constant concentration for Diatoms @ 200
No initial condition for this pressure gradient --> using default!
Using initial condition from ../initial_condition/initial_condition-pressure=2.00e-07.csv
Depth averaged turbulent dissipation = 0.000019
Ratio = 1.370518
54.517393350601196
Setting constant concentration for Diatoms @ 200
No initial condition for this pressure gradient --> using default!
Using initial condition from ../initial_condition/initial_condition-pressure=2.00e-07.csv
Depth averaged turbulent dissipation = 0.000019
Ratio = 0.747606
54.58716702461243
Setting constant concentration for Diatoms @ 200
No initial condition for this pressure gradient --> using default!
Using initial condition from ../initial_condition/initial_condition-pressure=2.00e-07.csv
Depth averaged turbulent dissipation = 0.000019
Ratio = 1.104138
61.324875354766846
Setting constant concentration for Diatoms @ 200
No initial condition for this pressure gradient --> using default!
Using initial condition from ../initial_condition/initial_condition-pressure=2.00e-07.csv
Depth averaged turbulent dissipation = 0.000019
Ratio = 1.097468
58.34476327896118
Setting constant concentration for Diatoms @ 200
No initial condition for this pressure gradient --> using default!
Using initial condition from ../initial_condition/initial_condition-pressure=2.00e-07.csv
Depth averaged turbulent dissipation = 0.000019
Ratio = 0.730663
59.46827435493469
Setting constant concentration for Diatoms @ 200
No initial condition for this pressure gradient --> using default!
Using initial condition from ../initial_condition/initial_condition-pressure=2.00e-07.csv
Depth averaged turbulent dissipation = 0.000019
Ratio = 8.185420
57.322938203811646
Setting constant concentration for Diatoms @ 200
No initial condition for this pressure gradient --> using default!
Using initial condition from ../initial_condition/initial_condition-pressure=2.00e-07.csv
Depth averaged turbulent dissipation = 0.000019
Ratio = 0.650587
60.45266652107239
Setting constant concentration for Diatoms @ 200
No initial condition for this pressure gradient --> using default!
Using initial condition from ../initial_condition/initial_condition-pressure=2.00e-07.csv
Depth averaged turbulent dissipation = 0.000019
Ratio = 1.740983
77.07794666290283
Setting constant concentration for Diatoms @ 200
No initial condition for this pressure gradient --> using default!
Using initial condition from ../initial_condition/initial_condition-pressure=2.00e-07.csv
Depth averaged turbulent dissipation = 0.000019
Ratio = 1.277679
60.14433193206787
Setting constant concentration for Diatoms @ 200
No initial condition for this pressure gradient --> using default!
Using initial condition from ../initial_condition/initial_condition-pressure=2.00e-07.csv
Depth averaged turbulent dissipation = 0.000019
Ratio = 1.558984
62.31996178627014
Setting constant concentration for Diatoms @ 200
No initial condition for this pressure gradient --> using default!
Using initial condition from ../initial_condition/initial_condition-pressure=2.00e-07.csv
Depth averaged turbulent dissipation = 0.000019
Ratio = 1.525828
63.22103476524353
Setting constant concentration for Diatoms @ 200
No initial condition for this pressure gradient --> using default!
Using initial condition from ../initial_condition/initial_condition-pressure=2.00e-07.csv
Depth averaged turbulent dissipation = 0.000019
Ratio = 1.053368
63.37699747085571
Setting constant concentration for Diatoms @ 200
No initial condition for this pressure gradient --> using default!
Using initial condition from ../initial_condition/initial_condition-pressure=2.00e-07.csv
Depth averaged turbulent dissipation = 0.000019
Ratio = 0.650435
66.28020358085632
Setting constant concentration for Diatoms @ 200
No initial condition for this pressure gradient --> using default!
Using initial condition from ../initial_condition/initial_condition-pressure=2.00e-07.csv
Depth averaged turbulent dissipation = 0.000019
Ratio = 1.115455
60.12988877296448
Setting constant concentration for Diatoms @ 200
No initial condition for this pressure gradient --> using default!
Using initial condition from ../initial_condition/initial_condition-pressure=2.00e-07.csv
Depth averaged turbulent dissipation = 0.000019
Ratio = 0.721668
83.53035926818848
Setting constant concentration for Diatoms @ 200
No initial condition for this pressure gradient --> using default!
Using initial condition from ../initial_condition/initial_condition-pressure=2.00e-07.csv
Depth averaged turbulent dissipation = 0.000019
Ratio = 3.467349
64.53810429573059
Setting constant concentration for Diatoms @ 200
No initial condition for this pressure gradient --> using default!
Using initial condition from ../initial_condition/initial_condition-pressure=2.00e-07.csv
Depth averaged turbulent dissipation = 0.000019
Ratio = 1.932231
71.61285328865051
Setting constant concentration for Diatoms @ 200
No initial condition for this pressure gradient --> using default!
Using initial condition from ../initial_condition/initial_condition-pressure=2.00e-07.csv
Depth averaged turbulent dissipation = 0.000019
Ratio = 1.306149
68.84581995010376
Setting constant concentration for Diatoms @ 200
No initial condition for this pressure gradient --> using default!
Using initial condition from ../initial_condition/initial_condition-pressure=2.00e-07.csv
Depth averaged turbulent dissipation = 0.000019
Ratio = 4.274664
60.755001068115234
Setting constant concentration for Diatoms @ 200
No initial condition for this pressure gradient --> using default!
Using initial condition from ../initial_condition/initial_condition-pressure=2.00e-07.csv
Depth averaged turbulent dissipation = 0.000019
Ratio = 31.920035
60.335943937301636
Setting constant concentration for Diatoms @ 200
No initial condition for this pressure gradient --> using default!
Using initial condition from ../initial_condition/initial_condition-pressure=2.00e-07.csv
Depth averaged turbulent dissipation = 0.000019
Ratio = 0.880535
61.99471306800842
Setting constant concentration for Diatoms @ 200
No initial condition for this pressure gradient --> using default!
Using initial condition from ../initial_condition/initial_condition-pressure=2.00e-07.csv
Depth averaged turbulent dissipation = 0.000019
Ratio = 88.372202
62.72827935218811
Setting constant concentration for Diatoms @ 200
No initial condition for this pressure gradient --> using default!
Using initial condition from ../initial_condition/initial_condition-pressure=2.00e-07.csv
Depth averaged turbulent dissipation = 0.000019
Ratio = 1.485710
65.9643886089325
Setting constant concentration for Diatoms @ 200
No initial condition for this pressure gradient --> using default!
Using initial condition from ../initial_condition/initial_condition-pressure=2.00e-07.csv
Depth averaged turbulent dissipation = 0.000019
Ratio = 1.390837
62.001535415649414
Setting constant concentration for Diatoms @ 200
No initial condition for this pressure gradient --> using default!
Using initial condition from ../initial_condition/initial_condition-pressure=2.00e-07.csv
Depth averaged turbulent dissipation = 0.000019
Ratio = 0.919788
67.19011998176575
Setting constant concentration for Diatoms @ 200
No initial condition for this pressure gradient --> using default!
Using initial condition from ../initial_condition/initial_condition-pressure=2.00e-07.csv
Depth averaged turbulent dissipation = 0.000019
Ratio = 9.680446
63.19417929649353
Setting constant concentration for Diatoms @ 200
No initial condition for this pressure gradient --> using default!
Using initial condition from ../initial_condition/initial_condition-pressure=2.00e-07.csv
Depth averaged turbulent dissipation = 0.000019
Ratio = 0.650336
67.48563480377197
Setting constant concentration for Diatoms @ 200
No initial condition for this pressure gradient --> using default!
Using initial condition from ../initial_condition/initial_condition-pressure=2.00e-07.csv
Depth averaged turbulent dissipation = 0.000019
Ratio = 0.650385
73.75040173530579
Setting constant concentration for Diatoms @ 200
No initial condition for this pressure gradient --> using default!
Using initial condition from ../initial_condition/initial_condition-pressure=2.00e-07.csv
Depth averaged turbulent dissipation = 0.000019
Ratio = 21.523615
65.95993733406067
Setting constant concentration for Diatoms @ 200
No initial condition for this pressure gradient --> using default!
Using initial condition from ../initial_condition/initial_condition-pressure=2.00e-07.csv
Depth averaged turbulent dissipation = 0.000019
Ratio = 2.065039
72.50674796104431
Setting constant concentration for Diatoms @ 200
No initial condition for this pressure gradient --> using default!
Using initial condition from ../initial_condition/initial_condition-pressure=2.00e-07.csv
Depth averaged turbulent dissipation = 0.000019
Ratio = 0.745144
60.251373291015625
Setting constant concentration for Diatoms @ 200
No initial condition for this pressure gradient --> using default!
Using initial condition from ../initial_condition/initial_condition-pressure=2.00e-07.csv
Depth averaged turbulent dissipation = 0.000019
Ratio = 0.650485
62.405147552490234
Setting constant concentration for Diatoms @ 200
No initial condition for this pressure gradient --> using default!
Using initial condition from ../initial_condition/initial_condition-pressure=2.00e-07.csv
Depth averaged turbulent dissipation = 0.000019
Ratio = 4.736196
58.874651193618774
Setting constant concentration for Diatoms @ 200
No initial condition for this pressure gradient --> using default!
Using initial condition from ../initial_condition/initial_condition-pressure=2.00e-07.csv
Depth averaged turbulent dissipation = 0.000019
Ratio = 1.155111
75.80653595924377
Setting constant concentration for Diatoms @ 200
No initial condition for this pressure gradient --> using default!
Using initial condition from ../initial_condition/initial_condition-pressure=2.00e-07.csv
Depth averaged turbulent dissipation = 0.000019
Ratio = 9502.498832
68.02341914176941
Setting constant concentration for Diatoms @ 200
No initial condition for this pressure gradient --> using default!
Using initial condition from ../initial_condition/initial_condition-pressure=2.00e-07.csv
Depth averaged turbulent dissipation = 0.000019
Ratio = 0.549477
61.47232913970947
Setting constant concentration for Diatoms @ 200
No initial condition for this pressure gradient --> using default!
Using initial condition from ../initial_condition/initial_condition-pressure=2.00e-07.csv
Depth averaged turbulent dissipation = 0.000019
Ratio = 3.056555
86.66263890266418
Setting constant concentration for Diatoms @ 200
No initial condition for this pressure gradient --> using default!
Using initial condition from ../initial_condition/initial_condition-pressure=2.00e-07.csv
Depth averaged turbulent dissipation = 0.000019
Ratio = 2.346248
76.63155055046082
Setting constant concentration for Diatoms @ 200
No initial condition for this pressure gradient --> using default!
Using initial condition from ../initial_condition/initial_condition-pressure=2.00e-07.csv
Depth averaged turbulent dissipation = 0.000019
Ratio = 31.867627
64.11253571510315
Setting constant concentration for Diatoms @ 200
No initial condition for this pressure gradient --> using default!
Using initial condition from ../initial_condition/initial_condition-pressure=2.00e-07.csv
Depth averaged turbulent dissipation = 0.000019
Ratio = 2.145195
74.18259048461914
Setting constant concentration for Diatoms @ 200
No initial condition for this pressure gradient --> using default!
Using initial condition from ../initial_condition/initial_condition-pressure=2.00e-07.csv
Depth averaged turbulent dissipation = 0.000019
Ratio = 8267.092063
64.80838108062744
Setting constant concentration for Diatoms @ 200
No initial condition for this pressure gradient --> using default!
Using initial condition from ../initial_condition/initial_condition-pressure=2.00e-07.csv
Depth averaged turbulent dissipation = 0.000019
Ratio = 13.493762
65.38554096221924
Setting constant concentration for Diatoms @ 200
No initial condition for this pressure gradient --> using default!
Using initial condition from ../initial_condition/initial_condition-pressure=2.00e-07.csv
Depth averaged turbulent dissipation = 0.000019
Ratio = 0.579502
77.5863938331604
Setting constant concentration for Diatoms @ 200
No initial condition for this pressure gradient --> using default!
Using initial condition from ../initial_condition/initial_condition-pressure=2.00e-07.csv
Depth averaged turbulent dissipation = 0.000019
Ratio = 5.700468
64.61628818511963
Setting constant concentration for Diatoms @ 200
No initial condition for this pressure gradient --> using default!
Using initial condition from ../initial_condition/initial_condition-pressure=2.00e-07.csv
Depth averaged turbulent dissipation = 0.000019
Ratio = 0.774102
64.77235269546509
Setting constant concentration for Diatoms @ 200
No initial condition for this pressure gradient --> using default!
Using initial condition from ../initial_condition/initial_condition-pressure=2.00e-07.csv
Depth averaged turbulent dissipation = 0.000019
Ratio = 1.324474
66.32322931289673
Setting constant concentration for Diatoms @ 200
No initial condition for this pressure gradient --> using default!
Using initial condition from ../initial_condition/initial_condition-pressure=2.00e-07.csv
Depth averaged turbulent dissipation = 0.000019
Ratio = 0.594558
74.50769329071045
Setting constant concentration for Diatoms @ 200
No initial condition for this pressure gradient --> using default!
Using initial condition from ../initial_condition/initial_condition-pressure=2.00e-07.csv
Depth averaged turbulent dissipation = 0.000019
Ratio = 2.914013
89.29541373252869
Setting constant concentration for Diatoms @ 200
No initial condition for this pressure gradient --> using default!
Using initial condition from ../initial_condition/initial_condition-pressure=2.00e-07.csv
Depth averaged turbulent dissipation = 0.000019
Ratio = 1.145521
83.11828517913818
Setting constant concentration for Diatoms @ 200
No initial condition for this pressure gradient --> using default!
Using initial condition from ../initial_condition/initial_condition-pressure=2.00e-07.csv
Depth averaged turbulent dissipation = 0.000019
Ratio = 0.801085
66.40285229682922
Setting constant concentration for Diatoms @ 200
No initial condition for this pressure gradient --> using default!
Using initial condition from ../initial_condition/initial_condition-pressure=2.00e-07.csv
Depth averaged turbulent dissipation = 0.000019
Ratio = 1.569663
65.00886249542236
Setting constant concentration for Diatoms @ 200
No initial condition for this pressure gradient --> using default!
Using initial condition from ../initial_condition/initial_condition-pressure=2.00e-07.csv
Depth averaged turbulent dissipation = 0.000019
Ratio = 28.693076
78.96532702445984
Setting constant concentration for Diatoms @ 200
No initial condition for this pressure gradient --> using default!
Using initial condition from ../initial_condition/initial_condition-pressure=2.00e-07.csv
Depth averaged turbulent dissipation = 0.000019
Ratio = 0.995204
68.34522438049316
Setting constant concentration for Diatoms @ 200
No initial condition for this pressure gradient --> using default!
Using initial condition from ../initial_condition/initial_condition-pressure=2.00e-07.csv
Depth averaged turbulent dissipation = 0.000019
Ratio = 11.919997
80.98484492301941
Setting constant concentration for Diatoms @ 200
No initial condition for this pressure gradient --> using default!
Using initial condition from ../initial_condition/initial_condition-pressure=2.00e-07.csv
Depth averaged turbulent dissipation = 0.000019
Ratio = 6.077365
66.8550980091095
Setting constant concentration for Diatoms @ 200
No initial condition for this pressure gradient --> using default!
Using initial condition from ../initial_condition/initial_condition-pressure=2.00e-07.csv
Depth averaged turbulent dissipation = 0.000019
Ratio = 3.205081
65.49129486083984
Setting constant concentration for Diatoms @ 200
No initial condition for this pressure gradient --> using default!
Using initial condition from ../initial_condition/initial_condition-pressure=2.00e-07.csv
Depth averaged turbulent dissipation = 0.000019
Ratio = 3.655333
65.95480155944824
Setting constant concentration for Diatoms @ 200
No initial condition for this pressure gradient --> using default!
Using initial condition from ../initial_condition/initial_condition-pressure=2.00e-07.csv
Depth averaged turbulent dissipation = 0.000019
Ratio = 1.196313
71.39974927902222
Setting constant concentration for Diatoms @ 200
No initial condition for this pressure gradient --> using default!
Using initial condition from ../initial_condition/initial_condition-pressure=2.00e-07.csv
Depth averaged turbulent dissipation = 0.000019
Ratio = 0.645424
87.49000883102417
Setting constant concentration for Diatoms @ 200
No initial condition for this pressure gradient --> using default!
Using initial condition from ../initial_condition/initial_condition-pressure=2.00e-07.csv
Depth averaged turbulent dissipation = 0.000019
Ratio = 339.441763
69.71500515937805
Setting constant concentration for Diatoms @ 200
No initial condition for this pressure gradient --> using default!
Using initial condition from ../initial_condition/initial_condition-pressure=2.00e-07.csv
Depth averaged turbulent dissipation = 0.000019
Ratio = 3.520571
67.19492030143738
Setting constant concentration for Diatoms @ 200
No initial condition for this pressure gradient --> using default!
Using initial condition from ../initial_condition/initial_condition-pressure=2.00e-07.csv
Depth averaged turbulent dissipation = 0.000019
Ratio = 128.165170
67.1662266254425
Setting constant concentration for Diatoms @ 200
No initial condition for this pressure gradient --> using default!
Using initial condition from ../initial_condition/initial_condition-pressure=2.00e-07.csv
Depth averaged turbulent dissipation = 0.000019
Ratio = 1.633586
70.16780996322632
Setting constant concentration for Diatoms @ 200
No initial condition for this pressure gradient --> using default!
Using initial condition from ../initial_condition/initial_condition-pressure=2.00e-07.csv
Depth averaged turbulent dissipation = 0.000019
Ratio = 138.255217
68.636305809021
Setting constant concentration for Diatoms @ 200
No initial condition for this pressure gradient --> using default!
Using initial condition from ../initial_condition/initial_condition-pressure=2.00e-07.csv
Depth averaged turbulent dissipation = 0.000019
Ratio = 3.281999
71.41067695617676
Setting constant concentration for Diatoms @ 200
No initial condition for this pressure gradient --> using default!
Using initial condition from ../initial_condition/initial_condition-pressure=2.00e-07.csv
Depth averaged turbulent dissipation = 0.000019
Ratio = 1.168684
71.27629542350769
Setting constant concentration for Diatoms @ 200
No initial condition for this pressure gradient --> using default!
Using initial condition from ../initial_condition/initial_condition-pressure=2.00e-07.csv
Depth averaged turbulent dissipation = 0.000019
Ratio = 6.268236
71.00185251235962
Setting constant concentration for Diatoms @ 200
No initial condition for this pressure gradient --> using default!
Using initial condition from ../initial_condition/initial_condition-pressure=2.00e-07.csv
Depth averaged turbulent dissipation = 0.000019
Ratio = 0.931325
71.46985912322998
Setting constant concentration for Diatoms @ 200
No initial condition for this pressure gradient --> using default!
Using initial condition from ../initial_condition/initial_condition-pressure=2.00e-07.csv
Depth averaged turbulent dissipation = 0.000019
Ratio = 8870.227683
65.6873688697815
Setting constant concentration for Diatoms @ 200
No initial condition for this pressure gradient --> using default!
Using initial condition from ../initial_condition/initial_condition-pressure=2.00e-07.csv
Depth averaged turbulent dissipation = 0.000019
Ratio = 5.517245
70.56343674659729
Setting constant concentration for Diatoms @ 200
No initial condition for this pressure gradient --> using default!
Using initial condition from ../initial_condition/initial_condition-pressure=2.00e-07.csv
Depth averaged turbulent dissipation = 0.000019
Ratio = 1.723042
69.91475248336792
Setting constant concentration for Diatoms @ 200
No initial condition for this pressure gradient --> using default!
Using initial condition from ../initial_condition/initial_condition-pressure=2.00e-07.csv
Depth averaged turbulent dissipation = 0.000019
Ratio = 0.627222
74.52804756164551
Setting constant concentration for Diatoms @ 200
No initial condition for this pressure gradient --> using default!
Using initial condition from ../initial_condition/initial_condition-pressure=2.00e-07.csv
Depth averaged turbulent dissipation = 0.000019
Ratio = 0.906328
91.29430937767029
Setting constant concentration for Diatoms @ 200
No initial condition for this pressure gradient --> using default!
Using initial condition from ../initial_condition/initial_condition-pressure=2.00e-07.csv
Depth averaged turbulent dissipation = 0.000019
Ratio = 0.926644
70.70429682731628
Setting constant concentration for Diatoms @ 200
No initial condition for this pressure gradient --> using default!
Using initial condition from ../initial_condition/initial_condition-pressure=2.00e-07.csv
Depth averaged turbulent dissipation = 0.000019
Ratio = 4.497075
92.3689796924591
Setting constant concentration for Diatoms @ 200
No initial condition for this pressure gradient --> using default!
Using initial condition from ../initial_condition/initial_condition-pressure=2.00e-07.csv
Depth averaged turbulent dissipation = 0.000019
Ratio = 0.642223
74.92532563209534
Setting constant concentration for Diatoms @ 200
No initial condition for this pressure gradient --> using default!
Using initial condition from ../initial_condition/initial_condition-pressure=2.00e-07.csv
Depth averaged turbulent dissipation = 0.000019
Ratio = 1.579775
69.74238634109497
Setting constant concentration for Diatoms @ 200
No initial condition for this pressure gradient --> using default!
Using initial condition from ../initial_condition/initial_condition-pressure=2.00e-07.csv
Depth averaged turbulent dissipation = 0.000019
Ratio = 6.022365
60.60151720046997
Setting constant concentration for Diatoms @ 200
No initial condition for this pressure gradient --> using default!
Using initial condition from ../initial_condition/initial_condition-pressure=2.00e-07.csv
Depth averaged turbulent dissipation = 0.000019
Ratio = 2.556837
78.72080731391907
Setting constant concentration for Diatoms @ 200
No initial condition for this pressure gradient --> using default!
Using initial condition from ../initial_condition/initial_condition-pressure=2.00e-07.csv
Depth averaged turbulent dissipation = 0.000019
Ratio = 0.650239
80.55538868904114
Setting constant concentration for Diatoms @ 200
No initial condition for this pressure gradient --> using default!
Using initial condition from ../initial_condition/initial_condition-pressure=2.00e-07.csv
Depth averaged turbulent dissipation = 0.000019
Ratio = 1.065351
77.57758903503418
Setting constant concentration for Diatoms @ 200
No initial condition for this pressure gradient --> using default!
Using initial condition from ../initial_condition/initial_condition-pressure=2.00e-07.csv
Depth averaged turbulent dissipation = 0.000019
Ratio = 2.318705
78.19672560691833
Setting constant concentration for Diatoms @ 200
No initial condition for this pressure gradient --> using default!
Using initial condition from ../initial_condition/initial_condition-pressure=2.00e-07.csv
Depth averaged turbulent dissipation = 0.000019
Ratio = 4.034694
81.50644254684448
Setting constant concentration for Diatoms @ 200
No initial condition for this pressure gradient --> using default!
Using initial condition from ../initial_condition/initial_condition-pressure=2.00e-07.csv
Depth averaged turbulent dissipation = 0.000019
Ratio = 204.289889
63.22589135169983
Setting constant concentration for Diatoms @ 200
No initial condition for this pressure gradient --> using default!
Using initial condition from ../initial_condition/initial_condition-pressure=2.00e-07.csv
Depth averaged turbulent dissipation = 0.000019
Ratio = 25.871885
77.7275493144989
Setting constant concentration for Diatoms @ 200
No initial condition for this pressure gradient --> using default!
Using initial condition from ../initial_condition/initial_condition-pressure=2.00e-07.csv
Depth averaged turbulent dissipation = 0.000019
Ratio = 2.908526
72.47520542144775
Setting constant concentration for Diatoms @ 200
No initial condition for this pressure gradient --> using default!
Using initial condition from ../initial_condition/initial_condition-pressure=2.00e-07.csv
Depth averaged turbulent dissipation = 0.000019
Ratio = 10164.206307
81.23377990722656
Setting constant concentration for Diatoms @ 200
No initial condition for this pressure gradient --> using default!
Using initial condition from ../initial_condition/initial_condition-pressure=2.00e-07.csv
Depth averaged turbulent dissipation = 0.000019
Ratio = 2.400939
63.59026002883911
Setting constant concentration for Diatoms @ 200
No initial condition for this pressure gradient --> using default!
Using initial condition from ../initial_condition/initial_condition-pressure=2.00e-07.csv
Depth averaged turbulent dissipation = 0.000019
Ratio = 0.940591
81.76979279518127
Setting constant concentration for Diatoms @ 200
No initial condition for this pressure gradient --> using default!
Using initial condition from ../initial_condition/initial_condition-pressure=2.00e-07.csv
Depth averaged turbulent dissipation = 0.000019
Ratio = 0.502568
63.35680818557739
Setting constant concentration for Diatoms @ 200
No initial condition for this pressure gradient --> using default!
Using initial condition from ../initial_condition/initial_condition-pressure=2.00e-07.csv
Depth averaged turbulent dissipation = 0.000019
Ratio = 1602.367660
80.24913287162781
Setting constant concentration for Diatoms @ 200
No initial condition for this pressure gradient --> using default!
Using initial condition from ../initial_condition/initial_condition-pressure=2.00e-07.csv
Depth averaged turbulent dissipation = 0.000019
Ratio = 5593.698345
62.431031227111816
Setting constant concentration for Diatoms @ 200
No initial condition for this pressure gradient --> using default!
Using initial condition from ../initial_condition/initial_condition-pressure=2.00e-07.csv
Depth averaged turbulent dissipation = 0.000019
Ratio = 0.893234
81.14758229255676
Setting constant concentration for Diatoms @ 200
No initial condition for this pressure gradient --> using default!
Using initial condition from ../initial_condition/initial_condition-pressure=2.00e-07.csv
Depth averaged turbulent dissipation = 0.000019
Ratio = 9.003862
85.58329248428345
Setting constant concentration for Diatoms @ 200
No initial condition for this pressure gradient --> using default!
Using initial condition from ../initial_condition/initial_condition-pressure=2.00e-07.csv
Depth averaged turbulent dissipation = 0.000019
Ratio = 30.012410
98.62525820732117
Setting constant concentration for Diatoms @ 200
No initial condition for this pressure gradient --> using default!
Using initial condition from ../initial_condition/initial_condition-pressure=2.00e-07.csv
Depth averaged turbulent dissipation = 0.000019
Ratio = 0.650053
62.26141571998596
Setting constant concentration for Diatoms @ 200
No initial condition for this pressure gradient --> using default!
Using initial condition from ../initial_condition/initial_condition-pressure=2.00e-07.csv
Depth averaged turbulent dissipation = 0.000019
Ratio = 2.504358
63.63035535812378
Setting constant concentration for Diatoms @ 200
No initial condition for this pressure gradient --> using default!
Using initial condition from ../initial_condition/initial_condition-pressure=2.00e-07.csv
Depth averaged turbulent dissipation = 0.000019
Ratio = 1.422287
75.23350024223328
Setting constant concentration for Diatoms @ 200
No initial condition for this pressure gradient --> using default!
Using initial condition from ../initial_condition/initial_condition-pressure=2.00e-07.csv
Depth averaged turbulent dissipation = 0.000019
Ratio = 2.701296
64.03537821769714
Setting constant concentration for Diatoms @ 200
No initial condition for this pressure gradient --> using default!
Using initial condition from ../initial_condition/initial_condition-pressure=2.00e-07.csv
Depth averaged turbulent dissipation = 0.000019
Ratio = 137.554470
104.21523213386536
Setting constant concentration for Diatoms @ 200
No initial condition for this pressure gradient --> using default!
Using initial condition from ../initial_condition/initial_condition-pressure=2.00e-07.csv
Depth averaged turbulent dissipation = 0.000019
Ratio = 1.969332
90.28526949882507
Setting constant concentration for Diatoms @ 200
No initial condition for this pressure gradient --> using default!
Using initial condition from ../initial_condition/initial_condition-pressure=2.00e-07.csv
Depth averaged turbulent dissipation = 0.000019
Ratio = 0.765838
88.5628273487091
Setting constant concentration for Diatoms @ 200
No initial condition for this pressure gradient --> using default!
Using initial condition from ../initial_condition/initial_condition-pressure=2.00e-07.csv
Depth averaged turbulent dissipation = 0.000019
Ratio = 0.803403
89.4700140953064
Setting constant concentration for Diatoms @ 200
No initial condition for this pressure gradient --> using default!
Using initial condition from ../initial_condition/initial_condition-pressure=2.00e-07.csv
Depth averaged turbulent dissipation = 0.000019
Ratio = 0.702091
92.33584308624268
Setting constant concentration for Diatoms @ 200
No initial condition for this pressure gradient --> using default!
Using initial condition from ../initial_condition/initial_condition-pressure=2.00e-07.csv
Depth averaged turbulent dissipation = 0.000019
Ratio = 2.667878
66.41711115837097
Setting constant concentration for Diatoms @ 200
No initial condition for this pressure gradient --> using default!
Using initial condition from ../initial_condition/initial_condition-pressure=2.00e-07.csv
Depth averaged turbulent dissipation = 0.000019
Ratio = 0.650192
89.59895849227905
Setting constant concentration for Diatoms @ 200
No initial condition for this pressure gradient --> using default!
Using initial condition from ../initial_condition/initial_condition-pressure=2.00e-07.csv
Depth averaged turbulent dissipation = 0.000019
Ratio = 8.485879
105.7722339630127
Setting constant concentration for Diatoms @ 200
No initial condition for this pressure gradient --> using default!
Using initial condition from ../initial_condition/initial_condition-pressure=2.00e-07.csv
Depth averaged turbulent dissipation = 0.000019
Ratio = 1.188224
87.70561099052429
Setting constant concentration for Diatoms @ 200
No initial condition for this pressure gradient --> using default!
Using initial condition from ../initial_condition/initial_condition-pressure=2.00e-07.csv
Depth averaged turbulent dissipation = 0.000019
Ratio = 0.755217
99.43304228782654
Setting constant concentration for Diatoms @ 200
No initial condition for this pressure gradient --> using default!
Using initial condition from ../initial_condition/initial_condition-pressure=2.00e-07.csv
Depth averaged turbulent dissipation = 0.000019
Ratio = 2.150594
63.81074094772339
Setting constant concentration for Diatoms @ 200
No initial condition for this pressure gradient --> using default!
Using initial condition from ../initial_condition/initial_condition-pressure=2.00e-07.csv
Depth averaged turbulent dissipation = 0.000019
Ratio = 50.162759
64.37871670722961
Setting constant concentration for Diatoms @ 200
No initial condition for this pressure gradient --> using default!
Using initial condition from ../initial_condition/initial_condition-pressure=2.00e-07.csv
Depth averaged turbulent dissipation = 0.000019
Ratio = 2.634455
95.09467124938965
Setting constant concentration for Diatoms @ 200
No initial condition for this pressure gradient --> using default!
Using initial condition from ../initial_condition/initial_condition-pressure=2.00e-07.csv
Depth averaged turbulent dissipation = 0.000019
Ratio = 1797.734056
62.09511041641235
Setting constant concentration for Diatoms @ 200
No initial condition for this pressure gradient --> using default!
Using initial condition from ../initial_condition/initial_condition-pressure=2.00e-07.csv
Depth averaged turbulent dissipation = 0.000019
Ratio = 41.296691
66.68862819671631
Setting constant concentration for Diatoms @ 200
No initial condition for this pressure gradient --> using default!
Using initial condition from ../initial_condition/initial_condition-pressure=2.00e-07.csv
Depth averaged turbulent dissipation = 0.000019
Ratio = 1.285554
62.87841868400574
Setting constant concentration for Diatoms @ 200
No initial condition for this pressure gradient --> using default!
Using initial condition from ../initial_condition/initial_condition-pressure=2.00e-07.csv
Depth averaged turbulent dissipation = 0.000019
Ratio = 0.768567
112.74566698074341
Setting constant concentration for Diatoms @ 200
No initial condition for this pressure gradient --> using default!
Using initial condition from ../initial_condition/initial_condition-pressure=2.00e-07.csv
Depth averaged turbulent dissipation = 0.000019
Ratio = 5.783769
61.6849045753479
Setting constant concentration for Diatoms @ 200
No initial condition for this pressure gradient --> using default!
Using initial condition from ../initial_condition/initial_condition-pressure=2.00e-07.csv
Depth averaged turbulent dissipation = 0.000019
Ratio = 2.838371
122.05474376678467
Setting constant concentration for Diatoms @ 200
No initial condition for this pressure gradient --> using default!
Using initial condition from ../initial_condition/initial_condition-pressure=2.00e-07.csv
Depth averaged turbulent dissipation = 0.000019
Ratio = 4.150387
102.96382141113281
Setting constant concentration for Diatoms @ 200
No initial condition for this pressure gradient --> using default!
Using initial condition from ../initial_condition/initial_condition-pressure=2.00e-07.csv
Depth averaged turbulent dissipation = 0.000019
Ratio = 0.913014
61.41625761985779
Setting constant concentration for Diatoms @ 200
No initial condition for this pressure gradient --> using default!
Using initial condition from ../initial_condition/initial_condition-pressure=2.00e-07.csv
Depth averaged turbulent dissipation = 0.000019
Ratio = 1.507926
71.05913949012756
Setting constant concentration for Diatoms @ 200
No initial condition for this pressure gradient --> using default!
Using initial condition from ../initial_condition/initial_condition-pressure=2.00e-07.csv
Depth averaged turbulent dissipation = 0.000019
Ratio = 7.891330
60.15076565742493
Setting constant concentration for Diatoms @ 200
No initial condition for this pressure gradient --> using default!
Using initial condition from ../initial_condition/initial_condition-pressure=2.00e-07.csv
Depth averaged turbulent dissipation = 0.000019
Ratio = 26.648153
77.50709056854248
Setting constant concentration for Diatoms @ 200
No initial condition for this pressure gradient --> using default!
Using initial condition from ../initial_condition/initial_condition-pressure=2.00e-07.csv
Depth averaged turbulent dissipation = 0.000019
Ratio = 3150.339947
64.33564114570618
Setting constant concentration for Diatoms @ 200
No initial condition for this pressure gradient --> using default!
Using initial condition from ../initial_condition/initial_condition-pressure=2.00e-07.csv
Depth averaged turbulent dissipation = 0.000019
Ratio = 3.087030
61.4221088886261
Setting constant concentration for Diatoms @ 200
No initial condition for this pressure gradient --> using default!
Using initial condition from ../initial_condition/initial_condition-pressure=2.00e-07.csv
Depth averaged turbulent dissipation = 0.000019
Ratio = 32.753273
68.36012506484985
Setting constant concentration for Diatoms @ 200
No initial condition for this pressure gradient --> using default!
Using initial condition from ../initial_condition/initial_condition-pressure=2.00e-07.csv
Depth averaged turbulent dissipation = 0.000019
Ratio = 2.568797
68.56597518920898
Setting constant concentration for Diatoms @ 200
No initial condition for this pressure gradient --> using default!
Using initial condition from ../initial_condition/initial_condition-pressure=2.00e-07.csv
Depth averaged turbulent dissipation = 0.000019
Ratio = 18.021912
73.97051310539246
Setting constant concentration for Diatoms @ 200
No initial condition for this pressure gradient --> using default!
Using initial condition from ../initial_condition/initial_condition-pressure=2.00e-07.csv
Depth averaged turbulent dissipation = 0.000019
Ratio = 0.658448
71.247474193573
Setting constant concentration for Diatoms @ 200
No initial condition for this pressure gradient --> using default!
Using initial condition from ../initial_condition/initial_condition-pressure=2.00e-07.csv
Depth averaged turbulent dissipation = 0.000019
Ratio = 86.476504
68.58108305931091
Setting constant concentration for Diatoms @ 200
No initial condition for this pressure gradient --> using default!
Using initial condition from ../initial_condition/initial_condition-pressure=2.00e-07.csv
Depth averaged turbulent dissipation = 0.000019
Ratio = 59.414421
60.78651475906372
Setting constant concentration for Diatoms @ 200
No initial condition for this pressure gradient --> using default!
Using initial condition from ../initial_condition/initial_condition-pressure=2.00e-07.csv
Depth averaged turbulent dissipation = 0.000019
Ratio = 5065.822188
62.486528158187866
Setting constant concentration for Diatoms @ 200
No initial condition for this pressure gradient --> using default!
Using initial condition from ../initial_condition/initial_condition-pressure=2.00e-07.csv
Depth averaged turbulent dissipation = 0.000019
Ratio = 12.897039
73.60594058036804
Setting constant concentration for Diatoms @ 200
No initial condition for this pressure gradient --> using default!
Using initial condition from ../initial_condition/initial_condition-pressure=2.00e-07.csv
Depth averaged turbulent dissipation = 0.000019
Ratio = 11.148623
62.26787734031677
Setting constant concentration for Diatoms @ 200
No initial condition for this pressure gradient --> using default!
Using initial condition from ../initial_condition/initial_condition-pressure=2.00e-07.csv
Depth averaged turbulent dissipation = 0.000019
Ratio = 3.809124
74.69279956817627
Setting constant concentration for Diatoms @ 200
No initial condition for this pressure gradient --> using default!
Using initial condition from ../initial_condition/initial_condition-pressure=2.00e-07.csv
Depth averaged turbulent dissipation = 0.000019
Ratio = 0.868262
61.67088603973389
Setting constant concentration for Diatoms @ 200
No initial condition for this pressure gradient --> using default!
Using initial condition from ../initial_condition/initial_condition-pressure=2.00e-07.csv
Depth averaged turbulent dissipation = 0.000019
Ratio = 11.887957
58.95215344429016
Setting constant concentration for Diatoms @ 200
No initial condition for this pressure gradient --> using default!
Using initial condition from ../initial_condition/initial_condition-pressure=2.00e-07.csv
Depth averaged turbulent dissipation = 0.000019
Ratio = 80.482480
61.08030080795288
Setting constant concentration for Diatoms @ 200
No initial condition for this pressure gradient --> using default!
Using initial condition from ../initial_condition/initial_condition-pressure=2.00e-07.csv
Depth averaged turbulent dissipation = 0.000019
Ratio = 10.126127
62.35028314590454
Setting constant concentration for Diatoms @ 200
No initial condition for this pressure gradient --> using default!
Using initial condition from ../initial_condition/initial_condition-pressure=2.00e-07.csv
Depth averaged turbulent dissipation = 0.000019
Ratio = 58.898466
59.63807225227356
Setting constant concentration for Diatoms @ 200
No initial condition for this pressure gradient --> using default!
Using initial condition from ../initial_condition/initial_condition-pressure=2.00e-07.csv
Depth averaged turbulent dissipation = 0.000019
Ratio = 0.490006
72.50349140167236
Setting constant concentration for Diatoms @ 200
No initial condition for this pressure gradient --> using default!
Using initial condition from ../initial_condition/initial_condition-pressure=2.00e-07.csv
Depth averaged turbulent dissipation = 0.000019
Ratio = 0.824687
68.9496591091156
Setting constant concentration for Diatoms @ 200
No initial condition for this pressure gradient --> using default!
Using initial condition from ../initial_condition/initial_condition-pressure=2.00e-07.csv
Depth averaged turbulent dissipation = 0.000019
Ratio = 76.719801
126.1035578250885
Setting constant concentration for Diatoms @ 200
No initial condition for this pressure gradient --> using default!
Using initial condition from ../initial_condition/initial_condition-pressure=2.00e-07.csv
Depth averaged turbulent dissipation = 0.000019
Ratio = 0.608244
128.4279158115387
Setting constant concentration for Diatoms @ 200
No initial condition for this pressure gradient --> using default!
Using initial condition from ../initial_condition/initial_condition-pressure=2.00e-07.csv
Depth averaged turbulent dissipation = 0.000019
Ratio = 1.534247
62.41229867935181
Setting constant concentration for Diatoms @ 200
No initial condition for this pressure gradient --> using default!
Using initial condition from ../initial_condition/initial_condition-pressure=2.00e-07.csv
Depth averaged turbulent dissipation = 0.000019
Ratio = 9.551199
62.10381102561951
Setting constant concentration for Diatoms @ 200
No initial condition for this pressure gradient --> using default!
Using initial condition from ../initial_condition/initial_condition-pressure=2.00e-07.csv
Depth averaged turbulent dissipation = 0.000019
Ratio = 501.696272
68.72283887863159
Setting constant concentration for Diatoms @ 200
No initial condition for this pressure gradient --> using default!
Using initial condition from ../initial_condition/initial_condition-pressure=2.00e-07.csv
Depth averaged turbulent dissipation = 0.000019
Ratio = 371.203857
61.377434730529785
Setting constant concentration for Diatoms @ 200
No initial condition for this pressure gradient --> using default!
Using initial condition from ../initial_condition/initial_condition-pressure=2.00e-07.csv
Depth averaged turbulent dissipation = 0.000019
Ratio = 146.595574
61.39397311210632
Setting constant concentration for Diatoms @ 200
No initial condition for this pressure gradient --> using default!
Using initial condition from ../initial_condition/initial_condition-pressure=2.00e-07.csv
Depth averaged turbulent dissipation = 0.000019
Ratio = 2354.040209
64.93126034736633
Setting constant concentration for Diatoms @ 200
No initial condition for this pressure gradient --> using default!
Using initial condition from ../initial_condition/initial_condition-pressure=2.00e-07.csv
Depth averaged turbulent dissipation = 0.000019
Ratio = 624.218666
58.57113981246948
Setting constant concentration for Diatoms @ 200
No initial condition for this pressure gradient --> using default!
Using initial condition from ../initial_condition/initial_condition-pressure=2.00e-07.csv
Depth averaged turbulent dissipation = 0.000019
Ratio = 2483.393935
63.781206130981445
Setting constant concentration for Diatoms @ 200
No initial condition for this pressure gradient --> using default!
Using initial condition from ../initial_condition/initial_condition-pressure=2.00e-07.csv
Depth averaged turbulent dissipation = 0.000019
Ratio = 4514.336817
63.339876890182495
Setting constant concentration for Diatoms @ 200
No initial condition for this pressure gradient --> using default!
Using initial condition from ../initial_condition/initial_condition-pressure=2.00e-07.csv
Depth averaged turbulent dissipation = 0.000019
Ratio = 224.179258
60.1830267906189
Setting constant concentration for Diatoms @ 200
No initial condition for this pressure gradient --> using default!
Using initial condition from ../initial_condition/initial_condition-pressure=2.00e-07.csv
Depth averaged turbulent dissipation = 0.000019
Ratio = 22.627752
59.581849336624146
Setting constant concentration for Diatoms @ 200
No initial condition for this pressure gradient --> using default!
Using initial condition from ../initial_condition/initial_condition-pressure=2.00e-07.csv
Depth averaged turbulent dissipation = 0.000019
Ratio = 3.699374
62.240535259246826
Setting constant concentration for Diatoms @ 200
No initial condition for this pressure gradient --> using default!
Using initial condition from ../initial_condition/initial_condition-pressure=2.00e-07.csv
Depth averaged turbulent dissipation = 0.000019
Ratio = 0.870787
66.03394365310669
Setting constant concentration for Diatoms @ 200
No initial condition for this pressure gradient --> using default!
Using initial condition from ../initial_condition/initial_condition-pressure=2.00e-07.csv
Depth averaged turbulent dissipation = 0.000019
Ratio = 0.846308
72.85555791854858
Setting constant concentration for Diatoms @ 200
No initial condition for this pressure gradient --> using default!
Using initial condition from ../initial_condition/initial_condition-pressure=2.00e-07.csv
Depth averaged turbulent dissipation = 0.000019
Ratio = 0.771322
68.4112663269043
Setting constant concentration for Diatoms @ 200
No initial condition for this pressure gradient --> using default!
Using initial condition from ../initial_condition/initial_condition-pressure=2.00e-07.csv
Depth averaged turbulent dissipation = 0.000019
Ratio = 4311.554355
69.3471212387085
Setting constant concentration for Diatoms @ 200
No initial condition for this pressure gradient --> using default!
Using initial condition from ../initial_condition/initial_condition-pressure=2.00e-07.csv
Depth averaged turbulent dissipation = 0.000019
Ratio = 20.792361
65.07875156402588
Setting constant concentration for Diatoms @ 200
No initial condition for this pressure gradient --> using default!
Using initial condition from ../initial_condition/initial_condition-pressure=2.00e-07.csv
Depth averaged turbulent dissipation = 0.000019
Ratio = 270.038044
78.27387595176697
Setting constant concentration for Diatoms @ 200
No initial condition for this pressure gradient --> using default!
Using initial condition from ../initial_condition/initial_condition-pressure=2.00e-07.csv
Depth averaged turbulent dissipation = 0.000019
Ratio = 50.340623
81.00577116012573
Setting constant concentration for Diatoms @ 200
No initial condition for this pressure gradient --> using default!
Using initial condition from ../initial_condition/initial_condition-pressure=2.00e-07.csv
Depth averaged turbulent dissipation = 0.000019
Ratio = 4253.025165
77.82407736778259
Setting constant concentration for Diatoms @ 200
No initial condition for this pressure gradient --> using default!
Using initial condition from ../initial_condition/initial_condition-pressure=2.00e-07.csv
Depth averaged turbulent dissipation = 0.000019
Ratio = 63.622773
68.22981858253479
Setting constant concentration for Diatoms @ 200
No initial condition for this pressure gradient --> using default!
Using initial condition from ../initial_condition/initial_condition-pressure=2.00e-07.csv
Depth averaged turbulent dissipation = 0.000019
Ratio = 25.013160
75.12762546539307
Setting constant concentration for Diatoms @ 200
No initial condition for this pressure gradient --> using default!
Using initial condition from ../initial_condition/initial_condition-pressure=2.00e-07.csv
Depth averaged turbulent dissipation = 0.000019
Ratio = 395.282334
60.766730070114136
Setting constant concentration for Diatoms @ 200
No initial condition for this pressure gradient --> using default!
Using initial condition from ../initial_condition/initial_condition-pressure=2.00e-07.csv
Depth averaged turbulent dissipation = 0.000019
Ratio = 19.957282
63.52102327346802
Setting constant concentration for Diatoms @ 200
No initial condition for this pressure gradient --> using default!
Using initial condition from ../initial_condition/initial_condition-pressure=2.00e-07.csv
Depth averaged turbulent dissipation = 0.000019
Ratio = 0.708394
63.80997323989868
Setting constant concentration for Diatoms @ 200
No initial condition for this pressure gradient --> using default!
Using initial condition from ../initial_condition/initial_condition-pressure=2.00e-07.csv
Depth averaged turbulent dissipation = 0.000019
Ratio = 2318.226502
73.84144353866577
Setting constant concentration for Diatoms @ 200
No initial condition for this pressure gradient --> using default!
Using initial condition from ../initial_condition/initial_condition-pressure=2.00e-07.csv
Depth averaged turbulent dissipation = 0.000019
Ratio = 225.582862
73.79358077049255
Setting constant concentration for Diatoms @ 200
No initial condition for this pressure gradient --> using default!
Using initial condition from ../initial_condition/initial_condition-pressure=2.00e-07.csv
Depth averaged turbulent dissipation = 0.000019
Ratio = 3.920918
82.3712067604065
Setting constant concentration for Diatoms @ 200
No initial condition for this pressure gradient --> using default!
Using initial condition from ../initial_condition/initial_condition-pressure=2.00e-07.csv
Depth averaged turbulent dissipation = 0.000019
Ratio = 2.259482
62.52596378326416
Setting constant concentration for Diatoms @ 200
No initial condition for this pressure gradient --> using default!
Using initial condition from ../initial_condition/initial_condition-pressure=2.00e-07.csv
Depth averaged turbulent dissipation = 0.000019
Ratio = 326.046775
75.04433369636536
Setting constant concentration for Diatoms @ 200
No initial condition for this pressure gradient --> using default!
Using initial condition from ../initial_condition/initial_condition-pressure=2.00e-07.csv
Depth averaged turbulent dissipation = 0.000019
Ratio = 14.668510
64.9740662574768
Setting constant concentration for Diatoms @ 200
No initial condition for this pressure gradient --> using default!
Using initial condition from ../initial_condition/initial_condition-pressure=2.00e-07.csv
Depth averaged turbulent dissipation = 0.000019
Ratio = 1834.933139
63.48239731788635
Setting constant concentration for Diatoms @ 200
No initial condition for this pressure gradient --> using default!
Using initial condition from ../initial_condition/initial_condition-pressure=2.00e-07.csv
Depth averaged turbulent dissipation = 0.000019
Ratio = 0.782457
169.42642259597778
Setting constant concentration for Diatoms @ 200
No initial condition for this pressure gradient --> using default!
Using initial condition from ../initial_condition/initial_condition-pressure=2.00e-07.csv
Depth averaged turbulent dissipation = 0.000019
Ratio = 7.519722
84.69543194770813
Setting constant concentration for Diatoms @ 200
No initial condition for this pressure gradient --> using default!
Using initial condition from ../initial_condition/initial_condition-pressure=2.00e-07.csv
Depth averaged turbulent dissipation = 0.000019
Ratio = 9.167124
61.62796688079834
Setting constant concentration for Diatoms @ 200
No initial condition for this pressure gradient --> using default!
Using initial condition from ../initial_condition/initial_condition-pressure=2.00e-07.csv
Depth averaged turbulent dissipation = 0.000019
Ratio = 1.232270
79.06199359893799
Setting constant concentration for Diatoms @ 200
No initial condition for this pressure gradient --> using default!
Using initial condition from ../initial_condition/initial_condition-pressure=2.00e-07.csv
Depth averaged turbulent dissipation = 0.000019
Ratio = 37.335259
78.83185625076294
Setting constant concentration for Diatoms @ 200
No initial condition for this pressure gradient --> using default!
Using initial condition from ../initial_condition/initial_condition-pressure=2.00e-07.csv
Depth averaged turbulent dissipation = 0.000019
Ratio = 836.924023
80.40200972557068
Setting constant concentration for Diatoms @ 200
No initial condition for this pressure gradient --> using default!
Using initial condition from ../initial_condition/initial_condition-pressure=2.00e-07.csv
Depth averaged turbulent dissipation = 0.000019
Ratio = 499.998855
59.800748109817505
Setting constant concentration for Diatoms @ 200
No initial condition for this pressure gradient --> using default!
Using initial condition from ../initial_condition/initial_condition-pressure=2.00e-07.csv
Depth averaged turbulent dissipation = 0.000019
Ratio = 5129.523049
75.30050921440125
Setting constant concentration for Diatoms @ 200
No initial condition for this pressure gradient --> using default!
Using initial condition from ../initial_condition/initial_condition-pressure=2.00e-07.csv
Depth averaged turbulent dissipation = 0.000019
Ratio = 3048.110967
86.03377628326416
Setting constant concentration for Diatoms @ 200
No initial condition for this pressure gradient --> using default!
Using initial condition from ../initial_condition/initial_condition-pressure=2.00e-07.csv
Depth averaged turbulent dissipation = 0.000019
Ratio = 95.618545
70.44394969940186
Setting constant concentration for Diatoms @ 200
No initial condition for this pressure gradient --> using default!
Using initial condition from ../initial_condition/initial_condition-pressure=2.00e-07.csv
Depth averaged turbulent dissipation = 0.000019
Ratio = 8.047277
60.92289733886719
Setting constant concentration for Diatoms @ 200
No initial condition for this pressure gradient --> using default!
Using initial condition from ../initial_condition/initial_condition-pressure=2.00e-07.csv
Depth averaged turbulent dissipation = 0.000019
Ratio = 0.626214
89.17598748207092
Setting constant concentration for Diatoms @ 200
No initial condition for this pressure gradient --> using default!
Using initial condition from ../initial_condition/initial_condition-pressure=2.00e-07.csv
Depth averaged turbulent dissipation = 0.000019
Ratio = 538.399735
148.45114827156067
Setting constant concentration for Diatoms @ 200
No initial condition for this pressure gradient --> using default!
Using initial condition from ../initial_condition/initial_condition-pressure=2.00e-07.csv
Depth averaged turbulent dissipation = 0.000019
Ratio = 0.541145
89.35814595222473
Setting constant concentration for Diatoms @ 200
No initial condition for this pressure gradient --> using default!
Using initial condition from ../initial_condition/initial_condition-pressure=2.00e-07.csv
Depth averaged turbulent dissipation = 0.000019
Ratio = 1183.588097
87.03823852539062
Setting constant concentration for Diatoms @ 200
No initial condition for this pressure gradient --> using default!
Using initial condition from ../initial_condition/initial_condition-pressure=2.00e-07.csv
Depth averaged turbulent dissipation = 0.000019
Ratio = 1.372671
178.7010109424591
Setting constant concentration for Diatoms @ 200
No initial condition for this pressure gradient --> using default!
Using initial condition from ../initial_condition/initial_condition-pressure=2.00e-07.csv
Depth averaged turbulent dissipation = 0.000019
Ratio = 2.520935
84.91792178153992
Setting constant concentration for Diatoms @ 200
No initial condition for this pressure gradient --> using default!
Using initial condition from ../initial_condition/initial_condition-pressure=2.00e-07.csv
Depth averaged turbulent dissipation = 0.000019
Ratio = 73.043909
64.95990252494812
Setting constant concentration for Diatoms @ 200
No initial condition for this pressure gradient --> using default!
Using initial condition from ../initial_condition/initial_condition-pressure=2.00e-07.csv
Depth averaged turbulent dissipation = 0.000019
Ratio = 54.650210
66.99840641021729
Setting constant concentration for Diatoms @ 200
No initial condition for this pressure gradient --> using default!
Using initial condition from ../initial_condition/initial_condition-pressure=2.00e-07.csv
Depth averaged turbulent dissipation = 0.000019
Ratio = 1.509817
174.91119575500488
Setting constant concentration for Diatoms @ 200
No initial condition for this pressure gradient --> using default!
Using initial condition from ../initial_condition/initial_condition-pressure=2.00e-07.csv
Depth averaged turbulent dissipation = 0.000019
Ratio = 75.818342
106.90457653999329
Setting constant concentration for Diatoms @ 200
No initial condition for this pressure gradient --> using default!
Using initial condition from ../initial_condition/initial_condition-pressure=2.00e-07.csv
Depth averaged turbulent dissipation = 0.000019
Ratio = 3759.338428
87.54588794708252
Setting constant concentration for Diatoms @ 200
No initial condition for this pressure gradient --> using default!
Using initial condition from ../initial_condition/initial_condition-pressure=2.00e-07.csv
Depth averaged turbulent dissipation = 0.000019
Ratio = 16.812542
93.32265186309814
Setting constant concentration for Diatoms @ 200
No initial condition for this pressure gradient --> using default!
Using initial condition from ../initial_condition/initial_condition-pressure=2.00e-07.csv
Depth averaged turbulent dissipation = 0.000019
Ratio = 1959.274684
179.112487077713
Setting constant concentration for Diatoms @ 200
No initial condition for this pressure gradient --> using default!
Using initial condition from ../initial_condition/initial_condition-pressure=2.00e-07.csv
Depth averaged turbulent dissipation = 0.000019
Ratio = 1.987276
110.3141188621521
Setting constant concentration for Diatoms @ 200
No initial condition for this pressure gradient --> using default!
Using initial condition from ../initial_condition/initial_condition-pressure=2.00e-07.csv
Depth averaged turbulent dissipation = 0.000019
Ratio = 138.138581
75.56991195678711
Setting constant concentration for Diatoms @ 200
No initial condition for this pressure gradient --> using default!
Using initial condition from ../initial_condition/initial_condition-pressure=2.00e-07.csv
Depth averaged turbulent dissipation = 0.000019
Ratio = 849.258380
62.35261273384094
Setting constant concentration for Diatoms @ 200
No initial condition for this pressure gradient --> using default!
Using initial condition from ../initial_condition/initial_condition-pressure=2.00e-07.csv
Depth averaged turbulent dissipation = 0.000019
Ratio = 144.280649
106.42691278457642
Setting constant concentration for Diatoms @ 200
No initial condition for this pressure gradient --> using default!
Using initial condition from ../initial_condition/initial_condition-pressure=2.00e-07.csv
Depth averaged turbulent dissipation = 0.000019
Ratio = 130.012765
89.31201434135437
Setting constant concentration for Diatoms @ 200
No initial condition for this pressure gradient --> using default!
Using initial condition from ../initial_condition/initial_condition-pressure=2.00e-07.csv
Depth averaged turbulent dissipation = 0.000019
Ratio = 18.345068
83.88518786430359
Setting constant concentration for Diatoms @ 200
No initial condition for this pressure gradient --> using default!
Using initial condition from ../initial_condition/initial_condition-pressure=2.00e-07.csv
Depth averaged turbulent dissipation = 0.000019
Ratio = 50.351030
111.83134746551514
Setting constant concentration for Diatoms @ 200
No initial condition for this pressure gradient --> using default!
Using initial condition from ../initial_condition/initial_condition-pressure=2.00e-07.csv
Depth averaged turbulent dissipation = 0.000019
Ratio = 0.515280
185.6247501373291
Setting constant concentration for Diatoms @ 200
No initial condition for this pressure gradient --> using default!
Using initial condition from ../initial_condition/initial_condition-pressure=2.00e-07.csv
Depth averaged turbulent dissipation = 0.000019
Ratio = 1.911888
63.54375696182251
Setting constant concentration for Diatoms @ 200
No initial condition for this pressure gradient --> using default!
Using initial condition from ../initial_condition/initial_condition-pressure=2.00e-07.csv
Depth averaged turbulent dissipation = 0.000019
Ratio = 10.988556
103.50692176818848
Setting constant concentration for Diatoms @ 200
No initial condition for this pressure gradient --> using default!
Using initial condition from ../initial_condition/initial_condition-pressure=2.00e-07.csv
Depth averaged turbulent dissipation = 0.000019
Ratio = 1.768146
219.1877453327179
Setting constant concentration for Diatoms @ 200
No initial condition for this pressure gradient --> using default!
Using initial condition from ../initial_condition/initial_condition-pressure=2.00e-07.csv
Depth averaged turbulent dissipation = 0.000019
Ratio = 261.564856
66.06685853004456
Setting constant concentration for Diatoms @ 200
No initial condition for this pressure gradient --> using default!
Using initial condition from ../initial_condition/initial_condition-pressure=2.00e-07.csv
Depth averaged turbulent dissipation = 0.000019
Ratio = 2.769281
208.65325808525085
Setting constant concentration for Diatoms @ 200
No initial condition for this pressure gradient --> using default!
Using initial condition from ../initial_condition/initial_condition-pressure=2.00e-07.csv
Depth averaged turbulent dissipation = 0.000019
Ratio = 4.657252
75.01346921920776
Setting constant concentration for Diatoms @ 200
No initial condition for this pressure gradient --> using default!
Using initial condition from ../initial_condition/initial_condition-pressure=2.00e-07.csv
Depth averaged turbulent dissipation = 0.000019
Ratio = 5.482866
65.16558527946472
Setting constant concentration for Diatoms @ 200
No initial condition for this pressure gradient --> using default!
Using initial condition from ../initial_condition/initial_condition-pressure=2.00e-07.csv
Depth averaged turbulent dissipation = 0.000019
Ratio = 319.696650
65.98967337608337
Setting constant concentration for Diatoms @ 200
No initial condition for this pressure gradient --> using default!
Using initial condition from ../initial_condition/initial_condition-pressure=2.00e-07.csv
Depth averaged turbulent dissipation = 0.000019
Ratio = 1.062509
189.4014642238617
Setting constant concentration for Diatoms @ 200
No initial condition for this pressure gradient --> using default!
Using initial condition from ../initial_condition/initial_condition-pressure=2.00e-07.csv
Depth averaged turbulent dissipation = 0.000019
Ratio = 207.766747
65.98407316207886
Setting constant concentration for Diatoms @ 200
No initial condition for this pressure gradient --> using default!
Using initial condition from ../initial_condition/initial_condition-pressure=2.00e-07.csv
Depth averaged turbulent dissipation = 0.000019
Ratio = 61.928446
66.49650502204895
Setting constant concentration for Diatoms @ 200
No initial condition for this pressure gradient --> using default!
Using initial condition from ../initial_condition/initial_condition-pressure=2.00e-07.csv
Depth averaged turbulent dissipation = 0.000019
Ratio = 54.479336
67.73897194862366
Setting constant concentration for Diatoms @ 200
No initial condition for this pressure gradient --> using default!
Using initial condition from ../initial_condition/initial_condition-pressure=2.00e-07.csv
Depth averaged turbulent dissipation = 0.000019
Ratio = 0.663970
223.2064290046692
Setting constant concentration for Diatoms @ 200
No initial condition for this pressure gradient --> using default!
Using initial condition from ../initial_condition/initial_condition-pressure=2.00e-07.csv
Depth averaged turbulent dissipation = 0.000019
Ratio = 2662.770371
70.80315160751343
Setting constant concentration for Diatoms @ 200
No initial condition for this pressure gradient --> using default!
Using initial condition from ../initial_condition/initial_condition-pressure=2.00e-07.csv
Depth averaged turbulent dissipation = 0.000019
Ratio = 118.463014
71.0237364768982
Setting constant concentration for Diatoms @ 200
No initial condition for this pressure gradient --> using default!
Using initial condition from ../initial_condition/initial_condition-pressure=2.00e-07.csv
Depth averaged turbulent dissipation = 0.000019
Ratio = 901.729387
96.91750621795654
Setting constant concentration for Diatoms @ 200
No initial condition for this pressure gradient --> using default!
Using initial condition from ../initial_condition/initial_condition-pressure=2.00e-07.csv
Depth averaged turbulent dissipation = 0.000019
Ratio = 894.482781
74.5964469909668
Setting constant concentration for Diatoms @ 200
No initial condition for this pressure gradient --> using default!
Using initial condition from ../initial_condition/initial_condition-pressure=2.00e-07.csv
Depth averaged turbulent dissipation = 0.000019
Ratio = 19.270278
87.98516392707825
Setting constant concentration for Diatoms @ 200
No initial condition for this pressure gradient --> using default!
Using initial condition from ../initial_condition/initial_condition-pressure=2.00e-07.csv
Depth averaged turbulent dissipation = 0.000019
Ratio = 1.128488
70.32971906661987
Setting constant concentration for Diatoms @ 200
No initial condition for this pressure gradient --> using default!
Using initial condition from ../initial_condition/initial_condition-pressure=2.00e-07.csv
Depth averaged turbulent dissipation = 0.000019
Ratio = 85.336949
100.97602605819702
Setting constant concentration for Diatoms @ 200
No initial condition for this pressure gradient --> using default!
Using initial condition from ../initial_condition/initial_condition-pressure=2.00e-07.csv
Depth averaged turbulent dissipation = 0.000019
Ratio = 3.861354
97.73411870002747
Setting constant concentration for Diatoms @ 200
No initial condition for this pressure gradient --> using default!
Using initial condition from ../initial_condition/initial_condition-pressure=2.00e-07.csv
Depth averaged turbulent dissipation = 0.000019
Ratio = 4876.673517
61.58920407295227
Setting constant concentration for Diatoms @ 200
No initial condition for this pressure gradient --> using default!
Using initial condition from ../initial_condition/initial_condition-pressure=2.00e-07.csv
Depth averaged turbulent dissipation = 0.000019
Ratio = 1860.120755
81.9670774936676
Setting constant concentration for Diatoms @ 200
No initial condition for this pressure gradient --> using default!
Using initial condition from ../initial_condition/initial_condition-pressure=2.00e-07.csv
Depth averaged turbulent dissipation = 0.000019
Ratio = 15.732284
70.30768370628357
Setting constant concentration for Diatoms @ 200
No initial condition for this pressure gradient --> using default!
Using initial condition from ../initial_condition/initial_condition-pressure=2.00e-07.csv
Depth averaged turbulent dissipation = 0.000019
Ratio = 1.327181
75.50259208679199
Setting constant concentration for Diatoms @ 200
No initial condition for this pressure gradient --> using default!
Using initial condition from ../initial_condition/initial_condition-pressure=2.00e-07.csv
Depth averaged turbulent dissipation = 0.000019
Ratio = 13920.693976
76.94877338409424
Setting constant concentration for Diatoms @ 200
No initial condition for this pressure gradient --> using default!
Using initial condition from ../initial_condition/initial_condition-pressure=2.00e-07.csv
Depth averaged turbulent dissipation = 0.000019
Ratio = 313.083091
94.67312622070312
Setting constant concentration for Diatoms @ 200
No initial condition for this pressure gradient --> using default!
Using initial condition from ../initial_condition/initial_condition-pressure=2.00e-07.csv
Depth averaged turbulent dissipation = 0.000019
Ratio = 2364.958896
70.99905562400818
Setting constant concentration for Diatoms @ 200
No initial condition for this pressure gradient --> using default!
Using initial condition from ../initial_condition/initial_condition-pressure=2.00e-07.csv
Depth averaged turbulent dissipation = 0.000019
Ratio = 3605.383592
76.34852027893066
Setting constant concentration for Diatoms @ 200
No initial condition for this pressure gradient --> using default!
Using initial condition from ../initial_condition/initial_condition-pressure=2.00e-07.csv
Depth averaged turbulent dissipation = 0.000019
Ratio = 1.012700
86.01044058799744
Setting constant concentration for Diatoms @ 200
No initial condition for this pressure gradient --> using default!
Using initial condition from ../initial_condition/initial_condition-pressure=2.00e-07.csv
Depth averaged turbulent dissipation = 0.000019
Ratio = 1166.891127
74.09488439559937
Setting constant concentration for Diatoms @ 200
No initial condition for this pressure gradient --> using default!
Using initial condition from ../initial_condition/initial_condition-pressure=2.00e-07.csv
Depth averaged turbulent dissipation = 0.000019
Ratio = 6591.219089
103.61019468307495
Setting constant concentration for Diatoms @ 200
No initial condition for this pressure gradient --> using default!
Using initial condition from ../initial_condition/initial_condition-pressure=2.00e-07.csv
Depth averaged turbulent dissipation = 0.000019
Ratio = 9.105266
77.00065660476685
Setting constant concentration for Diatoms @ 200
No initial condition for this pressure gradient --> using default!
Using initial condition from ../initial_condition/initial_condition-pressure=2.00e-07.csv
Depth averaged turbulent dissipation = 0.000019
Ratio = 23.460167
83.85252094268799
Setting constant concentration for Diatoms @ 200
No initial condition for this pressure gradient --> using default!
Using initial condition from ../initial_condition/initial_condition-pressure=2.00e-07.csv
Depth averaged turbulent dissipation = 0.000019
Ratio = 1.028424
210.70179104804993
Setting constant concentration for Diatoms @ 200
No initial condition for this pressure gradient --> using default!
Using initial condition from ../initial_condition/initial_condition-pressure=2.00e-07.csv
Depth averaged turbulent dissipation = 0.000019
Ratio = 23.768599
172.5120313167572
Setting constant concentration for Diatoms @ 200
No initial condition for this pressure gradient --> using default!
Using initial condition from ../initial_condition/initial_condition-pressure=2.00e-07.csv
Depth averaged turbulent dissipation = 0.000019
Ratio = 1969.184610
111.19587326049805
Setting constant concentration for Diatoms @ 200
No initial condition for this pressure gradient --> using default!
Using initial condition from ../initial_condition/initial_condition-pressure=2.00e-07.csv
Depth averaged turbulent dissipation = 0.000019
Ratio = 7146.730625
75.11972141265869
Setting constant concentration for Diatoms @ 200
No initial condition for this pressure gradient --> using default!
Using initial condition from ../initial_condition/initial_condition-pressure=2.00e-07.csv
Depth averaged turbulent dissipation = 0.000019
Ratio = 2731.015592
58.803125619888306
Setting constant concentration for Diatoms @ 200
No initial condition for this pressure gradient --> using default!
Using initial condition from ../initial_condition/initial_condition-pressure=2.00e-07.csv
Depth averaged turbulent dissipation = 0.000019
Ratio = 17.568675
65.77091145515442
Setting constant concentration for Diatoms @ 200
No initial condition for this pressure gradient --> using default!
Using initial condition from ../initial_condition/initial_condition-pressure=2.00e-07.csv
Depth averaged turbulent dissipation = 0.000019
Ratio = 2.777323
128.2943994998932
Setting constant concentration for Diatoms @ 200
No initial condition for this pressure gradient --> using default!
Using initial condition from ../initial_condition/initial_condition-pressure=2.00e-07.csv
Depth averaged turbulent dissipation = 0.000019
Ratio = 0.581002
229.99980902671814
Setting constant concentration for Diatoms @ 200
No initial condition for this pressure gradient --> using default!
Using initial condition from ../initial_condition/initial_condition-pressure=2.00e-07.csv
Depth averaged turbulent dissipation = 0.000019
Ratio = 742.809525
108.87235713005066
Setting constant concentration for Diatoms @ 200
No initial condition for this pressure gradient --> using default!
Using initial condition from ../initial_condition/initial_condition-pressure=2.00e-07.csv
Depth averaged turbulent dissipation = 0.000019
Ratio = 27.408558
216.27207946777344
Setting constant concentration for Diatoms @ 200
No initial condition for this pressure gradient --> using default!
Using initial condition from ../initial_condition/initial_condition-pressure=2.00e-07.csv
Depth averaged turbulent dissipation = 0.000019
Ratio = 93.730692
157.4537434577942
Setting constant concentration for Diatoms @ 200
No initial condition for this pressure gradient --> using default!
Using initial condition from ../initial_condition/initial_condition-pressure=2.00e-07.csv
Depth averaged turbulent dissipation = 0.000019
Ratio = 35.449137
64.1806275844574
Setting constant concentration for Diatoms @ 200
No initial condition for this pressure gradient --> using default!
Using initial condition from ../initial_condition/initial_condition-pressure=2.00e-07.csv
Depth averaged turbulent dissipation = 0.000019
Ratio = 2507.247771
97.52187514305115
Setting constant concentration for Diatoms @ 200
No initial condition for this pressure gradient --> using default!
Using initial condition from ../initial_condition/initial_condition-pressure=2.00e-07.csv
Depth averaged turbulent dissipation = 0.000019
Ratio = 124.643304
74.24112725257874
Setting constant concentration for Diatoms @ 200
No initial condition for this pressure gradient --> using default!
Using initial condition from ../initial_condition/initial_condition-pressure=2.00e-07.csv
Depth averaged turbulent dissipation = 0.000019
Ratio = 367.613264
99.31664609909058
Setting constant concentration for Diatoms @ 200
No initial condition for this pressure gradient --> using default!
Using initial condition from ../initial_condition/initial_condition-pressure=2.00e-07.csv
Depth averaged turbulent dissipation = 0.000019
Ratio = 0.622058
70.31668663024902
Setting constant concentration for Diatoms @ 200
No initial condition for this pressure gradient --> using default!
Using initial condition from ../initial_condition/initial_condition-pressure=2.00e-07.csv
Depth averaged turbulent dissipation = 0.000019
Ratio = 8.792549
152.4314091205597
Setting constant concentration for Diatoms @ 200
No initial condition for this pressure gradient --> using default!
Using initial condition from ../initial_condition/initial_condition-pressure=2.00e-07.csv
Depth averaged turbulent dissipation = 0.000019
Ratio = 150.616659
128.33247995376587
Setting constant concentration for Diatoms @ 200
No initial condition for this pressure gradient --> using default!
Using initial condition from ../initial_condition/initial_condition-pressure=2.00e-07.csv
Depth averaged turbulent dissipation = 0.000019
Ratio = 34.173561
129.41217708587646
Setting constant concentration for Diatoms @ 200
No initial condition for this pressure gradient --> using default!
Using initial condition from ../initial_condition/initial_condition-pressure=2.00e-07.csv
Depth averaged turbulent dissipation = 0.000019
Ratio = 106.438898
85.88844418525696
Setting constant concentration for Diatoms @ 200
No initial condition for this pressure gradient --> using default!
Using initial condition from ../initial_condition/initial_condition-pressure=2.00e-07.csv
Depth averaged turbulent dissipation = 0.000019
Ratio = 12.023407
65.08409142494202
Setting constant concentration for Diatoms @ 200
No initial condition for this pressure gradient --> using default!
Using initial condition from ../initial_condition/initial_condition-pressure=2.00e-07.csv
Depth averaged turbulent dissipation = 0.000019
Ratio = 226.131821
98.45457315444946
Setting constant concentration for Diatoms @ 200
No initial condition for this pressure gradient --> using default!
Using initial condition from ../initial_condition/initial_condition-pressure=2.00e-07.csv
Depth averaged turbulent dissipation = 0.000019
Ratio = 33.626531
179.46643018722534
Setting constant concentration for Diatoms @ 200
No initial condition for this pressure gradient --> using default!
Using initial condition from ../initial_condition/initial_condition-pressure=2.00e-07.csv
Depth averaged turbulent dissipation = 0.000019
Ratio = 0.874344
63.525073528289795
Setting constant concentration for Diatoms @ 200
No initial condition for this pressure gradient --> using default!
Using initial condition from ../initial_condition/initial_condition-pressure=2.00e-07.csv
Depth averaged turbulent dissipation = 0.000019
Ratio = 3901.583835
64.02816200256348
Setting constant concentration for Diatoms @ 200
No initial condition for this pressure gradient --> using default!
Using initial condition from ../initial_condition/initial_condition-pressure=2.00e-07.csv
Depth averaged turbulent dissipation = 0.000019
Ratio = 244.084765
219.9879457950592
Setting constant concentration for Diatoms @ 200
No initial condition for this pressure gradient --> using default!
Using initial condition from ../initial_condition/initial_condition-pressure=2.00e-07.csv
Depth averaged turbulent dissipation = 0.000019
Ratio = 788.979978
64.35831189155579
Setting constant concentration for Diatoms @ 200
No initial condition for this pressure gradient --> using default!
Using initial condition from ../initial_condition/initial_condition-pressure=2.00e-07.csv
Depth averaged turbulent dissipation = 0.000019
Ratio = 446.465716
76.997141122818
Setting constant concentration for Diatoms @ 200
No initial condition for this pressure gradient --> using default!
Using initial condition from ../initial_condition/initial_condition-pressure=2.00e-07.csv
Depth averaged turbulent dissipation = 0.000019
Ratio = 1103.059672
148.50941705703735
Setting constant concentration for Diatoms @ 200
No initial condition for this pressure gradient --> using default!
Using initial condition from ../initial_condition/initial_condition-pressure=2.00e-07.csv
Depth averaged turbulent dissipation = 0.000019
Ratio = 16.076966
69.97476029396057
Setting constant concentration for Diatoms @ 200
No initial condition for this pressure gradient --> using default!
Using initial condition from ../initial_condition/initial_condition-pressure=2.00e-07.csv
Depth averaged turbulent dissipation = 0.000019
Ratio = 1.089982
105.84856986999512
Setting constant concentration for Diatoms @ 200
No initial condition for this pressure gradient --> using default!
Using initial condition from ../initial_condition/initial_condition-pressure=2.00e-07.csv
Depth averaged turbulent dissipation = 0.000019
Ratio = 4225.195060
155.5783133506775
Setting constant concentration for Diatoms @ 200
No initial condition for this pressure gradient --> using default!
Using initial condition from ../initial_condition/initial_condition-pressure=2.00e-07.csv
Depth averaged turbulent dissipation = 0.000019
Ratio = 0.650145
228.1855490207672
Setting constant concentration for Diatoms @ 200
No initial condition for this pressure gradient --> using default!
Using initial condition from ../initial_condition/initial_condition-pressure=2.00e-07.csv
Depth averaged turbulent dissipation = 0.000019
Ratio = 5977.238470
169.44056844711304
Setting constant concentration for Diatoms @ 200
No initial condition for this pressure gradient --> using default!
Using initial condition from ../initial_condition/initial_condition-pressure=2.00e-07.csv
Depth averaged turbulent dissipation = 0.000019
Ratio = 20.591116
69.75421595573425
Setting constant concentration for Diatoms @ 200
No initial condition for this pressure gradient --> using default!
Using initial condition from ../initial_condition/initial_condition-pressure=2.00e-07.csv
Depth averaged turbulent dissipation = 0.000019
Ratio = 43.399142
72.64680194854736
Setting constant concentration for Diatoms @ 200
No initial condition for this pressure gradient --> using default!
Using initial condition from ../initial_condition/initial_condition-pressure=2.00e-07.csv
Depth averaged turbulent dissipation = 0.000019
Ratio = 1279.176812
125.79027605056763
Setting constant concentration for Diatoms @ 200
No initial condition for this pressure gradient --> using default!
Using initial condition from ../initial_condition/initial_condition-pressure=2.00e-07.csv
Depth averaged turbulent dissipation = 0.000019
Ratio = 2692.503005
71.88858199119568
Setting constant concentration for Diatoms @ 200
No initial condition for this pressure gradient --> using default!
Using initial condition from ../initial_condition/initial_condition-pressure=2.00e-07.csv
Depth averaged turbulent dissipation = 0.000019
Ratio = 62.658823
74.43137383460999
Setting constant concentration for Diatoms @ 200
No initial condition for this pressure gradient --> using default!
Using initial condition from ../initial_condition/initial_condition-pressure=2.00e-07.csv
Depth averaged turbulent dissipation = 0.000019
Ratio = 1576.933284
192.12891101837158
Setting constant concentration for Diatoms @ 200
No initial condition for this pressure gradient --> using default!
Using initial condition from ../initial_condition/initial_condition-pressure=2.00e-07.csv
Depth averaged turbulent dissipation = 0.000019
Ratio = 172.479360
146.14565086364746
Setting constant concentration for Diatoms @ 200
No initial condition for this pressure gradient --> using default!
Using initial condition from ../initial_condition/initial_condition-pressure=2.00e-07.csv
Depth averaged turbulent dissipation = 0.000019
Ratio = 1762.660614
78.1014883518219
Setting constant concentration for Diatoms @ 200
No initial condition for this pressure gradient --> using default!
Using initial condition from ../initial_condition/initial_condition-pressure=2.00e-07.csv
Depth averaged turbulent dissipation = 0.000019
Ratio = 1.704933
147.72562885284424
Setting constant concentration for Diatoms @ 200
No initial condition for this pressure gradient --> using default!
Using initial condition from ../initial_condition/initial_condition-pressure=2.00e-07.csv
Depth averaged turbulent dissipation = 0.000019
Ratio = 991.359373
130.37084031105042
Setting constant concentration for Diatoms @ 200
No initial condition for this pressure gradient --> using default!
Using initial condition from ../initial_condition/initial_condition-pressure=2.00e-07.csv
Depth averaged turbulent dissipation = 0.000019
Ratio = 4.989666
254.04243350028992
Setting constant concentration for Diatoms @ 200
No initial condition for this pressure gradient --> using default!
Using initial condition from ../initial_condition/initial_condition-pressure=2.00e-07.csv
Depth averaged turbulent dissipation = 0.000019
Ratio = 0.594851
94.5086407661438
Setting constant concentration for Diatoms @ 200
No initial condition for this pressure gradient --> using default!
Using initial condition from ../initial_condition/initial_condition-pressure=2.00e-07.csv
Depth averaged turbulent dissipation = 0.000019
Ratio = 5.505854
202.78653717041016
Setting constant concentration for Diatoms @ 200
No initial condition for this pressure gradient --> using default!
Using initial condition from ../initial_condition/initial_condition-pressure=2.00e-07.csv
Depth averaged turbulent dissipation = 0.000019
Ratio = 1494.034909
140.47579145431519
Setting constant concentration for Diatoms @ 200
No initial condition for this pressure gradient --> using default!
Using initial condition from ../initial_condition/initial_condition-pressure=2.00e-07.csv
Depth averaged turbulent dissipation = 0.000019
Ratio = 13.917773
116.12956976890564
Setting constant concentration for Diatoms @ 200
No initial condition for this pressure gradient --> using default!
Using initial condition from ../initial_condition/initial_condition-pressure=2.00e-07.csv
Depth averaged turbulent dissipation = 0.000019
Ratio = 1004.081793
164.18817901611328
Setting constant concentration for Diatoms @ 200
No initial condition for this pressure gradient --> using default!
Using initial condition from ../initial_condition/initial_condition-pressure=2.00e-07.csv
Depth averaged turbulent dissipation = 0.000019
Ratio = 7680.672207
143.7637972831726
Setting constant concentration for Diatoms @ 200
No initial condition for this pressure gradient --> using default!
Using initial condition from ../initial_condition/initial_condition-pressure=2.00e-07.csv
Depth averaged turbulent dissipation = 0.000019
Ratio = 2800.112528
80.05572867393494
Setting constant concentration for Diatoms @ 200
No initial condition for this pressure gradient --> using default!
Using initial condition from ../initial_condition/initial_condition-pressure=2.00e-07.csv
Depth averaged turbulent dissipation = 0.000019
Ratio = 779.661418
138.99958300590515
Setting constant concentration for Diatoms @ 200
No initial condition for this pressure gradient --> using default!
Using initial condition from ../initial_condition/initial_condition-pressure=2.00e-07.csv
Depth averaged turbulent dissipation = 0.000019
Ratio = 2.097116
81.63309454917908
Setting constant concentration for Diatoms @ 200
No initial condition for this pressure gradient --> using default!
Using initial condition from ../initial_condition/initial_condition-pressure=2.00e-07.csv
Depth averaged turbulent dissipation = 0.000019
Ratio = 28.367267
82.05652832984924
Setting constant concentration for Diatoms @ 200
No initial condition for this pressure gradient --> using default!
Using initial condition from ../initial_condition/initial_condition-pressure=2.00e-07.csv
Depth averaged turbulent dissipation = 0.000019
Ratio = 0.691537
62.445823669433594
Setting constant concentration for Diatoms @ 200
No initial condition for this pressure gradient --> using default!
Using initial condition from ../initial_condition/initial_condition-pressure=2.00e-07.csv
Depth averaged turbulent dissipation = 0.000019
Ratio = 265.484447
92.98226141929626
Setting constant concentration for Diatoms @ 200
No initial condition for this pressure gradient --> using default!
Using initial condition from ../initial_condition/initial_condition-pressure=2.00e-07.csv
Depth averaged turbulent dissipation = 0.000019
Ratio = 0.610422
66.00240588188171
Setting constant concentration for Diatoms @ 200
No initial condition for this pressure gradient --> using default!
Using initial condition from ../initial_condition/initial_condition-pressure=2.00e-07.csv
Depth averaged turbulent dissipation = 0.000019
Ratio = 5.161751
124.25004935264587
Setting constant concentration for Diatoms @ 200
No initial condition for this pressure gradient --> using default!
Using initial condition from ../initial_condition/initial_condition-pressure=2.00e-07.csv
Depth averaged turbulent dissipation = 0.000019
Ratio = 237.528836
164.34659337997437
Setting constant concentration for Diatoms @ 200
No initial condition for this pressure gradient --> using default!
Using initial condition from ../initial_condition/initial_condition-pressure=2.00e-07.csv
Depth averaged turbulent dissipation = 0.000019
Ratio = 0.902516
247.01542472839355
Setting constant concentration for Diatoms @ 200
No initial condition for this pressure gradient --> using default!
Using initial condition from ../initial_condition/initial_condition-pressure=2.00e-07.csv
Depth averaged turbulent dissipation = 0.000019
Ratio = 393.887851
139.99034810066223
Setting constant concentration for Diatoms @ 200
No initial condition for this pressure gradient --> using default!
Using initial condition from ../initial_condition/initial_condition-pressure=2.00e-07.csv
Depth averaged turbulent dissipation = 0.000019
Ratio = 0.682858
70.25793433189392
Setting constant concentration for Diatoms @ 200
No initial condition for this pressure gradient --> using default!
Using initial condition from ../initial_condition/initial_condition-pressure=2.00e-07.csv
Depth averaged turbulent dissipation = 0.000019
Ratio = 66.312929
69.300945520401
Setting constant concentration for Diatoms @ 200
No initial condition for this pressure gradient --> using default!
Using initial condition from ../initial_condition/initial_condition-pressure=2.00e-07.csv
Depth averaged turbulent dissipation = 0.000019
Ratio = 710.503645
74.21073484420776
Setting constant concentration for Diatoms @ 200
No initial condition for this pressure gradient --> using default!
Using initial condition from ../initial_condition/initial_condition-pressure=2.00e-07.csv
Depth averaged turbulent dissipation = 0.000019
Ratio = 1.335392
68.68451046943665
Setting constant concentration for Diatoms @ 200
No initial condition for this pressure gradient --> using default!
Using initial condition from ../initial_condition/initial_condition-pressure=2.00e-07.csv
Depth averaged turbulent dissipation = 0.000019
Ratio = 592.094556
70.87153124809265
Setting constant concentration for Diatoms @ 200
No initial condition for this pressure gradient --> using default!
Using initial condition from ../initial_condition/initial_condition-pressure=2.00e-07.csv
Depth averaged turbulent dissipation = 0.000019
Ratio = 2154.358655
95.99234819412231
Setting constant concentration for Diatoms @ 200
No initial condition for this pressure gradient --> using default!
Using initial condition from ../initial_condition/initial_condition-pressure=2.00e-07.csv
Depth averaged turbulent dissipation = 0.000019
Ratio = 7.988922
68.1623260974884
Setting constant concentration for Diatoms @ 200
No initial condition for this pressure gradient --> using default!
Using initial condition from ../initial_condition/initial_condition-pressure=2.00e-07.csv
Depth averaged turbulent dissipation = 0.000019
Ratio = 3.117457
167.41041374206543
Setting constant concentration for Diatoms @ 200
No initial condition for this pressure gradient --> using default!
Using initial condition from ../initial_condition/initial_condition-pressure=2.00e-07.csv
Depth averaged turbulent dissipation = 0.000019
Ratio = 3313.824229
179.44987177848816
Setting constant concentration for Diatoms @ 200
No initial condition for this pressure gradient --> using default!
Using initial condition from ../initial_condition/initial_condition-pressure=2.00e-07.csv
Depth averaged turbulent dissipation = 0.000019
Ratio = 43.371033
144.193128824234
Setting constant concentration for Diatoms @ 200
No initial condition for this pressure gradient --> using default!
Using initial condition from ../initial_condition/initial_condition-pressure=2.00e-07.csv
Depth averaged turbulent dissipation = 0.000019
Ratio = 37.425232
158.2483513355255
Setting constant concentration for Diatoms @ 200
No initial condition for this pressure gradient --> using default!
Using initial condition from ../initial_condition/initial_condition-pressure=2.00e-07.csv
Depth averaged turbulent dissipation = 0.000019
Ratio = 1.141710
162.6765193939209
Setting constant concentration for Diatoms @ 200
No initial condition for this pressure gradient --> using default!
Using initial condition from ../initial_condition/initial_condition-pressure=2.00e-07.csv
Depth averaged turbulent dissipation = 0.000019
Ratio = 7.322842
128.9823558330536
Setting constant concentration for Diatoms @ 200
No initial condition for this pressure gradient --> using default!
Using initial condition from ../initial_condition/initial_condition-pressure=2.00e-07.csv
Depth averaged turbulent dissipation = 0.000019
Ratio = 254.641033
169.65577268600464
Setting constant concentration for Diatoms @ 200
No initial condition for this pressure gradient --> using default!
Using initial condition from ../initial_condition/initial_condition-pressure=2.00e-07.csv
Depth averaged turbulent dissipation = 0.000019
Ratio = 0.650287
185.32428979873657
Setting constant concentration for Diatoms @ 200
No initial condition for this pressure gradient --> using default!
Using initial condition from ../initial_condition/initial_condition-pressure=2.00e-07.csv
Depth averaged turbulent dissipation = 0.000019
Ratio = 4.982237
72.89048552513123
Setting constant concentration for Diatoms @ 200
No initial condition for this pressure gradient --> using default!
Using initial condition from ../initial_condition/initial_condition-pressure=2.00e-07.csv
Depth averaged turbulent dissipation = 0.000019
Ratio = 9.789714
70.69938397407532
Setting constant concentration for Diatoms @ 200
No initial condition for this pressure gradient --> using default!
Using initial condition from ../initial_condition/initial_condition-pressure=2.00e-07.csv
Depth averaged turbulent dissipation = 0.000019
Ratio = 558.360284
99.95790433883667
Setting constant concentration for Diatoms @ 200
No initial condition for this pressure gradient --> using default!
Using initial condition from ../initial_condition/initial_condition-pressure=2.00e-07.csv
Depth averaged turbulent dissipation = 0.000019
Ratio = 3090.835574
77.24686646461487
Setting constant concentration for Diatoms @ 200
No initial condition for this pressure gradient --> using default!
Using initial condition from ../initial_condition/initial_condition-pressure=2.00e-07.csv
Depth averaged turbulent dissipation = 0.000019
Ratio = 224.583630
72.47920036315918
Setting constant concentration for Diatoms @ 200
No initial condition for this pressure gradient --> using default!
Using initial condition from ../initial_condition/initial_condition-pressure=2.00e-07.csv
Depth averaged turbulent dissipation = 0.000019
Ratio = 148.988068
188.53091526031494
Setting constant concentration for Diatoms @ 200
No initial condition for this pressure gradient --> using default!
Using initial condition from ../initial_condition/initial_condition-pressure=2.00e-07.csv
Depth averaged turbulent dissipation = 0.000019
Ratio = 163.476622
73.33621788024902
Setting constant concentration for Diatoms @ 200
No initial condition for this pressure gradient --> using default!
Using initial condition from ../initial_condition/initial_condition-pressure=2.00e-07.csv
Depth averaged turbulent dissipation = 0.000019
Ratio = 30.172488
268.31408882141113
Setting constant concentration for Diatoms @ 200
No initial condition for this pressure gradient --> using default!
Using initial condition from ../initial_condition/initial_condition-pressure=2.00e-07.csv
Depth averaged turbulent dissipation = 0.000019
Ratio = 69.474404
160.54215931892395
Setting constant concentration for Diatoms @ 200
No initial condition for this pressure gradient --> using default!
Using initial condition from ../initial_condition/initial_condition-pressure=2.00e-07.csv
Depth averaged turbulent dissipation = 0.000019
Ratio = 1488.704640
186.26243329048157
Setting constant concentration for Diatoms @ 200
No initial condition for this pressure gradient --> using default!
Using initial condition from ../initial_condition/initial_condition-pressure=2.00e-07.csv
Depth averaged turbulent dissipation = 0.000019
Ratio = 32.175744
82.27639174461365
Setting constant concentration for Diatoms @ 200
No initial condition for this pressure gradient --> using default!
Using initial condition from ../initial_condition/initial_condition-pressure=2.00e-07.csv
Depth averaged turbulent dissipation = 0.000019
Ratio = 1.815344
180.54625463485718
Setting constant concentration for Diatoms @ 200
No initial condition for this pressure gradient --> using default!
Using initial condition from ../initial_condition/initial_condition-pressure=2.00e-07.csv
Depth averaged turbulent dissipation = 0.000019
Ratio = 2819.870163
114.02499604225159
Setting constant concentration for Diatoms @ 200
No initial condition for this pressure gradient --> using default!
Using initial condition from ../initial_condition/initial_condition-pressure=2.00e-07.csv
Depth averaged turbulent dissipation = 0.000019
Ratio = 6.481636
177.90159845352173
Setting constant concentration for Diatoms @ 200
No initial condition for this pressure gradient --> using default!
Using initial condition from ../initial_condition/initial_condition-pressure=2.00e-07.csv
Depth averaged turbulent dissipation = 0.000019
Ratio = 0.753607
172.20903611183167
Setting constant concentration for Diatoms @ 200
No initial condition for this pressure gradient --> using default!
Using initial condition from ../initial_condition/initial_condition-pressure=2.00e-07.csv
Depth averaged turbulent dissipation = 0.000019
Ratio = 1.777793
155.7715392112732
Setting constant concentration for Diatoms @ 200
No initial condition for this pressure gradient --> using default!
Using initial condition from ../initial_condition/initial_condition-pressure=2.00e-07.csv
Depth averaged turbulent dissipation = 0.000019
Ratio = 46.678186
183.77649760246277
Setting constant concentration for Diatoms @ 200
No initial condition for this pressure gradient --> using default!
Using initial condition from ../initial_condition/initial_condition-pressure=2.00e-07.csv
Depth averaged turbulent dissipation = 0.000019
Ratio = 24.087167
128.05024123191833
Setting constant concentration for Diatoms @ 200
No initial condition for this pressure gradient --> using default!
Using initial condition from ../initial_condition/initial_condition-pressure=2.00e-07.csv
Depth averaged turbulent dissipation = 0.000019
Ratio = 1.892584
87.50519728660583
Setting constant concentration for Diatoms @ 200
No initial condition for this pressure gradient --> using default!
Using initial condition from ../initial_condition/initial_condition-pressure=2.00e-07.csv
Depth averaged turbulent dissipation = 0.000019
Ratio = 2.246586
146.1415638923645
Setting constant concentration for Diatoms @ 200
No initial condition for this pressure gradient --> using default!
Using initial condition from ../initial_condition/initial_condition-pressure=2.00e-07.csv
Depth averaged turbulent dissipation = 0.000019
Ratio = 886.639434
88.1391282081604
Setting constant concentration for Diatoms @ 200
No initial condition for this pressure gradient --> using default!
Using initial condition from ../initial_condition/initial_condition-pressure=2.00e-07.csv
Depth averaged turbulent dissipation = 0.000019
Ratio = 13.402072
155.62909984588623
Setting constant concentration for Diatoms @ 200
No initial condition for this pressure gradient --> using default!
Using initial condition from ../initial_condition/initial_condition-pressure=2.00e-07.csv
Depth averaged turbulent dissipation = 0.000019
Ratio = 11.448466
98.18392372131348
Setting constant concentration for Diatoms @ 200
No initial condition for this pressure gradient --> using default!
Using initial condition from ../initial_condition/initial_condition-pressure=2.00e-07.csv
Depth averaged turbulent dissipation = 0.000019
Ratio = 0.763137
154.35578894615173
Setting constant concentration for Diatoms @ 200
No initial condition for this pressure gradient --> using default!
Using initial condition from ../initial_condition/initial_condition-pressure=2.00e-07.csv
Depth averaged turbulent dissipation = 0.000019
Ratio = 4705.846389
121.57501888275146
Setting constant concentration for Diatoms @ 200
No initial condition for this pressure gradient --> using default!
Using initial condition from ../initial_condition/initial_condition-pressure=2.00e-07.csv
Depth averaged turbulent dissipation = 0.000019
Ratio = 1094.198650
180.71577620506287
Setting constant concentration for Diatoms @ 200
No initial condition for this pressure gradient --> using default!
Using initial condition from ../initial_condition/initial_condition-pressure=2.00e-07.csv
Depth averaged turbulent dissipation = 0.000019
Ratio = 397.677010
128.3337893486023
Setting constant concentration for Diatoms @ 200
No initial condition for this pressure gradient --> using default!
Using initial condition from ../initial_condition/initial_condition-pressure=2.00e-07.csv
Depth averaged turbulent dissipation = 0.000019
Ratio = 9136.613153
147.37965393066406
Setting constant concentration for Diatoms @ 200
No initial condition for this pressure gradient --> using default!
Using initial condition from ../initial_condition/initial_condition-pressure=2.00e-07.csv
Depth averaged turbulent dissipation = 0.000019
Ratio = 473.575187
89.46759963035583
Setting constant concentration for Diatoms @ 200
No initial condition for this pressure gradient --> using default!
Using initial condition from ../initial_condition/initial_condition-pressure=2.00e-07.csv
Depth averaged turbulent dissipation = 0.000019
Ratio = 6.653699
117.69163465499878
Setting constant concentration for Diatoms @ 200
No initial condition for this pressure gradient --> using default!
Using initial condition from ../initial_condition/initial_condition-pressure=2.00e-07.csv
Depth averaged turbulent dissipation = 0.000019
Ratio = 5.799896
159.43684911727905
Setting constant concentration for Diatoms @ 200
No initial condition for this pressure gradient --> using default!
Using initial condition from ../initial_condition/initial_condition-pressure=2.00e-07.csv
Depth averaged turbulent dissipation = 0.000019
Ratio = 938.120744
122.94263768196106
Setting constant concentration for Diatoms @ 200
No initial condition for this pressure gradient --> using default!
Using initial condition from ../initial_condition/initial_condition-pressure=2.00e-07.csv
Depth averaged turbulent dissipation = 0.000019
Ratio = 2.058202
117.81614518165588
Setting constant concentration for Diatoms @ 200
No initial condition for this pressure gradient --> using default!
Using initial condition from ../initial_condition/initial_condition-pressure=2.00e-07.csv
Depth averaged turbulent dissipation = 0.000019
Ratio = 12.669189
132.96944212913513
Setting constant concentration for Diatoms @ 200
No initial condition for this pressure gradient --> using default!
Using initial condition from ../initial_condition/initial_condition-pressure=2.00e-07.csv
Depth averaged turbulent dissipation = 0.000019
Ratio = 9.268815
148.1876676082611
Setting constant concentration for Diatoms @ 200
No initial condition for this pressure gradient --> using default!
Using initial condition from ../initial_condition/initial_condition-pressure=2.00e-07.csv
Depth averaged turbulent dissipation = 0.000019
Ratio = 2.449645
92.57776927947998
Setting constant concentration for Diatoms @ 200
No initial condition for this pressure gradient --> using default!
Using initial condition from ../initial_condition/initial_condition-pressure=2.00e-07.csv
Depth averaged turbulent dissipation = 0.000019
Ratio = 2511.128546
132.54094862937927
Setting constant concentration for Diatoms @ 200
No initial condition for this pressure gradient --> using default!
Using initial condition from ../initial_condition/initial_condition-pressure=2.00e-07.csv
Depth averaged turbulent dissipation = 0.000019
Ratio = 41.770570
129.80833339691162
Setting constant concentration for Diatoms @ 200
No initial condition for this pressure gradient --> using default!
Using initial condition from ../initial_condition/initial_condition-pressure=2.00e-07.csv
Depth averaged turbulent dissipation = 0.000019
Ratio = 0.933580
281.6912274360657
Setting constant concentration for Diatoms @ 200
No initial condition for this pressure gradient --> using default!
Using initial condition from ../initial_condition/initial_condition-pressure=2.00e-07.csv
Depth averaged turbulent dissipation = 0.000019
Ratio = 7.603757
183.82166123390198
Setting constant concentration for Diatoms @ 200
No initial condition for this pressure gradient --> using default!
Using initial condition from ../initial_condition/initial_condition-pressure=2.00e-07.csv
Depth averaged turbulent dissipation = 0.000019
Ratio = 21.646219
199.02853679656982
Setting constant concentration for Diatoms @ 200
No initial condition for this pressure gradient --> using default!
Using initial condition from ../initial_condition/initial_condition-pressure=2.00e-07.csv
Depth averaged turbulent dissipation = 0.000019
Ratio = 923.980792
196.35407185554504
Setting constant concentration for Diatoms @ 200
No initial condition for this pressure gradient --> using default!
Using initial condition from ../initial_condition/initial_condition-pressure=2.00e-07.csv
Depth averaged turbulent dissipation = 0.000019
Ratio = 34.714025
253.73406553268433
Setting constant concentration for Diatoms @ 200
No initial condition for this pressure gradient --> using default!
Using initial condition from ../initial_condition/initial_condition-pressure=2.00e-07.csv
Depth averaged turbulent dissipation = 0.000019
Ratio = 5226.894697
161.31828451156616
Setting constant concentration for Diatoms @ 200
No initial condition for this pressure gradient --> using default!
Using initial condition from ../initial_condition/initial_condition-pressure=2.00e-07.csv
Depth averaged turbulent dissipation = 0.000019
Ratio = 1.064049
181.07570481300354
Setting constant concentration for Diatoms @ 200
No initial condition for this pressure gradient --> using default!
Using initial condition from ../initial_condition/initial_condition-pressure=2.00e-07.csv
Depth averaged turbulent dissipation = 0.000019
Ratio = 109.813507
99.83379626274109
Setting constant concentration for Diatoms @ 200
No initial condition for this pressure gradient --> using default!
Using initial condition from ../initial_condition/initial_condition-pressure=2.00e-07.csv
Depth averaged turbulent dissipation = 0.000019
Ratio = 4.894217
120.18333721160889
Setting constant concentration for Diatoms @ 200
No initial condition for this pressure gradient --> using default!
Using initial condition from ../initial_condition/initial_condition-pressure=2.00e-07.csv
Depth averaged turbulent dissipation = 0.000019
Ratio = 5.181129
281.97861313819885
Setting constant concentration for Diatoms @ 200
No initial condition for this pressure gradient --> using default!
Using initial condition from ../initial_condition/initial_condition-pressure=2.00e-07.csv
Depth averaged turbulent dissipation = 0.000019
Ratio = 155.384511
190.61532831192017
Setting constant concentration for Diatoms @ 200
No initial condition for this pressure gradient --> using default!
Using initial condition from ../initial_condition/initial_condition-pressure=2.00e-07.csv
Depth averaged turbulent dissipation = 0.000019
Ratio = 3598.051926
239.99724817276
Setting constant concentration for Diatoms @ 200
No initial condition for this pressure gradient --> using default!
Using initial condition from ../initial_condition/initial_condition-pressure=2.00e-07.csv
Depth averaged turbulent dissipation = 0.000019
Ratio = 5.337641
201.37475681304932
Setting constant concentration for Diatoms @ 200
No initial condition for this pressure gradient --> using default!
Using initial condition from ../initial_condition/initial_condition-pressure=2.00e-07.csv
Depth averaged turbulent dissipation = 0.000019
Ratio = 198.826304
181.58243036270142
Setting constant concentration for Diatoms @ 200
No initial condition for this pressure gradient --> using default!
Using initial condition from ../initial_condition/initial_condition-pressure=2.00e-07.csv
Depth averaged turbulent dissipation = 0.000019
Ratio = 15.362212
184.39387893676758
Setting constant concentration for Diatoms @ 200
No initial condition for this pressure gradient --> using default!
Using initial condition from ../initial_condition/initial_condition-pressure=2.00e-07.csv
Depth averaged turbulent dissipation = 0.000019
Ratio = 10.729362
217.91559505462646
Setting constant concentration for Diatoms @ 200
No initial condition for this pressure gradient --> using default!
Using initial condition from ../initial_condition/initial_condition-pressure=2.00e-07.csv
Depth averaged turbulent dissipation = 0.000019
Ratio = 1.246154
287.801616191864
Setting constant concentration for Diatoms @ 200
No initial condition for this pressure gradient --> using default!
Using initial condition from ../initial_condition/initial_condition-pressure=2.00e-07.csv
Depth averaged turbulent dissipation = 0.000019
Ratio = 31.366008
205.14630222320557
Setting constant concentration for Diatoms @ 200
No initial condition for this pressure gradient --> using default!
Using initial condition from ../initial_condition/initial_condition-pressure=2.00e-07.csv
Depth averaged turbulent dissipation = 0.000019
Ratio = 1974.294040
136.1898980140686
Setting constant concentration for Diatoms @ 200
No initial condition for this pressure gradient --> using default!
Using initial condition from ../initial_condition/initial_condition-pressure=2.00e-07.csv
Depth averaged turbulent dissipation = 0.000019
Ratio = 698.411534
184.07667684555054
Setting constant concentration for Diatoms @ 200
No initial condition for this pressure gradient --> using default!
Using initial condition from ../initial_condition/initial_condition-pressure=2.00e-07.csv
Depth averaged turbulent dissipation = 0.000019
Ratio = 5.238730
215.52768564224243
Setting constant concentration for Diatoms @ 200
No initial condition for this pressure gradient --> using default!
Using initial condition from ../initial_condition/initial_condition-pressure=2.00e-07.csv
Depth averaged turbulent dissipation = 0.000019
Ratio = 2886.993731
237.67598795890808
Setting constant concentration for Diatoms @ 200
No initial condition for this pressure gradient --> using default!
Using initial condition from ../initial_condition/initial_condition-pressure=2.00e-07.csv
Depth averaged turbulent dissipation = 0.000019
Ratio = 6.781504
304.6433207988739
Setting constant concentration for Diatoms @ 200
No initial condition for this pressure gradient --> using default!
Using initial condition from ../initial_condition/initial_condition-pressure=2.00e-07.csv
Depth averaged turbulent dissipation = 0.000019
Ratio = 4.821473
212.29590153694153
Setting constant concentration for Diatoms @ 200
No initial condition for this pressure gradient --> using default!
Using initial condition from ../initial_condition/initial_condition-pressure=2.00e-07.csv
Depth averaged turbulent dissipation = 0.000019
Ratio = 10.104376
229.2600803375244
Setting constant concentration for Diatoms @ 200
No initial condition for this pressure gradient --> using default!
Using initial condition from ../initial_condition/initial_condition-pressure=2.00e-07.csv
Depth averaged turbulent dissipation = 0.000019
Ratio = 614.911112
161.03065133094788
Setting constant concentration for Diatoms @ 200
No initial condition for this pressure gradient --> using default!
Using initial condition from ../initial_condition/initial_condition-pressure=2.00e-07.csv
Depth averaged turbulent dissipation = 0.000019
Ratio = 13109.349854
130.23622226715088
Setting constant concentration for Diatoms @ 200
No initial condition for this pressure gradient --> using default!
Using initial condition from ../initial_condition/initial_condition-pressure=2.00e-07.csv
Depth averaged turbulent dissipation = 0.000019
Ratio = 1.170033
186.43454241752625
Setting constant concentration for Diatoms @ 200
No initial condition for this pressure gradient --> using default!
Using initial condition from ../initial_condition/initial_condition-pressure=2.00e-07.csv
Depth averaged turbulent dissipation = 0.000019
Ratio = 6794.976164
235.15504240989685
Setting constant concentration for Diatoms @ 200
No initial condition for this pressure gradient --> using default!
Using initial condition from ../initial_condition/initial_condition-pressure=2.00e-07.csv
Depth averaged turbulent dissipation = 0.000019
Ratio = 2.379279
106.0260009765625
Setting constant concentration for Diatoms @ 200
No initial condition for this pressure gradient --> using default!
Using initial condition from ../initial_condition/initial_condition-pressure=2.00e-07.csv
Depth averaged turbulent dissipation = 0.000019
Ratio = 44.580190
186.27208065986633
Setting constant concentration for Diatoms @ 200
No initial condition for this pressure gradient --> using default!
Using initial condition from ../initial_condition/initial_condition-pressure=2.00e-07.csv
Depth averaged turbulent dissipation = 0.000019
Ratio = 0.984331
144.41038703918457
Setting constant concentration for Diatoms @ 200
No initial condition for this pressure gradient --> using default!
Using initial condition from ../initial_condition/initial_condition-pressure=2.00e-07.csv
Depth averaged turbulent dissipation = 0.000019
Ratio = 0.899733
141.91319799423218
Setting constant concentration for Diatoms @ 200
No initial condition for this pressure gradient --> using default!
Using initial condition from ../initial_condition/initial_condition-pressure=2.00e-07.csv
Depth averaged turbulent dissipation = 0.000019
Ratio = 3.852373
135.1745536327362
Setting constant concentration for Diatoms @ 200
No initial condition for this pressure gradient --> using default!
Using initial condition from ../initial_condition/initial_condition-pressure=2.00e-07.csv
Depth averaged turbulent dissipation = 0.000019
Ratio = 1.972532
107.28590440750122
Setting constant concentration for Diatoms @ 200
No initial condition for this pressure gradient --> using default!
Using initial condition from ../initial_condition/initial_condition-pressure=2.00e-07.csv
Depth averaged turbulent dissipation = 0.000019
Ratio = 6.132674
223.8877148628235
Setting constant concentration for Diatoms @ 200
No initial condition for this pressure gradient --> using default!
Using initial condition from ../initial_condition/initial_condition-pressure=2.00e-07.csv
Depth averaged turbulent dissipation = 0.000019
Ratio = 20.456371
258.63376331329346
Setting constant concentration for Diatoms @ 200
No initial condition for this pressure gradient --> using default!
Using initial condition from ../initial_condition/initial_condition-pressure=2.00e-07.csv
Depth averaged turbulent dissipation = 0.000019
Ratio = 112.468926
234.15817642211914
Setting constant concentration for Diatoms @ 200
No initial condition for this pressure gradient --> using default!
Using initial condition from ../initial_condition/initial_condition-pressure=2.00e-07.csv
Depth averaged turbulent dissipation = 0.000019
Ratio = 4.500409
192.03825688362122
Setting constant concentration for Diatoms @ 200
No initial condition for this pressure gradient --> using default!
Using initial condition from ../initial_condition/initial_condition-pressure=2.00e-07.csv
Depth averaged turbulent dissipation = 0.000019
Ratio = 2.782814
178.6392319202423
Setting constant concentration for Diatoms @ 200
No initial condition for this pressure gradient --> using default!
Using initial condition from ../initial_condition/initial_condition-pressure=2.00e-07.csv
Depth averaged turbulent dissipation = 0.000019
Ratio = 192.006592
213.09842824935913
Setting constant concentration for Diatoms @ 200
No initial condition for this pressure gradient --> using default!
Using initial condition from ../initial_condition/initial_condition-pressure=2.00e-07.csv
Depth averaged turbulent dissipation = 0.000019
Ratio = 958.021857
140.28998160362244
Setting constant concentration for Diatoms @ 200
No initial condition for this pressure gradient --> using default!
Using initial condition from ../initial_condition/initial_condition-pressure=2.00e-07.csv
Depth averaged turbulent dissipation = 0.000019
Ratio = 7.629667
295.57248854637146
Setting constant concentration for Diatoms @ 200
No initial condition for this pressure gradient --> using default!
Using initial condition from ../initial_condition/initial_condition-pressure=2.00e-07.csv
Depth averaged turbulent dissipation = 0.000019
Ratio = 53.255095
149.6897964477539
Setting constant concentration for Diatoms @ 200
No initial condition for this pressure gradient --> using default!
Using initial condition from ../initial_condition/initial_condition-pressure=2.00e-07.csv
Depth averaged turbulent dissipation = 0.000019
Ratio = 1.077558
243.81628394126892
Setting constant concentration for Diatoms @ 200
No initial condition for this pressure gradient --> using default!
Using initial condition from ../initial_condition/initial_condition-pressure=2.00e-07.csv
Depth averaged turbulent dissipation = 0.000019
Ratio = 1537.100343
200.85971426963806
Setting constant concentration for Diatoms @ 200
No initial condition for this pressure gradient --> using default!
Using initial condition from ../initial_condition/initial_condition-pressure=2.00e-07.csv
Depth averaged turbulent dissipation = 0.000019
Ratio = 3.687753
142.28625011444092
Setting constant concentration for Diatoms @ 200
No initial condition for this pressure gradient --> using default!
Using initial condition from ../initial_condition/initial_condition-pressure=2.00e-07.csv
Depth averaged turbulent dissipation = 0.000019
Ratio = 1242.679127
178.43284440040588
Setting constant concentration for Diatoms @ 200
No initial condition for this pressure gradient --> using default!
Using initial condition from ../initial_condition/initial_condition-pressure=2.00e-07.csv
Depth averaged turbulent dissipation = 0.000019
Ratio = 0.674887
229.14225149154663
Setting constant concentration for Diatoms @ 200
No initial condition for this pressure gradient --> using default!
Using initial condition from ../initial_condition/initial_condition-pressure=2.00e-07.csv
Depth averaged turbulent dissipation = 0.000019
Ratio = 3945.209473
145.6866934299469
Setting constant concentration for Diatoms @ 200
No initial condition for this pressure gradient --> using default!
Using initial condition from ../initial_condition/initial_condition-pressure=2.00e-07.csv
Depth averaged turbulent dissipation = 0.000019
Ratio = 20.836913
230.61176085472107
Setting constant concentration for Diatoms @ 200
No initial condition for this pressure gradient --> using default!
Using initial condition from ../initial_condition/initial_condition-pressure=2.00e-07.csv
Depth averaged turbulent dissipation = 0.000019
Ratio = 138.633569
116.09245538711548
Setting constant concentration for Diatoms @ 200
No initial condition for this pressure gradient --> using default!
Using initial condition from ../initial_condition/initial_condition-pressure=2.00e-07.csv
Depth averaged turbulent dissipation = 0.000019
Ratio = 15.278502
301.95317912101746
Setting constant concentration for Diatoms @ 200
No initial condition for this pressure gradient --> using default!
Using initial condition from ../initial_condition/initial_condition-pressure=2.00e-07.csv
Depth averaged turbulent dissipation = 0.000019
Ratio = 1321.574515
183.66633200645447
Setting constant concentration for Diatoms @ 200
No initial condition for this pressure gradient --> using default!
Using initial condition from ../initial_condition/initial_condition-pressure=2.00e-07.csv
Depth averaged turbulent dissipation = 0.000019
Ratio = 70.940669
146.44516134262085
Setting constant concentration for Diatoms @ 200
No initial condition for this pressure gradient --> using default!
Using initial condition from ../initial_condition/initial_condition-pressure=2.00e-07.csv
Depth averaged turbulent dissipation = 0.000019
Ratio = 7229.314552
228.26892161369324
Setting constant concentration for Diatoms @ 200
No initial condition for this pressure gradient --> using default!
Using initial condition from ../initial_condition/initial_condition-pressure=2.00e-07.csv
Depth averaged turbulent dissipation = 0.000019
Ratio = 99.180210
236.267920255661
Setting constant concentration for Diatoms @ 200
No initial condition for this pressure gradient --> using default!
Using initial condition from ../initial_condition/initial_condition-pressure=2.00e-07.csv
Depth averaged turbulent dissipation = 0.000019
Ratio = 34.182580
218.04589581489563
Setting constant concentration for Diatoms @ 200
No initial condition for this pressure gradient --> using default!
Using initial condition from ../initial_condition/initial_condition-pressure=2.00e-07.csv
Depth averaged turbulent dissipation = 0.000019
Ratio = 0.650536
274.7457058429718
Setting constant concentration for Diatoms @ 200
No initial condition for this pressure gradient --> using default!
Using initial condition from ../initial_condition/initial_condition-pressure=2.00e-07.csv
Depth averaged turbulent dissipation = 0.000019
Ratio = 53.860826
229.56360626220703
Setting constant concentration for Diatoms @ 200
No initial condition for this pressure gradient --> using default!
Using initial condition from ../initial_condition/initial_condition-pressure=2.00e-07.csv
Depth averaged turbulent dissipation = 0.000019
Ratio = 0.554292
218.46970915794373
Setting constant concentration for Diatoms @ 200
No initial condition for this pressure gradient --> using default!
Using initial condition from ../initial_condition/initial_condition-pressure=2.00e-07.csv
Depth averaged turbulent dissipation = 0.000019
Ratio = 0.777079
153.26949453353882
Setting constant concentration for Diatoms @ 200
No initial condition for this pressure gradient --> using default!
Using initial condition from ../initial_condition/initial_condition-pressure=2.00e-07.csv
Depth averaged turbulent dissipation = 0.000019
Ratio = 7.048717
222.4625518321991
Setting constant concentration for Diatoms @ 200
No initial condition for this pressure gradient --> using default!
Using initial condition from ../initial_condition/initial_condition-pressure=2.00e-07.csv
Depth averaged turbulent dissipation = 0.000019
Ratio = 26.159353
158.48606252670288
Setting constant concentration for Diatoms @ 200
No initial condition for this pressure gradient --> using default!
Using initial condition from ../initial_condition/initial_condition-pressure=2.00e-07.csv
Depth averaged turbulent dissipation = 0.000019
Ratio = 2224.265739
129.9081084728241
Setting constant concentration for Diatoms @ 200
No initial condition for this pressure gradient --> using default!
Using initial condition from ../initial_condition/initial_condition-pressure=2.00e-07.csv
Depth averaged turbulent dissipation = 0.000019
Ratio = 19.141389
213.42454409599304
Setting constant concentration for Diatoms @ 200
No initial condition for this pressure gradient --> using default!
Using initial condition from ../initial_condition/initial_condition-pressure=2.00e-07.csv
Depth averaged turbulent dissipation = 0.000019
Ratio = 4.058732
233.88276362419128
Setting constant concentration for Diatoms @ 200
No initial condition for this pressure gradient --> using default!
Using initial condition from ../initial_condition/initial_condition-pressure=2.00e-07.csv
Depth averaged turbulent dissipation = 0.000019
Ratio = 0.528140
216.36653995513916
Setting constant concentration for Diatoms @ 200
No initial condition for this pressure gradient --> using default!
Using initial condition from ../initial_condition/initial_condition-pressure=2.00e-07.csv
Depth averaged turbulent dissipation = 0.000019
Ratio = 16.843452
127.83470129966736
Setting constant concentration for Diatoms @ 200
No initial condition for this pressure gradient --> using default!
Using initial condition from ../initial_condition/initial_condition-pressure=2.00e-07.csv
Depth averaged turbulent dissipation = 0.000019
Ratio = 47.536215
157.59677577018738
Setting constant concentration for Diatoms @ 200
No initial condition for this pressure gradient --> using default!
Using initial condition from ../initial_condition/initial_condition-pressure=2.00e-07.csv
Depth averaged turbulent dissipation = 0.000019
Ratio = 599.115299
159.48539876937866
Setting constant concentration for Diatoms @ 200
No initial condition for this pressure gradient --> using default!
Using initial condition from ../initial_condition/initial_condition-pressure=2.00e-07.csv
Depth averaged turbulent dissipation = 0.000019
Ratio = 5355.915846
162.98246431350708
Setting constant concentration for Diatoms @ 200
No initial condition for this pressure gradient --> using default!
Using initial condition from ../initial_condition/initial_condition-pressure=2.00e-07.csv
Depth averaged turbulent dissipation = 0.000019
Ratio = 29.783734
157.42420887947083
Setting constant concentration for Diatoms @ 200
No initial condition for this pressure gradient --> using default!
Using initial condition from ../initial_condition/initial_condition-pressure=2.00e-07.csv
Depth averaged turbulent dissipation = 0.000019
Ratio = 4.341012
157.64129114151
Setting constant concentration for Diatoms @ 200
No initial condition for this pressure gradient --> using default!
Using initial condition from ../initial_condition/initial_condition-pressure=2.00e-07.csv
Depth averaged turbulent dissipation = 0.000019
Ratio = 122.216692
206.95257806777954
Setting constant concentration for Diatoms @ 200
No initial condition for this pressure gradient --> using default!
Using initial condition from ../initial_condition/initial_condition-pressure=2.00e-07.csv
Depth averaged turbulent dissipation = 0.000019
Ratio = 1.853615
226.71092581748962
Setting constant concentration for Diatoms @ 200
No initial condition for this pressure gradient --> using default!
Using initial condition from ../initial_condition/initial_condition-pressure=2.00e-07.csv
Depth averaged turbulent dissipation = 0.000019
Ratio = 303.296460
163.9022753238678
Setting constant concentration for Diatoms @ 200
No initial condition for this pressure gradient --> using default!
Using initial condition from ../initial_condition/initial_condition-pressure=2.00e-07.csv
Depth averaged turbulent dissipation = 0.000019
Ratio = 4785.279813
228.0227873325348
Setting constant concentration for Diatoms @ 200
No initial condition for this pressure gradient --> using default!
Using initial condition from ../initial_condition/initial_condition-pressure=2.00e-07.csv
Depth averaged turbulent dissipation = 0.000019
Ratio = 0.825628
312.2443883419037
Setting constant concentration for Diatoms @ 200
No initial condition for this pressure gradient --> using default!
Using initial condition from ../initial_condition/initial_condition-pressure=2.00e-07.csv
Depth averaged turbulent dissipation = 0.000019
Ratio = 215.050881
167.40409111976624
Setting constant concentration for Diatoms @ 200
No initial condition for this pressure gradient --> using default!
Using initial condition from ../initial_condition/initial_condition-pressure=2.00e-07.csv
Depth averaged turbulent dissipation = 0.000019
Ratio = 11.361580
264.2427861690521
Setting constant concentration for Diatoms @ 200
No initial condition for this pressure gradient --> using default!
Using initial condition from ../initial_condition/initial_condition-pressure=2.00e-07.csv
Depth averaged turbulent dissipation = 0.000019
Ratio = 530.826408
231.2110788822174
Setting constant concentration for Diatoms @ 200
No initial condition for this pressure gradient --> using default!
Using initial condition from ../initial_condition/initial_condition-pressure=2.00e-07.csv
Depth averaged turbulent dissipation = 0.000019
Ratio = 2569.024123
231.28323936462402
Setting constant concentration for Diatoms @ 200
No initial condition for this pressure gradient --> using default!
Using initial condition from ../initial_condition/initial_condition-pressure=2.00e-07.csv
Depth averaged turbulent dissipation = 0.000019
Ratio = 13.344984
156.22652769088745
Setting constant concentration for Diatoms @ 200
No initial condition for this pressure gradient --> using default!
Using initial condition from ../initial_condition/initial_condition-pressure=2.00e-07.csv
Depth averaged turbulent dissipation = 0.000019
Ratio = 1.348641
215.28370451927185
Setting constant concentration for Diatoms @ 200
No initial condition for this pressure gradient --> using default!
Using initial condition from ../initial_condition/initial_condition-pressure=2.00e-07.csv
Depth averaged turbulent dissipation = 0.000019
Ratio = 36.575728
195.66332840919495
Setting constant concentration for Diatoms @ 200
No initial condition for this pressure gradient --> using default!
Using initial condition from ../initial_condition/initial_condition-pressure=2.00e-07.csv
Depth averaged turbulent dissipation = 0.000019
Ratio = 0.752644
314.028603553772
Setting constant concentration for Diatoms @ 200
No initial condition for this pressure gradient --> using default!
Using initial condition from ../initial_condition/initial_condition-pressure=2.00e-07.csv
Depth averaged turbulent dissipation = 0.000019
Ratio = 2.054998
129.826899766922
Setting constant concentration for Diatoms @ 200
No initial condition for this pressure gradient --> using default!
Using initial condition from ../initial_condition/initial_condition-pressure=2.00e-07.csv
Depth averaged turbulent dissipation = 0.000019
Ratio = 1410.565285
188.71539402008057
Setting constant concentration for Diatoms @ 200
No initial condition for this pressure gradient --> using default!
Using initial condition from ../initial_condition/initial_condition-pressure=2.00e-07.csv
Depth averaged turbulent dissipation = 0.000019
Ratio = 3.359715
273.5978853702545
Setting constant concentration for Diatoms @ 200
No initial condition for this pressure gradient --> using default!
Using initial condition from ../initial_condition/initial_condition-pressure=2.00e-07.csv
Depth averaged turbulent dissipation = 0.000019
Ratio = 2.286202
221.05754828453064
Setting constant concentration for Diatoms @ 200
No initial condition for this pressure gradient --> using default!
Using initial condition from ../initial_condition/initial_condition-pressure=2.00e-07.csv
Depth averaged turbulent dissipation = 0.000019
Ratio = 6377.635439
136.40169858932495
Setting constant concentration for Diatoms @ 200
No initial condition for this pressure gradient --> using default!
Using initial condition from ../initial_condition/initial_condition-pressure=2.00e-07.csv
Depth averaged turbulent dissipation = 0.000019
Ratio = 0.850712
175.3972613811493
Setting constant concentration for Diatoms @ 200
No initial condition for this pressure gradient --> using default!
Using initial condition from ../initial_condition/initial_condition-pressure=2.00e-07.csv
Depth averaged turbulent dissipation = 0.000019
Ratio = 0.947672
274.946426153183
Setting constant concentration for Diatoms @ 200
No initial condition for this pressure gradient --> using default!
Using initial condition from ../initial_condition/initial_condition-pressure=2.00e-07.csv
Depth averaged turbulent dissipation = 0.000019
Ratio = 2.013462
238.96566557884216
Setting constant concentration for Diatoms @ 200
No initial condition for this pressure gradient --> using default!
Using initial condition from ../initial_condition/initial_condition-pressure=2.00e-07.csv
Depth averaged turbulent dissipation = 0.000019
Ratio = 183.740830
231.8859508037567
Setting constant concentration for Diatoms @ 200
No initial condition for this pressure gradient --> using default!
Using initial condition from ../initial_condition/initial_condition-pressure=2.00e-07.csv
Depth averaged turbulent dissipation = 0.000019
Ratio = 288.457322
131.98305225372314
Setting constant concentration for Diatoms @ 200
No initial condition for this pressure gradient --> using default!
Using initial condition from ../initial_condition/initial_condition-pressure=2.00e-07.csv
Depth averaged turbulent dissipation = 0.000019
Ratio = 0.650639
318.3797342777252
Setting constant concentration for Diatoms @ 200
No initial condition for this pressure gradient --> using default!
Using initial condition from ../initial_condition/initial_condition-pressure=2.00e-07.csv
Depth averaged turbulent dissipation = 0.000019
Ratio = 365.266626
138.92778038978577
Setting constant concentration for Diatoms @ 200
No initial condition for this pressure gradient --> using default!
Using initial condition from ../initial_condition/initial_condition-pressure=2.00e-07.csv
Depth averaged turbulent dissipation = 0.000019
Ratio = 1818.514080
161.4228036403656
Setting constant concentration for Diatoms @ 200
No initial condition for this pressure gradient --> using default!
Using initial condition from ../initial_condition/initial_condition-pressure=2.00e-07.csv
Depth averaged turbulent dissipation = 0.000019
Ratio = 1.461941
140.7818260192871
Setting constant concentration for Diatoms @ 200
No initial condition for this pressure gradient --> using default!
Using initial condition from ../initial_condition/initial_condition-pressure=2.00e-07.csv
Depth averaged turbulent dissipation = 0.000019
Ratio = 3.486249
142.66457796096802
Setting constant concentration for Diatoms @ 200
No initial condition for this pressure gradient --> using default!
Using initial condition from ../initial_condition/initial_condition-pressure=2.00e-07.csv
Depth averaged turbulent dissipation = 0.000019
Ratio = 17.252778
133.25256872177124
Setting constant concentration for Diatoms @ 200
No initial condition for this pressure gradient --> using default!
Using initial condition from ../initial_condition/initial_condition-pressure=2.00e-07.csv
Depth averaged turbulent dissipation = 0.000019
Ratio = 0.876341
136.00931000709534
Setting constant concentration for Diatoms @ 200
No initial condition for this pressure gradient --> using default!
Using initial condition from ../initial_condition/initial_condition-pressure=2.00e-07.csv
Depth averaged turbulent dissipation = 0.000019
Ratio = 0.929239
317.27252292633057
Setting constant concentration for Diatoms @ 200
No initial condition for this pressure gradient --> using default!
Using initial condition from ../initial_condition/initial_condition-pressure=2.00e-07.csv
Depth averaged turbulent dissipation = 0.000019
Ratio = 0.962841
137.64776349067688
Setting constant concentration for Diatoms @ 200
No initial condition for this pressure gradient --> using default!
Using initial condition from ../initial_condition/initial_condition-pressure=2.00e-07.csv
Depth averaged turbulent dissipation = 0.000019
Ratio = 39.284587
161.44640612602234
Setting constant concentration for Diatoms @ 200
No initial condition for this pressure gradient --> using default!
Using initial condition from ../initial_condition/initial_condition-pressure=2.00e-07.csv
Depth averaged turbulent dissipation = 0.000019
Ratio = 514.071669
293.0084857940674
Setting constant concentration for Diatoms @ 200
No initial condition for this pressure gradient --> using default!
Using initial condition from ../initial_condition/initial_condition-pressure=2.00e-07.csv
Depth averaged turbulent dissipation = 0.000019
Ratio = 0.900644
198.47697639465332
Setting constant concentration for Diatoms @ 200
No initial condition for this pressure gradient --> using default!
Using initial condition from ../initial_condition/initial_condition-pressure=2.00e-07.csv
Depth averaged turbulent dissipation = 0.000019
Ratio = 205.689927
175.84461879730225
Setting constant concentration for Diatoms @ 200
No initial condition for this pressure gradient --> using default!
Using initial condition from ../initial_condition/initial_condition-pressure=2.00e-07.csv
Depth averaged turbulent dissipation = 0.000019
Ratio = 85.859609
210.78322339057922
Setting constant concentration for Diatoms @ 200
No initial condition for this pressure gradient --> using default!
Using initial condition from ../initial_condition/initial_condition-pressure=2.00e-07.csv
Depth averaged turbulent dissipation = 0.000019
Ratio = 56.279734
320.14009976387024
Setting constant concentration for Diatoms @ 200
No initial condition for this pressure gradient --> using default!
Using initial condition from ../initial_condition/initial_condition-pressure=2.00e-07.csv
Depth averaged turbulent dissipation = 0.000019
Ratio = 334.452570
174.91035079956055
Setting constant concentration for Diatoms @ 200
No initial condition for this pressure gradient --> using default!
Using initial condition from ../initial_condition/initial_condition-pressure=2.00e-07.csv
Depth averaged turbulent dissipation = 0.000019
Ratio = 4.041457
284.745032787323
Setting constant concentration for Diatoms @ 200
No initial condition for this pressure gradient --> using default!
Using initial condition from ../initial_condition/initial_condition-pressure=2.00e-07.csv
Depth averaged turbulent dissipation = 0.000019
Ratio = 1.669660
211.85988068580627
Setting constant concentration for Diatoms @ 200
No initial condition for this pressure gradient --> using default!
Using initial condition from ../initial_condition/initial_condition-pressure=2.00e-07.csv
Depth averaged turbulent dissipation = 0.000019
Ratio = 0.757825
180.90518760681152
Setting constant concentration for Diatoms @ 200
No initial condition for this pressure gradient --> using default!
Using initial condition from ../initial_condition/initial_condition-pressure=2.00e-07.csv
Depth averaged turbulent dissipation = 0.000019
Ratio = 714.937860
194.80738306045532
Setting constant concentration for Diatoms @ 200
No initial condition for this pressure gradient --> using default!
Using initial condition from ../initial_condition/initial_condition-pressure=2.00e-07.csv
Depth averaged turbulent dissipation = 0.000019
Ratio = 164.505497
205.1019721031189
Setting constant concentration for Diatoms @ 200
No initial condition for this pressure gradient --> using default!
Using initial condition from ../initial_condition/initial_condition-pressure=2.00e-07.csv
Depth averaged turbulent dissipation = 0.000019
Ratio = 1.883905
177.4639277458191
Setting constant concentration for Diatoms @ 200
No initial condition for this pressure gradient --> using default!
Using initial condition from ../initial_condition/initial_condition-pressure=2.00e-07.csv
Depth averaged turbulent dissipation = 0.000019
Ratio = 11576.837565
168.8538782596588
Setting constant concentration for Diatoms @ 200
No initial condition for this pressure gradient --> using default!
Using initial condition from ../initial_condition/initial_condition-pressure=2.00e-07.csv
Depth averaged turbulent dissipation = 0.000019
Ratio = 0.886833
143.00273060798645
Setting constant concentration for Diatoms @ 200
No initial condition for this pressure gradient --> using default!
Using initial condition from ../initial_condition/initial_condition-pressure=2.00e-07.csv
Depth averaged turbulent dissipation = 0.000019
Ratio = 1.041615
273.93783378601074
Setting constant concentration for Diatoms @ 200
No initial condition for this pressure gradient --> using default!
Using initial condition from ../initial_condition/initial_condition-pressure=2.00e-07.csv
Depth averaged turbulent dissipation = 0.000019
Ratio = 348.127786
148.37849521636963
Setting constant concentration for Diatoms @ 200
No initial condition for this pressure gradient --> using default!
Using initial condition from ../initial_condition/initial_condition-pressure=2.00e-07.csv
Depth averaged turbulent dissipation = 0.000019
Ratio = 1046.343789
253.56493663787842
Setting constant concentration for Diatoms @ 200
No initial condition for this pressure gradient --> using default!
Using initial condition from ../initial_condition/initial_condition-pressure=2.00e-07.csv
Depth averaged turbulent dissipation = 0.000019
Ratio = 211.918428
236.16225481033325
Setting constant concentration for Diatoms @ 200
No initial condition for this pressure gradient --> using default!
Using initial condition from ../initial_condition/initial_condition-pressure=2.00e-07.csv
Depth averaged turbulent dissipation = 0.000019
Ratio = 1292.877047
209.39587903022766
Setting constant concentration for Diatoms @ 200
No initial condition for this pressure gradient --> using default!
Using initial condition from ../initial_condition/initial_condition-pressure=2.00e-07.csv
Depth averaged turbulent dissipation = 0.000019
Ratio = 0.956510
145.68759655952454
Setting constant concentration for Diatoms @ 200
No initial condition for this pressure gradient --> using default!
Using initial condition from ../initial_condition/initial_condition-pressure=2.00e-07.csv
Depth averaged turbulent dissipation = 0.000019
Ratio = 114.113668
145.84697461128235
Setting constant concentration for Diatoms @ 200
No initial condition for this pressure gradient --> using default!
Using initial condition from ../initial_condition/initial_condition-pressure=2.00e-07.csv
Depth averaged turbulent dissipation = 0.000019
Ratio = 3.288150
208.17525434494019
Setting constant concentration for Diatoms @ 200
No initial condition for this pressure gradient --> using default!
Using initial condition from ../initial_condition/initial_condition-pressure=2.00e-07.csv
Depth averaged turbulent dissipation = 0.000019
Ratio = 8.483365
265.79762148857117
Setting constant concentration for Diatoms @ 200
No initial condition for this pressure gradient --> using default!
Using initial condition from ../initial_condition/initial_condition-pressure=2.00e-07.csv
Depth averaged turbulent dissipation = 0.000019
Ratio = 101.501225
251.23360419273376
Setting constant concentration for Diatoms @ 200
No initial condition for this pressure gradient --> using default!
Using initial condition from ../initial_condition/initial_condition-pressure=2.00e-07.csv
Depth averaged turbulent dissipation = 0.000019
Ratio = 3.183331
180.06912350654602
Setting constant concentration for Diatoms @ 200
No initial condition for this pressure gradient --> using default!
Using initial condition from ../initial_condition/initial_condition-pressure=2.00e-07.csv
Depth averaged turbulent dissipation = 0.000019
Ratio = 14762.057316
149.50745964050293
Setting constant concentration for Diatoms @ 200
No initial condition for this pressure gradient --> using default!
Using initial condition from ../initial_condition/initial_condition-pressure=2.00e-07.csv
Depth averaged turbulent dissipation = 0.000019
Ratio = 12.402931
188.65839457511902
Setting constant concentration for Diatoms @ 200
No initial condition for this pressure gradient --> using default!
Using initial condition from ../initial_condition/initial_condition-pressure=2.00e-07.csv
Depth averaged turbulent dissipation = 0.000019
Ratio = 14.363081
183.95910334587097
Setting constant concentration for Diatoms @ 200
No initial condition for this pressure gradient --> using default!
Using initial condition from ../initial_condition/initial_condition-pressure=2.00e-07.csv
Depth averaged turbulent dissipation = 0.000019
Ratio = 19.426131
178.33458495140076
Setting constant concentration for Diatoms @ 200
No initial condition for this pressure gradient --> using default!
Using initial condition from ../initial_condition/initial_condition-pressure=2.00e-07.csv
Depth averaged turbulent dissipation = 0.000019
Ratio = 302.567568
231.62257051467896
Setting constant concentration for Diatoms @ 200
No initial condition for this pressure gradient --> using default!
Using initial condition from ../initial_condition/initial_condition-pressure=2.00e-07.csv
Depth averaged turbulent dissipation = 0.000019
Ratio = 24.945906
209.27767252922058
Setting constant concentration for Diatoms @ 200
No initial condition for this pressure gradient --> using default!
Using initial condition from ../initial_condition/initial_condition-pressure=2.00e-07.csv
Depth averaged turbulent dissipation = 0.000019
Ratio = 654.837948
237.7317795753479
Setting constant concentration for Diatoms @ 200
No initial condition for this pressure gradient --> using default!
Using initial condition from ../initial_condition/initial_condition-pressure=2.00e-07.csv
Depth averaged turbulent dissipation = 0.000019
Ratio = 10855.591703
258.9537744522095
Setting constant concentration for Diatoms @ 200
No initial condition for this pressure gradient --> using default!
Using initial condition from ../initial_condition/initial_condition-pressure=2.00e-07.csv
Depth averaged turbulent dissipation = 0.000019
Ratio = 14.685769
187.5953769683838
Setting constant concentration for Diatoms @ 200
No initial condition for this pressure gradient --> using default!
Using initial condition from ../initial_condition/initial_condition-pressure=2.00e-07.csv
Depth averaged turbulent dissipation = 0.000019
Ratio = 18.314022
174.98163604736328
Setting constant concentration for Diatoms @ 200
No initial condition for this pressure gradient --> using default!
Using initial condition from ../initial_condition/initial_condition-pressure=2.00e-07.csv
Depth averaged turbulent dissipation = 0.000019
Ratio = 84.385458
249.66482162475586
Setting constant concentration for Diatoms @ 200
No initial condition for this pressure gradient --> using default!
Using initial condition from ../initial_condition/initial_condition-pressure=2.00e-07.csv
Depth averaged turbulent dissipation = 0.000019
Ratio = 768.111388
191.09698462486267
Setting constant concentration for Diatoms @ 200
No initial condition for this pressure gradient --> using default!
Using initial condition from ../initial_condition/initial_condition-pressure=2.00e-07.csv
Depth averaged turbulent dissipation = 0.000019
Ratio = 4.362928
177.9370834827423
Setting constant concentration for Diatoms @ 200
No initial condition for this pressure gradient --> using default!
Using initial condition from ../initial_condition/initial_condition-pressure=2.00e-07.csv
Depth averaged turbulent dissipation = 0.000019
Ratio = 560.961212
212.6049346923828
Setting constant concentration for Diatoms @ 200
No initial condition for this pressure gradient --> using default!
Using initial condition from ../initial_condition/initial_condition-pressure=2.00e-07.csv
Depth averaged turbulent dissipation = 0.000019
Ratio = 57.780191
217.87492871284485
Setting constant concentration for Diatoms @ 200
No initial condition for this pressure gradient --> using default!
Using initial condition from ../initial_condition/initial_condition-pressure=2.00e-07.csv
Depth averaged turbulent dissipation = 0.000019
Ratio = 1383.299162
251.53365182876587
Setting constant concentration for Diatoms @ 200
No initial condition for this pressure gradient --> using default!
Using initial condition from ../initial_condition/initial_condition-pressure=2.00e-07.csv
Depth averaged turbulent dissipation = 0.000019
Ratio = 49.960492
254.2592544555664
Setting constant concentration for Diatoms @ 200
No initial condition for this pressure gradient --> using default!
Using initial condition from ../initial_condition/initial_condition-pressure=2.00e-07.csv
Depth averaged turbulent dissipation = 0.000019
Ratio = 47.703729
250.25219345092773
Setting constant concentration for Diatoms @ 200
No initial condition for this pressure gradient --> using default!
Using initial condition from ../initial_condition/initial_condition-pressure=2.00e-07.csv
Depth averaged turbulent dissipation = 0.000019
Ratio = 1181.429869
257.34147810935974
Setting constant concentration for Diatoms @ 200
No initial condition for this pressure gradient --> using default!
Using initial condition from ../initial_condition/initial_condition-pressure=2.00e-07.csv
Depth averaged turbulent dissipation = 0.000019
Ratio = 242.501729
183.7111349105835
Setting constant concentration for Diatoms @ 200
No initial condition for this pressure gradient --> using default!
Using initial condition from ../initial_condition/initial_condition-pressure=2.00e-07.csv
Depth averaged turbulent dissipation = 0.000019
Ratio = 1.438524
292.0376389026642
Setting constant concentration for Diatoms @ 200
No initial condition for this pressure gradient --> using default!
Using initial condition from ../initial_condition/initial_condition-pressure=2.00e-07.csv
Depth averaged turbulent dissipation = 0.000019
Ratio = 13.701247
191.73924827575684
Setting constant concentration for Diatoms @ 200
No initial condition for this pressure gradient --> using default!
Using initial condition from ../initial_condition/initial_condition-pressure=2.00e-07.csv
Depth averaged turbulent dissipation = 0.000019
Ratio = 79.713444
240.27822637557983
Setting constant concentration for Diatoms @ 200
No initial condition for this pressure gradient --> using default!
Using initial condition from ../initial_condition/initial_condition-pressure=2.00e-07.csv
Depth averaged turbulent dissipation = 0.000019
Ratio = 337.397920
214.17525362968445
Setting constant concentration for Diatoms @ 200
No initial condition for this pressure gradient --> using default!
Using initial condition from ../initial_condition/initial_condition-pressure=2.00e-07.csv
Depth averaged turbulent dissipation = 0.000019
Ratio = 101.045553
257.043470621109
Setting constant concentration for Diatoms @ 200
No initial condition for this pressure gradient --> using default!
Using initial condition from ../initial_condition/initial_condition-pressure=2.00e-07.csv
Depth averaged turbulent dissipation = 0.000019
Ratio = 3290.664618
156.52555322647095
Setting constant concentration for Diatoms @ 200
No initial condition for this pressure gradient --> using default!
Using initial condition from ../initial_condition/initial_condition-pressure=2.00e-07.csv
Depth averaged turbulent dissipation = 0.000019
Ratio = 1082.256015
264.1196963787079
Setting constant concentration for Diatoms @ 200
No initial condition for this pressure gradient --> using default!
Using initial condition from ../initial_condition/initial_condition-pressure=2.00e-07.csv
Depth averaged turbulent dissipation = 0.000019
Ratio = 2089.043153
240.39532613754272
Setting constant concentration for Diatoms @ 200
No initial condition for this pressure gradient --> using default!
Using initial condition from ../initial_condition/initial_condition-pressure=2.00e-07.csv
Depth averaged turbulent dissipation = 0.000019
Ratio = 0.761852
188.22217392921448
Setting constant concentration for Diatoms @ 200
No initial condition for this pressure gradient --> using default!
Using initial condition from ../initial_condition/initial_condition-pressure=2.00e-07.csv
Depth averaged turbulent dissipation = 0.000019
Ratio = 1.207647
207.46529054641724
Setting constant concentration for Diatoms @ 200
No initial condition for this pressure gradient --> using default!
Using initial condition from ../initial_condition/initial_condition-pressure=2.00e-07.csv
Depth averaged turbulent dissipation = 0.000019
Ratio = 988.445365
225.26723504066467
Setting constant concentration for Diatoms @ 200
No initial condition for this pressure gradient --> using default!
Using initial condition from ../initial_condition/initial_condition-pressure=2.00e-07.csv
Depth averaged turbulent dissipation = 0.000019
Ratio = 657.324219
224.1600842475891
Setting constant concentration for Diatoms @ 200
No initial condition for this pressure gradient --> using default!
Using initial condition from ../initial_condition/initial_condition-pressure=2.00e-07.csv
Depth averaged turbulent dissipation = 0.000019
Ratio = 1715.980455
256.1224641799927
Setting constant concentration for Diatoms @ 200
No initial condition for this pressure gradient --> using default!
Using initial condition from ../initial_condition/initial_condition-pressure=2.00e-07.csv
Depth averaged turbulent dissipation = 0.000019
Ratio = 22.410396
215.0139787197113
Setting constant concentration for Diatoms @ 200
No initial condition for this pressure gradient --> using default!
Using initial condition from ../initial_condition/initial_condition-pressure=2.00e-07.csv
Depth averaged turbulent dissipation = 0.000019
Ratio = 80.500796
214.87780618667603
Setting constant concentration for Diatoms @ 200
No initial condition for this pressure gradient --> using default!
Using initial condition from ../initial_condition/initial_condition-pressure=2.00e-07.csv
Depth averaged turbulent dissipation = 0.000019
Ratio = 74.044582
256.10286355018616
Setting constant concentration for Diatoms @ 200
No initial condition for this pressure gradient --> using default!
Using initial condition from ../initial_condition/initial_condition-pressure=2.00e-07.csv
Depth averaged turbulent dissipation = 0.000019
Ratio = 7.229753
190.4861991405487
Setting constant concentration for Diatoms @ 200
No initial condition for this pressure gradient --> using default!
Using initial condition from ../initial_condition/initial_condition-pressure=2.00e-07.csv
Depth averaged turbulent dissipation = 0.000019
Ratio = 10.540466
249.99076199531555
Setting constant concentration for Diatoms @ 200
No initial condition for this pressure gradient --> using default!
Using initial condition from ../initial_condition/initial_condition-pressure=2.00e-07.csv
Depth averaged turbulent dissipation = 0.000019
Ratio = 12328.068022
256.58566904067993
Setting constant concentration for Diatoms @ 200
No initial condition for this pressure gradient --> using default!
Using initial condition from ../initial_condition/initial_condition-pressure=2.00e-07.csv
Depth averaged turbulent dissipation = 0.000019
Ratio = 40.317542
157.1506245136261
Setting constant concentration for Diatoms @ 200
No initial condition for this pressure gradient --> using default!
Using initial condition from ../initial_condition/initial_condition-pressure=2.00e-07.csv
Depth averaged turbulent dissipation = 0.000019
Ratio = 655.781426
276.0018081665039
Setting constant concentration for Diatoms @ 200
No initial condition for this pressure gradient --> using default!
Using initial condition from ../initial_condition/initial_condition-pressure=2.00e-07.csv
Depth averaged turbulent dissipation = 0.000019
Ratio = 4542.847232
255.52156496047974
Setting constant concentration for Diatoms @ 200
No initial condition for this pressure gradient --> using default!
Using initial condition from ../initial_condition/initial_condition-pressure=2.00e-07.csv
Depth averaged turbulent dissipation = 0.000019
Ratio = 575.788949
194.66564536094666
Setting constant concentration for Diatoms @ 200
No initial condition for this pressure gradient --> using default!
Using initial condition from ../initial_condition/initial_condition-pressure=2.00e-07.csv
Depth averaged turbulent dissipation = 0.000019
Ratio = 2982.404244
211.87946605682373
Setting constant concentration for Diatoms @ 200
No initial condition for this pressure gradient --> using default!
Using initial condition from ../initial_condition/initial_condition-pressure=2.00e-07.csv
Depth averaged turbulent dissipation = 0.000019
Ratio = 127.483022
243.69432711601257
Setting constant concentration for Diatoms @ 200
No initial condition for this pressure gradient --> using default!
Using initial condition from ../initial_condition/initial_condition-pressure=2.00e-07.csv
Depth averaged turbulent dissipation = 0.000019
Ratio = 1668.257532
271.36434507369995
Setting constant concentration for Diatoms @ 200
No initial condition for this pressure gradient --> using default!
Using initial condition from ../initial_condition/initial_condition-pressure=2.00e-07.csv
Depth averaged turbulent dissipation = 0.000019
Ratio = 3526.939990
247.57775139808655
Setting constant concentration for Diatoms @ 200
No initial condition for this pressure gradient --> using default!
Using initial condition from ../initial_condition/initial_condition-pressure=2.00e-07.csv
Depth averaged turbulent dissipation = 0.000019
Ratio = 177.258249
190.79435992240906
Setting constant concentration for Diatoms @ 200
No initial condition for this pressure gradient --> using default!
Using initial condition from ../initial_condition/initial_condition-pressure=2.00e-07.csv
Depth averaged turbulent dissipation = 0.000019
Ratio = 286.013950
305.0509309768677
Setting constant concentration for Diatoms @ 200
No initial condition for this pressure gradient --> using default!
Using initial condition from ../initial_condition/initial_condition-pressure=2.00e-07.csv
Depth averaged turbulent dissipation = 0.000019
Ratio = 434.281652
258.34031891822815
Setting constant concentration for Diatoms @ 200
No initial condition for this pressure gradient --> using default!
Using initial condition from ../initial_condition/initial_condition-pressure=2.00e-07.csv
Depth averaged turbulent dissipation = 0.000019
Ratio = 1.182421
227.56796956062317
Setting constant concentration for Diatoms @ 200
No initial condition for this pressure gradient --> using default!
Using initial condition from ../initial_condition/initial_condition-pressure=2.00e-07.csv
Depth averaged turbulent dissipation = 0.000019
Ratio = 2.901687
222.59299087524414
Setting constant concentration for Diatoms @ 200
No initial condition for this pressure gradient --> using default!
Using initial condition from ../initial_condition/initial_condition-pressure=2.00e-07.csv
Depth averaged turbulent dissipation = 0.000019
Ratio = 79.770833
231.62764930725098
Setting constant concentration for Diatoms @ 200
No initial condition for this pressure gradient --> using default!
Using initial condition from ../initial_condition/initial_condition-pressure=2.00e-07.csv
Depth averaged turbulent dissipation = 0.000019
Ratio = 6.847198
222.47484874725342
Setting constant concentration for Diatoms @ 200
No initial condition for this pressure gradient --> using default!
Using initial condition from ../initial_condition/initial_condition-pressure=2.00e-07.csv
Depth averaged turbulent dissipation = 0.000019
Ratio = 547.527895
268.80398750305176
Setting constant concentration for Diatoms @ 200
No initial condition for this pressure gradient --> using default!
Using initial condition from ../initial_condition/initial_condition-pressure=2.00e-07.csv
Depth averaged turbulent dissipation = 0.000019
Ratio = 12.715421
258.2342281341553
Setting constant concentration for Diatoms @ 200
No initial condition for this pressure gradient --> using default!
Using initial condition from ../initial_condition/initial_condition-pressure=2.00e-07.csv
Depth averaged turbulent dissipation = 0.000019
Ratio = 1403.583074
251.61916041374207
Setting constant concentration for Diatoms @ 200
No initial condition for this pressure gradient --> using default!
Using initial condition from ../initial_condition/initial_condition-pressure=2.00e-07.csv
Depth averaged turbulent dissipation = 0.000019
Ratio = 4.621647
161.8531551361084
Setting constant concentration for Diatoms @ 200
No initial condition for this pressure gradient --> using default!
Using initial condition from ../initial_condition/initial_condition-pressure=2.00e-07.csv
Depth averaged turbulent dissipation = 0.000019
Ratio = 239.822992
215.43736863136292
Setting constant concentration for Diatoms @ 200
No initial condition for this pressure gradient --> using default!
Using initial condition from ../initial_condition/initial_condition-pressure=2.00e-07.csv
Depth averaged turbulent dissipation = 0.000019
Ratio = 420.368527
177.00270915031433
Setting constant concentration for Diatoms @ 200
No initial condition for this pressure gradient --> using default!
Using initial condition from ../initial_condition/initial_condition-pressure=2.00e-07.csv
Depth averaged turbulent dissipation = 0.000019
Ratio = 6.255161
241.69455766677856
Setting constant concentration for Diatoms @ 200
No initial condition for this pressure gradient --> using default!
Using initial condition from ../initial_condition/initial_condition-pressure=2.00e-07.csv
Depth averaged turbulent dissipation = 0.000019
Ratio = 1024.583650
231.68132376670837
Setting constant concentration for Diatoms @ 200
No initial condition for this pressure gradient --> using default!
Using initial condition from ../initial_condition/initial_condition-pressure=2.00e-07.csv
Depth averaged turbulent dissipation = 0.000019
Ratio = 0.567579
225.81526494026184
Setting constant concentration for Diatoms @ 200
No initial condition for this pressure gradient --> using default!
Using initial condition from ../initial_condition/initial_condition-pressure=2.00e-07.csv
Depth averaged turbulent dissipation = 0.000019
Ratio = 193.852243
197.141743183136
Setting constant concentration for Diatoms @ 200
No initial condition for this pressure gradient --> using default!
Using initial condition from ../initial_condition/initial_condition-pressure=2.00e-07.csv
Depth averaged turbulent dissipation = 0.000019
Ratio = 8634.375975
252.05930829048157
Setting constant concentration for Diatoms @ 200
No initial condition for this pressure gradient --> using default!
Using initial condition from ../initial_condition/initial_condition-pressure=2.00e-07.csv
Depth averaged turbulent dissipation = 0.000019
Ratio = 160.388173
259.58920431137085
Setting constant concentration for Diatoms @ 200
No initial condition for this pressure gradient --> using default!
Using initial condition from ../initial_condition/initial_condition-pressure=2.00e-07.csv
Depth averaged turbulent dissipation = 0.000019
Ratio = 6070.782593
191.23702120780945
Setting constant concentration for Diatoms @ 200
No initial condition for this pressure gradient --> using default!
Using initial condition from ../initial_condition/initial_condition-pressure=2.00e-07.csv
Depth averaged turbulent dissipation = 0.000019
Ratio = 0.635995
302.11385464668274
Setting constant concentration for Diatoms @ 200
No initial condition for this pressure gradient --> using default!
Using initial condition from ../initial_condition/initial_condition-pressure=2.00e-07.csv
Depth averaged turbulent dissipation = 0.000019
Ratio = 39.103706
193.4131898880005
Setting constant concentration for Diatoms @ 200
No initial condition for this pressure gradient --> using default!
Using initial condition from ../initial_condition/initial_condition-pressure=2.00e-07.csv
Depth averaged turbulent dissipation = 0.000019
Ratio = 1.838854
271.6357398033142
Setting constant concentration for Diatoms @ 200
No initial condition for this pressure gradient --> using default!
Using initial condition from ../initial_condition/initial_condition-pressure=2.00e-07.csv
Depth averaged turbulent dissipation = 0.000019
Ratio = 0.564377
200.5245020389557
Setting constant concentration for Diatoms @ 200
No initial condition for this pressure gradient --> using default!
Using initial condition from ../initial_condition/initial_condition-pressure=2.00e-07.csv
Depth averaged turbulent dissipation = 0.000019
Ratio = 0.750106
191.82982301712036
Setting constant concentration for Diatoms @ 200
No initial condition for this pressure gradient --> using default!
Using initial condition from ../initial_condition/initial_condition-pressure=2.00e-07.csv
Depth averaged turbulent dissipation = 0.000019
Ratio = 1492.940544
191.02093625068665
Setting constant concentration for Diatoms @ 200
No initial condition for this pressure gradient --> using default!
Using initial condition from ../initial_condition/initial_condition-pressure=2.00e-07.csv
Depth averaged turbulent dissipation = 0.000019
Ratio = 355.667132
234.26580357551575
Setting constant concentration for Diatoms @ 200
No initial condition for this pressure gradient --> using default!
Using initial condition from ../initial_condition/initial_condition-pressure=2.00e-07.csv
Depth averaged turbulent dissipation = 0.000019
Ratio = 6.521311
200.44733142852783
Setting constant concentration for Diatoms @ 200
No initial condition for this pressure gradient --> using default!
Using initial condition from ../initial_condition/initial_condition-pressure=2.00e-07.csv
Depth averaged turbulent dissipation = 0.000019
Ratio = 2.993136
246.491375207901
Setting constant concentration for Diatoms @ 200
No initial condition for this pressure gradient --> using default!
Using initial condition from ../initial_condition/initial_condition-pressure=2.00e-07.csv
Depth averaged turbulent dissipation = 0.000019
Ratio = 2140.718481
203.1056718826294
Setting constant concentration for Diatoms @ 200
No initial condition for this pressure gradient --> using default!
Using initial condition from ../initial_condition/initial_condition-pressure=2.00e-07.csv
Depth averaged turbulent dissipation = 0.000019
Ratio = 106.662669
164.42266654968262
Setting constant concentration for Diatoms @ 200
No initial condition for this pressure gradient --> using default!
Using initial condition from ../initial_condition/initial_condition-pressure=2.00e-07.csv
Depth averaged turbulent dissipation = 0.000019
Ratio = 1672.932803
164.2350471019745
Setting constant concentration for Diatoms @ 200
No initial condition for this pressure gradient --> using default!
Using initial condition from ../initial_condition/initial_condition-pressure=2.00e-07.csv
Depth averaged turbulent dissipation = 0.000019
Ratio = 90.382261
164.93098378181458
Setting constant concentration for Diatoms @ 200
No initial condition for this pressure gradient --> using default!
Using initial condition from ../initial_condition/initial_condition-pressure=2.00e-07.csv
Depth averaged turbulent dissipation = 0.000019
Ratio = 92.324857
163.86629605293274
Setting constant concentration for Diatoms @ 200
No initial condition for this pressure gradient --> using default!
Using initial condition from ../initial_condition/initial_condition-pressure=2.00e-07.csv
Depth averaged turbulent dissipation = 0.000019
Ratio = 0.742722
165.4121117591858
Setting constant concentration for Diatoms @ 200
No initial condition for this pressure gradient --> using default!
Using initial condition from ../initial_condition/initial_condition-pressure=2.00e-07.csv
Depth averaged turbulent dissipation = 0.000019
Ratio = 45.506961
263.7780530452728
Setting constant concentration for Diatoms @ 200
No initial condition for this pressure gradient --> using default!
Using initial condition from ../initial_condition/initial_condition-pressure=2.00e-07.csv
Depth averaged turbulent dissipation = 0.000019
Ratio = 1089.814345
206.98123240470886
Setting constant concentration for Diatoms @ 200
No initial condition for this pressure gradient --> using default!
Using initial condition from ../initial_condition/initial_condition-pressure=2.00e-07.csv
Depth averaged turbulent dissipation = 0.000019
Ratio = 2.201637
195.7268922328949
Setting constant concentration for Diatoms @ 200
No initial condition for this pressure gradient --> using default!
Using initial condition from ../initial_condition/initial_condition-pressure=2.00e-07.csv
Depth averaged turbulent dissipation = 0.000019
Ratio = 463.793696
201.15788102149963
Setting constant concentration for Diatoms @ 200
No initial condition for this pressure gradient --> using default!
Using initial condition from ../initial_condition/initial_condition-pressure=2.00e-07.csv
Depth averaged turbulent dissipation = 0.000019
Ratio = 7.074931
249.24676275253296
Setting constant concentration for Diatoms @ 200
No initial condition for this pressure gradient --> using default!
Using initial condition from ../initial_condition/initial_condition-pressure=2.00e-07.csv
Depth averaged turbulent dissipation = 0.000019
Ratio = 1.473335
173.51151633262634
Setting constant concentration for Diatoms @ 200
No initial condition for this pressure gradient --> using default!
Using initial condition from ../initial_condition/initial_condition-pressure=2.00e-07.csv
Depth averaged turbulent dissipation = 0.000019
Ratio = 0.650099
307.9103674888611
Setting constant concentration for Diatoms @ 200
No initial condition for this pressure gradient --> using default!
Using initial condition from ../initial_condition/initial_condition-pressure=2.00e-07.csv
Depth averaged turbulent dissipation = 0.000019
Ratio = 131.007862
282.5045874118805
Setting constant concentration for Diatoms @ 200
No initial condition for this pressure gradient --> using default!
Using initial condition from ../initial_condition/initial_condition-pressure=2.00e-07.csv
Depth averaged turbulent dissipation = 0.000019
Ratio = 8149.039352
169.69360280036926
Setting constant concentration for Diatoms @ 200
No initial condition for this pressure gradient --> using default!
Using initial condition from ../initial_condition/initial_condition-pressure=2.00e-07.csv
Depth averaged turbulent dissipation = 0.000019
Ratio = 2999.662664
195.16952967643738
Setting constant concentration for Diatoms @ 200
No initial condition for this pressure gradient --> using default!
Using initial condition from ../initial_condition/initial_condition-pressure=2.00e-07.csv
Depth averaged turbulent dissipation = 0.000019
Ratio = 3.591730
206.42250657081604
Setting constant concentration for Diatoms @ 200
No initial condition for this pressure gradient --> using default!
Using initial condition from ../initial_condition/initial_condition-pressure=2.00e-07.csv
Depth averaged turbulent dissipation = 0.000019
Ratio = 27.769202
170.7358124256134
Setting constant concentration for Diatoms @ 200
No initial condition for this pressure gradient --> using default!
Using initial condition from ../initial_condition/initial_condition-pressure=2.00e-07.csv
Depth averaged turbulent dissipation = 0.000019
Ratio = 472.759454
198.62876915931702
Setting constant concentration for Diatoms @ 200
No initial condition for this pressure gradient --> using default!
Using initial condition from ../initial_condition/initial_condition-pressure=2.00e-07.csv
Depth averaged turbulent dissipation = 0.000019
Ratio = 398.497206
292.1716525554657
Setting constant concentration for Diatoms @ 200
No initial condition for this pressure gradient --> using default!
Using initial condition from ../initial_condition/initial_condition-pressure=2.00e-07.csv
Depth averaged turbulent dissipation = 0.000019
Ratio = 66.012398
169.7494900226593
Setting constant concentration for Diatoms @ 200
No initial condition for this pressure gradient --> using default!
Using initial condition from ../initial_condition/initial_condition-pressure=2.00e-07.csv
Depth averaged turbulent dissipation = 0.000019
Ratio = 5.887209
199.71570563316345
Setting constant concentration for Diatoms @ 200
No initial condition for this pressure gradient --> using default!
Using initial condition from ../initial_condition/initial_condition-pressure=2.00e-07.csv
Depth averaged turbulent dissipation = 0.000019
Ratio = 0.741589
232.30973482131958
Setting constant concentration for Diatoms @ 200
No initial condition for this pressure gradient --> using default!
Using initial condition from ../initial_condition/initial_condition-pressure=2.00e-07.csv
Depth averaged turbulent dissipation = 0.000019
Ratio = 5584.023855
167.65919709205627
Setting constant concentration for Diatoms @ 200
No initial condition for this pressure gradient --> using default!
Using initial condition from ../initial_condition/initial_condition-pressure=2.00e-07.csv
Depth averaged turbulent dissipation = 0.000019
Ratio = 3.382988
224.6912281513214
Setting constant concentration for Diatoms @ 200
No initial condition for this pressure gradient --> using default!
Using initial condition from ../initial_condition/initial_condition-pressure=2.00e-07.csv
Depth averaged turbulent dissipation = 0.000019
Ratio = 8.869599
174.67985367774963
Setting constant concentration for Diatoms @ 200
No initial condition for this pressure gradient --> using default!
Using initial condition from ../initial_condition/initial_condition-pressure=2.00e-07.csv
Depth averaged turbulent dissipation = 0.000019
Ratio = 3304.125162
204.69378781318665
Setting constant concentration for Diatoms @ 200
No initial condition for this pressure gradient --> using default!
Using initial condition from ../initial_condition/initial_condition-pressure=2.00e-07.csv
Depth averaged turbulent dissipation = 0.000019
Ratio = 829.393869
195.77969312667847
Setting constant concentration for Diatoms @ 200
No initial condition for this pressure gradient --> using default!
Using initial condition from ../initial_condition/initial_condition-pressure=2.00e-07.csv
Depth averaged turbulent dissipation = 0.000019
Ratio = 21.986934
166.74126529693604
Setting constant concentration for Diatoms @ 200
No initial condition for this pressure gradient --> using default!
Using initial condition from ../initial_condition/initial_condition-pressure=2.00e-07.csv
Depth averaged turbulent dissipation = 0.000019
Ratio = 10.449708
166.316992521286
Setting constant concentration for Diatoms @ 200
No initial condition for this pressure gradient --> using default!
Using initial condition from ../initial_condition/initial_condition-pressure=2.00e-07.csv
Depth averaged turbulent dissipation = 0.000019
Ratio = 1.448332
171.28023719787598
Setting constant concentration for Diatoms @ 200
No initial condition for this pressure gradient --> using default!
Using initial condition from ../initial_condition/initial_condition-pressure=2.00e-07.csv
Depth averaged turbulent dissipation = 0.000019
Ratio = 605.767532
279.5141372680664
Setting constant concentration for Diatoms @ 200
No initial condition for this pressure gradient --> using default!
Using initial condition from ../initial_condition/initial_condition-pressure=2.00e-07.csv
Depth averaged turbulent dissipation = 0.000019
Ratio = 52.276322
172.0248544216156
Setting constant concentration for Diatoms @ 200
No initial condition for this pressure gradient --> using default!
Using initial condition from ../initial_condition/initial_condition-pressure=2.00e-07.csv
Depth averaged turbulent dissipation = 0.000019
Ratio = 16.241324
175.86820483207703
Setting constant concentration for Diatoms @ 200
No initial condition for this pressure gradient --> using default!
Using initial condition from ../initial_condition/initial_condition-pressure=2.00e-07.csv
Depth averaged turbulent dissipation = 0.000019
Ratio = 0.760465
225.85245895385742
Setting constant concentration for Diatoms @ 200
No initial condition for this pressure gradient --> using default!
Using initial condition from ../initial_condition/initial_condition-pressure=2.00e-07.csv
Depth averaged turbulent dissipation = 0.000019
Ratio = 1.699734
194.41211676597595
Setting constant concentration for Diatoms @ 200
No initial condition for this pressure gradient --> using default!
Using initial condition from ../initial_condition/initial_condition-pressure=2.00e-07.csv
Depth averaged turbulent dissipation = 0.000019
Ratio = 1.133308
201.15419602394104
Setting constant concentration for Diatoms @ 200
No initial condition for this pressure gradient --> using default!
Using initial condition from ../initial_condition/initial_condition-pressure=2.00e-07.csv
Depth averaged turbulent dissipation = 0.000019
Ratio = 281.815880
194.67955875396729
Setting constant concentration for Diatoms @ 200
No initial condition for this pressure gradient --> using default!
Using initial condition from ../initial_condition/initial_condition-pressure=2.00e-07.csv
Depth averaged turbulent dissipation = 0.000019
Ratio = 4001.359896
183.6310212612152
Setting constant concentration for Diatoms @ 200
No initial condition for this pressure gradient --> using default!
Using initial condition from ../initial_condition/initial_condition-pressure=2.00e-07.csv
Depth averaged turbulent dissipation = 0.000019
Ratio = 118.693013
204.15849590301514
Setting constant concentration for Diatoms @ 200
No initial condition for this pressure gradient --> using default!
Using initial condition from ../initial_condition/initial_condition-pressure=2.00e-07.csv
Depth averaged turbulent dissipation = 0.000019
Ratio = 7692.732293
171.59749484062195
Setting constant concentration for Diatoms @ 200
No initial condition for this pressure gradient --> using default!
Using initial condition from ../initial_condition/initial_condition-pressure=2.00e-07.csv
Depth averaged turbulent dissipation = 0.000019
Ratio = 374.499117
199.22183871269226
Setting constant concentration for Diatoms @ 200
No initial condition for this pressure gradient --> using default!
Using initial condition from ../initial_condition/initial_condition-pressure=2.00e-07.csv
Depth averaged turbulent dissipation = 0.000019
Ratio = 2.441174
168.84106492996216
Setting constant concentration for Diatoms @ 200
No initial condition for this pressure gradient --> using default!
Using initial condition from ../initial_condition/initial_condition-pressure=2.00e-07.csv
Depth averaged turbulent dissipation = 0.000019
Ratio = 2.646346
192.86872625350952
Setting constant concentration for Diatoms @ 200
No initial condition for this pressure gradient --> using default!
Using initial condition from ../initial_condition/initial_condition-pressure=2.00e-07.csv
Depth averaged turbulent dissipation = 0.000019
Ratio = 1.635182
196.66118812561035
Setting constant concentration for Diatoms @ 200
No initial condition for this pressure gradient --> using default!
Using initial condition from ../initial_condition/initial_condition-pressure=2.00e-07.csv
Depth averaged turbulent dissipation = 0.000019
Ratio = 13.996050
168.26821660995483
Setting constant concentration for Diatoms @ 200
No initial condition for this pressure gradient --> using default!
Using initial condition from ../initial_condition/initial_condition-pressure=2.00e-07.csv
Depth averaged turbulent dissipation = 0.000019
Ratio = 8.482890
171.63009929656982
Setting constant concentration for Diatoms @ 200
No initial condition for this pressure gradient --> using default!
Using initial condition from ../initial_condition/initial_condition-pressure=2.00e-07.csv
Depth averaged turbulent dissipation = 0.000019
Ratio = 1.392799
168.09999227523804
Setting constant concentration for Diatoms @ 200
No initial condition for this pressure gradient --> using default!
Using initial condition from ../initial_condition/initial_condition-pressure=2.00e-07.csv
Depth averaged turbulent dissipation = 0.000019
Ratio = 0.725457
168.8896198272705
Setting constant concentration for Diatoms @ 200
No initial condition for this pressure gradient --> using default!
Using initial condition from ../initial_condition/initial_condition-pressure=2.00e-07.csv
Depth averaged turbulent dissipation = 0.000019
Ratio = 1.415472
206.92486667633057
Setting constant concentration for Diatoms @ 200
No initial condition for this pressure gradient --> using default!
Using initial condition from ../initial_condition/initial_condition-pressure=2.00e-07.csv
Depth averaged turbulent dissipation = 0.000019
Ratio = 1639.237038
199.6196608543396
Setting constant concentration for Diatoms @ 200
No initial condition for this pressure gradient --> using default!
Using initial condition from ../initial_condition/initial_condition-pressure=2.00e-07.csv
Depth averaged turbulent dissipation = 0.000019
Ratio = 15633.345031
184.98388671875
Setting constant concentration for Diatoms @ 200
No initial condition for this pressure gradient --> using default!
Using initial condition from ../initial_condition/initial_condition-pressure=2.00e-07.csv
Depth averaged turbulent dissipation = 0.000019
Ratio = 185.284691
169.4676022529602
Setting constant concentration for Diatoms @ 200
No initial condition for this pressure gradient --> using default!
Using initial condition from ../initial_condition/initial_condition-pressure=2.00e-07.csv
Depth averaged turbulent dissipation = 0.000019
Ratio = 173.957992
170.71146655082703
Setting constant concentration for Diatoms @ 200
No initial condition for this pressure gradient --> using default!
Using initial condition from ../initial_condition/initial_condition-pressure=2.00e-07.csv
Depth averaged turbulent dissipation = 0.000019
Ratio = 429.711470
178.39525365829468
Setting constant concentration for Diatoms @ 200
No initial condition for this pressure gradient --> using default!
Using initial condition from ../initial_condition/initial_condition-pressure=2.00e-07.csv
Depth averaged turbulent dissipation = 0.000019
Ratio = 656.435159
170.57530570030212
Setting constant concentration for Diatoms @ 200
No initial condition for this pressure gradient --> using default!
Using initial condition from ../initial_condition/initial_condition-pressure=2.00e-07.csv
Depth averaged turbulent dissipation = 0.000019
Ratio = 1.801837
171.34596514701843
Setting constant concentration for Diatoms @ 200
No initial condition for this pressure gradient --> using default!
Using initial condition from ../initial_condition/initial_condition-pressure=2.00e-07.csv
Depth averaged turbulent dissipation = 0.000019
Ratio = 4.189122
174.45462703704834
Setting constant concentration for Diatoms @ 200
No initial condition for this pressure gradient --> using default!
Using initial condition from ../initial_condition/initial_condition-pressure=2.00e-07.csv
Depth averaged turbulent dissipation = 0.000019
Ratio = 68.666674
180.83748269081116
