pmax: 0.0005
ws: -1e-05
pmax: 0.0005
ws: -9.166666666666668e-06
pmax: 0.0005
ws: -8.333333333333334e-06
pmax: 0.0005
ws: -7.500000000000001e-06
pmax: 0.0005
ws: -6.666666666666667e-06
pmax: 0.0005
ws: -5.833333333333334e-06
pmax: 0.0005
ws: -5e-06
pmax: 0.0005
ws: -4.166666666666667e-06
pmax: 0.0005
ws: -3.3333333333333333e-06
pmax: 0.0005
ws: -2.4999999999999998e-06
pmax: 0.0005
ws: -1.666666666666667e-06
pmax: 0.0005
ws: -8.333333333333327e-07
pmax: 0.0005
ws: 0.0
pmax: 0.0005
ws: 8.333333333333344e-07
pmax: 0.0005
ws: 1.666666666666667e-06
pmax: 0.0005
ws: 2.5000000000000015e-06
pmax: 0.0005
ws: 3.333333333333334e-06
pmax: 0.0005
ws: 4.166666666666667e-06
pmax: 0.0005
ws: 5.000000000000001e-06
pmax: 0.0005
ws: 5.833333333333336e-06
pmax: 0.0005
ws: 6.666666666666667e-06
pmax: 0.0005
ws: 7.500000000000001e-06
pmax: 0.0005
ws: 8.333333333333335e-06
pmax: 0.0005
ws: 9.16666666666667e-06
pmax: 0.0005
ws: 1e-05
pmax: 0.0213125
ws: -1e-05
pmax: 0.0213125
ws: -9.166666666666668e-06
pmax: 0.0213125
ws: -8.333333333333334e-06
pmax: 0.0213125
ws: -7.500000000000001e-06
pmax: 0.0213125
ws: -6.666666666666667e-06
pmax: 0.0213125
ws: -5.833333333333334e-06
pmax: 0.0213125
ws: -5e-06
pmax: 0.0213125
ws: -4.166666666666667e-06
pmax: 0.0213125
ws: -3.3333333333333333e-06
pmax: 0.0213125
ws: -2.4999999999999998e-06
pmax: 0.0213125
ws: -1.666666666666667e-06
pmax: 0.0213125
ws: -8.333333333333327e-07
pmax: 0.0213125
ws: 0.0
pmax: 0.0213125
ws: 8.333333333333344e-07
pmax: 0.0213125
ws: 1.666666666666667e-06
pmax: 0.0213125
ws: 2.5000000000000015e-06
pmax: 0.0213125
ws: 3.333333333333334e-06
pmax: 0.0213125
ws: 4.166666666666667e-06
pmax: 0.0213125
ws: 5.000000000000001e-06
pmax: 0.0213125
ws: 5.833333333333336e-06
pmax: 0.0213125
ws: 6.666666666666667e-06
pmax: 0.0213125
ws: 7.500000000000001e-06
pmax: 0.0213125
ws: 8.333333333333335e-06
pmax: 0.0213125
ws: 9.16666666666667e-06
pmax: 0.0213125
ws: 1e-05
pmax: 0.042125
ws: -1e-05
pmax: 0.042125
ws: -9.166666666666668e-06
pmax: 0.042125
ws: -8.333333333333334e-06
pmax: 0.042125
ws: -7.500000000000001e-06
pmax: 0.042125
ws: -6.666666666666667e-06
pmax: 0.042125
ws: -5.833333333333334e-06
pmax: 0.042125
ws: -5e-06
pmax: 0.042125
ws: -4.166666666666667e-06
pmax: 0.042125
ws: -3.3333333333333333e-06
pmax: 0.042125
ws: -2.4999999999999998e-06
pmax: 0.042125
ws: -1.666666666666667e-06
pmax: 0.042125
ws: -8.333333333333327e-07
pmax: 0.042125
ws: 0.0
pmax: 0.042125
ws: 8.333333333333344e-07
pmax: 0.042125
ws: 1.666666666666667e-06
pmax: 0.042125
ws: 2.5000000000000015e-06
pmax: 0.042125
ws: 3.333333333333334e-06
pmax: 0.042125
ws: 4.166666666666667e-06
pmax: 0.042125
ws: 5.000000000000001e-06
pmax: 0.042125
ws: 5.833333333333336e-06
pmax: 0.042125
ws: 6.666666666666667e-06
pmax: 0.042125
ws: 7.500000000000001e-06
pmax: 0.042125
ws: 8.333333333333335e-06
pmax: 0.042125
ws: 9.16666666666667e-06
pmax: 0.042125
ws: 1e-05
pmax: 0.06293750000000001
ws: -1e-05
pmax: 0.06293750000000001
ws: -9.166666666666668e-06
pmax: 0.06293750000000001
ws: -8.333333333333334e-06
pmax: 0.06293750000000001
ws: -7.500000000000001e-06
pmax: 0.06293750000000001
ws: -6.666666666666667e-06
pmax: 0.06293750000000001
ws: -5.833333333333334e-06
pmax: 0.06293750000000001
ws: -5e-06
pmax: 0.06293750000000001
ws: -4.166666666666667e-06
pmax: 0.06293750000000001
ws: -3.3333333333333333e-06
pmax: 0.06293750000000001
ws: -2.4999999999999998e-06
pmax: 0.06293750000000001
ws: -1.666666666666667e-06
pmax: 0.06293750000000001
ws: -8.333333333333327e-07
pmax: 0.06293750000000001
ws: 0.0
pmax: 0.06293750000000001
ws: 8.333333333333344e-07
pmax: 0.06293750000000001
ws: 1.666666666666667e-06
pmax: 0.06293750000000001
ws: 2.5000000000000015e-06
pmax: 0.06293750000000001
ws: 3.333333333333334e-06
pmax: 0.06293750000000001
ws: 4.166666666666667e-06
pmax: 0.06293750000000001
ws: 5.000000000000001e-06
pmax: 0.06293750000000001
ws: 5.833333333333336e-06
pmax: 0.06293750000000001
ws: 6.666666666666667e-06
pmax: 0.06293750000000001
ws: 7.500000000000001e-06
pmax: 0.06293750000000001
ws: 8.333333333333335e-06
pmax: 0.06293750000000001
ws: 9.16666666666667e-06
pmax: 0.06293750000000001
ws: 1e-05
pmax: 0.08375
ws: -1e-05
pmax: 0.08375
ws: -9.166666666666668e-06
pmax: 0.08375
ws: -8.333333333333334e-06
pmax: 0.08375
ws: -7.500000000000001e-06
pmax: 0.08375
ws: -6.666666666666667e-06
pmax: 0.08375
ws: -5.833333333333334e-06
pmax: 0.08375
ws: -5e-06
pmax: 0.08375
ws: -4.166666666666667e-06
pmax: 0.08375
ws: -3.3333333333333333e-06
pmax: 0.08375
ws: -2.4999999999999998e-06
pmax: 0.08375
ws: -1.666666666666667e-06
pmax: 0.08375
ws: -8.333333333333327e-07
pmax: 0.08375
ws: 0.0
pmax: 0.08375
ws: 8.333333333333344e-07
pmax: 0.08375
ws: 1.666666666666667e-06
pmax: 0.08375
ws: 2.5000000000000015e-06
pmax: 0.08375
ws: 3.333333333333334e-06
pmax: 0.08375
ws: 4.166666666666667e-06
pmax: 0.08375
ws: 5.000000000000001e-06
pmax: 0.08375
ws: 5.833333333333336e-06
pmax: 0.08375
ws: 6.666666666666667e-06
pmax: 0.08375
ws: 7.500000000000001e-06
pmax: 0.08375
ws: 8.333333333333335e-06
pmax: 0.08375
ws: 9.16666666666667e-06
pmax: 0.08375
ws: 1e-05
pmax: 0.1045625
ws: -1e-05
pmax: 0.1045625
ws: -9.166666666666668e-06
pmax: 0.1045625
ws: -8.333333333333334e-06
pmax: 0.1045625
ws: -7.500000000000001e-06
pmax: 0.1045625
ws: -6.666666666666667e-06
pmax: 0.1045625
ws: -5.833333333333334e-06
pmax: 0.1045625
ws: -5e-06
pmax: 0.1045625
ws: -4.166666666666667e-06
pmax: 0.1045625
ws: -3.3333333333333333e-06
pmax: 0.1045625
ws: -2.4999999999999998e-06
pmax: 0.1045625
ws: -1.666666666666667e-06
pmax: 0.1045625
ws: -8.333333333333327e-07
pmax: 0.1045625
ws: 0.0
pmax: 0.1045625
ws: 8.333333333333344e-07
pmax: 0.1045625
ws: 1.666666666666667e-06
pmax: 0.1045625
ws: 2.5000000000000015e-06
pmax: 0.1045625
ws: 3.333333333333334e-06
pmax: 0.1045625
ws: 4.166666666666667e-06
pmax: 0.1045625
ws: 5.000000000000001e-06
pmax: 0.1045625
ws: 5.833333333333336e-06
pmax: 0.1045625
ws: 6.666666666666667e-06
pmax: 0.1045625
ws: 7.500000000000001e-06
pmax: 0.1045625
ws: 8.333333333333335e-06
pmax: 0.1045625
ws: 9.16666666666667e-06
pmax: 0.1045625
ws: 1e-05
pmax: 0.12537500000000001
ws: -1e-05
pmax: 0.12537500000000001
ws: -9.166666666666668e-06
pmax: 0.12537500000000001
ws: -8.333333333333334e-06
pmax: 0.12537500000000001
ws: -7.500000000000001e-06
pmax: 0.12537500000000001
ws: -6.666666666666667e-06
pmax: 0.12537500000000001
ws: -5.833333333333334e-06
pmax: 0.12537500000000001
ws: -5e-06
pmax: 0.12537500000000001
ws: -4.166666666666667e-06
pmax: 0.12537500000000001
ws: -3.3333333333333333e-06
pmax: 0.12537500000000001
ws: -2.4999999999999998e-06
pmax: 0.12537500000000001
ws: -1.666666666666667e-06
pmax: 0.12537500000000001
ws: -8.333333333333327e-07
pmax: 0.12537500000000001
ws: 0.0
pmax: 0.12537500000000001
ws: 8.333333333333344e-07
pmax: 0.12537500000000001
ws: 1.666666666666667e-06
pmax: 0.12537500000000001
ws: 2.5000000000000015e-06
pmax: 0.12537500000000001
ws: 3.333333333333334e-06
pmax: 0.12537500000000001
ws: 4.166666666666667e-06
pmax: 0.12537500000000001
ws: 5.000000000000001e-06
pmax: 0.12537500000000001
ws: 5.833333333333336e-06
pmax: 0.12537500000000001
ws: 6.666666666666667e-06
pmax: 0.12537500000000001
ws: 7.500000000000001e-06
pmax: 0.12537500000000001
ws: 8.333333333333335e-06
pmax: 0.12537500000000001
ws: 9.16666666666667e-06
pmax: 0.12537500000000001
ws: 1e-05
pmax: 0.1461875
ws: -1e-05
pmax: 0.1461875
ws: -9.166666666666668e-06
pmax: 0.1461875
ws: -8.333333333333334e-06
pmax: 0.1461875
ws: -7.500000000000001e-06
pmax: 0.1461875
ws: -6.666666666666667e-06
pmax: 0.1461875
ws: -5.833333333333334e-06
pmax: 0.1461875
ws: -5e-06
pmax: 0.1461875
ws: -4.166666666666667e-06
pmax: 0.1461875
ws: -3.3333333333333333e-06
pmax: 0.1461875
ws: -2.4999999999999998e-06
pmax: 0.1461875
ws: -1.666666666666667e-06
pmax: 0.1461875
ws: -8.333333333333327e-07
pmax: 0.1461875
ws: 0.0
pmax: 0.1461875
ws: 8.333333333333344e-07
pmax: 0.1461875
ws: 1.666666666666667e-06
pmax: 0.1461875
ws: 2.5000000000000015e-06
pmax: 0.1461875
ws: 3.333333333333334e-06
pmax: 0.1461875
ws: 4.166666666666667e-06
pmax: 0.1461875
ws: 5.000000000000001e-06
pmax: 0.1461875
ws: 5.833333333333336e-06
pmax: 0.1461875
ws: 6.666666666666667e-06
pmax: 0.1461875
ws: 7.500000000000001e-06
pmax: 0.1461875
ws: 8.333333333333335e-06
pmax: 0.1461875
ws: 9.16666666666667e-06
pmax: 0.1461875
ws: 1e-05
pmax: 0.167
ws: -1e-05
pmax: 0.167
ws: -9.166666666666668e-06
pmax: 0.167
ws: -8.333333333333334e-06
pmax: 0.167
ws: -7.500000000000001e-06
pmax: 0.167
ws: -6.666666666666667e-06
pmax: 0.167
ws: -5.833333333333334e-06
pmax: 0.167
ws: -5e-06
pmax: 0.167
ws: -4.166666666666667e-06
pmax: 0.167
ws: -3.3333333333333333e-06
pmax: 0.167
ws: -2.4999999999999998e-06
pmax: 0.167
ws: -1.666666666666667e-06
pmax: 0.167
ws: -8.333333333333327e-07
pmax: 0.167
ws: 0.0
pmax: 0.167
ws: 8.333333333333344e-07
pmax: 0.167
ws: 1.666666666666667e-06
pmax: 0.167
ws: 2.5000000000000015e-06
pmax: 0.167
ws: 3.333333333333334e-06
pmax: 0.167
ws: 4.166666666666667e-06
pmax: 0.167
ws: 5.000000000000001e-06
pmax: 0.167
ws: 5.833333333333336e-06
pmax: 0.167
ws: 6.666666666666667e-06
pmax: 0.167
ws: 7.500000000000001e-06
pmax: 0.167
ws: 8.333333333333335e-06
pmax: 0.167
ws: 9.16666666666667e-06
pmax: 0.167
ws: 1e-05
pmax: 0.18781250000000002
ws: -1e-05
pmax: 0.18781250000000002
ws: -9.166666666666668e-06
pmax: 0.18781250000000002
ws: -8.333333333333334e-06
pmax: 0.18781250000000002
ws: -7.500000000000001e-06
pmax: 0.18781250000000002
ws: -6.666666666666667e-06
pmax: 0.18781250000000002
ws: -5.833333333333334e-06
pmax: 0.18781250000000002
ws: -5e-06
pmax: 0.18781250000000002
ws: -4.166666666666667e-06
pmax: 0.18781250000000002
ws: -3.3333333333333333e-06
pmax: 0.18781250000000002
ws: -2.4999999999999998e-06
pmax: 0.18781250000000002
ws: -1.666666666666667e-06
pmax: 0.18781250000000002
ws: -8.333333333333327e-07
pmax: 0.18781250000000002
ws: 0.0
pmax: 0.18781250000000002
ws: 8.333333333333344e-07
pmax: 0.18781250000000002
ws: 1.666666666666667e-06
pmax: 0.18781250000000002
ws: 2.5000000000000015e-06
pmax: 0.18781250000000002
ws: 3.333333333333334e-06
pmax: 0.18781250000000002
ws: 4.166666666666667e-06
pmax: 0.18781250000000002
ws: 5.000000000000001e-06
pmax: 0.18781250000000002
ws: 5.833333333333336e-06
pmax: 0.18781250000000002
ws: 6.666666666666667e-06
pmax: 0.18781250000000002
ws: 7.500000000000001e-06
pmax: 0.18781250000000002
ws: 8.333333333333335e-06
pmax: 0.18781250000000002
ws: 9.16666666666667e-06
pmax: 0.18781250000000002
ws: 1e-05
pmax: 0.208625
ws: -1e-05
pmax: 0.208625
ws: -9.166666666666668e-06
pmax: 0.208625
ws: -8.333333333333334e-06
pmax: 0.208625
ws: -7.500000000000001e-06
pmax: 0.208625
ws: -6.666666666666667e-06
pmax: 0.208625
ws: -5.833333333333334e-06
pmax: 0.208625
ws: -5e-06
pmax: 0.208625
ws: -4.166666666666667e-06
pmax: 0.208625
ws: -3.3333333333333333e-06
pmax: 0.208625
ws: -2.4999999999999998e-06
pmax: 0.208625
ws: -1.666666666666667e-06
pmax: 0.208625
ws: -8.333333333333327e-07
pmax: 0.208625
ws: 0.0
pmax: 0.208625
ws: 8.333333333333344e-07
pmax: 0.208625
ws: 1.666666666666667e-06
pmax: 0.208625
ws: 2.5000000000000015e-06
pmax: 0.208625
ws: 3.333333333333334e-06
pmax: 0.208625
ws: 4.166666666666667e-06
pmax: 0.208625
ws: 5.000000000000001e-06
pmax: 0.208625
ws: 5.833333333333336e-06
pmax: 0.208625
ws: 6.666666666666667e-06
pmax: 0.208625
ws: 7.500000000000001e-06
pmax: 0.208625
ws: 8.333333333333335e-06
pmax: 0.208625
ws: 9.16666666666667e-06
pmax: 0.208625
ws: 1e-05
pmax: 0.22943750000000002
ws: -1e-05
pmax: 0.22943750000000002
ws: -9.166666666666668e-06
pmax: 0.22943750000000002
ws: -8.333333333333334e-06
pmax: 0.22943750000000002
ws: -7.500000000000001e-06
pmax: 0.22943750000000002
ws: -6.666666666666667e-06
pmax: 0.22943750000000002
ws: -5.833333333333334e-06
pmax: 0.22943750000000002
ws: -5e-06
pmax: 0.22943750000000002
ws: -4.166666666666667e-06
pmax: 0.22943750000000002
ws: -3.3333333333333333e-06
pmax: 0.22943750000000002
ws: -2.4999999999999998e-06
pmax: 0.22943750000000002
ws: -1.666666666666667e-06
pmax: 0.22943750000000002
ws: -8.333333333333327e-07
pmax: 0.22943750000000002
ws: 0.0
pmax: 0.22943750000000002
ws: 8.333333333333344e-07
pmax: 0.22943750000000002
ws: 1.666666666666667e-06
pmax: 0.22943750000000002
ws: 2.5000000000000015e-06
pmax: 0.22943750000000002
ws: 3.333333333333334e-06
pmax: 0.22943750000000002
ws: 4.166666666666667e-06
pmax: 0.22943750000000002
ws: 5.000000000000001e-06
pmax: 0.22943750000000002
ws: 5.833333333333336e-06
pmax: 0.22943750000000002
ws: 6.666666666666667e-06
pmax: 0.22943750000000002
ws: 7.500000000000001e-06
pmax: 0.22943750000000002
ws: 8.333333333333335e-06
pmax: 0.22943750000000002
ws: 9.16666666666667e-06
pmax: 0.22943750000000002
ws: 1e-05
pmax: 0.25025000000000003
ws: -1e-05
pmax: 0.25025000000000003
ws: -9.166666666666668e-06
pmax: 0.25025000000000003
ws: -8.333333333333334e-06
pmax: 0.25025000000000003
ws: -7.500000000000001e-06
pmax: 0.25025000000000003
ws: -6.666666666666667e-06
pmax: 0.25025000000000003
ws: -5.833333333333334e-06
pmax: 0.25025000000000003
ws: -5e-06
pmax: 0.25025000000000003
ws: -4.166666666666667e-06
pmax: 0.25025000000000003
ws: -3.3333333333333333e-06
pmax: 0.25025000000000003
ws: -2.4999999999999998e-06
pmax: 0.25025000000000003
ws: -1.666666666666667e-06
pmax: 0.25025000000000003
ws: -8.333333333333327e-07
pmax: 0.25025000000000003
ws: 0.0
pmax: 0.25025000000000003
ws: 8.333333333333344e-07
pmax: 0.25025000000000003
ws: 1.666666666666667e-06
pmax: 0.25025000000000003
ws: 2.5000000000000015e-06
pmax: 0.25025000000000003
ws: 3.333333333333334e-06
pmax: 0.25025000000000003
ws: 4.166666666666667e-06
pmax: 0.25025000000000003
ws: 5.000000000000001e-06
pmax: 0.25025000000000003
ws: 5.833333333333336e-06
pmax: 0.25025000000000003
ws: 6.666666666666667e-06
pmax: 0.25025000000000003
ws: 7.500000000000001e-06
pmax: 0.25025000000000003
ws: 8.333333333333335e-06
pmax: 0.25025000000000003
ws: 9.16666666666667e-06
pmax: 0.25025000000000003
ws: 1e-05
pmax: 0.27106250000000004
ws: -1e-05
pmax: 0.27106250000000004
ws: -9.166666666666668e-06
pmax: 0.27106250000000004
ws: -8.333333333333334e-06
pmax: 0.27106250000000004
ws: -7.500000000000001e-06
pmax: 0.27106250000000004
ws: -6.666666666666667e-06
pmax: 0.27106250000000004
ws: -5.833333333333334e-06
pmax: 0.27106250000000004
ws: -5e-06
pmax: 0.27106250000000004
ws: -4.166666666666667e-06
pmax: 0.27106250000000004
ws: -3.3333333333333333e-06
pmax: 0.27106250000000004
ws: -2.4999999999999998e-06
pmax: 0.27106250000000004
ws: -1.666666666666667e-06
pmax: 0.27106250000000004
ws: -8.333333333333327e-07
pmax: 0.27106250000000004
ws: 0.0
pmax: 0.27106250000000004
ws: 8.333333333333344e-07
pmax: 0.27106250000000004
ws: 1.666666666666667e-06
pmax: 0.27106250000000004
ws: 2.5000000000000015e-06
pmax: 0.27106250000000004
ws: 3.333333333333334e-06
pmax: 0.27106250000000004
ws: 4.166666666666667e-06
pmax: 0.27106250000000004
ws: 5.000000000000001e-06
pmax: 0.27106250000000004
ws: 5.833333333333336e-06
pmax: 0.27106250000000004
ws: 6.666666666666667e-06
pmax: 0.27106250000000004
ws: 7.500000000000001e-06
pmax: 0.27106250000000004
ws: 8.333333333333335e-06
pmax: 0.27106250000000004
ws: 9.16666666666667e-06
pmax: 0.27106250000000004
ws: 1e-05
pmax: 0.291875
ws: -1e-05
pmax: 0.291875
ws: -9.166666666666668e-06
pmax: 0.291875
ws: -8.333333333333334e-06
pmax: 0.291875
ws: -7.500000000000001e-06
pmax: 0.291875
ws: -6.666666666666667e-06
pmax: 0.291875
ws: -5.833333333333334e-06
pmax: 0.291875
ws: -5e-06
pmax: 0.291875
ws: -4.166666666666667e-06
pmax: 0.291875
ws: -3.3333333333333333e-06
pmax: 0.291875
ws: -2.4999999999999998e-06
pmax: 0.291875
ws: -1.666666666666667e-06
pmax: 0.291875
ws: -8.333333333333327e-07
pmax: 0.291875
ws: 0.0
pmax: 0.291875
ws: 8.333333333333344e-07
pmax: 0.291875
ws: 1.666666666666667e-06
pmax: 0.291875
ws: 2.5000000000000015e-06
pmax: 0.291875
ws: 3.333333333333334e-06
pmax: 0.291875
ws: 4.166666666666667e-06
pmax: 0.291875
ws: 5.000000000000001e-06
pmax: 0.291875
ws: 5.833333333333336e-06
pmax: 0.291875
ws: 6.666666666666667e-06
pmax: 0.291875
ws: 7.500000000000001e-06
pmax: 0.291875
ws: 8.333333333333335e-06
pmax: 0.291875
ws: 9.16666666666667e-06
pmax: 0.291875
ws: 1e-05
pmax: 0.3126875
ws: -1e-05
pmax: 0.3126875
ws: -9.166666666666668e-06
pmax: 0.3126875
ws: -8.333333333333334e-06
pmax: 0.3126875
ws: -7.500000000000001e-06
pmax: 0.3126875
ws: -6.666666666666667e-06
pmax: 0.3126875
ws: -5.833333333333334e-06
pmax: 0.3126875
ws: -5e-06
pmax: 0.3126875
ws: -4.166666666666667e-06
pmax: 0.3126875
ws: -3.3333333333333333e-06
pmax: 0.3126875
ws: -2.4999999999999998e-06
pmax: 0.3126875
ws: -1.666666666666667e-06
pmax: 0.3126875
ws: -8.333333333333327e-07
pmax: 0.3126875
ws: 0.0
pmax: 0.3126875
ws: 8.333333333333344e-07
pmax: 0.3126875
ws: 1.666666666666667e-06
pmax: 0.3126875
ws: 2.5000000000000015e-06
pmax: 0.3126875
ws: 3.333333333333334e-06
pmax: 0.3126875
ws: 4.166666666666667e-06
pmax: 0.3126875
ws: 5.000000000000001e-06
pmax: 0.3126875
ws: 5.833333333333336e-06
pmax: 0.3126875
ws: 6.666666666666667e-06
pmax: 0.3126875
ws: 7.500000000000001e-06
pmax: 0.3126875
ws: 8.333333333333335e-06
pmax: 0.3126875
ws: 9.16666666666667e-06
pmax: 0.3126875
ws: 1e-05
pmax: 0.3335
ws: -1e-05
pmax: 0.3335
ws: -9.166666666666668e-06
pmax: 0.3335
ws: -8.333333333333334e-06
pmax: 0.3335
ws: -7.500000000000001e-06
pmax: 0.3335
ws: -6.666666666666667e-06
pmax: 0.3335
ws: -5.833333333333334e-06
pmax: 0.3335
ws: -5e-06
pmax: 0.3335
ws: -4.166666666666667e-06
pmax: 0.3335
ws: -3.3333333333333333e-06
pmax: 0.3335
ws: -2.4999999999999998e-06
pmax: 0.3335
ws: -1.666666666666667e-06
pmax: 0.3335
ws: -8.333333333333327e-07
pmax: 0.3335
ws: 0.0
pmax: 0.3335
ws: 8.333333333333344e-07
pmax: 0.3335
ws: 1.666666666666667e-06
pmax: 0.3335
ws: 2.5000000000000015e-06
pmax: 0.3335
ws: 3.333333333333334e-06
pmax: 0.3335
ws: 4.166666666666667e-06
pmax: 0.3335
ws: 5.000000000000001e-06
pmax: 0.3335
ws: 5.833333333333336e-06
pmax: 0.3335
ws: 6.666666666666667e-06
pmax: 0.3335
ws: 7.500000000000001e-06
pmax: 0.3335
ws: 8.333333333333335e-06
pmax: 0.3335
ws: 9.16666666666667e-06
pmax: 0.3335
ws: 1e-05
pmax: 0.35431250000000003
ws: -1e-05
pmax: 0.35431250000000003
ws: -9.166666666666668e-06
pmax: 0.35431250000000003
ws: -8.333333333333334e-06
pmax: 0.35431250000000003
ws: -7.500000000000001e-06
pmax: 0.35431250000000003
ws: -6.666666666666667e-06
pmax: 0.35431250000000003
ws: -5.833333333333334e-06
pmax: 0.35431250000000003
ws: -5e-06
pmax: 0.35431250000000003
ws: -4.166666666666667e-06
pmax: 0.35431250000000003
ws: -3.3333333333333333e-06
pmax: 0.35431250000000003
ws: -2.4999999999999998e-06
pmax: 0.35431250000000003
ws: -1.666666666666667e-06
pmax: 0.35431250000000003
ws: -8.333333333333327e-07
pmax: 0.35431250000000003
ws: 0.0
pmax: 0.35431250000000003
ws: 8.333333333333344e-07
pmax: 0.35431250000000003
ws: 1.666666666666667e-06
pmax: 0.35431250000000003
ws: 2.5000000000000015e-06
pmax: 0.35431250000000003
ws: 3.333333333333334e-06
pmax: 0.35431250000000003
ws: 4.166666666666667e-06
pmax: 0.35431250000000003
ws: 5.000000000000001e-06
pmax: 0.35431250000000003
ws: 5.833333333333336e-06
pmax: 0.35431250000000003
ws: 6.666666666666667e-06
pmax: 0.35431250000000003
ws: 7.500000000000001e-06
pmax: 0.35431250000000003
ws: 8.333333333333335e-06
pmax: 0.35431250000000003
ws: 9.16666666666667e-06
pmax: 0.35431250000000003
ws: 1e-05
pmax: 0.37512500000000004
ws: -1e-05
pmax: 0.37512500000000004
ws: -9.166666666666668e-06
pmax: 0.37512500000000004
ws: -8.333333333333334e-06
pmax: 0.37512500000000004
ws: -7.500000000000001e-06
pmax: 0.37512500000000004
ws: -6.666666666666667e-06
pmax: 0.37512500000000004
ws: -5.833333333333334e-06
pmax: 0.37512500000000004
ws: -5e-06
pmax: 0.37512500000000004
ws: -4.166666666666667e-06
pmax: 0.37512500000000004
ws: -3.3333333333333333e-06
pmax: 0.37512500000000004
ws: -2.4999999999999998e-06
pmax: 0.37512500000000004
ws: -1.666666666666667e-06
pmax: 0.37512500000000004
ws: -8.333333333333327e-07
pmax: 0.37512500000000004
ws: 0.0
pmax: 0.37512500000000004
ws: 8.333333333333344e-07
pmax: 0.37512500000000004
ws: 1.666666666666667e-06
pmax: 0.37512500000000004
ws: 2.5000000000000015e-06
pmax: 0.37512500000000004
ws: 3.333333333333334e-06
pmax: 0.37512500000000004
ws: 4.166666666666667e-06
pmax: 0.37512500000000004
ws: 5.000000000000001e-06
pmax: 0.37512500000000004
ws: 5.833333333333336e-06
pmax: 0.37512500000000004
ws: 6.666666666666667e-06
pmax: 0.37512500000000004
ws: 7.500000000000001e-06
pmax: 0.37512500000000004
ws: 8.333333333333335e-06
pmax: 0.37512500000000004
ws: 9.16666666666667e-06
pmax: 0.37512500000000004
ws: 1e-05
pmax: 0.3959375
ws: -1e-05
pmax: 0.3959375
ws: -9.166666666666668e-06
pmax: 0.3959375
ws: -8.333333333333334e-06
pmax: 0.3959375
ws: -7.500000000000001e-06
pmax: 0.3959375
ws: -6.666666666666667e-06
pmax: 0.3959375
ws: -5.833333333333334e-06
pmax: 0.3959375
ws: -5e-06
pmax: 0.3959375
ws: -4.166666666666667e-06
pmax: 0.3959375
ws: -3.3333333333333333e-06
pmax: 0.3959375
ws: -2.4999999999999998e-06
pmax: 0.3959375
ws: -1.666666666666667e-06
pmax: 0.3959375
ws: -8.333333333333327e-07
pmax: 0.3959375
ws: 0.0
pmax: 0.3959375
ws: 8.333333333333344e-07
pmax: 0.3959375
ws: 1.666666666666667e-06
pmax: 0.3959375
ws: 2.5000000000000015e-06
pmax: 0.3959375
ws: 3.333333333333334e-06
pmax: 0.3959375
ws: 4.166666666666667e-06
pmax: 0.3959375
ws: 5.000000000000001e-06
pmax: 0.3959375
ws: 5.833333333333336e-06
pmax: 0.3959375
ws: 6.666666666666667e-06
pmax: 0.3959375
ws: 7.500000000000001e-06
pmax: 0.3959375
ws: 8.333333333333335e-06
pmax: 0.3959375
ws: 9.16666666666667e-06
pmax: 0.3959375
ws: 1e-05
pmax: 0.41675
ws: -1e-05
pmax: 0.41675
ws: -9.166666666666668e-06
pmax: 0.41675
ws: -8.333333333333334e-06
pmax: 0.41675
ws: -7.500000000000001e-06
pmax: 0.41675
ws: -6.666666666666667e-06
pmax: 0.41675
ws: -5.833333333333334e-06
pmax: 0.41675
ws: -5e-06
pmax: 0.41675
ws: -4.166666666666667e-06
pmax: 0.41675
ws: -3.3333333333333333e-06
pmax: 0.41675
ws: -2.4999999999999998e-06
pmax: 0.41675
ws: -1.666666666666667e-06
pmax: 0.41675
ws: -8.333333333333327e-07
pmax: 0.41675
ws: 0.0
pmax: 0.41675
ws: 8.333333333333344e-07
pmax: 0.41675
ws: 1.666666666666667e-06
pmax: 0.41675
ws: 2.5000000000000015e-06
pmax: 0.41675
ws: 3.333333333333334e-06
pmax: 0.41675
ws: 4.166666666666667e-06
pmax: 0.41675
ws: 5.000000000000001e-06
pmax: 0.41675
ws: 5.833333333333336e-06
pmax: 0.41675
ws: 6.666666666666667e-06
pmax: 0.41675
ws: 7.500000000000001e-06
pmax: 0.41675
ws: 8.333333333333335e-06
pmax: 0.41675
ws: 9.16666666666667e-06
pmax: 0.41675
ws: 1e-05
pmax: 0.4375625
ws: -1e-05
pmax: 0.4375625
ws: -9.166666666666668e-06
pmax: 0.4375625
ws: -8.333333333333334e-06
pmax: 0.4375625
ws: -7.500000000000001e-06
pmax: 0.4375625
ws: -6.666666666666667e-06
pmax: 0.4375625
ws: -5.833333333333334e-06
pmax: 0.4375625
ws: -5e-06
pmax: 0.4375625
ws: -4.166666666666667e-06
pmax: 0.4375625
ws: -3.3333333333333333e-06
pmax: 0.4375625
ws: -2.4999999999999998e-06
pmax: 0.4375625
ws: -1.666666666666667e-06
pmax: 0.4375625
ws: -8.333333333333327e-07
pmax: 0.4375625
ws: 0.0
pmax: 0.4375625
ws: 8.333333333333344e-07
pmax: 0.4375625
ws: 1.666666666666667e-06
pmax: 0.4375625
ws: 2.5000000000000015e-06
pmax: 0.4375625
ws: 3.333333333333334e-06
pmax: 0.4375625
ws: 4.166666666666667e-06
pmax: 0.4375625
ws: 5.000000000000001e-06
pmax: 0.4375625
ws: 5.833333333333336e-06
pmax: 0.4375625
ws: 6.666666666666667e-06
pmax: 0.4375625
ws: 7.500000000000001e-06
pmax: 0.4375625
ws: 8.333333333333335e-06
pmax: 0.4375625
ws: 9.16666666666667e-06
pmax: 0.4375625
ws: 1e-05
pmax: 0.45837500000000003
ws: -1e-05
pmax: 0.45837500000000003
ws: -9.166666666666668e-06
pmax: 0.45837500000000003
ws: -8.333333333333334e-06
pmax: 0.45837500000000003
ws: -7.500000000000001e-06
pmax: 0.45837500000000003
ws: -6.666666666666667e-06
pmax: 0.45837500000000003
ws: -5.833333333333334e-06
pmax: 0.45837500000000003
ws: -5e-06
pmax: 0.45837500000000003
ws: -4.166666666666667e-06
pmax: 0.45837500000000003
ws: -3.3333333333333333e-06
pmax: 0.45837500000000003
ws: -2.4999999999999998e-06
pmax: 0.45837500000000003
ws: -1.666666666666667e-06
pmax: 0.45837500000000003
ws: -8.333333333333327e-07
pmax: 0.45837500000000003
ws: 0.0
pmax: 0.45837500000000003
ws: 8.333333333333344e-07
pmax: 0.45837500000000003
ws: 1.666666666666667e-06
pmax: 0.45837500000000003
ws: 2.5000000000000015e-06
pmax: 0.45837500000000003
ws: 3.333333333333334e-06
pmax: 0.45837500000000003
ws: 4.166666666666667e-06
pmax: 0.45837500000000003
ws: 5.000000000000001e-06
pmax: 0.45837500000000003
ws: 5.833333333333336e-06
pmax: 0.45837500000000003
ws: 6.666666666666667e-06
pmax: 0.45837500000000003
ws: 7.500000000000001e-06
pmax: 0.45837500000000003
ws: 8.333333333333335e-06
pmax: 0.45837500000000003
ws: 9.16666666666667e-06
pmax: 0.45837500000000003
ws: 1e-05
pmax: 0.47918750000000004
ws: -1e-05
pmax: 0.47918750000000004
ws: -9.166666666666668e-06
pmax: 0.47918750000000004
ws: -8.333333333333334e-06
pmax: 0.47918750000000004
ws: -7.500000000000001e-06
pmax: 0.47918750000000004
ws: -6.666666666666667e-06
pmax: 0.47918750000000004
ws: -5.833333333333334e-06
pmax: 0.47918750000000004
ws: -5e-06
pmax: 0.47918750000000004
ws: -4.166666666666667e-06
pmax: 0.47918750000000004
ws: -3.3333333333333333e-06
pmax: 0.47918750000000004
ws: -2.4999999999999998e-06
pmax: 0.47918750000000004
ws: -1.666666666666667e-06
pmax: 0.47918750000000004
ws: -8.333333333333327e-07
pmax: 0.47918750000000004
ws: 0.0
pmax: 0.47918750000000004
ws: 8.333333333333344e-07
pmax: 0.47918750000000004
ws: 1.666666666666667e-06
pmax: 0.47918750000000004
ws: 2.5000000000000015e-06
pmax: 0.47918750000000004
ws: 3.333333333333334e-06
pmax: 0.47918750000000004
ws: 4.166666666666667e-06
pmax: 0.47918750000000004
ws: 5.000000000000001e-06
pmax: 0.47918750000000004
ws: 5.833333333333336e-06
pmax: 0.47918750000000004
ws: 6.666666666666667e-06
pmax: 0.47918750000000004
ws: 7.500000000000001e-06
pmax: 0.47918750000000004
ws: 8.333333333333335e-06
pmax: 0.47918750000000004
ws: 9.16666666666667e-06
pmax: 0.47918750000000004
ws: 1e-05
pmax: 0.5
ws: -1e-05
pmax: 0.5
ws: -9.166666666666668e-06
pmax: 0.5
ws: -8.333333333333334e-06
pmax: 0.5
ws: -7.500000000000001e-06
pmax: 0.5
ws: -6.666666666666667e-06
pmax: 0.5
ws: -5.833333333333334e-06
pmax: 0.5
ws: -5e-06
pmax: 0.5
ws: -4.166666666666667e-06
pmax: 0.5
ws: -3.3333333333333333e-06
pmax: 0.5
ws: -2.4999999999999998e-06
pmax: 0.5
ws: -1.666666666666667e-06
pmax: 0.5
ws: -8.333333333333327e-07
pmax: 0.5
ws: 0.0
pmax: 0.5
ws: 8.333333333333344e-07
pmax: 0.5
ws: 1.666666666666667e-06
pmax: 0.5
ws: 2.5000000000000015e-06
pmax: 0.5
ws: 3.333333333333334e-06
pmax: 0.5
ws: 4.166666666666667e-06
pmax: 0.5
ws: 5.000000000000001e-06
pmax: 0.5
ws: 5.833333333333336e-06
pmax: 0.5
ws: 6.666666666666667e-06
pmax: 0.5
ws: 7.500000000000001e-06
pmax: 0.5
ws: 8.333333333333335e-06
pmax: 0.5
ws: 9.16666666666667e-06
pmax: 0.5
ws: 1e-05
Setting constant concentration for Diatoms @ 200
No initial condition for this pressure gradient --> using default!
Using initial condition from ../initial_condition/initial_condition-pressure=2.00e-07.csv
Depth averaged turbulent dissipation = 0.000027
Ratio = 0.538388
28.232664346694946
Setting constant concentration for Diatoms @ 200
No initial condition for this pressure gradient --> using default!
Using initial condition from ../initial_condition/initial_condition-pressure=2.00e-07.csv
Depth averaged turbulent dissipation = 0.000027
Ratio = 0.593861
29.432445526123047
Setting constant concentration for Diatoms @ 200
No initial condition for this pressure gradient --> using default!
Using initial condition from ../initial_condition/initial_condition-pressure=2.00e-07.csv
Depth averaged turbulent dissipation = 0.000027
Ratio = 0.524649
28.549394369125366
Setting constant concentration for Diatoms @ 200
No initial condition for this pressure gradient --> using default!
Using initial condition from ../initial_condition/initial_condition-pressure=2.00e-07.csv
Depth averaged turbulent dissipation = 0.000027
Ratio = 0.552181
28.259729623794556
Setting constant concentration for Diatoms @ 200
No initial condition for this pressure gradient --> using default!
Using initial condition from ../initial_condition/initial_condition-pressure=2.00e-07.csv
Depth averaged turbulent dissipation = 0.000027
Ratio = 0.510967
28.574682474136353
Setting constant concentration for Diatoms @ 200
No initial condition for this pressure gradient --> using default!
Using initial condition from ../initial_condition/initial_condition-pressure=2.00e-07.csv
Depth averaged turbulent dissipation = 0.000027
Ratio = 0.650995
28.49957585334778
Setting constant concentration for Diatoms @ 200
No initial condition for this pressure gradient --> using default!
Using initial condition from ../initial_condition/initial_condition-pressure=2.00e-07.csv
Depth averaged turbulent dissipation = 0.000027
Ratio = 0.579920
28.8974289894104
Setting constant concentration for Diatoms @ 200
No initial condition for this pressure gradient --> using default!
Using initial condition from ../initial_condition/initial_condition-pressure=2.00e-07.csv
Depth averaged turbulent dissipation = 0.000027
Ratio = 0.607846
28.303292274475098
Setting constant concentration for Diatoms @ 200
No initial condition for this pressure gradient --> using default!
Using initial condition from ../initial_condition/initial_condition-pressure=2.00e-07.csv
Depth averaged turbulent dissipation = 0.000027
Ratio = 0.650432
28.618245124816895
Setting constant concentration for Diatoms @ 200
No initial condition for this pressure gradient --> using default!
Using initial condition from ../initial_condition/initial_condition-pressure=2.00e-07.csv
Depth averaged turbulent dissipation = 0.000027
Ratio = 0.650128
28.635627269744873
Setting constant concentration for Diatoms @ 200
No initial condition for this pressure gradient --> using default!
Using initial condition from ../initial_condition/initial_condition-pressure=2.00e-07.csv
Depth averaged turbulent dissipation = 0.000027
Ratio = 0.483788
28.394705057144165
Setting constant concentration for Diatoms @ 200
No initial condition for this pressure gradient --> using default!
Using initial condition from ../initial_condition/initial_condition-pressure=2.00e-07.csv
Depth averaged turbulent dissipation = 0.000027
Ratio = 0.540439
28.325031757354736
Setting constant concentration for Diatoms @ 200
No initial condition for this pressure gradient --> using default!
Using initial condition from ../initial_condition/initial_condition-pressure=2.00e-07.csv
Depth averaged turbulent dissipation = 0.000027
Ratio = 0.748068
29.080686330795288
Setting constant concentration for Diatoms @ 200
No initial condition for this pressure gradient --> using default!
Using initial condition from ../initial_condition/initial_condition-pressure=2.00e-07.csv
Depth averaged turbulent dissipation = 0.000027
Ratio = 0.573290
29.55793023109436
Setting constant concentration for Diatoms @ 200
No initial condition for this pressure gradient --> using default!
Using initial condition from ../initial_condition/initial_condition-pressure=2.00e-07.csv
Depth averaged turbulent dissipation = 0.000027
Ratio = 0.773299
28.470301628112793
Setting constant concentration for Diatoms @ 200
No initial condition for this pressure gradient --> using default!
Using initial condition from ../initial_condition/initial_condition-pressure=2.00e-07.csv
Depth averaged turbulent dissipation = 0.000027
Ratio = 0.782145
28.45940399169922
Setting constant concentration for Diatoms @ 200
No initial condition for this pressure gradient --> using default!
Using initial condition from ../initial_condition/initial_condition-pressure=2.00e-07.csv
Depth averaged turbulent dissipation = 0.000027
Ratio = 0.497345
28.634771585464478
Setting constant concentration for Diatoms @ 200
No initial condition for this pressure gradient --> using default!
Using initial condition from ../initial_condition/initial_condition-pressure=2.00e-07.csv
Depth averaged turbulent dissipation = 0.000027
Ratio = 0.650589
28.251360177993774
Setting constant concentration for Diatoms @ 200
No initial condition for this pressure gradient --> using default!
Using initial condition from ../initial_condition/initial_condition-pressure=2.00e-07.csv
Depth averaged turbulent dissipation = 0.000027
Ratio = 0.566026
28.701120376586914
Setting constant concentration for Diatoms @ 200
No initial condition for this pressure gradient --> using default!
Using initial condition from ../initial_condition/initial_condition-pressure=2.00e-07.csv
Depth averaged turbulent dissipation = 0.000027
Ratio = 0.676132
28.760031700134277
Setting constant concentration for Diatoms @ 200
No initial condition for this pressure gradient --> using default!
Using initial condition from ../initial_condition/initial_condition-pressure=2.00e-07.csv
Depth averaged turbulent dissipation = 0.000027
Ratio = 0.711781
28.631598949432373
Setting constant concentration for Diatoms @ 200
No initial condition for this pressure gradient --> using default!
Using initial condition from ../initial_condition/initial_condition-pressure=2.00e-07.csv
Depth averaged turbulent dissipation = 0.000027
Ratio = 0.650750
28.82328701019287
Setting constant concentration for Diatoms @ 200
No initial condition for this pressure gradient --> using default!
Using initial condition from ../initial_condition/initial_condition-pressure=2.00e-07.csv
Depth averaged turbulent dissipation = 0.000027
Ratio = 0.821519
28.47257947921753
Setting constant concentration for Diatoms @ 200
No initial condition for this pressure gradient --> using default!
Using initial condition from ../initial_condition/initial_condition-pressure=2.00e-07.csv
Depth averaged turbulent dissipation = 0.000027
Ratio = 0.623922
28.836215019226074
Setting constant concentration for Diatoms @ 200
No initial condition for this pressure gradient --> using default!
Using initial condition from ../initial_condition/initial_condition-pressure=2.00e-07.csv
Depth averaged turbulent dissipation = 0.000027
Ratio = 0.693875
29.243186473846436
Setting constant concentration for Diatoms @ 200
No initial condition for this pressure gradient --> using default!
Using initial condition from ../initial_condition/initial_condition-pressure=2.00e-07.csv
Depth averaged turbulent dissipation = 0.000027
Ratio = 0.621875
28.875555753707886
Setting constant concentration for Diatoms @ 200
No initial condition for this pressure gradient --> using default!
Using initial condition from ../initial_condition/initial_condition-pressure=2.00e-07.csv
Depth averaged turbulent dissipation = 0.000027
Ratio = 0.606866
28.16463541984558
Setting constant concentration for Diatoms @ 200
No initial condition for this pressure gradient --> using default!
Using initial condition from ../initial_condition/initial_condition-pressure=2.00e-07.csv
Depth averaged turbulent dissipation = 0.000027
Ratio = 0.662222
28.71224284172058
Setting constant concentration for Diatoms @ 200
No initial condition for this pressure gradient --> using default!
Using initial condition from ../initial_condition/initial_condition-pressure=2.00e-07.csv
Depth averaged turbulent dissipation = 0.000027
Ratio = 0.729847
29.151819467544556
Setting constant concentration for Diatoms @ 200
No initial condition for this pressure gradient --> using default!
Using initial condition from ../initial_condition/initial_condition-pressure=2.00e-07.csv
Depth averaged turbulent dissipation = 0.000027
Ratio = 0.683778
28.896512031555176
Setting constant concentration for Diatoms @ 200
No initial condition for this pressure gradient --> using default!
Using initial condition from ../initial_condition/initial_condition-pressure=2.00e-07.csv
Depth averaged turbulent dissipation = 0.000027
Ratio = 0.821453
28.665481090545654
Setting constant concentration for Diatoms @ 200
No initial condition for this pressure gradient --> using default!
Using initial condition from ../initial_condition/initial_condition-pressure=2.00e-07.csv
Depth averaged turbulent dissipation = 0.000027
Ratio = 0.797527
28.88620352745056
Setting constant concentration for Diatoms @ 200
No initial condition for this pressure gradient --> using default!
Using initial condition from ../initial_condition/initial_condition-pressure=2.00e-07.csv
Depth averaged turbulent dissipation = 0.000027
Ratio = 0.752100
29.08900737762451
Setting constant concentration for Diatoms @ 200
No initial condition for this pressure gradient --> using default!
Using initial condition from ../initial_condition/initial_condition-pressure=2.00e-07.csv
Depth averaged turbulent dissipation = 0.000027
Ratio = 0.650056
28.681389808654785
Setting constant concentration for Diatoms @ 200
No initial condition for this pressure gradient --> using default!
Using initial condition from ../initial_condition/initial_condition-pressure=2.00e-07.csv
Depth averaged turbulent dissipation = 0.000027
Ratio = 0.635945
28.703704833984375
Setting constant concentration for Diatoms @ 200
No initial condition for this pressure gradient --> using default!
Using initial condition from ../initial_condition/initial_condition-pressure=2.00e-07.csv
Depth averaged turbulent dissipation = 0.000027
Ratio = 0.589988
29.860976934432983
Setting constant concentration for Diatoms @ 200
No initial condition for this pressure gradient --> using default!
Using initial condition from ../initial_condition/initial_condition-pressure=2.00e-07.csv
Depth averaged turbulent dissipation = 0.000027
Ratio = 0.658557
28.81408190727234
Setting constant concentration for Diatoms @ 200
No initial condition for this pressure gradient --> using default!
Using initial condition from ../initial_condition/initial_condition-pressure=2.00e-07.csv
Depth averaged turbulent dissipation = 0.000027
Ratio = 0.650278
29.429243326187134
Setting constant concentration for Diatoms @ 200
No initial condition for this pressure gradient --> using default!
Using initial condition from ../initial_condition/initial_condition-pressure=2.00e-07.csv
Depth averaged turbulent dissipation = 0.000027
Ratio = 0.786622
28.48257350921631
Setting constant concentration for Diatoms @ 200
No initial condition for this pressure gradient --> using default!
Using initial condition from ../initial_condition/initial_condition-pressure=2.00e-07.csv
Depth averaged turbulent dissipation = 0.000027
Ratio = 0.728087
28.523937225341797
Setting constant concentration for Diatoms @ 200
No initial condition for this pressure gradient --> using default!
Using initial condition from ../initial_condition/initial_condition-pressure=2.00e-07.csv
Depth averaged turbulent dissipation = 0.000027
Ratio = 0.650202
28.97870421409607
Setting constant concentration for Diatoms @ 200
No initial condition for this pressure gradient --> using default!
Using initial condition from ../initial_condition/initial_condition-pressure=2.00e-07.csv
Depth averaged turbulent dissipation = 0.000027
Ratio = 0.882786
29.111580848693848
Setting constant concentration for Diatoms @ 200
No initial condition for this pressure gradient --> using default!
Using initial condition from ../initial_condition/initial_condition-pressure=2.00e-07.csv
Depth averaged turbulent dissipation = 0.000027
Ratio = 1.257348
28.7588050365448
Setting constant concentration for Diatoms @ 200
No initial condition for this pressure gradient --> using default!
Using initial condition from ../initial_condition/initial_condition-pressure=2.00e-07.csv
Depth averaged turbulent dissipation = 0.000027
Ratio = 0.845756
29.333985567092896
Setting constant concentration for Diatoms @ 200
No initial condition for this pressure gradient --> using default!
Using initial condition from ../initial_condition/initial_condition-pressure=2.00e-07.csv
Depth averaged turbulent dissipation = 0.000027
Ratio = 0.768941
28.79545545578003
Setting constant concentration for Diatoms @ 200
No initial condition for this pressure gradient --> using default!
Using initial condition from ../initial_condition/initial_condition-pressure=2.00e-07.csv
Depth averaged turbulent dissipation = 0.000027
Ratio = 0.705733
28.58860492706299
Setting constant concentration for Diatoms @ 200
No initial condition for this pressure gradient --> using default!
Using initial condition from ../initial_condition/initial_condition-pressure=2.00e-07.csv
Depth averaged turbulent dissipation = 0.000027
Ratio = 0.895461
29.00733232498169
Setting constant concentration for Diatoms @ 200
No initial condition for this pressure gradient --> using default!
Using initial condition from ../initial_condition/initial_condition-pressure=2.00e-07.csv
Depth averaged turbulent dissipation = 0.000027
Ratio = 0.650670
29.105711698532104
Setting constant concentration for Diatoms @ 200
No initial condition for this pressure gradient --> using default!
Using initial condition from ../initial_condition/initial_condition-pressure=2.00e-07.csv
Depth averaged turbulent dissipation = 0.000027
Ratio = 0.650354
29.33763027191162
Setting constant concentration for Diatoms @ 200
No initial condition for this pressure gradient --> using default!
Using initial condition from ../initial_condition/initial_condition-pressure=2.00e-07.csv
Depth averaged turbulent dissipation = 0.000027
Ratio = 0.961950
28.708244562149048
Setting constant concentration for Diatoms @ 200
No initial condition for this pressure gradient --> using default!
Using initial condition from ../initial_condition/initial_condition-pressure=2.00e-07.csv
Depth averaged turbulent dissipation = 0.000027
Ratio = 0.620303
28.701003313064575
Setting constant concentration for Diatoms @ 200
No initial condition for this pressure gradient --> using default!
Using initial condition from ../initial_condition/initial_condition-pressure=2.00e-07.csv
Depth averaged turbulent dissipation = 0.000027
Ratio = 0.641153
29.059754610061646
Setting constant concentration for Diatoms @ 200
No initial condition for this pressure gradient --> using default!
Using initial condition from ../initial_condition/initial_condition-pressure=2.00e-07.csv
Depth averaged turbulent dissipation = 0.000027
Ratio = 0.939123
29.288175344467163
Setting constant concentration for Diatoms @ 200
No initial condition for this pressure gradient --> using default!
Using initial condition from ../initial_condition/initial_condition-pressure=2.00e-07.csv
Depth averaged turbulent dissipation = 0.000027
Ratio = 0.764637
28.83728575706482
Setting constant concentration for Diatoms @ 200
No initial condition for this pressure gradient --> using default!
Using initial condition from ../initial_condition/initial_condition-pressure=2.00e-07.csv
Depth averaged turbulent dissipation = 0.000027
Ratio = 0.916913
28.955323934555054
Setting constant concentration for Diatoms @ 200
No initial condition for this pressure gradient --> using default!
Using initial condition from ../initial_condition/initial_condition-pressure=2.00e-07.csv
Depth averaged turbulent dissipation = 0.000027
Ratio = 0.556773
29.280840396881104
Setting constant concentration for Diatoms @ 200
No initial condition for this pressure gradient --> using default!
Using initial condition from ../initial_condition/initial_condition-pressure=2.00e-07.csv
Depth averaged turbulent dissipation = 0.000027
Ratio = 0.735517
29.748697996139526
Setting constant concentration for Diatoms @ 200
No initial condition for this pressure gradient --> using default!
Using initial condition from ../initial_condition/initial_condition-pressure=2.00e-07.csv
Depth averaged turbulent dissipation = 0.000027
Ratio = 1.475714
29.752692461013794
Setting constant concentration for Diatoms @ 200
No initial condition for this pressure gradient --> using default!
Using initial condition from ../initial_condition/initial_condition-pressure=2.00e-07.csv
Depth averaged turbulent dissipation = 0.000027
Ratio = 0.795652
28.853733777999878
Setting constant concentration for Diatoms @ 200
No initial condition for this pressure gradient --> using default!
Using initial condition from ../initial_condition/initial_condition-pressure=2.00e-07.csv
Depth averaged turbulent dissipation = 0.000027
Ratio = 1.165515
28.91567873954773
Setting constant concentration for Diatoms @ 200
No initial condition for this pressure gradient --> using default!
Using initial condition from ../initial_condition/initial_condition-pressure=2.00e-07.csv
Depth averaged turbulent dissipation = 0.000027
Ratio = 0.851755
29.285704374313354
Setting constant concentration for Diatoms @ 200
No initial condition for this pressure gradient --> using default!
Using initial condition from ../initial_condition/initial_condition-pressure=2.00e-07.csv
Depth averaged turbulent dissipation = 0.000027
Ratio = 0.760391
28.65133309364319
Setting constant concentration for Diatoms @ 200
No initial condition for this pressure gradient --> using default!
Using initial condition from ../initial_condition/initial_condition-pressure=2.00e-07.csv
Depth averaged turbulent dissipation = 0.000027
Ratio = 2.941945
28.736303329467773
Setting constant concentration for Diatoms @ 200
No initial condition for this pressure gradient --> using default!
Using initial condition from ../initial_condition/initial_condition-pressure=2.00e-07.csv
Depth averaged turbulent dissipation = 0.000027
Ratio = 0.763407
29.0767662525177
Setting constant concentration for Diatoms @ 200
No initial condition for this pressure gradient --> using default!
Using initial condition from ../initial_condition/initial_condition-pressure=2.00e-07.csv
Depth averaged turbulent dissipation = 0.000027
Ratio = 0.792071
28.91696572303772
Setting constant concentration for Diatoms @ 200
No initial condition for this pressure gradient --> using default!
Using initial condition from ../initial_condition/initial_condition-pressure=2.00e-07.csv
Depth averaged turbulent dissipation = 0.000027
Ratio = 9.789453
29.577942609786987
Setting constant concentration for Diatoms @ 200
No initial condition for this pressure gradient --> using default!
Using initial condition from ../initial_condition/initial_condition-pressure=2.00e-07.csv
Depth averaged turbulent dissipation = 0.000027
Ratio = 0.650510
29.14468789100647
Setting constant concentration for Diatoms @ 200
No initial condition for this pressure gradient --> using default!
Using initial condition from ../initial_condition/initial_condition-pressure=2.00e-07.csv
Depth averaged turbulent dissipation = 0.000027
Ratio = 0.905323
29.069483995437622
Setting constant concentration for Diatoms @ 200
No initial condition for this pressure gradient --> using default!
Using initial condition from ../initial_condition/initial_condition-pressure=2.00e-07.csv
Depth averaged turbulent dissipation = 0.000027
Ratio = 1.304852
29.114190578460693
Setting constant concentration for Diatoms @ 200
No initial condition for this pressure gradient --> using default!
Using initial condition from ../initial_condition/initial_condition-pressure=2.00e-07.csv
Depth averaged turbulent dissipation = 0.000027
Ratio = 1.117235
29.20881462097168
Setting constant concentration for Diatoms @ 200
No initial condition for this pressure gradient --> using default!
Using initial condition from ../initial_condition/initial_condition-pressure=2.00e-07.csv
Depth averaged turbulent dissipation = 0.000027
Ratio = 5.344891
29.38131356239319
Setting constant concentration for Diatoms @ 200
No initial condition for this pressure gradient --> using default!
Using initial condition from ../initial_condition/initial_condition-pressure=2.00e-07.csv
Depth averaged turbulent dissipation = 0.000027
Ratio = 3.322620
29.319607257843018
Setting constant concentration for Diatoms @ 200
No initial condition for this pressure gradient --> using default!
Using initial condition from ../initial_condition/initial_condition-pressure=2.00e-07.csv
Depth averaged turbulent dissipation = 0.000027
Ratio = 0.756210
29.618751287460327
Setting constant concentration for Diatoms @ 200
No initial condition for this pressure gradient --> using default!
Using initial condition from ../initial_condition/initial_condition-pressure=2.00e-07.csv
Depth averaged turbulent dissipation = 0.000027
Ratio = 0.791126
29.61705255508423
Setting constant concentration for Diatoms @ 200
No initial condition for this pressure gradient --> using default!
Using initial condition from ../initial_condition/initial_condition-pressure=2.00e-07.csv
Depth averaged turbulent dissipation = 0.000027
Ratio = 0.650913
29.624970197677612
Setting constant concentration for Diatoms @ 200
No initial condition for this pressure gradient --> using default!
Using initial condition from ../initial_condition/initial_condition-pressure=2.00e-07.csv
Depth averaged turbulent dissipation = 0.000027
Ratio = 1.212384
29.712136268615723
Setting constant concentration for Diatoms @ 200
No initial condition for this pressure gradient --> using default!
Using initial condition from ../initial_condition/initial_condition-pressure=2.00e-07.csv
Depth averaged turbulent dissipation = 0.000027
Ratio = 0.773988
29.779202461242676
Setting constant concentration for Diatoms @ 200
No initial condition for this pressure gradient --> using default!
Using initial condition from ../initial_condition/initial_condition-pressure=2.00e-07.csv
Depth averaged turbulent dissipation = 0.000027
Ratio = 1.020791
29.813406229019165
Setting constant concentration for Diatoms @ 200
No initial condition for this pressure gradient --> using default!
Using initial condition from ../initial_condition/initial_condition-pressure=2.00e-07.csv
Depth averaged turbulent dissipation = 0.000027
Ratio = 0.906084
29.00580143928528
Setting constant concentration for Diatoms @ 200
No initial condition for this pressure gradient --> using default!
Using initial condition from ../initial_condition/initial_condition-pressure=2.00e-07.csv
Depth averaged turbulent dissipation = 0.000027
Ratio = 30.480394
28.558629751205444
Setting constant concentration for Diatoms @ 200
No initial condition for this pressure gradient --> using default!
Using initial condition from ../initial_condition/initial_condition-pressure=2.00e-07.csv
Depth averaged turbulent dissipation = 0.000027
Ratio = 6.960464
28.943954706192017
Setting constant concentration for Diatoms @ 200
No initial condition for this pressure gradient --> using default!
Using initial condition from ../initial_condition/initial_condition-pressure=2.00e-07.csv
Depth averaged turbulent dissipation = 0.000027
Ratio = 15.583675
28.575032711029053
Setting constant concentration for Diatoms @ 200
No initial condition for this pressure gradient --> using default!
Using initial condition from ../initial_condition/initial_condition-pressure=2.00e-07.csv
Depth averaged turbulent dissipation = 0.000027
Ratio = 205.084185
28.803325414657593
Setting constant concentration for Diatoms @ 200
No initial condition for this pressure gradient --> using default!
Using initial condition from ../initial_condition/initial_condition-pressure=2.00e-07.csv
Depth averaged turbulent dissipation = 0.000027
Ratio = 0.777702
28.8874728679657
Setting constant concentration for Diatoms @ 200
No initial condition for this pressure gradient --> using default!
Using initial condition from ../initial_condition/initial_condition-pressure=2.00e-07.csv
Depth averaged turbulent dissipation = 0.000027
Ratio = 6.056919
29.988479375839233
Setting constant concentration for Diatoms @ 200
No initial condition for this pressure gradient --> using default!
Using initial condition from ../initial_condition/initial_condition-pressure=2.00e-07.csv
Depth averaged turbulent dissipation = 0.000027
Ratio = 1.210799
28.56427788734436
Setting constant concentration for Diatoms @ 200
No initial condition for this pressure gradient --> using default!
Using initial condition from ../initial_condition/initial_condition-pressure=2.00e-07.csv
Depth averaged turbulent dissipation = 0.000027
Ratio = 1.598554
29.14049768447876
Setting constant concentration for Diatoms @ 200
No initial condition for this pressure gradient --> using default!
Using initial condition from ../initial_condition/initial_condition-pressure=2.00e-07.csv
Depth averaged turbulent dissipation = 0.000027
Ratio = 7.077036
28.5287024974823
Setting constant concentration for Diatoms @ 200
No initial condition for this pressure gradient --> using default!
Using initial condition from ../initial_condition/initial_condition-pressure=2.00e-07.csv
Depth averaged turbulent dissipation = 0.000027
Ratio = 19.846551
29.21787667274475
Setting constant concentration for Diatoms @ 200
No initial condition for this pressure gradient --> using default!
Using initial condition from ../initial_condition/initial_condition-pressure=2.00e-07.csv
Depth averaged turbulent dissipation = 0.000027
Ratio = 2.605009
28.76339626312256
Setting constant concentration for Diatoms @ 200
No initial condition for this pressure gradient --> using default!
Using initial condition from ../initial_condition/initial_condition-pressure=2.00e-07.csv
Depth averaged turbulent dissipation = 0.000027
Ratio = 86.175238
28.632054805755615
Setting constant concentration for Diatoms @ 200
No initial condition for this pressure gradient --> using default!
Using initial condition from ../initial_condition/initial_condition-pressure=2.00e-07.csv
Depth averaged turbulent dissipation = 0.000027
Ratio = 5.761839
28.924779891967773
Setting constant concentration for Diatoms @ 200
No initial condition for this pressure gradient --> using default!
Using initial condition from ../initial_condition/initial_condition-pressure=2.00e-07.csv
Depth averaged turbulent dissipation = 0.000027
Ratio = 1.815685
28.701766967773438
Setting constant concentration for Diatoms @ 200
No initial condition for this pressure gradient --> using default!
Using initial condition from ../initial_condition/initial_condition-pressure=2.00e-07.csv
Depth averaged turbulent dissipation = 0.000027
Ratio = 1.313451
29.102413177490234
Setting constant concentration for Diatoms @ 200
No initial condition for this pressure gradient --> using default!
Using initial condition from ../initial_condition/initial_condition-pressure=2.00e-07.csv
Depth averaged turbulent dissipation = 0.000027
Ratio = 1.164064
28.436911582946777
Setting constant concentration for Diatoms @ 200
No initial condition for this pressure gradient --> using default!
Using initial condition from ../initial_condition/initial_condition-pressure=2.00e-07.csv
Depth averaged turbulent dissipation = 0.000027
Ratio = 423.558677
28.68115782737732
Setting constant concentration for Diatoms @ 200
No initial condition for this pressure gradient --> using default!
Using initial condition from ../initial_condition/initial_condition-pressure=2.00e-07.csv
Depth averaged turbulent dissipation = 0.000027
Ratio = 5.001337
28.33670949935913
Setting constant concentration for Diatoms @ 200
No initial condition for this pressure gradient --> using default!
Using initial condition from ../initial_condition/initial_condition-pressure=2.00e-07.csv
Depth averaged turbulent dissipation = 0.000027
Ratio = 2.159318
28.63348126411438
Setting constant concentration for Diatoms @ 200
No initial condition for this pressure gradient --> using default!
Using initial condition from ../initial_condition/initial_condition-pressure=2.00e-07.csv
Depth averaged turbulent dissipation = 0.000027
Ratio = 3.835300
28.42902946472168
Setting constant concentration for Diatoms @ 200
No initial condition for this pressure gradient --> using default!
Using initial condition from ../initial_condition/initial_condition-pressure=2.00e-07.csv
Depth averaged turbulent dissipation = 0.000027
Ratio = 1.860293
28.913228750228882
Setting constant concentration for Diatoms @ 200
No initial condition for this pressure gradient --> using default!
Using initial condition from ../initial_condition/initial_condition-pressure=2.00e-07.csv
Depth averaged turbulent dissipation = 0.000027
Ratio = 1.420254
28.64582133293152
Setting constant concentration for Diatoms @ 200
No initial condition for this pressure gradient --> using default!
Using initial condition from ../initial_condition/initial_condition-pressure=2.00e-07.csv
Depth averaged turbulent dissipation = 0.000027
Ratio = 75.064649
28.55982255935669
Setting constant concentration for Diatoms @ 200
No initial condition for this pressure gradient --> using default!
Using initial condition from ../initial_condition/initial_condition-pressure=2.00e-07.csv
Depth averaged turbulent dissipation = 0.000027
Ratio = 19.678980
28.624769687652588
Setting constant concentration for Diatoms @ 200
No initial condition for this pressure gradient --> using default!
Using initial condition from ../initial_condition/initial_condition-pressure=2.00e-07.csv
Depth averaged turbulent dissipation = 0.000027
Ratio = 29.845117
28.81172490119934
Setting constant concentration for Diatoms @ 200
No initial condition for this pressure gradient --> using default!
Using initial condition from ../initial_condition/initial_condition-pressure=2.00e-07.csv
Depth averaged turbulent dissipation = 0.000027
Ratio = 972.518880
28.97180700302124
Setting constant concentration for Diatoms @ 200
No initial condition for this pressure gradient --> using default!
Using initial condition from ../initial_condition/initial_condition-pressure=2.00e-07.csv
Depth averaged turbulent dissipation = 0.000027
Ratio = 4.555995
29.149657487869263
Setting constant concentration for Diatoms @ 200
No initial condition for this pressure gradient --> using default!
Using initial condition from ../initial_condition/initial_condition-pressure=2.00e-07.csv
Depth averaged turbulent dissipation = 0.000027
Ratio = 4.106360
29.149749994277954
Setting constant concentration for Diatoms @ 200
No initial condition for this pressure gradient --> using default!
Using initial condition from ../initial_condition/initial_condition-pressure=2.00e-07.csv
Depth averaged turbulent dissipation = 0.000027
Ratio = 294.289713
29.33821439743042
Setting constant concentration for Diatoms @ 200
No initial condition for this pressure gradient --> using default!
Using initial condition from ../initial_condition/initial_condition-pressure=2.00e-07.csv
Depth averaged turbulent dissipation = 0.000027
Ratio = 1.187980
28.77375555038452
Setting constant concentration for Diatoms @ 200
No initial condition for this pressure gradient --> using default!
Using initial condition from ../initial_condition/initial_condition-pressure=2.00e-07.csv
Depth averaged turbulent dissipation = 0.000027
Ratio = 3.579284
29.639129161834717
Setting constant concentration for Diatoms @ 200
No initial condition for this pressure gradient --> using default!
Using initial condition from ../initial_condition/initial_condition-pressure=2.00e-07.csv
Depth averaged turbulent dissipation = 0.000027
Ratio = 6.236840
29.491026878356934
Setting constant concentration for Diatoms @ 200
No initial condition for this pressure gradient --> using default!
Using initial condition from ../initial_condition/initial_condition-pressure=2.00e-07.csv
Depth averaged turbulent dissipation = 0.000027
Ratio = 0.750840
28.268086910247803
Setting constant concentration for Diatoms @ 200
No initial condition for this pressure gradient --> using default!
Using initial condition from ../initial_condition/initial_condition-pressure=2.00e-07.csv
Depth averaged turbulent dissipation = 0.000027
Ratio = 41.144507
28.689305543899536
Setting constant concentration for Diatoms @ 200
No initial condition for this pressure gradient --> using default!
Using initial condition from ../initial_condition/initial_condition-pressure=2.00e-07.csv
Depth averaged turbulent dissipation = 0.000027
Ratio = 1088.176985
29.610277891159058
Setting constant concentration for Diatoms @ 200
No initial condition for this pressure gradient --> using default!
Using initial condition from ../initial_condition/initial_condition-pressure=2.00e-07.csv
Depth averaged turbulent dissipation = 0.000027
Ratio = 46.770539
29.752318620681763
Setting constant concentration for Diatoms @ 200
No initial condition for this pressure gradient --> using default!
Using initial condition from ../initial_condition/initial_condition-pressure=2.00e-07.csv
Depth averaged turbulent dissipation = 0.000027
Ratio = 183.543387
30.656503200531006
Setting constant concentration for Diatoms @ 200
No initial condition for this pressure gradient --> using default!
Using initial condition from ../initial_condition/initial_condition-pressure=2.00e-07.csv
Depth averaged turbulent dissipation = 0.000027
Ratio = 9.555538
29.24414038658142
Setting constant concentration for Diatoms @ 200
No initial condition for this pressure gradient --> using default!
Using initial condition from ../initial_condition/initial_condition-pressure=2.00e-07.csv
Depth averaged turbulent dissipation = 0.000027
Ratio = 51.058926
28.75493311882019
Setting constant concentration for Diatoms @ 200
No initial condition for this pressure gradient --> using default!
Using initial condition from ../initial_condition/initial_condition-pressure=2.00e-07.csv
Depth averaged turbulent dissipation = 0.000027
Ratio = 1.937183
28.975406169891357
Setting constant concentration for Diatoms @ 200
No initial condition for this pressure gradient --> using default!
Using initial condition from ../initial_condition/initial_condition-pressure=2.00e-07.csv
Depth averaged turbulent dissipation = 0.000027
Ratio = 2.882441
29.368603467941284
Setting constant concentration for Diatoms @ 200
No initial condition for this pressure gradient --> using default!
Using initial condition from ../initial_condition/initial_condition-pressure=2.00e-07.csv
Depth averaged turbulent dissipation = 0.000027
Ratio = 14.241941
28.926050901412964
Setting constant concentration for Diatoms @ 200
No initial condition for this pressure gradient --> using default!
Using initial condition from ../initial_condition/initial_condition-pressure=2.00e-07.csv
Depth averaged turbulent dissipation = 0.000027
Ratio = 6.828532
29.248591661453247
Setting constant concentration for Diatoms @ 200
No initial condition for this pressure gradient --> using default!
Using initial condition from ../initial_condition/initial_condition-pressure=2.00e-07.csv
Depth averaged turbulent dissipation = 0.000027
Ratio = 1.478956
29.38877773284912
Setting constant concentration for Diatoms @ 200
No initial condition for this pressure gradient --> using default!
Using initial condition from ../initial_condition/initial_condition-pressure=2.00e-07.csv
Depth averaged turbulent dissipation = 0.000027
Ratio = 10.826909
29.123637437820435
Setting constant concentration for Diatoms @ 200
No initial condition for this pressure gradient --> using default!
Using initial condition from ../initial_condition/initial_condition-pressure=2.00e-07.csv
Depth averaged turbulent dissipation = 0.000027
Ratio = 46.015242
28.975550174713135
Setting constant concentration for Diatoms @ 200
No initial condition for this pressure gradient --> using default!
Using initial condition from ../initial_condition/initial_condition-pressure=2.00e-07.csv
Depth averaged turbulent dissipation = 0.000027
Ratio = 31.125967
28.986111640930176
Setting constant concentration for Diatoms @ 200
No initial condition for this pressure gradient --> using default!
Using initial condition from ../initial_condition/initial_condition-pressure=2.00e-07.csv
Depth averaged turbulent dissipation = 0.000027
Ratio = 9.524744
29.37292456626892
Setting constant concentration for Diatoms @ 200
No initial condition for this pressure gradient --> using default!
Using initial condition from ../initial_condition/initial_condition-pressure=2.00e-07.csv
Depth averaged turbulent dissipation = 0.000027
Ratio = 1.640330
28.731317043304443
Setting constant concentration for Diatoms @ 200
No initial condition for this pressure gradient --> using default!
Using initial condition from ../initial_condition/initial_condition-pressure=2.00e-07.csv
Depth averaged turbulent dissipation = 0.000027
Ratio = 2.771227
29.413199186325073
Setting constant concentration for Diatoms @ 200
No initial condition for this pressure gradient --> using default!
Using initial condition from ../initial_condition/initial_condition-pressure=2.00e-07.csv
Depth averaged turbulent dissipation = 0.000027
Ratio = 1.550745
28.941470623016357
Setting constant concentration for Diatoms @ 200
No initial condition for this pressure gradient --> using default!
Using initial condition from ../initial_condition/initial_condition-pressure=2.00e-07.csv
Depth averaged turbulent dissipation = 0.000027
Ratio = 24.339257
29.166684865951538
Setting constant concentration for Diatoms @ 200
No initial condition for this pressure gradient --> using default!
Using initial condition from ../initial_condition/initial_condition-pressure=2.00e-07.csv
Depth averaged turbulent dissipation = 0.000027
Ratio = 40.449368
28.91152572631836
Setting constant concentration for Diatoms @ 200
No initial condition for this pressure gradient --> using default!
Using initial condition from ../initial_condition/initial_condition-pressure=2.00e-07.csv
Depth averaged turbulent dissipation = 0.000027
Ratio = 6614.031957
29.80552387237549
Setting constant concentration for Diatoms @ 200
No initial condition for this pressure gradient --> using default!
Using initial condition from ../initial_condition/initial_condition-pressure=2.00e-07.csv
Depth averaged turbulent dissipation = 0.000027
Ratio = 232.212985
29.707889556884766
Setting constant concentration for Diatoms @ 200
No initial condition for this pressure gradient --> using default!
Using initial condition from ../initial_condition/initial_condition-pressure=2.00e-07.csv
Depth averaged turbulent dissipation = 0.000027
Ratio = 7.956471
30.310014247894287
Setting constant concentration for Diatoms @ 200
No initial condition for this pressure gradient --> using default!
Using initial condition from ../initial_condition/initial_condition-pressure=2.00e-07.csv
Depth averaged turbulent dissipation = 0.000027
Ratio = 4.415883
28.98353886604309
Setting constant concentration for Diatoms @ 200
No initial condition for this pressure gradient --> using default!
Using initial condition from ../initial_condition/initial_condition-pressure=2.00e-07.csv
Depth averaged turbulent dissipation = 0.000027
Ratio = 14.118181
30.180675506591797
Setting constant concentration for Diatoms @ 200
No initial condition for this pressure gradient --> using default!
Using initial condition from ../initial_condition/initial_condition-pressure=2.00e-07.csv
Depth averaged turbulent dissipation = 0.000027
Ratio = 81.426632
29.452919960021973
Setting constant concentration for Diatoms @ 200
No initial condition for this pressure gradient --> using default!
Using initial condition from ../initial_condition/initial_condition-pressure=2.00e-07.csv
Depth averaged turbulent dissipation = 0.000027
Ratio = 1.782418
29.37684965133667
Setting constant concentration for Diatoms @ 200
No initial condition for this pressure gradient --> using default!
Using initial condition from ../initial_condition/initial_condition-pressure=2.00e-07.csv
Depth averaged turbulent dissipation = 0.000027
Ratio = 25.175089
30.10239315032959
Setting constant concentration for Diatoms @ 200
No initial condition for this pressure gradient --> using default!
Using initial condition from ../initial_condition/initial_condition-pressure=2.00e-07.csv
Depth averaged turbulent dissipation = 0.000027
Ratio = 2.946105
31.715113162994385
Setting constant concentration for Diatoms @ 200
No initial condition for this pressure gradient --> using default!
Using initial condition from ../initial_condition/initial_condition-pressure=2.00e-07.csv
Depth averaged turbulent dissipation = 0.000027
Ratio = 1.085407
31.60012674331665
Setting constant concentration for Diatoms @ 200
No initial condition for this pressure gradient --> using default!
Using initial condition from ../initial_condition/initial_condition-pressure=2.00e-07.csv
Depth averaged turbulent dissipation = 0.000027
Ratio = 10.797038
31.748577117919922
Setting constant concentration for Diatoms @ 200
No initial condition for this pressure gradient --> using default!
Using initial condition from ../initial_condition/initial_condition-pressure=2.00e-07.csv
Depth averaged turbulent dissipation = 0.000027
Ratio = 34.222323
31.299601316452026
Setting constant concentration for Diatoms @ 200
No initial condition for this pressure gradient --> using default!
Using initial condition from ../initial_condition/initial_condition-pressure=2.00e-07.csv
Depth averaged turbulent dissipation = 0.000027
Ratio = 2.277757
31.995843410491943
Setting constant concentration for Diatoms @ 200
No initial condition for this pressure gradient --> using default!
Using initial condition from ../initial_condition/initial_condition-pressure=2.00e-07.csv
Depth averaged turbulent dissipation = 0.000027
Ratio = 2091.393126
31.910350799560547
Setting constant concentration for Diatoms @ 200
No initial condition for this pressure gradient --> using default!
Using initial condition from ../initial_condition/initial_condition-pressure=2.00e-07.csv
Depth averaged turbulent dissipation = 0.000027
Ratio = 37.559104
31.70790123939514
Setting constant concentration for Diatoms @ 200
No initial condition for this pressure gradient --> using default!
Using initial condition from ../initial_condition/initial_condition-pressure=2.00e-07.csv
Depth averaged turbulent dissipation = 0.000027
Ratio = 6254.282780
32.23536920547485
Setting constant concentration for Diatoms @ 200
No initial condition for this pressure gradient --> using default!
Using initial condition from ../initial_condition/initial_condition-pressure=2.00e-07.csv
Depth averaged turbulent dissipation = 0.000027
Ratio = 49.088241
31.748116970062256
Setting constant concentration for Diatoms @ 200
No initial condition for this pressure gradient --> using default!
Using initial condition from ../initial_condition/initial_condition-pressure=2.00e-07.csv
Depth averaged turbulent dissipation = 0.000027
Ratio = 0.800193
32.278502464294434
Setting constant concentration for Diatoms @ 200
No initial condition for this pressure gradient --> using default!
Using initial condition from ../initial_condition/initial_condition-pressure=2.00e-07.csv
Depth averaged turbulent dissipation = 0.000027
Ratio = 1.143442
32.459760427474976
Setting constant concentration for Diatoms @ 200
No initial condition for this pressure gradient --> using default!
Using initial condition from ../initial_condition/initial_condition-pressure=2.00e-07.csv
Depth averaged turbulent dissipation = 0.000027
Ratio = 4.392719
31.92572569847107
Setting constant concentration for Diatoms @ 200
No initial condition for this pressure gradient --> using default!
Using initial condition from ../initial_condition/initial_condition-pressure=2.00e-07.csv
Depth averaged turbulent dissipation = 0.000027
Ratio = 7.202932
32.067084550857544
Setting constant concentration for Diatoms @ 200
No initial condition for this pressure gradient --> using default!
Using initial condition from ../initial_condition/initial_condition-pressure=2.00e-07.csv
Depth averaged turbulent dissipation = 0.000027
Ratio = 53.951120
32.0975923538208
Setting constant concentration for Diatoms @ 200
No initial condition for this pressure gradient --> using default!
Using initial condition from ../initial_condition/initial_condition-pressure=2.00e-07.csv
Depth averaged turbulent dissipation = 0.000027
Ratio = 6.477005
32.60938119888306
Setting constant concentration for Diatoms @ 200
No initial condition for this pressure gradient --> using default!
Using initial condition from ../initial_condition/initial_condition-pressure=2.00e-07.csv
Depth averaged turbulent dissipation = 0.000027
Ratio = 16.221300
32.61006569862366
Setting constant concentration for Diatoms @ 200
No initial condition for this pressure gradient --> using default!
Using initial condition from ../initial_condition/initial_condition-pressure=2.00e-07.csv
Depth averaged turbulent dissipation = 0.000027
Ratio = 18.570746
32.78076434135437
Setting constant concentration for Diatoms @ 200
No initial condition for this pressure gradient --> using default!
Using initial condition from ../initial_condition/initial_condition-pressure=2.00e-07.csv
Depth averaged turbulent dissipation = 0.000027
Ratio = 349.994573
32.269721269607544
Setting constant concentration for Diatoms @ 200
No initial condition for this pressure gradient --> using default!
Using initial condition from ../initial_condition/initial_condition-pressure=2.00e-07.csv
Depth averaged turbulent dissipation = 0.000027
Ratio = 0.914610
33.022257566452026
Setting constant concentration for Diatoms @ 200
No initial condition for this pressure gradient --> using default!
Using initial condition from ../initial_condition/initial_condition-pressure=2.00e-07.csv
Depth averaged turbulent dissipation = 0.000027
Ratio = 96.292438
33.09489345550537
Setting constant concentration for Diatoms @ 200
No initial condition for this pressure gradient --> using default!
Using initial condition from ../initial_condition/initial_condition-pressure=2.00e-07.csv
Depth averaged turbulent dissipation = 0.000027
Ratio = 4994.829875
32.46723651885986
Setting constant concentration for Diatoms @ 200
No initial condition for this pressure gradient --> using default!
Using initial condition from ../initial_condition/initial_condition-pressure=2.00e-07.csv
Depth averaged turbulent dissipation = 0.000027
Ratio = 162.754720
32.48826551437378
Setting constant concentration for Diatoms @ 200
No initial condition for this pressure gradient --> using default!
Using initial condition from ../initial_condition/initial_condition-pressure=2.00e-07.csv
Depth averaged turbulent dissipation = 0.000027
Ratio = 1.008889
33.059112787246704
Setting constant concentration for Diatoms @ 200
No initial condition for this pressure gradient --> using default!
Using initial condition from ../initial_condition/initial_condition-pressure=2.00e-07.csv
Depth averaged turbulent dissipation = 0.000027
Ratio = 8.328766
32.23038339614868
Setting constant concentration for Diatoms @ 200
No initial condition for this pressure gradient --> using default!
Using initial condition from ../initial_condition/initial_condition-pressure=2.00e-07.csv
Depth averaged turbulent dissipation = 0.000027
Ratio = 4.627115
32.19899320602417
Setting constant concentration for Diatoms @ 200
No initial condition for this pressure gradient --> using default!
Using initial condition from ../initial_condition/initial_condition-pressure=2.00e-07.csv
Depth averaged turbulent dissipation = 0.000027
Ratio = 3.859859
32.978766202926636
Setting constant concentration for Diatoms @ 200
No initial condition for this pressure gradient --> using default!
Using initial condition from ../initial_condition/initial_condition-pressure=2.00e-07.csv
Depth averaged turbulent dissipation = 0.000027
Ratio = 26.729473
33.00968670845032
Setting constant concentration for Diatoms @ 200
No initial condition for this pressure gradient --> using default!
Using initial condition from ../initial_condition/initial_condition-pressure=2.00e-07.csv
Depth averaged turbulent dissipation = 0.000027
Ratio = 5.069606
33.0206573009491
Setting constant concentration for Diatoms @ 200
No initial condition for this pressure gradient --> using default!
Using initial condition from ../initial_condition/initial_condition-pressure=2.00e-07.csv
Depth averaged turbulent dissipation = 0.000027
Ratio = 64.250390
33.02090620994568
Setting constant concentration for Diatoms @ 200
No initial condition for this pressure gradient --> using default!
Using initial condition from ../initial_condition/initial_condition-pressure=2.00e-07.csv
Depth averaged turbulent dissipation = 0.000027
Ratio = 23.117427
33.12504029273987
Setting constant concentration for Diatoms @ 200
No initial condition for this pressure gradient --> using default!
Using initial condition from ../initial_condition/initial_condition-pressure=2.00e-07.csv
Depth averaged turbulent dissipation = 0.000027
Ratio = 84.823398
32.392682790756226
Setting constant concentration for Diatoms @ 200
No initial condition for this pressure gradient --> using default!
Using initial condition from ../initial_condition/initial_condition-pressure=2.00e-07.csv
Depth averaged turbulent dissipation = 0.000027
Ratio = 1.121800
33.16630816459656
Setting constant concentration for Diatoms @ 200
No initial condition for this pressure gradient --> using default!
Using initial condition from ../initial_condition/initial_condition-pressure=2.00e-07.csv
Depth averaged turbulent dissipation = 0.000027
Ratio = 44.165079
33.31813454627991
Setting constant concentration for Diatoms @ 200
No initial condition for this pressure gradient --> using default!
Using initial condition from ../initial_condition/initial_condition-pressure=2.00e-07.csv
Depth averaged turbulent dissipation = 0.000027
Ratio = 0.870429
32.82112956047058
Setting constant concentration for Diatoms @ 200
No initial condition for this pressure gradient --> using default!
Using initial condition from ../initial_condition/initial_condition-pressure=2.00e-07.csv
Depth averaged turbulent dissipation = 0.000027
Ratio = 0.944789
34.790119886398315
Setting constant concentration for Diatoms @ 200
No initial condition for this pressure gradient --> using default!
Using initial condition from ../initial_condition/initial_condition-pressure=2.00e-07.csv
Depth averaged turbulent dissipation = 0.000027
Ratio = 0.947226
34.37494945526123
Setting constant concentration for Diatoms @ 200
No initial condition for this pressure gradient --> using default!
Using initial condition from ../initial_condition/initial_condition-pressure=2.00e-07.csv
Depth averaged turbulent dissipation = 0.000027
Ratio = 2.662225
35.215306758880615
Setting constant concentration for Diatoms @ 200
No initial condition for this pressure gradient --> using default!
Using initial condition from ../initial_condition/initial_condition-pressure=2.00e-07.csv
Depth averaged turbulent dissipation = 0.000027
Ratio = 27.435726
34.559104681015015
Setting constant concentration for Diatoms @ 200
No initial condition for this pressure gradient --> using default!
Using initial condition from ../initial_condition/initial_condition-pressure=2.00e-07.csv
Depth averaged turbulent dissipation = 0.000027
Ratio = 102.231906
33.10457372665405
Setting constant concentration for Diatoms @ 200
No initial condition for this pressure gradient --> using default!
Using initial condition from ../initial_condition/initial_condition-pressure=2.00e-07.csv
Depth averaged turbulent dissipation = 0.000027
Ratio = 61.768004
33.27835440635681
Setting constant concentration for Diatoms @ 200
No initial condition for this pressure gradient --> using default!
Using initial condition from ../initial_condition/initial_condition-pressure=2.00e-07.csv
Depth averaged turbulent dissipation = 0.000027
Ratio = 4.630908
33.64458680152893
Setting constant concentration for Diatoms @ 200
No initial condition for this pressure gradient --> using default!
Using initial condition from ../initial_condition/initial_condition-pressure=2.00e-07.csv
Depth averaged turbulent dissipation = 0.000027
Ratio = 7.688230
33.85522699356079
Setting constant concentration for Diatoms @ 200
No initial condition for this pressure gradient --> using default!
Using initial condition from ../initial_condition/initial_condition-pressure=2.00e-07.csv
Depth averaged turbulent dissipation = 0.000027
Ratio = 5.297020
32.583197832107544
Setting constant concentration for Diatoms @ 200
No initial condition for this pressure gradient --> using default!
Using initial condition from ../initial_condition/initial_condition-pressure=2.00e-07.csv
Depth averaged turbulent dissipation = 0.000027
Ratio = 152.704676
35.39089894294739
Setting constant concentration for Diatoms @ 200
No initial condition for this pressure gradient --> using default!
Using initial condition from ../initial_condition/initial_condition-pressure=2.00e-07.csv
Depth averaged turbulent dissipation = 0.000027
Ratio = 5.998300
32.24890661239624
Setting constant concentration for Diatoms @ 200
No initial condition for this pressure gradient --> using default!
Using initial condition from ../initial_condition/initial_condition-pressure=2.00e-07.csv
Depth averaged turbulent dissipation = 0.000027
Ratio = 9.966719
34.137978315353394
Setting constant concentration for Diatoms @ 200
No initial condition for this pressure gradient --> using default!
Using initial condition from ../initial_condition/initial_condition-pressure=2.00e-07.csv
Depth averaged turbulent dissipation = 0.000027
Ratio = 1541.675016
36.802515506744385
Setting constant concentration for Diatoms @ 200
No initial condition for this pressure gradient --> using default!
Using initial condition from ../initial_condition/initial_condition-pressure=2.00e-07.csv
Depth averaged turbulent dissipation = 0.000027
Ratio = 139.845751
33.48812389373779
Setting constant concentration for Diatoms @ 200
No initial condition for this pressure gradient --> using default!
Using initial condition from ../initial_condition/initial_condition-pressure=2.00e-07.csv
Depth averaged turbulent dissipation = 0.000027
Ratio = 208.578713
35.45810103416443
Setting constant concentration for Diatoms @ 200
No initial condition for this pressure gradient --> using default!
Using initial condition from ../initial_condition/initial_condition-pressure=2.00e-07.csv
Depth averaged turbulent dissipation = 0.000027
Ratio = 114.189871
38.383291482925415
Setting constant concentration for Diatoms @ 200
No initial condition for this pressure gradient --> using default!
Using initial condition from ../initial_condition/initial_condition-pressure=2.00e-07.csv
Depth averaged turbulent dissipation = 0.000027
Ratio = 1.353010
43.14038586616516
Setting constant concentration for Diatoms @ 200
No initial condition for this pressure gradient --> using default!
Using initial condition from ../initial_condition/initial_condition-pressure=2.00e-07.csv
Depth averaged turbulent dissipation = 0.000027
Ratio = 73.617739
34.95997357368469
Setting constant concentration for Diatoms @ 200
No initial condition for this pressure gradient --> using default!
Using initial condition from ../initial_condition/initial_condition-pressure=2.00e-07.csv
Depth averaged turbulent dissipation = 0.000027
Ratio = 1.409899
34.92116093635559
Setting constant concentration for Diatoms @ 200
No initial condition for this pressure gradient --> using default!
Using initial condition from ../initial_condition/initial_condition-pressure=2.00e-07.csv
Depth averaged turbulent dissipation = 0.000027
Ratio = 78.745781
36.29920959472656
Setting constant concentration for Diatoms @ 200
No initial condition for this pressure gradient --> using default!
Using initial condition from ../initial_condition/initial_condition-pressure=2.00e-07.csv
Depth averaged turbulent dissipation = 0.000027
Ratio = 2.331697
36.45888638496399
Setting constant concentration for Diatoms @ 200
No initial condition for this pressure gradient --> using default!
Using initial condition from ../initial_condition/initial_condition-pressure=2.00e-07.csv
Depth averaged turbulent dissipation = 0.000027
Ratio = 2.045796
36.70547556877136
Setting constant concentration for Diatoms @ 200
No initial condition for this pressure gradient --> using default!
Using initial condition from ../initial_condition/initial_condition-pressure=2.00e-07.csv
Depth averaged turbulent dissipation = 0.000027
Ratio = 769.295167
36.69668960571289
Setting constant concentration for Diatoms @ 200
No initial condition for this pressure gradient --> using default!
Using initial condition from ../initial_condition/initial_condition-pressure=2.00e-07.csv
Depth averaged turbulent dissipation = 0.000027
Ratio = 3.454270
34.58433532714844
Setting constant concentration for Diatoms @ 200
No initial condition for this pressure gradient --> using default!
Using initial condition from ../initial_condition/initial_condition-pressure=2.00e-07.csv
Depth averaged turbulent dissipation = 0.000027
Ratio = 0.985693
35.71968460083008
Setting constant concentration for Diatoms @ 200
No initial condition for this pressure gradient --> using default!
Using initial condition from ../initial_condition/initial_condition-pressure=2.00e-07.csv
Depth averaged turbulent dissipation = 0.000027
Ratio = 20.812526
36.15972304344177
Setting constant concentration for Diatoms @ 200
No initial condition for this pressure gradient --> using default!
Using initial condition from ../initial_condition/initial_condition-pressure=2.00e-07.csv
Depth averaged turbulent dissipation = 0.000027
Ratio = 1.864973
36.554571866989136
Setting constant concentration for Diatoms @ 200
No initial condition for this pressure gradient --> using default!
Using initial condition from ../initial_condition/initial_condition-pressure=2.00e-07.csv
Depth averaged turbulent dissipation = 0.000027
Ratio = 19.093429
37.27610397338867
Setting constant concentration for Diatoms @ 200
No initial condition for this pressure gradient --> using default!
Using initial condition from ../initial_condition/initial_condition-pressure=2.00e-07.csv
Depth averaged turbulent dissipation = 0.000027
Ratio = 1.377245
37.3550169467926
Setting constant concentration for Diatoms @ 200
No initial condition for this pressure gradient --> using default!
Using initial condition from ../initial_condition/initial_condition-pressure=2.00e-07.csv
Depth averaged turbulent dissipation = 0.000027
Ratio = 1.833445
37.70985126495361
Setting constant concentration for Diatoms @ 200
No initial condition for this pressure gradient --> using default!
Using initial condition from ../initial_condition/initial_condition-pressure=2.00e-07.csv
Depth averaged turbulent dissipation = 0.000027
Ratio = 1.771372
37.71566152572632
Setting constant concentration for Diatoms @ 200
No initial condition for this pressure gradient --> using default!
Using initial condition from ../initial_condition/initial_condition-pressure=2.00e-07.csv
Depth averaged turbulent dissipation = 0.000027
Ratio = 0.927932
37.84912085533142
Setting constant concentration for Diatoms @ 200
No initial condition for this pressure gradient --> using default!
Using initial condition from ../initial_condition/initial_condition-pressure=2.00e-07.csv
Depth averaged turbulent dissipation = 0.000027
Ratio = 1.280999
37.97171902656555
Setting constant concentration for Diatoms @ 200
No initial condition for this pressure gradient --> using default!
Using initial condition from ../initial_condition/initial_condition-pressure=2.00e-07.csv
Depth averaged turbulent dissipation = 0.000027
Ratio = 21.438942
38.88430666923523
Setting constant concentration for Diatoms @ 200
No initial condition for this pressure gradient --> using default!
Using initial condition from ../initial_condition/initial_condition-pressure=2.00e-07.csv
Depth averaged turbulent dissipation = 0.000027
Ratio = 2.037723
38.91913199424744
Setting constant concentration for Diatoms @ 200
No initial condition for this pressure gradient --> using default!
Using initial condition from ../initial_condition/initial_condition-pressure=2.00e-07.csv
Depth averaged turbulent dissipation = 0.000027
Ratio = 1.014799
39.304486989974976
Setting constant concentration for Diatoms @ 200
No initial condition for this pressure gradient --> using default!
Using initial condition from ../initial_condition/initial_condition-pressure=2.00e-07.csv
Depth averaged turbulent dissipation = 0.000027
Ratio = 32.405412
36.92243432998657
Setting constant concentration for Diatoms @ 200
No initial condition for this pressure gradient --> using default!
Using initial condition from ../initial_condition/initial_condition-pressure=2.00e-07.csv
Depth averaged turbulent dissipation = 0.000027
Ratio = 2.256224
39.53318500518799
Setting constant concentration for Diatoms @ 200
No initial condition for this pressure gradient --> using default!
Using initial condition from ../initial_condition/initial_condition-pressure=2.00e-07.csv
Depth averaged turbulent dissipation = 0.000027
Ratio = 1.727427
39.86227011680603
Setting constant concentration for Diatoms @ 200
No initial condition for this pressure gradient --> using default!
Using initial condition from ../initial_condition/initial_condition-pressure=2.00e-07.csv
Depth averaged turbulent dissipation = 0.000027
Ratio = 2.722466
39.96240997314453
Setting constant concentration for Diatoms @ 200
No initial condition for this pressure gradient --> using default!
Using initial condition from ../initial_condition/initial_condition-pressure=2.00e-07.csv
Depth averaged turbulent dissipation = 0.000027
Ratio = 11.049188
40.00912570953369
Setting constant concentration for Diatoms @ 200
No initial condition for this pressure gradient --> using default!
Using initial condition from ../initial_condition/initial_condition-pressure=2.00e-07.csv
Depth averaged turbulent dissipation = 0.000027
Ratio = 702.956545
40.04167199134827
Setting constant concentration for Diatoms @ 200
No initial condition for this pressure gradient --> using default!
Using initial condition from ../initial_condition/initial_condition-pressure=2.00e-07.csv
Depth averaged turbulent dissipation = 0.000027
Ratio = 12.315185
40.14980912208557
Setting constant concentration for Diatoms @ 200
No initial condition for this pressure gradient --> using default!
Using initial condition from ../initial_condition/initial_condition-pressure=2.00e-07.csv
Depth averaged turbulent dissipation = 0.000027
Ratio = 3606.380193
40.1838743686676
Setting constant concentration for Diatoms @ 200
No initial condition for this pressure gradient --> using default!
Using initial condition from ../initial_condition/initial_condition-pressure=2.00e-07.csv
Depth averaged turbulent dissipation = 0.000027
Ratio = 6.718354
40.238956689834595
Setting constant concentration for Diatoms @ 200
No initial condition for this pressure gradient --> using default!
Using initial condition from ../initial_condition/initial_condition-pressure=2.00e-07.csv
Depth averaged turbulent dissipation = 0.000027
Ratio = 1.218911
39.988527059555054
Setting constant concentration for Diatoms @ 200
No initial condition for this pressure gradient --> using default!
Using initial condition from ../initial_condition/initial_condition-pressure=2.00e-07.csv
Depth averaged turbulent dissipation = 0.000027
Ratio = 71.416313
38.8797972202301
Setting constant concentration for Diatoms @ 200
No initial condition for this pressure gradient --> using default!
Using initial condition from ../initial_condition/initial_condition-pressure=2.00e-07.csv
Depth averaged turbulent dissipation = 0.000027
Ratio = 120.701293
43.21225929260254
Setting constant concentration for Diatoms @ 200
No initial condition for this pressure gradient --> using default!
Using initial condition from ../initial_condition/initial_condition-pressure=2.00e-07.csv
Depth averaged turbulent dissipation = 0.000027
Ratio = 0.950468
41.20073127746582
Setting constant concentration for Diatoms @ 200
No initial condition for this pressure gradient --> using default!
Using initial condition from ../initial_condition/initial_condition-pressure=2.00e-07.csv
Depth averaged turbulent dissipation = 0.000027
Ratio = 96.855663
41.39415740966797
Setting constant concentration for Diatoms @ 200
No initial condition for this pressure gradient --> using default!
Using initial condition from ../initial_condition/initial_condition-pressure=2.00e-07.csv
Depth averaged turbulent dissipation = 0.000027
Ratio = 1.366152
41.39287447929382
Setting constant concentration for Diatoms @ 200
No initial condition for this pressure gradient --> using default!
Using initial condition from ../initial_condition/initial_condition-pressure=2.00e-07.csv
Depth averaged turbulent dissipation = 0.000027
Ratio = 14.811498
41.5478949546814
Setting constant concentration for Diatoms @ 200
No initial condition for this pressure gradient --> using default!
Using initial condition from ../initial_condition/initial_condition-pressure=2.00e-07.csv
Depth averaged turbulent dissipation = 0.000027
Ratio = 44.644194
41.61309051513672
Setting constant concentration for Diatoms @ 200
No initial condition for this pressure gradient --> using default!
Using initial condition from ../initial_condition/initial_condition-pressure=2.00e-07.csv
Depth averaged turbulent dissipation = 0.000027
Ratio = 152.798389
40.02805018424988
Setting constant concentration for Diatoms @ 200
No initial condition for this pressure gradient --> using default!
Using initial condition from ../initial_condition/initial_condition-pressure=2.00e-07.csv
Depth averaged turbulent dissipation = 0.000027
Ratio = 2.802325
41.96638202667236
Setting constant concentration for Diatoms @ 200
No initial condition for this pressure gradient --> using default!
Using initial condition from ../initial_condition/initial_condition-pressure=2.00e-07.csv
Depth averaged turbulent dissipation = 0.000027
Ratio = 1.343559
42.091984272003174
Setting constant concentration for Diatoms @ 200
No initial condition for this pressure gradient --> using default!
Using initial condition from ../initial_condition/initial_condition-pressure=2.00e-07.csv
Depth averaged turbulent dissipation = 0.000027
Ratio = 154.298415
42.33086347579956
Setting constant concentration for Diatoms @ 200
No initial condition for this pressure gradient --> using default!
Using initial condition from ../initial_condition/initial_condition-pressure=2.00e-07.csv
Depth averaged turbulent dissipation = 0.000027
Ratio = 18.340304
42.75093746185303
Setting constant concentration for Diatoms @ 200
No initial condition for this pressure gradient --> using default!
Using initial condition from ../initial_condition/initial_condition-pressure=2.00e-07.csv
Depth averaged turbulent dissipation = 0.000027
Ratio = 353.710920
42.832847595214844
Setting constant concentration for Diatoms @ 200
No initial condition for this pressure gradient --> using default!
Using initial condition from ../initial_condition/initial_condition-pressure=2.00e-07.csv
Depth averaged turbulent dissipation = 0.000027
Ratio = 74.417704
42.83320164680481
Setting constant concentration for Diatoms @ 200
No initial condition for this pressure gradient --> using default!
Using initial condition from ../initial_condition/initial_condition-pressure=2.00e-07.csv
Depth averaged turbulent dissipation = 0.000027
Ratio = 50.857386
41.4957172870636
Setting constant concentration for Diatoms @ 200
No initial condition for this pressure gradient --> using default!
Using initial condition from ../initial_condition/initial_condition-pressure=2.00e-07.csv
Depth averaged turbulent dissipation = 0.000027
Ratio = 23.145292
40.90616273880005
Setting constant concentration for Diatoms @ 200
No initial condition for this pressure gradient --> using default!
Using initial condition from ../initial_condition/initial_condition-pressure=2.00e-07.csv
Depth averaged turbulent dissipation = 0.000027
Ratio = 2.298013
43.99726891517639
Setting constant concentration for Diatoms @ 200
No initial condition for this pressure gradient --> using default!
Using initial condition from ../initial_condition/initial_condition-pressure=2.00e-07.csv
Depth averaged turbulent dissipation = 0.000027
Ratio = 79.320384
44.49119830131531
Setting constant concentration for Diatoms @ 200
No initial condition for this pressure gradient --> using default!
Using initial condition from ../initial_condition/initial_condition-pressure=2.00e-07.csv
Depth averaged turbulent dissipation = 0.000027
Ratio = 4.178135
44.52121448516846
Setting constant concentration for Diatoms @ 200
No initial condition for this pressure gradient --> using default!
Using initial condition from ../initial_condition/initial_condition-pressure=2.00e-07.csv
Depth averaged turbulent dissipation = 0.000027
Ratio = 6578.410814
40.440619468688965
Setting constant concentration for Diatoms @ 200
No initial condition for this pressure gradient --> using default!
Using initial condition from ../initial_condition/initial_condition-pressure=2.00e-07.csv
Depth averaged turbulent dissipation = 0.000027
Ratio = 0.980625
41.14956712722778
Setting constant concentration for Diatoms @ 200
No initial condition for this pressure gradient --> using default!
Using initial condition from ../initial_condition/initial_condition-pressure=2.00e-07.csv
Depth averaged turbulent dissipation = 0.000027
Ratio = 3790.846126
40.84807562828064
Setting constant concentration for Diatoms @ 200
No initial condition for this pressure gradient --> using default!
Using initial condition from ../initial_condition/initial_condition-pressure=2.00e-07.csv
Depth averaged turbulent dissipation = 0.000027
Ratio = 411.745285
45.18024158477783
Setting constant concentration for Diatoms @ 200
No initial condition for this pressure gradient --> using default!
Using initial condition from ../initial_condition/initial_condition-pressure=2.00e-07.csv
Depth averaged turbulent dissipation = 0.000027
Ratio = 27.999875
44.95629572868347
Setting constant concentration for Diatoms @ 200
No initial condition for this pressure gradient --> using default!
Using initial condition from ../initial_condition/initial_condition-pressure=2.00e-07.csv
Depth averaged turbulent dissipation = 0.000027
Ratio = 666.533238
48.88402342796326
Setting constant concentration for Diatoms @ 200
No initial condition for this pressure gradient --> using default!
Using initial condition from ../initial_condition/initial_condition-pressure=2.00e-07.csv
Depth averaged turbulent dissipation = 0.000027
Ratio = 427.567709
45.00078558921814
Setting constant concentration for Diatoms @ 200
No initial condition for this pressure gradient --> using default!
Using initial condition from ../initial_condition/initial_condition-pressure=2.00e-07.csv
Depth averaged turbulent dissipation = 0.000027
Ratio = 114.450716
47.90333032608032
Setting constant concentration for Diatoms @ 200
No initial condition for this pressure gradient --> using default!
Using initial condition from ../initial_condition/initial_condition-pressure=2.00e-07.csv
Depth averaged turbulent dissipation = 0.000027
Ratio = 2.447326
45.23125958442688
Setting constant concentration for Diatoms @ 200
No initial condition for this pressure gradient --> using default!
Using initial condition from ../initial_condition/initial_condition-pressure=2.00e-07.csv
Depth averaged turbulent dissipation = 0.000027
Ratio = 67.868550
45.96735453605652
Setting constant concentration for Diatoms @ 200
No initial condition for this pressure gradient --> using default!
Using initial condition from ../initial_condition/initial_condition-pressure=2.00e-07.csv
Depth averaged turbulent dissipation = 0.000027
Ratio = 75.598946
52.3962607383728
Setting constant concentration for Diatoms @ 200
No initial condition for this pressure gradient --> using default!
Using initial condition from ../initial_condition/initial_condition-pressure=2.00e-07.csv
Depth averaged turbulent dissipation = 0.000027
Ratio = 170.782758
46.406147480010986
Setting constant concentration for Diatoms @ 200
No initial condition for this pressure gradient --> using default!
Using initial condition from ../initial_condition/initial_condition-pressure=2.00e-07.csv
Depth averaged turbulent dissipation = 0.000027
Ratio = 15.277777
47.72462058067322
Setting constant concentration for Diatoms @ 200
No initial condition for this pressure gradient --> using default!
Using initial condition from ../initial_condition/initial_condition-pressure=2.00e-07.csv
Depth averaged turbulent dissipation = 0.000027
Ratio = 18.372243
47.265663385391235
Setting constant concentration for Diatoms @ 200
No initial condition for this pressure gradient --> using default!
Using initial condition from ../initial_condition/initial_condition-pressure=2.00e-07.csv
Depth averaged turbulent dissipation = 0.000027
Ratio = 2.962694
50.12287187576294
Setting constant concentration for Diatoms @ 200
No initial condition for this pressure gradient --> using default!
Using initial condition from ../initial_condition/initial_condition-pressure=2.00e-07.csv
Depth averaged turbulent dissipation = 0.000027
Ratio = 1.071901
54.17157530784607
Setting constant concentration for Diatoms @ 200
No initial condition for this pressure gradient --> using default!
Using initial condition from ../initial_condition/initial_condition-pressure=2.00e-07.csv
Depth averaged turbulent dissipation = 0.000027
Ratio = 108.289439
44.71728014945984
Setting constant concentration for Diatoms @ 200
No initial condition for this pressure gradient --> using default!
Using initial condition from ../initial_condition/initial_condition-pressure=2.00e-07.csv
Depth averaged turbulent dissipation = 0.000027
Ratio = 16.919691
48.429274797439575
Setting constant concentration for Diatoms @ 200
No initial condition for this pressure gradient --> using default!
Using initial condition from ../initial_condition/initial_condition-pressure=2.00e-07.csv
Depth averaged turbulent dissipation = 0.000027
Ratio = 16.934855
54.5750470161438
Setting constant concentration for Diatoms @ 200
No initial condition for this pressure gradient --> using default!
Using initial condition from ../initial_condition/initial_condition-pressure=2.00e-07.csv
Depth averaged turbulent dissipation = 0.000027
Ratio = 15.513031
49.73362874984741
Setting constant concentration for Diatoms @ 200
No initial condition for this pressure gradient --> using default!
Using initial condition from ../initial_condition/initial_condition-pressure=2.00e-07.csv
Depth averaged turbulent dissipation = 0.000027
Ratio = 4.275984
45.324804067611694
Setting constant concentration for Diatoms @ 200
No initial condition for this pressure gradient --> using default!
Using initial condition from ../initial_condition/initial_condition-pressure=2.00e-07.csv
Depth averaged turbulent dissipation = 0.000027
Ratio = 3.193178
49.50266718864441
Setting constant concentration for Diatoms @ 200
No initial condition for this pressure gradient --> using default!
Using initial condition from ../initial_condition/initial_condition-pressure=2.00e-07.csv
Depth averaged turbulent dissipation = 0.000027
Ratio = 1.262186
51.49377751350403
Setting constant concentration for Diatoms @ 200
No initial condition for this pressure gradient --> using default!
Using initial condition from ../initial_condition/initial_condition-pressure=2.00e-07.csv
Depth averaged turbulent dissipation = 0.000027
Ratio = 0.985252
49.54656100273132
Setting constant concentration for Diatoms @ 200
No initial condition for this pressure gradient --> using default!
Using initial condition from ../initial_condition/initial_condition-pressure=2.00e-07.csv
Depth averaged turbulent dissipation = 0.000027
Ratio = 10.162882
46.46452283859253
Setting constant concentration for Diatoms @ 200
No initial condition for this pressure gradient --> using default!
Using initial condition from ../initial_condition/initial_condition-pressure=2.00e-07.csv
Depth averaged turbulent dissipation = 0.000027
Ratio = 31.725472
47.936726570129395
Setting constant concentration for Diatoms @ 200
No initial condition for this pressure gradient --> using default!
Using initial condition from ../initial_condition/initial_condition-pressure=2.00e-07.csv
Depth averaged turbulent dissipation = 0.000027
Ratio = 2.156866
48.85508632659912
Setting constant concentration for Diatoms @ 200
No initial condition for this pressure gradient --> using default!
Using initial condition from ../initial_condition/initial_condition-pressure=2.00e-07.csv
Depth averaged turbulent dissipation = 0.000027
Ratio = 3.337984
54.92414212226868
Setting constant concentration for Diatoms @ 200
No initial condition for this pressure gradient --> using default!
Using initial condition from ../initial_condition/initial_condition-pressure=2.00e-07.csv
Depth averaged turbulent dissipation = 0.000027
Ratio = 11.456920
48.49878430366516
Setting constant concentration for Diatoms @ 200
No initial condition for this pressure gradient --> using default!
Using initial condition from ../initial_condition/initial_condition-pressure=2.00e-07.csv
Depth averaged turbulent dissipation = 0.000027
Ratio = 68.176205
52.715686321258545
Setting constant concentration for Diatoms @ 200
No initial condition for this pressure gradient --> using default!
Using initial condition from ../initial_condition/initial_condition-pressure=2.00e-07.csv
Depth averaged turbulent dissipation = 0.000027
Ratio = 12.762182
49.71366763114929
Setting constant concentration for Diatoms @ 200
No initial condition for this pressure gradient --> using default!
Using initial condition from ../initial_condition/initial_condition-pressure=2.00e-07.csv
Depth averaged turbulent dissipation = 0.000027
Ratio = 2.564044
56.1437451839447
Setting constant concentration for Diatoms @ 200
No initial condition for this pressure gradient --> using default!
Using initial condition from ../initial_condition/initial_condition-pressure=2.00e-07.csv
Depth averaged turbulent dissipation = 0.000027
Ratio = 36.362433
52.10670232772827
Setting constant concentration for Diatoms @ 200
No initial condition for this pressure gradient --> using default!
Using initial condition from ../initial_condition/initial_condition-pressure=2.00e-07.csv
Depth averaged turbulent dissipation = 0.000027
Ratio = 0.997037
54.74351143836975
Setting constant concentration for Diatoms @ 200
No initial condition for this pressure gradient --> using default!
Using initial condition from ../initial_condition/initial_condition-pressure=2.00e-07.csv
Depth averaged turbulent dissipation = 0.000027
Ratio = 34.371067
50.31218194961548
Setting constant concentration for Diatoms @ 200
No initial condition for this pressure gradient --> using default!
Using initial condition from ../initial_condition/initial_condition-pressure=2.00e-07.csv
Depth averaged turbulent dissipation = 0.000027
Ratio = 1.233935
50.989112854003906
Setting constant concentration for Diatoms @ 200
No initial condition for this pressure gradient --> using default!
Using initial condition from ../initial_condition/initial_condition-pressure=2.00e-07.csv
Depth averaged turbulent dissipation = 0.000027
Ratio = 7.242314
50.09038972854614
Setting constant concentration for Diatoms @ 200
No initial condition for this pressure gradient --> using default!
Using initial condition from ../initial_condition/initial_condition-pressure=2.00e-07.csv
Depth averaged turbulent dissipation = 0.000027
Ratio = 7474.390821
56.40039920806885
Setting constant concentration for Diatoms @ 200
No initial condition for this pressure gradient --> using default!
Using initial condition from ../initial_condition/initial_condition-pressure=2.00e-07.csv
Depth averaged turbulent dissipation = 0.000027
Ratio = 385.494081
54.213860273361206
Setting constant concentration for Diatoms @ 200
No initial condition for this pressure gradient --> using default!
Using initial condition from ../initial_condition/initial_condition-pressure=2.00e-07.csv
Depth averaged turbulent dissipation = 0.000027
Ratio = 35.117847
53.938440561294556
Setting constant concentration for Diatoms @ 200
No initial condition for this pressure gradient --> using default!
Using initial condition from ../initial_condition/initial_condition-pressure=2.00e-07.csv
Depth averaged turbulent dissipation = 0.000027
Ratio = 12.102479
50.35232377052307
Setting constant concentration for Diatoms @ 200
No initial condition for this pressure gradient --> using default!
Using initial condition from ../initial_condition/initial_condition-pressure=2.00e-07.csv
Depth averaged turbulent dissipation = 0.000027
Ratio = 1203.904017
48.716294050216675
Setting constant concentration for Diatoms @ 200
No initial condition for this pressure gradient --> using default!
Using initial condition from ../initial_condition/initial_condition-pressure=2.00e-07.csv
Depth averaged turbulent dissipation = 0.000027
Ratio = 11.632860
49.55450940132141
Setting constant concentration for Diatoms @ 200
No initial condition for this pressure gradient --> using default!
Using initial condition from ../initial_condition/initial_condition-pressure=2.00e-07.csv
Depth averaged turbulent dissipation = 0.000027
Ratio = 2.485749
50.628992319107056
Setting constant concentration for Diatoms @ 200
No initial condition for this pressure gradient --> using default!
Using initial condition from ../initial_condition/initial_condition-pressure=2.00e-07.csv
Depth averaged turbulent dissipation = 0.000027
Ratio = 6.740385
50.838847637176514
Setting constant concentration for Diatoms @ 200
No initial condition for this pressure gradient --> using default!
Using initial condition from ../initial_condition/initial_condition-pressure=2.00e-07.csv
Depth averaged turbulent dissipation = 0.000027
Ratio = 67.808833
53.03970170021057
Setting constant concentration for Diatoms @ 200
No initial condition for this pressure gradient --> using default!
Using initial condition from ../initial_condition/initial_condition-pressure=2.00e-07.csv
Depth averaged turbulent dissipation = 0.000027
Ratio = 1.328867
50.481334924697876
Setting constant concentration for Diatoms @ 200
No initial condition for this pressure gradient --> using default!
Using initial condition from ../initial_condition/initial_condition-pressure=2.00e-07.csv
Depth averaged turbulent dissipation = 0.000027
Ratio = 1.640942
53.1211302280426
Setting constant concentration for Diatoms @ 200
No initial condition for this pressure gradient --> using default!
Using initial condition from ../initial_condition/initial_condition-pressure=2.00e-07.csv
Depth averaged turbulent dissipation = 0.000027
Ratio = 2.181977
53.11776256561279
Setting constant concentration for Diatoms @ 200
No initial condition for this pressure gradient --> using default!
Using initial condition from ../initial_condition/initial_condition-pressure=2.00e-07.csv
Depth averaged turbulent dissipation = 0.000027
Ratio = 47.477694
51.07245182991028
Setting constant concentration for Diatoms @ 200
No initial condition for this pressure gradient --> using default!
Using initial condition from ../initial_condition/initial_condition-pressure=2.00e-07.csv
Depth averaged turbulent dissipation = 0.000027
Ratio = 3.111009
52.47671151161194
Setting constant concentration for Diatoms @ 200
No initial condition for this pressure gradient --> using default!
Using initial condition from ../initial_condition/initial_condition-pressure=2.00e-07.csv
Depth averaged turbulent dissipation = 0.000027
Ratio = 2.529276
56.74501276016235
Setting constant concentration for Diatoms @ 200
No initial condition for this pressure gradient --> using default!
Using initial condition from ../initial_condition/initial_condition-pressure=2.00e-07.csv
Depth averaged turbulent dissipation = 0.000027
Ratio = 4.136523
53.610984325408936
Setting constant concentration for Diatoms @ 200
No initial condition for this pressure gradient --> using default!
Using initial condition from ../initial_condition/initial_condition-pressure=2.00e-07.csv
Depth averaged turbulent dissipation = 0.000027
Ratio = 1.279910
52.09830617904663
Setting constant concentration for Diatoms @ 200
No initial condition for this pressure gradient --> using default!
Using initial condition from ../initial_condition/initial_condition-pressure=2.00e-07.csv
Depth averaged turbulent dissipation = 0.000027
Ratio = 1.049732
56.55140137672424
Setting constant concentration for Diatoms @ 200
No initial condition for this pressure gradient --> using default!
Using initial condition from ../initial_condition/initial_condition-pressure=2.00e-07.csv
Depth averaged turbulent dissipation = 0.000027
Ratio = 26889.561008
57.510801553726196
Setting constant concentration for Diatoms @ 200
No initial condition for this pressure gradient --> using default!
Using initial condition from ../initial_condition/initial_condition-pressure=2.00e-07.csv
Depth averaged turbulent dissipation = 0.000027
Ratio = 441.169443
55.83413553237915
Setting constant concentration for Diatoms @ 200
No initial condition for this pressure gradient --> using default!
Using initial condition from ../initial_condition/initial_condition-pressure=2.00e-07.csv
Depth averaged turbulent dissipation = 0.000027
Ratio = 11.214627
57.179229736328125
Setting constant concentration for Diatoms @ 200
No initial condition for this pressure gradient --> using default!
Using initial condition from ../initial_condition/initial_condition-pressure=2.00e-07.csv
Depth averaged turbulent dissipation = 0.000027
Ratio = 146.311894
58.069891929626465
Setting constant concentration for Diatoms @ 200
No initial condition for this pressure gradient --> using default!
Using initial condition from ../initial_condition/initial_condition-pressure=2.00e-07.csv
Depth averaged turbulent dissipation = 0.000027
Ratio = 58.093868
54.81378698348999
Setting constant concentration for Diatoms @ 200
No initial condition for this pressure gradient --> using default!
Using initial condition from ../initial_condition/initial_condition-pressure=2.00e-07.csv
Depth averaged turbulent dissipation = 0.000027
Ratio = 242.055720
56.09457731246948
Setting constant concentration for Diatoms @ 200
No initial condition for this pressure gradient --> using default!
Using initial condition from ../initial_condition/initial_condition-pressure=2.00e-07.csv
Depth averaged turbulent dissipation = 0.000027
Ratio = 4692.946785
62.90023875236511
Setting constant concentration for Diatoms @ 200
No initial condition for this pressure gradient --> using default!
Using initial condition from ../initial_condition/initial_condition-pressure=2.00e-07.csv
Depth averaged turbulent dissipation = 0.000027
Ratio = 16.360947
59.12208390235901
Setting constant concentration for Diatoms @ 200
No initial condition for this pressure gradient --> using default!
Using initial condition from ../initial_condition/initial_condition-pressure=2.00e-07.csv
Depth averaged turbulent dissipation = 0.000027
Ratio = 5.818072
55.98880958557129
Setting constant concentration for Diatoms @ 200
No initial condition for this pressure gradient --> using default!
Using initial condition from ../initial_condition/initial_condition-pressure=2.00e-07.csv
Depth averaged turbulent dissipation = 0.000027
Ratio = 383.230216
59.47293162345886
Setting constant concentration for Diatoms @ 200
No initial condition for this pressure gradient --> using default!
Using initial condition from ../initial_condition/initial_condition-pressure=2.00e-07.csv
Depth averaged turbulent dissipation = 0.000027
Ratio = 1241.826557
59.12664294242859
Setting constant concentration for Diatoms @ 200
No initial condition for this pressure gradient --> using default!
Using initial condition from ../initial_condition/initial_condition-pressure=2.00e-07.csv
Depth averaged turbulent dissipation = 0.000027
Ratio = 471.435169
55.70052671432495
Setting constant concentration for Diatoms @ 200
No initial condition for this pressure gradient --> using default!
Using initial condition from ../initial_condition/initial_condition-pressure=2.00e-07.csv
Depth averaged turbulent dissipation = 0.000027
Ratio = 5.396809
56.18470239639282
Setting constant concentration for Diatoms @ 200
No initial condition for this pressure gradient --> using default!
Using initial condition from ../initial_condition/initial_condition-pressure=2.00e-07.csv
Depth averaged turbulent dissipation = 0.000027
Ratio = 42.535617
57.90648031234741
Setting constant concentration for Diatoms @ 200
No initial condition for this pressure gradient --> using default!
Using initial condition from ../initial_condition/initial_condition-pressure=2.00e-07.csv
Depth averaged turbulent dissipation = 0.000027
Ratio = 216.073333
57.128769874572754
Setting constant concentration for Diatoms @ 200
No initial condition for this pressure gradient --> using default!
Using initial condition from ../initial_condition/initial_condition-pressure=2.00e-07.csv
Depth averaged turbulent dissipation = 0.000027
Ratio = 3.066203
58.9156539440155
Setting constant concentration for Diatoms @ 200
No initial condition for this pressure gradient --> using default!
Using initial condition from ../initial_condition/initial_condition-pressure=2.00e-07.csv
Depth averaged turbulent dissipation = 0.000027
Ratio = 24476.978420
57.78577899932861
Setting constant concentration for Diatoms @ 200
No initial condition for this pressure gradient --> using default!
Using initial condition from ../initial_condition/initial_condition-pressure=2.00e-07.csv
Depth averaged turbulent dissipation = 0.000027
Ratio = 1.905125
63.39333915710449
Setting constant concentration for Diatoms @ 200
No initial condition for this pressure gradient --> using default!
Using initial condition from ../initial_condition/initial_condition-pressure=2.00e-07.csv
Depth averaged turbulent dissipation = 0.000027
Ratio = 13.254255
55.51264429092407
Setting constant concentration for Diatoms @ 200
No initial condition for this pressure gradient --> using default!
Using initial condition from ../initial_condition/initial_condition-pressure=2.00e-07.csv
Depth averaged turbulent dissipation = 0.000027
Ratio = 553.540317
54.737560749053955
Setting constant concentration for Diatoms @ 200
No initial condition for this pressure gradient --> using default!
Using initial condition from ../initial_condition/initial_condition-pressure=2.00e-07.csv
Depth averaged turbulent dissipation = 0.000027
Ratio = 5683.318736
55.72533893585205
Setting constant concentration for Diatoms @ 200
No initial condition for this pressure gradient --> using default!
Using initial condition from ../initial_condition/initial_condition-pressure=2.00e-07.csv
Depth averaged turbulent dissipation = 0.000027
Ratio = 48.910211
58.69180512428284
Setting constant concentration for Diatoms @ 200
No initial condition for this pressure gradient --> using default!
Using initial condition from ../initial_condition/initial_condition-pressure=2.00e-07.csv
Depth averaged turbulent dissipation = 0.000027
Ratio = 1.556837
58.996501207351685
Setting constant concentration for Diatoms @ 200
No initial condition for this pressure gradient --> using default!
Using initial condition from ../initial_condition/initial_condition-pressure=2.00e-07.csv
Depth averaged turbulent dissipation = 0.000027
Ratio = 1.950112
60.66180753707886
Setting constant concentration for Diatoms @ 200
No initial condition for this pressure gradient --> using default!
Using initial condition from ../initial_condition/initial_condition-pressure=2.00e-07.csv
Depth averaged turbulent dissipation = 0.000027
Ratio = 482.578362
56.94824266433716
Setting constant concentration for Diatoms @ 200
No initial condition for this pressure gradient --> using default!
Using initial condition from ../initial_condition/initial_condition-pressure=2.00e-07.csv
Depth averaged turbulent dissipation = 0.000027
Ratio = 1.734521
57.503507137298584
Setting constant concentration for Diatoms @ 200
No initial condition for this pressure gradient --> using default!
Using initial condition from ../initial_condition/initial_condition-pressure=2.00e-07.csv
Depth averaged turbulent dissipation = 0.000027
Ratio = 24502.038176
60.305094957351685
Setting constant concentration for Diatoms @ 200
No initial condition for this pressure gradient --> using default!
Using initial condition from ../initial_condition/initial_condition-pressure=2.00e-07.csv
Depth averaged turbulent dissipation = 0.000027
Ratio = 148.831489
61.767603158950806
Setting constant concentration for Diatoms @ 200
No initial condition for this pressure gradient --> using default!
Using initial condition from ../initial_condition/initial_condition-pressure=2.00e-07.csv
Depth averaged turbulent dissipation = 0.000027
Ratio = 534.202223
60.92243671417236
Setting constant concentration for Diatoms @ 200
No initial condition for this pressure gradient --> using default!
Using initial condition from ../initial_condition/initial_condition-pressure=2.00e-07.csv
Depth averaged turbulent dissipation = 0.000027
Ratio = 10.380815
58.18923354148865
Setting constant concentration for Diatoms @ 200
No initial condition for this pressure gradient --> using default!
Using initial condition from ../initial_condition/initial_condition-pressure=2.00e-07.csv
Depth averaged turbulent dissipation = 0.000027
Ratio = 27777.709544
58.36096382141113
Setting constant concentration for Diatoms @ 200
No initial condition for this pressure gradient --> using default!
Using initial condition from ../initial_condition/initial_condition-pressure=2.00e-07.csv
Depth averaged turbulent dissipation = 0.000027
Ratio = 3.951425
62.48449492454529
Setting constant concentration for Diatoms @ 200
No initial condition for this pressure gradient --> using default!
Using initial condition from ../initial_condition/initial_condition-pressure=2.00e-07.csv
Depth averaged turbulent dissipation = 0.000027
Ratio = 1674.005902
62.48509907722473
Setting constant concentration for Diatoms @ 200
No initial condition for this pressure gradient --> using default!
Using initial condition from ../initial_condition/initial_condition-pressure=2.00e-07.csv
Depth averaged turbulent dissipation = 0.000027
Ratio = 139.097300
62.07456374168396
Setting constant concentration for Diatoms @ 200
No initial condition for this pressure gradient --> using default!
Using initial condition from ../initial_condition/initial_condition-pressure=2.00e-07.csv
Depth averaged turbulent dissipation = 0.000027
Ratio = 24.881360
59.32162690162659
Setting constant concentration for Diatoms @ 200
No initial condition for this pressure gradient --> using default!
Using initial condition from ../initial_condition/initial_condition-pressure=2.00e-07.csv
Depth averaged turbulent dissipation = 0.000027
Ratio = 816.262795
59.33152484893799
Setting constant concentration for Diatoms @ 200
No initial condition for this pressure gradient --> using default!
Using initial condition from ../initial_condition/initial_condition-pressure=2.00e-07.csv
Depth averaged turbulent dissipation = 0.000027
Ratio = 3.723151
60.32949662208557
Setting constant concentration for Diatoms @ 200
No initial condition for this pressure gradient --> using default!
Using initial condition from ../initial_condition/initial_condition-pressure=2.00e-07.csv
Depth averaged turbulent dissipation = 0.000027
Ratio = 194.232415
64.3678994178772
Setting constant concentration for Diatoms @ 200
No initial condition for this pressure gradient --> using default!
Using initial condition from ../initial_condition/initial_condition-pressure=2.00e-07.csv
Depth averaged turbulent dissipation = 0.000027
Ratio = 3.587868
60.247726917266846
Setting constant concentration for Diatoms @ 200
No initial condition for this pressure gradient --> using default!
Using initial condition from ../initial_condition/initial_condition-pressure=2.00e-07.csv
Depth averaged turbulent dissipation = 0.000027
Ratio = 4109.920539
65.65690279006958
Setting constant concentration for Diatoms @ 200
No initial condition for this pressure gradient --> using default!
Using initial condition from ../initial_condition/initial_condition-pressure=2.00e-07.csv
Depth averaged turbulent dissipation = 0.000027
Ratio = 10.583117
62.520060300827026
Setting constant concentration for Diatoms @ 200
No initial condition for this pressure gradient --> using default!
Using initial condition from ../initial_condition/initial_condition-pressure=2.00e-07.csv
Depth averaged turbulent dissipation = 0.000027
Ratio = 3239.376200
58.86594367027283
Setting constant concentration for Diatoms @ 200
No initial condition for this pressure gradient --> using default!
Using initial condition from ../initial_condition/initial_condition-pressure=2.00e-07.csv
Depth averaged turbulent dissipation = 0.000027
Ratio = 17.652288
56.367777585983276
Setting constant concentration for Diatoms @ 200
No initial condition for this pressure gradient --> using default!
Using initial condition from ../initial_condition/initial_condition-pressure=2.00e-07.csv
Depth averaged turbulent dissipation = 0.000027
Ratio = 2083.724382
68.32170748710632
Setting constant concentration for Diatoms @ 200
No initial condition for this pressure gradient --> using default!
Using initial condition from ../initial_condition/initial_condition-pressure=2.00e-07.csv
Depth averaged turbulent dissipation = 0.000027
Ratio = 177.017728
66.45906376838684
Setting constant concentration for Diatoms @ 200
No initial condition for this pressure gradient --> using default!
Using initial condition from ../initial_condition/initial_condition-pressure=2.00e-07.csv
Depth averaged turbulent dissipation = 0.000027
Ratio = 1884.001455
65.33949875831604
Setting constant concentration for Diatoms @ 200
No initial condition for this pressure gradient --> using default!
Using initial condition from ../initial_condition/initial_condition-pressure=2.00e-07.csv
Depth averaged turbulent dissipation = 0.000027
Ratio = 17.490282
57.788328409194946
Setting constant concentration for Diatoms @ 200
No initial condition for this pressure gradient --> using default!
Using initial condition from ../initial_condition/initial_condition-pressure=2.00e-07.csv
Depth averaged turbulent dissipation = 0.000027
Ratio = 2.799829
59.8905668258667
Setting constant concentration for Diatoms @ 200
No initial condition for this pressure gradient --> using default!
Using initial condition from ../initial_condition/initial_condition-pressure=2.00e-07.csv
Depth averaged turbulent dissipation = 0.000027
Ratio = 19913.261667
60.28698515892029
Setting constant concentration for Diatoms @ 200
No initial condition for this pressure gradient --> using default!
Using initial condition from ../initial_condition/initial_condition-pressure=2.00e-07.csv
Depth averaged turbulent dissipation = 0.000027
Ratio = 13.434577
57.99829983711243
Setting constant concentration for Diatoms @ 200
No initial condition for this pressure gradient --> using default!
Using initial condition from ../initial_condition/initial_condition-pressure=2.00e-07.csv
Depth averaged turbulent dissipation = 0.000027
Ratio = 1206.677642
62.00761437416077
Setting constant concentration for Diatoms @ 200
No initial condition for this pressure gradient --> using default!
Using initial condition from ../initial_condition/initial_condition-pressure=2.00e-07.csv
Depth averaged turbulent dissipation = 0.000027
Ratio = 1.550769
68.98399615287781
Setting constant concentration for Diatoms @ 200
No initial condition for this pressure gradient --> using default!
Using initial condition from ../initial_condition/initial_condition-pressure=2.00e-07.csv
Depth averaged turbulent dissipation = 0.000027
Ratio = 21.087391
61.421433448791504
Setting constant concentration for Diatoms @ 200
No initial condition for this pressure gradient --> using default!
Using initial condition from ../initial_condition/initial_condition-pressure=2.00e-07.csv
Depth averaged turbulent dissipation = 0.000027
Ratio = 1224.401434
61.596163272857666
Setting constant concentration for Diatoms @ 200
No initial condition for this pressure gradient --> using default!
Using initial condition from ../initial_condition/initial_condition-pressure=2.00e-07.csv
Depth averaged turbulent dissipation = 0.000027
Ratio = 3.129723
60.44701051712036
Setting constant concentration for Diatoms @ 200
No initial condition for this pressure gradient --> using default!
Using initial condition from ../initial_condition/initial_condition-pressure=2.00e-07.csv
Depth averaged turbulent dissipation = 0.000027
Ratio = 8.347710
59.01726770401001
Setting constant concentration for Diatoms @ 200
No initial condition for this pressure gradient --> using default!
Using initial condition from ../initial_condition/initial_condition-pressure=2.00e-07.csv
Depth averaged turbulent dissipation = 0.000027
Ratio = 14168.507510
64.7177574634552
Setting constant concentration for Diatoms @ 200
No initial condition for this pressure gradient --> using default!
Using initial condition from ../initial_condition/initial_condition-pressure=2.00e-07.csv
Depth averaged turbulent dissipation = 0.000027
Ratio = 6904.798142
63.40216088294983
Setting constant concentration for Diatoms @ 200
No initial condition for this pressure gradient --> using default!
Using initial condition from ../initial_condition/initial_condition-pressure=2.00e-07.csv
Depth averaged turbulent dissipation = 0.000027
Ratio = 28.659863
58.9287965297699
Setting constant concentration for Diatoms @ 200
No initial condition for this pressure gradient --> using default!
Using initial condition from ../initial_condition/initial_condition-pressure=2.00e-07.csv
Depth averaged turbulent dissipation = 0.000027
Ratio = 2.401093
63.52532148361206
Setting constant concentration for Diatoms @ 200
No initial condition for this pressure gradient --> using default!
Using initial condition from ../initial_condition/initial_condition-pressure=2.00e-07.csv
Depth averaged turbulent dissipation = 0.000027
Ratio = 6.265760
59.0937066078186
Setting constant concentration for Diatoms @ 200
No initial condition for this pressure gradient --> using default!
Using initial condition from ../initial_condition/initial_condition-pressure=2.00e-07.csv
Depth averaged turbulent dissipation = 0.000027
Ratio = 260.910693
57.08449673652649
Setting constant concentration for Diatoms @ 200
No initial condition for this pressure gradient --> using default!
Using initial condition from ../initial_condition/initial_condition-pressure=2.00e-07.csv
Depth averaged turbulent dissipation = 0.000027
Ratio = 860.800448
59.691149950027466
Setting constant concentration for Diatoms @ 200
No initial condition for this pressure gradient --> using default!
Using initial condition from ../initial_condition/initial_condition-pressure=2.00e-07.csv
Depth averaged turbulent dissipation = 0.000027
Ratio = 20173.299402
59.75916004180908
Setting constant concentration for Diatoms @ 200
No initial condition for this pressure gradient --> using default!
Using initial condition from ../initial_condition/initial_condition-pressure=2.00e-07.csv
Depth averaged turbulent dissipation = 0.000027
Ratio = 17.549792
74.25760579109192
Setting constant concentration for Diatoms @ 200
No initial condition for this pressure gradient --> using default!
Using initial condition from ../initial_condition/initial_condition-pressure=2.00e-07.csv
Depth averaged turbulent dissipation = 0.000027
Ratio = 806.758293
58.805893659591675
Setting constant concentration for Diatoms @ 200
No initial condition for this pressure gradient --> using default!
Using initial condition from ../initial_condition/initial_condition-pressure=2.00e-07.csv
Depth averaged turbulent dissipation = 0.000027
Ratio = 276.436857
58.34216332435608
Setting constant concentration for Diatoms @ 200
No initial condition for this pressure gradient --> using default!
Using initial condition from ../initial_condition/initial_condition-pressure=2.00e-07.csv
Depth averaged turbulent dissipation = 0.000027
Ratio = 2.642995
57.137402057647705
Setting constant concentration for Diatoms @ 200
No initial condition for this pressure gradient --> using default!
Using initial condition from ../initial_condition/initial_condition-pressure=2.00e-07.csv
Depth averaged turbulent dissipation = 0.000027
Ratio = 369.110100
58.65321135520935
Setting constant concentration for Diatoms @ 200
No initial condition for this pressure gradient --> using default!
Using initial condition from ../initial_condition/initial_condition-pressure=2.00e-07.csv
Depth averaged turbulent dissipation = 0.000027
Ratio = 29.237761
59.010191917419434
Setting constant concentration for Diatoms @ 200
No initial condition for this pressure gradient --> using default!
Using initial condition from ../initial_condition/initial_condition-pressure=2.00e-07.csv
Depth averaged turbulent dissipation = 0.000027
Ratio = 7.196072
59.58170795440674
Setting constant concentration for Diatoms @ 200
No initial condition for this pressure gradient --> using default!
Using initial condition from ../initial_condition/initial_condition-pressure=2.00e-07.csv
Depth averaged turbulent dissipation = 0.000027
Ratio = 3.733067
67.2122073173523
Setting constant concentration for Diatoms @ 200
No initial condition for this pressure gradient --> using default!
Using initial condition from ../initial_condition/initial_condition-pressure=2.00e-07.csv
Depth averaged turbulent dissipation = 0.000027
Ratio = 38.390084
63.444884061813354
Setting constant concentration for Diatoms @ 200
No initial condition for this pressure gradient --> using default!
Using initial condition from ../initial_condition/initial_condition-pressure=2.00e-07.csv
Depth averaged turbulent dissipation = 0.000027
Ratio = 0.973550
59.720752000808716
Setting constant concentration for Diatoms @ 200
No initial condition for this pressure gradient --> using default!
Using initial condition from ../initial_condition/initial_condition-pressure=2.00e-07.csv
Depth averaged turbulent dissipation = 0.000027
Ratio = 22883.960816
62.03366446495056
Setting constant concentration for Diatoms @ 200
No initial condition for this pressure gradient --> using default!
Using initial condition from ../initial_condition/initial_condition-pressure=2.00e-07.csv
Depth averaged turbulent dissipation = 0.000027
Ratio = 48389.680589
60.41062545776367
Setting constant concentration for Diatoms @ 200
No initial condition for this pressure gradient --> using default!
Using initial condition from ../initial_condition/initial_condition-pressure=2.00e-07.csv
Depth averaged turbulent dissipation = 0.000027
Ratio = 1029.924225
58.92948579788208
Setting constant concentration for Diatoms @ 200
No initial condition for this pressure gradient --> using default!
Using initial condition from ../initial_condition/initial_condition-pressure=2.00e-07.csv
Depth averaged turbulent dissipation = 0.000027
Ratio = 32.420570
62.21044397354126
Setting constant concentration for Diatoms @ 200
No initial condition for this pressure gradient --> using default!
Using initial condition from ../initial_condition/initial_condition-pressure=2.00e-07.csv
Depth averaged turbulent dissipation = 0.000027
Ratio = 1.160513
62.492424964904785
Setting constant concentration for Diatoms @ 200
No initial condition for this pressure gradient --> using default!
Using initial condition from ../initial_condition/initial_condition-pressure=2.00e-07.csv
Depth averaged turbulent dissipation = 0.000027
Ratio = 3949.429394
62.26452898979187
Setting constant concentration for Diatoms @ 200
No initial condition for this pressure gradient --> using default!
Using initial condition from ../initial_condition/initial_condition-pressure=2.00e-07.csv
Depth averaged turbulent dissipation = 0.000027
Ratio = 53.212587
59.360676527023315
Setting constant concentration for Diatoms @ 200
No initial condition for this pressure gradient --> using default!
Using initial condition from ../initial_condition/initial_condition-pressure=2.00e-07.csv
Depth averaged turbulent dissipation = 0.000027
Ratio = 2222.734666
59.65169954299927
Setting constant concentration for Diatoms @ 200
No initial condition for this pressure gradient --> using default!
Using initial condition from ../initial_condition/initial_condition-pressure=2.00e-07.csv
Depth averaged turbulent dissipation = 0.000027
Ratio = 25.548084
72.38588190078735
Setting constant concentration for Diatoms @ 200
No initial condition for this pressure gradient --> using default!
Using initial condition from ../initial_condition/initial_condition-pressure=2.00e-07.csv
Depth averaged turbulent dissipation = 0.000027
Ratio = 1028.609442
61.93685030937195
Setting constant concentration for Diatoms @ 200
No initial condition for this pressure gradient --> using default!
Using initial condition from ../initial_condition/initial_condition-pressure=2.00e-07.csv
Depth averaged turbulent dissipation = 0.000027
Ratio = 1.702499
76.82692217826843
Setting constant concentration for Diatoms @ 200
No initial condition for this pressure gradient --> using default!
Using initial condition from ../initial_condition/initial_condition-pressure=2.00e-07.csv
Depth averaged turbulent dissipation = 0.000027
Ratio = 11.424867
64.68423795700073
Setting constant concentration for Diatoms @ 200
No initial condition for this pressure gradient --> using default!
Using initial condition from ../initial_condition/initial_condition-pressure=2.00e-07.csv
Depth averaged turbulent dissipation = 0.000027
Ratio = 225.607570
62.440524101257324
Setting constant concentration for Diatoms @ 200
No initial condition for this pressure gradient --> using default!
Using initial condition from ../initial_condition/initial_condition-pressure=2.00e-07.csv
Depth averaged turbulent dissipation = 0.000027
Ratio = 1.950102
63.14166069030762
Setting constant concentration for Diatoms @ 200
No initial condition for this pressure gradient --> using default!
Using initial condition from ../initial_condition/initial_condition-pressure=2.00e-07.csv
Depth averaged turbulent dissipation = 0.000027
Ratio = 2294.564940
56.99620032310486
Setting constant concentration for Diatoms @ 200
No initial condition for this pressure gradient --> using default!
Using initial condition from ../initial_condition/initial_condition-pressure=2.00e-07.csv
Depth averaged turbulent dissipation = 0.000027
Ratio = 6788.196986
61.33289837837219
Setting constant concentration for Diatoms @ 200
No initial condition for this pressure gradient --> using default!
Using initial condition from ../initial_condition/initial_condition-pressure=2.00e-07.csv
Depth averaged turbulent dissipation = 0.000027
Ratio = 82.451845
78.34746074676514
Setting constant concentration for Diatoms @ 200
No initial condition for this pressure gradient --> using default!
Using initial condition from ../initial_condition/initial_condition-pressure=2.00e-07.csv
Depth averaged turbulent dissipation = 0.000027
Ratio = 1.625264
76.91830730438232
Setting constant concentration for Diatoms @ 200
No initial condition for this pressure gradient --> using default!
Using initial condition from ../initial_condition/initial_condition-pressure=2.00e-07.csv
Depth averaged turbulent dissipation = 0.000027
Ratio = 5615.666488
66.60373425483704
Setting constant concentration for Diatoms @ 200
No initial condition for this pressure gradient --> using default!
Using initial condition from ../initial_condition/initial_condition-pressure=2.00e-07.csv
Depth averaged turbulent dissipation = 0.000027
Ratio = 6.435475
65.21152067184448
Setting constant concentration for Diatoms @ 200
No initial condition for this pressure gradient --> using default!
Using initial condition from ../initial_condition/initial_condition-pressure=2.00e-07.csv
Depth averaged turbulent dissipation = 0.000027
Ratio = 15532.603582
64.62999057769775
Setting constant concentration for Diatoms @ 200
No initial condition for this pressure gradient --> using default!
Using initial condition from ../initial_condition/initial_condition-pressure=2.00e-07.csv
Depth averaged turbulent dissipation = 0.000027
Ratio = 3.997734
80.45699858665466
Setting constant concentration for Diatoms @ 200
No initial condition for this pressure gradient --> using default!
Using initial condition from ../initial_condition/initial_condition-pressure=2.00e-07.csv
Depth averaged turbulent dissipation = 0.000027
Ratio = 2.408253
59.70252323150635
Setting constant concentration for Diatoms @ 200
No initial condition for this pressure gradient --> using default!
Using initial condition from ../initial_condition/initial_condition-pressure=2.00e-07.csv
Depth averaged turbulent dissipation = 0.000027
Ratio = 331.106651
67.19812560081482
Setting constant concentration for Diatoms @ 200
No initial condition for this pressure gradient --> using default!
Using initial condition from ../initial_condition/initial_condition-pressure=2.00e-07.csv
Depth averaged turbulent dissipation = 0.000027
Ratio = 135.998042
65.39379668235779
Setting constant concentration for Diatoms @ 200
No initial condition for this pressure gradient --> using default!
Using initial condition from ../initial_condition/initial_condition-pressure=2.00e-07.csv
Depth averaged turbulent dissipation = 0.000027
Ratio = 21.968834
65.55359268188477
Setting constant concentration for Diatoms @ 200
No initial condition for this pressure gradient --> using default!
Using initial condition from ../initial_condition/initial_condition-pressure=2.00e-07.csv
Depth averaged turbulent dissipation = 0.000027
Ratio = 447.271292
65.40512323379517
Setting constant concentration for Diatoms @ 200
No initial condition for this pressure gradient --> using default!
Using initial condition from ../initial_condition/initial_condition-pressure=2.00e-07.csv
Depth averaged turbulent dissipation = 0.000027
Ratio = 0.641065
65.62031197547913
Setting constant concentration for Diatoms @ 200
No initial condition for this pressure gradient --> using default!
Using initial condition from ../initial_condition/initial_condition-pressure=2.00e-07.csv
Depth averaged turbulent dissipation = 0.000027
Ratio = 434.125214
58.3502562046051
Setting constant concentration for Diatoms @ 200
No initial condition for this pressure gradient --> using default!
Using initial condition from ../initial_condition/initial_condition-pressure=2.00e-07.csv
Depth averaged turbulent dissipation = 0.000027
Ratio = 566.552208
66.45534586906433
Setting constant concentration for Diatoms @ 200
No initial condition for this pressure gradient --> using default!
Using initial condition from ../initial_condition/initial_condition-pressure=2.00e-07.csv
Depth averaged turbulent dissipation = 0.000027
Ratio = 7.771759
67.51790642738342
Setting constant concentration for Diatoms @ 200
No initial condition for this pressure gradient --> using default!
Using initial condition from ../initial_condition/initial_condition-pressure=2.00e-07.csv
Depth averaged turbulent dissipation = 0.000027
Ratio = 227.174763
72.64273118972778
Setting constant concentration for Diatoms @ 200
No initial condition for this pressure gradient --> using default!
Using initial condition from ../initial_condition/initial_condition-pressure=2.00e-07.csv
Depth averaged turbulent dissipation = 0.000027
Ratio = 2888.487582
84.32887506484985
Setting constant concentration for Diatoms @ 200
No initial condition for this pressure gradient --> using default!
Using initial condition from ../initial_condition/initial_condition-pressure=2.00e-07.csv
Depth averaged turbulent dissipation = 0.000027
Ratio = 89.908682
80.55947947502136
Setting constant concentration for Diatoms @ 200
No initial condition for this pressure gradient --> using default!
Using initial condition from ../initial_condition/initial_condition-pressure=2.00e-07.csv
Depth averaged turbulent dissipation = 0.000027
Ratio = 3423.494541
66.65639352798462
Setting constant concentration for Diatoms @ 200
No initial condition for this pressure gradient --> using default!
Using initial condition from ../initial_condition/initial_condition-pressure=2.00e-07.csv
Depth averaged turbulent dissipation = 0.000027
Ratio = 173.042461
76.15965294837952
Setting constant concentration for Diatoms @ 200
No initial condition for this pressure gradient --> using default!
Using initial condition from ../initial_condition/initial_condition-pressure=2.00e-07.csv
Depth averaged turbulent dissipation = 0.000027
Ratio = 4.846150
88.53718400001526
Setting constant concentration for Diatoms @ 200
No initial condition for this pressure gradient --> using default!
Using initial condition from ../initial_condition/initial_condition-pressure=2.00e-07.csv
Depth averaged turbulent dissipation = 0.000027
Ratio = 60.749201
59.35339307785034
Setting constant concentration for Diatoms @ 200
No initial condition for this pressure gradient --> using default!
Using initial condition from ../initial_condition/initial_condition-pressure=2.00e-07.csv
Depth averaged turbulent dissipation = 0.000027
Ratio = 2849.912338
68.66176414489746
Setting constant concentration for Diatoms @ 200
No initial condition for this pressure gradient --> using default!
Using initial condition from ../initial_condition/initial_condition-pressure=2.00e-07.csv
Depth averaged turbulent dissipation = 0.000027
Ratio = 906.800950
68.48964142799377
Setting constant concentration for Diatoms @ 200
No initial condition for this pressure gradient --> using default!
Using initial condition from ../initial_condition/initial_condition-pressure=2.00e-07.csv
Depth averaged turbulent dissipation = 0.000027
Ratio = 192.378212
71.2095398902893
Setting constant concentration for Diatoms @ 200
No initial condition for this pressure gradient --> using default!
Using initial condition from ../initial_condition/initial_condition-pressure=2.00e-07.csv
Depth averaged turbulent dissipation = 0.000027
Ratio = 10528.895155
59.9424569606781
Setting constant concentration for Diatoms @ 200
No initial condition for this pressure gradient --> using default!
Using initial condition from ../initial_condition/initial_condition-pressure=2.00e-07.csv
Depth averaged turbulent dissipation = 0.000027
Ratio = 30.515405
66.96209597587585
Setting constant concentration for Diatoms @ 200
No initial condition for this pressure gradient --> using default!
Using initial condition from ../initial_condition/initial_condition-pressure=2.00e-07.csv
Depth averaged turbulent dissipation = 0.000027
Ratio = 1.683925
73.28877282142639
Setting constant concentration for Diatoms @ 200
No initial condition for this pressure gradient --> using default!
Using initial condition from ../initial_condition/initial_condition-pressure=2.00e-07.csv
Depth averaged turbulent dissipation = 0.000027
Ratio = 316.997506
65.68192148208618
Setting constant concentration for Diatoms @ 200
No initial condition for this pressure gradient --> using default!
Using initial condition from ../initial_condition/initial_condition-pressure=2.00e-07.csv
Depth averaged turbulent dissipation = 0.000027
Ratio = 40.999048
59.492270946502686
Setting constant concentration for Diatoms @ 200
No initial condition for this pressure gradient --> using default!
Using initial condition from ../initial_condition/initial_condition-pressure=2.00e-07.csv
Depth averaged turbulent dissipation = 0.000027
Ratio = 13183.247564
63.32020831108093
Setting constant concentration for Diatoms @ 200
No initial condition for this pressure gradient --> using default!
Using initial condition from ../initial_condition/initial_condition-pressure=2.00e-07.csv
Depth averaged turbulent dissipation = 0.000027
Ratio = 6889.688317
62.30539894104004
Setting constant concentration for Diatoms @ 200
No initial condition for this pressure gradient --> using default!
Using initial condition from ../initial_condition/initial_condition-pressure=2.00e-07.csv
Depth averaged turbulent dissipation = 0.000027
Ratio = 464.236394
60.92293190956116
Setting constant concentration for Diatoms @ 200
No initial condition for this pressure gradient --> using default!
Using initial condition from ../initial_condition/initial_condition-pressure=2.00e-07.csv
Depth averaged turbulent dissipation = 0.000027
Ratio = 5210.141261
86.00490355491638
Setting constant concentration for Diatoms @ 200
No initial condition for this pressure gradient --> using default!
Using initial condition from ../initial_condition/initial_condition-pressure=2.00e-07.csv
Depth averaged turbulent dissipation = 0.000027
Ratio = 2547.428774
67.75700211524963
Setting constant concentration for Diatoms @ 200
No initial condition for this pressure gradient --> using default!
Using initial condition from ../initial_condition/initial_condition-pressure=2.00e-07.csv
Depth averaged turbulent dissipation = 0.000027
Ratio = 7700.416325
89.24850821495056
Setting constant concentration for Diatoms @ 200
No initial condition for this pressure gradient --> using default!
Using initial condition from ../initial_condition/initial_condition-pressure=2.00e-07.csv
Depth averaged turbulent dissipation = 0.000027
Ratio = 9.148086
71.06167030334473
Setting constant concentration for Diatoms @ 200
No initial condition for this pressure gradient --> using default!
Using initial condition from ../initial_condition/initial_condition-pressure=2.00e-07.csv
Depth averaged turbulent dissipation = 0.000027
Ratio = 9193.997153
77.1142053604126
Setting constant concentration for Diatoms @ 200
No initial condition for this pressure gradient --> using default!
Using initial condition from ../initial_condition/initial_condition-pressure=2.00e-07.csv
Depth averaged turbulent dissipation = 0.000027
Ratio = 23.060220
91.65373492240906
Setting constant concentration for Diatoms @ 200
No initial condition for this pressure gradient --> using default!
Using initial condition from ../initial_condition/initial_condition-pressure=2.00e-07.csv
Depth averaged turbulent dissipation = 0.000027
Ratio = 656.473555
67.5413007736206
Setting constant concentration for Diatoms @ 200
No initial condition for this pressure gradient --> using default!
Using initial condition from ../initial_condition/initial_condition-pressure=2.00e-07.csv
Depth averaged turbulent dissipation = 0.000027
Ratio = 653.438041
94.74201893806458
Setting constant concentration for Diatoms @ 200
No initial condition for this pressure gradient --> using default!
Using initial condition from ../initial_condition/initial_condition-pressure=2.00e-07.csv
Depth averaged turbulent dissipation = 0.000027
Ratio = 3.322112
92.08483600616455
Setting constant concentration for Diatoms @ 200
No initial condition for this pressure gradient --> using default!
Using initial condition from ../initial_condition/initial_condition-pressure=2.00e-07.csv
Depth averaged turbulent dissipation = 0.000027
Ratio = 3830.181111
59.405754804611206
Setting constant concentration for Diatoms @ 200
No initial condition for this pressure gradient --> using default!
Using initial condition from ../initial_condition/initial_condition-pressure=2.00e-07.csv
Depth averaged turbulent dissipation = 0.000027
Ratio = 102.378253
60.245280027389526
Setting constant concentration for Diatoms @ 200
No initial condition for this pressure gradient --> using default!
Using initial condition from ../initial_condition/initial_condition-pressure=2.00e-07.csv
Depth averaged turbulent dissipation = 0.000027
Ratio = 1677.318700
59.84771752357483
Setting constant concentration for Diatoms @ 200
No initial condition for this pressure gradient --> using default!
Using initial condition from ../initial_condition/initial_condition-pressure=2.00e-07.csv
Depth averaged turbulent dissipation = 0.000027
Ratio = 1476.566846
70.77336692810059
Setting constant concentration for Diatoms @ 200
No initial condition for this pressure gradient --> using default!
Using initial condition from ../initial_condition/initial_condition-pressure=2.00e-07.csv
Depth averaged turbulent dissipation = 0.000027
Ratio = 8583.094546
70.0711510181427
Setting constant concentration for Diatoms @ 200
No initial condition for this pressure gradient --> using default!
Using initial condition from ../initial_condition/initial_condition-pressure=2.00e-07.csv
Depth averaged turbulent dissipation = 0.000027
Ratio = 4855.454563
69.70408034324646
Setting constant concentration for Diatoms @ 200
No initial condition for this pressure gradient --> using default!
Using initial condition from ../initial_condition/initial_condition-pressure=2.00e-07.csv
Depth averaged turbulent dissipation = 0.000027
Ratio = 11442.958669
74.94172406196594
Setting constant concentration for Diatoms @ 200
No initial condition for this pressure gradient --> using default!
Using initial condition from ../initial_condition/initial_condition-pressure=2.00e-07.csv
Depth averaged turbulent dissipation = 0.000027
Ratio = 31204.594854
78.4683096408844
Setting constant concentration for Diatoms @ 200
No initial condition for this pressure gradient --> using default!
Using initial condition from ../initial_condition/initial_condition-pressure=2.00e-07.csv
Depth averaged turbulent dissipation = 0.000027
Ratio = 44.985617
70.25137209892273
Setting constant concentration for Diatoms @ 200
No initial condition for this pressure gradient --> using default!
Using initial condition from ../initial_condition/initial_condition-pressure=2.00e-07.csv
Depth averaged turbulent dissipation = 0.000027
Ratio = 1615.165121
64.17062854766846
Setting constant concentration for Diatoms @ 200
No initial condition for this pressure gradient --> using default!
Using initial condition from ../initial_condition/initial_condition-pressure=2.00e-07.csv
Depth averaged turbulent dissipation = 0.000027
Ratio = 407.945612
63.070268392562866
Setting constant concentration for Diatoms @ 200
No initial condition for this pressure gradient --> using default!
Using initial condition from ../initial_condition/initial_condition-pressure=2.00e-07.csv
Depth averaged turbulent dissipation = 0.000027
Ratio = 8.343121
64.46659898757935
Setting constant concentration for Diatoms @ 200
No initial condition for this pressure gradient --> using default!
Using initial condition from ../initial_condition/initial_condition-pressure=2.00e-07.csv
Depth averaged turbulent dissipation = 0.000027
Ratio = 29477.420794
71.3982138633728
Setting constant concentration for Diatoms @ 200
No initial condition for this pressure gradient --> using default!
Using initial condition from ../initial_condition/initial_condition-pressure=2.00e-07.csv
Depth averaged turbulent dissipation = 0.000027
Ratio = 22263.826537
61.25308895111084
Setting constant concentration for Diatoms @ 200
No initial condition for this pressure gradient --> using default!
Using initial condition from ../initial_condition/initial_condition-pressure=2.00e-07.csv
Depth averaged turbulent dissipation = 0.000027
Ratio = 2382.836888
65.53546524047852
Setting constant concentration for Diatoms @ 200
No initial condition for this pressure gradient --> using default!
Using initial condition from ../initial_condition/initial_condition-pressure=2.00e-07.csv
Depth averaged turbulent dissipation = 0.000027
Ratio = 9814.921800
78.10834455490112
Setting constant concentration for Diatoms @ 200
No initial condition for this pressure gradient --> using default!
Using initial condition from ../initial_condition/initial_condition-pressure=2.00e-07.csv
Depth averaged turbulent dissipation = 0.000027
Ratio = 2358.604255
64.25364208221436
Setting constant concentration for Diatoms @ 200
No initial condition for this pressure gradient --> using default!
Using initial condition from ../initial_condition/initial_condition-pressure=2.00e-07.csv
Depth averaged turbulent dissipation = 0.000027
Ratio = 1.515866
68.74890518188477
Setting constant concentration for Diatoms @ 200
No initial condition for this pressure gradient --> using default!
Using initial condition from ../initial_condition/initial_condition-pressure=2.00e-07.csv
Depth averaged turbulent dissipation = 0.000027
Ratio = 37061.318180
69.25096201896667
Setting constant concentration for Diatoms @ 200
No initial condition for this pressure gradient --> using default!
Using initial condition from ../initial_condition/initial_condition-pressure=2.00e-07.csv
Depth averaged turbulent dissipation = 0.000027
Ratio = 88.903995
66.15208578109741
Setting constant concentration for Diatoms @ 200
No initial condition for this pressure gradient --> using default!
Using initial condition from ../initial_condition/initial_condition-pressure=2.00e-07.csv
Depth averaged turbulent dissipation = 0.000027
Ratio = 45453.860453
69.28323340415955
Setting constant concentration for Diatoms @ 200
No initial condition for this pressure gradient --> using default!
Using initial condition from ../initial_condition/initial_condition-pressure=2.00e-07.csv
Depth averaged turbulent dissipation = 0.000027
Ratio = 12.065985
61.745134592056274
Setting constant concentration for Diatoms @ 200
No initial condition for this pressure gradient --> using default!
Using initial condition from ../initial_condition/initial_condition-pressure=2.00e-07.csv
Depth averaged turbulent dissipation = 0.000027
Ratio = 60635.720678
64.20311117172241
Setting constant concentration for Diatoms @ 200
No initial condition for this pressure gradient --> using default!
Using initial condition from ../initial_condition/initial_condition-pressure=2.00e-07.csv
Depth averaged turbulent dissipation = 0.000027
Ratio = 26.769148
89.68555903434753
Setting constant concentration for Diatoms @ 200
No initial condition for this pressure gradient --> using default!
Using initial condition from ../initial_condition/initial_condition-pressure=2.00e-07.csv
Depth averaged turbulent dissipation = 0.000027
Ratio = 14.330744
70.89138221740723
Setting constant concentration for Diatoms @ 200
No initial condition for this pressure gradient --> using default!
Using initial condition from ../initial_condition/initial_condition-pressure=2.00e-07.csv
Depth averaged turbulent dissipation = 0.000027
Ratio = 15019.648551
78.53150081634521
Setting constant concentration for Diatoms @ 200
No initial condition for this pressure gradient --> using default!
Using initial condition from ../initial_condition/initial_condition-pressure=2.00e-07.csv
Depth averaged turbulent dissipation = 0.000027
Ratio = 9356.783140
82.39719939231873
Setting constant concentration for Diatoms @ 200
No initial condition for this pressure gradient --> using default!
Using initial condition from ../initial_condition/initial_condition-pressure=2.00e-07.csv
Depth averaged turbulent dissipation = 0.000027
Ratio = 10865.992270
68.30061745643616
Setting constant concentration for Diatoms @ 200
No initial condition for this pressure gradient --> using default!
Using initial condition from ../initial_condition/initial_condition-pressure=2.00e-07.csv
Depth averaged turbulent dissipation = 0.000027
Ratio = 34725.051728
64.61713886260986
Setting constant concentration for Diatoms @ 200
No initial condition for this pressure gradient --> using default!
Using initial condition from ../initial_condition/initial_condition-pressure=2.00e-07.csv
Depth averaged turbulent dissipation = 0.000027
Ratio = 1.995190
67.22230839729309
Setting constant concentration for Diatoms @ 200
No initial condition for this pressure gradient --> using default!
Using initial condition from ../initial_condition/initial_condition-pressure=2.00e-07.csv
Depth averaged turbulent dissipation = 0.000027
Ratio = 586.562802
69.73213958740234
Setting constant concentration for Diatoms @ 200
No initial condition for this pressure gradient --> using default!
Using initial condition from ../initial_condition/initial_condition-pressure=2.00e-07.csv
Depth averaged turbulent dissipation = 0.000027
Ratio = 388.445665
71.02650928497314
Setting constant concentration for Diatoms @ 200
No initial condition for this pressure gradient --> using default!
Using initial condition from ../initial_condition/initial_condition-pressure=2.00e-07.csv
Depth averaged turbulent dissipation = 0.000027
Ratio = 7103.405180
70.86157631874084
Setting constant concentration for Diatoms @ 200
No initial condition for this pressure gradient --> using default!
Using initial condition from ../initial_condition/initial_condition-pressure=2.00e-07.csv
Depth averaged turbulent dissipation = 0.000027
Ratio = 31877.692301
74.21967911720276
Setting constant concentration for Diatoms @ 200
No initial condition for this pressure gradient --> using default!
Using initial condition from ../initial_condition/initial_condition-pressure=2.00e-07.csv
Depth averaged turbulent dissipation = 0.000027
Ratio = 19.252225
69.93072891235352
Setting constant concentration for Diatoms @ 200
No initial condition for this pressure gradient --> using default!
Using initial condition from ../initial_condition/initial_condition-pressure=2.00e-07.csv
Depth averaged turbulent dissipation = 0.000027
Ratio = 3597.678899
71.20976209640503
Setting constant concentration for Diatoms @ 200
No initial condition for this pressure gradient --> using default!
Using initial condition from ../initial_condition/initial_condition-pressure=2.00e-07.csv
Depth averaged turbulent dissipation = 0.000027
Ratio = 17915.468747
60.52683091163635
Setting constant concentration for Diatoms @ 200
No initial condition for this pressure gradient --> using default!
Using initial condition from ../initial_condition/initial_condition-pressure=2.00e-07.csv
Depth averaged turbulent dissipation = 0.000027
Ratio = 1762.149312
71.669762134552
Setting constant concentration for Diatoms @ 200
No initial condition for this pressure gradient --> using default!
Using initial condition from ../initial_condition/initial_condition-pressure=2.00e-07.csv
Depth averaged turbulent dissipation = 0.000027
Ratio = 208.370076
67.06262803077698
Setting constant concentration for Diatoms @ 200
No initial condition for this pressure gradient --> using default!
Using initial condition from ../initial_condition/initial_condition-pressure=2.00e-07.csv
Depth averaged turbulent dissipation = 0.000027
Ratio = 92.728161
61.24956822395325
Setting constant concentration for Diatoms @ 200
No initial condition for this pressure gradient --> using default!
Using initial condition from ../initial_condition/initial_condition-pressure=2.00e-07.csv
Depth averaged turbulent dissipation = 0.000027
Ratio = 4493.852259
78.32510280609131
Setting constant concentration for Diatoms @ 200
No initial condition for this pressure gradient --> using default!
Using initial condition from ../initial_condition/initial_condition-pressure=2.00e-07.csv
Depth averaged turbulent dissipation = 0.000027
Ratio = 8.745196
97.70164656639099
Setting constant concentration for Diatoms @ 200
No initial condition for this pressure gradient --> using default!
Using initial condition from ../initial_condition/initial_condition-pressure=2.00e-07.csv
Depth averaged turbulent dissipation = 0.000027
Ratio = 3976.491249
68.2834939956665
Setting constant concentration for Diatoms @ 200
No initial condition for this pressure gradient --> using default!
Using initial condition from ../initial_condition/initial_condition-pressure=2.00e-07.csv
Depth averaged turbulent dissipation = 0.000027
Ratio = 990.195228
76.07232308387756
Setting constant concentration for Diatoms @ 200
No initial condition for this pressure gradient --> using default!
Using initial condition from ../initial_condition/initial_condition-pressure=2.00e-07.csv
Depth averaged turbulent dissipation = 0.000027
Ratio = 591.957985
71.04399514198303
Setting constant concentration for Diatoms @ 200
No initial condition for this pressure gradient --> using default!
Using initial condition from ../initial_condition/initial_condition-pressure=2.00e-07.csv
Depth averaged turbulent dissipation = 0.000027
Ratio = 228.427679
63.7671537399292
Setting constant concentration for Diatoms @ 200
No initial condition for this pressure gradient --> using default!
Using initial condition from ../initial_condition/initial_condition-pressure=2.00e-07.csv
Depth averaged turbulent dissipation = 0.000027
Ratio = 2.109098
93.6057379245758
Setting constant concentration for Diatoms @ 200
No initial condition for this pressure gradient --> using default!
Using initial condition from ../initial_condition/initial_condition-pressure=2.00e-07.csv
Depth averaged turbulent dissipation = 0.000027
Ratio = 1575.457568
63.83789825439453
Setting constant concentration for Diatoms @ 200
No initial condition for this pressure gradient --> using default!
Using initial condition from ../initial_condition/initial_condition-pressure=2.00e-07.csv
Depth averaged turbulent dissipation = 0.000027
Ratio = 20925.511541
82.49415254592896
Setting constant concentration for Diatoms @ 200
No initial condition for this pressure gradient --> using default!
Using initial condition from ../initial_condition/initial_condition-pressure=2.00e-07.csv
Depth averaged turbulent dissipation = 0.000027
Ratio = 54426.525357
65.69576144218445
Setting constant concentration for Diatoms @ 200
No initial condition for this pressure gradient --> using default!
Using initial condition from ../initial_condition/initial_condition-pressure=2.00e-07.csv
Depth averaged turbulent dissipation = 0.000027
Ratio = 53.456739
87.58344984054565
Setting constant concentration for Diatoms @ 200
No initial condition for this pressure gradient --> using default!
Using initial condition from ../initial_condition/initial_condition-pressure=2.00e-07.csv
Depth averaged turbulent dissipation = 0.000027
Ratio = 123.567968
71.42885422706604
Setting constant concentration for Diatoms @ 200
No initial condition for this pressure gradient --> using default!
Using initial condition from ../initial_condition/initial_condition-pressure=2.00e-07.csv
Depth averaged turbulent dissipation = 0.000027
Ratio = 5.527922
74.02890419960022
Setting constant concentration for Diatoms @ 200
No initial condition for this pressure gradient --> using default!
Using initial condition from ../initial_condition/initial_condition-pressure=2.00e-07.csv
Depth averaged turbulent dissipation = 0.000027
Ratio = 34424.287176
68.24378299713135
Setting constant concentration for Diatoms @ 200
No initial condition for this pressure gradient --> using default!
Using initial condition from ../initial_condition/initial_condition-pressure=2.00e-07.csv
Depth averaged turbulent dissipation = 0.000027
Ratio = 127.026757
84.47775268554688
Setting constant concentration for Diatoms @ 200
No initial condition for this pressure gradient --> using default!
Using initial condition from ../initial_condition/initial_condition-pressure=2.00e-07.csv
Depth averaged turbulent dissipation = 0.000027
Ratio = 4.694551
66.42308807373047
Setting constant concentration for Diatoms @ 200
No initial condition for this pressure gradient --> using default!
Using initial condition from ../initial_condition/initial_condition-pressure=2.00e-07.csv
Depth averaged turbulent dissipation = 0.000027
Ratio = 653.185068
65.68791651725769
Setting constant concentration for Diatoms @ 200
No initial condition for this pressure gradient --> using default!
Using initial condition from ../initial_condition/initial_condition-pressure=2.00e-07.csv
Depth averaged turbulent dissipation = 0.000027
Ratio = 39782.872461
66.12633275985718
Setting constant concentration for Diatoms @ 200
No initial condition for this pressure gradient --> using default!
Using initial condition from ../initial_condition/initial_condition-pressure=2.00e-07.csv
Depth averaged turbulent dissipation = 0.000027
Ratio = 125.122946
68.55995535850525
Setting constant concentration for Diatoms @ 200
No initial condition for this pressure gradient --> using default!
Using initial condition from ../initial_condition/initial_condition-pressure=2.00e-07.csv
Depth averaged turbulent dissipation = 0.000027
Ratio = 632.795882
66.53644156455994
Setting constant concentration for Diatoms @ 200
No initial condition for this pressure gradient --> using default!
Using initial condition from ../initial_condition/initial_condition-pressure=2.00e-07.csv
Depth averaged turbulent dissipation = 0.000027
Ratio = 26109.547052
66.57439351081848
Setting constant concentration for Diatoms @ 200
No initial condition for this pressure gradient --> using default!
Using initial condition from ../initial_condition/initial_condition-pressure=2.00e-07.csv
Depth averaged turbulent dissipation = 0.000027
Ratio = 1326.953359
71.04440069198608
Setting constant concentration for Diatoms @ 200
No initial condition for this pressure gradient --> using default!
Using initial condition from ../initial_condition/initial_condition-pressure=2.00e-07.csv
Depth averaged turbulent dissipation = 0.000027
Ratio = 16423.947338
70.0276370048523
Setting constant concentration for Diatoms @ 200
No initial condition for this pressure gradient --> using default!
Using initial condition from ../initial_condition/initial_condition-pressure=2.00e-07.csv
Depth averaged turbulent dissipation = 0.000027
Ratio = 3.523252
68.13857531547546
Setting constant concentration for Diatoms @ 200
No initial condition for this pressure gradient --> using default!
Using initial condition from ../initial_condition/initial_condition-pressure=2.00e-07.csv
Depth averaged turbulent dissipation = 0.000027
Ratio = 259.011813
67.22453331947327
Setting constant concentration for Diatoms @ 200
No initial condition for this pressure gradient --> using default!
Using initial condition from ../initial_condition/initial_condition-pressure=2.00e-07.csv
Depth averaged turbulent dissipation = 0.000027
Ratio = 325.667034
70.97297739982605
Setting constant concentration for Diatoms @ 200
No initial condition for this pressure gradient --> using default!
Using initial condition from ../initial_condition/initial_condition-pressure=2.00e-07.csv
Depth averaged turbulent dissipation = 0.000027
Ratio = 133.411144
71.7022488117218
Setting constant concentration for Diatoms @ 200
No initial condition for this pressure gradient --> using default!
Using initial condition from ../initial_condition/initial_condition-pressure=2.00e-07.csv
Depth averaged turbulent dissipation = 0.000027
Ratio = 8292.669432
82.79332327842712
Setting constant concentration for Diatoms @ 200
No initial condition for this pressure gradient --> using default!
Using initial condition from ../initial_condition/initial_condition-pressure=2.00e-07.csv
Depth averaged turbulent dissipation = 0.000027
Ratio = 123.990038
71.50934290885925
Setting constant concentration for Diatoms @ 200
No initial condition for this pressure gradient --> using default!
Using initial condition from ../initial_condition/initial_condition-pressure=2.00e-07.csv
Depth averaged turbulent dissipation = 0.000027
Ratio = 9540.737400
69.07766580581665
Setting constant concentration for Diatoms @ 200
No initial condition for this pressure gradient --> using default!
Using initial condition from ../initial_condition/initial_condition-pressure=2.00e-07.csv
Depth averaged turbulent dissipation = 0.000027
Ratio = 1711.105821
109.57854509353638
Setting constant concentration for Diatoms @ 200
No initial condition for this pressure gradient --> using default!
Using initial condition from ../initial_condition/initial_condition-pressure=2.00e-07.csv
Depth averaged turbulent dissipation = 0.000027
Ratio = 19831.678652
68.42175531387329
Setting constant concentration for Diatoms @ 200
No initial condition for this pressure gradient --> using default!
Using initial condition from ../initial_condition/initial_condition-pressure=2.00e-07.csv
Depth averaged turbulent dissipation = 0.000027
Ratio = 37.982664
72.68275189399719
Setting constant concentration for Diatoms @ 200
No initial condition for this pressure gradient --> using default!
Using initial condition from ../initial_condition/initial_condition-pressure=2.00e-07.csv
Depth averaged turbulent dissipation = 0.000027
Ratio = 1.401538
77.10049247741699
Setting constant concentration for Diatoms @ 200
No initial condition for this pressure gradient --> using default!
Using initial condition from ../initial_condition/initial_condition-pressure=2.00e-07.csv
Depth averaged turbulent dissipation = 0.000027
Ratio = 10576.032643
71.80724287033081
Setting constant concentration for Diatoms @ 200
No initial condition for this pressure gradient --> using default!
Using initial condition from ../initial_condition/initial_condition-pressure=2.00e-07.csv
Depth averaged turbulent dissipation = 0.000027
Ratio = 1117.775738
69.10780906677246
Setting constant concentration for Diatoms @ 200
No initial condition for this pressure gradient --> using default!
Using initial condition from ../initial_condition/initial_condition-pressure=2.00e-07.csv
Depth averaged turbulent dissipation = 0.000027
Ratio = 1292.945035
81.54915976524353
Setting constant concentration for Diatoms @ 200
No initial condition for this pressure gradient --> using default!
Using initial condition from ../initial_condition/initial_condition-pressure=2.00e-07.csv
Depth averaged turbulent dissipation = 0.000027
Ratio = 1004.835172
70.00757813453674
Setting constant concentration for Diatoms @ 200
No initial condition for this pressure gradient --> using default!
Using initial condition from ../initial_condition/initial_condition-pressure=2.00e-07.csv
Depth averaged turbulent dissipation = 0.000027
Ratio = 90.485073
74.01818919181824
Setting constant concentration for Diatoms @ 200
No initial condition for this pressure gradient --> using default!
Using initial condition from ../initial_condition/initial_condition-pressure=2.00e-07.csv
Depth averaged turbulent dissipation = 0.000027
Ratio = 754.102250
78.4323980808258
Setting constant concentration for Diatoms @ 200
No initial condition for this pressure gradient --> using default!
Using initial condition from ../initial_condition/initial_condition-pressure=2.00e-07.csv
Depth averaged turbulent dissipation = 0.000027
Ratio = 5933.124557
101.46160554885864
Setting constant concentration for Diatoms @ 200
No initial condition for this pressure gradient --> using default!
Using initial condition from ../initial_condition/initial_condition-pressure=2.00e-07.csv
Depth averaged turbulent dissipation = 0.000027
Ratio = 2110.725403
72.94127345085144
Setting constant concentration for Diatoms @ 200
No initial condition for this pressure gradient --> using default!
Using initial condition from ../initial_condition/initial_condition-pressure=2.00e-07.csv
Depth averaged turbulent dissipation = 0.000027
Ratio = 133.412881
74.82155060768127
Setting constant concentration for Diatoms @ 200
No initial condition for this pressure gradient --> using default!
Using initial condition from ../initial_condition/initial_condition-pressure=2.00e-07.csv
Depth averaged turbulent dissipation = 0.000027
Ratio = 349.982349
91.5952079296112
Setting constant concentration for Diatoms @ 200
No initial condition for this pressure gradient --> using default!
Using initial condition from ../initial_condition/initial_condition-pressure=2.00e-07.csv
Depth averaged turbulent dissipation = 0.000027
Ratio = 1110.287479
61.56193256378174
Setting constant concentration for Diatoms @ 200
No initial condition for this pressure gradient --> using default!
Using initial condition from ../initial_condition/initial_condition-pressure=2.00e-07.csv
Depth averaged turbulent dissipation = 0.000027
Ratio = 4397.738318
77.22315669059753
Setting constant concentration for Diatoms @ 200
No initial condition for this pressure gradient --> using default!
Using initial condition from ../initial_condition/initial_condition-pressure=2.00e-07.csv
Depth averaged turbulent dissipation = 0.000027
Ratio = 5.693286
111.2375419139862
Setting constant concentration for Diatoms @ 200
No initial condition for this pressure gradient --> using default!
Using initial condition from ../initial_condition/initial_condition-pressure=2.00e-07.csv
Depth averaged turbulent dissipation = 0.000027
Ratio = 12300.033092
76.11178684234619
Setting constant concentration for Diatoms @ 200
No initial condition for this pressure gradient --> using default!
Using initial condition from ../initial_condition/initial_condition-pressure=2.00e-07.csv
Depth averaged turbulent dissipation = 0.000027
Ratio = 2628.697046
76.15331101417542
Setting constant concentration for Diatoms @ 200
No initial condition for this pressure gradient --> using default!
Using initial condition from ../initial_condition/initial_condition-pressure=2.00e-07.csv
Depth averaged turbulent dissipation = 0.000027
Ratio = 7.572317
112.58200287818909
Setting constant concentration for Diatoms @ 200
No initial condition for this pressure gradient --> using default!
Using initial condition from ../initial_condition/initial_condition-pressure=2.00e-07.csv
Depth averaged turbulent dissipation = 0.000027
Ratio = 5302.651946
75.71897649765015
Setting constant concentration for Diatoms @ 200
No initial condition for this pressure gradient --> using default!
Using initial condition from ../initial_condition/initial_condition-pressure=2.00e-07.csv
Depth averaged turbulent dissipation = 0.000027
Ratio = 2529.323781
75.30078315734863
Setting constant concentration for Diatoms @ 200
No initial condition for this pressure gradient --> using default!
Using initial condition from ../initial_condition/initial_condition-pressure=2.00e-07.csv
Depth averaged turbulent dissipation = 0.000027
Ratio = 18227.841168
76.2747106552124
Setting constant concentration for Diatoms @ 200
No initial condition for this pressure gradient --> using default!
Using initial condition from ../initial_condition/initial_condition-pressure=2.00e-07.csv
Depth averaged turbulent dissipation = 0.000027
Ratio = 42582.612754
75.29621458053589
Setting constant concentration for Diatoms @ 200
No initial condition for this pressure gradient --> using default!
Using initial condition from ../initial_condition/initial_condition-pressure=2.00e-07.csv
Depth averaged turbulent dissipation = 0.000027
Ratio = 1894.205308
95.07052326202393
Setting constant concentration for Diatoms @ 200
No initial condition for this pressure gradient --> using default!
Using initial condition from ../initial_condition/initial_condition-pressure=2.00e-07.csv
Depth averaged turbulent dissipation = 0.000027
Ratio = 2921.989741
78.79818177223206
Setting constant concentration for Diatoms @ 200
No initial condition for this pressure gradient --> using default!
Using initial condition from ../initial_condition/initial_condition-pressure=2.00e-07.csv
Depth averaged turbulent dissipation = 0.000027
Ratio = 1385.428232
81.41400742530823
Setting constant concentration for Diatoms @ 200
No initial condition for this pressure gradient --> using default!
Using initial condition from ../initial_condition/initial_condition-pressure=2.00e-07.csv
Depth averaged turbulent dissipation = 0.000027
Ratio = 274.064084
81.19341969490051
Setting constant concentration for Diatoms @ 200
No initial condition for this pressure gradient --> using default!
Using initial condition from ../initial_condition/initial_condition-pressure=2.00e-07.csv
Depth averaged turbulent dissipation = 0.000027
Ratio = 2770.487174
79.30061626434326
Setting constant concentration for Diatoms @ 200
No initial condition for this pressure gradient --> using default!
Using initial condition from ../initial_condition/initial_condition-pressure=2.00e-07.csv
Depth averaged turbulent dissipation = 0.000027
Ratio = 57513.154361
82.47053170204163
Setting constant concentration for Diatoms @ 200
No initial condition for this pressure gradient --> using default!
Using initial condition from ../initial_condition/initial_condition-pressure=2.00e-07.csv
Depth averaged turbulent dissipation = 0.000027
Ratio = 1384.696603
85.22405195236206
Setting constant concentration for Diatoms @ 200
No initial condition for this pressure gradient --> using default!
Using initial condition from ../initial_condition/initial_condition-pressure=2.00e-07.csv
Depth averaged turbulent dissipation = 0.000027
Ratio = 916.098704
107.31775689125061
Setting constant concentration for Diatoms @ 200
No initial condition for this pressure gradient --> using default!
Using initial condition from ../initial_condition/initial_condition-pressure=2.00e-07.csv
Depth averaged turbulent dissipation = 0.000027
Ratio = 112.790532
86.65930676460266
Setting constant concentration for Diatoms @ 200
No initial condition for this pressure gradient --> using default!
Using initial condition from ../initial_condition/initial_condition-pressure=2.00e-07.csv
Depth averaged turbulent dissipation = 0.000027
Ratio = 9.043122
86.73415160179138
Setting constant concentration for Diatoms @ 200
No initial condition for this pressure gradient --> using default!
Using initial condition from ../initial_condition/initial_condition-pressure=2.00e-07.csv
Depth averaged turbulent dissipation = 0.000027
Ratio = 734.856283
86.81198215484619
Setting constant concentration for Diatoms @ 200
No initial condition for this pressure gradient --> using default!
Using initial condition from ../initial_condition/initial_condition-pressure=2.00e-07.csv
Depth averaged turbulent dissipation = 0.000027
Ratio = 4343.250252
118.61352729797363
Setting constant concentration for Diatoms @ 200
No initial condition for this pressure gradient --> using default!
Using initial condition from ../initial_condition/initial_condition-pressure=2.00e-07.csv
Depth averaged turbulent dissipation = 0.000027
Ratio = 8124.552523
63.589239835739136
Setting constant concentration for Diatoms @ 200
No initial condition for this pressure gradient --> using default!
Using initial condition from ../initial_condition/initial_condition-pressure=2.00e-07.csv
Depth averaged turbulent dissipation = 0.000027
Ratio = 21334.315318
106.43600392341614
Setting constant concentration for Diatoms @ 200
No initial condition for this pressure gradient --> using default!
Using initial condition from ../initial_condition/initial_condition-pressure=2.00e-07.csv
Depth averaged turbulent dissipation = 0.000027
Ratio = 5470.763273
96.52140688896179
Setting constant concentration for Diatoms @ 200
No initial condition for this pressure gradient --> using default!
Using initial condition from ../initial_condition/initial_condition-pressure=2.00e-07.csv
Depth averaged turbulent dissipation = 0.000027
Ratio = 4.412950
111.29788780212402
Setting constant concentration for Diatoms @ 200
No initial condition for this pressure gradient --> using default!
Using initial condition from ../initial_condition/initial_condition-pressure=2.00e-07.csv
Depth averaged turbulent dissipation = 0.000027
Ratio = 8987.572454
65.12845921516418
Setting constant concentration for Diatoms @ 200
No initial condition for this pressure gradient --> using default!
Using initial condition from ../initial_condition/initial_condition-pressure=2.00e-07.csv
Depth averaged turbulent dissipation = 0.000027
Ratio = 789.304852
107.01897621154785
Setting constant concentration for Diatoms @ 200
No initial condition for this pressure gradient --> using default!
Using initial condition from ../initial_condition/initial_condition-pressure=2.00e-07.csv
Depth averaged turbulent dissipation = 0.000027
Ratio = 36510.350934
61.337817668914795
Setting constant concentration for Diatoms @ 200
No initial condition for this pressure gradient --> using default!
Using initial condition from ../initial_condition/initial_condition-pressure=2.00e-07.csv
Depth averaged turbulent dissipation = 0.000027
Ratio = 51382.966912
88.55026245117188
Setting constant concentration for Diatoms @ 200
No initial condition for this pressure gradient --> using default!
Using initial condition from ../initial_condition/initial_condition-pressure=2.00e-07.csv
Depth averaged turbulent dissipation = 0.000027
Ratio = 5553.252947
103.26716637611389
Setting constant concentration for Diatoms @ 200
No initial condition for this pressure gradient --> using default!
Using initial condition from ../initial_condition/initial_condition-pressure=2.00e-07.csv
Depth averaged turbulent dissipation = 0.000027
Ratio = 57.313435
92.87516164779663
Setting constant concentration for Diatoms @ 200
No initial condition for this pressure gradient --> using default!
Using initial condition from ../initial_condition/initial_condition-pressure=2.00e-07.csv
Depth averaged turbulent dissipation = 0.000027
Ratio = 4026.242538
64.85204815864563
Setting constant concentration for Diatoms @ 200
No initial condition for this pressure gradient --> using default!
Using initial condition from ../initial_condition/initial_condition-pressure=2.00e-07.csv
Depth averaged turbulent dissipation = 0.000027
Ratio = 50.670050
98.32753539085388
Setting constant concentration for Diatoms @ 200
No initial condition for this pressure gradient --> using default!
Using initial condition from ../initial_condition/initial_condition-pressure=2.00e-07.csv
Depth averaged turbulent dissipation = 0.000027
Ratio = 10613.985300
134.6816532611847
Setting constant concentration for Diatoms @ 200
No initial condition for this pressure gradient --> using default!
Using initial condition from ../initial_condition/initial_condition-pressure=2.00e-07.csv
Depth averaged turbulent dissipation = 0.000027
Ratio = 83.812017
102.26006579399109
Setting constant concentration for Diatoms @ 200
No initial condition for this pressure gradient --> using default!
Using initial condition from ../initial_condition/initial_condition-pressure=2.00e-07.csv
Depth averaged turbulent dissipation = 0.000027
Ratio = 1478.942965
101.95660996437073
Setting constant concentration for Diatoms @ 200
No initial condition for this pressure gradient --> using default!
Using initial condition from ../initial_condition/initial_condition-pressure=2.00e-07.csv
Depth averaged turbulent dissipation = 0.000027
Ratio = 6147.631586
74.53865003585815
Setting constant concentration for Diatoms @ 200
No initial condition for this pressure gradient --> using default!
Using initial condition from ../initial_condition/initial_condition-pressure=2.00e-07.csv
Depth averaged turbulent dissipation = 0.000027
Ratio = 1979.447815
95.00436186790466
Setting constant concentration for Diatoms @ 200
No initial condition for this pressure gradient --> using default!
Using initial condition from ../initial_condition/initial_condition-pressure=2.00e-07.csv
Depth averaged turbulent dissipation = 0.000027
Ratio = 63787.229529
60.957581520080566
Setting constant concentration for Diatoms @ 200
No initial condition for this pressure gradient --> using default!
Using initial condition from ../initial_condition/initial_condition-pressure=2.00e-07.csv
Depth averaged turbulent dissipation = 0.000027
Ratio = 502.470958
149.57758212089539
Setting constant concentration for Diatoms @ 200
No initial condition for this pressure gradient --> using default!
Using initial condition from ../initial_condition/initial_condition-pressure=2.00e-07.csv
Depth averaged turbulent dissipation = 0.000027
Ratio = 1346.337668
65.65156149864197
Setting constant concentration for Diatoms @ 200
No initial condition for this pressure gradient --> using default!
Using initial condition from ../initial_condition/initial_condition-pressure=2.00e-07.csv
Depth averaged turbulent dissipation = 0.000027
Ratio = 9743.600642
140.32012009620667
Setting constant concentration for Diatoms @ 200
No initial condition for this pressure gradient --> using default!
Using initial condition from ../initial_condition/initial_condition-pressure=2.00e-07.csv
Depth averaged turbulent dissipation = 0.000027
Ratio = 56.102700
116.83364844322205
Setting constant concentration for Diatoms @ 200
No initial condition for this pressure gradient --> using default!
Using initial condition from ../initial_condition/initial_condition-pressure=2.00e-07.csv
Depth averaged turbulent dissipation = 0.000027
Ratio = 162.502471
114.07912755012512
Setting constant concentration for Diatoms @ 200
No initial condition for this pressure gradient --> using default!
Using initial condition from ../initial_condition/initial_condition-pressure=2.00e-07.csv
Depth averaged turbulent dissipation = 0.000027
Ratio = 249.616837
154.46826434135437
Setting constant concentration for Diatoms @ 200
No initial condition for this pressure gradient --> using default!
Using initial condition from ../initial_condition/initial_condition-pressure=2.00e-07.csv
Depth averaged turbulent dissipation = 0.000027
Ratio = 29426.942705
116.83950543403625
Setting constant concentration for Diatoms @ 200
No initial condition for this pressure gradient --> using default!
Using initial condition from ../initial_condition/initial_condition-pressure=2.00e-07.csv
Depth averaged turbulent dissipation = 0.000027
Ratio = 6148.140266
60.97479510307312
Setting constant concentration for Diatoms @ 200
No initial condition for this pressure gradient --> using default!
Using initial condition from ../initial_condition/initial_condition-pressure=2.00e-07.csv
Depth averaged turbulent dissipation = 0.000027
Ratio = 16980.774792
59.63601279258728
Setting constant concentration for Diatoms @ 200
No initial condition for this pressure gradient --> using default!
Using initial condition from ../initial_condition/initial_condition-pressure=2.00e-07.csv
Depth averaged turbulent dissipation = 0.000027
Ratio = 1774.348326
61.75560426712036
Setting constant concentration for Diatoms @ 200
No initial condition for this pressure gradient --> using default!
Using initial condition from ../initial_condition/initial_condition-pressure=2.00e-07.csv
Depth averaged turbulent dissipation = 0.000027
Ratio = 602.175181
75.29235434532166
Setting constant concentration for Diatoms @ 200
No initial condition for this pressure gradient --> using default!
Using initial condition from ../initial_condition/initial_condition-pressure=2.00e-07.csv
Depth averaged turbulent dissipation = 0.000027
Ratio = 5.011944
176.57804822921753
Setting constant concentration for Diatoms @ 200
No initial condition for this pressure gradient --> using default!
Using initial condition from ../initial_condition/initial_condition-pressure=2.00e-07.csv
Depth averaged turbulent dissipation = 0.000027
Ratio = 250.506280
139.6623992919922
Setting constant concentration for Diatoms @ 200
No initial condition for this pressure gradient --> using default!
Using initial condition from ../initial_condition/initial_condition-pressure=2.00e-07.csv
Depth averaged turbulent dissipation = 0.000027
Ratio = 2716.115605
151.66223788261414
Setting constant concentration for Diatoms @ 200
No initial condition for this pressure gradient --> using default!
Using initial condition from ../initial_condition/initial_condition-pressure=2.00e-07.csv
Depth averaged turbulent dissipation = 0.000027
Ratio = 2303.013264
61.784815073013306
Setting constant concentration for Diatoms @ 200
No initial condition for this pressure gradient --> using default!
Using initial condition from ../initial_condition/initial_condition-pressure=2.00e-07.csv
Depth averaged turbulent dissipation = 0.000027
Ratio = 1.032729
186.33398056030273
Setting constant concentration for Diatoms @ 200
No initial condition for this pressure gradient --> using default!
Using initial condition from ../initial_condition/initial_condition-pressure=2.00e-07.csv
Depth averaged turbulent dissipation = 0.000027
Ratio = 286.427399
102.27359533309937
Setting constant concentration for Diatoms @ 200
No initial condition for this pressure gradient --> using default!
Using initial condition from ../initial_condition/initial_condition-pressure=2.00e-07.csv
Depth averaged turbulent dissipation = 0.000027
Ratio = 7607.311374
76.37914538383484
Setting constant concentration for Diatoms @ 200
No initial condition for this pressure gradient --> using default!
Using initial condition from ../initial_condition/initial_condition-pressure=2.00e-07.csv
Depth averaged turbulent dissipation = 0.000027
Ratio = 3064.124825
172.70045161247253
Setting constant concentration for Diatoms @ 200
No initial condition for this pressure gradient --> using default!
Using initial condition from ../initial_condition/initial_condition-pressure=2.00e-07.csv
Depth averaged turbulent dissipation = 0.000027
Ratio = 188.602392
72.19369339942932
Setting constant concentration for Diatoms @ 200
No initial condition for this pressure gradient --> using default!
Using initial condition from ../initial_condition/initial_condition-pressure=2.00e-07.csv
Depth averaged turbulent dissipation = 0.000027
Ratio = 18379.455835
62.503196239471436
Setting constant concentration for Diatoms @ 200
No initial condition for this pressure gradient --> using default!
Using initial condition from ../initial_condition/initial_condition-pressure=2.00e-07.csv
Depth averaged turbulent dissipation = 0.000027
Ratio = 63.000642
219.7484996318817
Setting constant concentration for Diatoms @ 200
No initial condition for this pressure gradient --> using default!
Using initial condition from ../initial_condition/initial_condition-pressure=2.00e-07.csv
Depth averaged turbulent dissipation = 0.000027
Ratio = 1.028058
211.59454560279846
Setting constant concentration for Diatoms @ 200
No initial condition for this pressure gradient --> using default!
Using initial condition from ../initial_condition/initial_condition-pressure=2.00e-07.csv
Depth averaged turbulent dissipation = 0.000027
Ratio = 718.936171
102.08758878707886
Setting constant concentration for Diatoms @ 200
No initial condition for this pressure gradient --> using default!
Using initial condition from ../initial_condition/initial_condition-pressure=2.00e-07.csv
Depth averaged turbulent dissipation = 0.000027
Ratio = 1876.242853
71.74826002120972
Setting constant concentration for Diatoms @ 200
No initial condition for this pressure gradient --> using default!
Using initial condition from ../initial_condition/initial_condition-pressure=2.00e-07.csv
Depth averaged turbulent dissipation = 0.000027
Ratio = 8.913201
222.33107328414917
Setting constant concentration for Diatoms @ 200
No initial condition for this pressure gradient --> using default!
Using initial condition from ../initial_condition/initial_condition-pressure=2.00e-07.csv
Depth averaged turbulent dissipation = 0.000027
Ratio = 3026.561666
220.6970841884613
Setting constant concentration for Diatoms @ 200
No initial condition for this pressure gradient --> using default!
Using initial condition from ../initial_condition/initial_condition-pressure=2.00e-07.csv
Depth averaged turbulent dissipation = 0.000027
Ratio = 3581.638838
232.41287350654602
Setting constant concentration for Diatoms @ 200
No initial condition for this pressure gradient --> using default!
Using initial condition from ../initial_condition/initial_condition-pressure=2.00e-07.csv
Depth averaged turbulent dissipation = 0.000027
Ratio = 11691.278893
150.10691785812378
Setting constant concentration for Diatoms @ 200
No initial condition for this pressure gradient --> using default!
Using initial condition from ../initial_condition/initial_condition-pressure=2.00e-07.csv
Depth averaged turbulent dissipation = 0.000027
Ratio = 11436.177919
61.92175364494324
Setting constant concentration for Diatoms @ 200
No initial condition for this pressure gradient --> using default!
Using initial condition from ../initial_condition/initial_condition-pressure=2.00e-07.csv
Depth averaged turbulent dissipation = 0.000027
Ratio = 3297.493694
244.75450348854065
Setting constant concentration for Diatoms @ 200
No initial condition for this pressure gradient --> using default!
Using initial condition from ../initial_condition/initial_condition-pressure=2.00e-07.csv
Depth averaged turbulent dissipation = 0.000027
Ratio = 312.527607
176.65049171447754
Setting constant concentration for Diatoms @ 200
No initial condition for this pressure gradient --> using default!
Using initial condition from ../initial_condition/initial_condition-pressure=2.00e-07.csv
Depth averaged turbulent dissipation = 0.000027
Ratio = 6140.321143
254.91616010665894
Setting constant concentration for Diatoms @ 200
No initial condition for this pressure gradient --> using default!
Using initial condition from ../initial_condition/initial_condition-pressure=2.00e-07.csv
Depth averaged turbulent dissipation = 0.000027
Ratio = 1917.472911
222.00740671157837
Setting constant concentration for Diatoms @ 200
No initial condition for this pressure gradient --> using default!
Using initial condition from ../initial_condition/initial_condition-pressure=2.00e-07.csv
Depth averaged turbulent dissipation = 0.000027
Ratio = 4763.436789
235.5724241733551
Setting constant concentration for Diatoms @ 200
No initial condition for this pressure gradient --> using default!
Using initial condition from ../initial_condition/initial_condition-pressure=2.00e-07.csv
Depth averaged turbulent dissipation = 0.000027
Ratio = 12010.667857
65.2877688407898
Setting constant concentration for Diatoms @ 200
No initial condition for this pressure gradient --> using default!
Using initial condition from ../initial_condition/initial_condition-pressure=2.00e-07.csv
Depth averaged turbulent dissipation = 0.000027
Ratio = 599.442894
257.89069151878357
Setting constant concentration for Diatoms @ 200
No initial condition for this pressure gradient --> using default!
Using initial condition from ../initial_condition/initial_condition-pressure=2.00e-07.csv
Depth averaged turbulent dissipation = 0.000027
Ratio = 16934.437363
139.4737253189087
Setting constant concentration for Diatoms @ 200
No initial condition for this pressure gradient --> using default!
Using initial condition from ../initial_condition/initial_condition-pressure=2.00e-07.csv
Depth averaged turbulent dissipation = 0.000027
Ratio = 348.819951
276.56416487693787
Setting constant concentration for Diatoms @ 200
No initial condition for this pressure gradient --> using default!
Using initial condition from ../initial_condition/initial_condition-pressure=2.00e-07.csv
Depth averaged turbulent dissipation = 0.000027
Ratio = 32955.150101
72.69291710853577
Setting constant concentration for Diatoms @ 200
No initial condition for this pressure gradient --> using default!
Using initial condition from ../initial_condition/initial_condition-pressure=2.00e-07.csv
Depth averaged turbulent dissipation = 0.000027
Ratio = 5002.307857
274.48686265945435
Setting constant concentration for Diatoms @ 200
No initial condition for this pressure gradient --> using default!
Using initial condition from ../initial_condition/initial_condition-pressure=2.00e-07.csv
Depth averaged turbulent dissipation = 0.000027
Ratio = 1110.627338
84.28993487358093
Setting constant concentration for Diatoms @ 200
No initial condition for this pressure gradient --> using default!
Using initial condition from ../initial_condition/initial_condition-pressure=2.00e-07.csv
Depth averaged turbulent dissipation = 0.000027
Ratio = 207.803965
284.6947343349457
Setting constant concentration for Diatoms @ 200
No initial condition for this pressure gradient --> using default!
Using initial condition from ../initial_condition/initial_condition-pressure=2.00e-07.csv
Depth averaged turbulent dissipation = 0.000027
Ratio = 0.650832
263.64933490753174
Setting constant concentration for Diatoms @ 200
No initial condition for this pressure gradient --> using default!
Using initial condition from ../initial_condition/initial_condition-pressure=2.00e-07.csv
Depth averaged turbulent dissipation = 0.000027
Ratio = 732.926915
87.63425517082214
Setting constant concentration for Diatoms @ 200
No initial condition for this pressure gradient --> using default!
Using initial condition from ../initial_condition/initial_condition-pressure=2.00e-07.csv
Depth averaged turbulent dissipation = 0.000027
Ratio = 238.363884
255.59526228904724
Setting constant concentration for Diatoms @ 200
No initial condition for this pressure gradient --> using default!
Using initial condition from ../initial_condition/initial_condition-pressure=2.00e-07.csv
Depth averaged turbulent dissipation = 0.000027
Ratio = 258.197771
283.24692964553833
Setting constant concentration for Diatoms @ 200
No initial condition for this pressure gradient --> using default!
Using initial condition from ../initial_condition/initial_condition-pressure=2.00e-07.csv
Depth averaged turbulent dissipation = 0.000027
Ratio = 15968.390337
186.9705982208252
Setting constant concentration for Diatoms @ 200
No initial condition for this pressure gradient --> using default!
Using initial condition from ../initial_condition/initial_condition-pressure=2.00e-07.csv
Depth averaged turbulent dissipation = 0.000027
Ratio = 142.915984
268.8135347366333
Setting constant concentration for Diatoms @ 200
No initial condition for this pressure gradient --> using default!
Using initial condition from ../initial_condition/initial_condition-pressure=2.00e-07.csv
Depth averaged turbulent dissipation = 0.000027
Ratio = 2067.496761
284.1404275894165
Setting constant concentration for Diatoms @ 200
No initial condition for this pressure gradient --> using default!
Using initial condition from ../initial_condition/initial_condition-pressure=2.00e-07.csv
Depth averaged turbulent dissipation = 0.000027
Ratio = 864.356284
141.35769510269165
Setting constant concentration for Diatoms @ 200
No initial condition for this pressure gradient --> using default!
Using initial condition from ../initial_condition/initial_condition-pressure=2.00e-07.csv
Depth averaged turbulent dissipation = 0.000027
Ratio = 507.558970
103.46602892875671
Setting constant concentration for Diatoms @ 200
No initial condition for this pressure gradient --> using default!
Using initial condition from ../initial_condition/initial_condition-pressure=2.00e-07.csv
Depth averaged turbulent dissipation = 0.000027
Ratio = 14757.331453
242.31400084495544
Setting constant concentration for Diatoms @ 200
No initial condition for this pressure gradient --> using default!
Using initial condition from ../initial_condition/initial_condition-pressure=2.00e-07.csv
Depth averaged turbulent dissipation = 0.000027
Ratio = 13223.036079
231.24146795272827
Setting constant concentration for Diatoms @ 200
No initial condition for this pressure gradient --> using default!
Using initial condition from ../initial_condition/initial_condition-pressure=2.00e-07.csv
Depth averaged turbulent dissipation = 0.000027
Ratio = 11815.545144
117.3325822353363
Setting constant concentration for Diatoms @ 200
No initial condition for this pressure gradient --> using default!
Using initial condition from ../initial_condition/initial_condition-pressure=2.00e-07.csv
Depth averaged turbulent dissipation = 0.000027
Ratio = 944.124412
298.4657566547394
Setting constant concentration for Diatoms @ 200
No initial condition for this pressure gradient --> using default!
Using initial condition from ../initial_condition/initial_condition-pressure=2.00e-07.csv
Depth averaged turbulent dissipation = 0.000027
Ratio = 299.116066
222.3570203781128
Setting constant concentration for Diatoms @ 200
No initial condition for this pressure gradient --> using default!
Using initial condition from ../initial_condition/initial_condition-pressure=2.00e-07.csv
Depth averaged turbulent dissipation = 0.000027
Ratio = 18909.170966
175.34027886390686
Setting constant concentration for Diatoms @ 200
No initial condition for this pressure gradient --> using default!
Using initial condition from ../initial_condition/initial_condition-pressure=2.00e-07.csv
Depth averaged turbulent dissipation = 0.000027
Ratio = 1147.139907
234.160662651062
Setting constant concentration for Diatoms @ 200
No initial condition for this pressure gradient --> using default!
Using initial condition from ../initial_condition/initial_condition-pressure=2.00e-07.csv
Depth averaged turbulent dissipation = 0.000027
Ratio = 105.284449
271.92534708976746
Setting constant concentration for Diatoms @ 200
No initial condition for this pressure gradient --> using default!
Using initial condition from ../initial_condition/initial_condition-pressure=2.00e-07.csv
Depth averaged turbulent dissipation = 0.000027
Ratio = 10301.369481
313.65636682510376
Setting constant concentration for Diatoms @ 200
No initial condition for this pressure gradient --> using default!
Using initial condition from ../initial_condition/initial_condition-pressure=2.00e-07.csv
Depth averaged turbulent dissipation = 0.000027
Ratio = 535.136060
225.10837841033936
Setting constant concentration for Diatoms @ 200
No initial condition for this pressure gradient --> using default!
Using initial condition from ../initial_condition/initial_condition-pressure=2.00e-07.csv
Depth averaged turbulent dissipation = 0.000027
Ratio = 13.158955
332.0107367038727
Setting constant concentration for Diatoms @ 200
No initial condition for this pressure gradient --> using default!
Using initial condition from ../initial_condition/initial_condition-pressure=2.00e-07.csv
Depth averaged turbulent dissipation = 0.000027
Ratio = 2188.838889
296.911785364151
Setting constant concentration for Diatoms @ 200
No initial condition for this pressure gradient --> using default!
Using initial condition from ../initial_condition/initial_condition-pressure=2.00e-07.csv
Depth averaged turbulent dissipation = 0.000027
Ratio = 389.601505
186.40523838996887
Setting constant concentration for Diatoms @ 200
No initial condition for this pressure gradient --> using default!
Using initial condition from ../initial_condition/initial_condition-pressure=2.00e-07.csv
Depth averaged turbulent dissipation = 0.000027
Ratio = 8653.877408
284.01183819770813
Setting constant concentration for Diatoms @ 200
No initial condition for this pressure gradient --> using default!
Using initial condition from ../initial_condition/initial_condition-pressure=2.00e-07.csv
Depth averaged turbulent dissipation = 0.000027
Ratio = 12888.324251
158.00721716880798
Setting constant concentration for Diatoms @ 200
No initial condition for this pressure gradient --> using default!
Using initial condition from ../initial_condition/initial_condition-pressure=2.00e-07.csv
Depth averaged turbulent dissipation = 0.000027
Ratio = 3559.170543
189.71584725379944
Setting constant concentration for Diatoms @ 200
No initial condition for this pressure gradient --> using default!
Using initial condition from ../initial_condition/initial_condition-pressure=2.00e-07.csv
Depth averaged turbulent dissipation = 0.000027
Ratio = 700.578276
286.03888726234436
Setting constant concentration for Diatoms @ 200
No initial condition for this pressure gradient --> using default!
Using initial condition from ../initial_condition/initial_condition-pressure=2.00e-07.csv
Depth averaged turbulent dissipation = 0.000027
Ratio = 3206.239344
202.5944766998291
Setting constant concentration for Diatoms @ 200
No initial condition for this pressure gradient --> using default!
Using initial condition from ../initial_condition/initial_condition-pressure=2.00e-07.csv
Depth averaged turbulent dissipation = 0.000027
Ratio = 14090.514868
198.9290943145752
Setting constant concentration for Diatoms @ 200
No initial condition for this pressure gradient --> using default!
Using initial condition from ../initial_condition/initial_condition-pressure=2.00e-07.csv
Depth averaged turbulent dissipation = 0.000027
Ratio = 3242.602294
166.14799904823303
Setting constant concentration for Diatoms @ 200
No initial condition for this pressure gradient --> using default!
Using initial condition from ../initial_condition/initial_condition-pressure=2.00e-07.csv
Depth averaged turbulent dissipation = 0.000027
Ratio = 28.260909
171.7692449092865
Setting constant concentration for Diatoms @ 200
No initial condition for this pressure gradient --> using default!
Using initial condition from ../initial_condition/initial_condition-pressure=2.00e-07.csv
Depth averaged turbulent dissipation = 0.000027
Ratio = 1266.658050
200.86367654800415
Setting constant concentration for Diatoms @ 200
No initial condition for this pressure gradient --> using default!
Using initial condition from ../initial_condition/initial_condition-pressure=2.00e-07.csv
Depth averaged turbulent dissipation = 0.000027
Ratio = 8207.397778
173.2020251750946
