pmax: 0.0005
ws: -1e-05
pmax: 0.0005
ws: -9.411764705882354e-06
pmax: 0.0005
ws: -8.823529411764707e-06
pmax: 0.0005
ws: -8.23529411764706e-06
pmax: 0.0005
ws: -7.647058823529413e-06
pmax: 0.0005
ws: -7.058823529411766e-06
pmax: 0.0005
ws: -6.470588235294118e-06
pmax: 0.0005
ws: -5.882352941176471e-06
pmax: 0.0005
ws: -5.294117647058824e-06
pmax: 0.0005
ws: -4.705882352941177e-06
pmax: 0.0005
ws: -4.11764705882353e-06
pmax: 0.0005
ws: -3.529411764705883e-06
pmax: 0.0005
ws: -2.941176470588235e-06
pmax: 0.0005
ws: -2.352941176470588e-06
pmax: 0.0005
ws: -1.764705882352941e-06
pmax: 0.0005
ws: -1.176470588235294e-06
pmax: 0.0005
ws: -5.88235294117647e-07
pmax: 0.0005
ws: 0.0
pmax: 0.0005
ws: 5.88235294117647e-07
pmax: 0.0005
ws: 1.176470588235294e-06
pmax: 0.0005
ws: 1.764705882352941e-06
pmax: 0.0005
ws: 2.352941176470588e-06
pmax: 0.0005
ws: 2.941176470588235e-06
pmax: 0.0005
ws: 3.529411764705882e-06
pmax: 0.0005
ws: 4.117647058823531e-06
pmax: 0.0005
ws: 4.705882352941178e-06
pmax: 0.0005
ws: 5.294117647058825e-06
pmax: 0.0005
ws: 5.882352941176472e-06
pmax: 0.0005
ws: 6.470588235294119e-06
pmax: 0.0005
ws: 7.058823529411766e-06
pmax: 0.0005
ws: 7.647058823529413e-06
pmax: 0.0005
ws: 8.23529411764706e-06
pmax: 0.0005
ws: 8.823529411764707e-06
pmax: 0.0005
ws: 9.411764705882354e-06
pmax: 0.0005
ws: 1e-05
pmax: 0.029897058823529415
ws: -1e-05
pmax: 0.029897058823529415
ws: -9.411764705882354e-06
pmax: 0.029897058823529415
ws: -8.823529411764707e-06
pmax: 0.029897058823529415
ws: -8.23529411764706e-06
pmax: 0.029897058823529415
ws: -7.647058823529413e-06
pmax: 0.029897058823529415
ws: -7.058823529411766e-06
pmax: 0.029897058823529415
ws: -6.470588235294118e-06
pmax: 0.029897058823529415
ws: -5.882352941176471e-06
pmax: 0.029897058823529415
ws: -5.294117647058824e-06
pmax: 0.029897058823529415
ws: -4.705882352941177e-06
pmax: 0.029897058823529415
ws: -4.11764705882353e-06
pmax: 0.029897058823529415
ws: -3.529411764705883e-06
pmax: 0.029897058823529415
ws: -2.941176470588235e-06
pmax: 0.029897058823529415
ws: -2.352941176470588e-06
pmax: 0.029897058823529415
ws: -1.764705882352941e-06
pmax: 0.029897058823529415
ws: -1.176470588235294e-06
pmax: 0.029897058823529415
ws: -5.88235294117647e-07
pmax: 0.029897058823529415
ws: 0.0
pmax: 0.029897058823529415
ws: 5.88235294117647e-07
pmax: 0.029897058823529415
ws: 1.176470588235294e-06
pmax: 0.029897058823529415
ws: 1.764705882352941e-06
pmax: 0.029897058823529415
ws: 2.352941176470588e-06
pmax: 0.029897058823529415
ws: 2.941176470588235e-06
pmax: 0.029897058823529415
ws: 3.529411764705882e-06
pmax: 0.029897058823529415
ws: 4.117647058823531e-06
pmax: 0.029897058823529415
ws: 4.705882352941178e-06
pmax: 0.029897058823529415
ws: 5.294117647058825e-06
pmax: 0.029897058823529415
ws: 5.882352941176472e-06
pmax: 0.029897058823529415
ws: 6.470588235294119e-06
pmax: 0.029897058823529415
ws: 7.058823529411766e-06
pmax: 0.029897058823529415
ws: 7.647058823529413e-06
pmax: 0.029897058823529415
ws: 8.23529411764706e-06
pmax: 0.029897058823529415
ws: 8.823529411764707e-06
pmax: 0.029897058823529415
ws: 9.411764705882354e-06
pmax: 0.029897058823529415
ws: 1e-05
pmax: 0.05929411764705883
ws: -1e-05
pmax: 0.05929411764705883
ws: -9.411764705882354e-06
pmax: 0.05929411764705883
ws: -8.823529411764707e-06
pmax: 0.05929411764705883
ws: -8.23529411764706e-06
pmax: 0.05929411764705883
ws: -7.647058823529413e-06
pmax: 0.05929411764705883
ws: -7.058823529411766e-06
pmax: 0.05929411764705883
ws: -6.470588235294118e-06
pmax: 0.05929411764705883
ws: -5.882352941176471e-06
pmax: 0.05929411764705883
ws: -5.294117647058824e-06
pmax: 0.05929411764705883
ws: -4.705882352941177e-06
pmax: 0.05929411764705883
ws: -4.11764705882353e-06
pmax: 0.05929411764705883
ws: -3.529411764705883e-06
pmax: 0.05929411764705883
ws: -2.941176470588235e-06
pmax: 0.05929411764705883
ws: -2.352941176470588e-06
pmax: 0.05929411764705883
ws: -1.764705882352941e-06
pmax: 0.05929411764705883
ws: -1.176470588235294e-06
pmax: 0.05929411764705883
ws: -5.88235294117647e-07
pmax: 0.05929411764705883
ws: 0.0
pmax: 0.05929411764705883
ws: 5.88235294117647e-07
pmax: 0.05929411764705883
ws: 1.176470588235294e-06
pmax: 0.05929411764705883
ws: 1.764705882352941e-06
pmax: 0.05929411764705883
ws: 2.352941176470588e-06
pmax: 0.05929411764705883
ws: 2.941176470588235e-06
pmax: 0.05929411764705883
ws: 3.529411764705882e-06
pmax: 0.05929411764705883
ws: 4.117647058823531e-06
pmax: 0.05929411764705883
ws: 4.705882352941178e-06
pmax: 0.05929411764705883
ws: 5.294117647058825e-06
pmax: 0.05929411764705883
ws: 5.882352941176472e-06
pmax: 0.05929411764705883
ws: 6.470588235294119e-06
pmax: 0.05929411764705883
ws: 7.058823529411766e-06
pmax: 0.05929411764705883
ws: 7.647058823529413e-06
pmax: 0.05929411764705883
ws: 8.23529411764706e-06
pmax: 0.05929411764705883
ws: 8.823529411764707e-06
pmax: 0.05929411764705883
ws: 9.411764705882354e-06
pmax: 0.05929411764705883
ws: 1e-05
pmax: 0.08869117647058825
ws: -1e-05
pmax: 0.08869117647058825
ws: -9.411764705882354e-06
pmax: 0.08869117647058825
ws: -8.823529411764707e-06
pmax: 0.08869117647058825
ws: -8.23529411764706e-06
pmax: 0.08869117647058825
ws: -7.647058823529413e-06
pmax: 0.08869117647058825
ws: -7.058823529411766e-06
pmax: 0.08869117647058825
ws: -6.470588235294118e-06
pmax: 0.08869117647058825
ws: -5.882352941176471e-06
pmax: 0.08869117647058825
ws: -5.294117647058824e-06
pmax: 0.08869117647058825
ws: -4.705882352941177e-06
pmax: 0.08869117647058825
ws: -4.11764705882353e-06
pmax: 0.08869117647058825
ws: -3.529411764705883e-06
pmax: 0.08869117647058825
ws: -2.941176470588235e-06
pmax: 0.08869117647058825
ws: -2.352941176470588e-06
pmax: 0.08869117647058825
ws: -1.764705882352941e-06
pmax: 0.08869117647058825
ws: -1.176470588235294e-06
pmax: 0.08869117647058825
ws: -5.88235294117647e-07
pmax: 0.08869117647058825
ws: 0.0
pmax: 0.08869117647058825
ws: 5.88235294117647e-07
pmax: 0.08869117647058825
ws: 1.176470588235294e-06
pmax: 0.08869117647058825
ws: 1.764705882352941e-06
pmax: 0.08869117647058825
ws: 2.352941176470588e-06
pmax: 0.08869117647058825
ws: 2.941176470588235e-06
pmax: 0.08869117647058825
ws: 3.529411764705882e-06
pmax: 0.08869117647058825
ws: 4.117647058823531e-06
pmax: 0.08869117647058825
ws: 4.705882352941178e-06
pmax: 0.08869117647058825
ws: 5.294117647058825e-06
pmax: 0.08869117647058825
ws: 5.882352941176472e-06
pmax: 0.08869117647058825
ws: 6.470588235294119e-06
pmax: 0.08869117647058825
ws: 7.058823529411766e-06
pmax: 0.08869117647058825
ws: 7.647058823529413e-06
pmax: 0.08869117647058825
ws: 8.23529411764706e-06
pmax: 0.08869117647058825
ws: 8.823529411764707e-06
pmax: 0.08869117647058825
ws: 9.411764705882354e-06
pmax: 0.08869117647058825
ws: 1e-05
pmax: 0.11808823529411766
ws: -1e-05
pmax: 0.11808823529411766
ws: -9.411764705882354e-06
pmax: 0.11808823529411766
ws: -8.823529411764707e-06
pmax: 0.11808823529411766
ws: -8.23529411764706e-06
pmax: 0.11808823529411766
ws: -7.647058823529413e-06
pmax: 0.11808823529411766
ws: -7.058823529411766e-06
pmax: 0.11808823529411766
ws: -6.470588235294118e-06
pmax: 0.11808823529411766
ws: -5.882352941176471e-06
pmax: 0.11808823529411766
ws: -5.294117647058824e-06
pmax: 0.11808823529411766
ws: -4.705882352941177e-06
pmax: 0.11808823529411766
ws: -4.11764705882353e-06
pmax: 0.11808823529411766
ws: -3.529411764705883e-06
pmax: 0.11808823529411766
ws: -2.941176470588235e-06
pmax: 0.11808823529411766
ws: -2.352941176470588e-06
pmax: 0.11808823529411766
ws: -1.764705882352941e-06
pmax: 0.11808823529411766
ws: -1.176470588235294e-06
pmax: 0.11808823529411766
ws: -5.88235294117647e-07
pmax: 0.11808823529411766
ws: 0.0
pmax: 0.11808823529411766
ws: 5.88235294117647e-07
pmax: 0.11808823529411766
ws: 1.176470588235294e-06
pmax: 0.11808823529411766
ws: 1.764705882352941e-06
pmax: 0.11808823529411766
ws: 2.352941176470588e-06
pmax: 0.11808823529411766
ws: 2.941176470588235e-06
pmax: 0.11808823529411766
ws: 3.529411764705882e-06
pmax: 0.11808823529411766
ws: 4.117647058823531e-06
pmax: 0.11808823529411766
ws: 4.705882352941178e-06
pmax: 0.11808823529411766
ws: 5.294117647058825e-06
pmax: 0.11808823529411766
ws: 5.882352941176472e-06
pmax: 0.11808823529411766
ws: 6.470588235294119e-06
pmax: 0.11808823529411766
ws: 7.058823529411766e-06
pmax: 0.11808823529411766
ws: 7.647058823529413e-06
pmax: 0.11808823529411766
ws: 8.23529411764706e-06
pmax: 0.11808823529411766
ws: 8.823529411764707e-06
pmax: 0.11808823529411766
ws: 9.411764705882354e-06
pmax: 0.11808823529411766
ws: 1e-05
pmax: 0.14748529411764708
ws: -1e-05
pmax: 0.14748529411764708
ws: -9.411764705882354e-06
pmax: 0.14748529411764708
ws: -8.823529411764707e-06
pmax: 0.14748529411764708
ws: -8.23529411764706e-06
pmax: 0.14748529411764708
ws: -7.647058823529413e-06
pmax: 0.14748529411764708
ws: -7.058823529411766e-06
pmax: 0.14748529411764708
ws: -6.470588235294118e-06
pmax: 0.14748529411764708
ws: -5.882352941176471e-06
pmax: 0.14748529411764708
ws: -5.294117647058824e-06
pmax: 0.14748529411764708
ws: -4.705882352941177e-06
pmax: 0.14748529411764708
ws: -4.11764705882353e-06
pmax: 0.14748529411764708
ws: -3.529411764705883e-06
pmax: 0.14748529411764708
ws: -2.941176470588235e-06
pmax: 0.14748529411764708
ws: -2.352941176470588e-06
pmax: 0.14748529411764708
ws: -1.764705882352941e-06
pmax: 0.14748529411764708
ws: -1.176470588235294e-06
pmax: 0.14748529411764708
ws: -5.88235294117647e-07
pmax: 0.14748529411764708
ws: 0.0
pmax: 0.14748529411764708
ws: 5.88235294117647e-07
pmax: 0.14748529411764708
ws: 1.176470588235294e-06
pmax: 0.14748529411764708
ws: 1.764705882352941e-06
pmax: 0.14748529411764708
ws: 2.352941176470588e-06
pmax: 0.14748529411764708
ws: 2.941176470588235e-06
pmax: 0.14748529411764708
ws: 3.529411764705882e-06
pmax: 0.14748529411764708
ws: 4.117647058823531e-06
pmax: 0.14748529411764708
ws: 4.705882352941178e-06
pmax: 0.14748529411764708
ws: 5.294117647058825e-06
pmax: 0.14748529411764708
ws: 5.882352941176472e-06
pmax: 0.14748529411764708
ws: 6.470588235294119e-06
pmax: 0.14748529411764708
ws: 7.058823529411766e-06
pmax: 0.14748529411764708
ws: 7.647058823529413e-06
pmax: 0.14748529411764708
ws: 8.23529411764706e-06
pmax: 0.14748529411764708
ws: 8.823529411764707e-06
pmax: 0.14748529411764708
ws: 9.411764705882354e-06
pmax: 0.14748529411764708
ws: 1e-05
pmax: 0.1768823529411765
ws: -1e-05
pmax: 0.1768823529411765
ws: -9.411764705882354e-06
pmax: 0.1768823529411765
ws: -8.823529411764707e-06
pmax: 0.1768823529411765
ws: -8.23529411764706e-06
pmax: 0.1768823529411765
ws: -7.647058823529413e-06
pmax: 0.1768823529411765
ws: -7.058823529411766e-06
pmax: 0.1768823529411765
ws: -6.470588235294118e-06
pmax: 0.1768823529411765
ws: -5.882352941176471e-06
pmax: 0.1768823529411765
ws: -5.294117647058824e-06
pmax: 0.1768823529411765
ws: -4.705882352941177e-06
pmax: 0.1768823529411765
ws: -4.11764705882353e-06
pmax: 0.1768823529411765
ws: -3.529411764705883e-06
pmax: 0.1768823529411765
ws: -2.941176470588235e-06
pmax: 0.1768823529411765
ws: -2.352941176470588e-06
pmax: 0.1768823529411765
ws: -1.764705882352941e-06
pmax: 0.1768823529411765
ws: -1.176470588235294e-06
pmax: 0.1768823529411765
ws: -5.88235294117647e-07
pmax: 0.1768823529411765
ws: 0.0
pmax: 0.1768823529411765
ws: 5.88235294117647e-07
pmax: 0.1768823529411765
ws: 1.176470588235294e-06
pmax: 0.1768823529411765
ws: 1.764705882352941e-06
pmax: 0.1768823529411765
ws: 2.352941176470588e-06
pmax: 0.1768823529411765
ws: 2.941176470588235e-06
pmax: 0.1768823529411765
ws: 3.529411764705882e-06
pmax: 0.1768823529411765
ws: 4.117647058823531e-06
pmax: 0.1768823529411765
ws: 4.705882352941178e-06
pmax: 0.1768823529411765
ws: 5.294117647058825e-06
pmax: 0.1768823529411765
ws: 5.882352941176472e-06
pmax: 0.1768823529411765
ws: 6.470588235294119e-06
pmax: 0.1768823529411765
ws: 7.058823529411766e-06
pmax: 0.1768823529411765
ws: 7.647058823529413e-06
pmax: 0.1768823529411765
ws: 8.23529411764706e-06
pmax: 0.1768823529411765
ws: 8.823529411764707e-06
pmax: 0.1768823529411765
ws: 9.411764705882354e-06
pmax: 0.1768823529411765
ws: 1e-05
pmax: 0.2062794117647059
ws: -1e-05
pmax: 0.2062794117647059
ws: -9.411764705882354e-06
pmax: 0.2062794117647059
ws: -8.823529411764707e-06
pmax: 0.2062794117647059
ws: -8.23529411764706e-06
pmax: 0.2062794117647059
ws: -7.647058823529413e-06
pmax: 0.2062794117647059
ws: -7.058823529411766e-06
pmax: 0.2062794117647059
ws: -6.470588235294118e-06
pmax: 0.2062794117647059
ws: -5.882352941176471e-06
pmax: 0.2062794117647059
ws: -5.294117647058824e-06
pmax: 0.2062794117647059
ws: -4.705882352941177e-06
pmax: 0.2062794117647059
ws: -4.11764705882353e-06
pmax: 0.2062794117647059
ws: -3.529411764705883e-06
pmax: 0.2062794117647059
ws: -2.941176470588235e-06
pmax: 0.2062794117647059
ws: -2.352941176470588e-06
pmax: 0.2062794117647059
ws: -1.764705882352941e-06
pmax: 0.2062794117647059
ws: -1.176470588235294e-06
pmax: 0.2062794117647059
ws: -5.88235294117647e-07
pmax: 0.2062794117647059
ws: 0.0
pmax: 0.2062794117647059
ws: 5.88235294117647e-07
pmax: 0.2062794117647059
ws: 1.176470588235294e-06
pmax: 0.2062794117647059
ws: 1.764705882352941e-06
pmax: 0.2062794117647059
ws: 2.352941176470588e-06
pmax: 0.2062794117647059
ws: 2.941176470588235e-06
pmax: 0.2062794117647059
ws: 3.529411764705882e-06
pmax: 0.2062794117647059
ws: 4.117647058823531e-06
pmax: 0.2062794117647059
ws: 4.705882352941178e-06
pmax: 0.2062794117647059
ws: 5.294117647058825e-06
pmax: 0.2062794117647059
ws: 5.882352941176472e-06
pmax: 0.2062794117647059
ws: 6.470588235294119e-06
pmax: 0.2062794117647059
ws: 7.058823529411766e-06
pmax: 0.2062794117647059
ws: 7.647058823529413e-06
pmax: 0.2062794117647059
ws: 8.23529411764706e-06
pmax: 0.2062794117647059
ws: 8.823529411764707e-06
pmax: 0.2062794117647059
ws: 9.411764705882354e-06
pmax: 0.2062794117647059
ws: 1e-05
pmax: 0.23567647058823532
ws: -1e-05
pmax: 0.23567647058823532
ws: -9.411764705882354e-06
pmax: 0.23567647058823532
ws: -8.823529411764707e-06
pmax: 0.23567647058823532
ws: -8.23529411764706e-06
pmax: 0.23567647058823532
ws: -7.647058823529413e-06
pmax: 0.23567647058823532
ws: -7.058823529411766e-06
pmax: 0.23567647058823532
ws: -6.470588235294118e-06
pmax: 0.23567647058823532
ws: -5.882352941176471e-06
pmax: 0.23567647058823532
ws: -5.294117647058824e-06
pmax: 0.23567647058823532
ws: -4.705882352941177e-06
pmax: 0.23567647058823532
ws: -4.11764705882353e-06
pmax: 0.23567647058823532
ws: -3.529411764705883e-06
pmax: 0.23567647058823532
ws: -2.941176470588235e-06
pmax: 0.23567647058823532
ws: -2.352941176470588e-06
pmax: 0.23567647058823532
ws: -1.764705882352941e-06
pmax: 0.23567647058823532
ws: -1.176470588235294e-06
pmax: 0.23567647058823532
ws: -5.88235294117647e-07
pmax: 0.23567647058823532
ws: 0.0
pmax: 0.23567647058823532
ws: 5.88235294117647e-07
pmax: 0.23567647058823532
ws: 1.176470588235294e-06
pmax: 0.23567647058823532
ws: 1.764705882352941e-06
pmax: 0.23567647058823532
ws: 2.352941176470588e-06
pmax: 0.23567647058823532
ws: 2.941176470588235e-06
pmax: 0.23567647058823532
ws: 3.529411764705882e-06
pmax: 0.23567647058823532
ws: 4.117647058823531e-06
pmax: 0.23567647058823532
ws: 4.705882352941178e-06
pmax: 0.23567647058823532
ws: 5.294117647058825e-06
pmax: 0.23567647058823532
ws: 5.882352941176472e-06
pmax: 0.23567647058823532
ws: 6.470588235294119e-06
pmax: 0.23567647058823532
ws: 7.058823529411766e-06
pmax: 0.23567647058823532
ws: 7.647058823529413e-06
pmax: 0.23567647058823532
ws: 8.23529411764706e-06
pmax: 0.23567647058823532
ws: 8.823529411764707e-06
pmax: 0.23567647058823532
ws: 9.411764705882354e-06
pmax: 0.23567647058823532
ws: 1e-05
pmax: 0.2650735294117647
ws: -1e-05
pmax: 0.2650735294117647
ws: -9.411764705882354e-06
pmax: 0.2650735294117647
ws: -8.823529411764707e-06
pmax: 0.2650735294117647
ws: -8.23529411764706e-06
pmax: 0.2650735294117647
ws: -7.647058823529413e-06
pmax: 0.2650735294117647
ws: -7.058823529411766e-06
pmax: 0.2650735294117647
ws: -6.470588235294118e-06
pmax: 0.2650735294117647
ws: -5.882352941176471e-06
pmax: 0.2650735294117647
ws: -5.294117647058824e-06
pmax: 0.2650735294117647
ws: -4.705882352941177e-06
pmax: 0.2650735294117647
ws: -4.11764705882353e-06
pmax: 0.2650735294117647
ws: -3.529411764705883e-06
pmax: 0.2650735294117647
ws: -2.941176470588235e-06
pmax: 0.2650735294117647
ws: -2.352941176470588e-06
pmax: 0.2650735294117647
ws: -1.764705882352941e-06
pmax: 0.2650735294117647
ws: -1.176470588235294e-06
pmax: 0.2650735294117647
ws: -5.88235294117647e-07
pmax: 0.2650735294117647
ws: 0.0
pmax: 0.2650735294117647
ws: 5.88235294117647e-07
pmax: 0.2650735294117647
ws: 1.176470588235294e-06
pmax: 0.2650735294117647
ws: 1.764705882352941e-06
pmax: 0.2650735294117647
ws: 2.352941176470588e-06
pmax: 0.2650735294117647
ws: 2.941176470588235e-06
pmax: 0.2650735294117647
ws: 3.529411764705882e-06
pmax: 0.2650735294117647
ws: 4.117647058823531e-06
pmax: 0.2650735294117647
ws: 4.705882352941178e-06
pmax: 0.2650735294117647
ws: 5.294117647058825e-06
pmax: 0.2650735294117647
ws: 5.882352941176472e-06
pmax: 0.2650735294117647
ws: 6.470588235294119e-06
pmax: 0.2650735294117647
ws: 7.058823529411766e-06
pmax: 0.2650735294117647
ws: 7.647058823529413e-06
pmax: 0.2650735294117647
ws: 8.23529411764706e-06
pmax: 0.2650735294117647
ws: 8.823529411764707e-06
pmax: 0.2650735294117647
ws: 9.411764705882354e-06
pmax: 0.2650735294117647
ws: 1e-05
pmax: 0.29447058823529415
ws: -1e-05
pmax: 0.29447058823529415
ws: -9.411764705882354e-06
pmax: 0.29447058823529415
ws: -8.823529411764707e-06
pmax: 0.29447058823529415
ws: -8.23529411764706e-06
pmax: 0.29447058823529415
ws: -7.647058823529413e-06
pmax: 0.29447058823529415
ws: -7.058823529411766e-06
pmax: 0.29447058823529415
ws: -6.470588235294118e-06
pmax: 0.29447058823529415
ws: -5.882352941176471e-06
pmax: 0.29447058823529415
ws: -5.294117647058824e-06
pmax: 0.29447058823529415
ws: -4.705882352941177e-06
pmax: 0.29447058823529415
ws: -4.11764705882353e-06
pmax: 0.29447058823529415
ws: -3.529411764705883e-06
pmax: 0.29447058823529415
ws: -2.941176470588235e-06
pmax: 0.29447058823529415
ws: -2.352941176470588e-06
pmax: 0.29447058823529415
ws: -1.764705882352941e-06
pmax: 0.29447058823529415
ws: -1.176470588235294e-06
pmax: 0.29447058823529415
ws: -5.88235294117647e-07
pmax: 0.29447058823529415
ws: 0.0
pmax: 0.29447058823529415
ws: 5.88235294117647e-07
pmax: 0.29447058823529415
ws: 1.176470588235294e-06
pmax: 0.29447058823529415
ws: 1.764705882352941e-06
pmax: 0.29447058823529415
ws: 2.352941176470588e-06
pmax: 0.29447058823529415
ws: 2.941176470588235e-06
pmax: 0.29447058823529415
ws: 3.529411764705882e-06
pmax: 0.29447058823529415
ws: 4.117647058823531e-06
pmax: 0.29447058823529415
ws: 4.705882352941178e-06
pmax: 0.29447058823529415
ws: 5.294117647058825e-06
pmax: 0.29447058823529415
ws: 5.882352941176472e-06
pmax: 0.29447058823529415
ws: 6.470588235294119e-06
pmax: 0.29447058823529415
ws: 7.058823529411766e-06
pmax: 0.29447058823529415
ws: 7.647058823529413e-06
pmax: 0.29447058823529415
ws: 8.23529411764706e-06
pmax: 0.29447058823529415
ws: 8.823529411764707e-06
pmax: 0.29447058823529415
ws: 9.411764705882354e-06
pmax: 0.29447058823529415
ws: 1e-05
pmax: 0.3238676470588236
ws: -1e-05
pmax: 0.3238676470588236
ws: -9.411764705882354e-06
pmax: 0.3238676470588236
ws: -8.823529411764707e-06
pmax: 0.3238676470588236
ws: -8.23529411764706e-06
pmax: 0.3238676470588236
ws: -7.647058823529413e-06
pmax: 0.3238676470588236
ws: -7.058823529411766e-06
pmax: 0.3238676470588236
ws: -6.470588235294118e-06
pmax: 0.3238676470588236
ws: -5.882352941176471e-06
pmax: 0.3238676470588236
ws: -5.294117647058824e-06
pmax: 0.3238676470588236
ws: -4.705882352941177e-06
pmax: 0.3238676470588236
ws: -4.11764705882353e-06
pmax: 0.3238676470588236
ws: -3.529411764705883e-06
pmax: 0.3238676470588236
ws: -2.941176470588235e-06
pmax: 0.3238676470588236
ws: -2.352941176470588e-06
pmax: 0.3238676470588236
ws: -1.764705882352941e-06
pmax: 0.3238676470588236
ws: -1.176470588235294e-06
pmax: 0.3238676470588236
ws: -5.88235294117647e-07
pmax: 0.3238676470588236
ws: 0.0
pmax: 0.3238676470588236
ws: 5.88235294117647e-07
pmax: 0.3238676470588236
ws: 1.176470588235294e-06
pmax: 0.3238676470588236
ws: 1.764705882352941e-06
pmax: 0.3238676470588236
ws: 2.352941176470588e-06
pmax: 0.3238676470588236
ws: 2.941176470588235e-06
pmax: 0.3238676470588236
ws: 3.529411764705882e-06
pmax: 0.3238676470588236
ws: 4.117647058823531e-06
pmax: 0.3238676470588236
ws: 4.705882352941178e-06
pmax: 0.3238676470588236
ws: 5.294117647058825e-06
pmax: 0.3238676470588236
ws: 5.882352941176472e-06
pmax: 0.3238676470588236
ws: 6.470588235294119e-06
pmax: 0.3238676470588236
ws: 7.058823529411766e-06
pmax: 0.3238676470588236
ws: 7.647058823529413e-06
pmax: 0.3238676470588236
ws: 8.23529411764706e-06
pmax: 0.3238676470588236
ws: 8.823529411764707e-06
pmax: 0.3238676470588236
ws: 9.411764705882354e-06
pmax: 0.3238676470588236
ws: 1e-05
pmax: 0.353264705882353
ws: -1e-05
pmax: 0.353264705882353
ws: -9.411764705882354e-06
pmax: 0.353264705882353
ws: -8.823529411764707e-06
pmax: 0.353264705882353
ws: -8.23529411764706e-06
pmax: 0.353264705882353
ws: -7.647058823529413e-06
pmax: 0.353264705882353
ws: -7.058823529411766e-06
pmax: 0.353264705882353
ws: -6.470588235294118e-06
pmax: 0.353264705882353
ws: -5.882352941176471e-06
pmax: 0.353264705882353
ws: -5.294117647058824e-06
pmax: 0.353264705882353
ws: -4.705882352941177e-06
pmax: 0.353264705882353
ws: -4.11764705882353e-06
pmax: 0.353264705882353
ws: -3.529411764705883e-06
pmax: 0.353264705882353
ws: -2.941176470588235e-06
pmax: 0.353264705882353
ws: -2.352941176470588e-06
pmax: 0.353264705882353
ws: -1.764705882352941e-06
pmax: 0.353264705882353
ws: -1.176470588235294e-06
pmax: 0.353264705882353
ws: -5.88235294117647e-07
pmax: 0.353264705882353
ws: 0.0
pmax: 0.353264705882353
ws: 5.88235294117647e-07
pmax: 0.353264705882353
ws: 1.176470588235294e-06
pmax: 0.353264705882353
ws: 1.764705882352941e-06
pmax: 0.353264705882353
ws: 2.352941176470588e-06
pmax: 0.353264705882353
ws: 2.941176470588235e-06
pmax: 0.353264705882353
ws: 3.529411764705882e-06
pmax: 0.353264705882353
ws: 4.117647058823531e-06
pmax: 0.353264705882353
ws: 4.705882352941178e-06
pmax: 0.353264705882353
ws: 5.294117647058825e-06
pmax: 0.353264705882353
ws: 5.882352941176472e-06
pmax: 0.353264705882353
ws: 6.470588235294119e-06
pmax: 0.353264705882353
ws: 7.058823529411766e-06
pmax: 0.353264705882353
ws: 7.647058823529413e-06
pmax: 0.353264705882353
ws: 8.23529411764706e-06
pmax: 0.353264705882353
ws: 8.823529411764707e-06
pmax: 0.353264705882353
ws: 9.411764705882354e-06
pmax: 0.353264705882353
ws: 1e-05
pmax: 0.38266176470588237
ws: -1e-05
pmax: 0.38266176470588237
ws: -9.411764705882354e-06
pmax: 0.38266176470588237
ws: -8.823529411764707e-06
pmax: 0.38266176470588237
ws: -8.23529411764706e-06
pmax: 0.38266176470588237
ws: -7.647058823529413e-06
pmax: 0.38266176470588237
ws: -7.058823529411766e-06
pmax: 0.38266176470588237
ws: -6.470588235294118e-06
pmax: 0.38266176470588237
ws: -5.882352941176471e-06
pmax: 0.38266176470588237
ws: -5.294117647058824e-06
pmax: 0.38266176470588237
ws: -4.705882352941177e-06
pmax: 0.38266176470588237
ws: -4.11764705882353e-06
pmax: 0.38266176470588237
ws: -3.529411764705883e-06
pmax: 0.38266176470588237
ws: -2.941176470588235e-06
pmax: 0.38266176470588237
ws: -2.352941176470588e-06
pmax: 0.38266176470588237
ws: -1.764705882352941e-06
pmax: 0.38266176470588237
ws: -1.176470588235294e-06
pmax: 0.38266176470588237
ws: -5.88235294117647e-07
pmax: 0.38266176470588237
ws: 0.0
pmax: 0.38266176470588237
ws: 5.88235294117647e-07
pmax: 0.38266176470588237
ws: 1.176470588235294e-06
pmax: 0.38266176470588237
ws: 1.764705882352941e-06
pmax: 0.38266176470588237
ws: 2.352941176470588e-06
pmax: 0.38266176470588237
ws: 2.941176470588235e-06
pmax: 0.38266176470588237
ws: 3.529411764705882e-06
pmax: 0.38266176470588237
ws: 4.117647058823531e-06
pmax: 0.38266176470588237
ws: 4.705882352941178e-06
pmax: 0.38266176470588237
ws: 5.294117647058825e-06
pmax: 0.38266176470588237
ws: 5.882352941176472e-06
pmax: 0.38266176470588237
ws: 6.470588235294119e-06
pmax: 0.38266176470588237
ws: 7.058823529411766e-06
pmax: 0.38266176470588237
ws: 7.647058823529413e-06
pmax: 0.38266176470588237
ws: 8.23529411764706e-06
pmax: 0.38266176470588237
ws: 8.823529411764707e-06
pmax: 0.38266176470588237
ws: 9.411764705882354e-06
pmax: 0.38266176470588237
ws: 1e-05
pmax: 0.4120588235294118
ws: -1e-05
pmax: 0.4120588235294118
ws: -9.411764705882354e-06
pmax: 0.4120588235294118
ws: -8.823529411764707e-06
pmax: 0.4120588235294118
ws: -8.23529411764706e-06
pmax: 0.4120588235294118
ws: -7.647058823529413e-06
pmax: 0.4120588235294118
ws: -7.058823529411766e-06
pmax: 0.4120588235294118
ws: -6.470588235294118e-06
pmax: 0.4120588235294118
ws: -5.882352941176471e-06
pmax: 0.4120588235294118
ws: -5.294117647058824e-06
pmax: 0.4120588235294118
ws: -4.705882352941177e-06
pmax: 0.4120588235294118
ws: -4.11764705882353e-06
pmax: 0.4120588235294118
ws: -3.529411764705883e-06
pmax: 0.4120588235294118
ws: -2.941176470588235e-06
pmax: 0.4120588235294118
ws: -2.352941176470588e-06
pmax: 0.4120588235294118
ws: -1.764705882352941e-06
pmax: 0.4120588235294118
ws: -1.176470588235294e-06
pmax: 0.4120588235294118
ws: -5.88235294117647e-07
pmax: 0.4120588235294118
ws: 0.0
pmax: 0.4120588235294118
ws: 5.88235294117647e-07
pmax: 0.4120588235294118
ws: 1.176470588235294e-06
pmax: 0.4120588235294118
ws: 1.764705882352941e-06
pmax: 0.4120588235294118
ws: 2.352941176470588e-06
pmax: 0.4120588235294118
ws: 2.941176470588235e-06
pmax: 0.4120588235294118
ws: 3.529411764705882e-06
pmax: 0.4120588235294118
ws: 4.117647058823531e-06
pmax: 0.4120588235294118
ws: 4.705882352941178e-06
pmax: 0.4120588235294118
ws: 5.294117647058825e-06
pmax: 0.4120588235294118
ws: 5.882352941176472e-06
pmax: 0.4120588235294118
ws: 6.470588235294119e-06
pmax: 0.4120588235294118
ws: 7.058823529411766e-06
pmax: 0.4120588235294118
ws: 7.647058823529413e-06
pmax: 0.4120588235294118
ws: 8.23529411764706e-06
pmax: 0.4120588235294118
ws: 8.823529411764707e-06
pmax: 0.4120588235294118
ws: 9.411764705882354e-06
pmax: 0.4120588235294118
ws: 1e-05
pmax: 0.44145588235294125
ws: -1e-05
pmax: 0.44145588235294125
ws: -9.411764705882354e-06
pmax: 0.44145588235294125
ws: -8.823529411764707e-06
pmax: 0.44145588235294125
ws: -8.23529411764706e-06
pmax: 0.44145588235294125
ws: -7.647058823529413e-06
pmax: 0.44145588235294125
ws: -7.058823529411766e-06
pmax: 0.44145588235294125
ws: -6.470588235294118e-06
pmax: 0.44145588235294125
ws: -5.882352941176471e-06
pmax: 0.44145588235294125
ws: -5.294117647058824e-06
pmax: 0.44145588235294125
ws: -4.705882352941177e-06
pmax: 0.44145588235294125
ws: -4.11764705882353e-06
pmax: 0.44145588235294125
ws: -3.529411764705883e-06
pmax: 0.44145588235294125
ws: -2.941176470588235e-06
pmax: 0.44145588235294125
ws: -2.352941176470588e-06
pmax: 0.44145588235294125
ws: -1.764705882352941e-06
pmax: 0.44145588235294125
ws: -1.176470588235294e-06
pmax: 0.44145588235294125
ws: -5.88235294117647e-07
pmax: 0.44145588235294125
ws: 0.0
pmax: 0.44145588235294125
ws: 5.88235294117647e-07
pmax: 0.44145588235294125
ws: 1.176470588235294e-06
pmax: 0.44145588235294125
ws: 1.764705882352941e-06
pmax: 0.44145588235294125
ws: 2.352941176470588e-06
pmax: 0.44145588235294125
ws: 2.941176470588235e-06
pmax: 0.44145588235294125
ws: 3.529411764705882e-06
pmax: 0.44145588235294125
ws: 4.117647058823531e-06
pmax: 0.44145588235294125
ws: 4.705882352941178e-06
pmax: 0.44145588235294125
ws: 5.294117647058825e-06
pmax: 0.44145588235294125
ws: 5.882352941176472e-06
pmax: 0.44145588235294125
ws: 6.470588235294119e-06
pmax: 0.44145588235294125
ws: 7.058823529411766e-06
pmax: 0.44145588235294125
ws: 7.647058823529413e-06
pmax: 0.44145588235294125
ws: 8.23529411764706e-06
pmax: 0.44145588235294125
ws: 8.823529411764707e-06
pmax: 0.44145588235294125
ws: 9.411764705882354e-06
pmax: 0.44145588235294125
ws: 1e-05
pmax: 0.47085294117647064
ws: -1e-05
pmax: 0.47085294117647064
ws: -9.411764705882354e-06
pmax: 0.47085294117647064
ws: -8.823529411764707e-06
pmax: 0.47085294117647064
ws: -8.23529411764706e-06
pmax: 0.47085294117647064
ws: -7.647058823529413e-06
pmax: 0.47085294117647064
ws: -7.058823529411766e-06
pmax: 0.47085294117647064
ws: -6.470588235294118e-06
pmax: 0.47085294117647064
ws: -5.882352941176471e-06
pmax: 0.47085294117647064
ws: -5.294117647058824e-06
pmax: 0.47085294117647064
ws: -4.705882352941177e-06
pmax: 0.47085294117647064
ws: -4.11764705882353e-06
pmax: 0.47085294117647064
ws: -3.529411764705883e-06
pmax: 0.47085294117647064
ws: -2.941176470588235e-06
pmax: 0.47085294117647064
ws: -2.352941176470588e-06
pmax: 0.47085294117647064
ws: -1.764705882352941e-06
pmax: 0.47085294117647064
ws: -1.176470588235294e-06
pmax: 0.47085294117647064
ws: -5.88235294117647e-07
pmax: 0.47085294117647064
ws: 0.0
pmax: 0.47085294117647064
ws: 5.88235294117647e-07
pmax: 0.47085294117647064
ws: 1.176470588235294e-06
pmax: 0.47085294117647064
ws: 1.764705882352941e-06
pmax: 0.47085294117647064
ws: 2.352941176470588e-06
pmax: 0.47085294117647064
ws: 2.941176470588235e-06
pmax: 0.47085294117647064
ws: 3.529411764705882e-06
pmax: 0.47085294117647064
ws: 4.117647058823531e-06
pmax: 0.47085294117647064
ws: 4.705882352941178e-06
pmax: 0.47085294117647064
ws: 5.294117647058825e-06
pmax: 0.47085294117647064
ws: 5.882352941176472e-06
pmax: 0.47085294117647064
ws: 6.470588235294119e-06
pmax: 0.47085294117647064
ws: 7.058823529411766e-06
pmax: 0.47085294117647064
ws: 7.647058823529413e-06
pmax: 0.47085294117647064
ws: 8.23529411764706e-06
pmax: 0.47085294117647064
ws: 8.823529411764707e-06
pmax: 0.47085294117647064
ws: 9.411764705882354e-06
pmax: 0.47085294117647064
ws: 1e-05
pmax: 0.50025
ws: -1e-05
pmax: 0.50025
ws: -9.411764705882354e-06
pmax: 0.50025
ws: -8.823529411764707e-06
pmax: 0.50025
ws: -8.23529411764706e-06
pmax: 0.50025
ws: -7.647058823529413e-06
pmax: 0.50025
ws: -7.058823529411766e-06
pmax: 0.50025
ws: -6.470588235294118e-06
pmax: 0.50025
ws: -5.882352941176471e-06
pmax: 0.50025
ws: -5.294117647058824e-06
pmax: 0.50025
ws: -4.705882352941177e-06
pmax: 0.50025
ws: -4.11764705882353e-06
pmax: 0.50025
ws: -3.529411764705883e-06
pmax: 0.50025
ws: -2.941176470588235e-06
pmax: 0.50025
ws: -2.352941176470588e-06
pmax: 0.50025
ws: -1.764705882352941e-06
pmax: 0.50025
ws: -1.176470588235294e-06
pmax: 0.50025
ws: -5.88235294117647e-07
pmax: 0.50025
ws: 0.0
pmax: 0.50025
ws: 5.88235294117647e-07
pmax: 0.50025
ws: 1.176470588235294e-06
pmax: 0.50025
ws: 1.764705882352941e-06
pmax: 0.50025
ws: 2.352941176470588e-06
pmax: 0.50025
ws: 2.941176470588235e-06
pmax: 0.50025
ws: 3.529411764705882e-06
pmax: 0.50025
ws: 4.117647058823531e-06
pmax: 0.50025
ws: 4.705882352941178e-06
pmax: 0.50025
ws: 5.294117647058825e-06
pmax: 0.50025
ws: 5.882352941176472e-06
pmax: 0.50025
ws: 6.470588235294119e-06
pmax: 0.50025
ws: 7.058823529411766e-06
pmax: 0.50025
ws: 7.647058823529413e-06
pmax: 0.50025
ws: 8.23529411764706e-06
pmax: 0.50025
ws: 8.823529411764707e-06
pmax: 0.50025
ws: 9.411764705882354e-06
pmax: 0.50025
ws: 1e-05
pmax: 0.5296470588235294
ws: -1e-05
pmax: 0.5296470588235294
ws: -9.411764705882354e-06
pmax: 0.5296470588235294
ws: -8.823529411764707e-06
pmax: 0.5296470588235294
ws: -8.23529411764706e-06
pmax: 0.5296470588235294
ws: -7.647058823529413e-06
pmax: 0.5296470588235294
ws: -7.058823529411766e-06
pmax: 0.5296470588235294
ws: -6.470588235294118e-06
pmax: 0.5296470588235294
ws: -5.882352941176471e-06
pmax: 0.5296470588235294
ws: -5.294117647058824e-06
pmax: 0.5296470588235294
ws: -4.705882352941177e-06
pmax: 0.5296470588235294
ws: -4.11764705882353e-06
pmax: 0.5296470588235294
ws: -3.529411764705883e-06
pmax: 0.5296470588235294
ws: -2.941176470588235e-06
pmax: 0.5296470588235294
ws: -2.352941176470588e-06
pmax: 0.5296470588235294
ws: -1.764705882352941e-06
pmax: 0.5296470588235294
ws: -1.176470588235294e-06
pmax: 0.5296470588235294
ws: -5.88235294117647e-07
pmax: 0.5296470588235294
ws: 0.0
pmax: 0.5296470588235294
ws: 5.88235294117647e-07
pmax: 0.5296470588235294
ws: 1.176470588235294e-06
pmax: 0.5296470588235294
ws: 1.764705882352941e-06
pmax: 0.5296470588235294
ws: 2.352941176470588e-06
pmax: 0.5296470588235294
ws: 2.941176470588235e-06
pmax: 0.5296470588235294
ws: 3.529411764705882e-06
pmax: 0.5296470588235294
ws: 4.117647058823531e-06
pmax: 0.5296470588235294
ws: 4.705882352941178e-06
pmax: 0.5296470588235294
ws: 5.294117647058825e-06
pmax: 0.5296470588235294
ws: 5.882352941176472e-06
pmax: 0.5296470588235294
ws: 6.470588235294119e-06
pmax: 0.5296470588235294
ws: 7.058823529411766e-06
pmax: 0.5296470588235294
ws: 7.647058823529413e-06
pmax: 0.5296470588235294
ws: 8.23529411764706e-06
pmax: 0.5296470588235294
ws: 8.823529411764707e-06
pmax: 0.5296470588235294
ws: 9.411764705882354e-06
pmax: 0.5296470588235294
ws: 1e-05
pmax: 0.5590441176470589
ws: -1e-05
pmax: 0.5590441176470589
ws: -9.411764705882354e-06
pmax: 0.5590441176470589
ws: -8.823529411764707e-06
pmax: 0.5590441176470589
ws: -8.23529411764706e-06
pmax: 0.5590441176470589
ws: -7.647058823529413e-06
pmax: 0.5590441176470589
ws: -7.058823529411766e-06
pmax: 0.5590441176470589
ws: -6.470588235294118e-06
pmax: 0.5590441176470589
ws: -5.882352941176471e-06
pmax: 0.5590441176470589
ws: -5.294117647058824e-06
pmax: 0.5590441176470589
ws: -4.705882352941177e-06
pmax: 0.5590441176470589
ws: -4.11764705882353e-06
pmax: 0.5590441176470589
ws: -3.529411764705883e-06
pmax: 0.5590441176470589
ws: -2.941176470588235e-06
pmax: 0.5590441176470589
ws: -2.352941176470588e-06
pmax: 0.5590441176470589
ws: -1.764705882352941e-06
pmax: 0.5590441176470589
ws: -1.176470588235294e-06
pmax: 0.5590441176470589
ws: -5.88235294117647e-07
pmax: 0.5590441176470589
ws: 0.0
pmax: 0.5590441176470589
ws: 5.88235294117647e-07
pmax: 0.5590441176470589
ws: 1.176470588235294e-06
pmax: 0.5590441176470589
ws: 1.764705882352941e-06
pmax: 0.5590441176470589
ws: 2.352941176470588e-06
pmax: 0.5590441176470589
ws: 2.941176470588235e-06
pmax: 0.5590441176470589
ws: 3.529411764705882e-06
pmax: 0.5590441176470589
ws: 4.117647058823531e-06
pmax: 0.5590441176470589
ws: 4.705882352941178e-06
pmax: 0.5590441176470589
ws: 5.294117647058825e-06
pmax: 0.5590441176470589
ws: 5.882352941176472e-06
pmax: 0.5590441176470589
ws: 6.470588235294119e-06
pmax: 0.5590441176470589
ws: 7.058823529411766e-06
pmax: 0.5590441176470589
ws: 7.647058823529413e-06
pmax: 0.5590441176470589
ws: 8.23529411764706e-06
pmax: 0.5590441176470589
ws: 8.823529411764707e-06
pmax: 0.5590441176470589
ws: 9.411764705882354e-06
pmax: 0.5590441176470589
ws: 1e-05
pmax: 0.5884411764705882
ws: -1e-05
pmax: 0.5884411764705882
ws: -9.411764705882354e-06
pmax: 0.5884411764705882
ws: -8.823529411764707e-06
pmax: 0.5884411764705882
ws: -8.23529411764706e-06
pmax: 0.5884411764705882
ws: -7.647058823529413e-06
pmax: 0.5884411764705882
ws: -7.058823529411766e-06
pmax: 0.5884411764705882
ws: -6.470588235294118e-06
pmax: 0.5884411764705882
ws: -5.882352941176471e-06
pmax: 0.5884411764705882
ws: -5.294117647058824e-06
pmax: 0.5884411764705882
ws: -4.705882352941177e-06
pmax: 0.5884411764705882
ws: -4.11764705882353e-06
pmax: 0.5884411764705882
ws: -3.529411764705883e-06
pmax: 0.5884411764705882
ws: -2.941176470588235e-06
pmax: 0.5884411764705882
ws: -2.352941176470588e-06
pmax: 0.5884411764705882
ws: -1.764705882352941e-06
pmax: 0.5884411764705882
ws: -1.176470588235294e-06
pmax: 0.5884411764705882
ws: -5.88235294117647e-07
pmax: 0.5884411764705882
ws: 0.0
pmax: 0.5884411764705882
ws: 5.88235294117647e-07
pmax: 0.5884411764705882
ws: 1.176470588235294e-06
pmax: 0.5884411764705882
ws: 1.764705882352941e-06
pmax: 0.5884411764705882
ws: 2.352941176470588e-06
pmax: 0.5884411764705882
ws: 2.941176470588235e-06
pmax: 0.5884411764705882
ws: 3.529411764705882e-06
pmax: 0.5884411764705882
ws: 4.117647058823531e-06
pmax: 0.5884411764705882
ws: 4.705882352941178e-06
pmax: 0.5884411764705882
ws: 5.294117647058825e-06
pmax: 0.5884411764705882
ws: 5.882352941176472e-06
pmax: 0.5884411764705882
ws: 6.470588235294119e-06
pmax: 0.5884411764705882
ws: 7.058823529411766e-06
pmax: 0.5884411764705882
ws: 7.647058823529413e-06
pmax: 0.5884411764705882
ws: 8.23529411764706e-06
pmax: 0.5884411764705882
ws: 8.823529411764707e-06
pmax: 0.5884411764705882
ws: 9.411764705882354e-06
pmax: 0.5884411764705882
ws: 1e-05
pmax: 0.6178382352941176
ws: -1e-05
pmax: 0.6178382352941176
ws: -9.411764705882354e-06
pmax: 0.6178382352941176
ws: -8.823529411764707e-06
pmax: 0.6178382352941176
ws: -8.23529411764706e-06
pmax: 0.6178382352941176
ws: -7.647058823529413e-06
pmax: 0.6178382352941176
ws: -7.058823529411766e-06
pmax: 0.6178382352941176
ws: -6.470588235294118e-06
pmax: 0.6178382352941176
ws: -5.882352941176471e-06
pmax: 0.6178382352941176
ws: -5.294117647058824e-06
pmax: 0.6178382352941176
ws: -4.705882352941177e-06
pmax: 0.6178382352941176
ws: -4.11764705882353e-06
pmax: 0.6178382352941176
ws: -3.529411764705883e-06
pmax: 0.6178382352941176
ws: -2.941176470588235e-06
pmax: 0.6178382352941176
ws: -2.352941176470588e-06
pmax: 0.6178382352941176
ws: -1.764705882352941e-06
pmax: 0.6178382352941176
ws: -1.176470588235294e-06
pmax: 0.6178382352941176
ws: -5.88235294117647e-07
pmax: 0.6178382352941176
ws: 0.0
pmax: 0.6178382352941176
ws: 5.88235294117647e-07
pmax: 0.6178382352941176
ws: 1.176470588235294e-06
pmax: 0.6178382352941176
ws: 1.764705882352941e-06
pmax: 0.6178382352941176
ws: 2.352941176470588e-06
pmax: 0.6178382352941176
ws: 2.941176470588235e-06
pmax: 0.6178382352941176
ws: 3.529411764705882e-06
pmax: 0.6178382352941176
ws: 4.117647058823531e-06
pmax: 0.6178382352941176
ws: 4.705882352941178e-06
pmax: 0.6178382352941176
ws: 5.294117647058825e-06
pmax: 0.6178382352941176
ws: 5.882352941176472e-06
pmax: 0.6178382352941176
ws: 6.470588235294119e-06
pmax: 0.6178382352941176
ws: 7.058823529411766e-06
pmax: 0.6178382352941176
ws: 7.647058823529413e-06
pmax: 0.6178382352941176
ws: 8.23529411764706e-06
pmax: 0.6178382352941176
ws: 8.823529411764707e-06
pmax: 0.6178382352941176
ws: 9.411764705882354e-06
pmax: 0.6178382352941176
ws: 1e-05
pmax: 0.6472352941176471
ws: -1e-05
pmax: 0.6472352941176471
ws: -9.411764705882354e-06
pmax: 0.6472352941176471
ws: -8.823529411764707e-06
pmax: 0.6472352941176471
ws: -8.23529411764706e-06
pmax: 0.6472352941176471
ws: -7.647058823529413e-06
pmax: 0.6472352941176471
ws: -7.058823529411766e-06
pmax: 0.6472352941176471
ws: -6.470588235294118e-06
pmax: 0.6472352941176471
ws: -5.882352941176471e-06
pmax: 0.6472352941176471
ws: -5.294117647058824e-06
pmax: 0.6472352941176471
ws: -4.705882352941177e-06
pmax: 0.6472352941176471
ws: -4.11764705882353e-06
pmax: 0.6472352941176471
ws: -3.529411764705883e-06
pmax: 0.6472352941176471
ws: -2.941176470588235e-06
pmax: 0.6472352941176471
ws: -2.352941176470588e-06
pmax: 0.6472352941176471
ws: -1.764705882352941e-06
pmax: 0.6472352941176471
ws: -1.176470588235294e-06
pmax: 0.6472352941176471
ws: -5.88235294117647e-07
pmax: 0.6472352941176471
ws: 0.0
pmax: 0.6472352941176471
ws: 5.88235294117647e-07
pmax: 0.6472352941176471
ws: 1.176470588235294e-06
pmax: 0.6472352941176471
ws: 1.764705882352941e-06
pmax: 0.6472352941176471
ws: 2.352941176470588e-06
pmax: 0.6472352941176471
ws: 2.941176470588235e-06
pmax: 0.6472352941176471
ws: 3.529411764705882e-06
pmax: 0.6472352941176471
ws: 4.117647058823531e-06
pmax: 0.6472352941176471
ws: 4.705882352941178e-06
pmax: 0.6472352941176471
ws: 5.294117647058825e-06
pmax: 0.6472352941176471
ws: 5.882352941176472e-06
pmax: 0.6472352941176471
ws: 6.470588235294119e-06
pmax: 0.6472352941176471
ws: 7.058823529411766e-06
pmax: 0.6472352941176471
ws: 7.647058823529413e-06
pmax: 0.6472352941176471
ws: 8.23529411764706e-06
pmax: 0.6472352941176471
ws: 8.823529411764707e-06
pmax: 0.6472352941176471
ws: 9.411764705882354e-06
pmax: 0.6472352941176471
ws: 1e-05
pmax: 0.6766323529411765
ws: -1e-05
pmax: 0.6766323529411765
ws: -9.411764705882354e-06
pmax: 0.6766323529411765
ws: -8.823529411764707e-06
pmax: 0.6766323529411765
ws: -8.23529411764706e-06
pmax: 0.6766323529411765
ws: -7.647058823529413e-06
pmax: 0.6766323529411765
ws: -7.058823529411766e-06
pmax: 0.6766323529411765
ws: -6.470588235294118e-06
pmax: 0.6766323529411765
ws: -5.882352941176471e-06
pmax: 0.6766323529411765
ws: -5.294117647058824e-06
pmax: 0.6766323529411765
ws: -4.705882352941177e-06
pmax: 0.6766323529411765
ws: -4.11764705882353e-06
pmax: 0.6766323529411765
ws: -3.529411764705883e-06
pmax: 0.6766323529411765
ws: -2.941176470588235e-06
pmax: 0.6766323529411765
ws: -2.352941176470588e-06
pmax: 0.6766323529411765
ws: -1.764705882352941e-06
pmax: 0.6766323529411765
ws: -1.176470588235294e-06
pmax: 0.6766323529411765
ws: -5.88235294117647e-07
pmax: 0.6766323529411765
ws: 0.0
pmax: 0.6766323529411765
ws: 5.88235294117647e-07
pmax: 0.6766323529411765
ws: 1.176470588235294e-06
pmax: 0.6766323529411765
ws: 1.764705882352941e-06
pmax: 0.6766323529411765
ws: 2.352941176470588e-06
pmax: 0.6766323529411765
ws: 2.941176470588235e-06
pmax: 0.6766323529411765
ws: 3.529411764705882e-06
pmax: 0.6766323529411765
ws: 4.117647058823531e-06
pmax: 0.6766323529411765
ws: 4.705882352941178e-06
pmax: 0.6766323529411765
ws: 5.294117647058825e-06
pmax: 0.6766323529411765
ws: 5.882352941176472e-06
pmax: 0.6766323529411765
ws: 6.470588235294119e-06
pmax: 0.6766323529411765
ws: 7.058823529411766e-06
pmax: 0.6766323529411765
ws: 7.647058823529413e-06
pmax: 0.6766323529411765
ws: 8.23529411764706e-06
pmax: 0.6766323529411765
ws: 8.823529411764707e-06
pmax: 0.6766323529411765
ws: 9.411764705882354e-06
pmax: 0.6766323529411765
ws: 1e-05
pmax: 0.7060294117647059
ws: -1e-05
pmax: 0.7060294117647059
ws: -9.411764705882354e-06
pmax: 0.7060294117647059
ws: -8.823529411764707e-06
pmax: 0.7060294117647059
ws: -8.23529411764706e-06
pmax: 0.7060294117647059
ws: -7.647058823529413e-06
pmax: 0.7060294117647059
ws: -7.058823529411766e-06
pmax: 0.7060294117647059
ws: -6.470588235294118e-06
pmax: 0.7060294117647059
ws: -5.882352941176471e-06
pmax: 0.7060294117647059
ws: -5.294117647058824e-06
pmax: 0.7060294117647059
ws: -4.705882352941177e-06
pmax: 0.7060294117647059
ws: -4.11764705882353e-06
pmax: 0.7060294117647059
ws: -3.529411764705883e-06
pmax: 0.7060294117647059
ws: -2.941176470588235e-06
pmax: 0.7060294117647059
ws: -2.352941176470588e-06
pmax: 0.7060294117647059
ws: -1.764705882352941e-06
pmax: 0.7060294117647059
ws: -1.176470588235294e-06
pmax: 0.7060294117647059
ws: -5.88235294117647e-07
pmax: 0.7060294117647059
ws: 0.0
pmax: 0.7060294117647059
ws: 5.88235294117647e-07
pmax: 0.7060294117647059
ws: 1.176470588235294e-06
pmax: 0.7060294117647059
ws: 1.764705882352941e-06
pmax: 0.7060294117647059
ws: 2.352941176470588e-06
pmax: 0.7060294117647059
ws: 2.941176470588235e-06
pmax: 0.7060294117647059
ws: 3.529411764705882e-06
pmax: 0.7060294117647059
ws: 4.117647058823531e-06
pmax: 0.7060294117647059
ws: 4.705882352941178e-06
pmax: 0.7060294117647059
ws: 5.294117647058825e-06
pmax: 0.7060294117647059
ws: 5.882352941176472e-06
pmax: 0.7060294117647059
ws: 6.470588235294119e-06
pmax: 0.7060294117647059
ws: 7.058823529411766e-06
pmax: 0.7060294117647059
ws: 7.647058823529413e-06
pmax: 0.7060294117647059
ws: 8.23529411764706e-06
pmax: 0.7060294117647059
ws: 8.823529411764707e-06
pmax: 0.7060294117647059
ws: 9.411764705882354e-06
pmax: 0.7060294117647059
ws: 1e-05
pmax: 0.7354264705882353
ws: -1e-05
pmax: 0.7354264705882353
ws: -9.411764705882354e-06
pmax: 0.7354264705882353
ws: -8.823529411764707e-06
pmax: 0.7354264705882353
ws: -8.23529411764706e-06
pmax: 0.7354264705882353
ws: -7.647058823529413e-06
pmax: 0.7354264705882353
ws: -7.058823529411766e-06
pmax: 0.7354264705882353
ws: -6.470588235294118e-06
pmax: 0.7354264705882353
ws: -5.882352941176471e-06
pmax: 0.7354264705882353
ws: -5.294117647058824e-06
pmax: 0.7354264705882353
ws: -4.705882352941177e-06
pmax: 0.7354264705882353
ws: -4.11764705882353e-06
pmax: 0.7354264705882353
ws: -3.529411764705883e-06
pmax: 0.7354264705882353
ws: -2.941176470588235e-06
pmax: 0.7354264705882353
ws: -2.352941176470588e-06
pmax: 0.7354264705882353
ws: -1.764705882352941e-06
pmax: 0.7354264705882353
ws: -1.176470588235294e-06
pmax: 0.7354264705882353
ws: -5.88235294117647e-07
pmax: 0.7354264705882353
ws: 0.0
pmax: 0.7354264705882353
ws: 5.88235294117647e-07
pmax: 0.7354264705882353
ws: 1.176470588235294e-06
pmax: 0.7354264705882353
ws: 1.764705882352941e-06
pmax: 0.7354264705882353
ws: 2.352941176470588e-06
pmax: 0.7354264705882353
ws: 2.941176470588235e-06
pmax: 0.7354264705882353
ws: 3.529411764705882e-06
pmax: 0.7354264705882353
ws: 4.117647058823531e-06
pmax: 0.7354264705882353
ws: 4.705882352941178e-06
pmax: 0.7354264705882353
ws: 5.294117647058825e-06
pmax: 0.7354264705882353
ws: 5.882352941176472e-06
pmax: 0.7354264705882353
ws: 6.470588235294119e-06
pmax: 0.7354264705882353
ws: 7.058823529411766e-06
pmax: 0.7354264705882353
ws: 7.647058823529413e-06
pmax: 0.7354264705882353
ws: 8.23529411764706e-06
pmax: 0.7354264705882353
ws: 8.823529411764707e-06
pmax: 0.7354264705882353
ws: 9.411764705882354e-06
pmax: 0.7354264705882353
ws: 1e-05
pmax: 0.7648235294117647
ws: -1e-05
pmax: 0.7648235294117647
ws: -9.411764705882354e-06
pmax: 0.7648235294117647
ws: -8.823529411764707e-06
pmax: 0.7648235294117647
ws: -8.23529411764706e-06
pmax: 0.7648235294117647
ws: -7.647058823529413e-06
pmax: 0.7648235294117647
ws: -7.058823529411766e-06
pmax: 0.7648235294117647
ws: -6.470588235294118e-06
pmax: 0.7648235294117647
ws: -5.882352941176471e-06
pmax: 0.7648235294117647
ws: -5.294117647058824e-06
pmax: 0.7648235294117647
ws: -4.705882352941177e-06
pmax: 0.7648235294117647
ws: -4.11764705882353e-06
pmax: 0.7648235294117647
ws: -3.529411764705883e-06
pmax: 0.7648235294117647
ws: -2.941176470588235e-06
pmax: 0.7648235294117647
ws: -2.352941176470588e-06
pmax: 0.7648235294117647
ws: -1.764705882352941e-06
pmax: 0.7648235294117647
ws: -1.176470588235294e-06
pmax: 0.7648235294117647
ws: -5.88235294117647e-07
pmax: 0.7648235294117647
ws: 0.0
pmax: 0.7648235294117647
ws: 5.88235294117647e-07
pmax: 0.7648235294117647
ws: 1.176470588235294e-06
pmax: 0.7648235294117647
ws: 1.764705882352941e-06
pmax: 0.7648235294117647
ws: 2.352941176470588e-06
pmax: 0.7648235294117647
ws: 2.941176470588235e-06
pmax: 0.7648235294117647
ws: 3.529411764705882e-06
pmax: 0.7648235294117647
ws: 4.117647058823531e-06
pmax: 0.7648235294117647
ws: 4.705882352941178e-06
pmax: 0.7648235294117647
ws: 5.294117647058825e-06
pmax: 0.7648235294117647
ws: 5.882352941176472e-06
pmax: 0.7648235294117647
ws: 6.470588235294119e-06
pmax: 0.7648235294117647
ws: 7.058823529411766e-06
pmax: 0.7648235294117647
ws: 7.647058823529413e-06
pmax: 0.7648235294117647
ws: 8.23529411764706e-06
pmax: 0.7648235294117647
ws: 8.823529411764707e-06
pmax: 0.7648235294117647
ws: 9.411764705882354e-06
pmax: 0.7648235294117647
ws: 1e-05
pmax: 0.7942205882352942
ws: -1e-05
pmax: 0.7942205882352942
ws: -9.411764705882354e-06
pmax: 0.7942205882352942
ws: -8.823529411764707e-06
pmax: 0.7942205882352942
ws: -8.23529411764706e-06
pmax: 0.7942205882352942
ws: -7.647058823529413e-06
pmax: 0.7942205882352942
ws: -7.058823529411766e-06
pmax: 0.7942205882352942
ws: -6.470588235294118e-06
pmax: 0.7942205882352942
ws: -5.882352941176471e-06
pmax: 0.7942205882352942
ws: -5.294117647058824e-06
pmax: 0.7942205882352942
ws: -4.705882352941177e-06
pmax: 0.7942205882352942
ws: -4.11764705882353e-06
pmax: 0.7942205882352942
ws: -3.529411764705883e-06
pmax: 0.7942205882352942
ws: -2.941176470588235e-06
pmax: 0.7942205882352942
ws: -2.352941176470588e-06
pmax: 0.7942205882352942
ws: -1.764705882352941e-06
pmax: 0.7942205882352942
ws: -1.176470588235294e-06
pmax: 0.7942205882352942
ws: -5.88235294117647e-07
pmax: 0.7942205882352942
ws: 0.0
pmax: 0.7942205882352942
ws: 5.88235294117647e-07
pmax: 0.7942205882352942
ws: 1.176470588235294e-06
pmax: 0.7942205882352942
ws: 1.764705882352941e-06
pmax: 0.7942205882352942
ws: 2.352941176470588e-06
pmax: 0.7942205882352942
ws: 2.941176470588235e-06
pmax: 0.7942205882352942
ws: 3.529411764705882e-06
pmax: 0.7942205882352942
ws: 4.117647058823531e-06
pmax: 0.7942205882352942
ws: 4.705882352941178e-06
pmax: 0.7942205882352942
ws: 5.294117647058825e-06
pmax: 0.7942205882352942
ws: 5.882352941176472e-06
pmax: 0.7942205882352942
ws: 6.470588235294119e-06
pmax: 0.7942205882352942
ws: 7.058823529411766e-06
pmax: 0.7942205882352942
ws: 7.647058823529413e-06
pmax: 0.7942205882352942
ws: 8.23529411764706e-06
pmax: 0.7942205882352942
ws: 8.823529411764707e-06
pmax: 0.7942205882352942
ws: 9.411764705882354e-06
pmax: 0.7942205882352942
ws: 1e-05
pmax: 0.8236176470588236
ws: -1e-05
pmax: 0.8236176470588236
ws: -9.411764705882354e-06
pmax: 0.8236176470588236
ws: -8.823529411764707e-06
pmax: 0.8236176470588236
ws: -8.23529411764706e-06
pmax: 0.8236176470588236
ws: -7.647058823529413e-06
pmax: 0.8236176470588236
ws: -7.058823529411766e-06
pmax: 0.8236176470588236
ws: -6.470588235294118e-06
pmax: 0.8236176470588236
ws: -5.882352941176471e-06
pmax: 0.8236176470588236
ws: -5.294117647058824e-06
pmax: 0.8236176470588236
ws: -4.705882352941177e-06
pmax: 0.8236176470588236
ws: -4.11764705882353e-06
pmax: 0.8236176470588236
ws: -3.529411764705883e-06
pmax: 0.8236176470588236
ws: -2.941176470588235e-06
pmax: 0.8236176470588236
ws: -2.352941176470588e-06
pmax: 0.8236176470588236
ws: -1.764705882352941e-06
pmax: 0.8236176470588236
ws: -1.176470588235294e-06
pmax: 0.8236176470588236
ws: -5.88235294117647e-07
pmax: 0.8236176470588236
ws: 0.0
pmax: 0.8236176470588236
ws: 5.88235294117647e-07
pmax: 0.8236176470588236
ws: 1.176470588235294e-06
pmax: 0.8236176470588236
ws: 1.764705882352941e-06
pmax: 0.8236176470588236
ws: 2.352941176470588e-06
pmax: 0.8236176470588236
ws: 2.941176470588235e-06
pmax: 0.8236176470588236
ws: 3.529411764705882e-06
pmax: 0.8236176470588236
ws: 4.117647058823531e-06
pmax: 0.8236176470588236
ws: 4.705882352941178e-06
pmax: 0.8236176470588236
ws: 5.294117647058825e-06
pmax: 0.8236176470588236
ws: 5.882352941176472e-06
pmax: 0.8236176470588236
ws: 6.470588235294119e-06
pmax: 0.8236176470588236
ws: 7.058823529411766e-06
pmax: 0.8236176470588236
ws: 7.647058823529413e-06
pmax: 0.8236176470588236
ws: 8.23529411764706e-06
pmax: 0.8236176470588236
ws: 8.823529411764707e-06
pmax: 0.8236176470588236
ws: 9.411764705882354e-06
pmax: 0.8236176470588236
ws: 1e-05
pmax: 0.853014705882353
ws: -1e-05
pmax: 0.853014705882353
ws: -9.411764705882354e-06
pmax: 0.853014705882353
ws: -8.823529411764707e-06
pmax: 0.853014705882353
ws: -8.23529411764706e-06
pmax: 0.853014705882353
ws: -7.647058823529413e-06
pmax: 0.853014705882353
ws: -7.058823529411766e-06
pmax: 0.853014705882353
ws: -6.470588235294118e-06
pmax: 0.853014705882353
ws: -5.882352941176471e-06
pmax: 0.853014705882353
ws: -5.294117647058824e-06
pmax: 0.853014705882353
ws: -4.705882352941177e-06
pmax: 0.853014705882353
ws: -4.11764705882353e-06
pmax: 0.853014705882353
ws: -3.529411764705883e-06
pmax: 0.853014705882353
ws: -2.941176470588235e-06
pmax: 0.853014705882353
ws: -2.352941176470588e-06
pmax: 0.853014705882353
ws: -1.764705882352941e-06
pmax: 0.853014705882353
ws: -1.176470588235294e-06
pmax: 0.853014705882353
ws: -5.88235294117647e-07
pmax: 0.853014705882353
ws: 0.0
pmax: 0.853014705882353
ws: 5.88235294117647e-07
pmax: 0.853014705882353
ws: 1.176470588235294e-06
pmax: 0.853014705882353
ws: 1.764705882352941e-06
pmax: 0.853014705882353
ws: 2.352941176470588e-06
pmax: 0.853014705882353
ws: 2.941176470588235e-06
pmax: 0.853014705882353
ws: 3.529411764705882e-06
pmax: 0.853014705882353
ws: 4.117647058823531e-06
pmax: 0.853014705882353
ws: 4.705882352941178e-06
pmax: 0.853014705882353
ws: 5.294117647058825e-06
pmax: 0.853014705882353
ws: 5.882352941176472e-06
pmax: 0.853014705882353
ws: 6.470588235294119e-06
pmax: 0.853014705882353
ws: 7.058823529411766e-06
pmax: 0.853014705882353
ws: 7.647058823529413e-06
pmax: 0.853014705882353
ws: 8.23529411764706e-06
pmax: 0.853014705882353
ws: 8.823529411764707e-06
pmax: 0.853014705882353
ws: 9.411764705882354e-06
pmax: 0.853014705882353
ws: 1e-05
pmax: 0.8824117647058825
ws: -1e-05
pmax: 0.8824117647058825
ws: -9.411764705882354e-06
pmax: 0.8824117647058825
ws: -8.823529411764707e-06
pmax: 0.8824117647058825
ws: -8.23529411764706e-06
pmax: 0.8824117647058825
ws: -7.647058823529413e-06
pmax: 0.8824117647058825
ws: -7.058823529411766e-06
pmax: 0.8824117647058825
ws: -6.470588235294118e-06
pmax: 0.8824117647058825
ws: -5.882352941176471e-06
pmax: 0.8824117647058825
ws: -5.294117647058824e-06
pmax: 0.8824117647058825
ws: -4.705882352941177e-06
pmax: 0.8824117647058825
ws: -4.11764705882353e-06
pmax: 0.8824117647058825
ws: -3.529411764705883e-06
pmax: 0.8824117647058825
ws: -2.941176470588235e-06
pmax: 0.8824117647058825
ws: -2.352941176470588e-06
pmax: 0.8824117647058825
ws: -1.764705882352941e-06
pmax: 0.8824117647058825
ws: -1.176470588235294e-06
pmax: 0.8824117647058825
ws: -5.88235294117647e-07
pmax: 0.8824117647058825
ws: 0.0
pmax: 0.8824117647058825
ws: 5.88235294117647e-07
pmax: 0.8824117647058825
ws: 1.176470588235294e-06
pmax: 0.8824117647058825
ws: 1.764705882352941e-06
pmax: 0.8824117647058825
ws: 2.352941176470588e-06
pmax: 0.8824117647058825
ws: 2.941176470588235e-06
pmax: 0.8824117647058825
ws: 3.529411764705882e-06
pmax: 0.8824117647058825
ws: 4.117647058823531e-06
pmax: 0.8824117647058825
ws: 4.705882352941178e-06
pmax: 0.8824117647058825
ws: 5.294117647058825e-06
pmax: 0.8824117647058825
ws: 5.882352941176472e-06
pmax: 0.8824117647058825
ws: 6.470588235294119e-06
pmax: 0.8824117647058825
ws: 7.058823529411766e-06
pmax: 0.8824117647058825
ws: 7.647058823529413e-06
pmax: 0.8824117647058825
ws: 8.23529411764706e-06
pmax: 0.8824117647058825
ws: 8.823529411764707e-06
pmax: 0.8824117647058825
ws: 9.411764705882354e-06
pmax: 0.8824117647058825
ws: 1e-05
pmax: 0.9118088235294118
ws: -1e-05
pmax: 0.9118088235294118
ws: -9.411764705882354e-06
pmax: 0.9118088235294118
ws: -8.823529411764707e-06
pmax: 0.9118088235294118
ws: -8.23529411764706e-06
pmax: 0.9118088235294118
ws: -7.647058823529413e-06
pmax: 0.9118088235294118
ws: -7.058823529411766e-06
pmax: 0.9118088235294118
ws: -6.470588235294118e-06
pmax: 0.9118088235294118
ws: -5.882352941176471e-06
pmax: 0.9118088235294118
ws: -5.294117647058824e-06
pmax: 0.9118088235294118
ws: -4.705882352941177e-06
pmax: 0.9118088235294118
ws: -4.11764705882353e-06
pmax: 0.9118088235294118
ws: -3.529411764705883e-06
pmax: 0.9118088235294118
ws: -2.941176470588235e-06
pmax: 0.9118088235294118
ws: -2.352941176470588e-06
pmax: 0.9118088235294118
ws: -1.764705882352941e-06
pmax: 0.9118088235294118
ws: -1.176470588235294e-06
pmax: 0.9118088235294118
ws: -5.88235294117647e-07
pmax: 0.9118088235294118
ws: 0.0
pmax: 0.9118088235294118
ws: 5.88235294117647e-07
pmax: 0.9118088235294118
ws: 1.176470588235294e-06
pmax: 0.9118088235294118
ws: 1.764705882352941e-06
pmax: 0.9118088235294118
ws: 2.352941176470588e-06
pmax: 0.9118088235294118
ws: 2.941176470588235e-06
pmax: 0.9118088235294118
ws: 3.529411764705882e-06
pmax: 0.9118088235294118
ws: 4.117647058823531e-06
pmax: 0.9118088235294118
ws: 4.705882352941178e-06
pmax: 0.9118088235294118
ws: 5.294117647058825e-06
pmax: 0.9118088235294118
ws: 5.882352941176472e-06
pmax: 0.9118088235294118
ws: 6.470588235294119e-06
pmax: 0.9118088235294118
ws: 7.058823529411766e-06
pmax: 0.9118088235294118
ws: 7.647058823529413e-06
pmax: 0.9118088235294118
ws: 8.23529411764706e-06
pmax: 0.9118088235294118
ws: 8.823529411764707e-06
pmax: 0.9118088235294118
ws: 9.411764705882354e-06
pmax: 0.9118088235294118
ws: 1e-05
pmax: 0.9412058823529412
ws: -1e-05
pmax: 0.9412058823529412
ws: -9.411764705882354e-06
pmax: 0.9412058823529412
ws: -8.823529411764707e-06
pmax: 0.9412058823529412
ws: -8.23529411764706e-06
pmax: 0.9412058823529412
ws: -7.647058823529413e-06
pmax: 0.9412058823529412
ws: -7.058823529411766e-06
pmax: 0.9412058823529412
ws: -6.470588235294118e-06
pmax: 0.9412058823529412
ws: -5.882352941176471e-06
pmax: 0.9412058823529412
ws: -5.294117647058824e-06
pmax: 0.9412058823529412
ws: -4.705882352941177e-06
pmax: 0.9412058823529412
ws: -4.11764705882353e-06
pmax: 0.9412058823529412
ws: -3.529411764705883e-06
pmax: 0.9412058823529412
ws: -2.941176470588235e-06
pmax: 0.9412058823529412
ws: -2.352941176470588e-06
pmax: 0.9412058823529412
ws: -1.764705882352941e-06
pmax: 0.9412058823529412
ws: -1.176470588235294e-06
pmax: 0.9412058823529412
ws: -5.88235294117647e-07
pmax: 0.9412058823529412
ws: 0.0
pmax: 0.9412058823529412
ws: 5.88235294117647e-07
pmax: 0.9412058823529412
ws: 1.176470588235294e-06
pmax: 0.9412058823529412
ws: 1.764705882352941e-06
pmax: 0.9412058823529412
ws: 2.352941176470588e-06
pmax: 0.9412058823529412
ws: 2.941176470588235e-06
pmax: 0.9412058823529412
ws: 3.529411764705882e-06
pmax: 0.9412058823529412
ws: 4.117647058823531e-06
pmax: 0.9412058823529412
ws: 4.705882352941178e-06
pmax: 0.9412058823529412
ws: 5.294117647058825e-06
pmax: 0.9412058823529412
ws: 5.882352941176472e-06
pmax: 0.9412058823529412
ws: 6.470588235294119e-06
pmax: 0.9412058823529412
ws: 7.058823529411766e-06
pmax: 0.9412058823529412
ws: 7.647058823529413e-06
pmax: 0.9412058823529412
ws: 8.23529411764706e-06
pmax: 0.9412058823529412
ws: 8.823529411764707e-06
pmax: 0.9412058823529412
ws: 9.411764705882354e-06
pmax: 0.9412058823529412
ws: 1e-05
pmax: 0.9706029411764706
ws: -1e-05
pmax: 0.9706029411764706
ws: -9.411764705882354e-06
pmax: 0.9706029411764706
ws: -8.823529411764707e-06
pmax: 0.9706029411764706
ws: -8.23529411764706e-06
pmax: 0.9706029411764706
ws: -7.647058823529413e-06
pmax: 0.9706029411764706
ws: -7.058823529411766e-06
pmax: 0.9706029411764706
ws: -6.470588235294118e-06
pmax: 0.9706029411764706
ws: -5.882352941176471e-06
pmax: 0.9706029411764706
ws: -5.294117647058824e-06
pmax: 0.9706029411764706
ws: -4.705882352941177e-06
pmax: 0.9706029411764706
ws: -4.11764705882353e-06
pmax: 0.9706029411764706
ws: -3.529411764705883e-06
pmax: 0.9706029411764706
ws: -2.941176470588235e-06
pmax: 0.9706029411764706
ws: -2.352941176470588e-06
pmax: 0.9706029411764706
ws: -1.764705882352941e-06
pmax: 0.9706029411764706
ws: -1.176470588235294e-06
pmax: 0.9706029411764706
ws: -5.88235294117647e-07
pmax: 0.9706029411764706
ws: 0.0
pmax: 0.9706029411764706
ws: 5.88235294117647e-07
pmax: 0.9706029411764706
ws: 1.176470588235294e-06
pmax: 0.9706029411764706
ws: 1.764705882352941e-06
pmax: 0.9706029411764706
ws: 2.352941176470588e-06
pmax: 0.9706029411764706
ws: 2.941176470588235e-06
pmax: 0.9706029411764706
ws: 3.529411764705882e-06
pmax: 0.9706029411764706
ws: 4.117647058823531e-06
pmax: 0.9706029411764706
ws: 4.705882352941178e-06
pmax: 0.9706029411764706
ws: 5.294117647058825e-06
pmax: 0.9706029411764706
ws: 5.882352941176472e-06
pmax: 0.9706029411764706
ws: 6.470588235294119e-06
pmax: 0.9706029411764706
ws: 7.058823529411766e-06
pmax: 0.9706029411764706
ws: 7.647058823529413e-06
pmax: 0.9706029411764706
ws: 8.23529411764706e-06
pmax: 0.9706029411764706
ws: 8.823529411764707e-06
pmax: 0.9706029411764706
ws: 9.411764705882354e-06
pmax: 0.9706029411764706
ws: 1e-05
pmax: 1.0
ws: -1e-05
pmax: 1.0
ws: -9.411764705882354e-06
pmax: 1.0
ws: -8.823529411764707e-06
pmax: 1.0
ws: -8.23529411764706e-06
pmax: 1.0
ws: -7.647058823529413e-06
pmax: 1.0
ws: -7.058823529411766e-06
pmax: 1.0
ws: -6.470588235294118e-06
pmax: 1.0
ws: -5.882352941176471e-06
pmax: 1.0
ws: -5.294117647058824e-06
pmax: 1.0
ws: -4.705882352941177e-06
pmax: 1.0
ws: -4.11764705882353e-06
pmax: 1.0
ws: -3.529411764705883e-06
pmax: 1.0
ws: -2.941176470588235e-06
pmax: 1.0
ws: -2.352941176470588e-06
pmax: 1.0
ws: -1.764705882352941e-06
pmax: 1.0
ws: -1.176470588235294e-06
pmax: 1.0
ws: -5.88235294117647e-07
pmax: 1.0
ws: 0.0
pmax: 1.0
ws: 5.88235294117647e-07
pmax: 1.0
ws: 1.176470588235294e-06
pmax: 1.0
ws: 1.764705882352941e-06
pmax: 1.0
ws: 2.352941176470588e-06
pmax: 1.0
ws: 2.941176470588235e-06
pmax: 1.0
ws: 3.529411764705882e-06
pmax: 1.0
ws: 4.117647058823531e-06
pmax: 1.0
ws: 4.705882352941178e-06
pmax: 1.0
ws: 5.294117647058825e-06
pmax: 1.0
ws: 5.882352941176472e-06
pmax: 1.0
ws: 6.470588235294119e-06
pmax: 1.0
ws: 7.058823529411766e-06
pmax: 1.0
ws: 7.647058823529413e-06
pmax: 1.0
ws: 8.23529411764706e-06
pmax: 1.0
ws: 8.823529411764707e-06
pmax: 1.0
ws: 9.411764705882354e-06
pmax: 1.0
ws: 1e-05
pmax: 0.0005
ws: -1e-05
pmax: 0.0005
ws: -7.777777777777777e-06
pmax: 0.0005
ws: -5.555555555555556e-06
pmax: 0.0005
ws: -3.3333333333333333e-06
pmax: 0.0005
ws: -1.1111111111111108e-06
pmax: 0.0005
ws: 1.1111111111111108e-06
pmax: 0.0005
ws: 3.333333333333334e-06
pmax: 0.0005
ws: 5.5555555555555575e-06
pmax: 0.0005
ws: 7.77777777777778e-06
pmax: 0.0005
ws: 1e-05
pmax: 0.11155555555555556
ws: -1e-05
pmax: 0.11155555555555556
ws: -7.777777777777777e-06
pmax: 0.11155555555555556
ws: -5.555555555555556e-06
pmax: 0.11155555555555556
ws: -3.3333333333333333e-06
pmax: 0.11155555555555556
ws: -1.1111111111111108e-06
pmax: 0.11155555555555556
ws: 1.1111111111111108e-06
pmax: 0.11155555555555556
ws: 3.333333333333334e-06
pmax: 0.11155555555555556
ws: 5.5555555555555575e-06
pmax: 0.11155555555555556
ws: 7.77777777777778e-06
pmax: 0.11155555555555556
ws: 1e-05
pmax: 0.22261111111111112
ws: -1e-05
pmax: 0.22261111111111112
ws: -7.777777777777777e-06
pmax: 0.22261111111111112
ws: -5.555555555555556e-06
pmax: 0.22261111111111112
ws: -3.3333333333333333e-06
pmax: 0.22261111111111112
ws: -1.1111111111111108e-06
pmax: 0.22261111111111112
ws: 1.1111111111111108e-06
pmax: 0.22261111111111112
ws: 3.333333333333334e-06
pmax: 0.22261111111111112
ws: 5.5555555555555575e-06
pmax: 0.22261111111111112
ws: 7.77777777777778e-06
pmax: 0.22261111111111112
ws: 1e-05
pmax: 0.33366666666666667
ws: -1e-05
pmax: 0.33366666666666667
ws: -7.777777777777777e-06
pmax: 0.33366666666666667
ws: -5.555555555555556e-06
pmax: 0.33366666666666667
ws: -3.3333333333333333e-06
pmax: 0.33366666666666667
ws: -1.1111111111111108e-06
pmax: 0.33366666666666667
ws: 1.1111111111111108e-06
pmax: 0.33366666666666667
ws: 3.333333333333334e-06
pmax: 0.33366666666666667
ws: 5.5555555555555575e-06
pmax: 0.33366666666666667
ws: 7.77777777777778e-06
pmax: 0.33366666666666667
ws: 1e-05
pmax: 0.44472222222222224
ws: -1e-05
pmax: 0.44472222222222224
ws: -7.777777777777777e-06
pmax: 0.44472222222222224
ws: -5.555555555555556e-06
pmax: 0.44472222222222224
ws: -3.3333333333333333e-06
pmax: 0.44472222222222224
ws: -1.1111111111111108e-06
pmax: 0.44472222222222224
ws: 1.1111111111111108e-06
pmax: 0.44472222222222224
ws: 3.333333333333334e-06
pmax: 0.44472222222222224
ws: 5.5555555555555575e-06
pmax: 0.44472222222222224
ws: 7.77777777777778e-06
pmax: 0.44472222222222224
ws: 1e-05
pmax: 0.5557777777777777
ws: -1e-05
pmax: 0.5557777777777777
ws: -7.777777777777777e-06
pmax: 0.5557777777777777
ws: -5.555555555555556e-06
pmax: 0.5557777777777777
ws: -3.3333333333333333e-06
pmax: 0.5557777777777777
ws: -1.1111111111111108e-06
pmax: 0.5557777777777777
ws: 1.1111111111111108e-06
pmax: 0.5557777777777777
ws: 3.333333333333334e-06
pmax: 0.5557777777777777
ws: 5.5555555555555575e-06
pmax: 0.5557777777777777
ws: 7.77777777777778e-06
pmax: 0.5557777777777777
ws: 1e-05
pmax: 0.6668333333333333
ws: -1e-05
pmax: 0.6668333333333333
ws: -7.777777777777777e-06
pmax: 0.6668333333333333
ws: -5.555555555555556e-06
pmax: 0.6668333333333333
ws: -3.3333333333333333e-06
pmax: 0.6668333333333333
ws: -1.1111111111111108e-06
pmax: 0.6668333333333333
ws: 1.1111111111111108e-06
pmax: 0.6668333333333333
ws: 3.333333333333334e-06
pmax: 0.6668333333333333
ws: 5.5555555555555575e-06
pmax: 0.6668333333333333
ws: 7.77777777777778e-06
pmax: 0.6668333333333333
ws: 1e-05
pmax: 0.7778888888888889
ws: -1e-05
pmax: 0.7778888888888889
ws: -7.777777777777777e-06
pmax: 0.7778888888888889
ws: -5.555555555555556e-06
pmax: 0.7778888888888889
ws: -3.3333333333333333e-06
pmax: 0.7778888888888889
ws: -1.1111111111111108e-06
pmax: 0.7778888888888889
ws: 1.1111111111111108e-06
pmax: 0.7778888888888889
ws: 3.333333333333334e-06
pmax: 0.7778888888888889
ws: 5.5555555555555575e-06
pmax: 0.7778888888888889
ws: 7.77777777777778e-06
pmax: 0.7778888888888889
ws: 1e-05
pmax: 0.8889444444444444
ws: -1e-05
pmax: 0.8889444444444444
ws: -7.777777777777777e-06
pmax: 0.8889444444444444
ws: -5.555555555555556e-06
pmax: 0.8889444444444444
ws: -3.3333333333333333e-06
pmax: 0.8889444444444444
ws: -1.1111111111111108e-06
pmax: 0.8889444444444444
ws: 1.1111111111111108e-06
pmax: 0.8889444444444444
ws: 3.333333333333334e-06
pmax: 0.8889444444444444
ws: 5.5555555555555575e-06
pmax: 0.8889444444444444
ws: 7.77777777777778e-06
pmax: 0.8889444444444444
ws: 1e-05
pmax: 1.0
ws: -1e-05
pmax: 1.0
ws: -7.777777777777777e-06
pmax: 1.0
ws: -5.555555555555556e-06
pmax: 1.0
ws: -3.3333333333333333e-06
pmax: 1.0
ws: -1.1111111111111108e-06
pmax: 1.0
ws: 1.1111111111111108e-06
pmax: 1.0
ws: 3.333333333333334e-06
pmax: 1.0
ws: 5.5555555555555575e-06
pmax: 1.0
ws: 7.77777777777778e-06
pmax: 1.0
ws: 1e-05
pmax: 0.0005
ws: -1e-05
pmax: 0.0005
ws: -9.166666666666668e-06
pmax: 0.0005
ws: -8.333333333333334e-06
pmax: 0.0005
ws: -7.500000000000001e-06
pmax: 0.0005
ws: -6.666666666666667e-06
pmax: 0.0005
ws: -5.833333333333334e-06
pmax: 0.0005
ws: -5e-06
pmax: 0.0005
ws: -4.166666666666667e-06
pmax: 0.0005
ws: -3.3333333333333333e-06
pmax: 0.0005
ws: -2.4999999999999998e-06
pmax: 0.0005
ws: -1.666666666666667e-06
pmax: 0.0005
ws: -8.333333333333327e-07
pmax: 0.0005
ws: 0.0
pmax: 0.0005
ws: 8.333333333333344e-07
pmax: 0.0005
ws: 1.666666666666667e-06
pmax: 0.0005
ws: 2.5000000000000015e-06
pmax: 0.0005
ws: 3.333333333333334e-06
pmax: 0.0005
ws: 4.166666666666667e-06
pmax: 0.0005
ws: 5.000000000000001e-06
pmax: 0.0005
ws: 5.833333333333336e-06
pmax: 0.0005
ws: 6.666666666666667e-06
pmax: 0.0005
ws: 7.500000000000001e-06
pmax: 0.0005
ws: 8.333333333333335e-06
pmax: 0.0005
ws: 9.16666666666667e-06
pmax: 0.0005
ws: 1e-05
pmax: 0.0213125
ws: -1e-05
pmax: 0.0213125
ws: -9.166666666666668e-06
pmax: 0.0213125
ws: -8.333333333333334e-06
pmax: 0.0213125
ws: -7.500000000000001e-06
pmax: 0.0213125
ws: -6.666666666666667e-06
pmax: 0.0213125
ws: -5.833333333333334e-06
pmax: 0.0213125
ws: -5e-06
pmax: 0.0213125
ws: -4.166666666666667e-06
pmax: 0.0213125
ws: -3.3333333333333333e-06
pmax: 0.0213125
ws: -2.4999999999999998e-06
pmax: 0.0213125
ws: -1.666666666666667e-06
pmax: 0.0213125
ws: -8.333333333333327e-07
pmax: 0.0213125
ws: 0.0
pmax: 0.0213125
ws: 8.333333333333344e-07
pmax: 0.0213125
ws: 1.666666666666667e-06
pmax: 0.0213125
ws: 2.5000000000000015e-06
pmax: 0.0213125
ws: 3.333333333333334e-06
pmax: 0.0213125
ws: 4.166666666666667e-06
pmax: 0.0213125
ws: 5.000000000000001e-06
pmax: 0.0213125
ws: 5.833333333333336e-06
pmax: 0.0213125
ws: 6.666666666666667e-06
pmax: 0.0213125
ws: 7.500000000000001e-06
pmax: 0.0213125
ws: 8.333333333333335e-06
pmax: 0.0213125
ws: 9.16666666666667e-06
pmax: 0.0213125
ws: 1e-05
pmax: 0.042125
ws: -1e-05
pmax: 0.042125
ws: -9.166666666666668e-06
pmax: 0.042125
ws: -8.333333333333334e-06
pmax: 0.042125
ws: -7.500000000000001e-06
pmax: 0.042125
ws: -6.666666666666667e-06
pmax: 0.042125
ws: -5.833333333333334e-06
pmax: 0.042125
ws: -5e-06
pmax: 0.042125
ws: -4.166666666666667e-06
pmax: 0.042125
ws: -3.3333333333333333e-06
pmax: 0.042125
ws: -2.4999999999999998e-06
pmax: 0.042125
ws: -1.666666666666667e-06
pmax: 0.042125
ws: -8.333333333333327e-07
pmax: 0.042125
ws: 0.0
pmax: 0.042125
ws: 8.333333333333344e-07
pmax: 0.042125
ws: 1.666666666666667e-06
pmax: 0.042125
ws: 2.5000000000000015e-06
pmax: 0.042125
ws: 3.333333333333334e-06
pmax: 0.042125
ws: 4.166666666666667e-06
pmax: 0.042125
ws: 5.000000000000001e-06
pmax: 0.042125
ws: 5.833333333333336e-06
pmax: 0.042125
ws: 6.666666666666667e-06
pmax: 0.042125
ws: 7.500000000000001e-06
pmax: 0.042125
ws: 8.333333333333335e-06
pmax: 0.042125
ws: 9.16666666666667e-06
pmax: 0.042125
ws: 1e-05
pmax: 0.06293750000000001
ws: -1e-05
pmax: 0.06293750000000001
ws: -9.166666666666668e-06
pmax: 0.06293750000000001
ws: -8.333333333333334e-06
pmax: 0.06293750000000001
ws: -7.500000000000001e-06
pmax: 0.06293750000000001
ws: -6.666666666666667e-06
pmax: 0.06293750000000001
ws: -5.833333333333334e-06
pmax: 0.06293750000000001
ws: -5e-06
pmax: 0.06293750000000001
ws: -4.166666666666667e-06
pmax: 0.06293750000000001
ws: -3.3333333333333333e-06
pmax: 0.06293750000000001
ws: -2.4999999999999998e-06
pmax: 0.06293750000000001
ws: -1.666666666666667e-06
pmax: 0.06293750000000001
ws: -8.333333333333327e-07
pmax: 0.06293750000000001
ws: 0.0
pmax: 0.06293750000000001
ws: 8.333333333333344e-07
pmax: 0.06293750000000001
ws: 1.666666666666667e-06
pmax: 0.06293750000000001
ws: 2.5000000000000015e-06
pmax: 0.06293750000000001
ws: 3.333333333333334e-06
pmax: 0.06293750000000001
ws: 4.166666666666667e-06
pmax: 0.06293750000000001
ws: 5.000000000000001e-06
pmax: 0.06293750000000001
ws: 5.833333333333336e-06
pmax: 0.06293750000000001
ws: 6.666666666666667e-06
pmax: 0.06293750000000001
ws: 7.500000000000001e-06
pmax: 0.06293750000000001
ws: 8.333333333333335e-06
pmax: 0.06293750000000001
ws: 9.16666666666667e-06
pmax: 0.06293750000000001
ws: 1e-05
pmax: 0.08375
ws: -1e-05
pmax: 0.08375
ws: -9.166666666666668e-06
pmax: 0.08375
ws: -8.333333333333334e-06
pmax: 0.08375
ws: -7.500000000000001e-06
pmax: 0.08375
ws: -6.666666666666667e-06
pmax: 0.08375
ws: -5.833333333333334e-06
pmax: 0.08375
ws: -5e-06
pmax: 0.08375
ws: -4.166666666666667e-06
pmax: 0.08375
ws: -3.3333333333333333e-06
pmax: 0.08375
ws: -2.4999999999999998e-06
pmax: 0.08375
ws: -1.666666666666667e-06
pmax: 0.08375
ws: -8.333333333333327e-07
pmax: 0.08375
ws: 0.0
pmax: 0.08375
ws: 8.333333333333344e-07
pmax: 0.08375
ws: 1.666666666666667e-06
pmax: 0.08375
ws: 2.5000000000000015e-06
pmax: 0.08375
ws: 3.333333333333334e-06
pmax: 0.08375
ws: 4.166666666666667e-06
pmax: 0.08375
ws: 5.000000000000001e-06
pmax: 0.08375
ws: 5.833333333333336e-06
pmax: 0.08375
ws: 6.666666666666667e-06
pmax: 0.08375
ws: 7.500000000000001e-06
pmax: 0.08375
ws: 8.333333333333335e-06
pmax: 0.08375
ws: 9.16666666666667e-06
pmax: 0.08375
ws: 1e-05
pmax: 0.1045625
ws: -1e-05
pmax: 0.1045625
ws: -9.166666666666668e-06
pmax: 0.1045625
ws: -8.333333333333334e-06
pmax: 0.1045625
ws: -7.500000000000001e-06
pmax: 0.1045625
ws: -6.666666666666667e-06
pmax: 0.1045625
ws: -5.833333333333334e-06
pmax: 0.1045625
ws: -5e-06
pmax: 0.1045625
ws: -4.166666666666667e-06
pmax: 0.1045625
ws: -3.3333333333333333e-06
pmax: 0.1045625
ws: -2.4999999999999998e-06
pmax: 0.1045625
ws: -1.666666666666667e-06
pmax: 0.1045625
ws: -8.333333333333327e-07
pmax: 0.1045625
ws: 0.0
pmax: 0.1045625
ws: 8.333333333333344e-07
pmax: 0.1045625
ws: 1.666666666666667e-06
pmax: 0.1045625
ws: 2.5000000000000015e-06
pmax: 0.1045625
ws: 3.333333333333334e-06
pmax: 0.1045625
ws: 4.166666666666667e-06
pmax: 0.1045625
ws: 5.000000000000001e-06
pmax: 0.1045625
ws: 5.833333333333336e-06
pmax: 0.1045625
ws: 6.666666666666667e-06
pmax: 0.1045625
ws: 7.500000000000001e-06
pmax: 0.1045625
ws: 8.333333333333335e-06
pmax: 0.1045625
ws: 9.16666666666667e-06
pmax: 0.1045625
ws: 1e-05
pmax: 0.12537500000000001
ws: -1e-05
pmax: 0.12537500000000001
ws: -9.166666666666668e-06
pmax: 0.12537500000000001
ws: -8.333333333333334e-06
pmax: 0.12537500000000001
ws: -7.500000000000001e-06
pmax: 0.12537500000000001
ws: -6.666666666666667e-06
pmax: 0.12537500000000001
ws: -5.833333333333334e-06
pmax: 0.12537500000000001
ws: -5e-06
pmax: 0.12537500000000001
ws: -4.166666666666667e-06
pmax: 0.12537500000000001
ws: -3.3333333333333333e-06
pmax: 0.12537500000000001
ws: -2.4999999999999998e-06
pmax: 0.12537500000000001
ws: -1.666666666666667e-06
pmax: 0.12537500000000001
ws: -8.333333333333327e-07
pmax: 0.12537500000000001
ws: 0.0
pmax: 0.12537500000000001
ws: 8.333333333333344e-07
pmax: 0.12537500000000001
ws: 1.666666666666667e-06
pmax: 0.12537500000000001
ws: 2.5000000000000015e-06
pmax: 0.12537500000000001
ws: 3.333333333333334e-06
pmax: 0.12537500000000001
ws: 4.166666666666667e-06
pmax: 0.12537500000000001
ws: 5.000000000000001e-06
pmax: 0.12537500000000001
ws: 5.833333333333336e-06
pmax: 0.12537500000000001
ws: 6.666666666666667e-06
pmax: 0.12537500000000001
ws: 7.500000000000001e-06
pmax: 0.12537500000000001
ws: 8.333333333333335e-06
pmax: 0.12537500000000001
ws: 9.16666666666667e-06
pmax: 0.12537500000000001
ws: 1e-05
pmax: 0.1461875
ws: -1e-05
pmax: 0.1461875
ws: -9.166666666666668e-06
pmax: 0.1461875
ws: -8.333333333333334e-06
pmax: 0.1461875
ws: -7.500000000000001e-06
pmax: 0.1461875
ws: -6.666666666666667e-06
pmax: 0.1461875
ws: -5.833333333333334e-06
pmax: 0.1461875
ws: -5e-06
pmax: 0.1461875
ws: -4.166666666666667e-06
pmax: 0.1461875
ws: -3.3333333333333333e-06
pmax: 0.1461875
ws: -2.4999999999999998e-06
pmax: 0.1461875
ws: -1.666666666666667e-06
pmax: 0.1461875
ws: -8.333333333333327e-07
pmax: 0.1461875
ws: 0.0
pmax: 0.1461875
ws: 8.333333333333344e-07
pmax: 0.1461875
ws: 1.666666666666667e-06
pmax: 0.1461875
ws: 2.5000000000000015e-06
pmax: 0.1461875
ws: 3.333333333333334e-06
pmax: 0.1461875
ws: 4.166666666666667e-06
pmax: 0.1461875
ws: 5.000000000000001e-06
pmax: 0.1461875
ws: 5.833333333333336e-06
pmax: 0.1461875
ws: 6.666666666666667e-06
pmax: 0.1461875
ws: 7.500000000000001e-06
pmax: 0.1461875
ws: 8.333333333333335e-06
pmax: 0.1461875
ws: 9.16666666666667e-06
pmax: 0.1461875
ws: 1e-05
pmax: 0.167
ws: -1e-05
pmax: 0.167
ws: -9.166666666666668e-06
pmax: 0.167
ws: -8.333333333333334e-06
pmax: 0.167
ws: -7.500000000000001e-06
pmax: 0.167
ws: -6.666666666666667e-06
pmax: 0.167
ws: -5.833333333333334e-06
pmax: 0.167
ws: -5e-06
pmax: 0.167
ws: -4.166666666666667e-06
pmax: 0.167
ws: -3.3333333333333333e-06
pmax: 0.167
ws: -2.4999999999999998e-06
pmax: 0.167
ws: -1.666666666666667e-06
pmax: 0.167
ws: -8.333333333333327e-07
pmax: 0.167
ws: 0.0
pmax: 0.167
ws: 8.333333333333344e-07
pmax: 0.167
ws: 1.666666666666667e-06
pmax: 0.167
ws: 2.5000000000000015e-06
pmax: 0.167
ws: 3.333333333333334e-06
pmax: 0.167
ws: 4.166666666666667e-06
pmax: 0.167
ws: 5.000000000000001e-06
pmax: 0.167
ws: 5.833333333333336e-06
pmax: 0.167
ws: 6.666666666666667e-06
pmax: 0.167
ws: 7.500000000000001e-06
pmax: 0.167
ws: 8.333333333333335e-06
pmax: 0.167
ws: 9.16666666666667e-06
pmax: 0.167
ws: 1e-05
pmax: 0.18781250000000002
ws: -1e-05
pmax: 0.18781250000000002
ws: -9.166666666666668e-06
pmax: 0.18781250000000002
ws: -8.333333333333334e-06
pmax: 0.18781250000000002
ws: -7.500000000000001e-06
pmax: 0.18781250000000002
ws: -6.666666666666667e-06
pmax: 0.18781250000000002
ws: -5.833333333333334e-06
pmax: 0.18781250000000002
ws: -5e-06
pmax: 0.18781250000000002
ws: -4.166666666666667e-06
pmax: 0.18781250000000002
ws: -3.3333333333333333e-06
pmax: 0.18781250000000002
ws: -2.4999999999999998e-06
pmax: 0.18781250000000002
ws: -1.666666666666667e-06
pmax: 0.18781250000000002
ws: -8.333333333333327e-07
pmax: 0.18781250000000002
ws: 0.0
pmax: 0.18781250000000002
ws: 8.333333333333344e-07
pmax: 0.18781250000000002
ws: 1.666666666666667e-06
pmax: 0.18781250000000002
ws: 2.5000000000000015e-06
pmax: 0.18781250000000002
ws: 3.333333333333334e-06
pmax: 0.18781250000000002
ws: 4.166666666666667e-06
pmax: 0.18781250000000002
ws: 5.000000000000001e-06
pmax: 0.18781250000000002
ws: 5.833333333333336e-06
pmax: 0.18781250000000002
ws: 6.666666666666667e-06
pmax: 0.18781250000000002
ws: 7.500000000000001e-06
pmax: 0.18781250000000002
ws: 8.333333333333335e-06
pmax: 0.18781250000000002
ws: 9.16666666666667e-06
pmax: 0.18781250000000002
ws: 1e-05
pmax: 0.208625
ws: -1e-05
pmax: 0.208625
ws: -9.166666666666668e-06
pmax: 0.208625
ws: -8.333333333333334e-06
pmax: 0.208625
ws: -7.500000000000001e-06
pmax: 0.208625
ws: -6.666666666666667e-06
pmax: 0.208625
ws: -5.833333333333334e-06
pmax: 0.208625
ws: -5e-06
pmax: 0.208625
ws: -4.166666666666667e-06
pmax: 0.208625
ws: -3.3333333333333333e-06
pmax: 0.208625
ws: -2.4999999999999998e-06
pmax: 0.208625
ws: -1.666666666666667e-06
pmax: 0.208625
ws: -8.333333333333327e-07
pmax: 0.208625
ws: 0.0
pmax: 0.208625
ws: 8.333333333333344e-07
pmax: 0.208625
ws: 1.666666666666667e-06
pmax: 0.208625
ws: 2.5000000000000015e-06
pmax: 0.208625
ws: 3.333333333333334e-06
pmax: 0.208625
ws: 4.166666666666667e-06
pmax: 0.208625
ws: 5.000000000000001e-06
pmax: 0.208625
ws: 5.833333333333336e-06
pmax: 0.208625
ws: 6.666666666666667e-06
pmax: 0.208625
ws: 7.500000000000001e-06
pmax: 0.208625
ws: 8.333333333333335e-06
pmax: 0.208625
ws: 9.16666666666667e-06
pmax: 0.208625
ws: 1e-05
pmax: 0.22943750000000002
ws: -1e-05
pmax: 0.22943750000000002
ws: -9.166666666666668e-06
pmax: 0.22943750000000002
ws: -8.333333333333334e-06
pmax: 0.22943750000000002
ws: -7.500000000000001e-06
pmax: 0.22943750000000002
ws: -6.666666666666667e-06
pmax: 0.22943750000000002
ws: -5.833333333333334e-06
pmax: 0.22943750000000002
ws: -5e-06
pmax: 0.22943750000000002
ws: -4.166666666666667e-06
pmax: 0.22943750000000002
ws: -3.3333333333333333e-06
pmax: 0.22943750000000002
ws: -2.4999999999999998e-06
pmax: 0.22943750000000002
ws: -1.666666666666667e-06
pmax: 0.22943750000000002
ws: -8.333333333333327e-07
pmax: 0.22943750000000002
ws: 0.0
pmax: 0.22943750000000002
ws: 8.333333333333344e-07
pmax: 0.22943750000000002
ws: 1.666666666666667e-06
pmax: 0.22943750000000002
ws: 2.5000000000000015e-06
pmax: 0.22943750000000002
ws: 3.333333333333334e-06
pmax: 0.22943750000000002
ws: 4.166666666666667e-06
pmax: 0.22943750000000002
ws: 5.000000000000001e-06
pmax: 0.22943750000000002
ws: 5.833333333333336e-06
pmax: 0.22943750000000002
ws: 6.666666666666667e-06
pmax: 0.22943750000000002
ws: 7.500000000000001e-06
pmax: 0.22943750000000002
ws: 8.333333333333335e-06
pmax: 0.22943750000000002
ws: 9.16666666666667e-06
pmax: 0.22943750000000002
ws: 1e-05
pmax: 0.25025000000000003
ws: -1e-05
pmax: 0.25025000000000003
ws: -9.166666666666668e-06
pmax: 0.25025000000000003
ws: -8.333333333333334e-06
pmax: 0.25025000000000003
ws: -7.500000000000001e-06
pmax: 0.25025000000000003
ws: -6.666666666666667e-06
pmax: 0.25025000000000003
ws: -5.833333333333334e-06
pmax: 0.25025000000000003
ws: -5e-06
pmax: 0.25025000000000003
ws: -4.166666666666667e-06
pmax: 0.25025000000000003
ws: -3.3333333333333333e-06
pmax: 0.25025000000000003
ws: -2.4999999999999998e-06
pmax: 0.25025000000000003
ws: -1.666666666666667e-06
pmax: 0.25025000000000003
ws: -8.333333333333327e-07
pmax: 0.25025000000000003
ws: 0.0
pmax: 0.25025000000000003
ws: 8.333333333333344e-07
pmax: 0.25025000000000003
ws: 1.666666666666667e-06
pmax: 0.25025000000000003
ws: 2.5000000000000015e-06
pmax: 0.25025000000000003
ws: 3.333333333333334e-06
pmax: 0.25025000000000003
ws: 4.166666666666667e-06
pmax: 0.25025000000000003
ws: 5.000000000000001e-06
pmax: 0.25025000000000003
ws: 5.833333333333336e-06
pmax: 0.25025000000000003
ws: 6.666666666666667e-06
pmax: 0.25025000000000003
ws: 7.500000000000001e-06
pmax: 0.25025000000000003
ws: 8.333333333333335e-06
pmax: 0.25025000000000003
ws: 9.16666666666667e-06
pmax: 0.25025000000000003
ws: 1e-05
pmax: 0.27106250000000004
ws: -1e-05
pmax: 0.27106250000000004
ws: -9.166666666666668e-06
pmax: 0.27106250000000004
ws: -8.333333333333334e-06
pmax: 0.27106250000000004
ws: -7.500000000000001e-06
pmax: 0.27106250000000004
ws: -6.666666666666667e-06
pmax: 0.27106250000000004
ws: -5.833333333333334e-06
pmax: 0.27106250000000004
ws: -5e-06
pmax: 0.27106250000000004
ws: -4.166666666666667e-06
pmax: 0.27106250000000004
ws: -3.3333333333333333e-06
pmax: 0.27106250000000004
ws: -2.4999999999999998e-06
pmax: 0.27106250000000004
ws: -1.666666666666667e-06
pmax: 0.27106250000000004
ws: -8.333333333333327e-07
pmax: 0.27106250000000004
ws: 0.0
pmax: 0.27106250000000004
ws: 8.333333333333344e-07
pmax: 0.27106250000000004
ws: 1.666666666666667e-06
pmax: 0.27106250000000004
ws: 2.5000000000000015e-06
pmax: 0.27106250000000004
ws: 3.333333333333334e-06
pmax: 0.27106250000000004
ws: 4.166666666666667e-06
pmax: 0.27106250000000004
ws: 5.000000000000001e-06
pmax: 0.27106250000000004
ws: 5.833333333333336e-06
pmax: 0.27106250000000004
ws: 6.666666666666667e-06
pmax: 0.27106250000000004
ws: 7.500000000000001e-06
pmax: 0.27106250000000004
ws: 8.333333333333335e-06
pmax: 0.27106250000000004
ws: 9.16666666666667e-06
pmax: 0.27106250000000004
ws: 1e-05
pmax: 0.291875
ws: -1e-05
pmax: 0.291875
ws: -9.166666666666668e-06
pmax: 0.291875
ws: -8.333333333333334e-06
pmax: 0.291875
ws: -7.500000000000001e-06
pmax: 0.291875
ws: -6.666666666666667e-06
pmax: 0.291875
ws: -5.833333333333334e-06
pmax: 0.291875
ws: -5e-06
pmax: 0.291875
ws: -4.166666666666667e-06
pmax: 0.291875
ws: -3.3333333333333333e-06
pmax: 0.291875
ws: -2.4999999999999998e-06
pmax: 0.291875
ws: -1.666666666666667e-06
pmax: 0.291875
ws: -8.333333333333327e-07
pmax: 0.291875
ws: 0.0
pmax: 0.291875
ws: 8.333333333333344e-07
pmax: 0.291875
ws: 1.666666666666667e-06
pmax: 0.291875
ws: 2.5000000000000015e-06
pmax: 0.291875
ws: 3.333333333333334e-06
pmax: 0.291875
ws: 4.166666666666667e-06
pmax: 0.291875
ws: 5.000000000000001e-06
pmax: 0.291875
ws: 5.833333333333336e-06
pmax: 0.291875
ws: 6.666666666666667e-06
pmax: 0.291875
ws: 7.500000000000001e-06
pmax: 0.291875
ws: 8.333333333333335e-06
pmax: 0.291875
ws: 9.16666666666667e-06
pmax: 0.291875
ws: 1e-05
pmax: 0.3126875
ws: -1e-05
pmax: 0.3126875
ws: -9.166666666666668e-06
pmax: 0.3126875
ws: -8.333333333333334e-06
pmax: 0.3126875
ws: -7.500000000000001e-06
pmax: 0.3126875
ws: -6.666666666666667e-06
pmax: 0.3126875
ws: -5.833333333333334e-06
pmax: 0.3126875
ws: -5e-06
pmax: 0.3126875
ws: -4.166666666666667e-06
pmax: 0.3126875
ws: -3.3333333333333333e-06
pmax: 0.3126875
ws: -2.4999999999999998e-06
pmax: 0.3126875
ws: -1.666666666666667e-06
pmax: 0.3126875
ws: -8.333333333333327e-07
pmax: 0.3126875
ws: 0.0
pmax: 0.3126875
ws: 8.333333333333344e-07
pmax: 0.3126875
ws: 1.666666666666667e-06
pmax: 0.3126875
ws: 2.5000000000000015e-06
pmax: 0.3126875
ws: 3.333333333333334e-06
pmax: 0.3126875
ws: 4.166666666666667e-06
pmax: 0.3126875
ws: 5.000000000000001e-06
pmax: 0.3126875
ws: 5.833333333333336e-06
pmax: 0.3126875
ws: 6.666666666666667e-06
pmax: 0.3126875
ws: 7.500000000000001e-06
pmax: 0.3126875
ws: 8.333333333333335e-06
pmax: 0.3126875
ws: 9.16666666666667e-06
pmax: 0.3126875
ws: 1e-05
pmax: 0.3335
ws: -1e-05
pmax: 0.3335
ws: -9.166666666666668e-06
pmax: 0.3335
ws: -8.333333333333334e-06
pmax: 0.3335
ws: -7.500000000000001e-06
pmax: 0.3335
ws: -6.666666666666667e-06
pmax: 0.3335
ws: -5.833333333333334e-06
pmax: 0.3335
ws: -5e-06
pmax: 0.3335
ws: -4.166666666666667e-06
pmax: 0.3335
ws: -3.3333333333333333e-06
pmax: 0.3335
ws: -2.4999999999999998e-06
pmax: 0.3335
ws: -1.666666666666667e-06
pmax: 0.3335
ws: -8.333333333333327e-07
pmax: 0.3335
ws: 0.0
pmax: 0.3335
ws: 8.333333333333344e-07
pmax: 0.3335
ws: 1.666666666666667e-06
pmax: 0.3335
ws: 2.5000000000000015e-06
pmax: 0.3335
ws: 3.333333333333334e-06
pmax: 0.3335
ws: 4.166666666666667e-06
pmax: 0.3335
ws: 5.000000000000001e-06
pmax: 0.3335
ws: 5.833333333333336e-06
pmax: 0.3335
ws: 6.666666666666667e-06
pmax: 0.3335
ws: 7.500000000000001e-06
pmax: 0.3335
ws: 8.333333333333335e-06
pmax: 0.3335
ws: 9.16666666666667e-06
pmax: 0.3335
ws: 1e-05
pmax: 0.35431250000000003
ws: -1e-05
pmax: 0.35431250000000003
ws: -9.166666666666668e-06
pmax: 0.35431250000000003
ws: -8.333333333333334e-06
pmax: 0.35431250000000003
ws: -7.500000000000001e-06
pmax: 0.35431250000000003
ws: -6.666666666666667e-06
pmax: 0.35431250000000003
ws: -5.833333333333334e-06
pmax: 0.35431250000000003
ws: -5e-06
pmax: 0.35431250000000003
ws: -4.166666666666667e-06
pmax: 0.35431250000000003
ws: -3.3333333333333333e-06
pmax: 0.35431250000000003
ws: -2.4999999999999998e-06
pmax: 0.35431250000000003
ws: -1.666666666666667e-06
pmax: 0.35431250000000003
ws: -8.333333333333327e-07
pmax: 0.35431250000000003
ws: 0.0
pmax: 0.35431250000000003
ws: 8.333333333333344e-07
pmax: 0.35431250000000003
ws: 1.666666666666667e-06
pmax: 0.35431250000000003
ws: 2.5000000000000015e-06
pmax: 0.35431250000000003
ws: 3.333333333333334e-06
pmax: 0.35431250000000003
ws: 4.166666666666667e-06
pmax: 0.35431250000000003
ws: 5.000000000000001e-06
pmax: 0.35431250000000003
ws: 5.833333333333336e-06
pmax: 0.35431250000000003
ws: 6.666666666666667e-06
pmax: 0.35431250000000003
ws: 7.500000000000001e-06
pmax: 0.35431250000000003
ws: 8.333333333333335e-06
pmax: 0.35431250000000003
ws: 9.16666666666667e-06
pmax: 0.35431250000000003
ws: 1e-05
pmax: 0.37512500000000004
ws: -1e-05
pmax: 0.37512500000000004
ws: -9.166666666666668e-06
pmax: 0.37512500000000004
ws: -8.333333333333334e-06
pmax: 0.37512500000000004
ws: -7.500000000000001e-06
pmax: 0.37512500000000004
ws: -6.666666666666667e-06
pmax: 0.37512500000000004
ws: -5.833333333333334e-06
pmax: 0.37512500000000004
ws: -5e-06
pmax: 0.37512500000000004
ws: -4.166666666666667e-06
pmax: 0.37512500000000004
ws: -3.3333333333333333e-06
pmax: 0.37512500000000004
ws: -2.4999999999999998e-06
pmax: 0.37512500000000004
ws: -1.666666666666667e-06
pmax: 0.37512500000000004
ws: -8.333333333333327e-07
pmax: 0.37512500000000004
ws: 0.0
pmax: 0.37512500000000004
ws: 8.333333333333344e-07
pmax: 0.37512500000000004
ws: 1.666666666666667e-06
pmax: 0.37512500000000004
ws: 2.5000000000000015e-06
pmax: 0.37512500000000004
ws: 3.333333333333334e-06
pmax: 0.37512500000000004
ws: 4.166666666666667e-06
pmax: 0.37512500000000004
ws: 5.000000000000001e-06
pmax: 0.37512500000000004
ws: 5.833333333333336e-06
pmax: 0.37512500000000004
ws: 6.666666666666667e-06
pmax: 0.37512500000000004
ws: 7.500000000000001e-06
pmax: 0.37512500000000004
ws: 8.333333333333335e-06
pmax: 0.37512500000000004
ws: 9.16666666666667e-06
pmax: 0.37512500000000004
ws: 1e-05
pmax: 0.3959375
ws: -1e-05
pmax: 0.3959375
ws: -9.166666666666668e-06
pmax: 0.3959375
ws: -8.333333333333334e-06
pmax: 0.3959375
ws: -7.500000000000001e-06
pmax: 0.3959375
ws: -6.666666666666667e-06
pmax: 0.3959375
ws: -5.833333333333334e-06
pmax: 0.3959375
ws: -5e-06
pmax: 0.3959375
ws: -4.166666666666667e-06
pmax: 0.3959375
ws: -3.3333333333333333e-06
pmax: 0.3959375
ws: -2.4999999999999998e-06
pmax: 0.3959375
ws: -1.666666666666667e-06
pmax: 0.3959375
ws: -8.333333333333327e-07
pmax: 0.3959375
ws: 0.0
pmax: 0.3959375
ws: 8.333333333333344e-07
pmax: 0.3959375
ws: 1.666666666666667e-06
pmax: 0.3959375
ws: 2.5000000000000015e-06
pmax: 0.3959375
ws: 3.333333333333334e-06
pmax: 0.3959375
ws: 4.166666666666667e-06
pmax: 0.3959375
ws: 5.000000000000001e-06
pmax: 0.3959375
ws: 5.833333333333336e-06
pmax: 0.3959375
ws: 6.666666666666667e-06
pmax: 0.3959375
ws: 7.500000000000001e-06
pmax: 0.3959375
ws: 8.333333333333335e-06
pmax: 0.3959375
ws: 9.16666666666667e-06
pmax: 0.3959375
ws: 1e-05
pmax: 0.41675
ws: -1e-05
pmax: 0.41675
ws: -9.166666666666668e-06
pmax: 0.41675
ws: -8.333333333333334e-06
pmax: 0.41675
ws: -7.500000000000001e-06
pmax: 0.41675
ws: -6.666666666666667e-06
pmax: 0.41675
ws: -5.833333333333334e-06
pmax: 0.41675
ws: -5e-06
pmax: 0.41675
ws: -4.166666666666667e-06
pmax: 0.41675
ws: -3.3333333333333333e-06
pmax: 0.41675
ws: -2.4999999999999998e-06
pmax: 0.41675
ws: -1.666666666666667e-06
pmax: 0.41675
ws: -8.333333333333327e-07
pmax: 0.41675
ws: 0.0
pmax: 0.41675
ws: 8.333333333333344e-07
pmax: 0.41675
ws: 1.666666666666667e-06
pmax: 0.41675
ws: 2.5000000000000015e-06
pmax: 0.41675
ws: 3.333333333333334e-06
pmax: 0.41675
ws: 4.166666666666667e-06
pmax: 0.41675
ws: 5.000000000000001e-06
pmax: 0.41675
ws: 5.833333333333336e-06
pmax: 0.41675
ws: 6.666666666666667e-06
pmax: 0.41675
ws: 7.500000000000001e-06
pmax: 0.41675
ws: 8.333333333333335e-06
pmax: 0.41675
ws: 9.16666666666667e-06
pmax: 0.41675
ws: 1e-05
pmax: 0.4375625
ws: -1e-05
pmax: 0.4375625
ws: -9.166666666666668e-06
pmax: 0.4375625
ws: -8.333333333333334e-06
pmax: 0.4375625
ws: -7.500000000000001e-06
pmax: 0.4375625
ws: -6.666666666666667e-06
pmax: 0.4375625
ws: -5.833333333333334e-06
pmax: 0.4375625
ws: -5e-06
pmax: 0.4375625
ws: -4.166666666666667e-06
pmax: 0.4375625
ws: -3.3333333333333333e-06
pmax: 0.4375625
ws: -2.4999999999999998e-06
pmax: 0.4375625
ws: -1.666666666666667e-06
pmax: 0.4375625
ws: -8.333333333333327e-07
pmax: 0.4375625
ws: 0.0
pmax: 0.4375625
ws: 8.333333333333344e-07
pmax: 0.4375625
ws: 1.666666666666667e-06
pmax: 0.4375625
ws: 2.5000000000000015e-06
pmax: 0.4375625
ws: 3.333333333333334e-06
pmax: 0.4375625
ws: 4.166666666666667e-06
pmax: 0.4375625
ws: 5.000000000000001e-06
pmax: 0.4375625
ws: 5.833333333333336e-06
pmax: 0.4375625
ws: 6.666666666666667e-06
pmax: 0.4375625
ws: 7.500000000000001e-06
pmax: 0.4375625
ws: 8.333333333333335e-06
pmax: 0.4375625
ws: 9.16666666666667e-06
pmax: 0.4375625
ws: 1e-05
pmax: 0.45837500000000003
ws: -1e-05
pmax: 0.45837500000000003
ws: -9.166666666666668e-06
pmax: 0.45837500000000003
ws: -8.333333333333334e-06
pmax: 0.45837500000000003
ws: -7.500000000000001e-06
pmax: 0.45837500000000003
ws: -6.666666666666667e-06
pmax: 0.45837500000000003
ws: -5.833333333333334e-06
pmax: 0.45837500000000003
ws: -5e-06
pmax: 0.45837500000000003
ws: -4.166666666666667e-06
pmax: 0.45837500000000003
ws: -3.3333333333333333e-06
pmax: 0.45837500000000003
ws: -2.4999999999999998e-06
pmax: 0.45837500000000003
ws: -1.666666666666667e-06
pmax: 0.45837500000000003
ws: -8.333333333333327e-07
pmax: 0.45837500000000003
ws: 0.0
pmax: 0.45837500000000003
ws: 8.333333333333344e-07
pmax: 0.45837500000000003
ws: 1.666666666666667e-06
pmax: 0.45837500000000003
ws: 2.5000000000000015e-06
pmax: 0.45837500000000003
ws: 3.333333333333334e-06
pmax: 0.45837500000000003
ws: 4.166666666666667e-06
pmax: 0.45837500000000003
ws: 5.000000000000001e-06
pmax: 0.45837500000000003
ws: 5.833333333333336e-06
pmax: 0.45837500000000003
ws: 6.666666666666667e-06
pmax: 0.45837500000000003
ws: 7.500000000000001e-06
pmax: 0.45837500000000003
ws: 8.333333333333335e-06
pmax: 0.45837500000000003
ws: 9.16666666666667e-06
pmax: 0.45837500000000003
ws: 1e-05
pmax: 0.47918750000000004
ws: -1e-05
pmax: 0.47918750000000004
ws: -9.166666666666668e-06
pmax: 0.47918750000000004
ws: -8.333333333333334e-06
pmax: 0.47918750000000004
ws: -7.500000000000001e-06
pmax: 0.47918750000000004
ws: -6.666666666666667e-06
pmax: 0.47918750000000004
ws: -5.833333333333334e-06
pmax: 0.47918750000000004
ws: -5e-06
pmax: 0.47918750000000004
ws: -4.166666666666667e-06
pmax: 0.47918750000000004
ws: -3.3333333333333333e-06
pmax: 0.47918750000000004
ws: -2.4999999999999998e-06
pmax: 0.47918750000000004
ws: -1.666666666666667e-06
pmax: 0.47918750000000004
ws: -8.333333333333327e-07
pmax: 0.47918750000000004
ws: 0.0
pmax: 0.47918750000000004
ws: 8.333333333333344e-07
pmax: 0.47918750000000004
ws: 1.666666666666667e-06
pmax: 0.47918750000000004
ws: 2.5000000000000015e-06
pmax: 0.47918750000000004
ws: 3.333333333333334e-06
pmax: 0.47918750000000004
ws: 4.166666666666667e-06
pmax: 0.47918750000000004
ws: 5.000000000000001e-06
pmax: 0.47918750000000004
ws: 5.833333333333336e-06
pmax: 0.47918750000000004
ws: 6.666666666666667e-06
pmax: 0.47918750000000004
ws: 7.500000000000001e-06
pmax: 0.47918750000000004
ws: 8.333333333333335e-06
pmax: 0.47918750000000004
ws: 9.16666666666667e-06
pmax: 0.47918750000000004
ws: 1e-05
pmax: 0.5
ws: -1e-05
pmax: 0.5
ws: -9.166666666666668e-06
pmax: 0.5
ws: -8.333333333333334e-06
pmax: 0.5
ws: -7.500000000000001e-06
pmax: 0.5
ws: -6.666666666666667e-06
pmax: 0.5
ws: -5.833333333333334e-06
pmax: 0.5
ws: -5e-06
pmax: 0.5
ws: -4.166666666666667e-06
pmax: 0.5
ws: -3.3333333333333333e-06
pmax: 0.5
ws: -2.4999999999999998e-06
pmax: 0.5
ws: -1.666666666666667e-06
pmax: 0.5
ws: -8.333333333333327e-07
pmax: 0.5
ws: 0.0
pmax: 0.5
ws: 8.333333333333344e-07
pmax: 0.5
ws: 1.666666666666667e-06
pmax: 0.5
ws: 2.5000000000000015e-06
pmax: 0.5
ws: 3.333333333333334e-06
pmax: 0.5
ws: 4.166666666666667e-06
pmax: 0.5
ws: 5.000000000000001e-06
pmax: 0.5
ws: 5.833333333333336e-06
pmax: 0.5
ws: 6.666666666666667e-06
pmax: 0.5
ws: 7.500000000000001e-06
pmax: 0.5
ws: 8.333333333333335e-06
pmax: 0.5
ws: 9.16666666666667e-06
pmax: 0.5
ws: 1e-05
Setting constant concentration for Diatoms @ 200
No initial condition for this pressure gradient --> using default!
Using initial condition from ../initial_condition/initial_condition-pressure=2.00e-07.csv
Depth averaged turbulent dissipation = 0.002650
Ratio = 1.001340
57.749552488327026
Setting constant concentration for Diatoms @ 200
No initial condition for this pressure gradient --> using default!
Using initial condition from ../initial_condition/initial_condition-pressure=2.00e-07.csv
Depth averaged turbulent dissipation = 0.002650
Ratio = 139.485521
59.67964148521423
Setting constant concentration for Diatoms @ 200
No initial condition for this pressure gradient --> using default!
Using initial condition from ../initial_condition/initial_condition-pressure=2.00e-07.csv
Depth averaged turbulent dissipation = 0.002650
Ratio = 1.176567
69.58587741851807
Setting constant concentration for Diatoms @ 200
No initial condition for this pressure gradient --> using default!
Using initial condition from ../initial_condition/initial_condition-pressure=2.00e-07.csv
Depth averaged turbulent dissipation = 0.002650
Ratio = 26.613798
77.77787613868713
Setting constant concentration for Diatoms @ 200
No initial condition for this pressure gradient --> using default!
Using initial condition from ../initial_condition/initial_condition-pressure=2.00e-07.csv
Depth averaged turbulent dissipation = 0.002650
Ratio = 78.247521
77.52585482597351
Setting constant concentration for Diatoms @ 200
No initial condition for this pressure gradient --> using default!
Using initial condition from ../initial_condition/initial_condition-pressure=2.00e-07.csv
Depth averaged turbulent dissipation = 0.002650
Ratio = 16.475293
85.03736186027527
Setting constant concentration for Diatoms @ 200
No initial condition for this pressure gradient --> using default!
Using initial condition from ../initial_condition/initial_condition-pressure=2.00e-07.csv
Depth averaged turbulent dissipation = 0.002650
Ratio = 6.077776
88.95715498924255
Setting constant concentration for Diatoms @ 200
No initial condition for this pressure gradient --> using default!
Using initial condition from ../initial_condition/initial_condition-pressure=2.00e-07.csv
Depth averaged turbulent dissipation = 0.002650
Ratio = 2162.861985
78.63453936576843
Setting constant concentration for Diatoms @ 200
No initial condition for this pressure gradient --> using default!
Using initial condition from ../initial_condition/initial_condition-pressure=2.00e-07.csv
Depth averaged turbulent dissipation = 0.002650
Ratio = 605.243690
80.66492176055908
Setting constant concentration for Diatoms @ 200
No initial condition for this pressure gradient --> using default!
Using initial condition from ../initial_condition/initial_condition-pressure=2.00e-07.csv
Depth averaged turbulent dissipation = 0.002650
Ratio = 70.001170
113.91831374168396
Setting constant concentration for Diatoms @ 200
No initial condition for this pressure gradient --> using default!
Using initial condition from ../initial_condition/initial_condition-pressure=2.00e-07.csv
Depth averaged turbulent dissipation = 0.002650
Ratio = 2652.203129
93.6524932384491
Setting constant concentration for Diatoms @ 200
No initial condition for this pressure gradient --> using default!
Using initial condition from ../initial_condition/initial_condition-pressure=2.00e-07.csv
Depth averaged turbulent dissipation = 0.002650
Ratio = 112101.241633
80.88642001152039
Setting constant concentration for Diatoms @ 200
No initial condition for this pressure gradient --> using default!
Using initial condition from ../initial_condition/initial_condition-pressure=2.00e-07.csv
Depth averaged turbulent dissipation = 0.002650
Ratio = 18017.574959
63.7834107875824
Setting constant concentration for Diatoms @ 200
No initial condition for this pressure gradient --> using default!
Using initial condition from ../initial_condition/initial_condition-pressure=2.00e-07.csv
Depth averaged turbulent dissipation = 0.002650
Ratio = 461.216294
104.78648376464844
Setting constant concentration for Diatoms @ 200
No initial condition for this pressure gradient --> using default!
Using initial condition from ../initial_condition/initial_condition-pressure=2.00e-07.csv
Depth averaged turbulent dissipation = 0.002650
Ratio = 1411.430712
102.19761443138123
Setting constant concentration for Diatoms @ 200
No initial condition for this pressure gradient --> using default!
Using initial condition from ../initial_condition/initial_condition-pressure=2.00e-07.csv
Depth averaged turbulent dissipation = 0.002650
Ratio = 48.304186
107.96689701080322
Setting constant concentration for Diatoms @ 200
No initial condition for this pressure gradient --> using default!
Using initial condition from ../initial_condition/initial_condition-pressure=2.00e-07.csv
Depth averaged turbulent dissipation = 0.002650
Ratio = 10.246651
133.67847323417664
Setting constant concentration for Diatoms @ 200
No initial condition for this pressure gradient --> using default!
Using initial condition from ../initial_condition/initial_condition-pressure=2.00e-07.csv
Depth averaged turbulent dissipation = 0.002650
Ratio = 763.249467
114.24479579925537
Setting constant concentration for Diatoms @ 200
No initial condition for this pressure gradient --> using default!
Using initial condition from ../initial_condition/initial_condition-pressure=2.00e-07.csv
Depth averaged turbulent dissipation = 0.002650
Ratio = 6.267172
117.67648887634277
Setting constant concentration for Diatoms @ 200
No initial condition for this pressure gradient --> using default!
Using initial condition from ../initial_condition/initial_condition-pressure=2.00e-07.csv
Depth averaged turbulent dissipation = 0.002650
Ratio = 19194.400377
57.207505226135254
Setting constant concentration for Diatoms @ 200
No initial condition for this pressure gradient --> using default!
Using initial condition from ../initial_condition/initial_condition-pressure=2.00e-07.csv
Depth averaged turbulent dissipation = 0.002650
Ratio = 2675.212184
59.65479254722595
Setting constant concentration for Diatoms @ 200
No initial condition for this pressure gradient --> using default!
Using initial condition from ../initial_condition/initial_condition-pressure=2.00e-07.csv
Depth averaged turbulent dissipation = 0.002650
Ratio = 1.951615
108.53759050369263
Setting constant concentration for Diatoms @ 200
No initial condition for this pressure gradient --> using default!
Using initial condition from ../initial_condition/initial_condition-pressure=2.00e-07.csv
Depth averaged turbulent dissipation = 0.002650
Ratio = 7757.801041
73.6795642375946
Setting constant concentration for Diatoms @ 200
No initial condition for this pressure gradient --> using default!
Using initial condition from ../initial_condition/initial_condition-pressure=2.00e-07.csv
Depth averaged turbulent dissipation = 0.002650
Ratio = 38908.172072
94.49359703063965
Setting constant concentration for Diatoms @ 200
No initial condition for this pressure gradient --> using default!
Using initial condition from ../initial_condition/initial_condition-pressure=2.00e-07.csv
Depth averaged turbulent dissipation = 0.002650
Ratio = 655877.133776
58.205901861190796
Setting constant concentration for Diatoms @ 200
No initial condition for this pressure gradient --> using default!
Using initial condition from ../initial_condition/initial_condition-pressure=2.00e-07.csv
Depth averaged turbulent dissipation = 0.002650
Ratio = 1356.032282
112.7475974559784
Setting constant concentration for Diatoms @ 200
No initial condition for this pressure gradient --> using default!
Using initial condition from ../initial_condition/initial_condition-pressure=2.00e-07.csv
Depth averaged turbulent dissipation = 0.002650
Ratio = 4393.588963
127.9786639213562
Setting constant concentration for Diatoms @ 200
No initial condition for this pressure gradient --> using default!
Using initial condition from ../initial_condition/initial_condition-pressure=2.00e-07.csv
Depth averaged turbulent dissipation = 0.002650
Ratio = 18208.545184
75.08523488044739
Setting constant concentration for Diatoms @ 200
No initial condition for this pressure gradient --> using default!
Using initial condition from ../initial_condition/initial_condition-pressure=2.00e-07.csv
Depth averaged turbulent dissipation = 0.002650
Ratio = 328863.059404
59.58461022377014
Setting constant concentration for Diatoms @ 200
No initial condition for this pressure gradient --> using default!
Using initial condition from ../initial_condition/initial_condition-pressure=2.00e-07.csv
Depth averaged turbulent dissipation = 0.002650
Ratio = 9172.857641
65.26979351043701
Setting constant concentration for Diatoms @ 200
No initial condition for this pressure gradient --> using default!
Using initial condition from ../initial_condition/initial_condition-pressure=2.00e-07.csv
Depth averaged turbulent dissipation = 0.002650
Ratio = 809.818884
68.68171334266663
Setting constant concentration for Diatoms @ 200
No initial condition for this pressure gradient --> using default!
Using initial condition from ../initial_condition/initial_condition-pressure=2.00e-07.csv
Depth averaged turbulent dissipation = 0.002650
Ratio = 2186786.380972
64.33290147781372
Setting constant concentration for Diatoms @ 200
No initial condition for this pressure gradient --> using default!
Using initial condition from ../initial_condition/initial_condition-pressure=2.00e-07.csv
Depth averaged turbulent dissipation = 0.002650
Ratio = 200.461332
65.81881546974182
Setting constant concentration for Diatoms @ 200
No initial condition for this pressure gradient --> using default!
Using initial condition from ../initial_condition/initial_condition-pressure=2.00e-07.csv
Depth averaged turbulent dissipation = 0.002650
Ratio = 2916.799403
83.70050191879272
Setting constant concentration for Diatoms @ 200
No initial condition for this pressure gradient --> using default!
Using initial condition from ../initial_condition/initial_condition-pressure=2.00e-07.csv
Depth averaged turbulent dissipation = 0.002650
Ratio = 50942.143617
62.59028935432434
Setting constant concentration for Diatoms @ 200
No initial condition for this pressure gradient --> using default!
Using initial condition from ../initial_condition/initial_condition-pressure=2.00e-07.csv
Depth averaged turbulent dissipation = 0.002650
Ratio = 420788.058440
67.61947822570801
Setting constant concentration for Diatoms @ 200
No initial condition for this pressure gradient --> using default!
Using initial condition from ../initial_condition/initial_condition-pressure=2.00e-07.csv
Depth averaged turbulent dissipation = 0.002650
Ratio = 439825.704816
66.98596453666687
Setting constant concentration for Diatoms @ 200
No initial condition for this pressure gradient --> using default!
Using initial condition from ../initial_condition/initial_condition-pressure=2.00e-07.csv
Depth averaged turbulent dissipation = 0.002650
Ratio = 312015.776105
67.50557899475098
Setting constant concentration for Diatoms @ 200
No initial condition for this pressure gradient --> using default!
Using initial condition from ../initial_condition/initial_condition-pressure=2.00e-07.csv
Depth averaged turbulent dissipation = 0.002650
Ratio = 803.840765
67.49812579154968
Setting constant concentration for Diatoms @ 200
No initial condition for this pressure gradient --> using default!
Using initial condition from ../initial_condition/initial_condition-pressure=2.00e-07.csv
Depth averaged turbulent dissipation = 0.002650
Ratio = 1517.075960
67.24344158172607
Setting constant concentration for Diatoms @ 200
No initial condition for this pressure gradient --> using default!
Using initial condition from ../initial_condition/initial_condition-pressure=2.00e-07.csv
Depth averaged turbulent dissipation = 0.002650
Ratio = 972623.752891
71.27040886878967
Setting constant concentration for Diatoms @ 200
No initial condition for this pressure gradient --> using default!
Using initial condition from ../initial_condition/initial_condition-pressure=2.00e-07.csv
Depth averaged turbulent dissipation = 0.002650
Ratio = 15.772110
146.74825811386108
Setting constant concentration for Diatoms @ 200
No initial condition for this pressure gradient --> using default!
Using initial condition from ../initial_condition/initial_condition-pressure=2.00e-07.csv
Depth averaged turbulent dissipation = 0.002650
Ratio = 688.545790
74.3885383605957
Setting constant concentration for Diatoms @ 200
No initial condition for this pressure gradient --> using default!
Using initial condition from ../initial_condition/initial_condition-pressure=2.00e-07.csv
Depth averaged turbulent dissipation = 0.002650
Ratio = 9082.512925
71.94906044006348
Setting constant concentration for Diatoms @ 200
No initial condition for this pressure gradient --> using default!
Using initial condition from ../initial_condition/initial_condition-pressure=2.00e-07.csv
Depth averaged turbulent dissipation = 0.002650
Ratio = 3689.462313
76.85810041427612
Setting constant concentration for Diatoms @ 200
No initial condition for this pressure gradient --> using default!
Using initial condition from ../initial_condition/initial_condition-pressure=2.00e-07.csv
Depth averaged turbulent dissipation = 0.002650
Ratio = 2424.491398
138.71113872528076
Setting constant concentration for Diatoms @ 200
No initial condition for this pressure gradient --> using default!
Using initial condition from ../initial_condition/initial_condition-pressure=2.00e-07.csv
Depth averaged turbulent dissipation = 0.002650
Ratio = 4746.888224
135.43912434577942
Setting constant concentration for Diatoms @ 200
No initial condition for this pressure gradient --> using default!
Using initial condition from ../initial_condition/initial_condition-pressure=2.00e-07.csv
Depth averaged turbulent dissipation = 0.002650
Ratio = 119483.925847
79.93311500549316
Setting constant concentration for Diatoms @ 200
No initial condition for this pressure gradient --> using default!
Using initial condition from ../initial_condition/initial_condition-pressure=2.00e-07.csv
Depth averaged turbulent dissipation = 0.002650
Ratio = 419.325682
132.27006912231445
Setting constant concentration for Diatoms @ 200
No initial condition for this pressure gradient --> using default!
Using initial condition from ../initial_condition/initial_condition-pressure=2.00e-07.csv
Depth averaged turbulent dissipation = 0.002650
Ratio = 1282.181870
78.55370736122131
Setting constant concentration for Diatoms @ 200
No initial condition for this pressure gradient --> using default!
Using initial condition from ../initial_condition/initial_condition-pressure=2.00e-07.csv
Depth averaged turbulent dissipation = 0.002650
Ratio = 5.146267
137.64925599098206
Setting constant concentration for Diatoms @ 200
No initial condition for this pressure gradient --> using default!
Using initial condition from ../initial_condition/initial_condition-pressure=2.00e-07.csv
Depth averaged turbulent dissipation = 0.002650
Ratio = 1.002247
128.4579644203186
Setting constant concentration for Diatoms @ 200
No initial condition for this pressure gradient --> using default!
Using initial condition from ../initial_condition/initial_condition-pressure=2.00e-07.csv
Depth averaged turbulent dissipation = 0.002650
Ratio = 834.193333
148.84051156044006
Setting constant concentration for Diatoms @ 200
No initial condition for this pressure gradient --> using default!
Using initial condition from ../initial_condition/initial_condition-pressure=2.00e-07.csv
Depth averaged turbulent dissipation = 0.002650
Ratio = 14726.105499
93.92494583129883
Setting constant concentration for Diatoms @ 200
No initial condition for this pressure gradient --> using default!
Using initial condition from ../initial_condition/initial_condition-pressure=2.00e-07.csv
Depth averaged turbulent dissipation = 0.002650
Ratio = 16.814749
83.69594955444336
Setting constant concentration for Diatoms @ 200
No initial condition for this pressure gradient --> using default!
Using initial condition from ../initial_condition/initial_condition-pressure=2.00e-07.csv
Depth averaged turbulent dissipation = 0.002650
Ratio = 0.613922
178.09279775619507
Setting constant concentration for Diatoms @ 200
No initial condition for this pressure gradient --> using default!
Using initial condition from ../initial_condition/initial_condition-pressure=2.00e-07.csv
Depth averaged turbulent dissipation = 0.002650
Ratio = 73896.842555
120.73901891708374
Setting constant concentration for Diatoms @ 200
No initial condition for this pressure gradient --> using default!
Using initial condition from ../initial_condition/initial_condition-pressure=2.00e-07.csv
Depth averaged turbulent dissipation = 0.002650
Ratio = 5305.249362
136.04663610458374
Setting constant concentration for Diatoms @ 200
No initial condition for this pressure gradient --> using default!
Using initial condition from ../initial_condition/initial_condition-pressure=2.00e-07.csv
Depth averaged turbulent dissipation = 0.002650
Ratio = 1480.988825
82.40177965164185
Setting constant concentration for Diatoms @ 200
No initial condition for this pressure gradient --> using default!
Using initial condition from ../initial_condition/initial_condition-pressure=2.00e-07.csv
Depth averaged turbulent dissipation = 0.002650
Ratio = 244.309822
127.91933035850525
Setting constant concentration for Diatoms @ 200
No initial condition for this pressure gradient --> using default!
Using initial condition from ../initial_condition/initial_condition-pressure=2.00e-07.csv
Depth averaged turbulent dissipation = 0.002650
Ratio = 68.802187
171.18171095848083
Setting constant concentration for Diatoms @ 200
No initial condition for this pressure gradient --> using default!
Using initial condition from ../initial_condition/initial_condition-pressure=2.00e-07.csv
Depth averaged turbulent dissipation = 0.002650
Ratio = 929800.531917
109.4924647808075
Setting constant concentration for Diatoms @ 200
No initial condition for this pressure gradient --> using default!
Using initial condition from ../initial_condition/initial_condition-pressure=2.00e-07.csv
Depth averaged turbulent dissipation = 0.002650
Ratio = 780.380030
87.21757650375366
Setting constant concentration for Diatoms @ 200
No initial condition for this pressure gradient --> using default!
Using initial condition from ../initial_condition/initial_condition-pressure=2.00e-07.csv
Depth averaged turbulent dissipation = 0.002650
Ratio = 77.074585
170.3427495956421
Setting constant concentration for Diatoms @ 200
No initial condition for this pressure gradient --> using default!
Using initial condition from ../initial_condition/initial_condition-pressure=2.00e-07.csv
Depth averaged turbulent dissipation = 0.002650
Ratio = 2866.766080
93.72714638710022
Setting constant concentration for Diatoms @ 200
No initial condition for this pressure gradient --> using default!
Using initial condition from ../initial_condition/initial_condition-pressure=2.00e-07.csv
Depth averaged turbulent dissipation = 0.002650
Ratio = 70478.058158
101.12369656562805
Setting constant concentration for Diatoms @ 200
No initial condition for this pressure gradient --> using default!
Using initial condition from ../initial_condition/initial_condition-pressure=2.00e-07.csv
Depth averaged turbulent dissipation = 0.002650
Ratio = 1366.930259
133.1961371898651
Setting constant concentration for Diatoms @ 200
No initial condition for this pressure gradient --> using default!
Using initial condition from ../initial_condition/initial_condition-pressure=2.00e-07.csv
Depth averaged turbulent dissipation = 0.002650
Ratio = 186.637235
147.4382336139679
Setting constant concentration for Diatoms @ 200
No initial condition for this pressure gradient --> using default!
Using initial condition from ../initial_condition/initial_condition-pressure=2.00e-07.csv
Depth averaged turbulent dissipation = 0.002650
Ratio = 162427.832219
111.36100769042969
Setting constant concentration for Diatoms @ 200
No initial condition for this pressure gradient --> using default!
Using initial condition from ../initial_condition/initial_condition-pressure=2.00e-07.csv
Depth averaged turbulent dissipation = 0.002650
Ratio = 241.367881
112.75372958183289
Setting constant concentration for Diatoms @ 200
No initial condition for this pressure gradient --> using default!
Using initial condition from ../initial_condition/initial_condition-pressure=2.00e-07.csv
Depth averaged turbulent dissipation = 0.002650
Ratio = 24.066982
167.8119547367096
Setting constant concentration for Diatoms @ 200
No initial condition for this pressure gradient --> using default!
Using initial condition from ../initial_condition/initial_condition-pressure=2.00e-07.csv
Depth averaged turbulent dissipation = 0.002650
Ratio = 8732.079660
98.31938886642456
Setting constant concentration for Diatoms @ 200
No initial condition for this pressure gradient --> using default!
Using initial condition from ../initial_condition/initial_condition-pressure=2.00e-07.csv
Depth averaged turbulent dissipation = 0.002650
Ratio = 6.237574
205.92670345306396
Setting constant concentration for Diatoms @ 200
No initial condition for this pressure gradient --> using default!
Using initial condition from ../initial_condition/initial_condition-pressure=2.00e-07.csv
Depth averaged turbulent dissipation = 0.002650
Ratio = 445.777061
165.8736114501953
Setting constant concentration for Diatoms @ 200
No initial condition for this pressure gradient --> using default!
Using initial condition from ../initial_condition/initial_condition-pressure=2.00e-07.csv
Depth averaged turbulent dissipation = 0.002650
Ratio = 142.659301
164.1374490261078
Setting constant concentration for Diatoms @ 200
No initial condition for this pressure gradient --> using default!
Using initial condition from ../initial_condition/initial_condition-pressure=2.00e-07.csv
Depth averaged turbulent dissipation = 0.002650
Ratio = 116971.755009
107.47824764251709
Setting constant concentration for Diatoms @ 200
No initial condition for this pressure gradient --> using default!
Using initial condition from ../initial_condition/initial_condition-pressure=2.00e-07.csv
Depth averaged turbulent dissipation = 0.002650
Ratio = 427.956293
109.80834770202637
Setting constant concentration for Diatoms @ 200
No initial condition for this pressure gradient --> using default!
Using initial condition from ../initial_condition/initial_condition-pressure=2.00e-07.csv
Depth averaged turbulent dissipation = 0.002650
Ratio = 5112.084591
129.75712513923645
Setting constant concentration for Diatoms @ 200
No initial condition for this pressure gradient --> using default!
Using initial condition from ../initial_condition/initial_condition-pressure=2.00e-07.csv
Depth averaged turbulent dissipation = 0.002650
Ratio = 240536.173897
129.2096242904663
Setting constant concentration for Diatoms @ 200
No initial condition for this pressure gradient --> using default!
Using initial condition from ../initial_condition/initial_condition-pressure=2.00e-07.csv
Depth averaged turbulent dissipation = 0.002650
Ratio = 202216.714974
115.31910014152527
Setting constant concentration for Diatoms @ 200
No initial condition for this pressure gradient --> using default!
Using initial condition from ../initial_condition/initial_condition-pressure=2.00e-07.csv
Depth averaged turbulent dissipation = 0.002650
Ratio = 815.842855
183.30819249153137
Setting constant concentration for Diatoms @ 200
No initial condition for this pressure gradient --> using default!
Using initial condition from ../initial_condition/initial_condition-pressure=2.00e-07.csv
Depth averaged turbulent dissipation = 0.002650
Ratio = 56554.834980
152.96858310699463
Setting constant concentration for Diatoms @ 200
No initial condition for this pressure gradient --> using default!
Using initial condition from ../initial_condition/initial_condition-pressure=2.00e-07.csv
Depth averaged turbulent dissipation = 0.002650
Ratio = 5207.759261
123.60266757011414
Setting constant concentration for Diatoms @ 200
No initial condition for this pressure gradient --> using default!
Using initial condition from ../initial_condition/initial_condition-pressure=2.00e-07.csv
Depth averaged turbulent dissipation = 0.002650
Ratio = 702731.152770
115.07688426971436
Setting constant concentration for Diatoms @ 200
No initial condition for this pressure gradient --> using default!
Using initial condition from ../initial_condition/initial_condition-pressure=2.00e-07.csv
Depth averaged turbulent dissipation = 0.002650
Ratio = 1821.025362
171.94946432113647
Setting constant concentration for Diatoms @ 200
No initial condition for this pressure gradient --> using default!
Using initial condition from ../initial_condition/initial_condition-pressure=2.00e-07.csv
Depth averaged turbulent dissipation = 0.002650
Ratio = 712492.328168
126.66847324371338
Setting constant concentration for Diatoms @ 200
No initial condition for this pressure gradient --> using default!
Using initial condition from ../initial_condition/initial_condition-pressure=2.00e-07.csv
Depth averaged turbulent dissipation = 0.002650
Ratio = 215830.005377
122.20602822303772
Setting constant concentration for Diatoms @ 200
No initial condition for this pressure gradient --> using default!
Using initial condition from ../initial_condition/initial_condition-pressure=2.00e-07.csv
Depth averaged turbulent dissipation = 0.002650
Ratio = 7606.045491
127.29393601417542
Setting constant concentration for Diatoms @ 200
No initial condition for this pressure gradient --> using default!
Using initial condition from ../initial_condition/initial_condition-pressure=2.00e-07.csv
Depth averaged turbulent dissipation = 0.002650
Ratio = 22.882704
207.0186402797699
Setting constant concentration for Diatoms @ 200
No initial condition for this pressure gradient --> using default!
Using initial condition from ../initial_condition/initial_condition-pressure=2.00e-07.csv
Depth averaged turbulent dissipation = 0.002650
Ratio = 3270126.929770
123.65369200706482
Setting constant concentration for Diatoms @ 200
No initial condition for this pressure gradient --> using default!
Using initial condition from ../initial_condition/initial_condition-pressure=2.00e-07.csv
Depth averaged turbulent dissipation = 0.002650
Ratio = 840.404177
195.6093020439148
Setting constant concentration for Diatoms @ 200
No initial condition for this pressure gradient --> using default!
Using initial condition from ../initial_condition/initial_condition-pressure=2.00e-07.csv
Depth averaged turbulent dissipation = 0.002650
Ratio = 4479.443171
136.1198229789734
Setting constant concentration for Diatoms @ 200
No initial condition for this pressure gradient --> using default!
Using initial condition from ../initial_condition/initial_condition-pressure=2.00e-07.csv
Depth averaged turbulent dissipation = 0.002650
Ratio = 225399.381798
130.32136869430542
Setting constant concentration for Diatoms @ 200
No initial condition for this pressure gradient --> using default!
Using initial condition from ../initial_condition/initial_condition-pressure=2.00e-07.csv
Depth averaged turbulent dissipation = 0.002650
Ratio = 9.019354
211.89062547683716
Setting constant concentration for Diatoms @ 200
No initial condition for this pressure gradient --> using default!
Using initial condition from ../initial_condition/initial_condition-pressure=2.00e-07.csv
Depth averaged turbulent dissipation = 0.002650
Ratio = 1320987.819995
128.35995650291443
Setting constant concentration for Diatoms @ 200
No initial condition for this pressure gradient --> using default!
Using initial condition from ../initial_condition/initial_condition-pressure=2.00e-07.csv
Depth averaged turbulent dissipation = 0.002650
Ratio = 7167.893846
61.48346519470215
Setting constant concentration for Diatoms @ 200
No initial condition for this pressure gradient --> using default!
Using initial condition from ../initial_condition/initial_condition-pressure=2.00e-07.csv
Depth averaged turbulent dissipation = 0.002650
Ratio = 17641.665908
139.36239552497864
Setting constant concentration for Diatoms @ 200
No initial condition for this pressure gradient --> using default!
Using initial condition from ../initial_condition/initial_condition-pressure=2.00e-07.csv
Depth averaged turbulent dissipation = 0.002650
Ratio = 16.872090
201.01960682868958
Setting constant concentration for Diatoms @ 200
No initial condition for this pressure gradient --> using default!
Using initial condition from ../initial_condition/initial_condition-pressure=2.00e-07.csv
Depth averaged turbulent dissipation = 0.002650
Ratio = 2562.168779
187.92937850952148
Setting constant concentration for Diatoms @ 200
No initial condition for this pressure gradient --> using default!
Using initial condition from ../initial_condition/initial_condition-pressure=2.00e-07.csv
Depth averaged turbulent dissipation = 0.002650
Ratio = 330.644278
200.0446310043335
Setting constant concentration for Diatoms @ 200
No initial condition for this pressure gradient --> using default!
Using initial condition from ../initial_condition/initial_condition-pressure=2.00e-07.csv
Depth averaged turbulent dissipation = 0.002650
Ratio = 176.876839
200.36708307266235
Setting constant concentration for Diatoms @ 200
No initial condition for this pressure gradient --> using default!
Using initial condition from ../initial_condition/initial_condition-pressure=2.00e-07.csv
Depth averaged turbulent dissipation = 0.002650
Ratio = 223.062702
204.7959542274475
Setting constant concentration for Diatoms @ 200
No initial condition for this pressure gradient --> using default!
Using initial condition from ../initial_condition/initial_condition-pressure=2.00e-07.csv
Depth averaged turbulent dissipation = 0.002650
Ratio = 732419.111345
134.79414081573486
Setting constant concentration for Diatoms @ 200
No initial condition for this pressure gradient --> using default!
Using initial condition from ../initial_condition/initial_condition-pressure=2.00e-07.csv
Depth averaged turbulent dissipation = 0.002650
Ratio = 1302011.463575
61.351250410079956
Setting constant concentration for Diatoms @ 200
No initial condition for this pressure gradient --> using default!
Using initial condition from ../initial_condition/initial_condition-pressure=2.00e-07.csv
Depth averaged turbulent dissipation = 0.002650
Ratio = 2.440975
227.17386388778687
Setting constant concentration for Diatoms @ 200
No initial condition for this pressure gradient --> using default!
Using initial condition from ../initial_condition/initial_condition-pressure=2.00e-07.csv
Depth averaged turbulent dissipation = 0.002650
Ratio = 3835.776861
205.79288244247437
Setting constant concentration for Diatoms @ 200
No initial condition for this pressure gradient --> using default!
Using initial condition from ../initial_condition/initial_condition-pressure=2.00e-07.csv
Depth averaged turbulent dissipation = 0.002650
Ratio = 768.916028
139.89134645462036
Setting constant concentration for Diatoms @ 200
No initial condition for this pressure gradient --> using default!
Using initial condition from ../initial_condition/initial_condition-pressure=2.00e-07.csv
Depth averaged turbulent dissipation = 0.002650
Ratio = 4448400.586905
62.74691343307495
Setting constant concentration for Diatoms @ 200
No initial condition for this pressure gradient --> using default!
Using initial condition from ../initial_condition/initial_condition-pressure=2.00e-07.csv
Depth averaged turbulent dissipation = 0.002650
Ratio = 425.059031
210.69034814834595
Setting constant concentration for Diatoms @ 200
No initial condition for this pressure gradient --> using default!
Using initial condition from ../initial_condition/initial_condition-pressure=2.00e-07.csv
Depth averaged turbulent dissipation = 0.002650
Ratio = 10.276226
145.14536261558533
Setting constant concentration for Diatoms @ 200
No initial condition for this pressure gradient --> using default!
Using initial condition from ../initial_condition/initial_condition-pressure=2.00e-07.csv
Depth averaged turbulent dissipation = 0.002650
Ratio = 273850.335621
147.3487138748169
Setting constant concentration for Diatoms @ 200
No initial condition for this pressure gradient --> using default!
Using initial condition from ../initial_condition/initial_condition-pressure=2.00e-07.csv
Depth averaged turbulent dissipation = 0.002650
Ratio = 39346.121183
141.10750079154968
Setting constant concentration for Diatoms @ 200
No initial condition for this pressure gradient --> using default!
Using initial condition from ../initial_condition/initial_condition-pressure=2.00e-07.csv
Depth averaged turbulent dissipation = 0.002650
Ratio = 4345710.707159
63.87419366836548
Setting constant concentration for Diatoms @ 200
No initial condition for this pressure gradient --> using default!
Using initial condition from ../initial_condition/initial_condition-pressure=2.00e-07.csv
Depth averaged turbulent dissipation = 0.002650
Ratio = 11894753.430038
60.410264015197754
Setting constant concentration for Diatoms @ 200
No initial condition for this pressure gradient --> using default!
Using initial condition from ../initial_condition/initial_condition-pressure=2.00e-07.csv
Depth averaged turbulent dissipation = 0.002650
Ratio = 3.842270
259.8804883956909
Setting constant concentration for Diatoms @ 200
No initial condition for this pressure gradient --> using default!
Using initial condition from ../initial_condition/initial_condition-pressure=2.00e-07.csv
Depth averaged turbulent dissipation = 0.002650
Ratio = 36093775.229982
154.260094165802
Setting constant concentration for Diatoms @ 200
No initial condition for this pressure gradient --> using default!
Using initial condition from ../initial_condition/initial_condition-pressure=2.00e-07.csv
Depth averaged turbulent dissipation = 0.002650
Ratio = 114511.204214
143.1132128238678
Setting constant concentration for Diatoms @ 200
No initial condition for this pressure gradient --> using default!
Using initial condition from ../initial_condition/initial_condition-pressure=2.00e-07.csv
Depth averaged turbulent dissipation = 0.002650
Ratio = 152592.571734
146.80503916740417
Setting constant concentration for Diatoms @ 200
No initial condition for this pressure gradient --> using default!
Using initial condition from ../initial_condition/initial_condition-pressure=2.00e-07.csv
Depth averaged turbulent dissipation = 0.002650
Ratio = 4.819876
69.21552276611328
Setting constant concentration for Diatoms @ 200
No initial condition for this pressure gradient --> using default!
Using initial condition from ../initial_condition/initial_condition-pressure=2.00e-07.csv
Depth averaged turbulent dissipation = 0.002650
Ratio = 2986725.413220
79.72840666770935
Setting constant concentration for Diatoms @ 200
No initial condition for this pressure gradient --> using default!
Using initial condition from ../initial_condition/initial_condition-pressure=2.00e-07.csv
Depth averaged turbulent dissipation = 0.002650
Ratio = 337622.309773
67.85156202316284
Setting constant concentration for Diatoms @ 200
No initial condition for this pressure gradient --> using default!
Using initial condition from ../initial_condition/initial_condition-pressure=2.00e-07.csv
Depth averaged turbulent dissipation = 0.002650
Ratio = 342088.356282
151.5705373287201
Setting constant concentration for Diatoms @ 200
No initial condition for this pressure gradient --> using default!
Using initial condition from ../initial_condition/initial_condition-pressure=2.00e-07.csv
Depth averaged turbulent dissipation = 0.002650
Ratio = 0.866245
250.87494802474976
Setting constant concentration for Diatoms @ 200
No initial condition for this pressure gradient --> using default!
Using initial condition from ../initial_condition/initial_condition-pressure=2.00e-07.csv
Depth averaged turbulent dissipation = 0.002650
Ratio = 333214.121138
165.67898774147034
Setting constant concentration for Diatoms @ 200
No initial condition for this pressure gradient --> using default!
Using initial condition from ../initial_condition/initial_condition-pressure=2.00e-07.csv
Depth averaged turbulent dissipation = 0.002650
Ratio = 1548671.901897
69.50542879104614
Setting constant concentration for Diatoms @ 200
No initial condition for this pressure gradient --> using default!
Using initial condition from ../initial_condition/initial_condition-pressure=2.00e-07.csv
Depth averaged turbulent dissipation = 0.002650
Ratio = 752897.241717
192.62146258354187
Setting constant concentration for Diatoms @ 200
No initial condition for this pressure gradient --> using default!
Using initial condition from ../initial_condition/initial_condition-pressure=2.00e-07.csv
Depth averaged turbulent dissipation = 0.002650
Ratio = 18793.771480
165.0427668094635
Setting constant concentration for Diatoms @ 200
No initial condition for this pressure gradient --> using default!
Using initial condition from ../initial_condition/initial_condition-pressure=2.00e-07.csv
Depth averaged turbulent dissipation = 0.002650
Ratio = 150697.864503
172.07548022270203
Setting constant concentration for Diatoms @ 200
No initial condition for this pressure gradient --> using default!
Using initial condition from ../initial_condition/initial_condition-pressure=2.00e-07.csv
Depth averaged turbulent dissipation = 0.002650
Ratio = 620634.719936
169.06920099258423
Setting constant concentration for Diatoms @ 200
No initial condition for this pressure gradient --> using default!
Using initial condition from ../initial_condition/initial_condition-pressure=2.00e-07.csv
Depth averaged turbulent dissipation = 0.002650
Ratio = 0.999080
77.59829306602478
Setting constant concentration for Diatoms @ 200
No initial condition for this pressure gradient --> using default!
Using initial condition from ../initial_condition/initial_condition-pressure=2.00e-07.csv
Depth averaged turbulent dissipation = 0.002650
Ratio = 36790.573320
178.8964548110962
Setting constant concentration for Diatoms @ 200
No initial condition for this pressure gradient --> using default!
Using initial condition from ../initial_condition/initial_condition-pressure=2.00e-07.csv
Depth averaged turbulent dissipation = 0.002650
Ratio = 18401.553824
161.4763514995575
Setting constant concentration for Diatoms @ 200
No initial condition for this pressure gradient --> using default!
Using initial condition from ../initial_condition/initial_condition-pressure=2.00e-07.csv
Depth averaged turbulent dissipation = 0.002650
Ratio = 1461708.063153
176.65926265716553
Setting constant concentration for Diatoms @ 200
No initial condition for this pressure gradient --> using default!
Using initial condition from ../initial_condition/initial_condition-pressure=2.00e-07.csv
Depth averaged turbulent dissipation = 0.002650
Ratio = 14144.993220
204.50329637527466
Setting constant concentration for Diatoms @ 200
No initial condition for this pressure gradient --> using default!
Using initial condition from ../initial_condition/initial_condition-pressure=2.00e-07.csv
Depth averaged turbulent dissipation = 0.002650
Ratio = 9.871060
252.25095772743225
Setting constant concentration for Diatoms @ 200
No initial condition for this pressure gradient --> using default!
Using initial condition from ../initial_condition/initial_condition-pressure=2.00e-07.csv
Depth averaged turbulent dissipation = 0.002650
Ratio = 41147.799574
167.27806282043457
Setting constant concentration for Diatoms @ 200
No initial condition for this pressure gradient --> using default!
Using initial condition from ../initial_condition/initial_condition-pressure=2.00e-07.csv
Depth averaged turbulent dissipation = 0.002650
Ratio = 6020823.234136
85.35612225532532
Setting constant concentration for Diatoms @ 200
No initial condition for this pressure gradient --> using default!
Using initial condition from ../initial_condition/initial_condition-pressure=2.00e-07.csv
Depth averaged turbulent dissipation = 0.002650
Ratio = 324.687791
229.0933542251587
Setting constant concentration for Diatoms @ 200
No initial condition for this pressure gradient --> using default!
Using initial condition from ../initial_condition/initial_condition-pressure=2.00e-07.csv
Depth averaged turbulent dissipation = 0.002650
Ratio = 316145.460811
176.5921082496643
Setting constant concentration for Diatoms @ 200
No initial condition for this pressure gradient --> using default!
Using initial condition from ../initial_condition/initial_condition-pressure=2.00e-07.csv
Depth averaged turbulent dissipation = 0.002650
Ratio = 469973.294300
177.44133353233337
Setting constant concentration for Diatoms @ 200
No initial condition for this pressure gradient --> using default!
Using initial condition from ../initial_condition/initial_condition-pressure=2.00e-07.csv
Depth averaged turbulent dissipation = 0.002650
Ratio = 3480.104119
69.95319676399231
Setting constant concentration for Diatoms @ 200
No initial condition for this pressure gradient --> using default!
Using initial condition from ../initial_condition/initial_condition-pressure=2.00e-07.csv
Depth averaged turbulent dissipation = 0.002650
Ratio = 2.603486
64.36920666694641
Setting constant concentration for Diatoms @ 200
No initial condition for this pressure gradient --> using default!
Using initial condition from ../initial_condition/initial_condition-pressure=2.00e-07.csv
Depth averaged turbulent dissipation = 0.002650
Ratio = 5404.588542
178.7504665851593
Setting constant concentration for Diatoms @ 200
No initial condition for this pressure gradient --> using default!
Using initial condition from ../initial_condition/initial_condition-pressure=2.00e-07.csv
Depth averaged turbulent dissipation = 0.002650
Ratio = 682214501.231158
63.91065168380737
Setting constant concentration for Diatoms @ 200
No initial condition for this pressure gradient --> using default!
Using initial condition from ../initial_condition/initial_condition-pressure=2.00e-07.csv
Depth averaged turbulent dissipation = 0.002650
Ratio = 388932804.224869
61.3252158164978
Setting constant concentration for Diatoms @ 200
No initial condition for this pressure gradient --> using default!
Using initial condition from ../initial_condition/initial_condition-pressure=2.00e-07.csv
Depth averaged turbulent dissipation = 0.002650
Ratio = 28.453657
62.76360583305359
Setting constant concentration for Diatoms @ 200
No initial condition for this pressure gradient --> using default!
Using initial condition from ../initial_condition/initial_condition-pressure=2.00e-07.csv
Depth averaged turbulent dissipation = 0.002650
Ratio = 382.244706
242.81306219100952
Setting constant concentration for Diatoms @ 200
No initial condition for this pressure gradient --> using default!
Using initial condition from ../initial_condition/initial_condition-pressure=2.00e-07.csv
Depth averaged turbulent dissipation = 0.002650
Ratio = 1400.167851
235.0767900943756
Setting constant concentration for Diatoms @ 200
No initial condition for this pressure gradient --> using default!
Using initial condition from ../initial_condition/initial_condition-pressure=2.00e-07.csv
Depth averaged turbulent dissipation = 0.002650
Ratio = 1949967.854394
177.9442412853241
Setting constant concentration for Diatoms @ 200
No initial condition for this pressure gradient --> using default!
Using initial condition from ../initial_condition/initial_condition-pressure=2.00e-07.csv
Depth averaged turbulent dissipation = 0.002650
Ratio = 81239.353616
196.18551421165466
Setting constant concentration for Diatoms @ 200
No initial condition for this pressure gradient --> using default!
Using initial condition from ../initial_condition/initial_condition-pressure=2.00e-07.csv
Depth averaged turbulent dissipation = 0.002650
Ratio = 2142941121.437495
80.58277630805969
Setting constant concentration for Diatoms @ 200
No initial condition for this pressure gradient --> using default!
Using initial condition from ../initial_condition/initial_condition-pressure=2.00e-07.csv
Depth averaged turbulent dissipation = 0.002650
Ratio = 1529.304036
236.41117215156555
Setting constant concentration for Diatoms @ 200
No initial condition for this pressure gradient --> using default!
Using initial condition from ../initial_condition/initial_condition-pressure=2.00e-07.csv
Depth averaged turbulent dissipation = 0.002650
Ratio = 2334.045987
242.55673003196716
Setting constant concentration for Diatoms @ 200
No initial condition for this pressure gradient --> using default!
Using initial condition from ../initial_condition/initial_condition-pressure=2.00e-07.csv
Depth averaged turbulent dissipation = 0.002650
Ratio = 752.045602
264.39984035491943
Setting constant concentration for Diatoms @ 200
No initial condition for this pressure gradient --> using default!
Using initial condition from ../initial_condition/initial_condition-pressure=2.00e-07.csv
Depth averaged turbulent dissipation = 0.002650
Ratio = 24558.838073
190.8356876373291
Setting constant concentration for Diatoms @ 200
No initial condition for this pressure gradient --> using default!
Using initial condition from ../initial_condition/initial_condition-pressure=2.00e-07.csv
Depth averaged turbulent dissipation = 0.002650
Ratio = 513334.779666
209.01901721954346
Setting constant concentration for Diatoms @ 200
No initial condition for this pressure gradient --> using default!
Using initial condition from ../initial_condition/initial_condition-pressure=2.00e-07.csv
Depth averaged turbulent dissipation = 0.002650
Ratio = 10537.374659
82.73617792129517
Setting constant concentration for Diatoms @ 200
No initial condition for this pressure gradient --> using default!
Using initial condition from ../initial_condition/initial_condition-pressure=2.00e-07.csv
Depth averaged turbulent dissipation = 0.002650
Ratio = 138605.516428
189.32084798812866
Setting constant concentration for Diatoms @ 200
No initial condition for this pressure gradient --> using default!
Using initial condition from ../initial_condition/initial_condition-pressure=2.00e-07.csv
Depth averaged turbulent dissipation = 0.002650
Ratio = 10127.834387
209.76136684417725
Setting constant concentration for Diatoms @ 200
No initial condition for this pressure gradient --> using default!
Using initial condition from ../initial_condition/initial_condition-pressure=2.00e-07.csv
Depth averaged turbulent dissipation = 0.002650
Ratio = 16612.360733
77.35558724403381
Setting constant concentration for Diatoms @ 200
No initial condition for this pressure gradient --> using default!
Using initial condition from ../initial_condition/initial_condition-pressure=2.00e-07.csv
Depth averaged turbulent dissipation = 0.002650
Ratio = 38046.860775
201.23542404174805
Setting constant concentration for Diatoms @ 200
No initial condition for this pressure gradient --> using default!
Using initial condition from ../initial_condition/initial_condition-pressure=2.00e-07.csv
Depth averaged turbulent dissipation = 0.002650
Ratio = 2289216.049859
84.30606961250305
Setting constant concentration for Diatoms @ 200
No initial condition for this pressure gradient --> using default!
Using initial condition from ../initial_condition/initial_condition-pressure=2.00e-07.csv
Depth averaged turbulent dissipation = 0.002650
Ratio = 109740.855356
200.84558844566345
Setting constant concentration for Diatoms @ 200
No initial condition for this pressure gradient --> using default!
Using initial condition from ../initial_condition/initial_condition-pressure=2.00e-07.csv
Depth averaged turbulent dissipation = 0.002650
Ratio = 430203.771390
199.58534789085388
Setting constant concentration for Diatoms @ 200
No initial condition for this pressure gradient --> using default!
Using initial condition from ../initial_condition/initial_condition-pressure=2.00e-07.csv
Depth averaged turbulent dissipation = 0.002650
Ratio = 127.342756
267.3357367515564
Setting constant concentration for Diatoms @ 200
No initial condition for this pressure gradient --> using default!
Using initial condition from ../initial_condition/initial_condition-pressure=2.00e-07.csv
Depth averaged turbulent dissipation = 0.002650
Ratio = 98648.500607
204.25806856155396
Setting constant concentration for Diatoms @ 200
No initial condition for this pressure gradient --> using default!
Using initial condition from ../initial_condition/initial_condition-pressure=2.00e-07.csv
Depth averaged turbulent dissipation = 0.002650
Ratio = 336.706170
224.45862770080566
Setting constant concentration for Diatoms @ 200
No initial condition for this pressure gradient --> using default!
Using initial condition from ../initial_condition/initial_condition-pressure=2.00e-07.csv
Depth averaged turbulent dissipation = 0.002650
Ratio = 2698.424896
205.6506268978119
Setting constant concentration for Diatoms @ 200
No initial condition for this pressure gradient --> using default!
Using initial condition from ../initial_condition/initial_condition-pressure=2.00e-07.csv
Depth averaged turbulent dissipation = 0.002650
Ratio = 204.068526
275.4612431526184
Setting constant concentration for Diatoms @ 200
No initial condition for this pressure gradient --> using default!
Using initial condition from ../initial_condition/initial_condition-pressure=2.00e-07.csv
Depth averaged turbulent dissipation = 0.002650
Ratio = 674235.263833
225.41361570358276
Setting constant concentration for Diatoms @ 200
No initial condition for this pressure gradient --> using default!
Using initial condition from ../initial_condition/initial_condition-pressure=2.00e-07.csv
Depth averaged turbulent dissipation = 0.002650
Ratio = 66812.815149
204.75160574913025
Setting constant concentration for Diatoms @ 200
No initial condition for this pressure gradient --> using default!
Using initial condition from ../initial_condition/initial_condition-pressure=2.00e-07.csv
Depth averaged turbulent dissipation = 0.002650
Ratio = 452780046.918671
91.98703265190125
Setting constant concentration for Diatoms @ 200
No initial condition for this pressure gradient --> using default!
Using initial condition from ../initial_condition/initial_condition-pressure=2.00e-07.csv
Depth averaged turbulent dissipation = 0.002650
Ratio = 235383.317089
218.70105481147766
Setting constant concentration for Diatoms @ 200
No initial condition for this pressure gradient --> using default!
Using initial condition from ../initial_condition/initial_condition-pressure=2.00e-07.csv
Depth averaged turbulent dissipation = 0.002650
Ratio = 365312.688543
206.28464722633362
Setting constant concentration for Diatoms @ 200
No initial condition for this pressure gradient --> using default!
Using initial condition from ../initial_condition/initial_condition-pressure=2.00e-07.csv
Depth averaged turbulent dissipation = 0.002650
Ratio = 9449.385030
208.65367245674133
Setting constant concentration for Diatoms @ 200
No initial condition for this pressure gradient --> using default!
Using initial condition from ../initial_condition/initial_condition-pressure=2.00e-07.csv
Depth averaged turbulent dissipation = 0.002650
Ratio = 2137270.275321
213.68660712242126
Setting constant concentration for Diatoms @ 200
No initial condition for this pressure gradient --> using default!
Using initial condition from ../initial_condition/initial_condition-pressure=2.00e-07.csv
Depth averaged turbulent dissipation = 0.002650
Ratio = 238.394242
214.00984740257263
Setting constant concentration for Diatoms @ 200
No initial condition for this pressure gradient --> using default!
Using initial condition from ../initial_condition/initial_condition-pressure=2.00e-07.csv
Depth averaged turbulent dissipation = 0.002650
Ratio = 190980521.519288
63.96590232849121
Setting constant concentration for Diatoms @ 200
No initial condition for this pressure gradient --> using default!
Using initial condition from ../initial_condition/initial_condition-pressure=2.00e-07.csv
Depth averaged turbulent dissipation = 0.002650
Ratio = 64.200453
211.37438130378723
Setting constant concentration for Diatoms @ 200
No initial condition for this pressure gradient --> using default!
Using initial condition from ../initial_condition/initial_condition-pressure=2.00e-07.csv
Depth averaged turbulent dissipation = 0.002650
Ratio = 1388.997313
278.90689396858215
Setting constant concentration for Diatoms @ 200
No initial condition for this pressure gradient --> using default!
Using initial condition from ../initial_condition/initial_condition-pressure=2.00e-07.csv
Depth averaged turbulent dissipation = 0.002650
Ratio = 7027.374116
212.52832412719727
Setting constant concentration for Diatoms @ 200
No initial condition for this pressure gradient --> using default!
Using initial condition from ../initial_condition/initial_condition-pressure=2.00e-07.csv
Depth averaged turbulent dissipation = 0.002650
Ratio = 95811125.585943
74.06980609893799
Setting constant concentration for Diatoms @ 200
No initial condition for this pressure gradient --> using default!
Using initial condition from ../initial_condition/initial_condition-pressure=2.00e-07.csv
Depth averaged turbulent dissipation = 0.002650
Ratio = 171064651.526153
68.20356440544128
Setting constant concentration for Diatoms @ 200
No initial condition for this pressure gradient --> using default!
Using initial condition from ../initial_condition/initial_condition-pressure=2.00e-07.csv
Depth averaged turbulent dissipation = 0.002650
Ratio = 1026670495.525750
58.92681074142456
Setting constant concentration for Diatoms @ 200
No initial condition for this pressure gradient --> using default!
Using initial condition from ../initial_condition/initial_condition-pressure=2.00e-07.csv
Depth averaged turbulent dissipation = 0.002650
Ratio = 251174.910271
217.27284836769104
Setting constant concentration for Diatoms @ 200
No initial condition for this pressure gradient --> using default!
Using initial condition from ../initial_condition/initial_condition-pressure=2.00e-07.csv
Depth averaged turbulent dissipation = 0.002650
Ratio = 1103.772624
277.6172676086426
Setting constant concentration for Diatoms @ 200
No initial condition for this pressure gradient --> using default!
Using initial condition from ../initial_condition/initial_condition-pressure=2.00e-07.csv
Depth averaged turbulent dissipation = 0.002650
Ratio = 175.233999
64.27065420150757
Setting constant concentration for Diatoms @ 200
No initial condition for this pressure gradient --> using default!
Using initial condition from ../initial_condition/initial_condition-pressure=2.00e-07.csv
Depth averaged turbulent dissipation = 0.002650
Ratio = 4926.049969
275.70629477500916
Setting constant concentration for Diatoms @ 200
No initial condition for this pressure gradient --> using default!
Using initial condition from ../initial_condition/initial_condition-pressure=2.00e-07.csv
Depth averaged turbulent dissipation = 0.002650
Ratio = 1640743.108139
149.22069144248962
Setting constant concentration for Diatoms @ 200
No initial condition for this pressure gradient --> using default!
Using initial condition from ../initial_condition/initial_condition-pressure=2.00e-07.csv
Depth averaged turbulent dissipation = 0.002650
Ratio = 32581518.134394
74.93897485733032
Setting constant concentration for Diatoms @ 200
No initial condition for this pressure gradient --> using default!
Using initial condition from ../initial_condition/initial_condition-pressure=2.00e-07.csv
Depth averaged turbulent dissipation = 0.002650
Ratio = 23740802.350995
63.09573984146118
Setting constant concentration for Diatoms @ 200
No initial condition for this pressure gradient --> using default!
Using initial condition from ../initial_condition/initial_condition-pressure=2.00e-07.csv
Depth averaged turbulent dissipation = 0.002650
Ratio = 18596.622108
110.28195118904114
Setting constant concentration for Diatoms @ 200
No initial condition for this pressure gradient --> using default!
Using initial condition from ../initial_condition/initial_condition-pressure=2.00e-07.csv
Depth averaged turbulent dissipation = 0.002650
Ratio = 1154814417.760668
119.15693926811218
Setting constant concentration for Diatoms @ 200
No initial condition for this pressure gradient --> using default!
Using initial condition from ../initial_condition/initial_condition-pressure=2.00e-07.csv
Depth averaged turbulent dissipation = 0.002650
Ratio = 34.585419
61.68730592727661
Setting constant concentration for Diatoms @ 200
No initial condition for this pressure gradient --> using default!
Using initial condition from ../initial_condition/initial_condition-pressure=2.00e-07.csv
Depth averaged turbulent dissipation = 0.002650
Ratio = 2.400940
229.44614934921265
Setting constant concentration for Diatoms @ 200
No initial condition for this pressure gradient --> using default!
Using initial condition from ../initial_condition/initial_condition-pressure=2.00e-07.csv
Depth averaged turbulent dissipation = 0.002650
Ratio = 6260226.815819
155.38839840888977
Setting constant concentration for Diatoms @ 200
No initial condition for this pressure gradient --> using default!
Using initial condition from ../initial_condition/initial_condition-pressure=2.00e-07.csv
Depth averaged turbulent dissipation = 0.002650
Ratio = 14640505.924939
116.75207257270813
Setting constant concentration for Diatoms @ 200
No initial condition for this pressure gradient --> using default!
Using initial condition from ../initial_condition/initial_condition-pressure=2.00e-07.csv
Depth averaged turbulent dissipation = 0.002650
Ratio = 2602795255.015835
69.78377628326416
Setting constant concentration for Diatoms @ 200
No initial condition for this pressure gradient --> using default!
Using initial condition from ../initial_condition/initial_condition-pressure=2.00e-07.csv
Depth averaged turbulent dissipation = 0.002650
Ratio = 756738571.519690
78.83808159828186
Setting constant concentration for Diatoms @ 200
No initial condition for this pressure gradient --> using default!
Using initial condition from ../initial_condition/initial_condition-pressure=2.00e-07.csv
Depth averaged turbulent dissipation = 0.002650
Ratio = 3548.574299
78.95239281654358
Setting constant concentration for Diatoms @ 200
No initial condition for this pressure gradient --> using default!
Using initial condition from ../initial_condition/initial_condition-pressure=2.00e-07.csv
Depth averaged turbulent dissipation = 0.002650
Ratio = 22078888.690499
116.59687948226929
Setting constant concentration for Diatoms @ 200
No initial condition for this pressure gradient --> using default!
Using initial condition from ../initial_condition/initial_condition-pressure=2.00e-07.csv
Depth averaged turbulent dissipation = 0.002650
Ratio = 9356.284714
244.3095507621765
Setting constant concentration for Diatoms @ 200
No initial condition for this pressure gradient --> using default!
Using initial condition from ../initial_condition/initial_condition-pressure=2.00e-07.csv
Depth averaged turbulent dissipation = 0.002650
Ratio = 69648.369747
78.37676548957825
Setting constant concentration for Diatoms @ 200
No initial condition for this pressure gradient --> using default!
Using initial condition from ../initial_condition/initial_condition-pressure=2.00e-07.csv
Depth averaged turbulent dissipation = 0.002650
Ratio = 23173615.598261
77.03278732299805
Setting constant concentration for Diatoms @ 200
No initial condition for this pressure gradient --> using default!
Using initial condition from ../initial_condition/initial_condition-pressure=2.00e-07.csv
Depth averaged turbulent dissipation = 0.002650
Ratio = 2998291444.666780
81.17470741271973
Setting constant concentration for Diatoms @ 200
No initial condition for this pressure gradient --> using default!
Using initial condition from ../initial_condition/initial_condition-pressure=2.00e-07.csv
Depth averaged turbulent dissipation = 0.002650
Ratio = 9543.421981
241.58549118041992
Setting constant concentration for Diatoms @ 200
No initial condition for this pressure gradient --> using default!
Using initial condition from ../initial_condition/initial_condition-pressure=2.00e-07.csv
Depth averaged turbulent dissipation = 0.002650
Ratio = 4065.866579
232.39685130119324
Setting constant concentration for Diatoms @ 200
No initial condition for this pressure gradient --> using default!
Using initial condition from ../initial_condition/initial_condition-pressure=2.00e-07.csv
Depth averaged turbulent dissipation = 0.002650
Ratio = 296026.350025
237.40089297294617
Setting constant concentration for Diatoms @ 200
No initial condition for this pressure gradient --> using default!
Using initial condition from ../initial_condition/initial_condition-pressure=2.00e-07.csv
Depth averaged turbulent dissipation = 0.002650
Ratio = 2.434238
241.36243987083435
Setting constant concentration for Diatoms @ 200
No initial condition for this pressure gradient --> using default!
Using initial condition from ../initial_condition/initial_condition-pressure=2.00e-07.csv
Depth averaged turbulent dissipation = 0.002650
Ratio = 0.652782
83.62503576278687
Setting constant concentration for Diatoms @ 200
No initial condition for this pressure gradient --> using default!
Using initial condition from ../initial_condition/initial_condition-pressure=2.00e-07.csv
Depth averaged turbulent dissipation = 0.002650
Ratio = 987135479.698806
82.91764688491821
Setting constant concentration for Diatoms @ 200
No initial condition for this pressure gradient --> using default!
Using initial condition from ../initial_condition/initial_condition-pressure=2.00e-07.csv
Depth averaged turbulent dissipation = 0.002650
Ratio = 2.766470
80.00836849212646
Setting constant concentration for Diatoms @ 200
No initial condition for this pressure gradient --> using default!
Using initial condition from ../initial_condition/initial_condition-pressure=2.00e-07.csv
Depth averaged turbulent dissipation = 0.002650
Ratio = 1245022.674187
252.43250560760498
Setting constant concentration for Diatoms @ 200
No initial condition for this pressure gradient --> using default!
Using initial condition from ../initial_condition/initial_condition-pressure=2.00e-07.csv
Depth averaged turbulent dissipation = 0.002650
Ratio = 470283394.777023
81.63640260696411
Setting constant concentration for Diatoms @ 200
No initial condition for this pressure gradient --> using default!
Using initial condition from ../initial_condition/initial_condition-pressure=2.00e-07.csv
Depth averaged turbulent dissipation = 0.002650
Ratio = 113311300.389653
82.66463613510132
Setting constant concentration for Diatoms @ 200
No initial condition for this pressure gradient --> using default!
Using initial condition from ../initial_condition/initial_condition-pressure=2.00e-07.csv
Depth averaged turbulent dissipation = 0.002650
Ratio = 65895859.476213
84.11765122413635
Setting constant concentration for Diatoms @ 200
No initial condition for this pressure gradient --> using default!
Using initial condition from ../initial_condition/initial_condition-pressure=2.00e-07.csv
Depth averaged turbulent dissipation = 0.002650
Ratio = 166536.293756
261.6118941307068
Setting constant concentration for Diatoms @ 200
No initial condition for this pressure gradient --> using default!
Using initial condition from ../initial_condition/initial_condition-pressure=2.00e-07.csv
Depth averaged turbulent dissipation = 0.002650
Ratio = 26121.115737
135.32609510421753
Setting constant concentration for Diatoms @ 200
No initial condition for this pressure gradient --> using default!
Using initial condition from ../initial_condition/initial_condition-pressure=2.00e-07.csv
Depth averaged turbulent dissipation = 0.002650
Ratio = 6359794.674775
91.12649750709534
Setting constant concentration for Diatoms @ 200
No initial condition for this pressure gradient --> using default!
Using initial condition from ../initial_condition/initial_condition-pressure=2.00e-07.csv
Depth averaged turbulent dissipation = 0.002650
Ratio = 1482985.579735
89.13857817649841
Setting constant concentration for Diatoms @ 200
No initial condition for this pressure gradient --> using default!
Using initial condition from ../initial_condition/initial_condition-pressure=2.00e-07.csv
Depth averaged turbulent dissipation = 0.002650
Ratio = 2710263285.087336
105.49774098396301
Setting constant concentration for Diatoms @ 200
No initial condition for this pressure gradient --> using default!
Using initial condition from ../initial_condition/initial_condition-pressure=2.00e-07.csv
Depth averaged turbulent dissipation = 0.002650
Ratio = 57747.686375
271.31644463539124
Setting constant concentration for Diatoms @ 200
No initial condition for this pressure gradient --> using default!
Using initial condition from ../initial_condition/initial_condition-pressure=2.00e-07.csv
Depth averaged turbulent dissipation = 0.002650
Ratio = 5.406357
63.62423753738403
Setting constant concentration for Diatoms @ 200
No initial condition for this pressure gradient --> using default!
Using initial condition from ../initial_condition/initial_condition-pressure=2.00e-07.csv
Depth averaged turbulent dissipation = 0.002650
Ratio = 34086.089044
86.2351062297821
Setting constant concentration for Diatoms @ 200
No initial condition for this pressure gradient --> using default!
Using initial condition from ../initial_condition/initial_condition-pressure=2.00e-07.csv
Depth averaged turbulent dissipation = 0.002650
Ratio = 967931366.167204
91.49872636795044
Setting constant concentration for Diatoms @ 200
No initial condition for this pressure gradient --> using default!
Using initial condition from ../initial_condition/initial_condition-pressure=2.00e-07.csv
Depth averaged turbulent dissipation = 0.002650
Ratio = 37345242.351945
92.44917941093445
Setting constant concentration for Diatoms @ 200
No initial condition for this pressure gradient --> using default!
Using initial condition from ../initial_condition/initial_condition-pressure=2.00e-07.csv
Depth averaged turbulent dissipation = 0.002650
Ratio = 17.008118
81.2888252735138
Setting constant concentration for Diatoms @ 200
No initial condition for this pressure gradient --> using default!
Using initial condition from ../initial_condition/initial_condition-pressure=2.00e-07.csv
Depth averaged turbulent dissipation = 0.002650
Ratio = 3.520135
87.10596990585327
Setting constant concentration for Diatoms @ 200
No initial condition for this pressure gradient --> using default!
Using initial condition from ../initial_condition/initial_condition-pressure=2.00e-07.csv
Depth averaged turbulent dissipation = 0.002650
Ratio = 5.790217
240.40425062179565
Setting constant concentration for Diatoms @ 200
No initial condition for this pressure gradient --> using default!
Using initial condition from ../initial_condition/initial_condition-pressure=2.00e-07.csv
Depth averaged turbulent dissipation = 0.002650
Ratio = 138450433.399308
92.03578281402588
Setting constant concentration for Diatoms @ 200
No initial condition for this pressure gradient --> using default!
Using initial condition from ../initial_condition/initial_condition-pressure=2.00e-07.csv
Depth averaged turbulent dissipation = 0.002650
Ratio = 16693843.263452
83.43780565261841
Setting constant concentration for Diatoms @ 200
No initial condition for this pressure gradient --> using default!
Using initial condition from ../initial_condition/initial_condition-pressure=2.00e-07.csv
Depth averaged turbulent dissipation = 0.002650
Ratio = 119139466.362780
88.9560604095459
Setting constant concentration for Diatoms @ 200
No initial condition for this pressure gradient --> using default!
Using initial condition from ../initial_condition/initial_condition-pressure=2.00e-07.csv
Depth averaged turbulent dissipation = 0.002650
Ratio = 75667.893630
88.57803177833557
Setting constant concentration for Diatoms @ 200
No initial condition for this pressure gradient --> using default!
Using initial condition from ../initial_condition/initial_condition-pressure=2.00e-07.csv
Depth averaged turbulent dissipation = 0.002650
Ratio = 20884.603058
110.21164894104004
Setting constant concentration for Diatoms @ 200
No initial condition for this pressure gradient --> using default!
Using initial condition from ../initial_condition/initial_condition-pressure=2.00e-07.csv
Depth averaged turbulent dissipation = 0.002650
Ratio = 883777081.327582
144.1577489376068
Setting constant concentration for Diatoms @ 200
No initial condition for this pressure gradient --> using default!
Using initial condition from ../initial_condition/initial_condition-pressure=2.00e-07.csv
Depth averaged turbulent dissipation = 0.002650
Ratio = 42079.341771
263.72655630111694
Setting constant concentration for Diatoms @ 200
No initial condition for this pressure gradient --> using default!
Using initial condition from ../initial_condition/initial_condition-pressure=2.00e-07.csv
Depth averaged turbulent dissipation = 0.002650
Ratio = 2686122.552047
185.80006408691406
Setting constant concentration for Diatoms @ 200
No initial condition for this pressure gradient --> using default!
Using initial condition from ../initial_condition/initial_condition-pressure=2.00e-07.csv
Depth averaged turbulent dissipation = 0.002650
Ratio = 301.881109
258.95471119880676
Setting constant concentration for Diatoms @ 200
No initial condition for this pressure gradient --> using default!
Using initial condition from ../initial_condition/initial_condition-pressure=2.00e-07.csv
Depth averaged turbulent dissipation = 0.002650
Ratio = 7912.498546
270.03398084640503
Setting constant concentration for Diatoms @ 200
No initial condition for this pressure gradient --> using default!
Using initial condition from ../initial_condition/initial_condition-pressure=2.00e-07.csv
Depth averaged turbulent dissipation = 0.002650
Ratio = 2941909.729934
116.40572667121887
Setting constant concentration for Diatoms @ 200
No initial condition for this pressure gradient --> using default!
Using initial condition from ../initial_condition/initial_condition-pressure=2.00e-07.csv
Depth averaged turbulent dissipation = 0.002650
Ratio = 34.998766
110.77011632919312
Setting constant concentration for Diatoms @ 200
No initial condition for this pressure gradient --> using default!
Using initial condition from ../initial_condition/initial_condition-pressure=2.00e-07.csv
Depth averaged turbulent dissipation = 0.002650
Ratio = 1443149560.429761
97.94224786758423
Setting constant concentration for Diatoms @ 200
No initial condition for this pressure gradient --> using default!
Using initial condition from ../initial_condition/initial_condition-pressure=2.00e-07.csv
Depth averaged turbulent dissipation = 0.002650
Ratio = 34883540.892903
92.1505753993988
Setting constant concentration for Diatoms @ 200
No initial condition for this pressure gradient --> using default!
Using initial condition from ../initial_condition/initial_condition-pressure=2.00e-07.csv
Depth averaged turbulent dissipation = 0.002650
Ratio = 78881504.265590
171.55713295936584
Setting constant concentration for Diatoms @ 200
No initial condition for this pressure gradient --> using default!
Using initial condition from ../initial_condition/initial_condition-pressure=2.00e-07.csv
Depth averaged turbulent dissipation = 0.002650
Ratio = 7329121.684407
92.67508935928345
Setting constant concentration for Diatoms @ 200
No initial condition for this pressure gradient --> using default!
Using initial condition from ../initial_condition/initial_condition-pressure=2.00e-07.csv
Depth averaged turbulent dissipation = 0.002650
Ratio = 10027.981327
115.06661772727966
Setting constant concentration for Diatoms @ 200
No initial condition for this pressure gradient --> using default!
Using initial condition from ../initial_condition/initial_condition-pressure=2.00e-07.csv
Depth averaged turbulent dissipation = 0.002650
Ratio = 61475.438332
101.67651748657227
Setting constant concentration for Diatoms @ 200
No initial condition for this pressure gradient --> using default!
Using initial condition from ../initial_condition/initial_condition-pressure=2.00e-07.csv
Depth averaged turbulent dissipation = 0.002650
Ratio = 2540.152115
332.36916756629944
Setting constant concentration for Diatoms @ 200
No initial condition for this pressure gradient --> using default!
Using initial condition from ../initial_condition/initial_condition-pressure=2.00e-07.csv
Depth averaged turbulent dissipation = 0.002650
Ratio = 346613.000801
273.81261563301086
Setting constant concentration for Diatoms @ 200
No initial condition for this pressure gradient --> using default!
Using initial condition from ../initial_condition/initial_condition-pressure=2.00e-07.csv
Depth averaged turbulent dissipation = 0.002650
Ratio = 6889.535008
71.65618634223938
Setting constant concentration for Diatoms @ 200
No initial condition for this pressure gradient --> using default!
Using initial condition from ../initial_condition/initial_condition-pressure=2.00e-07.csv
Depth averaged turbulent dissipation = 0.002650
Ratio = 4.981785
99.24069666862488
Setting constant concentration for Diatoms @ 200
No initial condition for this pressure gradient --> using default!
Using initial condition from ../initial_condition/initial_condition-pressure=2.00e-07.csv
Depth averaged turbulent dissipation = 0.002650
Ratio = 17291.854562
189.52867937088013
Setting constant concentration for Diatoms @ 200
No initial condition for this pressure gradient --> using default!
Using initial condition from ../initial_condition/initial_condition-pressure=2.00e-07.csv
Depth averaged turbulent dissipation = 0.002650
Ratio = 2122.005897
276.677597284317
Setting constant concentration for Diatoms @ 200
No initial condition for this pressure gradient --> using default!
Using initial condition from ../initial_condition/initial_condition-pressure=2.00e-07.csv
Depth averaged turbulent dissipation = 0.002650
Ratio = 11.208368
112.16904926300049
Setting constant concentration for Diatoms @ 200
No initial condition for this pressure gradient --> using default!
Using initial condition from ../initial_condition/initial_condition-pressure=2.00e-07.csv
Depth averaged turbulent dissipation = 0.002650
Ratio = 3761.928830
252.4589819908142
Setting constant concentration for Diatoms @ 200
No initial condition for this pressure gradient --> using default!
Using initial condition from ../initial_condition/initial_condition-pressure=2.00e-07.csv
Depth averaged turbulent dissipation = 0.002650
Ratio = 461450401.633124
107.89944243431091
Setting constant concentration for Diatoms @ 200
No initial condition for this pressure gradient --> using default!
Using initial condition from ../initial_condition/initial_condition-pressure=2.00e-07.csv
Depth averaged turbulent dissipation = 0.002650
Ratio = 149228432.052887
120.57674980163574
Setting constant concentration for Diatoms @ 200
No initial condition for this pressure gradient --> using default!
Using initial condition from ../initial_condition/initial_condition-pressure=2.00e-07.csv
Depth averaged turbulent dissipation = 0.002650
Ratio = 2.939126
116.21036076545715
Setting constant concentration for Diatoms @ 200
No initial condition for this pressure gradient --> using default!
Using initial condition from ../initial_condition/initial_condition-pressure=2.00e-07.csv
Depth averaged turbulent dissipation = 0.002650
Ratio = 8905.621695
103.11836290359497
Setting constant concentration for Diatoms @ 200
No initial condition for this pressure gradient --> using default!
Using initial condition from ../initial_condition/initial_condition-pressure=2.00e-07.csv
Depth averaged turbulent dissipation = 0.002650
Ratio = 135030736.699027
104.57525491714478
Setting constant concentration for Diatoms @ 200
No initial condition for this pressure gradient --> using default!
Using initial condition from ../initial_condition/initial_condition-pressure=2.00e-07.csv
Depth averaged turbulent dissipation = 0.002650
Ratio = 32029764.890697
112.61708378791809
Setting constant concentration for Diatoms @ 200
No initial condition for this pressure gradient --> using default!
Using initial condition from ../initial_condition/initial_condition-pressure=2.00e-07.csv
Depth averaged turbulent dissipation = 0.002650
Ratio = 9.168077
278.26287817955017
Setting constant concentration for Diatoms @ 200
No initial condition for this pressure gradient --> using default!
Using initial condition from ../initial_condition/initial_condition-pressure=2.00e-07.csv
Depth averaged turbulent dissipation = 0.002650
Ratio = 1965.937076
329.2925820350647
Setting constant concentration for Diatoms @ 200
No initial condition for this pressure gradient --> using default!
Using initial condition from ../initial_condition/initial_condition-pressure=2.00e-07.csv
Depth averaged turbulent dissipation = 0.002650
Ratio = 16969646.421740
109.31826591491699
Setting constant concentration for Diatoms @ 200
No initial condition for this pressure gradient --> using default!
Using initial condition from ../initial_condition/initial_condition-pressure=2.00e-07.csv
Depth averaged turbulent dissipation = 0.002650
Ratio = 64089.955040
125.69452905654907
Setting constant concentration for Diatoms @ 200
No initial condition for this pressure gradient --> using default!
Using initial condition from ../initial_condition/initial_condition-pressure=2.00e-07.csv
Depth averaged turbulent dissipation = 0.002650
Ratio = 221107574.322776
105.57578039169312
Setting constant concentration for Diatoms @ 200
No initial condition for this pressure gradient --> using default!
Using initial condition from ../initial_condition/initial_condition-pressure=2.00e-07.csv
Depth averaged turbulent dissipation = 0.002650
Ratio = 369683891.368736
123.22238874435425
Setting constant concentration for Diatoms @ 200
No initial condition for this pressure gradient --> using default!
Using initial condition from ../initial_condition/initial_condition-pressure=2.00e-07.csv
Depth averaged turbulent dissipation = 0.002650
Ratio = 0.638743
118.35155272483826
Setting constant concentration for Diatoms @ 200
No initial condition for this pressure gradient --> using default!
Using initial condition from ../initial_condition/initial_condition-pressure=2.00e-07.csv
Depth averaged turbulent dissipation = 0.002650
Ratio = 3580023.037291
108.97410774230957
Setting constant concentration for Diatoms @ 200
No initial condition for this pressure gradient --> using default!
Using initial condition from ../initial_condition/initial_condition-pressure=2.00e-07.csv
Depth averaged turbulent dissipation = 0.002650
Ratio = 206658.408771
284.18922305107117
Setting constant concentration for Diatoms @ 200
No initial condition for this pressure gradient --> using default!
Using initial condition from ../initial_condition/initial_condition-pressure=2.00e-07.csv
Depth averaged turbulent dissipation = 0.002650
Ratio = 16155395.407117
107.99324345588684
Setting constant concentration for Diatoms @ 200
No initial condition for this pressure gradient --> using default!
Using initial condition from ../initial_condition/initial_condition-pressure=2.00e-07.csv
Depth averaged turbulent dissipation = 0.002650
Ratio = 80283.138477
293.21977400779724
Setting constant concentration for Diatoms @ 200
No initial condition for this pressure gradient --> using default!
Using initial condition from ../initial_condition/initial_condition-pressure=2.00e-07.csv
Depth averaged turbulent dissipation = 0.002650
Ratio = 55486480.922704
123.60650038719177
Setting constant concentration for Diatoms @ 200
No initial condition for this pressure gradient --> using default!
Using initial condition from ../initial_condition/initial_condition-pressure=2.00e-07.csv
Depth averaged turbulent dissipation = 0.002650
Ratio = 2897758.456625
204.3406925201416
Setting constant concentration for Diatoms @ 200
No initial condition for this pressure gradient --> using default!
Using initial condition from ../initial_condition/initial_condition-pressure=2.00e-07.csv
Depth averaged turbulent dissipation = 0.002650
Ratio = 79.841402
278.9997944831848
Setting constant concentration for Diatoms @ 200
No initial condition for this pressure gradient --> using default!
Using initial condition from ../initial_condition/initial_condition-pressure=2.00e-07.csv
Depth averaged turbulent dissipation = 0.002650
Ratio = 1177642893.527680
135.87783670425415
Setting constant concentration for Diatoms @ 200
No initial condition for this pressure gradient --> using default!
Using initial condition from ../initial_condition/initial_condition-pressure=2.00e-07.csv
Depth averaged turbulent dissipation = 0.002650
Ratio = 174236273.475243
114.44608426094055
Setting constant concentration for Diatoms @ 200
No initial condition for this pressure gradient --> using default!
Using initial condition from ../initial_condition/initial_condition-pressure=2.00e-07.csv
Depth averaged turbulent dissipation = 0.002650
Ratio = 156867526.983377
114.50313782691956
Setting constant concentration for Diatoms @ 200
No initial condition for this pressure gradient --> using default!
Using initial condition from ../initial_condition/initial_condition-pressure=2.00e-07.csv
Depth averaged turbulent dissipation = 0.002650
Ratio = 2879654191.647466
113.57590460777283
Setting constant concentration for Diatoms @ 200
No initial condition for this pressure gradient --> using default!
Using initial condition from ../initial_condition/initial_condition-pressure=2.00e-07.csv
Depth averaged turbulent dissipation = 0.002650
Ratio = 116189444.931288
125.66633033752441
Setting constant concentration for Diatoms @ 200
No initial condition for this pressure gradient --> using default!
Using initial condition from ../initial_condition/initial_condition-pressure=2.00e-07.csv
Depth averaged turbulent dissipation = 0.002650
Ratio = 664742126.614601
142.430513381958
Setting constant concentration for Diatoms @ 200
No initial condition for this pressure gradient --> using default!
Using initial condition from ../initial_condition/initial_condition-pressure=2.00e-07.csv
Depth averaged turbulent dissipation = 0.002650
Ratio = 435915641.297600
130.9656298160553
Setting constant concentration for Diatoms @ 200
No initial condition for this pressure gradient --> using default!
Using initial condition from ../initial_condition/initial_condition-pressure=2.00e-07.csv
Depth averaged turbulent dissipation = 0.002650
Ratio = 225186555.668631
128.3231635093689
Setting constant concentration for Diatoms @ 200
No initial condition for this pressure gradient --> using default!
Using initial condition from ../initial_condition/initial_condition-pressure=2.00e-07.csv
Depth averaged turbulent dissipation = 0.002650
Ratio = 12.102890
123.98313212394714
Setting constant concentration for Diatoms @ 200
No initial condition for this pressure gradient --> using default!
Using initial condition from ../initial_condition/initial_condition-pressure=2.00e-07.csv
Depth averaged turbulent dissipation = 0.002650
Ratio = 2088853.981345
203.61732053756714
Setting constant concentration for Diatoms @ 200
No initial condition for this pressure gradient --> using default!
Using initial condition from ../initial_condition/initial_condition-pressure=2.00e-07.csv
Depth averaged turbulent dissipation = 0.002650
Ratio = 56868033.048225
120.34600973129272
Setting constant concentration for Diatoms @ 200
No initial condition for this pressure gradient --> using default!
Using initial condition from ../initial_condition/initial_condition-pressure=2.00e-07.csv
Depth averaged turbulent dissipation = 0.002650
Ratio = 1603984161.952602
131.94064903259277
Setting constant concentration for Diatoms @ 200
No initial condition for this pressure gradient --> using default!
Using initial condition from ../initial_condition/initial_condition-pressure=2.00e-07.csv
Depth averaged turbulent dissipation = 0.002650
Ratio = 36.927280
58.56468677520752
Setting constant concentration for Diatoms @ 200
No initial condition for this pressure gradient --> using default!
Using initial condition from ../initial_condition/initial_condition-pressure=2.00e-07.csv
Depth averaged turbulent dissipation = 0.002650
Ratio = 0.907586
355.1798129081726
Setting constant concentration for Diatoms @ 200
No initial condition for this pressure gradient --> using default!
Using initial condition from ../initial_condition/initial_condition-pressure=2.00e-07.csv
Depth averaged turbulent dissipation = 0.002650
Ratio = 1422.786643
361.3589117527008
Setting constant concentration for Diatoms @ 200
No initial condition for this pressure gradient --> using default!
Using initial condition from ../initial_condition/initial_condition-pressure=2.00e-07.csv
Depth averaged turbulent dissipation = 0.002650
Ratio = 10074307.789076
134.93348622322083
Setting constant concentration for Diatoms @ 200
No initial condition for this pressure gradient --> using default!
Using initial condition from ../initial_condition/initial_condition-pressure=2.00e-07.csv
Depth averaged turbulent dissipation = 0.002650
Ratio = 271799.161555
123.79855847358704
Setting constant concentration for Diatoms @ 200
No initial condition for this pressure gradient --> using default!
Using initial condition from ../initial_condition/initial_condition-pressure=2.00e-07.csv
Depth averaged turbulent dissipation = 0.002650
Ratio = 5747547.231965
219.8438515663147
Setting constant concentration for Diatoms @ 200
No initial condition for this pressure gradient --> using default!
Using initial condition from ../initial_condition/initial_condition-pressure=2.00e-07.csv
Depth averaged turbulent dissipation = 0.002650
Ratio = 4835.625705
298.14388394355774
Setting constant concentration for Diatoms @ 200
No initial condition for this pressure gradient --> using default!
Using initial condition from ../initial_condition/initial_condition-pressure=2.00e-07.csv
Depth averaged turbulent dissipation = 0.002650
Ratio = 1.552313
60.75619626045227
Setting constant concentration for Diatoms @ 200
No initial condition for this pressure gradient --> using default!
Using initial condition from ../initial_condition/initial_condition-pressure=2.00e-07.csv
Depth averaged turbulent dissipation = 0.002650
Ratio = 92488152.530207
227.13114523887634
Setting constant concentration for Diatoms @ 200
No initial condition for this pressure gradient --> using default!
Using initial condition from ../initial_condition/initial_condition-pressure=2.00e-07.csv
Depth averaged turbulent dissipation = 0.002650
Ratio = 184101422.909413
57.672651052474976
Setting constant concentration for Diatoms @ 200
No initial condition for this pressure gradient --> using default!
Using initial condition from ../initial_condition/initial_condition-pressure=2.00e-07.csv
Depth averaged turbulent dissipation = 0.002650
Ratio = 3032215.238000
216.15932178497314
Setting constant concentration for Diatoms @ 200
No initial condition for this pressure gradient --> using default!
Using initial condition from ../initial_condition/initial_condition-pressure=2.00e-07.csv
Depth averaged turbulent dissipation = 0.002650
Ratio = 2026.767906
60.7919807434082
Setting constant concentration for Diatoms @ 200
No initial condition for this pressure gradient --> using default!
Using initial condition from ../initial_condition/initial_condition-pressure=2.00e-07.csv
Depth averaged turbulent dissipation = 0.002650
Ratio = 25589.883371
313.37932801246643
Setting constant concentration for Diatoms @ 200
No initial condition for this pressure gradient --> using default!
Using initial condition from ../initial_condition/initial_condition-pressure=2.00e-07.csv
Depth averaged turbulent dissipation = 0.002650
Ratio = 20021.599498
154.18377017974854
Setting constant concentration for Diatoms @ 200
No initial condition for this pressure gradient --> using default!
Using initial condition from ../initial_condition/initial_condition-pressure=2.00e-07.csv
Depth averaged turbulent dissipation = 0.002650
Ratio = 0.652827
72.05161094665527
Setting constant concentration for Diatoms @ 200
No initial condition for this pressure gradient --> using default!
Using initial condition from ../initial_condition/initial_condition-pressure=2.00e-07.csv
Depth averaged turbulent dissipation = 0.002650
Ratio = 0.625017
64.47042202949524
Setting constant concentration for Diatoms @ 200
No initial condition for this pressure gradient --> using default!
Using initial condition from ../initial_condition/initial_condition-pressure=2.00e-07.csv
Depth averaged turbulent dissipation = 0.002650
Ratio = 34788.506376
64.51837658882141
Setting constant concentration for Diatoms @ 200
No initial condition for this pressure gradient --> using default!
Using initial condition from ../initial_condition/initial_condition-pressure=2.00e-07.csv
Depth averaged turbulent dissipation = 0.002650
Ratio = 5064.917693
309.0200457572937
Setting constant concentration for Diatoms @ 200
No initial condition for this pressure gradient --> using default!
Using initial condition from ../initial_condition/initial_condition-pressure=2.00e-07.csv
Depth averaged turbulent dissipation = 0.002650
Ratio = 1.489283
66.91005444526672
Setting constant concentration for Diatoms @ 200
No initial condition for this pressure gradient --> using default!
Using initial condition from ../initial_condition/initial_condition-pressure=2.00e-07.csv
Depth averaged turbulent dissipation = 0.002650
Ratio = 9264.111926
150.35150814056396
Setting constant concentration for Diatoms @ 200
No initial condition for this pressure gradient --> using default!
Using initial condition from ../initial_condition/initial_condition-pressure=2.00e-07.csv
Depth averaged turbulent dissipation = 0.002650
Ratio = 403.530528
65.48030090332031
Setting constant concentration for Diatoms @ 200
No initial condition for this pressure gradient --> using default!
Using initial condition from ../initial_condition/initial_condition-pressure=2.00e-07.csv
Depth averaged turbulent dissipation = 0.002650
Ratio = 143350.616568
310.9125306606293
Setting constant concentration for Diatoms @ 200
No initial condition for this pressure gradient --> using default!
Using initial condition from ../initial_condition/initial_condition-pressure=2.00e-07.csv
Depth averaged turbulent dissipation = 0.002650
Ratio = 8.604323
68.1906509399414
Setting constant concentration for Diatoms @ 200
No initial condition for this pressure gradient --> using default!
Using initial condition from ../initial_condition/initial_condition-pressure=2.00e-07.csv
Depth averaged turbulent dissipation = 0.002650
Ratio = 1224632980.434031
157.1911985874176
Setting constant concentration for Diatoms @ 200
No initial condition for this pressure gradient --> using default!
Using initial condition from ../initial_condition/initial_condition-pressure=2.00e-07.csv
Depth averaged turbulent dissipation = 0.002650
Ratio = 122163122.518074
154.98153686523438
Setting constant concentration for Diatoms @ 200
No initial condition for this pressure gradient --> using default!
Using initial condition from ../initial_condition/initial_condition-pressure=2.00e-07.csv
Depth averaged turbulent dissipation = 0.002650
Ratio = 3.706504
68.64289450645447
Setting constant concentration for Diatoms @ 200
No initial condition for this pressure gradient --> using default!
Using initial condition from ../initial_condition/initial_condition-pressure=2.00e-07.csv
Depth averaged turbulent dissipation = 0.002650
Ratio = 6.164049
66.9681704044342
Setting constant concentration for Diatoms @ 200
No initial condition for this pressure gradient --> using default!
Using initial condition from ../initial_condition/initial_condition-pressure=2.00e-07.csv
Depth averaged turbulent dissipation = 0.002650
Ratio = 1.020746
60.68021082878113
Setting constant concentration for Diatoms @ 200
No initial condition for this pressure gradient --> using default!
Using initial condition from ../initial_condition/initial_condition-pressure=2.00e-07.csv
Depth averaged turbulent dissipation = 0.002650
Ratio = 4998649.446516
76.23528265953064
Setting constant concentration for Diatoms @ 200
No initial condition for this pressure gradient --> using default!
Using initial condition from ../initial_condition/initial_condition-pressure=2.00e-07.csv
Depth averaged turbulent dissipation = 0.002650
Ratio = 24.474610
76.4728057384491
Setting constant concentration for Diatoms @ 200
No initial condition for this pressure gradient --> using default!
Using initial condition from ../initial_condition/initial_condition-pressure=2.00e-07.csv
Depth averaged turbulent dissipation = 0.002650
Ratio = 135701.360271
322.4152443408966
Setting constant concentration for Diatoms @ 200
No initial condition for this pressure gradient --> using default!
Using initial condition from ../initial_condition/initial_condition-pressure=2.00e-07.csv
Depth averaged turbulent dissipation = 0.002650
Ratio = 8.637353
71.1383113861084
Setting constant concentration for Diatoms @ 200
No initial condition for this pressure gradient --> using default!
Using initial condition from ../initial_condition/initial_condition-pressure=2.00e-07.csv
Depth averaged turbulent dissipation = 0.002650
Ratio = 1.328372
82.60341906547546
Setting constant concentration for Diatoms @ 200
No initial condition for this pressure gradient --> using default!
Using initial condition from ../initial_condition/initial_condition-pressure=2.00e-07.csv
Depth averaged turbulent dissipation = 0.002650
Ratio = 244.380517
78.19488954544067
Setting constant concentration for Diatoms @ 200
No initial condition for this pressure gradient --> using default!
Using initial condition from ../initial_condition/initial_condition-pressure=2.00e-07.csv
Depth averaged turbulent dissipation = 0.002650
Ratio = 97.818933
314.1263289451599
Setting constant concentration for Diatoms @ 200
No initial condition for this pressure gradient --> using default!
Using initial condition from ../initial_condition/initial_condition-pressure=2.00e-07.csv
Depth averaged turbulent dissipation = 0.002650
Ratio = 8.538708
59.67055058479309
Setting constant concentration for Diatoms @ 200
No initial condition for this pressure gradient --> using default!
Using initial condition from ../initial_condition/initial_condition-pressure=2.00e-07.csv
Depth averaged turbulent dissipation = 0.002650
Ratio = 3.084920
69.71629333496094
Setting constant concentration for Diatoms @ 200
No initial condition for this pressure gradient --> using default!
Using initial condition from ../initial_condition/initial_condition-pressure=2.00e-07.csv
Depth averaged turbulent dissipation = 0.002650
Ratio = 17.520512
77.55113577842712
Setting constant concentration for Diatoms @ 200
No initial condition for this pressure gradient --> using default!
Using initial condition from ../initial_condition/initial_condition-pressure=2.00e-07.csv
Depth averaged turbulent dissipation = 0.002650
Ratio = 2.235318
74.81453824043274
Setting constant concentration for Diatoms @ 200
No initial condition for this pressure gradient --> using default!
Using initial condition from ../initial_condition/initial_condition-pressure=2.00e-07.csv
Depth averaged turbulent dissipation = 0.002650
Ratio = 6162197.247491
156.85223293304443
Setting constant concentration for Diatoms @ 200
No initial condition for this pressure gradient --> using default!
Using initial condition from ../initial_condition/initial_condition-pressure=2.00e-07.csv
Depth averaged turbulent dissipation = 0.002650
Ratio = 1736.922085
73.60934066772461
Setting constant concentration for Diatoms @ 200
No initial condition for this pressure gradient --> using default!
Using initial condition from ../initial_condition/initial_condition-pressure=2.00e-07.csv
Depth averaged turbulent dissipation = 0.002650
Ratio = 46.809303
75.90169668197632
Setting constant concentration for Diatoms @ 200
No initial condition for this pressure gradient --> using default!
Using initial condition from ../initial_condition/initial_condition-pressure=2.00e-07.csv
Depth averaged turbulent dissipation = 0.002650
Ratio = 9831.245075
235.8127739429474
Setting constant concentration for Diatoms @ 200
No initial condition for this pressure gradient --> using default!
Using initial condition from ../initial_condition/initial_condition-pressure=2.00e-07.csv
Depth averaged turbulent dissipation = 0.002650
Ratio = 107763814.321979
81.419917345047
Setting constant concentration for Diatoms @ 200
No initial condition for this pressure gradient --> using default!
Using initial condition from ../initial_condition/initial_condition-pressure=2.00e-07.csv
Depth averaged turbulent dissipation = 0.002650
Ratio = 20531424.947653
158.7466959953308
Setting constant concentration for Diatoms @ 200
No initial condition for this pressure gradient --> using default!
Using initial condition from ../initial_condition/initial_condition-pressure=2.00e-07.csv
Depth averaged turbulent dissipation = 0.002650
Ratio = 292157.992353
94.17232751846313
Setting constant concentration for Diatoms @ 200
No initial condition for this pressure gradient --> using default!
Using initial condition from ../initial_condition/initial_condition-pressure=2.00e-07.csv
Depth averaged turbulent dissipation = 0.002650
Ratio = 20233.935700
78.10191249847412
Setting constant concentration for Diatoms @ 200
No initial condition for this pressure gradient --> using default!
Using initial condition from ../initial_condition/initial_condition-pressure=2.00e-07.csv
Depth averaged turbulent dissipation = 0.002650
Ratio = 5.923835
86.70028495788574
Setting constant concentration for Diatoms @ 200
No initial condition for this pressure gradient --> using default!
Using initial condition from ../initial_condition/initial_condition-pressure=2.00e-07.csv
Depth averaged turbulent dissipation = 0.002650
Ratio = 307939.696853
74.04623866081238
Setting constant concentration for Diatoms @ 200
No initial condition for this pressure gradient --> using default!
Using initial condition from ../initial_condition/initial_condition-pressure=2.00e-07.csv
Depth averaged turbulent dissipation = 0.002650
Ratio = 2.397645
90.33473467826843
Setting constant concentration for Diatoms @ 200
No initial condition for this pressure gradient --> using default!
Using initial condition from ../initial_condition/initial_condition-pressure=2.00e-07.csv
Depth averaged turbulent dissipation = 0.002650
Ratio = 325564843.926807
180.605162858963
Setting constant concentration for Diatoms @ 200
No initial condition for this pressure gradient --> using default!
Using initial condition from ../initial_condition/initial_condition-pressure=2.00e-07.csv
Depth averaged turbulent dissipation = 0.002650
Ratio = 1.698514
76.09182143211365
Setting constant concentration for Diatoms @ 200
No initial condition for this pressure gradient --> using default!
Using initial condition from ../initial_condition/initial_condition-pressure=2.00e-07.csv
Depth averaged turbulent dissipation = 0.002650
Ratio = 13314.971157
167.73292803764343
Setting constant concentration for Diatoms @ 200
No initial condition for this pressure gradient --> using default!
Using initial condition from ../initial_condition/initial_condition-pressure=2.00e-07.csv
Depth averaged turbulent dissipation = 0.002650
Ratio = 324568.402636
332.21468019485474
Setting constant concentration for Diatoms @ 200
No initial condition for this pressure gradient --> using default!
Using initial condition from ../initial_condition/initial_condition-pressure=2.00e-07.csv
Depth averaged turbulent dissipation = 0.002650
Ratio = 2237426.673034
246.92092299461365
Setting constant concentration for Diatoms @ 200
No initial condition for this pressure gradient --> using default!
Using initial condition from ../initial_condition/initial_condition-pressure=2.00e-07.csv
Depth averaged turbulent dissipation = 0.002650
Ratio = 35.417563
94.59588885307312
Setting constant concentration for Diatoms @ 200
No initial condition for this pressure gradient --> using default!
Using initial condition from ../initial_condition/initial_condition-pressure=2.00e-07.csv
Depth averaged turbulent dissipation = 0.002650
Ratio = 27441636.135790
222.602201461792
Setting constant concentration for Diatoms @ 200
No initial condition for this pressure gradient --> using default!
Using initial condition from ../initial_condition/initial_condition-pressure=2.00e-07.csv
Depth averaged turbulent dissipation = 0.002650
Ratio = 7929077.386554
248.26293182373047
Setting constant concentration for Diatoms @ 200
No initial condition for this pressure gradient --> using default!
Using initial condition from ../initial_condition/initial_condition-pressure=2.00e-07.csv
Depth averaged turbulent dissipation = 0.002650
Ratio = 86177803.112249
226.47353410720825
Setting constant concentration for Diatoms @ 200
No initial condition for this pressure gradient --> using default!
Using initial condition from ../initial_condition/initial_condition-pressure=2.00e-07.csv
Depth averaged turbulent dissipation = 0.002650
Ratio = 6563639.564815
253.4060080051422
Setting constant concentration for Diatoms @ 200
No initial condition for this pressure gradient --> using default!
Using initial condition from ../initial_condition/initial_condition-pressure=2.00e-07.csv
Depth averaged turbulent dissipation = 0.002650
Ratio = 7805341.007311
183.63126683235168
Setting constant concentration for Diatoms @ 200
No initial condition for this pressure gradient --> using default!
Using initial condition from ../initial_condition/initial_condition-pressure=2.00e-07.csv
Depth averaged turbulent dissipation = 0.002650
Ratio = 0.652809
65.60213994979858
Setting constant concentration for Diatoms @ 200
No initial condition for this pressure gradient --> using default!
Using initial condition from ../initial_condition/initial_condition-pressure=2.00e-07.csv
Depth averaged turbulent dissipation = 0.002650
Ratio = 2932893.552897
92.46121454238892
Setting constant concentration for Diatoms @ 200
No initial condition for this pressure gradient --> using default!
Using initial condition from ../initial_condition/initial_condition-pressure=2.00e-07.csv
Depth averaged turbulent dissipation = 0.002650
Ratio = 0.998180
61.910709857940674
Setting constant concentration for Diatoms @ 200
No initial condition for this pressure gradient --> using default!
Using initial condition from ../initial_condition/initial_condition-pressure=2.00e-07.csv
Depth averaged turbulent dissipation = 0.002650
Ratio = 1.196539
65.99486565589905
Setting constant concentration for Diatoms @ 200
No initial condition for this pressure gradient --> using default!
Using initial condition from ../initial_condition/initial_condition-pressure=2.00e-07.csv
Depth averaged turbulent dissipation = 0.002650
Ratio = 99.305070
63.34685039520264
Setting constant concentration for Diatoms @ 200
No initial condition for this pressure gradient --> using default!
Using initial condition from ../initial_condition/initial_condition-pressure=2.00e-07.csv
Depth averaged turbulent dissipation = 0.002650
Ratio = 1088897767.229814
65.53919076919556
Setting constant concentration for Diatoms @ 200
No initial condition for this pressure gradient --> using default!
Using initial condition from ../initial_condition/initial_condition-pressure=2.00e-07.csv
Depth averaged turbulent dissipation = 0.002650
Ratio = 5236978.785396
174.2528054714203
Setting constant concentration for Diatoms @ 200
No initial condition for this pressure gradient --> using default!
Using initial condition from ../initial_condition/initial_condition-pressure=2.00e-07.csv
Depth averaged turbulent dissipation = 0.002650
Ratio = 28.341614
188.62331223487854
Setting constant concentration for Diatoms @ 200
No initial condition for this pressure gradient --> using default!
Using initial condition from ../initial_condition/initial_condition-pressure=2.00e-07.csv
Depth averaged turbulent dissipation = 0.002650
Ratio = 1856.250413
66.98595547676086
Setting constant concentration for Diatoms @ 200
No initial condition for this pressure gradient --> using default!
Using initial condition from ../initial_condition/initial_condition-pressure=2.00e-07.csv
Depth averaged turbulent dissipation = 0.002650
Ratio = 13552.175643
67.88684606552124
Setting constant concentration for Diatoms @ 200
No initial condition for this pressure gradient --> using default!
Using initial condition from ../initial_condition/initial_condition-pressure=2.00e-07.csv
Depth averaged turbulent dissipation = 0.002650
Ratio = 458.502050
59.75837016105652
Setting constant concentration for Diatoms @ 200
No initial condition for this pressure gradient --> using default!
Using initial condition from ../initial_condition/initial_condition-pressure=2.00e-07.csv
Depth averaged turbulent dissipation = 0.002650
Ratio = 3.450730
66.18690609931946
Setting constant concentration for Diatoms @ 200
No initial condition for this pressure gradient --> using default!
Using initial condition from ../initial_condition/initial_condition-pressure=2.00e-07.csv
Depth averaged turbulent dissipation = 0.002650
Ratio = 7.528136
97.48779916763306
Setting constant concentration for Diatoms @ 200
No initial condition for this pressure gradient --> using default!
Using initial condition from ../initial_condition/initial_condition-pressure=2.00e-07.csv
Depth averaged turbulent dissipation = 0.002650
Ratio = 817834842.805427
187.8933596611023
Setting constant concentration for Diatoms @ 200
No initial condition for this pressure gradient --> using default!
Using initial condition from ../initial_condition/initial_condition-pressure=2.00e-07.csv
Depth averaged turbulent dissipation = 0.002650
Ratio = 69207150.904570
181.68711495399475
Setting constant concentration for Diatoms @ 200
No initial condition for this pressure gradient --> using default!
Using initial condition from ../initial_condition/initial_condition-pressure=2.00e-07.csv
Depth averaged turbulent dissipation = 0.002650
Ratio = 1980410725.899570
68.11638188362122
Setting constant concentration for Diatoms @ 200
No initial condition for this pressure gradient --> using default!
Using initial condition from ../initial_condition/initial_condition-pressure=2.00e-07.csv
Depth averaged turbulent dissipation = 0.002650
Ratio = 47863729.684437
231.7061698436737
Setting constant concentration for Diatoms @ 200
No initial condition for this pressure gradient --> using default!
Using initial condition from ../initial_condition/initial_condition-pressure=2.00e-07.csv
Depth averaged turbulent dissipation = 0.002650
Ratio = 1200912977.643145
224.3873646259308
Setting constant concentration for Diatoms @ 200
No initial condition for this pressure gradient --> using default!
Using initial condition from ../initial_condition/initial_condition-pressure=2.00e-07.csv
Depth averaged turbulent dissipation = 0.002650
Ratio = 2769.302654
359.75031328201294
Setting constant concentration for Diatoms @ 200
No initial condition for this pressure gradient --> using default!
Using initial condition from ../initial_condition/initial_condition-pressure=2.00e-07.csv
Depth averaged turbulent dissipation = 0.002650
Ratio = 0.883343
72.62242245674133
Setting constant concentration for Diatoms @ 200
No initial condition for this pressure gradient --> using default!
Using initial condition from ../initial_condition/initial_condition-pressure=2.00e-07.csv
Depth averaged turbulent dissipation = 0.002650
Ratio = 2352047216.256059
204.89414739608765
Setting constant concentration for Diatoms @ 200
No initial condition for this pressure gradient --> using default!
Using initial condition from ../initial_condition/initial_condition-pressure=2.00e-07.csv
Depth averaged turbulent dissipation = 0.002650
Ratio = 6.092096
90.09707522392273
Setting constant concentration for Diatoms @ 200
No initial condition for this pressure gradient --> using default!
Using initial condition from ../initial_condition/initial_condition-pressure=2.00e-07.csv
Depth averaged turbulent dissipation = 0.002650
Ratio = 5116453.199190
181.3510296344757
Setting constant concentration for Diatoms @ 200
No initial condition for this pressure gradient --> using default!
Using initial condition from ../initial_condition/initial_condition-pressure=2.00e-07.csv
Depth averaged turbulent dissipation = 0.002650
Ratio = 20.332393
77.8177661895752
Setting constant concentration for Diatoms @ 200
No initial condition for this pressure gradient --> using default!
Using initial condition from ../initial_condition/initial_condition-pressure=2.00e-07.csv
Depth averaged turbulent dissipation = 0.002650
Ratio = 16.700725
60.65652823448181
Setting constant concentration for Diatoms @ 200
No initial condition for this pressure gradient --> using default!
Using initial condition from ../initial_condition/initial_condition-pressure=2.00e-07.csv
Depth averaged turbulent dissipation = 0.002650
Ratio = 6.252352
201.80908298492432
Setting constant concentration for Diatoms @ 200
No initial condition for this pressure gradient --> using default!
Using initial condition from ../initial_condition/initial_condition-pressure=2.00e-07.csv
Depth averaged turbulent dissipation = 0.002650
Ratio = 1504.947932
349.3396158218384
Setting constant concentration for Diatoms @ 200
No initial condition for this pressure gradient --> using default!
Using initial condition from ../initial_condition/initial_condition-pressure=2.00e-07.csv
Depth averaged turbulent dissipation = 0.002650
Ratio = 693102.414253
111.01014447212219
Setting constant concentration for Diatoms @ 200
No initial condition for this pressure gradient --> using default!
Using initial condition from ../initial_condition/initial_condition-pressure=2.00e-07.csv
Depth averaged turbulent dissipation = 0.002650
Ratio = 19566.817716
64.55720043182373
Setting constant concentration for Diatoms @ 200
No initial condition for this pressure gradient --> using default!
Using initial condition from ../initial_condition/initial_condition-pressure=2.00e-07.csv
Depth averaged turbulent dissipation = 0.002650
Ratio = 27.462631
80.08657050132751
Setting constant concentration for Diatoms @ 200
No initial condition for this pressure gradient --> using default!
Using initial condition from ../initial_condition/initial_condition-pressure=2.00e-07.csv
Depth averaged turbulent dissipation = 0.002650
Ratio = 279416827.395904
184.92382717132568
Setting constant concentration for Diatoms @ 200
No initial condition for this pressure gradient --> using default!
Using initial condition from ../initial_condition/initial_condition-pressure=2.00e-07.csv
Depth averaged turbulent dissipation = 0.002650
Ratio = 40689.788029
188.73847270011902
Setting constant concentration for Diatoms @ 200
No initial condition for this pressure gradient --> using default!
Using initial condition from ../initial_condition/initial_condition-pressure=2.00e-07.csv
Depth averaged turbulent dissipation = 0.002650
Ratio = 2003.876985
350.9286127090454
Setting constant concentration for Diatoms @ 200
No initial condition for this pressure gradient --> using default!
Using initial condition from ../initial_condition/initial_condition-pressure=2.00e-07.csv
Depth averaged turbulent dissipation = 0.002650
Ratio = 6773924.043842
79.37719821929932
Setting constant concentration for Diatoms @ 200
No initial condition for this pressure gradient --> using default!
Using initial condition from ../initial_condition/initial_condition-pressure=2.00e-07.csv
Depth averaged turbulent dissipation = 0.002650
Ratio = 48.087493
61.53695821762085
Setting constant concentration for Diatoms @ 200
No initial condition for this pressure gradient --> using default!
Using initial condition from ../initial_condition/initial_condition-pressure=2.00e-07.csv
Depth averaged turbulent dissipation = 0.002650
Ratio = 6.062549
114.88811421394348
Setting constant concentration for Diatoms @ 200
No initial condition for this pressure gradient --> using default!
Using initial condition from ../initial_condition/initial_condition-pressure=2.00e-07.csv
Depth averaged turbulent dissipation = 0.002650
Ratio = 11078098.753706
188.0748393535614
Setting constant concentration for Diatoms @ 200
No initial condition for this pressure gradient --> using default!
Using initial condition from ../initial_condition/initial_condition-pressure=2.00e-07.csv
Depth averaged turbulent dissipation = 0.002650
Ratio = 71317.634122
194.42178344726562
Setting constant concentration for Diatoms @ 200
No initial condition for this pressure gradient --> using default!
Using initial condition from ../initial_condition/initial_condition-pressure=2.00e-07.csv
Depth averaged turbulent dissipation = 0.002650
Ratio = 2451735.753672
109.01137948036194
Setting constant concentration for Diatoms @ 200
No initial condition for this pressure gradient --> using default!
Using initial condition from ../initial_condition/initial_condition-pressure=2.00e-07.csv
Depth averaged turbulent dissipation = 0.002650
Ratio = 368.660335
68.46445107460022
Setting constant concentration for Diatoms @ 200
No initial condition for this pressure gradient --> using default!
Using initial condition from ../initial_condition/initial_condition-pressure=2.00e-07.csv
Depth averaged turbulent dissipation = 0.002650
Ratio = 1264.794293
60.00249171257019
Setting constant concentration for Diatoms @ 200
No initial condition for this pressure gradient --> using default!
Using initial condition from ../initial_condition/initial_condition-pressure=2.00e-07.csv
Depth averaged turbulent dissipation = 0.002650
Ratio = 15025.312358
199.97793793678284
Setting constant concentration for Diatoms @ 200
No initial condition for this pressure gradient --> using default!
Using initial condition from ../initial_condition/initial_condition-pressure=2.00e-07.csv
Depth averaged turbulent dissipation = 0.002650
Ratio = 132856.637072
195.0324444770813
Setting constant concentration for Diatoms @ 200
No initial condition for this pressure gradient --> using default!
Using initial condition from ../initial_condition/initial_condition-pressure=2.00e-07.csv
Depth averaged turbulent dissipation = 0.002650
Ratio = 32.002241
197.1570942401886
Setting constant concentration for Diatoms @ 200
No initial condition for this pressure gradient --> using default!
Using initial condition from ../initial_condition/initial_condition-pressure=2.00e-07.csv
Depth averaged turbulent dissipation = 0.002650
Ratio = 0.652788
120.55133891105652
Setting constant concentration for Diatoms @ 200
No initial condition for this pressure gradient --> using default!
Using initial condition from ../initial_condition/initial_condition-pressure=2.00e-07.csv
Depth averaged turbulent dissipation = 0.002650
Ratio = 42.080817
203.55700421333313
Setting constant concentration for Diatoms @ 200
No initial condition for this pressure gradient --> using default!
Using initial condition from ../initial_condition/initial_condition-pressure=2.00e-07.csv
Depth averaged turbulent dissipation = 0.002650
Ratio = 573070.764788
59.15781760215759
Setting constant concentration for Diatoms @ 200
No initial condition for this pressure gradient --> using default!
Using initial condition from ../initial_condition/initial_condition-pressure=2.00e-07.csv
Depth averaged turbulent dissipation = 0.002650
Ratio = 1.542070
58.9474663734436
Setting constant concentration for Diatoms @ 200
No initial condition for this pressure gradient --> using default!
Using initial condition from ../initial_condition/initial_condition-pressure=2.00e-07.csv
Depth averaged turbulent dissipation = 0.002650
Ratio = 14.519497
60.62880039215088
Setting constant concentration for Diatoms @ 200
No initial condition for this pressure gradient --> using default!
Using initial condition from ../initial_condition/initial_condition-pressure=2.00e-07.csv
Depth averaged turbulent dissipation = 0.002650
Ratio = 4566.924536
368.92619490623474
Setting constant concentration for Diatoms @ 200
No initial condition for this pressure gradient --> using default!
Using initial condition from ../initial_condition/initial_condition-pressure=2.00e-07.csv
Depth averaged turbulent dissipation = 0.002650
Ratio = 1928978379.279815
63.1396644115448
Setting constant concentration for Diatoms @ 200
No initial condition for this pressure gradient --> using default!
Using initial condition from ../initial_condition/initial_condition-pressure=2.00e-07.csv
Depth averaged turbulent dissipation = 0.002650
Ratio = 0.882138
82.51640677452087
Setting constant concentration for Diatoms @ 200
No initial condition for this pressure gradient --> using default!
Using initial condition from ../initial_condition/initial_condition-pressure=2.00e-07.csv
Depth averaged turbulent dissipation = 0.002650
Ratio = 0.788853
115.64810228347778
Setting constant concentration for Diatoms @ 200
No initial condition for this pressure gradient --> using default!
Using initial condition from ../initial_condition/initial_condition-pressure=2.00e-07.csv
Depth averaged turbulent dissipation = 0.002650
Ratio = 30217691.419267
199.27198791503906
Setting constant concentration for Diatoms @ 200
No initial condition for this pressure gradient --> using default!
Using initial condition from ../initial_condition/initial_condition-pressure=2.00e-07.csv
Depth averaged turbulent dissipation = 0.002650
Ratio = 0.882539
109.6560115814209
Setting constant concentration for Diatoms @ 200
No initial condition for this pressure gradient --> using default!
Using initial condition from ../initial_condition/initial_condition-pressure=2.00e-07.csv
Depth averaged turbulent dissipation = 0.002650
Ratio = 3185262787.543508
223.06291222572327
Setting constant concentration for Diatoms @ 200
No initial condition for this pressure gradient --> using default!
Using initial condition from ../initial_condition/initial_condition-pressure=2.00e-07.csv
Depth averaged turbulent dissipation = 0.002650
Ratio = 1.090733
68.9345953464508
Setting constant concentration for Diatoms @ 200
No initial condition for this pressure gradient --> using default!
Using initial condition from ../initial_condition/initial_condition-pressure=2.00e-07.csv
Depth averaged turbulent dissipation = 0.002650
Ratio = 0.913467
66.68447232246399
Setting constant concentration for Diatoms @ 200
No initial condition for this pressure gradient --> using default!
Using initial condition from ../initial_condition/initial_condition-pressure=2.00e-07.csv
Depth averaged turbulent dissipation = 0.002650
Ratio = 3587.162750
126.42431426048279
Setting constant concentration for Diatoms @ 200
No initial condition for this pressure gradient --> using default!
Using initial condition from ../initial_condition/initial_condition-pressure=2.00e-07.csv
Depth averaged turbulent dissipation = 0.002650
Ratio = 53.194458
125.93264484405518
Setting constant concentration for Diatoms @ 200
No initial condition for this pressure gradient --> using default!
Using initial condition from ../initial_condition/initial_condition-pressure=2.00e-07.csv
Depth averaged turbulent dissipation = 0.002650
Ratio = 1132419389.720484
192.57049560546875
Setting constant concentration for Diatoms @ 200
No initial condition for this pressure gradient --> using default!
Using initial condition from ../initial_condition/initial_condition-pressure=2.00e-07.csv
Depth averaged turbulent dissipation = 0.002650
Ratio = 122048.768857
123.29087257385254
Setting constant concentration for Diatoms @ 200
No initial condition for this pressure gradient --> using default!
Using initial condition from ../initial_condition/initial_condition-pressure=2.00e-07.csv
Depth averaged turbulent dissipation = 0.002650
Ratio = 4.295056
66.06686472892761
Setting constant concentration for Diatoms @ 200
No initial condition for this pressure gradient --> using default!
Using initial condition from ../initial_condition/initial_condition-pressure=2.00e-07.csv
Depth averaged turbulent dissipation = 0.002650
Ratio = 8.872932
122.9474630355835
Setting constant concentration for Diatoms @ 200
No initial condition for this pressure gradient --> using default!
Using initial condition from ../initial_condition/initial_condition-pressure=2.00e-07.csv
Depth averaged turbulent dissipation = 0.002650
Ratio = 1012.149020
86.63493657112122
Setting constant concentration for Diatoms @ 200
No initial condition for this pressure gradient --> using default!
Using initial condition from ../initial_condition/initial_condition-pressure=2.00e-07.csv
Depth averaged turbulent dissipation = 0.002650
Ratio = 1594051.214652
126.03031396865845
Setting constant concentration for Diatoms @ 200
No initial condition for this pressure gradient --> using default!
Using initial condition from ../initial_condition/initial_condition-pressure=2.00e-07.csv
Depth averaged turbulent dissipation = 0.002650
Ratio = 1.203077
70.42535305023193
Setting constant concentration for Diatoms @ 200
No initial condition for this pressure gradient --> using default!
Using initial condition from ../initial_condition/initial_condition-pressure=2.00e-07.csv
Depth averaged turbulent dissipation = 0.002650
Ratio = 285393.987263
58.22408723831177
Setting constant concentration for Diatoms @ 200
No initial condition for this pressure gradient --> using default!
Using initial condition from ../initial_condition/initial_condition-pressure=2.00e-07.csv
Depth averaged turbulent dissipation = 0.002650
Ratio = 5.164044
95.03979539871216
Setting constant concentration for Diatoms @ 200
No initial condition for this pressure gradient --> using default!
Using initial condition from ../initial_condition/initial_condition-pressure=2.00e-07.csv
Depth averaged turbulent dissipation = 0.002650
Ratio = 6.597540
75.03116178512573
Setting constant concentration for Diatoms @ 200
No initial condition for this pressure gradient --> using default!
Using initial condition from ../initial_condition/initial_condition-pressure=2.00e-07.csv
Depth averaged turbulent dissipation = 0.002650
Ratio = 2891.672713
93.27041029930115
Setting constant concentration for Diatoms @ 200
No initial condition for this pressure gradient --> using default!
Using initial condition from ../initial_condition/initial_condition-pressure=2.00e-07.csv
Depth averaged turbulent dissipation = 0.002650
Ratio = 20448.532651
121.60127520561218
Setting constant concentration for Diatoms @ 200
No initial condition for this pressure gradient --> using default!
Using initial condition from ../initial_condition/initial_condition-pressure=2.00e-07.csv
Depth averaged turbulent dissipation = 0.002650
Ratio = 1.200890
122.92819690704346
Setting constant concentration for Diatoms @ 200
No initial condition for this pressure gradient --> using default!
Using initial condition from ../initial_condition/initial_condition-pressure=2.00e-07.csv
Depth averaged turbulent dissipation = 0.002650
Ratio = 175065.679206
80.6476321220398
Setting constant concentration for Diatoms @ 200
No initial condition for this pressure gradient --> using default!
Using initial condition from ../initial_condition/initial_condition-pressure=2.00e-07.csv
Depth averaged turbulent dissipation = 0.002650
Ratio = 148826.596487
373.4633672237396
Setting constant concentration for Diatoms @ 200
No initial condition for this pressure gradient --> using default!
Using initial condition from ../initial_condition/initial_condition-pressure=2.00e-07.csv
Depth averaged turbulent dissipation = 0.002650
Ratio = 1258.441421
59.29305577278137
Setting constant concentration for Diatoms @ 200
No initial condition for this pressure gradient --> using default!
Using initial condition from ../initial_condition/initial_condition-pressure=2.00e-07.csv
Depth averaged turbulent dissipation = 0.002650
Ratio = 0.652816
118.86475992202759
Setting constant concentration for Diatoms @ 200
No initial condition for this pressure gradient --> using default!
Using initial condition from ../initial_condition/initial_condition-pressure=2.00e-07.csv
Depth averaged turbulent dissipation = 0.002650
Ratio = 0.518087
120.77151250839233
Setting constant concentration for Diatoms @ 200
No initial condition for this pressure gradient --> using default!
Using initial condition from ../initial_condition/initial_condition-pressure=2.00e-07.csv
Depth averaged turbulent dissipation = 0.002650
Ratio = 557.145144
139.66759872436523
Setting constant concentration for Diatoms @ 200
No initial condition for this pressure gradient --> using default!
Using initial condition from ../initial_condition/initial_condition-pressure=2.00e-07.csv
Depth averaged turbulent dissipation = 0.002650
Ratio = 9734.342672
131.9937195777893
Setting constant concentration for Diatoms @ 200
No initial condition for this pressure gradient --> using default!
Using initial condition from ../initial_condition/initial_condition-pressure=2.00e-07.csv
Depth averaged turbulent dissipation = 0.002650
Ratio = 0.652754
127.36961698532104
Setting constant concentration for Diatoms @ 200
No initial condition for this pressure gradient --> using default!
Using initial condition from ../initial_condition/initial_condition-pressure=2.00e-07.csv
Depth averaged turbulent dissipation = 0.002650
Ratio = 170748.065214
117.08349585533142
Setting constant concentration for Diatoms @ 200
No initial condition for this pressure gradient --> using default!
Using initial condition from ../initial_condition/initial_condition-pressure=2.00e-07.csv
Depth averaged turbulent dissipation = 0.002650
Ratio = 13.586404
61.92551279067993
Setting constant concentration for Diatoms @ 200
No initial condition for this pressure gradient --> using default!
Using initial condition from ../initial_condition/initial_condition-pressure=2.00e-07.csv
Depth averaged turbulent dissipation = 0.002650
Ratio = 10.071268
226.146826505661
Setting constant concentration for Diatoms @ 200
No initial condition for this pressure gradient --> using default!
Using initial condition from ../initial_condition/initial_condition-pressure=2.00e-07.csv
Depth averaged turbulent dissipation = 0.002650
Ratio = 0.881738
84.85064482688904
Setting constant concentration for Diatoms @ 200
No initial condition for this pressure gradient --> using default!
Using initial condition from ../initial_condition/initial_condition-pressure=2.00e-07.csv
Depth averaged turbulent dissipation = 0.002650
Ratio = 1189.744541
217.23352098464966
Setting constant concentration for Diatoms @ 200
No initial condition for this pressure gradient --> using default!
Using initial condition from ../initial_condition/initial_condition-pressure=2.00e-07.csv
Depth averaged turbulent dissipation = 0.002650
Ratio = 17828.622133
97.56624150276184
Setting constant concentration for Diatoms @ 200
No initial condition for this pressure gradient --> using default!
Using initial condition from ../initial_condition/initial_condition-pressure=2.00e-07.csv
Depth averaged turbulent dissipation = 0.002650
Ratio = 3.892789
67.280517578125
Setting constant concentration for Diatoms @ 200
No initial condition for this pressure gradient --> using default!
Using initial condition from ../initial_condition/initial_condition-pressure=2.00e-07.csv
Depth averaged turbulent dissipation = 0.002650
Ratio = 3009.580020
83.81612920761108
Setting constant concentration for Diatoms @ 200
No initial condition for this pressure gradient --> using default!
Using initial condition from ../initial_condition/initial_condition-pressure=2.00e-07.csv
Depth averaged turbulent dissipation = 0.002650
Ratio = 24.660122
100.01148557662964
Setting constant concentration for Diatoms @ 200
No initial condition for this pressure gradient --> using default!
Using initial condition from ../initial_condition/initial_condition-pressure=2.00e-07.csv
Depth averaged turbulent dissipation = 0.002650
Ratio = 51.489363
94.73195719718933
Setting constant concentration for Diatoms @ 200
No initial condition for this pressure gradient --> using default!
Using initial condition from ../initial_condition/initial_condition-pressure=2.00e-07.csv
Depth averaged turbulent dissipation = 0.002650
Ratio = 0.652812
88.94272422790527
Setting constant concentration for Diatoms @ 200
No initial condition for this pressure gradient --> using default!
Using initial condition from ../initial_condition/initial_condition-pressure=2.00e-07.csv
Depth averaged turbulent dissipation = 0.002650
Ratio = 0.611569
97.86752533912659
Setting constant concentration for Diatoms @ 200
No initial condition for this pressure gradient --> using default!
Using initial condition from ../initial_condition/initial_condition-pressure=2.00e-07.csv
Depth averaged turbulent dissipation = 0.002650
Ratio = 1761685162.063827
71.37144303321838
Setting constant concentration for Diatoms @ 200
No initial condition for this pressure gradient --> using default!
Using initial condition from ../initial_condition/initial_condition-pressure=2.00e-07.csv
Depth averaged turbulent dissipation = 0.002650
Ratio = 28.008398
69.00474166870117
Setting constant concentration for Diatoms @ 200
No initial condition for this pressure gradient --> using default!
Using initial condition from ../initial_condition/initial_condition-pressure=2.00e-07.csv
Depth averaged turbulent dissipation = 0.002650
Ratio = 3221115.489704
110.5799708366394
Setting constant concentration for Diatoms @ 200
No initial condition for this pressure gradient --> using default!
Using initial condition from ../initial_condition/initial_condition-pressure=2.00e-07.csv
Depth averaged turbulent dissipation = 0.002650
Ratio = 21550743.153754
65.5771369934082
Setting constant concentration for Diatoms @ 200
No initial condition for this pressure gradient --> using default!
Using initial condition from ../initial_condition/initial_condition-pressure=2.00e-07.csv
Depth averaged turbulent dissipation = 0.002650
Ratio = 117.573994
90.47142744064331
Setting constant concentration for Diatoms @ 200
No initial condition for this pressure gradient --> using default!
Using initial condition from ../initial_condition/initial_condition-pressure=2.00e-07.csv
Depth averaged turbulent dissipation = 0.002650
Ratio = 1.191142
99.40438413619995
Setting constant concentration for Diatoms @ 200
No initial condition for this pressure gradient --> using default!
Using initial condition from ../initial_condition/initial_condition-pressure=2.00e-07.csv
Depth averaged turbulent dissipation = 0.002650
Ratio = 19603.616511
92.34447860717773
Setting constant concentration for Diatoms @ 200
No initial condition for this pressure gradient --> using default!
Using initial condition from ../initial_condition/initial_condition-pressure=2.00e-07.csv
Depth averaged turbulent dissipation = 0.002650
Ratio = 25.200021
96.37921333312988
Setting constant concentration for Diatoms @ 200
No initial condition for this pressure gradient --> using default!
Using initial condition from ../initial_condition/initial_condition-pressure=2.00e-07.csv
Depth averaged turbulent dissipation = 0.002650
Ratio = 1.193295
99.83751440048218
Setting constant concentration for Diatoms @ 200
No initial condition for this pressure gradient --> using default!
Using initial condition from ../initial_condition/initial_condition-pressure=2.00e-07.csv
Depth averaged turbulent dissipation = 0.002650
Ratio = 1526463.181521
95.17023086547852
Setting constant concentration for Diatoms @ 200
No initial condition for this pressure gradient --> using default!
Using initial condition from ../initial_condition/initial_condition-pressure=2.00e-07.csv
Depth averaged turbulent dissipation = 0.002650
Ratio = 12179881.908267
69.1939868927002
Setting constant concentration for Diatoms @ 200
No initial condition for this pressure gradient --> using default!
Using initial condition from ../initial_condition/initial_condition-pressure=2.00e-07.csv
Depth averaged turbulent dissipation = 0.002650
Ratio = 1.421036
88.66895723342896
Setting constant concentration for Diatoms @ 200
No initial condition for this pressure gradient --> using default!
Using initial condition from ../initial_condition/initial_condition-pressure=2.00e-07.csv
Depth averaged turbulent dissipation = 0.002650
Ratio = 12561.003614
96.54225301742554
Setting constant concentration for Diatoms @ 200
No initial condition for this pressure gradient --> using default!
Using initial condition from ../initial_condition/initial_condition-pressure=2.00e-07.csv
Depth averaged turbulent dissipation = 0.002650
Ratio = 5175.157504
112.44971299171448
Setting constant concentration for Diatoms @ 200
No initial condition for this pressure gradient --> using default!
Using initial condition from ../initial_condition/initial_condition-pressure=2.00e-07.csv
Depth averaged turbulent dissipation = 0.002650
Ratio = 2176.362532
97.96797680854797
Setting constant concentration for Diatoms @ 200
No initial condition for this pressure gradient --> using default!
Using initial condition from ../initial_condition/initial_condition-pressure=2.00e-07.csv
Depth averaged turbulent dissipation = 0.002650
Ratio = 103.139586
103.01987409591675
Setting constant concentration for Diatoms @ 200
No initial condition for this pressure gradient --> using default!
Using initial condition from ../initial_condition/initial_condition-pressure=2.00e-07.csv
Depth averaged turbulent dissipation = 0.002650
Ratio = 2687526.255572
220.51485800743103
Setting constant concentration for Diatoms @ 200
No initial condition for this pressure gradient --> using default!
Using initial condition from ../initial_condition/initial_condition-pressure=2.00e-07.csv
Depth averaged turbulent dissipation = 0.002650
Ratio = 3.315644
71.93190312385559
Setting constant concentration for Diatoms @ 200
No initial condition for this pressure gradient --> using default!
Using initial condition from ../initial_condition/initial_condition-pressure=2.00e-07.csv
Depth averaged turbulent dissipation = 0.002650
Ratio = 1095.925504
74.53472423553467
Setting constant concentration for Diatoms @ 200
No initial condition for this pressure gradient --> using default!
Using initial condition from ../initial_condition/initial_condition-pressure=2.00e-07.csv
Depth averaged turbulent dissipation = 0.002650
Ratio = 0.995937
97.99050307273865
Setting constant concentration for Diatoms @ 200
No initial condition for this pressure gradient --> using default!
Using initial condition from ../initial_condition/initial_condition-pressure=2.00e-07.csv
Depth averaged turbulent dissipation = 0.002650
Ratio = 15634039.667454
83.47710180282593
Setting constant concentration for Diatoms @ 200
No initial condition for this pressure gradient --> using default!
Using initial condition from ../initial_condition/initial_condition-pressure=2.00e-07.csv
Depth averaged turbulent dissipation = 0.002650
Ratio = 741.011953
448.4131112098694
Setting constant concentration for Diatoms @ 200
No initial condition for this pressure gradient --> using default!
Using initial condition from ../initial_condition/initial_condition-pressure=2.00e-07.csv
Depth averaged turbulent dissipation = 0.002650
Ratio = 572.605021
76.34906101226807
Setting constant concentration for Diatoms @ 200
No initial condition for this pressure gradient --> using default!
Using initial condition from ../initial_condition/initial_condition-pressure=2.00e-07.csv
Depth averaged turbulent dissipation = 0.002650
Ratio = 959.778838
106.1092472076416
Setting constant concentration for Diatoms @ 200
No initial condition for this pressure gradient --> using default!
Using initial condition from ../initial_condition/initial_condition-pressure=2.00e-07.csv
Depth averaged turbulent dissipation = 0.002650
Ratio = 459705.928011
115.58575105667114
Setting constant concentration for Diatoms @ 200
No initial condition for this pressure gradient --> using default!
Using initial condition from ../initial_condition/initial_condition-pressure=2.00e-07.csv
Depth averaged turbulent dissipation = 0.002650
Ratio = 524772.779734
111.83070063591003
Setting constant concentration for Diatoms @ 200
No initial condition for this pressure gradient --> using default!
Using initial condition from ../initial_condition/initial_condition-pressure=2.00e-07.csv
Depth averaged turbulent dissipation = 0.002650
Ratio = 0.502260
225.3333613872528
Setting constant concentration for Diatoms @ 200
No initial condition for this pressure gradient --> using default!
Using initial condition from ../initial_condition/initial_condition-pressure=2.00e-07.csv
Depth averaged turbulent dissipation = 0.002650
Ratio = 1646.285139
145.28508138656616
Setting constant concentration for Diatoms @ 200
No initial condition for this pressure gradient --> using default!
Using initial condition from ../initial_condition/initial_condition-pressure=2.00e-07.csv
Depth averaged turbulent dissipation = 0.002650
Ratio = 6621.701453
101.38148236274719
Setting constant concentration for Diatoms @ 200
No initial condition for this pressure gradient --> using default!
Using initial condition from ../initial_condition/initial_condition-pressure=2.00e-07.csv
Depth averaged turbulent dissipation = 0.002650
Ratio = 230338.454508
72.7615110874176
Setting constant concentration for Diatoms @ 200
No initial condition for this pressure gradient --> using default!
Using initial condition from ../initial_condition/initial_condition-pressure=2.00e-07.csv
Depth averaged turbulent dissipation = 0.002650
Ratio = 1.066914
150.42332077026367
Setting constant concentration for Diatoms @ 200
No initial condition for this pressure gradient --> using default!
Using initial condition from ../initial_condition/initial_condition-pressure=2.00e-07.csv
Depth averaged turbulent dissipation = 0.002650
Ratio = 237.941790
96.95013070106506
Setting constant concentration for Diatoms @ 200
No initial condition for this pressure gradient --> using default!
Using initial condition from ../initial_condition/initial_condition-pressure=2.00e-07.csv
Depth averaged turbulent dissipation = 0.002650
Ratio = 1.640436
146.9943232536316
Setting constant concentration for Diatoms @ 200
No initial condition for this pressure gradient --> using default!
Using initial condition from ../initial_condition/initial_condition-pressure=2.00e-07.csv
Depth averaged turbulent dissipation = 0.002650
Ratio = 4.259064
102.65021419525146
Setting constant concentration for Diatoms @ 200
No initial condition for this pressure gradient --> using default!
Using initial condition from ../initial_condition/initial_condition-pressure=2.00e-07.csv
Depth averaged turbulent dissipation = 0.002650
Ratio = 821.913022
84.50972008705139
Setting constant concentration for Diatoms @ 200
No initial condition for this pressure gradient --> using default!
Using initial condition from ../initial_condition/initial_condition-pressure=2.00e-07.csv
Depth averaged turbulent dissipation = 0.002650
Ratio = 0.999983
100.34367084503174
Setting constant concentration for Diatoms @ 200
No initial condition for this pressure gradient --> using default!
Using initial condition from ../initial_condition/initial_condition-pressure=2.00e-07.csv
Depth averaged turbulent dissipation = 0.002650
Ratio = 9.814716
107.24703693389893
Setting constant concentration for Diatoms @ 200
No initial condition for this pressure gradient --> using default!
Using initial condition from ../initial_condition/initial_condition-pressure=2.00e-07.csv
Depth averaged turbulent dissipation = 0.002650
Ratio = 631108522.215112
280.88161635398865
Setting constant concentration for Diatoms @ 200
No initial condition for this pressure gradient --> using default!
Using initial condition from ../initial_condition/initial_condition-pressure=2.00e-07.csv
Depth averaged turbulent dissipation = 0.002650
Ratio = 65.322367
115.99233984947205
Setting constant concentration for Diatoms @ 200
No initial condition for this pressure gradient --> using default!
Using initial condition from ../initial_condition/initial_condition-pressure=2.00e-07.csv
Depth averaged turbulent dissipation = 0.002650
Ratio = 17.182090
100.98775124549866
Setting constant concentration for Diatoms @ 200
No initial condition for this pressure gradient --> using default!
Using initial condition from ../initial_condition/initial_condition-pressure=2.00e-07.csv
Depth averaged turbulent dissipation = 0.002650
Ratio = 13862.871554
289.61159467697144
Setting constant concentration for Diatoms @ 200
No initial condition for this pressure gradient --> using default!
Using initial condition from ../initial_condition/initial_condition-pressure=2.00e-07.csv
Depth averaged turbulent dissipation = 0.002650
Ratio = 10818310.707642
231.7419147491455
Setting constant concentration for Diatoms @ 200
No initial condition for this pressure gradient --> using default!
Using initial condition from ../initial_condition/initial_condition-pressure=2.00e-07.csv
Depth averaged turbulent dissipation = 0.002650
Ratio = 145153.250313
405.2008662223816
Setting constant concentration for Diatoms @ 200
No initial condition for this pressure gradient --> using default!
Using initial condition from ../initial_condition/initial_condition-pressure=2.00e-07.csv
Depth averaged turbulent dissipation = 0.002650
Ratio = 29498873.464680
85.95776438713074
Setting constant concentration for Diatoms @ 200
No initial condition for this pressure gradient --> using default!
Using initial condition from ../initial_condition/initial_condition-pressure=2.00e-07.csv
Depth averaged turbulent dissipation = 0.002650
Ratio = 4145.499480
458.8238685131073
Setting constant concentration for Diatoms @ 200
No initial condition for this pressure gradient --> using default!
Using initial condition from ../initial_condition/initial_condition-pressure=2.00e-07.csv
Depth averaged turbulent dissipation = 0.002650
Ratio = 3125256.935225
108.19300055503845
Setting constant concentration for Diatoms @ 200
No initial condition for this pressure gradient --> using default!
Using initial condition from ../initial_condition/initial_condition-pressure=2.00e-07.csv
Depth averaged turbulent dissipation = 0.002650
Ratio = 1878861183.955290
249.3649914264679
Setting constant concentration for Diatoms @ 200
No initial condition for this pressure gradient --> using default!
Using initial condition from ../initial_condition/initial_condition-pressure=2.00e-07.csv
Depth averaged turbulent dissipation = 0.002650
Ratio = 74315416.054793
123.56912732124329
Setting constant concentration for Diatoms @ 200
No initial condition for this pressure gradient --> using default!
Using initial condition from ../initial_condition/initial_condition-pressure=2.00e-07.csv
Depth averaged turbulent dissipation = 0.002650
Ratio = 742588.338458
106.66782212257385
Setting constant concentration for Diatoms @ 200
No initial condition for this pressure gradient --> using default!
Using initial condition from ../initial_condition/initial_condition-pressure=2.00e-07.csv
Depth averaged turbulent dissipation = 0.002650
Ratio = 2.447738
453.65213322639465
Setting constant concentration for Diatoms @ 200
No initial condition for this pressure gradient --> using default!
Using initial condition from ../initial_condition/initial_condition-pressure=2.00e-07.csv
Depth averaged turbulent dissipation = 0.002650
Ratio = 76.303163
122.22812676429749
Setting constant concentration for Diatoms @ 200
No initial condition for this pressure gradient --> using default!
Using initial condition from ../initial_condition/initial_condition-pressure=2.00e-07.csv
Depth averaged turbulent dissipation = 0.002650
Ratio = 15330.433850
169.76057243347168
Setting constant concentration for Diatoms @ 200
No initial condition for this pressure gradient --> using default!
Using initial condition from ../initial_condition/initial_condition-pressure=2.00e-07.csv
Depth averaged turbulent dissipation = 0.002650
Ratio = 4553470.723201
153.8374707698822
Setting constant concentration for Diatoms @ 200
No initial condition for this pressure gradient --> using default!
Using initial condition from ../initial_condition/initial_condition-pressure=2.00e-07.csv
Depth averaged turbulent dissipation = 0.002650
Ratio = 9.628406
89.37787199020386
Setting constant concentration for Diatoms @ 200
No initial condition for this pressure gradient --> using default!
Using initial condition from ../initial_condition/initial_condition-pressure=2.00e-07.csv
Depth averaged turbulent dissipation = 0.002650
Ratio = 303.794293
87.3056287765503
Setting constant concentration for Diatoms @ 200
No initial condition for this pressure gradient --> using default!
Using initial condition from ../initial_condition/initial_condition-pressure=2.00e-07.csv
Depth averaged turbulent dissipation = 0.002650
Ratio = 25525435.131306
84.26074552536011
Setting constant concentration for Diatoms @ 200
No initial condition for this pressure gradient --> using default!
Using initial condition from ../initial_condition/initial_condition-pressure=2.00e-07.csv
Depth averaged turbulent dissipation = 0.002650
Ratio = 69.291474
117.795081615448
Setting constant concentration for Diatoms @ 200
No initial condition for this pressure gradient --> using default!
Using initial condition from ../initial_condition/initial_condition-pressure=2.00e-07.csv
Depth averaged turbulent dissipation = 0.002650
Ratio = 19.991071
120.53209161758423
Setting constant concentration for Diatoms @ 200
No initial condition for this pressure gradient --> using default!
Using initial condition from ../initial_condition/initial_condition-pressure=2.00e-07.csv
Depth averaged turbulent dissipation = 0.002650
Ratio = 21.964678
124.52401995658875
Setting constant concentration for Diatoms @ 200
No initial condition for this pressure gradient --> using default!
Using initial condition from ../initial_condition/initial_condition-pressure=2.00e-07.csv
Depth averaged turbulent dissipation = 0.002650
Ratio = 8.313665
167.083491563797
Setting constant concentration for Diatoms @ 200
No initial condition for this pressure gradient --> using default!
Using initial condition from ../initial_condition/initial_condition-pressure=2.00e-07.csv
Depth averaged turbulent dissipation = 0.002650
Ratio = 303916.544687
405.5420787334442
Setting constant concentration for Diatoms @ 200
No initial condition for this pressure gradient --> using default!
Using initial condition from ../initial_condition/initial_condition-pressure=2.00e-07.csv
Depth averaged turbulent dissipation = 0.002650
Ratio = 31412.021736
265.9245843887329
Setting constant concentration for Diatoms @ 200
No initial condition for this pressure gradient --> using default!
Using initial condition from ../initial_condition/initial_condition-pressure=2.00e-07.csv
Depth averaged turbulent dissipation = 0.002650
Ratio = 16948.794898
59.1526563167572
Setting constant concentration for Diatoms @ 200
No initial condition for this pressure gradient --> using default!
Using initial condition from ../initial_condition/initial_condition-pressure=2.00e-07.csv
Depth averaged turbulent dissipation = 0.002650
Ratio = 14432.702156
257.0434772968292
Setting constant concentration for Diatoms @ 200
No initial condition for this pressure gradient --> using default!
Using initial condition from ../initial_condition/initial_condition-pressure=2.00e-07.csv
Depth averaged turbulent dissipation = 0.002650
Ratio = 470.516636
81.61118125915527
Setting constant concentration for Diatoms @ 200
No initial condition for this pressure gradient --> using default!
Using initial condition from ../initial_condition/initial_condition-pressure=2.00e-07.csv
Depth averaged turbulent dissipation = 0.002650
Ratio = 109.401046
139.025794506073
Setting constant concentration for Diatoms @ 200
No initial condition for this pressure gradient --> using default!
Using initial condition from ../initial_condition/initial_condition-pressure=2.00e-07.csv
Depth averaged turbulent dissipation = 0.002650
Ratio = 217101020.557501
120.57125496864319
Setting constant concentration for Diatoms @ 200
No initial condition for this pressure gradient --> using default!
Using initial condition from ../initial_condition/initial_condition-pressure=2.00e-07.csv
Depth averaged turbulent dissipation = 0.002650
Ratio = 141955225.438934
110.57263326644897
Setting constant concentration for Diatoms @ 200
No initial condition for this pressure gradient --> using default!
Using initial condition from ../initial_condition/initial_condition-pressure=2.00e-07.csv
Depth averaged turbulent dissipation = 0.002650
Ratio = 0.801280
78.8555998802185
Setting constant concentration for Diatoms @ 200
No initial condition for this pressure gradient --> using default!
Using initial condition from ../initial_condition/initial_condition-pressure=2.00e-07.csv
Depth averaged turbulent dissipation = 0.002650
Ratio = 0.633057
61.519747495651245
Setting constant concentration for Diatoms @ 200
No initial condition for this pressure gradient --> using default!
Using initial condition from ../initial_condition/initial_condition-pressure=2.00e-07.csv
Depth averaged turbulent dissipation = 0.002650
Ratio = 56163935.807411
125.76805853843689
Setting constant concentration for Diatoms @ 200
No initial condition for this pressure gradient --> using default!
Using initial condition from ../initial_condition/initial_condition-pressure=2.00e-07.csv
Depth averaged turbulent dissipation = 0.002650
Ratio = 30776.122906
115.62142658233643
Setting constant concentration for Diatoms @ 200
No initial condition for this pressure gradient --> using default!
Using initial condition from ../initial_condition/initial_condition-pressure=2.00e-07.csv
Depth averaged turbulent dissipation = 0.002650
Ratio = 676.000956
72.93669033050537
Setting constant concentration for Diatoms @ 200
No initial condition for this pressure gradient --> using default!
Using initial condition from ../initial_condition/initial_condition-pressure=2.00e-07.csv
Depth averaged turbulent dissipation = 0.002650
Ratio = 34.380768
117.95118498802185
Setting constant concentration for Diatoms @ 200
No initial condition for this pressure gradient --> using default!
Using initial condition from ../initial_condition/initial_condition-pressure=2.00e-07.csv
Depth averaged turbulent dissipation = 0.002650
Ratio = 1.982912
325.00899147987366
Setting constant concentration for Diatoms @ 200
No initial condition for this pressure gradient --> using default!
Using initial condition from ../initial_condition/initial_condition-pressure=2.00e-07.csv
Depth averaged turbulent dissipation = 0.002650
Ratio = 146978.484904
61.17386817932129
Setting constant concentration for Diatoms @ 200
No initial condition for this pressure gradient --> using default!
Using initial condition from ../initial_condition/initial_condition-pressure=2.00e-07.csv
Depth averaged turbulent dissipation = 0.002650
Ratio = 25069.191861
120.27708792686462
Setting constant concentration for Diatoms @ 200
No initial condition for this pressure gradient --> using default!
Using initial condition from ../initial_condition/initial_condition-pressure=2.00e-07.csv
Depth averaged turbulent dissipation = 0.002650
Ratio = 3.106457
132.34596180915833
Setting constant concentration for Diatoms @ 200
No initial condition for this pressure gradient --> using default!
Using initial condition from ../initial_condition/initial_condition-pressure=2.00e-07.csv
Depth averaged turbulent dissipation = 0.002650
Ratio = 50.168047
97.49095964431763
Setting constant concentration for Diatoms @ 200
No initial condition for this pressure gradient --> using default!
Using initial condition from ../initial_condition/initial_condition-pressure=2.00e-07.csv
Depth averaged turbulent dissipation = 0.002650
Ratio = 125.133451
131.57325911521912
Setting constant concentration for Diatoms @ 200
No initial condition for this pressure gradient --> using default!
Using initial condition from ../initial_condition/initial_condition-pressure=2.00e-07.csv
Depth averaged turbulent dissipation = 0.002650
Ratio = 51.825577
67.27813625335693
Setting constant concentration for Diatoms @ 200
No initial condition for this pressure gradient --> using default!
Using initial condition from ../initial_condition/initial_condition-pressure=2.00e-07.csv
Depth averaged turbulent dissipation = 0.002650
Ratio = 6.063498
122.67132496833801
Setting constant concentration for Diatoms @ 200
No initial condition for this pressure gradient --> using default!
Using initial condition from ../initial_condition/initial_condition-pressure=2.00e-07.csv
Depth averaged turbulent dissipation = 0.002650
Ratio = 4340336.249676
115.74918532371521
Setting constant concentration for Diatoms @ 200
No initial condition for this pressure gradient --> using default!
Using initial condition from ../initial_condition/initial_condition-pressure=2.00e-07.csv
Depth averaged turbulent dissipation = 0.002650
Ratio = 51536746.096408
77.14861178398132
Setting constant concentration for Diatoms @ 200
No initial condition for this pressure gradient --> using default!
Using initial condition from ../initial_condition/initial_condition-pressure=2.00e-07.csv
Depth averaged turbulent dissipation = 0.002650
Ratio = 125.723511
68.48177218437195
Setting constant concentration for Diatoms @ 200
No initial condition for this pressure gradient --> using default!
Using initial condition from ../initial_condition/initial_condition-pressure=2.00e-07.csv
Depth averaged turbulent dissipation = 0.002650
Ratio = 14.157354
80.81173419952393
Setting constant concentration for Diatoms @ 200
No initial condition for this pressure gradient --> using default!
Using initial condition from ../initial_condition/initial_condition-pressure=2.00e-07.csv
Depth averaged turbulent dissipation = 0.002650
Ratio = 7214609.230462
72.37851524353027
Setting constant concentration for Diatoms @ 200
No initial condition for this pressure gradient --> using default!
Using initial condition from ../initial_condition/initial_condition-pressure=2.00e-07.csv
Depth averaged turbulent dissipation = 0.002650
Ratio = 611.298730
145.08176612854004
Setting constant concentration for Diatoms @ 200
No initial condition for this pressure gradient --> using default!
Using initial condition from ../initial_condition/initial_condition-pressure=2.00e-07.csv
Depth averaged turbulent dissipation = 0.002650
Ratio = 4791.048050
95.08758783340454
Setting constant concentration for Diatoms @ 200
No initial condition for this pressure gradient --> using default!
Using initial condition from ../initial_condition/initial_condition-pressure=2.00e-07.csv
Depth averaged turbulent dissipation = 0.002650
Ratio = 2.444641
86.31474781036377
Setting constant concentration for Diatoms @ 200
No initial condition for this pressure gradient --> using default!
Using initial condition from ../initial_condition/initial_condition-pressure=2.00e-07.csv
Depth averaged turbulent dissipation = 0.002650
Ratio = 83183044.375913
68.84351587295532
Setting constant concentration for Diatoms @ 200
No initial condition for this pressure gradient --> using default!
Using initial condition from ../initial_condition/initial_condition-pressure=2.00e-07.csv
Depth averaged turbulent dissipation = 0.002650
Ratio = 13388983.841382
178.6481490135193
Setting constant concentration for Diatoms @ 200
No initial condition for this pressure gradient --> using default!
Using initial condition from ../initial_condition/initial_condition-pressure=2.00e-07.csv
Depth averaged turbulent dissipation = 0.002650
Ratio = 887.517745
106.26442980766296
Setting constant concentration for Diatoms @ 200
No initial condition for this pressure gradient --> using default!
Using initial condition from ../initial_condition/initial_condition-pressure=2.00e-07.csv
Depth averaged turbulent dissipation = 0.002650
Ratio = 17.947862
122.15461468696594
Setting constant concentration for Diatoms @ 200
No initial condition for this pressure gradient --> using default!
Using initial condition from ../initial_condition/initial_condition-pressure=2.00e-07.csv
Depth averaged turbulent dissipation = 0.002650
Ratio = 60.944639
488.98275899887085
Setting constant concentration for Diatoms @ 200
No initial condition for this pressure gradient --> using default!
Using initial condition from ../initial_condition/initial_condition-pressure=2.00e-07.csv
Depth averaged turbulent dissipation = 0.002650
Ratio = 1.199800
127.78696370124817
Setting constant concentration for Diatoms @ 200
No initial condition for this pressure gradient --> using default!
Using initial condition from ../initial_condition/initial_condition-pressure=2.00e-07.csv
Depth averaged turbulent dissipation = 0.002650
Ratio = 257.588926
139.6344976425171
Setting constant concentration for Diatoms @ 200
No initial condition for this pressure gradient --> using default!
Using initial condition from ../initial_condition/initial_condition-pressure=2.00e-07.csv
Depth averaged turbulent dissipation = 0.002650
Ratio = 16.644041
418.2699911594391
Setting constant concentration for Diatoms @ 200
No initial condition for this pressure gradient --> using default!
Using initial condition from ../initial_condition/initial_condition-pressure=2.00e-07.csv
Depth averaged turbulent dissipation = 0.002650
Ratio = 16.034719
493.9470319747925
Setting constant concentration for Diatoms @ 200
No initial condition for this pressure gradient --> using default!
Using initial condition from ../initial_condition/initial_condition-pressure=2.00e-07.csv
Depth averaged turbulent dissipation = 0.002650
Ratio = 5.283878
104.34182262420654
Setting constant concentration for Diatoms @ 200
No initial condition for this pressure gradient --> using default!
Using initial condition from ../initial_condition/initial_condition-pressure=2.00e-07.csv
Depth averaged turbulent dissipation = 0.002650
Ratio = 410.876499
68.09104871749878
Setting constant concentration for Diatoms @ 200
No initial condition for this pressure gradient --> using default!
Using initial condition from ../initial_condition/initial_condition-pressure=2.00e-07.csv
Depth averaged turbulent dissipation = 0.002650
Ratio = 3409.965157
105.27742838859558
Setting constant concentration for Diatoms @ 200
No initial condition for this pressure gradient --> using default!
Using initial condition from ../initial_condition/initial_condition-pressure=2.00e-07.csv
Depth averaged turbulent dissipation = 0.002650
Ratio = 0.513423
75.99998736381531
Setting constant concentration for Diatoms @ 200
No initial condition for this pressure gradient --> using default!
Using initial condition from ../initial_condition/initial_condition-pressure=2.00e-07.csv
Depth averaged turbulent dissipation = 0.002650
Ratio = 62.836595
143.39978003501892
Setting constant concentration for Diatoms @ 200
No initial condition for this pressure gradient --> using default!
Using initial condition from ../initial_condition/initial_condition-pressure=2.00e-07.csv
Depth averaged turbulent dissipation = 0.002650
Ratio = 50.824029
122.07288336753845
Setting constant concentration for Diatoms @ 200
No initial condition for this pressure gradient --> using default!
Using initial condition from ../initial_condition/initial_condition-pressure=2.00e-07.csv
Depth averaged turbulent dissipation = 0.002650
Ratio = 2149206311.993774
107.00245141983032
Setting constant concentration for Diatoms @ 200
No initial condition for this pressure gradient --> using default!
Using initial condition from ../initial_condition/initial_condition-pressure=2.00e-07.csv
Depth averaged turbulent dissipation = 0.002650
Ratio = 794.261156
103.29329752922058
Setting constant concentration for Diatoms @ 200
No initial condition for this pressure gradient --> using default!
Using initial condition from ../initial_condition/initial_condition-pressure=2.00e-07.csv
Depth averaged turbulent dissipation = 0.002650
Ratio = 0.880539
79.54396295547485
Setting constant concentration for Diatoms @ 200
No initial condition for this pressure gradient --> using default!
Using initial condition from ../initial_condition/initial_condition-pressure=2.00e-07.csv
Depth averaged turbulent dissipation = 0.002650
Ratio = 0.721798
126.70297813415527
Setting constant concentration for Diatoms @ 200
No initial condition for this pressure gradient --> using default!
Using initial condition from ../initial_condition/initial_condition-pressure=2.00e-07.csv
Depth averaged turbulent dissipation = 0.002650
Ratio = 0.675512
132.02458333969116
Setting constant concentration for Diatoms @ 200
No initial condition for this pressure gradient --> using default!
Using initial condition from ../initial_condition/initial_condition-pressure=2.00e-07.csv
Depth averaged turbulent dissipation = 0.002650
Ratio = 4593.616749
72.0135109424591
Setting constant concentration for Diatoms @ 200
No initial condition for this pressure gradient --> using default!
Using initial condition from ../initial_condition/initial_condition-pressure=2.00e-07.csv
Depth averaged turbulent dissipation = 0.002650
Ratio = 94135260.178556
80.55457949638367
Setting constant concentration for Diatoms @ 200
No initial condition for this pressure gradient --> using default!
Using initial condition from ../initial_condition/initial_condition-pressure=2.00e-07.csv
Depth averaged turbulent dissipation = 0.002650
Ratio = 1.201983
74.0168809890747
Setting constant concentration for Diatoms @ 200
No initial condition for this pressure gradient --> using default!
Using initial condition from ../initial_condition/initial_condition-pressure=2.00e-07.csv
Depth averaged turbulent dissipation = 0.002650
Ratio = 878.131150
110.33513307571411
Setting constant concentration for Diatoms @ 200
No initial condition for this pressure gradient --> using default!
Using initial condition from ../initial_condition/initial_condition-pressure=2.00e-07.csv
Depth averaged turbulent dissipation = 0.002650
Ratio = 36714270.320604
75.53963017463684
Setting constant concentration for Diatoms @ 200
No initial condition for this pressure gradient --> using default!
Using initial condition from ../initial_condition/initial_condition-pressure=2.00e-07.csv
Depth averaged turbulent dissipation = 0.002650
Ratio = 1337.877511
78.495530128479
Setting constant concentration for Diatoms @ 200
No initial condition for this pressure gradient --> using default!
Using initial condition from ../initial_condition/initial_condition-pressure=2.00e-07.csv
Depth averaged turbulent dissipation = 0.002650
Ratio = 16.987437
131.81817364692688
Setting constant concentration for Diatoms @ 200
No initial condition for this pressure gradient --> using default!
Using initial condition from ../initial_condition/initial_condition-pressure=2.00e-07.csv
Depth averaged turbulent dissipation = 0.002650
Ratio = 0.884149
128.28323459625244
Setting constant concentration for Diatoms @ 200
No initial condition for this pressure gradient --> using default!
Using initial condition from ../initial_condition/initial_condition-pressure=2.00e-07.csv
Depth averaged turbulent dissipation = 0.002650
Ratio = 1434.236394
181.42125535011292
Setting constant concentration for Diatoms @ 200
No initial condition for this pressure gradient --> using default!
Using initial condition from ../initial_condition/initial_condition-pressure=2.00e-07.csv
Depth averaged turbulent dissipation = 0.002650
Ratio = 171.420517
112.19302153587341
Setting constant concentration for Diatoms @ 200
No initial condition for this pressure gradient --> using default!
Using initial condition from ../initial_condition/initial_condition-pressure=2.00e-07.csv
Depth averaged turbulent dissipation = 0.002650
Ratio = 250.857228
127.25225639343262
Setting constant concentration for Diatoms @ 200
No initial condition for this pressure gradient --> using default!
Using initial condition from ../initial_condition/initial_condition-pressure=2.00e-07.csv
Depth averaged turbulent dissipation = 0.002650
Ratio = 18.826616
140.51102137565613
Setting constant concentration for Diatoms @ 200
No initial condition for this pressure gradient --> using default!
Using initial condition from ../initial_condition/initial_condition-pressure=2.00e-07.csv
Depth averaged turbulent dissipation = 0.002650
Ratio = 2793.347751
75.66646099090576
Setting constant concentration for Diatoms @ 200
No initial condition for this pressure gradient --> using default!
Using initial condition from ../initial_condition/initial_condition-pressure=2.00e-07.csv
Depth averaged turbulent dissipation = 0.002650
Ratio = 114.537961
139.22485899925232
Setting constant concentration for Diatoms @ 200
No initial condition for this pressure gradient --> using default!
Using initial condition from ../initial_condition/initial_condition-pressure=2.00e-07.csv
Depth averaged turbulent dissipation = 0.002650
Ratio = 313.084020
485.67625665664673
Setting constant concentration for Diatoms @ 200
No initial condition for this pressure gradient --> using default!
Using initial condition from ../initial_condition/initial_condition-pressure=2.00e-07.csv
Depth averaged turbulent dissipation = 0.002650
Ratio = 627.994320
130.00457048416138
Setting constant concentration for Diatoms @ 200
No initial condition for this pressure gradient --> using default!
Using initial condition from ../initial_condition/initial_condition-pressure=2.00e-07.csv
Depth averaged turbulent dissipation = 0.002650
Ratio = 177465592.576222
83.1336121559143
Setting constant concentration for Diatoms @ 200
No initial condition for this pressure gradient --> using default!
Using initial condition from ../initial_condition/initial_condition-pressure=2.00e-07.csv
Depth averaged turbulent dissipation = 0.002650
Ratio = 25.737500
131.09889674186707
Setting constant concentration for Diatoms @ 200
No initial condition for this pressure gradient --> using default!
Using initial condition from ../initial_condition/initial_condition-pressure=2.00e-07.csv
Depth averaged turbulent dissipation = 0.002650
Ratio = 19811.500778
258.07073998451233
Setting constant concentration for Diatoms @ 200
No initial condition for this pressure gradient --> using default!
Using initial condition from ../initial_condition/initial_condition-pressure=2.00e-07.csv
Depth averaged turbulent dissipation = 0.002650
Ratio = 158921.762926
138.0828356742859
Setting constant concentration for Diatoms @ 200
No initial condition for this pressure gradient --> using default!
Using initial condition from ../initial_condition/initial_condition-pressure=2.00e-07.csv
Depth averaged turbulent dissipation = 0.002650
Ratio = 3496.333002
137.771014213562
Setting constant concentration for Diatoms @ 200
No initial condition for this pressure gradient --> using default!
Using initial condition from ../initial_condition/initial_condition-pressure=2.00e-07.csv
Depth averaged turbulent dissipation = 0.002650
Ratio = 153.566087
143.03607654571533
Setting constant concentration for Diatoms @ 200
No initial condition for this pressure gradient --> using default!
Using initial condition from ../initial_condition/initial_condition-pressure=2.00e-07.csv
Depth averaged turbulent dissipation = 0.002650
Ratio = 2.863789
86.5299437046051
Setting constant concentration for Diatoms @ 200
No initial condition for this pressure gradient --> using default!
Using initial condition from ../initial_condition/initial_condition-pressure=2.00e-07.csv
Depth averaged turbulent dissipation = 0.002650
Ratio = 272378252.602293
132.06814980506897
Setting constant concentration for Diatoms @ 200
No initial condition for this pressure gradient --> using default!
Using initial condition from ../initial_condition/initial_condition-pressure=2.00e-07.csv
Depth averaged turbulent dissipation = 0.002650
Ratio = 7.780483
153.01294827461243
Setting constant concentration for Diatoms @ 200
No initial condition for this pressure gradient --> using default!
Using initial condition from ../initial_condition/initial_condition-pressure=2.00e-07.csv
Depth averaged turbulent dissipation = 0.002650
Ratio = 2584.380518
484.92542719841003
Setting constant concentration for Diatoms @ 200
No initial condition for this pressure gradient --> using default!
Using initial condition from ../initial_condition/initial_condition-pressure=2.00e-07.csv
Depth averaged turbulent dissipation = 0.002650
Ratio = 0.652793
138.33688378334045
Setting constant concentration for Diatoms @ 200
No initial condition for this pressure gradient --> using default!
Using initial condition from ../initial_condition/initial_condition-pressure=2.00e-07.csv
Depth averaged turbulent dissipation = 0.002650
Ratio = 20.709210
121.58029055595398
Setting constant concentration for Diatoms @ 200
No initial condition for this pressure gradient --> using default!
Using initial condition from ../initial_condition/initial_condition-pressure=2.00e-07.csv
Depth averaged turbulent dissipation = 0.002650
Ratio = 66.463093
134.7081582546234
Setting constant concentration for Diatoms @ 200
No initial condition for this pressure gradient --> using default!
Using initial condition from ../initial_condition/initial_condition-pressure=2.00e-07.csv
Depth averaged turbulent dissipation = 0.002650
Ratio = 1882.001835
100.89030289649963
Setting constant concentration for Diatoms @ 200
No initial condition for this pressure gradient --> using default!
Using initial condition from ../initial_condition/initial_condition-pressure=2.00e-07.csv
Depth averaged turbulent dissipation = 0.002650
Ratio = 2.014686
83.48997235298157
Setting constant concentration for Diatoms @ 200
No initial condition for this pressure gradient --> using default!
Using initial condition from ../initial_condition/initial_condition-pressure=2.00e-07.csv
Depth averaged turbulent dissipation = 0.002650
Ratio = 1217451.235044
144.7116026878357
Setting constant concentration for Diatoms @ 200
No initial condition for this pressure gradient --> using default!
Using initial condition from ../initial_condition/initial_condition-pressure=2.00e-07.csv
Depth averaged turbulent dissipation = 0.002650
Ratio = 145547184.679895
121.8191909790039
Setting constant concentration for Diatoms @ 200
No initial condition for this pressure gradient --> using default!
Using initial condition from ../initial_condition/initial_condition-pressure=2.00e-07.csv
Depth averaged turbulent dissipation = 0.002650
Ratio = 439.752567
142.87921452522278
Setting constant concentration for Diatoms @ 200
No initial condition for this pressure gradient --> using default!
Using initial condition from ../initial_condition/initial_condition-pressure=2.00e-07.csv
Depth averaged turbulent dissipation = 0.002650
Ratio = 74.836619
151.49486255645752
Setting constant concentration for Diatoms @ 200
No initial condition for this pressure gradient --> using default!
Using initial condition from ../initial_condition/initial_condition-pressure=2.00e-07.csv
Depth averaged turbulent dissipation = 0.002650
Ratio = 2290.058168
495.0245780944824
Setting constant concentration for Diatoms @ 200
No initial condition for this pressure gradient --> using default!
Using initial condition from ../initial_condition/initial_condition-pressure=2.00e-07.csv
Depth averaged turbulent dissipation = 0.002650
Ratio = 5.671313
136.66462898254395
Setting constant concentration for Diatoms @ 200
No initial condition for this pressure gradient --> using default!
Using initial condition from ../initial_condition/initial_condition-pressure=2.00e-07.csv
Depth averaged turbulent dissipation = 0.002650
Ratio = 262273.201151
118.96205258369446
Setting constant concentration for Diatoms @ 200
No initial condition for this pressure gradient --> using default!
Using initial condition from ../initial_condition/initial_condition-pressure=2.00e-07.csv
Depth averaged turbulent dissipation = 0.002650
Ratio = 562.751083
86.21108031272888
Setting constant concentration for Diatoms @ 200
No initial condition for this pressure gradient --> using default!
Using initial condition from ../initial_condition/initial_condition-pressure=2.00e-07.csv
Depth averaged turbulent dissipation = 0.002650
Ratio = 43.114091
72.70106840133667
Setting constant concentration for Diatoms @ 200
No initial condition for this pressure gradient --> using default!
Using initial condition from ../initial_condition/initial_condition-pressure=2.00e-07.csv
Depth averaged turbulent dissipation = 0.002650
Ratio = 1235.126595
362.86558079719543
Setting constant concentration for Diatoms @ 200
No initial condition for this pressure gradient --> using default!
Using initial condition from ../initial_condition/initial_condition-pressure=2.00e-07.csv
Depth averaged turbulent dissipation = 0.002650
Ratio = 3.135484
117.8432457447052
Setting constant concentration for Diatoms @ 200
No initial condition for this pressure gradient --> using default!
Using initial condition from ../initial_condition/initial_condition-pressure=2.00e-07.csv
Depth averaged turbulent dissipation = 0.002650
Ratio = 18.382214
147.45700025558472
Setting constant concentration for Diatoms @ 200
No initial condition for this pressure gradient --> using default!
Using initial condition from ../initial_condition/initial_condition-pressure=2.00e-07.csv
Depth averaged turbulent dissipation = 0.002650
Ratio = 0.652763
317.8626012802124
Setting constant concentration for Diatoms @ 200
No initial condition for this pressure gradient --> using default!
Using initial condition from ../initial_condition/initial_condition-pressure=2.00e-07.csv
Depth averaged turbulent dissipation = 0.002650
Ratio = 81562186.920140
137.47892308235168
Setting constant concentration for Diatoms @ 200
No initial condition for this pressure gradient --> using default!
Using initial condition from ../initial_condition/initial_condition-pressure=2.00e-07.csv
Depth averaged turbulent dissipation = 0.002650
Ratio = 2817.605460
129.0797154903412
Setting constant concentration for Diatoms @ 200
No initial condition for this pressure gradient --> using default!
Using initial condition from ../initial_condition/initial_condition-pressure=2.00e-07.csv
Depth averaged turbulent dissipation = 0.002650
Ratio = 255.324240
92.80870795249939
Setting constant concentration for Diatoms @ 200
No initial condition for this pressure gradient --> using default!
Using initial condition from ../initial_condition/initial_condition-pressure=2.00e-07.csv
Depth averaged turbulent dissipation = 0.002650
Ratio = 1415.302193
114.19087338447571
Setting constant concentration for Diatoms @ 200
No initial condition for this pressure gradient --> using default!
Using initial condition from ../initial_condition/initial_condition-pressure=2.00e-07.csv
Depth averaged turbulent dissipation = 0.002650
Ratio = 154.356969
96.70223212242126
Setting constant concentration for Diatoms @ 200
No initial condition for this pressure gradient --> using default!
Using initial condition from ../initial_condition/initial_condition-pressure=2.00e-07.csv
Depth averaged turbulent dissipation = 0.002650
Ratio = 15129247.400498
150.23669958114624
Setting constant concentration for Diatoms @ 200
No initial condition for this pressure gradient --> using default!
Using initial condition from ../initial_condition/initial_condition-pressure=2.00e-07.csv
Depth averaged turbulent dissipation = 0.002650
Ratio = 1.536495
150.04064750671387
Setting constant concentration for Diatoms @ 200
No initial condition for this pressure gradient --> using default!
Using initial condition from ../initial_condition/initial_condition-pressure=2.00e-07.csv
Depth averaged turbulent dissipation = 0.002650
Ratio = 10642.341646
93.48729467391968
Setting constant concentration for Diatoms @ 200
No initial condition for this pressure gradient --> using default!
Using initial condition from ../initial_condition/initial_condition-pressure=2.00e-07.csv
Depth averaged turbulent dissipation = 0.002650
Ratio = 516993664.206115
274.5648670196533
Setting constant concentration for Diatoms @ 200
No initial condition for this pressure gradient --> using default!
Using initial condition from ../initial_condition/initial_condition-pressure=2.00e-07.csv
Depth averaged turbulent dissipation = 0.002650
Ratio = 396402840.985209
76.41473007202148
Setting constant concentration for Diatoms @ 200
No initial condition for this pressure gradient --> using default!
Using initial condition from ../initial_condition/initial_condition-pressure=2.00e-07.csv
Depth averaged turbulent dissipation = 0.002650
Ratio = 5.763635
103.83402371406555
Setting constant concentration for Diatoms @ 200
No initial condition for this pressure gradient --> using default!
Using initial condition from ../initial_condition/initial_condition-pressure=2.00e-07.csv
Depth averaged turbulent dissipation = 0.002650
Ratio = 16.933126
147.2913510799408
Setting constant concentration for Diatoms @ 200
No initial condition for this pressure gradient --> using default!
Using initial condition from ../initial_condition/initial_condition-pressure=2.00e-07.csv
Depth averaged turbulent dissipation = 0.002650
Ratio = 35.629028
148.4354269504547
Setting constant concentration for Diatoms @ 200
No initial condition for this pressure gradient --> using default!
Using initial condition from ../initial_condition/initial_condition-pressure=2.00e-07.csv
Depth averaged turbulent dissipation = 0.002650
Ratio = 163.531951
67.52600193023682
Setting constant concentration for Diatoms @ 200
No initial condition for this pressure gradient --> using default!
Using initial condition from ../initial_condition/initial_condition-pressure=2.00e-07.csv
Depth averaged turbulent dissipation = 0.002650
Ratio = 17.435206
77.46144008636475
Setting constant concentration for Diatoms @ 200
No initial condition for this pressure gradient --> using default!
Using initial condition from ../initial_condition/initial_condition-pressure=2.00e-07.csv
Depth averaged turbulent dissipation = 0.002650
Ratio = 1932.919119
146.50857543945312
Setting constant concentration for Diatoms @ 200
No initial condition for this pressure gradient --> using default!
Using initial condition from ../initial_condition/initial_condition-pressure=2.00e-07.csv
Depth averaged turbulent dissipation = 0.002650
Ratio = 18993.023608
91.77803111076355
Setting constant concentration for Diatoms @ 200
No initial condition for this pressure gradient --> using default!
Using initial condition from ../initial_condition/initial_condition-pressure=2.00e-07.csv
Depth averaged turbulent dissipation = 0.002650
Ratio = 7311.144615
277.1276013851166
Setting constant concentration for Diatoms @ 200
No initial condition for this pressure gradient --> using default!
Using initial condition from ../initial_condition/initial_condition-pressure=2.00e-07.csv
Depth averaged turbulent dissipation = 0.002650
Ratio = 9380608.383574
91.25827312469482
Setting constant concentration for Diatoms @ 200
No initial condition for this pressure gradient --> using default!
Using initial condition from ../initial_condition/initial_condition-pressure=2.00e-07.csv
Depth averaged turbulent dissipation = 0.002650
Ratio = 197.663773
144.69762182235718
Setting constant concentration for Diatoms @ 200
No initial condition for this pressure gradient --> using default!
Using initial condition from ../initial_condition/initial_condition-pressure=2.00e-07.csv
Depth averaged turbulent dissipation = 0.002650
Ratio = 9638.404767
144.87293672561646
Setting constant concentration for Diatoms @ 200
No initial condition for this pressure gradient --> using default!
Using initial condition from ../initial_condition/initial_condition-pressure=2.00e-07.csv
Depth averaged turbulent dissipation = 0.002650
Ratio = 53.542767
164.8480625152588
Setting constant concentration for Diatoms @ 200
No initial condition for this pressure gradient --> using default!
Using initial condition from ../initial_condition/initial_condition-pressure=2.00e-07.csv
Depth averaged turbulent dissipation = 0.002650
Ratio = 2.247681
136.41327333450317
Setting constant concentration for Diatoms @ 200
No initial condition for this pressure gradient --> using default!
Using initial condition from ../initial_condition/initial_condition-pressure=2.00e-07.csv
Depth averaged turbulent dissipation = 0.002650
Ratio = 663.677105
521.7141349315643
Setting constant concentration for Diatoms @ 200
No initial condition for this pressure gradient --> using default!
Using initial condition from ../initial_condition/initial_condition-pressure=2.00e-07.csv
Depth averaged turbulent dissipation = 0.002650
Ratio = 2.389753
104.79042172431946
Setting constant concentration for Diatoms @ 200
No initial condition for this pressure gradient --> using default!
Using initial condition from ../initial_condition/initial_condition-pressure=2.00e-07.csv
Depth averaged turbulent dissipation = 0.002650
Ratio = 46.361914
147.5488886833191
Setting constant concentration for Diatoms @ 200
No initial condition for this pressure gradient --> using default!
Using initial condition from ../initial_condition/initial_condition-pressure=2.00e-07.csv
Depth averaged turbulent dissipation = 0.002650
Ratio = 26.172142
146.58824849128723
Setting constant concentration for Diatoms @ 200
No initial condition for this pressure gradient --> using default!
Using initial condition from ../initial_condition/initial_condition-pressure=2.00e-07.csv
Depth averaged turbulent dissipation = 0.002650
Ratio = 2533479274.974108
133.69202136993408
Setting constant concentration for Diatoms @ 200
No initial condition for this pressure gradient --> using default!
Using initial condition from ../initial_condition/initial_condition-pressure=2.00e-07.csv
Depth averaged turbulent dissipation = 0.002650
Ratio = 104.324870
98.05152130126953
Setting constant concentration for Diatoms @ 200
No initial condition for this pressure gradient --> using default!
Using initial condition from ../initial_condition/initial_condition-pressure=2.00e-07.csv
Depth averaged turbulent dissipation = 0.002650
Ratio = 8.345380
151.97084093093872
Setting constant concentration for Diatoms @ 200
No initial condition for this pressure gradient --> using default!
Using initial condition from ../initial_condition/initial_condition-pressure=2.00e-07.csv
Depth averaged turbulent dissipation = 0.002650
Ratio = 1164089.719660
447.0465638637543
Setting constant concentration for Diatoms @ 200
No initial condition for this pressure gradient --> using default!
Using initial condition from ../initial_condition/initial_condition-pressure=2.00e-07.csv
Depth averaged turbulent dissipation = 0.002650
Ratio = 378.136602
58.91927671432495
Setting constant concentration for Diatoms @ 200
No initial condition for this pressure gradient --> using default!
Using initial condition from ../initial_condition/initial_condition-pressure=2.00e-07.csv
Depth averaged turbulent dissipation = 0.002650
Ratio = 141.858752
99.25844883918762
Setting constant concentration for Diatoms @ 200
No initial condition for this pressure gradient --> using default!
Using initial condition from ../initial_condition/initial_condition-pressure=2.00e-07.csv
Depth averaged turbulent dissipation = 0.002650
Ratio = 3.383160
130.92442774772644
Setting constant concentration for Diatoms @ 200
No initial condition for this pressure gradient --> using default!
Using initial condition from ../initial_condition/initial_condition-pressure=2.00e-07.csv
Depth averaged turbulent dissipation = 0.002650
Ratio = 0.652768
135.41409015655518
Setting constant concentration for Diatoms @ 200
No initial condition for this pressure gradient --> using default!
Using initial condition from ../initial_condition/initial_condition-pressure=2.00e-07.csv
Depth averaged turbulent dissipation = 0.002650
Ratio = 213.240572
94.21127080917358
Setting constant concentration for Diatoms @ 200
No initial condition for this pressure gradient --> using default!
Using initial condition from ../initial_condition/initial_condition-pressure=2.00e-07.csv
Depth averaged turbulent dissipation = 0.002650
Ratio = 2.676414
155.8220202922821
Setting constant concentration for Diatoms @ 200
No initial condition for this pressure gradient --> using default!
Using initial condition from ../initial_condition/initial_condition-pressure=2.00e-07.csv
Depth averaged turbulent dissipation = 0.002650
Ratio = 13076105.561436
372.23641562461853
Setting constant concentration for Diatoms @ 200
No initial condition for this pressure gradient --> using default!
Using initial condition from ../initial_condition/initial_condition-pressure=2.00e-07.csv
Depth averaged turbulent dissipation = 0.002650
Ratio = 9159971.694384
285.3576240539551
Setting constant concentration for Diatoms @ 200
No initial condition for this pressure gradient --> using default!
Using initial condition from ../initial_condition/initial_condition-pressure=2.00e-07.csv
Depth averaged turbulent dissipation = 0.002650
Ratio = 1.198711
137.5087115764618
Setting constant concentration for Diatoms @ 200
No initial condition for this pressure gradient --> using default!
Using initial condition from ../initial_condition/initial_condition-pressure=2.00e-07.csv
Depth averaged turbulent dissipation = 0.002650
Ratio = 15641.583134
300.4999463558197
Setting constant concentration for Diatoms @ 200
No initial condition for this pressure gradient --> using default!
Using initial condition from ../initial_condition/initial_condition-pressure=2.00e-07.csv
Depth averaged turbulent dissipation = 0.002650
Ratio = 355841.090866
104.06343078613281
Setting constant concentration for Diatoms @ 200
No initial condition for this pressure gradient --> using default!
Using initial condition from ../initial_condition/initial_condition-pressure=2.00e-07.csv
Depth averaged turbulent dissipation = 0.002650
Ratio = 245799.273649
104.34460473060608
Setting constant concentration for Diatoms @ 200
No initial condition for this pressure gradient --> using default!
Using initial condition from ../initial_condition/initial_condition-pressure=2.00e-07.csv
Depth averaged turbulent dissipation = 0.002650
Ratio = 168629.108867
153.23538517951965
Setting constant concentration for Diatoms @ 200
No initial condition for this pressure gradient --> using default!
Using initial condition from ../initial_condition/initial_condition-pressure=2.00e-07.csv
Depth averaged turbulent dissipation = 0.002650
Ratio = 0.690619
169.26564145088196
Setting constant concentration for Diatoms @ 200
No initial condition for this pressure gradient --> using default!
Using initial condition from ../initial_condition/initial_condition-pressure=2.00e-07.csv
Depth averaged turbulent dissipation = 0.002650
Ratio = 268000.677224
163.96221256256104
Setting constant concentration for Diatoms @ 200
No initial condition for this pressure gradient --> using default!
Using initial condition from ../initial_condition/initial_condition-pressure=2.00e-07.csv
Depth averaged turbulent dissipation = 0.002650
Ratio = 1186.394712
108.23090863227844
Setting constant concentration for Diatoms @ 200
No initial condition for this pressure gradient --> using default!
Using initial condition from ../initial_condition/initial_condition-pressure=2.00e-07.csv
Depth averaged turbulent dissipation = 0.002650
Ratio = 77.854421
106.01610565185547
Setting constant concentration for Diatoms @ 200
No initial condition for this pressure gradient --> using default!
Using initial condition from ../initial_condition/initial_condition-pressure=2.00e-07.csv
Depth averaged turbulent dissipation = 0.002650
Ratio = 52.848601
109.64929580688477
Setting constant concentration for Diatoms @ 200
No initial condition for this pressure gradient --> using default!
Using initial condition from ../initial_condition/initial_condition-pressure=2.00e-07.csv
Depth averaged turbulent dissipation = 0.002650
Ratio = 5486442.294695
58.79490542411804
Setting constant concentration for Diatoms @ 200
No initial condition for this pressure gradient --> using default!
Using initial condition from ../initial_condition/initial_condition-pressure=2.00e-07.csv
Depth averaged turbulent dissipation = 0.002650
Ratio = 1399670.055792
65.58300137519836
Setting constant concentration for Diatoms @ 200
No initial condition for this pressure gradient --> using default!
Using initial condition from ../initial_condition/initial_condition-pressure=2.00e-07.csv
Depth averaged turbulent dissipation = 0.002650
Ratio = 9.472569
58.58135223388672
Setting constant concentration for Diatoms @ 200
No initial condition for this pressure gradient --> using default!
Using initial condition from ../initial_condition/initial_condition-pressure=2.00e-07.csv
Depth averaged turbulent dissipation = 0.002650
Ratio = 1.253242
65.16575908660889
Setting constant concentration for Diatoms @ 200
No initial condition for this pressure gradient --> using default!
Using initial condition from ../initial_condition/initial_condition-pressure=2.00e-07.csv
Depth averaged turbulent dissipation = 0.002650
Ratio = 18.120319
292.38330149650574
Setting constant concentration for Diatoms @ 200
No initial condition for this pressure gradient --> using default!
Using initial condition from ../initial_condition/initial_condition-pressure=2.00e-07.csv
Depth averaged turbulent dissipation = 0.002650
Ratio = 16.143592
143.543208360672
Setting constant concentration for Diatoms @ 200
No initial condition for this pressure gradient --> using default!
Using initial condition from ../initial_condition/initial_condition-pressure=2.00e-07.csv
Depth averaged turbulent dissipation = 0.002650
Ratio = 4.247151
58.134796380996704
Setting constant concentration for Diatoms @ 200
No initial condition for this pressure gradient --> using default!
Using initial condition from ../initial_condition/initial_condition-pressure=2.00e-07.csv
Depth averaged turbulent dissipation = 0.002650
Ratio = 236.921894
88.09527707099915
Setting constant concentration for Diatoms @ 200
No initial condition for this pressure gradient --> using default!
Using initial condition from ../initial_condition/initial_condition-pressure=2.00e-07.csv
Depth averaged turbulent dissipation = 0.002650
Ratio = 81724212.963036
62.11054015159607
Setting constant concentration for Diatoms @ 200
No initial condition for this pressure gradient --> using default!
Using initial condition from ../initial_condition/initial_condition-pressure=2.00e-07.csv
Depth averaged turbulent dissipation = 0.002650
Ratio = 24.395011
180.74336767196655
Setting constant concentration for Diatoms @ 200
No initial condition for this pressure gradient --> using default!
Using initial condition from ../initial_condition/initial_condition-pressure=2.00e-07.csv
Depth averaged turbulent dissipation = 0.002650
Ratio = 6.042492
60.659159660339355
Setting constant concentration for Diatoms @ 200
No initial condition for this pressure gradient --> using default!
Using initial condition from ../initial_condition/initial_condition-pressure=2.00e-07.csv
Depth averaged turbulent dissipation = 0.002650
Ratio = 1064147.047472
176.31955456733704
Setting constant concentration for Diatoms @ 200
No initial condition for this pressure gradient --> using default!
Using initial condition from ../initial_condition/initial_condition-pressure=2.00e-07.csv
Depth averaged turbulent dissipation = 0.002650
Ratio = 0.548338
57.64812636375427
Setting constant concentration for Diatoms @ 200
No initial condition for this pressure gradient --> using default!
Using initial condition from ../initial_condition/initial_condition-pressure=2.00e-07.csv
Depth averaged turbulent dissipation = 0.002650
Ratio = 122.961018
167.71967768669128
Setting constant concentration for Diatoms @ 200
No initial condition for this pressure gradient --> using default!
Using initial condition from ../initial_condition/initial_condition-pressure=2.00e-07.csv
Depth averaged turbulent dissipation = 0.002650
Ratio = 5.857386
121.4775390625
Setting constant concentration for Diatoms @ 200
No initial condition for this pressure gradient --> using default!
Using initial condition from ../initial_condition/initial_condition-pressure=2.00e-07.csv
Depth averaged turbulent dissipation = 0.002650
Ratio = 2.995557
189.04851746559143
Setting constant concentration for Diatoms @ 200
No initial condition for this pressure gradient --> using default!
Using initial condition from ../initial_condition/initial_condition-pressure=2.00e-07.csv
Depth averaged turbulent dissipation = 0.002650
Ratio = 45.568020
63.79586338996887
Setting constant concentration for Diatoms @ 200
No initial condition for this pressure gradient --> using default!
Using initial condition from ../initial_condition/initial_condition-pressure=2.00e-07.csv
Depth averaged turbulent dissipation = 0.002650
Ratio = 52821600.548359
58.58105492591858
Setting constant concentration for Diatoms @ 200
No initial condition for this pressure gradient --> using default!
Using initial condition from ../initial_condition/initial_condition-pressure=2.00e-07.csv
Depth averaged turbulent dissipation = 0.002650
Ratio = 128438580.625116
124.17796754837036
Setting constant concentration for Diatoms @ 200
No initial condition for this pressure gradient --> using default!
Using initial condition from ../initial_condition/initial_condition-pressure=2.00e-07.csv
Depth averaged turbulent dissipation = 0.002650
Ratio = 6.049260
58.41031098365784
Setting constant concentration for Diatoms @ 200
No initial condition for this pressure gradient --> using default!
Using initial condition from ../initial_condition/initial_condition-pressure=2.00e-07.csv
Depth averaged turbulent dissipation = 0.002650
Ratio = 1110449795.893942
59.865802526474
Setting constant concentration for Diatoms @ 200
No initial condition for this pressure gradient --> using default!
Using initial condition from ../initial_condition/initial_condition-pressure=2.00e-07.csv
Depth averaged turbulent dissipation = 0.002650
Ratio = 3.863818
567.8775072097778
Setting constant concentration for Diatoms @ 200
No initial condition for this pressure gradient --> using default!
Using initial condition from ../initial_condition/initial_condition-pressure=2.00e-07.csv
Depth averaged turbulent dissipation = 0.002650
Ratio = 868.846856
238.36272478103638
Setting constant concentration for Diatoms @ 200
No initial condition for this pressure gradient --> using default!
Using initial condition from ../initial_condition/initial_condition-pressure=2.00e-07.csv
Depth averaged turbulent dissipation = 0.002650
Ratio = 21.361190
307.59374237060547
Setting constant concentration for Diatoms @ 200
No initial condition for this pressure gradient --> using default!
Using initial condition from ../initial_condition/initial_condition-pressure=2.00e-07.csv
Depth averaged turbulent dissipation = 0.002650
Ratio = 41610.965280
58.12651348114014
Setting constant concentration for Diatoms @ 200
No initial condition for this pressure gradient --> using default!
Using initial condition from ../initial_condition/initial_condition-pressure=2.00e-07.csv
Depth averaged turbulent dissipation = 0.002650
Ratio = 102947.326447
193.31689500808716
Setting constant concentration for Diatoms @ 200
No initial condition for this pressure gradient --> using default!
Using initial condition from ../initial_condition/initial_condition-pressure=2.00e-07.csv
Depth averaged turbulent dissipation = 0.002650
Ratio = 5454.278349
154.80268716812134
Setting constant concentration for Diatoms @ 200
No initial condition for this pressure gradient --> using default!
Using initial condition from ../initial_condition/initial_condition-pressure=2.00e-07.csv
Depth averaged turbulent dissipation = 0.002650
Ratio = 35.207479
77.04079747200012
Setting constant concentration for Diatoms @ 200
No initial condition for this pressure gradient --> using default!
Using initial condition from ../initial_condition/initial_condition-pressure=2.00e-07.csv
Depth averaged turbulent dissipation = 0.002650
Ratio = 171.812429
67.87988996505737
Setting constant concentration for Diatoms @ 200
No initial condition for this pressure gradient --> using default!
Using initial condition from ../initial_condition/initial_condition-pressure=2.00e-07.csv
Depth averaged turbulent dissipation = 0.002650
Ratio = 6667964.624889
224.5774245262146
Setting constant concentration for Diatoms @ 200
No initial condition for this pressure gradient --> using default!
Using initial condition from ../initial_condition/initial_condition-pressure=2.00e-07.csv
Depth averaged turbulent dissipation = 0.002650
Ratio = 1.270247
59.24900197982788
Setting constant concentration for Diatoms @ 200
No initial condition for this pressure gradient --> using default!
Using initial condition from ../initial_condition/initial_condition-pressure=2.00e-07.csv
Depth averaged turbulent dissipation = 0.002650
Ratio = 435.355401
68.5221848487854
Setting constant concentration for Diatoms @ 200
No initial condition for this pressure gradient --> using default!
Using initial condition from ../initial_condition/initial_condition-pressure=2.00e-07.csv
Depth averaged turbulent dissipation = 0.002650
Ratio = 562.108662
65.74486184120178
Setting constant concentration for Diatoms @ 200
No initial condition for this pressure gradient --> using default!
Using initial condition from ../initial_condition/initial_condition-pressure=2.00e-07.csv
Depth averaged turbulent dissipation = 0.002650
Ratio = 727.544529
64.98364591598511
Setting constant concentration for Diatoms @ 200
No initial condition for this pressure gradient --> using default!
Using initial condition from ../initial_condition/initial_condition-pressure=2.00e-07.csv
Depth averaged turbulent dissipation = 0.002650
Ratio = 458.084648
66.35971689224243
Setting constant concentration for Diatoms @ 200
No initial condition for this pressure gradient --> using default!
Using initial condition from ../initial_condition/initial_condition-pressure=2.00e-07.csv
Depth averaged turbulent dissipation = 0.002650
Ratio = 170.645245
87.11875534057617
Setting constant concentration for Diatoms @ 200
No initial condition for this pressure gradient --> using default!
Using initial condition from ../initial_condition/initial_condition-pressure=2.00e-07.csv
Depth averaged turbulent dissipation = 0.002650
Ratio = 294035119.595316
77.92243337631226
Setting constant concentration for Diatoms @ 200
No initial condition for this pressure gradient --> using default!
Using initial condition from ../initial_condition/initial_condition-pressure=2.00e-07.csv
Depth averaged turbulent dissipation = 0.002650
Ratio = 9.519278
71.85590267181396
Setting constant concentration for Diatoms @ 200
No initial condition for this pressure gradient --> using default!
Using initial condition from ../initial_condition/initial_condition-pressure=2.00e-07.csv
Depth averaged turbulent dissipation = 0.002650
Ratio = 1431.330011
84.9120786190033
Setting constant concentration for Diatoms @ 200
No initial condition for this pressure gradient --> using default!
Using initial condition from ../initial_condition/initial_condition-pressure=2.00e-07.csv
Depth averaged turbulent dissipation = 0.002650
Ratio = 3.495339
71.6028802394867
Setting constant concentration for Diatoms @ 200
No initial condition for this pressure gradient --> using default!
Using initial condition from ../initial_condition/initial_condition-pressure=2.00e-07.csv
Depth averaged turbulent dissipation = 0.002650
Ratio = 231.127553
67.08197212219238
Setting constant concentration for Diatoms @ 200
No initial condition for this pressure gradient --> using default!
Using initial condition from ../initial_condition/initial_condition-pressure=2.00e-07.csv
Depth averaged turbulent dissipation = 0.002650
Ratio = 49886.740631
168.20387959480286
Setting constant concentration for Diatoms @ 200
No initial condition for this pressure gradient --> using default!
Using initial condition from ../initial_condition/initial_condition-pressure=2.00e-07.csv
Depth averaged turbulent dissipation = 0.002650
Ratio = 1138274.613182
370.2365548610687
Setting constant concentration for Diatoms @ 200
No initial condition for this pressure gradient --> using default!
Using initial condition from ../initial_condition/initial_condition-pressure=2.00e-07.csv
Depth averaged turbulent dissipation = 0.002650
Ratio = 26.928641
60.27321934700012
Setting constant concentration for Diatoms @ 200
No initial condition for this pressure gradient --> using default!
Using initial condition from ../initial_condition/initial_condition-pressure=2.00e-07.csv
Depth averaged turbulent dissipation = 0.002650
Ratio = 1.551904
58.842026472091675
Setting constant concentration for Diatoms @ 200
No initial condition for this pressure gradient --> using default!
Using initial condition from ../initial_condition/initial_condition-pressure=2.00e-07.csv
Depth averaged turbulent dissipation = 0.002650
Ratio = 31.245018
71.79467511177063
Setting constant concentration for Diatoms @ 200
No initial condition for this pressure gradient --> using default!
Using initial condition from ../initial_condition/initial_condition-pressure=2.00e-07.csv
Depth averaged turbulent dissipation = 0.002650
Ratio = 2150.668506
69.27032709121704
Setting constant concentration for Diatoms @ 200
No initial condition for this pressure gradient --> using default!
Using initial condition from ../initial_condition/initial_condition-pressure=2.00e-07.csv
Depth averaged turbulent dissipation = 0.002650
Ratio = 84667429.275219
75.79864072799683
Setting constant concentration for Diatoms @ 200
No initial condition for this pressure gradient --> using default!
Using initial condition from ../initial_condition/initial_condition-pressure=2.00e-07.csv
Depth averaged turbulent dissipation = 0.002650
Ratio = 252292926.158405
58.772937297821045
Setting constant concentration for Diatoms @ 200
No initial condition for this pressure gradient --> using default!
Using initial condition from ../initial_condition/initial_condition-pressure=2.00e-07.csv
Depth averaged turbulent dissipation = 0.002650
Ratio = 1250.677445
57.323326110839844
Setting constant concentration for Diatoms @ 200
No initial condition for this pressure gradient --> using default!
Using initial condition from ../initial_condition/initial_condition-pressure=2.00e-07.csv
Depth averaged turbulent dissipation = 0.002650
Ratio = 5159.697076
58.49283146858215
Setting constant concentration for Diatoms @ 200
No initial condition for this pressure gradient --> using default!
Using initial condition from ../initial_condition/initial_condition-pressure=2.00e-07.csv
Depth averaged turbulent dissipation = 0.002650
Ratio = 1979.273854
91.36826777458191
Setting constant concentration for Diatoms @ 200
No initial condition for this pressure gradient --> using default!
Using initial condition from ../initial_condition/initial_condition-pressure=2.00e-07.csv
Depth averaged turbulent dissipation = 0.002650
Ratio = 3.473666
248.27046394348145
Setting constant concentration for Diatoms @ 200
No initial condition for this pressure gradient --> using default!
Using initial condition from ../initial_condition/initial_condition-pressure=2.00e-07.csv
Depth averaged turbulent dissipation = 0.002650
Ratio = 551.798473
65.88260746002197
Setting constant concentration for Diatoms @ 200
No initial condition for this pressure gradient --> using default!
Using initial condition from ../initial_condition/initial_condition-pressure=2.00e-07.csv
Depth averaged turbulent dissipation = 0.002650
Ratio = 253.080403
78.78487181663513
Setting constant concentration for Diatoms @ 200
No initial condition for this pressure gradient --> using default!
Using initial condition from ../initial_condition/initial_condition-pressure=2.00e-07.csv
Depth averaged turbulent dissipation = 0.002650
Ratio = 1439.285798
95.4625301361084
Setting constant concentration for Diatoms @ 200
No initial condition for this pressure gradient --> using default!
Using initial condition from ../initial_condition/initial_condition-pressure=2.00e-07.csv
Depth averaged turbulent dissipation = 0.002650
Ratio = 0.652808
60.31111025810242
Setting constant concentration for Diatoms @ 200
No initial condition for this pressure gradient --> using default!
Using initial condition from ../initial_condition/initial_condition-pressure=2.00e-07.csv
Depth averaged turbulent dissipation = 0.002650
Ratio = 141570.310786
88.28354120254517
Setting constant concentration for Diatoms @ 200
No initial condition for this pressure gradient --> using default!
Using initial condition from ../initial_condition/initial_condition-pressure=2.00e-07.csv
Depth averaged turbulent dissipation = 0.002650
Ratio = 3.900075
61.69126534461975
Setting constant concentration for Diatoms @ 200
No initial condition for this pressure gradient --> using default!
Using initial condition from ../initial_condition/initial_condition-pressure=2.00e-07.csv
Depth averaged turbulent dissipation = 0.002650
Ratio = 0.980667
71.77073788642883
Setting constant concentration for Diatoms @ 200
No initial condition for this pressure gradient --> using default!
Using initial condition from ../initial_condition/initial_condition-pressure=2.00e-07.csv
Depth averaged turbulent dissipation = 0.002650
Ratio = 193.430331
81.22042655944824
Setting constant concentration for Diatoms @ 200
No initial condition for this pressure gradient --> using default!
Using initial condition from ../initial_condition/initial_condition-pressure=2.00e-07.csv
Depth averaged turbulent dissipation = 0.002650
Ratio = 2851.152262
100.73472952842712
Setting constant concentration for Diatoms @ 200
No initial condition for this pressure gradient --> using default!
Using initial condition from ../initial_condition/initial_condition-pressure=2.00e-07.csv
Depth averaged turbulent dissipation = 0.002650
Ratio = 4656.062799
80.39538645744324
Setting constant concentration for Diatoms @ 200
No initial condition for this pressure gradient --> using default!
Using initial condition from ../initial_condition/initial_condition-pressure=2.00e-07.csv
Depth averaged turbulent dissipation = 0.002650
Ratio = 1.546272
58.377108097076416
Setting constant concentration for Diatoms @ 200
No initial condition for this pressure gradient --> using default!
Using initial condition from ../initial_condition/initial_condition-pressure=2.00e-07.csv
Depth averaged turbulent dissipation = 0.002650
Ratio = 1212.230043
244.62527465820312
Setting constant concentration for Diatoms @ 200
No initial condition for this pressure gradient --> using default!
Using initial condition from ../initial_condition/initial_condition-pressure=2.00e-07.csv
Depth averaged turbulent dissipation = 0.002650
Ratio = 106.925306
58.21695041656494
Setting constant concentration for Diatoms @ 200
No initial condition for this pressure gradient --> using default!
Using initial condition from ../initial_condition/initial_condition-pressure=2.00e-07.csv
Depth averaged turbulent dissipation = 0.002650
Ratio = 3.806698
82.96635556221008
Setting constant concentration for Diatoms @ 200
No initial condition for this pressure gradient --> using default!
Using initial condition from ../initial_condition/initial_condition-pressure=2.00e-07.csv
Depth averaged turbulent dissipation = 0.002650
Ratio = 4.497627
200.20174598693848
Setting constant concentration for Diatoms @ 200
No initial condition for this pressure gradient --> using default!
Using initial condition from ../initial_condition/initial_condition-pressure=2.00e-07.csv
Depth averaged turbulent dissipation = 0.002650
Ratio = 58965.075929
76.78717684745789
Setting constant concentration for Diatoms @ 200
No initial condition for this pressure gradient --> using default!
Using initial condition from ../initial_condition/initial_condition-pressure=2.00e-07.csv
Depth averaged turbulent dissipation = 0.002650
Ratio = 127340.783681
67.7705979347229
Setting constant concentration for Diatoms @ 200
No initial condition for this pressure gradient --> using default!
Using initial condition from ../initial_condition/initial_condition-pressure=2.00e-07.csv
Depth averaged turbulent dissipation = 0.002650
Ratio = 0.883746
163.18108558654785
